{"type":"FeatureCollection","features":[{"type":"Feature","geometry":{"coordinates":[[[2.518722,51.080792],[2.510525,51.078366],[2.51089,51.077759],[2.508894,51.077274],[2.507907,51.076991],[2.508229,51.076478],[2.50825,51.075669],[2.508336,51.075265],[2.507521,51.07478],[2.506212,51.074861],[2.505869,51.074699],[2.505504,51.074672],[2.505418,51.074456],[2.505182,51.074429],[2.505354,51.073998],[2.505032,51.073661],[2.504817,51.07304],[2.505268,51.072353],[2.505912,51.072312],[2.506126,51.071989],[2.506577,51.071894],[2.506984,51.072151],[2.507542,51.072326],[2.508293,51.072717],[2.509044,51.072933],[2.509366,51.072865],[2.509924,51.072879],[2.510074,51.072717],[2.51001,51.072447],[2.509752,51.072299],[2.50971,51.072164],[2.509452,51.07207],[2.509109,51.071706],[2.509259,51.071342],[2.509237,51.070856],[2.508358,51.070667],[2.507971,51.070411],[2.507392,51.070425],[2.507263,51.070303],[2.507435,51.070115],[2.506748,51.069939],[2.506748,51.069764],[2.505912,51.069548],[2.505568,51.069602],[2.505032,51.069333],[2.504452,51.069198],[2.504238,51.069076],[2.503852,51.06913],[2.503272,51.068834],[2.503058,51.068834],[2.502822,51.068712],[2.502071,51.068685],[2.501641,51.068537],[2.50089,51.068483],[2.500225,51.068308],[2.498337,51.068011],[2.49868,51.067445],[2.498831,51.066879],[2.498358,51.06673],[2.497586,51.066744],[2.49662,51.066447],[2.49617,51.066488],[2.494303,51.066231],[2.494003,51.066447],[2.493724,51.066919],[2.492565,51.066501],[2.491299,51.066191],[2.489282,51.065584],[2.488445,51.065233],[2.488853,51.06491],[2.488445,51.064721],[2.486986,51.064384],[2.485741,51.063979],[2.482823,51.063184],[2.482201,51.063062],[2.482458,51.062644],[2.48042,51.062159],[2.479476,51.061768],[2.478145,51.061026],[2.477716,51.060905],[2.477652,51.060783],[2.476579,51.06081],[2.476321,51.060541],[2.47615,51.060176],[2.475849,51.060068],[2.475485,51.060082],[2.475249,51.059988],[2.475013,51.060095],[2.474605,51.060163],[2.47439,51.060365],[2.474304,51.060648],[2.473897,51.060851],[2.473596,51.061323],[2.473468,51.061646],[2.47306,51.061943],[2.473146,51.062388],[2.473468,51.062617],[2.473553,51.062968],[2.47394,51.063184],[2.472953,51.064748],[2.472588,51.064829],[2.472588,51.064829],[2.472108,51.065445],[2.472365,51.065876],[2.472129,51.066132],[2.472215,51.066483],[2.471872,51.066753],[2.471872,51.067036],[2.472086,51.067117],[2.472237,51.067292],[2.472086,51.067764],[2.471679,51.067926],[2.461486,51.065283],[2.460843,51.064986],[2.458997,51.064703],[2.455543,51.063584],[2.454105,51.063274],[2.452989,51.062828],[2.451187,51.062478],[2.448891,51.062437],[2.446037,51.061534],[2.445286,51.061183],[2.443655,51.060752],[2.442754,51.060698],[2.440737,51.060199],[2.440908,51.059862],[2.423871,51.055586],[2.422798,51.055613],[2.413636,51.053711],[2.413614,51.05359],[2.410932,51.053077],[2.402242,51.051405],[2.400611,51.051162],[2.399345,51.051027],[2.389689,51.049732],[2.389496,51.049611],[2.387414,51.049368],[2.387157,51.049409],[2.38117,51.048505],[2.378289,51.048022],[2.379434,51.047575],[2.380444,51.047589],[2.380897,51.047458],[2.381298,51.047173],[2.381254,51.047063],[2.381578,51.04698],[2.38087,51.046306],[2.381395,51.044921],[2.381728,51.044323],[2.382522,51.043675],[2.381943,51.043324],[2.381471,51.042852],[2.380806,51.041611],[2.380527,51.041395],[2.380591,51.040694],[2.379518,51.040559],[2.378939,51.040262],[2.378209,51.039601],[2.376063,51.040275],[2.375589,51.039873],[2.375049,51.039496],[2.373267,51.038803],[2.370764,51.036739],[2.370584,51.036625],[2.371024,51.036221],[2.372094,51.035606],[2.37257,51.035556],[2.371671,51.032865],[2.37142,51.032624],[2.370564,51.032445],[2.368942,51.032294],[2.368962,51.031061],[2.369323,51.03062],[2.369483,51.030418],[2.369478,51.030268],[2.370244,51.030391],[2.370389,51.029967],[2.371042,51.030122],[2.371184,51.030219],[2.371134,51.030025],[2.372502,51.030308],[2.375009,51.030758],[2.375049,51.030167],[2.375449,51.030204],[2.37617,51.029864],[2.37661,51.029449],[2.377852,51.029487],[2.378372,51.029663],[2.381535,51.029726],[2.381535,51.029499],[2.382556,51.02955],[2.382416,51.028706],[2.383012,51.028488],[2.382843,51.028159],[2.385814,51.02736],[2.388943,51.026578],[2.389884,51.026414],[2.390425,51.026162],[2.391766,51.024991],[2.393708,51.021314],[2.394869,51.018858],[2.395069,51.018295],[2.395135,51.017813],[2.395088,51.017725],[2.395378,51.017243],[2.395462,51.016897],[2.395247,51.016479],[2.394733,51.016268],[2.393332,51.015921],[2.38708,51.014794],[2.387767,51.013674],[2.386672,51.013404],[2.387381,51.012594],[2.387316,51.012418],[2.387745,51.01173],[2.387359,51.011595],[2.388196,51.011352],[2.388561,51.010987],[2.389891,51.008827],[2.38987,51.008044],[2.390106,51.007369],[2.392144,51.007355],[2.394183,51.007477],[2.395234,51.007315],[2.395792,51.006721],[2.395449,51.005438],[2.39517,51.004749],[2.395062,51.003818],[2.395341,51.003615],[2.395256,51.00321],[2.395663,51.002724],[2.396092,51.002359],[2.39635,51.001833],[2.396994,51.001482],[2.397316,51.000604],[2.397702,51.000631],[2.398174,51.000401],[2.398732,51.000442],[2.399569,51.000645],[2.40047,51.000726],[2.401028,51.000564],[2.401242,51.000145],[2.402422,51.000172],[2.403796,50.999173],[2.404289,50.999092],[2.406349,50.999875],[2.406671,50.999875],[2.40768,50.998335],[2.407165,50.996728],[2.40768,50.996553],[2.407658,50.996391],[2.407722,50.99554],[2.407465,50.99427],[2.407658,50.994081],[2.408624,50.994054],[2.409182,50.993811],[2.409525,50.993838],[2.409976,50.993663],[2.410147,50.993244],[2.41034,50.992974],[2.410104,50.992893],[2.409997,50.992488],[2.409718,50.992177],[2.410233,50.992055],[2.410576,50.991583],[2.411113,50.991407],[2.411542,50.99134],[2.41225,50.990246],[2.41195,50.989881],[2.41107,50.989705],[2.410769,50.989098],[2.411091,50.989003],[2.411113,50.988679],[2.41137,50.988503],[2.41137,50.987922],[2.411778,50.987342],[2.411907,50.986747],[2.411735,50.986599],[2.411392,50.985964],[2.411542,50.985869],[2.412701,50.985991],[2.412744,50.986193],[2.413173,50.986221],[2.413237,50.985964],[2.413838,50.985694],[2.415061,50.985599],[2.415619,50.985748],[2.415962,50.985775],[2.416177,50.985221],[2.416799,50.985356],[2.418365,50.985126],[2.418365,50.984748],[2.419288,50.984086],[2.419417,50.983357],[2.419996,50.98283],[2.420382,50.982357],[2.42049,50.982168],[2.421434,50.981682],[2.422206,50.980993],[2.422292,50.98075],[2.422185,50.980493],[2.422442,50.97979],[2.422485,50.979466],[2.422442,50.97925],[2.422614,50.978547],[2.422593,50.978034],[2.422206,50.977602],[2.422228,50.976751],[2.422163,50.976359],[2.422764,50.975629],[2.423623,50.975035],[2.423151,50.974981],[2.425339,50.973386],[2.425532,50.973116],[2.42594,50.972711],[2.426648,50.972765],[2.427635,50.972711],[2.42785,50.973035],[2.427979,50.9734],[2.4283,50.973576],[2.428665,50.973548],[2.429051,50.973278],[2.429609,50.973062],[2.430425,50.973386],[2.431476,50.97317],[2.432528,50.973846],[2.432871,50.973751],[2.433643,50.973022],[2.434738,50.97313],[2.435038,50.972684],[2.43433,50.972562],[2.433193,50.97217],[2.433128,50.971738],[2.4333,50.971454],[2.43345,50.971481],[2.433337,50.971204],[2.433542,50.971186],[2.433896,50.971084],[2.434427,50.971101],[2.434824,50.970865],[2.435744,50.970687],[2.436111,50.970461],[2.436132,50.970312],[2.437527,50.969961],[2.438107,50.969988],[2.438158,50.969938],[2.440224,50.97062],[2.440686,50.96982],[2.439661,50.969185],[2.440328,50.968571],[2.439589,50.968145],[2.438845,50.968202],[2.435677,50.968622],[2.434311,50.968735],[2.432214,50.968509],[2.432336,50.968016],[2.432154,50.967844],[2.431115,50.96761],[2.429921,50.967772],[2.430197,50.968591],[2.428864,50.968694],[2.426018,50.969206],[2.425936,50.969318],[2.425221,50.969288],[2.424814,50.969103],[2.424766,50.968898],[2.425188,50.968325],[2.424766,50.968151],[2.42444,50.968233],[2.424148,50.96812],[2.424083,50.967987],[2.421562,50.967219],[2.41883,50.965498],[2.418066,50.964925],[2.417334,50.964607],[2.416391,50.964444],[2.415106,50.964362],[2.414878,50.964013],[2.414521,50.963696],[2.414082,50.963491],[2.41335,50.962866],[2.412992,50.962067],[2.412244,50.961832],[2.41213,50.961463],[2.411902,50.961166],[2.411301,50.96093],[2.410894,50.960603],[2.410624,50.960495],[2.410199,50.960294],[2.409622,50.960122],[2.409031,50.960046],[2.408568,50.960055],[2.407642,50.960285],[2.40718,50.960352],[2.406853,50.960672],[2.406382,50.960472],[2.405945,50.96074],[2.40552,50.96087],[2.40537,50.960784],[2.404841,50.961088],[2.40483,50.961327],[2.404416,50.961848],[2.403726,50.962435],[2.402162,50.963651],[2.40176,50.96405],[2.400357,50.96581],[2.399738,50.966243],[2.399128,50.967033],[2.398448,50.968526],[2.397402,50.970139],[2.374187,50.969766],[2.372949,50.96981],[2.371782,50.969711],[2.36901,50.969349],[2.368174,50.969009],[2.366867,50.968274],[2.365071,50.967637],[2.363346,50.967253],[2.357333,50.96677],[2.352648,50.966056],[2.352395,50.965933],[2.352153,50.965983],[2.351762,50.965918],[2.351532,50.965795],[2.351325,50.965802],[2.351176,50.96573],[2.350739,50.965701],[2.350015,50.965578],[2.349612,50.965629],[2.343982,50.964706],[2.340653,50.96396],[2.340113,50.963696],[2.339642,50.963587],[2.33912,50.963521],[2.337377,50.963093],[2.333856,50.961874],[2.332793,50.961325],[2.331573,50.960634],[2.330579,50.96026],[2.327686,50.95958],[2.326205,50.959338],[2.324165,50.95925],[2.323399,50.959075],[2.322684,50.958767],[2.322248,50.958383],[2.319773,50.955408],[2.315608,50.950972],[2.314597,50.94972],[2.3139,50.949106],[2.313569,50.948688],[2.31261,50.949018],[2.304854,50.953541],[2.304209,50.953311],[2.303111,50.953157],[2.302013,50.952751],[2.300096,50.952466],[2.299364,50.952444],[2.297569,50.952696],[2.296418,50.95274],[2.294797,50.953004],[2.292967,50.953322],[2.292061,50.954112],[2.290126,50.955024],[2.288924,50.955408],[2.288244,50.955408],[2.284741,50.954903],[2.283015,50.954958],[2.281534,50.95498],[2.276915,50.955265],[2.275556,50.954749],[2.274266,50.954167],[2.273325,50.954079],[2.272976,50.954167],[2.272401,50.954563],[2.271617,50.954837],[2.270745,50.954782],[2.270172,50.954923],[2.270375,50.955225],[2.270205,50.955358],[2.270048,50.955177],[2.26888,50.955463],[2.269037,50.955814],[2.268636,50.955946],[2.267085,50.957022],[2.266632,50.957219],[2.266005,50.956561],[2.26529,50.955682],[2.264698,50.955166],[2.263634,50.953783],[2.263565,50.953596],[2.262345,50.952224],[2.262031,50.951763],[2.261909,50.951389],[2.26156,50.950917],[2.261281,50.950368],[2.260689,50.949644],[2.260096,50.94871],[2.25987,50.946701],[2.259556,50.945669],[2.259364,50.944658],[2.258301,50.941836],[2.257691,50.941001],[2.257325,50.940518],[2.25729,50.940112],[2.257604,50.939233],[2.257674,50.938519],[2.256558,50.938629],[2.241953,50.941539],[2.240767,50.941913],[2.237229,50.942484],[2.23404,50.942967],[2.227748,50.944274],[2.225935,50.944625],[2.224175,50.944867],[2.221787,50.945691],[2.218336,50.946547],[2.215914,50.947096],[2.213404,50.948238],[2.21248,50.949073],[2.207356,50.94848],[2.201901,50.947788],[2.201779,50.948051],[2.199373,50.948249],[2.200018,50.947458],[2.199025,50.94714],[2.198589,50.94759],[2.197421,50.94759],[2.197108,50.947382],[2.196358,50.94714],[2.195034,50.946668],[2.193221,50.945196],[2.192942,50.945592],[2.192367,50.946602],[2.192437,50.947294],[2.192106,50.947887],[2.189021,50.947239],[2.186023,50.946679],[2.185413,50.946437],[2.183984,50.945614],[2.183199,50.946295],[2.18292,50.947393],[2.181753,50.949347],[2.180707,50.950577],[2.179748,50.951938],[2.179156,50.952597],[2.177953,50.954596],[2.177605,50.955002],[2.176995,50.956714],[2.176106,50.95745],[2.175722,50.957966],[2.174659,50.958482],[2.173195,50.958504],[2.172306,50.95902],[2.172829,50.959316],[2.173718,50.959755],[2.1733,50.960195],[2.1714,50.961556],[2.170128,50.962291],[2.169849,50.962566],[2.169151,50.963652],[2.168315,50.965288],[2.16774,50.965958],[2.167043,50.96666],[2.166746,50.967165],[2.16638,50.967725],[2.166154,50.968658],[2.163243,50.969569],[2.159566,50.968811],[2.154581,50.967549],[2.150956,50.969272],[2.146807,50.971456],[2.144977,50.972225],[2.141962,50.973476],[2.141474,50.973849],[2.140568,50.975177],[2.140184,50.975627],[2.139714,50.976329],[2.139679,50.976626],[2.139086,50.976669],[2.136779,50.977084],[2.136611,50.977309],[2.135452,50.977573],[2.130942,50.978302],[2.128649,50.980102],[2.128847,50.981344],[2.128107,50.98198],[2.127653,50.982112],[2.127095,50.982156],[2.12706,50.982288],[2.12645,50.982386],[2.125805,50.982277],[2.125195,50.98186],[2.124638,50.981695],[2.124934,50.982288],[2.125213,50.982485],[2.125238,50.982752],[2.125775,50.982988],[2.12636,50.983111],[2.127206,50.982988],[2.127612,50.982752],[2.128019,50.982394],[2.128539,50.982117],[2.128816,50.981913],[2.129027,50.981943],[2.129336,50.982455],[2.129613,50.982722],[2.12984,50.98307],[2.130279,50.983264],[2.131125,50.983377],[2.132719,50.983285],[2.132654,50.983776],[2.132735,50.984462],[2.132849,50.984534],[2.132719,50.984789],[2.132312,50.984984],[2.132426,50.985138],[2.133889,50.985578],[2.133954,50.985721],[2.132962,50.98656],[2.132654,50.986663],[2.132312,50.986417],[2.132133,50.986591],[2.132816,50.987308],[2.132865,50.987646],[2.132686,50.98782],[2.131743,50.988096],[2.131775,50.988362],[2.132654,50.988157],[2.132686,50.988639],[2.131011,50.988608],[2.130621,50.988444],[2.130247,50.9887],[2.13023,50.988833],[2.130474,50.988997],[2.130003,50.989048],[2.129613,50.98955],[2.129011,50.990154],[2.128442,50.990225],[2.128035,50.990072],[2.126962,50.98955],[2.126702,50.989724],[2.125677,50.989979],[2.125238,50.989529],[2.125677,50.989038],[2.125973,50.988463],[2.125576,50.988334],[2.125447,50.988476],[2.124492,50.988253],[2.123569,50.986896],[2.123687,50.986855],[2.123601,50.986565],[2.122689,50.986835],[2.122886,50.987304],[2.122681,50.987442],[2.122506,50.987657],[2.122453,50.987595],[2.122468,50.987428],[2.122362,50.987237],[2.122233,50.987184],[2.121786,50.987251],[2.121649,50.987165],[2.121437,50.986955],[2.121497,50.986616],[2.12083,50.985756],[2.120959,50.985408],[2.120844,50.985248],[2.120157,50.984748],[2.120052,50.984641],[2.119751,50.984223],[2.119816,50.983817],[2.120245,50.983399],[2.12091,50.983128],[2.120181,50.982439],[2.118743,50.982818],[2.117177,50.983155],[2.116726,50.983588],[2.117005,50.984196],[2.117498,50.984074],[2.118528,50.985641],[2.119194,50.985479],[2.119988,50.986897],[2.119837,50.987275],[2.120395,50.987478],[2.12179,50.98972],[2.121983,50.990625],[2.120503,50.991962],[2.118271,50.993718],[2.117048,50.994852],[2.114301,50.997013],[2.112799,50.99808],[2.109731,51.000713],[2.109001,51.0007],[2.107478,51.002293],[2.105225,51.00417],[2.104409,51.004791],[2.103637,51.005547],[2.103186,51.005655],[2.101405,51.004494],[2.100568,51.004319],[2.100397,51.003927],[2.099345,51.004211],[2.098744,51.00494],[2.098165,51.005142],[2.097264,51.005048],[2.097414,51.005399],[2.096684,51.004953],[2.096041,51.004629],[2.095569,51.004494],[2.094067,51.003576],[2.092586,51.003589],[2.09162,51.003468],[2.090333,51.003725],[2.089737,51.003785],[2.089645,51.003466],[2.088955,51.002815],[2.088725,51.00296],[2.087852,51.003119],[2.087737,51.003365],[2.087392,51.003539],[2.085827,51.00367],[2.085355,51.003576],[2.085054,51.00386],[2.083917,51.003954],[2.082737,51.0044],[2.082286,51.004832],[2.081578,51.005075],[2.080355,51.005682],[2.078703,51.005898],[2.077716,51.005925],[2.077587,51.006155],[2.077137,51.006465],[2.076707,51.006452],[2.076557,51.006695],[2.075871,51.006681],[2.075656,51.006817],[2.074991,51.006695],[2.07424,51.006722],[2.074004,51.006614],[2.073896,51.006479],[2.07366,51.006425],[2.073381,51.006263],[2.072931,51.006155],[2.071794,51.006155],[2.071837,51.005574],[2.070978,51.005574],[2.070356,51.005385],[2.070013,51.005412],[2.069369,51.005129],[2.069154,51.00494],[2.068124,51.004845],[2.067502,51.005183],[2.06718,51.005183],[2.066772,51.005426],[2.066472,51.005088],[2.066408,51.004859],[2.066064,51.005021],[2.063726,51.005412],[2.061408,51.005129],[2.061365,51.005264],[2.061193,51.005399],[2.059906,51.005426],[2.059649,51.005453],[2.058855,51.005304],[2.05864,51.005358],[2.058232,51.005034],[2.05834,51.004859],[2.058661,51.004751],[2.058189,51.004548],[2.057782,51.004494],[2.057975,51.004103],[2.057953,51.00386],[2.058275,51.003711],[2.058361,51.003414],[2.057696,51.002766],[2.058082,51.002712],[2.058747,51.002347],[2.059026,51.002037],[2.059734,51.001699],[2.060056,51.001186],[2.061065,51.000808],[2.058041,50.999718],[2.058023,50.99932],[2.058046,50.998748],[2.057006,50.998441],[2.055885,50.998024],[2.055747,50.998271],[2.055522,50.998498],[2.05512,50.99839],[2.055086,50.998433],[2.055189,50.998593],[2.055007,50.998568],[2.054658,50.998416],[2.054256,50.998373],[2.054186,50.998261],[2.054036,50.998167],[2.053767,50.998194],[2.05246,50.998026],[2.051106,50.997922],[2.050847,50.997984],[2.049245,50.997868],[2.047334,50.997689],[2.046583,50.997612],[2.045929,50.997449],[2.045387,50.997464],[2.045128,50.997433],[2.044451,50.997511],[2.043243,50.99734],[2.042787,50.99696],[2.042294,50.996929],[2.041468,50.996976],[2.040852,50.996945],[2.040358,50.997108],[2.039693,50.997148],[2.039564,50.997378],[2.039221,50.99731],[2.038491,50.997378],[2.037848,50.997756],[2.037933,50.997959],[2.037526,50.99804],[2.037268,50.998269],[2.036624,50.99808],[2.036088,50.998026],[2.035809,50.997918],[2.035444,50.998094],[2.034908,50.997945],[2.032548,50.997594],[2.031882,50.997594],[2.031045,50.997445],[2.030359,50.997121],[2.029801,50.997162],[2.029007,50.997027],[2.028127,50.996581],[2.027376,50.996541],[2.026947,50.996338],[2.026046,50.996284],[2.025316,50.996081],[2.024501,50.996014],[2.024029,50.995892],[2.023342,50.995825],[2.022613,50.995595],[2.022012,50.995528],[2.020038,50.99519],[2.019287,50.995217],[2.017291,50.995014],[2.015038,50.99496],[2.013922,50.994812],[2.013064,50.994947],[2.011991,50.994663],[2.011583,50.994704],[2.011369,50.994893],[2.010725,50.994731],[2.01006,50.994987],[2.009759,50.994609],[2.00918,50.994474],[2.007785,50.994758],[2.006219,50.994636],[2.00418,50.994744],[2.001691,50.994677],[1.998923,50.994447],[1.997578,50.994287],[1.995112,50.99397],[1.992534,50.993676],[1.988145,50.992982],[1.985062,50.992441],[1.984334,50.992253],[1.983624,50.992183],[1.979813,50.991371],[1.976358,50.99096],[1.976115,50.990772],[1.976096,50.990548],[1.975797,50.99049],[1.975031,50.990419],[1.974396,50.990184],[1.974153,50.98996],[1.972117,50.989408],[1.970249,50.988973],[1.968344,50.988843],[1.966326,50.988608],[1.964627,50.988232],[1.963431,50.98815],[1.963169,50.987985],[1.963151,50.987797],[1.962404,50.987397],[1.96203,50.986809],[1.963169,50.985257],[1.962684,50.985222],[1.960367,50.984316],[1.959023,50.984081],[1.957659,50.983728],[1.956837,50.983716],[1.95637,50.983646],[1.955324,50.983858],[1.954838,50.98401],[1.952895,50.984163],[1.952111,50.984069],[1.951681,50.984175],[1.951233,50.98421],[1.951123,50.984115],[1.950617,50.983961],[1.950356,50.983972],[1.949955,50.983851],[1.949721,50.983871],[1.941824,50.982696],[1.938949,50.982115],[1.933671,50.981345],[1.929164,50.980264],[1.92807,50.979954],[1.926933,50.979738],[1.925602,50.9794],[1.915432,50.976806],[1.913865,50.976495],[1.912902,50.976225],[1.906924,50.974896],[1.906663,50.974555],[1.908437,50.971508],[1.909801,50.968697],[1.909315,50.965779],[1.906364,50.965391],[1.90457,50.965438],[1.902758,50.965238],[1.900853,50.964767],[1.898555,50.964615],[1.893997,50.964015],[1.891905,50.963673],[1.887553,50.962756],[1.885143,50.962485],[1.883499,50.962285],[1.882304,50.962297],[1.875672,50.961073],[1.875187,50.96172],[1.874271,50.964567],[1.874327,50.964991],[1.874514,50.965567],[1.874421,50.965815],[1.872945,50.966732],[1.863642,50.96512],[1.862484,50.964991],[1.861251,50.964662],[1.860504,50.964591],[1.8583,50.964179],[1.857945,50.963967],[1.856619,50.961967],[1.85505,50.962379],[1.854527,50.962332],[1.852901,50.961344],[1.852042,50.961061],[1.848045,50.960532],[1.846569,50.963673],[1.846139,50.96392],[1.842347,50.965415],[1.841806,50.965344],[1.841357,50.96512],[1.839257,50.964361],[1.83709,50.96355],[1.829536,50.961955],[1.829064,50.961699],[1.828743,50.961712],[1.82694,50.961374],[1.82679,50.961469],[1.825781,50.961226],[1.825438,50.96201],[1.824065,50.961618],[1.821919,50.961374],[1.820159,50.960996],[1.818336,50.960807],[1.817499,50.960536],[1.814044,50.960104],[1.812067,50.959803],[1.812067,50.959591],[1.812179,50.959367],[1.812385,50.959273],[1.812627,50.958414],[1.81132,50.958414],[1.81005,50.958379],[1.809265,50.958038],[1.808761,50.957696],[1.808705,50.957438],[1.808051,50.957226],[1.806594,50.957014],[1.805977,50.956861],[1.80523,50.95692],[1.80396,50.956908],[1.802279,50.95679],[1.801083,50.957296],[1.800168,50.957485],[1.798935,50.957285],[1.798225,50.957049],[1.79759,50.957014],[1.796862,50.956908],[1.796563,50.95672],[1.796226,50.956673],[1.795815,50.956743],[1.795554,50.956649],[1.794414,50.956531],[1.794246,50.956367],[1.793387,50.956308],[1.793144,50.956167],[1.792341,50.956308],[1.791781,50.956155],[1.791388,50.955743],[1.790193,50.955661],[1.789931,50.95572],[1.789483,50.955649],[1.78868,50.95532],[1.787036,50.955461],[1.786289,50.955131],[1.785018,50.955037],[1.784084,50.95499],[1.782814,50.954461],[1.782254,50.954296],[1.782048,50.954072],[1.782086,50.953872],[1.781693,50.953766],[1.780778,50.95366],[1.779583,50.953919],[1.779321,50.953719],[1.778649,50.953672],[1.777789,50.953484],[1.777453,50.953307],[1.776967,50.953178],[1.776874,50.953095],[1.776556,50.953037],[1.776475,50.952839],[1.775943,50.952707],[1.775525,50.95274],[1.775299,50.952806],[1.775107,50.952784],[1.775043,50.952036],[1.768972,50.950318],[1.766338,50.949659],[1.760959,50.948365],[1.757204,50.947011],[1.753916,50.946046],[1.751189,50.945316],[1.74919,50.945046],[1.744445,50.943539],[1.742932,50.942868],[1.741812,50.942186],[1.741812,50.94155],[1.741326,50.94155],[1.738145,50.939737],[1.738034,50.939496],[1.737849,50.939465],[1.737923,50.939737],[1.738355,50.940001],[1.738268,50.940195],[1.738342,50.941065],[1.73817,50.941127],[1.735545,50.940172],[1.734805,50.939605],[1.733905,50.939162],[1.733203,50.939038],[1.73112,50.938386],[1.728261,50.937236],[1.724527,50.935357],[1.720722,50.93298],[1.71919,50.932309],[1.71863,50.93165],[1.718293,50.931108],[1.717173,50.930426],[1.716874,50.93012],[1.716183,50.929766],[1.715846,50.929719],[1.715099,50.929272],[1.714632,50.928789],[1.713399,50.926552],[1.714165,50.925269],[1.714097,50.924849],[1.713853,50.924898],[1.71346,50.92503],[1.712946,50.92514],[1.712624,50.92508],[1.712075,50.924832],[1.711883,50.92464],[1.71089,50.924162],[1.71089,50.923975],[1.711038,50.92386],[1.711081,50.923728],[1.711134,50.923563],[1.710872,50.923404],[1.710489,50.923124],[1.709469,50.922849],[1.708685,50.922745],[1.70831,50.922564],[1.70838,50.922382],[1.708458,50.922212],[1.70824,50.92202],[1.707683,50.921915],[1.707221,50.921937],[1.707534,50.921756],[1.707534,50.921608],[1.706463,50.921992],[1.705164,50.922591],[1.704598,50.922619],[1.703308,50.921707],[1.703142,50.921432],[1.703491,50.921119],[1.703465,50.920949],[1.702872,50.921009],[1.701826,50.920734],[1.700484,50.919822],[1.699282,50.918921],[1.696493,50.91724],[1.694332,50.916109],[1.693147,50.915273],[1.693042,50.915032],[1.692397,50.914636],[1.690672,50.913032],[1.688964,50.911186],[1.688127,50.910273],[1.685635,50.90802],[1.68445,50.906823],[1.683822,50.906713],[1.683273,50.906254],[1.682541,50.905496],[1.681891,50.904706],[1.681419,50.904347],[1.680996,50.904101],[1.68098,50.903978],[1.680736,50.903844],[1.68059,50.903568],[1.679955,50.902911],[1.678882,50.901947],[1.67828,50.901506],[1.677321,50.900563],[1.676378,50.899814],[1.676036,50.899455],[1.675711,50.899229],[1.675012,50.898542],[1.674491,50.898255],[1.674199,50.897906],[1.673711,50.897588],[1.673077,50.897014],[1.672703,50.89685],[1.671125,50.895629],[1.670524,50.894881],[1.669548,50.894604],[1.665157,50.891865],[1.662002,50.889731],[1.661384,50.889167],[1.660701,50.887895],[1.660697,50.887759],[1.660781,50.887783],[1.660781,50.887783],[1.659822,50.887541],[1.658881,50.887431],[1.658602,50.887255],[1.652363,50.884067],[1.652101,50.883638],[1.652136,50.883484],[1.651979,50.883451],[1.651962,50.883286],[1.651735,50.883176],[1.651805,50.882758],[1.65116,50.882208],[1.650934,50.88223],[1.650515,50.881999],[1.650672,50.881845],[1.650393,50.881626],[1.650306,50.881197],[1.649818,50.880977],[1.649208,50.880801],[1.649435,50.880438],[1.649173,50.880328],[1.648929,50.880317],[1.64865,50.880207],[1.64818,50.880185],[1.647814,50.880075],[1.647361,50.880119],[1.646681,50.879668],[1.646036,50.879514],[1.643735,50.878447],[1.642481,50.877986],[1.640598,50.877458],[1.639169,50.877128],[1.634934,50.875951],[1.633121,50.875533],[1.629792,50.874972],[1.62984,50.874756],[1.629771,50.874575],[1.629897,50.874139],[1.629736,50.873943],[1.628793,50.873849],[1.628115,50.873871],[1.623134,50.873092],[1.622367,50.873169],[1.62113,50.872949],[1.619492,50.872762],[1.618673,50.872839],[1.617174,50.872333],[1.617052,50.872234],[1.615954,50.872388],[1.615518,50.872267],[1.615134,50.872245],[1.614925,50.872091],[1.613967,50.872212],[1.613653,50.871816],[1.613932,50.871717],[1.613967,50.871497],[1.614385,50.871354],[1.614577,50.871387],[1.614751,50.871123],[1.613949,50.870826],[1.613339,50.87076],[1.613217,50.87054],[1.612677,50.870397],[1.612224,50.870408],[1.612032,50.870507],[1.61107,50.87032],[1.610651,50.870382],[1.609899,50.870094],[1.60932,50.870102],[1.608359,50.869939],[1.608001,50.870087],[1.606843,50.869659],[1.606461,50.869674],[1.605882,50.869947],[1.605549,50.869869],[1.605031,50.869931],[1.6046,50.869939],[1.604119,50.870063],[1.603417,50.87004],[1.603355,50.870126],[1.603109,50.870079],[1.602788,50.870017],[1.602493,50.870071],[1.601765,50.8699],[1.600669,50.869604],[1.600348,50.869713],[1.599683,50.869783],[1.598426,50.870157],[1.597982,50.870149],[1.597698,50.870234],[1.597255,50.870297],[1.596404,50.870514],[1.595283,50.870678],[1.594137,50.870172],[1.593804,50.869799],[1.593348,50.869612],[1.593003,50.869651],[1.59288,50.8699],[1.591992,50.869869],[1.591425,50.869908],[1.590932,50.86983],[1.590563,50.869651],[1.590317,50.869812],[1.59028,50.870272],[1.589813,50.870343],[1.589719,50.870543],[1.589103,50.870614],[1.588895,50.87041],[1.588459,50.870535],[1.588417,50.870637],[1.588141,50.870898],[1.587986,50.870816],[1.588003,50.870262],[1.587726,50.870242],[1.587564,50.870201],[1.587409,50.870247],[1.587295,50.870334],[1.586718,50.870047],[1.586222,50.869934],[1.586059,50.869811],[1.58575,50.869221],[1.585718,50.869041],[1.585433,50.868574],[1.585214,50.86842],[1.584645,50.868302],[1.584474,50.86821],[1.584311,50.868092],[1.583506,50.867881],[1.583092,50.867671],[1.582677,50.867512],[1.582701,50.867389],[1.582132,50.867158],[1.582116,50.866701],[1.582002,50.866162],[1.581961,50.86567],[1.581888,50.865464],[1.581758,50.865398],[1.581689,50.864852],[1.581529,50.864735],[1.581344,50.864385],[1.580975,50.864152],[1.580913,50.863957],[1.581184,50.863895],[1.581073,50.863755],[1.580876,50.863685],[1.580617,50.863429],[1.580629,50.86311],[1.580358,50.862923],[1.58021,50.862417],[1.580716,50.861717],[1.580482,50.860838],[1.580383,50.860511],[1.580395,50.860146],[1.579717,50.859726],[1.579544,50.858395],[1.579283,50.857669],[1.579231,50.857031],[1.579544,50.856195],[1.579579,50.855854],[1.57991,50.855502],[1.57998,50.855271],[1.579701,50.854842],[1.579631,50.854456],[1.57944,50.854005],[1.578847,50.853642],[1.578708,50.853312],[1.579039,50.852894],[1.579248,50.852509],[1.579684,50.852245],[1.580381,50.851089],[1.580782,50.851045],[1.581671,50.85077],[1.581967,50.850649],[1.582368,50.850517],[1.582699,50.850561],[1.582507,50.849505],[1.583135,50.848724],[1.583117,50.848537],[1.584128,50.847799],[1.584756,50.847513],[1.584756,50.847315],[1.584529,50.847139],[1.584721,50.84671],[1.58493,50.8466],[1.58493,50.84638],[1.586324,50.846457],[1.587109,50.844454],[1.586899,50.844278],[1.585906,50.844113],[1.585592,50.843926],[1.585906,50.843816],[1.585732,50.843562],[1.585854,50.843375],[1.585993,50.842858],[1.586603,50.841791],[1.587231,50.840646],[1.587283,50.840261],[1.587213,50.840019],[1.587422,50.838918],[1.587213,50.838566],[1.587318,50.838125],[1.587178,50.837916],[1.587353,50.837058],[1.587823,50.836408],[1.587841,50.836111],[1.588067,50.836089],[1.588416,50.836353],[1.588817,50.836188],[1.588817,50.836023],[1.588363,50.83566],[1.588729,50.834944],[1.588695,50.834075],[1.589287,50.833205],[1.589496,50.832732],[1.589705,50.831928],[1.590019,50.831312],[1.590228,50.830343],[1.590298,50.830189],[1.590594,50.829374],[1.59096,50.829165],[1.591082,50.829264],[1.59157,50.829],[1.592808,50.827316],[1.592756,50.826633],[1.592372,50.826028],[1.591047,50.826842],[1.59049,50.826402],[1.590037,50.826138],[1.589583,50.825664],[1.590368,50.824662],[1.59171,50.823198],[1.591379,50.823011],[1.592215,50.822009],[1.59225,50.82169],[1.592355,50.82148],[1.592215,50.82126],[1.59239,50.821018],[1.592703,50.820952],[1.593122,50.820456],[1.594429,50.820379],[1.594568,50.820071],[1.594202,50.819939],[1.59415,50.819487],[1.594359,50.818618],[1.595248,50.816823],[1.595614,50.816151],[1.596224,50.814796],[1.596816,50.813871],[1.596886,50.813233],[1.59713,50.81255],[1.59774,50.811515],[1.597915,50.810788],[1.598263,50.810116],[1.597984,50.809995],[1.598019,50.809896],[1.598995,50.809995],[1.598925,50.809852],[1.598559,50.809709],[1.599117,50.808244],[1.60025,50.806437],[1.601087,50.806162],[1.603335,50.807451],[1.606071,50.807363],[1.606176,50.807616],[1.605792,50.80809],[1.606193,50.808861],[1.606629,50.808607],[1.607588,50.808563],[1.608389,50.808001],[1.609418,50.807627],[1.610551,50.807363],[1.611544,50.807286],[1.612851,50.807054],[1.614868,50.806318],[1.614936,50.80642],[1.61549,50.806013],[1.615831,50.805859],[1.61538,50.805389],[1.615477,50.804829],[1.615591,50.804885],[1.616144,50.80451],[1.615062,50.80377],[1.614681,50.803155],[1.612433,50.803596],[1.608145,50.804268],[1.607152,50.804334],[1.606385,50.804257],[1.60581,50.804091],[1.605026,50.804157],[1.604416,50.80408],[1.60391,50.803904],[1.603684,50.803684],[1.603858,50.803442],[1.603649,50.802979],[1.603736,50.802659],[1.603666,50.802417],[1.603875,50.802263],[1.604154,50.801117],[1.604328,50.800765],[1.604294,50.800534],[1.60445,50.799851],[1.604677,50.799498],[1.605636,50.79681],[1.606246,50.795323],[1.606437,50.795158],[1.606333,50.794904],[1.606612,50.794397],[1.60696,50.794265],[1.60703,50.794078],[1.606925,50.793924],[1.607117,50.793472],[1.607483,50.793362],[1.607344,50.79313],[1.607675,50.792536],[1.6075,50.792337],[1.607588,50.79204],[1.607518,50.791874],[1.608389,50.791654],[1.608982,50.791324],[1.609314,50.79122],[1.609029,50.79085],[1.608956,50.790542],[1.609021,50.790393],[1.608956,50.790249],[1.608436,50.78992],[1.608395,50.789817],[1.607785,50.789688],[1.607704,50.789503],[1.607891,50.789401],[1.608021,50.789262],[1.60785,50.789231],[1.607777,50.789118],[1.607753,50.789015],[1.607549,50.788912],[1.607509,50.788825],[1.607273,50.788737],[1.607257,50.788604],[1.607167,50.788491],[1.606639,50.788424],[1.606297,50.788275],[1.60624,50.788054],[1.606135,50.787329],[1.605866,50.7872],[1.605663,50.787082],[1.605305,50.787021],[1.605168,50.786974],[1.604943,50.786828],[1.604642,50.786777],[1.604455,50.786686],[1.604149,50.785885],[1.603977,50.785539],[1.604321,50.784743],[1.604809,50.784168],[1.604907,50.783643],[1.605427,50.782553],[1.606061,50.781844],[1.606614,50.77844],[1.606403,50.778009],[1.606533,50.777515],[1.606418,50.777423],[1.605924,50.777331],[1.605839,50.777209],[1.605892,50.777077],[1.606187,50.776632],[1.606396,50.776283],[1.606584,50.776195],[1.607276,50.776324],[1.607689,50.776398],[1.608274,50.776659],[1.608738,50.774662],[1.609104,50.773361],[1.607222,50.772028],[1.607012,50.771807],[1.606542,50.771719],[1.606542,50.771488],[1.606751,50.770848],[1.60689,50.770738],[1.606873,50.770154],[1.606751,50.769988],[1.60649,50.76796],[1.606124,50.766307],[1.606141,50.766042],[1.60581,50.764422],[1.605618,50.764102],[1.606002,50.764135],[1.605827,50.763407],[1.606472,50.763198],[1.60628,50.761566],[1.606246,50.761037],[1.605949,50.761015],[1.605758,50.760839],[1.605426,50.76085],[1.60513,50.760949],[1.604172,50.76085],[1.603788,50.760387],[1.603649,50.759891],[1.603352,50.759394],[1.603178,50.758755],[1.602934,50.758457],[1.602899,50.75816],[1.602655,50.757732],[1.602541,50.757438],[1.602346,50.757166],[1.602305,50.757011],[1.601898,50.756425],[1.601785,50.756024],[1.601533,50.755638],[1.60163,50.755443],[1.60124,50.754779],[1.600988,50.754295],[1.601004,50.754141],[1.600817,50.753827],[1.600882,50.753596],[1.60063,50.7534],[1.600549,50.753045],[1.600663,50.752901],[1.60041,50.752521],[1.599833,50.752531],[1.599727,50.752433],[1.599532,50.752161],[1.598979,50.752109],[1.597735,50.751528],[1.597687,50.751307],[1.597353,50.750993],[1.597126,50.750952],[1.596987,50.750828],[1.597056,50.750608],[1.596803,50.750331],[1.596332,50.750339],[1.596125,50.75015],[1.595837,50.750273],[1.595596,50.750288],[1.595584,50.750077],[1.596297,50.749677],[1.596907,50.749124],[1.596947,50.748832],[1.596882,50.748724],[1.596882,50.748662],[1.596727,50.748416],[1.596808,50.748112],[1.596752,50.747989],[1.596857,50.747721],[1.596768,50.747345],[1.596865,50.747026],[1.596971,50.746939],[1.59715,50.746913],[1.597191,50.74663],[1.597516,50.746388],[1.597744,50.746316],[1.597337,50.746033],[1.596921,50.74421],[1.596572,50.743923],[1.596276,50.743317],[1.596206,50.742964],[1.59605,50.742953],[1.595304,50.740729],[1.595142,50.740394],[1.594426,50.739468],[1.594337,50.739154],[1.594166,50.737034],[1.594215,50.73601],[1.594451,50.735068],[1.594655,50.734074],[1.59422,50.733985],[1.594881,50.731811],[1.59402,50.73108],[1.593063,50.730132],[1.593436,50.729801],[1.594408,50.729624],[1.598125,50.728169],[1.59848,50.727897],[1.598667,50.727578],[1.59947,50.726821],[1.599694,50.726526],[1.600124,50.726183],[1.601207,50.724598],[1.601525,50.724303],[1.601712,50.723558],[1.601133,50.723262],[1.598629,50.722493],[1.598461,50.722032],[1.597079,50.722422],[1.595192,50.72286],[1.593642,50.725071],[1.592895,50.725473],[1.592073,50.725627],[1.591382,50.725544],[1.579613,50.722056],[1.57825,50.719123],[1.578212,50.718591],[1.579165,50.718011],[1.578888,50.717741],[1.577646,50.717275],[1.575714,50.715732],[1.575116,50.71544],[1.573323,50.715295],[1.572127,50.715368],[1.571798,50.713728],[1.571115,50.712924],[1.571326,50.712533],[1.57131,50.712204],[1.570448,50.710803],[1.570936,50.710597],[1.570497,50.709403],[1.570497,50.708991],[1.570594,50.708888],[1.570025,50.707724],[1.570106,50.707467],[1.570367,50.707168],[1.567895,50.70552],[1.567212,50.704758],[1.56635,50.704151],[1.568285,50.703903],[1.56848,50.703955],[1.569033,50.703893],[1.570269,50.703831],[1.569928,50.703357],[1.570432,50.703254],[1.571619,50.702822],[1.571538,50.702616],[1.572513,50.701916],[1.572773,50.701462],[1.573391,50.701442],[1.573749,50.701277],[1.574172,50.700886],[1.574335,50.700597],[1.574969,50.700752],[1.576481,50.699186],[1.573782,50.69865],[1.572741,50.698084],[1.572107,50.697548],[1.572318,50.696889],[1.573229,50.695148],[1.574042,50.694159],[1.573765,50.69384],[1.572595,50.692903],[1.571847,50.692491],[1.571164,50.691522],[1.570952,50.690822],[1.571261,50.69044],[1.571456,50.690059],[1.570757,50.688153],[1.570237,50.685866],[1.570253,50.685433],[1.570513,50.685042],[1.571164,50.684568],[1.571765,50.68395],[1.571977,50.683599],[1.571554,50.683496],[1.571098,50.683198],[1.570952,50.682837],[1.571001,50.681848],[1.571391,50.680879],[1.571147,50.679313],[1.570448,50.677788],[1.56983,50.676809],[1.569798,50.676397],[1.571489,50.673398],[1.572009,50.672089],[1.571847,50.671769],[1.571001,50.670862],[1.570692,50.669481],[1.570773,50.668574],[1.570643,50.667358],[1.571294,50.664544],[1.57196,50.66441],[1.572367,50.664451],[1.575001,50.664317],[1.575684,50.664359],[1.576172,50.664462],[1.576319,50.664431],[1.576185,50.664258],[1.576306,50.66409],[1.576253,50.663893],[1.576367,50.663816],[1.576351,50.6637],[1.577148,50.663748],[1.577398,50.663609],[1.577641,50.663561],[1.57799,50.663484],[1.578316,50.663469],[1.578449,50.663215],[1.577815,50.66307],[1.577538,50.662761],[1.578042,50.662431],[1.579262,50.661947],[1.580595,50.66106],[1.581083,50.660895],[1.581555,50.660225],[1.581815,50.66007],[1.581636,50.659802],[1.581734,50.659648],[1.581717,50.659493],[1.581799,50.659339],[1.581392,50.659246],[1.581165,50.659091],[1.580937,50.659029],[1.580628,50.658833],[1.580644,50.658658],[1.581083,50.658658],[1.581376,50.658483],[1.581685,50.658421],[1.581701,50.658112],[1.581961,50.657998],[1.582205,50.657844],[1.582466,50.657864],[1.582644,50.657772],[1.582986,50.657772],[1.583311,50.657473],[1.583457,50.657143],[1.582986,50.65673],[1.583149,50.656328],[1.583067,50.656112],[1.583214,50.655967],[1.5831,50.655617],[1.583197,50.655514],[1.583181,50.655277],[1.582791,50.655112],[1.582514,50.654906],[1.582498,50.654411],[1.581766,50.654091],[1.581555,50.653885],[1.581295,50.653782],[1.581978,50.653153],[1.582102,50.652898],[1.581783,50.652605],[1.581836,50.652509],[1.582679,50.65236],[1.582921,50.65222],[1.582891,50.652042],[1.582732,50.651802],[1.582959,50.65135],[1.583649,50.651209],[1.584132,50.650815],[1.583457,50.650843],[1.582742,50.650946],[1.582205,50.650895],[1.581392,50.650781],[1.579782,50.651214],[1.577294,50.652338],[1.576693,50.653008],[1.57614,50.653091],[1.575457,50.653122],[1.575196,50.652813],[1.574822,50.652658],[1.573896,50.652658],[1.574774,50.648668],[1.575375,50.644223],[1.575766,50.642367],[1.57653,50.641325],[1.57718,50.641243],[1.577701,50.641336],[1.578107,50.641295],[1.578709,50.640923],[1.578676,50.640727],[1.578319,50.640552],[1.578351,50.64016],[1.578042,50.640078],[1.577928,50.640191],[1.577262,50.640418],[1.57679,50.640315],[1.576497,50.639954],[1.57657,50.639575],[1.576678,50.639419],[1.576463,50.639316],[1.576731,50.635465],[1.577203,50.635234],[1.577203,50.634982],[1.576763,50.634717],[1.576967,50.63209],[1.576887,50.632052],[1.577094,50.629084],[1.577048,50.628726],[1.577083,50.628187],[1.577347,50.627961],[1.577842,50.627815],[1.577668,50.627659],[1.577766,50.626988],[1.577668,50.626555],[1.577798,50.626153],[1.577473,50.625781],[1.577596,50.624025],[1.577763,50.623929],[1.577755,50.623809],[1.577846,50.623708],[1.577626,50.623645],[1.577664,50.623477],[1.57758,50.622793],[1.577635,50.621257],[1.577623,50.620863],[1.577738,50.620228],[1.577773,50.619455],[1.577876,50.618338],[1.577876,50.617514],[1.577796,50.617018],[1.577876,50.616675],[1.577863,50.616372],[1.577847,50.615309],[1.578042,50.614783],[1.578124,50.612915],[1.578237,50.612007],[1.578302,50.611429],[1.57827,50.609696],[1.578351,50.607281],[1.578546,50.606723],[1.57827,50.606032],[1.578628,50.605924],[1.579132,50.605924],[1.579522,50.605851],[1.579644,50.605753],[1.579595,50.605676],[1.579392,50.605619],[1.579172,50.605304],[1.579303,50.605124],[1.579132,50.604572],[1.57927,50.604365],[1.579189,50.604195],[1.579294,50.603813],[1.579677,50.603638],[1.579668,50.603488],[1.579547,50.603333],[1.579677,50.603111],[1.57975,50.602678],[1.580457,50.602507],[1.580742,50.602373],[1.581091,50.602342],[1.581189,50.602218],[1.581059,50.602074],[1.581205,50.601702],[1.581441,50.60163],[1.58153,50.601501],[1.581709,50.601351],[1.58162,50.601052],[1.581376,50.600918],[1.581449,50.600665],[1.581254,50.600479],[1.581221,50.60036],[1.581644,50.600154],[1.581352,50.5997],[1.581043,50.599705],[1.580856,50.59954],[1.580782,50.599251],[1.580441,50.599112],[1.580213,50.599034],[1.580205,50.598735],[1.580018,50.598621],[1.580083,50.598554],[1.580612,50.59843],[1.580913,50.598477],[1.581319,50.598472],[1.581839,50.598487],[1.582043,50.598312],[1.582295,50.598203],[1.582311,50.598048],[1.58201,50.597873],[1.582083,50.597754],[1.582344,50.597749],[1.582831,50.597393],[1.583027,50.59731],[1.583067,50.59697],[1.583181,50.596717],[1.582872,50.596459],[1.582409,50.596376],[1.582181,50.596428],[1.581913,50.596593],[1.581433,50.596546],[1.581132,50.596469],[1.580725,50.596515],[1.580286,50.596428],[1.579774,50.596226],[1.579685,50.596072],[1.579408,50.595922],[1.579246,50.595906],[1.579148,50.59569],[1.579254,50.595473],[1.579425,50.595421],[1.579433,50.595143],[1.579303,50.594828],[1.579384,50.594709],[1.579571,50.594595],[1.579571,50.594497],[1.579888,50.594205],[1.579291,50.593854],[1.579279,50.593759],[1.578854,50.593621],[1.578911,50.593497],[1.579153,50.593365],[1.579279,50.593146],[1.57944,50.592949],[1.579475,50.592686],[1.579314,50.592555],[1.579486,50.592321],[1.579164,50.592022],[1.579394,50.591701],[1.57944,50.591504],[1.579417,50.59135],[1.57967,50.590912],[1.579716,50.590489],[1.579475,50.590387],[1.579394,50.590277],[1.579532,50.590146],[1.579509,50.589934],[1.579302,50.589737],[1.579532,50.589438],[1.57967,50.589343],[1.579601,50.589066],[1.579337,50.588934],[1.579245,50.588584],[1.57921,50.588445],[1.578969,50.588328],[1.578589,50.588292],[1.578888,50.587167],[1.579126,50.586963],[1.579527,50.586753],[1.579248,50.586609],[1.578673,50.58662],[1.578429,50.586487],[1.578028,50.585292],[1.577819,50.583665],[1.577749,50.581983],[1.577889,50.581297],[1.57747,50.580533],[1.577331,50.579869],[1.577366,50.579426],[1.577017,50.578618],[1.576442,50.57532],[1.576302,50.574833],[1.576285,50.573483],[1.576459,50.572276],[1.576947,50.570837],[1.577191,50.570571],[1.577209,50.570217],[1.577313,50.569852],[1.577627,50.569774],[1.578133,50.568878],[1.578638,50.567361],[1.578952,50.567073],[1.578899,50.566918],[1.579335,50.566287],[1.579736,50.565966],[1.580276,50.564915],[1.580573,50.56435],[1.580956,50.564062],[1.581932,50.562977],[1.58235,50.562866],[1.583431,50.561903],[1.585156,50.560652],[1.586359,50.559556],[1.588311,50.557795],[1.589043,50.557065],[1.590193,50.55753],[1.591692,50.558471],[1.592407,50.559246],[1.59279,50.559556],[1.594185,50.560264],[1.594688,50.560388],[1.594952,50.560585],[1.595228,50.560658],[1.595389,50.560797],[1.595998,50.560965],[1.596447,50.561177],[1.596619,50.56133],[1.596918,50.561418],[1.597666,50.561951],[1.607361,50.563739],[1.607533,50.564083],[1.608014,50.564224],[1.609345,50.56413],[1.609727,50.564302],[1.61038,50.56431],[1.612352,50.564028],[1.613363,50.563331],[1.61348,50.562358],[1.61391,50.562002],[1.614227,50.561896],[1.614227,50.561551],[1.614003,50.560804],[1.614321,50.560555],[1.616413,50.560033],[1.6183,50.559119],[1.619215,50.553731],[1.618778,50.551575],[1.61912,50.55142],[1.619331,50.551477],[1.619469,50.551198],[1.619624,50.551394],[1.6199,50.551255],[1.620209,50.551337],[1.620396,50.551472],[1.620713,50.551523],[1.621079,50.551818],[1.621331,50.551859],[1.621567,50.551952],[1.621697,50.551828],[1.621649,50.551415],[1.621957,50.551379],[1.621998,50.551162],[1.621567,50.550738],[1.621762,50.550423],[1.622112,50.550387],[1.622584,50.549994],[1.622494,50.549839],[1.622844,50.549576],[1.623153,50.5494],[1.62321,50.548966],[1.623096,50.548671],[1.622502,50.548274],[1.621998,50.547462],[1.622096,50.546966],[1.621998,50.546786],[1.622169,50.546584],[1.622218,50.546383],[1.62308,50.545768],[1.623421,50.546119],[1.623697,50.546104],[1.624104,50.545897],[1.624299,50.545525],[1.62412,50.545447],[1.62395,50.54521],[1.623844,50.545189],[1.623803,50.545075],[1.623941,50.544858],[1.623893,50.544734],[1.623941,50.544362],[1.624015,50.54413],[1.623974,50.54398],[1.624226,50.543256],[1.6246,50.542874],[1.624494,50.542611],[1.623795,50.542388],[1.623405,50.542357],[1.623047,50.542135],[1.622844,50.542084],[1.622754,50.54198],[1.622608,50.54197],[1.622421,50.541856],[1.622266,50.541706],[1.622039,50.541618],[1.622199,50.54125],[1.621361,50.541218],[1.619118,50.540905],[1.617294,50.540513],[1.61759,50.539683],[1.617536,50.53947],[1.617582,50.539287],[1.61749,50.538995],[1.61749,50.538797],[1.61734,50.538622],[1.617432,50.538227],[1.617731,50.53784],[1.617789,50.537687],[1.617927,50.537533],[1.617984,50.537343],[1.618249,50.537065],[1.618191,50.536927],[1.618387,50.5364],[1.618318,50.536283],[1.617961,50.536181],[1.617789,50.535852],[1.617812,50.535743],[1.617789,50.535611],[1.617892,50.535443],[1.617731,50.535216],[1.618045,50.535113],[1.618167,50.534692],[1.6193,50.534083],[1.620032,50.533662],[1.62045,50.533097],[1.62113,50.531934],[1.621879,50.529529],[1.622507,50.528621],[1.623134,50.527579],[1.624947,50.525009],[1.62533,50.524289],[1.625557,50.523801],[1.625818,50.523502],[1.625975,50.522793],[1.626864,50.521374],[1.627282,50.520854],[1.628136,50.520787],[1.62785,50.520472],[1.627885,50.520202],[1.628069,50.519851],[1.62892,50.5195],[1.632034,50.516963],[1.632601,50.516665],[1.632006,50.516255],[1.632685,50.515734],[1.634414,50.514306],[1.634447,50.514167],[1.634772,50.514058],[1.635597,50.514371],[1.636681,50.513325],[1.636195,50.512874],[1.634346,50.51171],[1.621793,50.5193],[1.621176,50.519822],[1.609576,50.526829],[1.608754,50.527031],[1.607895,50.527007],[1.605765,50.528041],[1.605578,50.527993],[1.603001,50.529264],[1.602552,50.529252],[1.60061,50.527969],[1.600479,50.527328],[1.599395,50.52677],[1.599022,50.526663],[1.598106,50.5262],[1.597228,50.526711],[1.596463,50.527411],[1.594445,50.530024],[1.594016,50.530831],[1.591438,50.533906],[1.593549,50.535889],[1.592372,50.536388],[1.592502,50.53691],[1.592297,50.537219],[1.590167,50.538549],[1.589458,50.538608],[1.588991,50.53843],[1.588281,50.53786],[1.586282,50.535296],[1.584806,50.53361],[1.583275,50.53133],[1.582882,50.530522],[1.582565,50.529549],[1.581257,50.528088],[1.581425,50.527898],[1.581967,50.527767],[1.582621,50.527482],[1.581911,50.526354],[1.580958,50.524264],[1.580136,50.524371],[1.579408,50.524229],[1.578698,50.522079],[1.577652,50.516295],[1.577372,50.514739],[1.577372,50.510249],[1.577278,50.502835],[1.577091,50.500768],[1.577017,50.496253],[1.576157,50.487946],[1.575877,50.484202],[1.575989,50.483275],[1.575971,50.48268],[1.576045,50.482538],[1.57556,50.477866],[1.575747,50.477486],[1.575167,50.477189],[1.574756,50.474347],[1.57485,50.473587],[1.574719,50.47235],[1.574588,50.471887],[1.574364,50.470365],[1.574383,50.469449],[1.573935,50.468367],[1.573318,50.466441],[1.572758,50.465383],[1.572291,50.462648],[1.571973,50.4604],[1.571861,50.459865],[1.571674,50.458866],[1.571805,50.457237],[1.571245,50.452611],[1.570759,50.448864],[1.570572,50.448459],[1.570535,50.447424],[1.570273,50.447175],[1.569732,50.444486],[1.569395,50.441762],[1.567789,50.434041],[1.567191,50.432006],[1.566743,50.429685],[1.566407,50.429186],[1.566294,50.428638],[1.566463,50.428222],[1.566164,50.425782],[1.565529,50.424366],[1.564165,50.419308],[1.563922,50.419046],[1.563287,50.417356],[1.562502,50.415594],[1.562689,50.413023],[1.562596,50.412975],[1.562241,50.411297],[1.562035,50.411178],[1.560859,50.40888],[1.559233,50.405499],[1.559222,50.405289],[1.559074,50.4051],[1.558647,50.404289],[1.558168,50.403684],[1.557645,50.403262],[1.557418,50.403184],[1.556702,50.402754],[1.555801,50.401363],[1.555741,50.399972],[1.556261,50.397151],[1.556802,50.396679],[1.560246,50.394548],[1.560566,50.394535],[1.560746,50.39479],[1.561006,50.394624],[1.561547,50.394701],[1.561827,50.394841],[1.561907,50.39502],[1.562248,50.39539],[1.563149,50.395543],[1.56443,50.395428],[1.56497,50.395441],[1.565531,50.395492],[1.566672,50.395364],[1.567894,50.394969],[1.569415,50.394241],[1.569827,50.394123],[1.571437,50.392715],[1.572794,50.391337],[1.573185,50.39034],[1.573898,50.389284],[1.574955,50.388434],[1.57668,50.387715],[1.57783,50.387319],[1.579233,50.386748],[1.580406,50.386],[1.58082,50.385472],[1.580981,50.384548],[1.580452,50.383184],[1.579877,50.382436],[1.579463,50.3816],[1.581165,50.379841],[1.582522,50.37811],[1.583465,50.377685],[1.584408,50.377641],[1.586546,50.378242],[1.587351,50.378418],[1.587857,50.378609],[1.588708,50.378726],[1.589398,50.378975],[1.592204,50.378843],[1.593952,50.378755],[1.594895,50.378227],[1.596021,50.377259],[1.596849,50.376966],[1.597608,50.377039],[1.599287,50.377729],[1.600368,50.378315],[1.600736,50.377993],[1.601219,50.377787],[1.602714,50.376174],[1.603611,50.374854],[1.604071,50.373989],[1.609613,50.370571],[1.610855,50.370072],[1.61189,50.370014],[1.61304,50.370234],[1.61419,50.370688],[1.616696,50.372155],[1.617501,50.372405],[1.619019,50.371451],[1.623274,50.371554],[1.624723,50.372023],[1.625574,50.372053],[1.627137,50.372463],[1.628126,50.372683],[1.629138,50.373065],[1.631139,50.373534],[1.632013,50.372595],[1.633853,50.371114],[1.634773,50.370542],[1.635164,50.370336],[1.635624,50.369955],[1.638682,50.369926],[1.63951,50.369632],[1.640729,50.3684],[1.641166,50.36774],[1.641235,50.367124],[1.640039,50.366889],[1.63905,50.366317],[1.639096,50.365452],[1.639441,50.364923],[1.6402,50.363544],[1.640499,50.362635],[1.641166,50.361711],[1.640844,50.361593],[1.639211,50.361432],[1.63905,50.361226],[1.639165,50.360698],[1.639027,50.360097],[1.639165,50.35948],[1.639027,50.35907],[1.642017,50.355915],[1.642845,50.355739],[1.64388,50.355651],[1.644455,50.354756],[1.644685,50.354198],[1.646019,50.35232],[1.646501,50.351293],[1.648042,50.350882],[1.646731,50.346465],[1.646295,50.34576],[1.644547,50.343412],[1.64365,50.343265],[1.642822,50.343529],[1.641902,50.345496],[1.640131,50.349194],[1.640246,50.349605],[1.643282,50.350985],[1.641557,50.351806],[1.640614,50.352173],[1.637532,50.353611],[1.636038,50.354184],[1.633577,50.355871],[1.631622,50.357544],[1.626884,50.359994],[1.627091,50.36152],[1.626447,50.365936],[1.62562,50.366288],[1.624194,50.36639],[1.621411,50.36485],[1.621181,50.364747],[1.617616,50.362826],[1.616719,50.362811],[1.616351,50.362532],[1.616351,50.362121],[1.6135,50.360537],[1.612189,50.36039],[1.600414,50.35995],[1.6,50.360375],[1.599448,50.360449],[1.598919,50.360302],[1.598275,50.359803],[1.588984,50.359392],[1.570954,50.358688],[1.571667,50.352203],[1.570218,50.349165],[1.568792,50.34598],[1.568953,50.345423],[1.570379,50.343119],[1.568585,50.342194],[1.568263,50.3419],[1.568125,50.341886],[1.567596,50.341225],[1.567458,50.341255],[1.566814,50.340433],[1.56686,50.339904],[1.556787,50.339346],[1.556902,50.338627],[1.556787,50.337849],[1.556833,50.3376],[1.556327,50.337585],[1.555315,50.336939],[1.555338,50.336602],[1.555154,50.336425],[1.555154,50.335853],[1.554625,50.335574],[1.553775,50.334429],[1.553614,50.333945],[1.554027,50.333431],[1.553912,50.332403],[1.554004,50.331992],[1.55274,50.331331],[1.552694,50.330671],[1.552464,50.330348],[1.551843,50.330289],[1.551567,50.329775],[1.550923,50.329394],[1.550647,50.328674],[1.550762,50.328175],[1.550739,50.327206],[1.551038,50.326971],[1.551015,50.326678],[1.550118,50.326178],[1.549612,50.325503],[1.548623,50.325077],[1.548301,50.324299],[1.547082,50.31938],[1.546277,50.319189],[1.54561,50.319233],[1.545288,50.318984],[1.542966,50.307778],[1.540551,50.296291],[1.54039,50.293705],[1.539263,50.287931],[1.538435,50.284389],[1.538205,50.282361],[1.538504,50.279907],[1.539677,50.275439],[1.540068,50.27444],[1.54108,50.273087],[1.541885,50.272382],[1.543793,50.271279],[1.546507,50.270192],[1.547082,50.269516],[1.547542,50.269177],[1.547542,50.268178],[1.547082,50.267252],[1.547266,50.265694],[1.547496,50.265164],[1.547634,50.2639],[1.548715,50.261974],[1.549152,50.260577],[1.549497,50.260269],[1.549796,50.26021],[1.551084,50.259607],[1.553798,50.258695],[1.556005,50.258078],[1.557431,50.257799],[1.558075,50.257622],[1.558834,50.257578],[1.559616,50.257416],[1.560582,50.25674],[1.561801,50.256387],[1.564032,50.25624],[1.567366,50.256196],[1.575438,50.256666],[1.577784,50.256431],[1.580314,50.255858],[1.581027,50.255622],[1.58335,50.255284],[1.586316,50.255666],[1.588018,50.255828],[1.588708,50.256122],[1.591514,50.256696],[1.591974,50.256652],[1.59363,50.25746],[1.594711,50.257784],[1.594872,50.257651],[1.59432,50.257446],[1.592388,50.256519],[1.592227,50.256063],[1.59294,50.254931],[1.593239,50.254505],[1.596067,50.250623],[1.594136,50.250226],[1.593543,50.250182],[1.593393,50.249908],[1.593404,50.249249],[1.593769,50.249229],[1.59379,50.249119],[1.593887,50.248982],[1.593844,50.248721],[1.594044,50.247167],[1.594228,50.246637],[1.594136,50.246299],[1.594205,50.24599],[1.594136,50.245755],[1.594389,50.245343],[1.594711,50.245181],[1.595469,50.244005],[1.595768,50.243431],[1.596389,50.243417],[1.596734,50.24352],[1.597355,50.243269],[1.597792,50.243269],[1.598183,50.243446],[1.598528,50.243343],[1.599402,50.240946],[1.600782,50.239872],[1.601081,50.239519],[1.602047,50.238945],[1.60299,50.238048],[1.604462,50.237724],[1.604531,50.237445],[1.604807,50.237268],[1.604692,50.237077],[1.605221,50.2364],[1.605473,50.236239],[1.605565,50.236033],[1.606071,50.235915],[1.606255,50.23565],[1.606485,50.23543],[1.60683,50.234959],[1.60683,50.234621],[1.607129,50.234194],[1.606876,50.234091],[1.607106,50.233385],[1.60752,50.233046],[1.608371,50.23184],[1.608279,50.231443],[1.608808,50.23084],[1.611384,50.230207],[1.611959,50.229413],[1.613339,50.227942],[1.612239,50.227657],[1.61302,50.226325],[1.613401,50.226364],[1.613661,50.224301],[1.615503,50.222649],[1.616143,50.221881],[1.616924,50.220574],[1.619307,50.218537],[1.621649,50.216872],[1.62283,50.216564],[1.623131,50.21577],[1.623171,50.215053],[1.623471,50.214976],[1.624252,50.214271],[1.624993,50.21463],[1.625633,50.214297],[1.626114,50.214233],[1.626494,50.213835],[1.627655,50.213861],[1.629377,50.214809],[1.629575,50.215017],[1.629537,50.21536],[1.629257,50.215821],[1.629337,50.216103],[1.63258,50.218089],[1.632921,50.217973],[1.633141,50.217628],[1.633181,50.216974],[1.634402,50.214988],[1.635423,50.213989],[1.637025,50.213259],[1.638627,50.213028],[1.64215,50.213105],[1.645053,50.21372],[1.648517,50.214937],[1.6513,50.216398],[1.650919,50.216782],[1.651293,50.217381],[1.659971,50.215039],[1.662586,50.21449],[1.664792,50.213831],[1.676446,50.209979],[1.677867,50.209364],[1.679949,50.208006],[1.684014,50.204354],[1.683573,50.204149],[1.686917,50.200317],[1.686837,50.20001],[1.677607,50.196511],[1.677167,50.195344],[1.676666,50.194511],[1.676986,50.194191],[1.682832,50.190589],[1.689099,50.188038],[1.677307,50.176141],[1.675565,50.174897],[1.673783,50.174218],[1.671681,50.17382],[1.669278,50.173782],[1.664413,50.173923],[1.664159,50.174097],[1.660853,50.174241],[1.659171,50.174396],[1.657135,50.174719],[1.65665,50.174157],[1.655958,50.174289],[1.648262,50.177447],[1.64787,50.177435],[1.64673,50.176753],[1.645871,50.177363],[1.644582,50.179469],[1.643816,50.17972],[1.644115,50.181012],[1.643443,50.182974],[1.643667,50.183261],[1.643686,50.184062],[1.643891,50.184541],[1.643742,50.185067],[1.643207,50.185527],[1.642306,50.185816],[1.635869,50.187602],[1.627178,50.190198],[1.626492,50.189402],[1.625848,50.189305],[1.62499,50.189319],[1.624367,50.189374],[1.623144,50.189251],[1.620741,50.18958],[1.617308,50.19035],[1.615913,50.190734],[1.614947,50.191229],[1.613381,50.19138],[1.612523,50.191297],[1.610999,50.190775],[1.610591,50.190487],[1.610613,50.19013],[1.60969,50.189745],[1.608038,50.18958],[1.606364,50.188989],[1.605377,50.188742],[1.600957,50.187135],[1.599991,50.186709],[1.598146,50.186008],[1.596215,50.185431],[1.594477,50.184799],[1.593554,50.184153],[1.593039,50.184236],[1.592202,50.185019],[1.591215,50.185843],[1.590292,50.186187],[1.589069,50.186365],[1.58761,50.187286],[1.578147,50.193001],[1.572397,50.194952],[1.571624,50.195061],[1.57156,50.195268],[1.569543,50.19627],[1.566796,50.197974],[1.565938,50.19866],[1.565101,50.200144],[1.56611,50.200487],[1.566024,50.201476],[1.566539,50.201861],[1.566603,50.202177],[1.56199,50.206269],[1.560466,50.20767],[1.558192,50.20859],[1.557848,50.208535],[1.556518,50.209085],[1.556969,50.209867],[1.557934,50.210815],[1.559136,50.212353],[1.560574,50.213232],[1.566153,50.215017],[1.565788,50.215497],[1.565831,50.215703],[1.565595,50.216033],[1.565123,50.21595],[1.564762,50.216128],[1.564266,50.216174],[1.563332,50.216074],[1.563162,50.216192],[1.562199,50.21611],[1.561902,50.216002],[1.561095,50.215992],[1.56094,50.215893],[1.560614,50.215766],[1.560232,50.215748],[1.55975,50.21573],[1.559396,50.215675],[1.558759,50.215748],[1.55825,50.215603],[1.557811,50.215621],[1.557669,50.215467],[1.556353,50.215766],[1.555886,50.215639],[1.555786,50.215521],[1.555461,50.215521],[1.555121,50.215467],[1.55464,50.215503],[1.554314,50.215286],[1.553889,50.21525],[1.553606,50.215286],[1.553068,50.21525],[1.552729,50.215232],[1.552318,50.215204],[1.551984,50.215183],[1.544276,50.213649],[1.541029,50.212678],[1.538268,50.211727],[1.53587,50.210639],[1.534803,50.210266],[1.532743,50.209332],[1.530769,50.208645],[1.529975,50.208247],[1.52813,50.207698],[1.526263,50.20697],[1.525404,50.20653],[1.525319,50.206283],[1.524804,50.205981],[1.524439,50.205555],[1.520727,50.203756],[1.519182,50.202891],[1.517594,50.202177],[1.516006,50.201366],[1.513538,50.199842],[1.513517,50.199141],[1.512487,50.198605],[1.512358,50.198399],[1.511843,50.198262],[1.511736,50.198083],[1.511221,50.197781],[1.511307,50.197204],[1.511114,50.196875],[1.510835,50.196614],[1.510491,50.196518],[1.509933,50.195831],[1.509054,50.195226],[1.50826,50.194471],[1.505749,50.192616],[1.504741,50.191586],[1.50399,50.191284],[1.503775,50.19094],[1.503496,50.190899],[1.503282,50.190762],[1.503024,50.190748],[1.502788,50.190446],[1.501093,50.189594],[1.500728,50.189154],[1.500492,50.188522],[1.50032,50.188426],[1.500492,50.188179],[1.495986,50.185747],[1.495171,50.185143],[1.491759,50.182257],[1.489484,50.179646],[1.48754,50.177237],[1.48716,50.176455],[1.487768,50.176197],[1.484678,50.172129],[1.485472,50.171772],[1.486373,50.171525],[1.486351,50.171236],[1.486201,50.171057],[1.485193,50.167429],[1.485236,50.166769],[1.485579,50.165601],[1.485536,50.165024],[1.484721,50.163099],[1.483798,50.162591],[1.483219,50.16024],[1.482832,50.15991],[1.48191,50.159731],[1.481287,50.159346],[1.481094,50.158975],[1.481051,50.157958],[1.4803,50.157367],[1.480086,50.156996],[1.479936,50.156226],[1.479464,50.155882],[1.479464,50.15536],[1.478176,50.154617],[1.477897,50.153669],[1.476824,50.15294],[1.476009,50.15206],[1.475194,50.151496],[1.47485,50.150589],[1.474249,50.14986],[1.474164,50.149544],[1.474335,50.149049],[1.474164,50.148416],[1.473627,50.147839],[1.47294,50.146505],[1.472833,50.146024],[1.472082,50.145419],[1.471417,50.143549],[1.469464,50.139712],[1.468241,50.136851],[1.467898,50.135696],[1.467662,50.135352],[1.467941,50.134953],[1.470129,50.134486],[1.470752,50.1341],[1.472082,50.133908],[1.472661,50.133647],[1.473069,50.133275],[1.474121,50.131583],[1.475,50.131143],[1.475236,50.129878],[1.474721,50.129176],[1.475687,50.128021],[1.477146,50.127347],[1.480751,50.126067],[1.482747,50.125214],[1.483433,50.124802],[1.482618,50.124416],[1.481094,50.123343],[1.479378,50.122325],[1.478541,50.121913],[1.477125,50.121307],[1.47661,50.120922],[1.476846,50.120881],[1.478412,50.121349],[1.480515,50.120413],[1.481674,50.12],[1.481416,50.119725],[1.481094,50.11923],[1.480322,50.118473],[1.471932,50.112089],[1.470988,50.111208],[1.468949,50.109144],[1.468821,50.110465],[1.469121,50.112144],[1.463242,50.109281],[1.458542,50.106846],[1.457212,50.106006],[1.456461,50.10529],[1.456139,50.104533],[1.456096,50.103914],[1.456397,50.103309],[1.45674,50.102799],[1.454744,50.10251],[1.453886,50.102648],[1.452856,50.102634],[1.451848,50.102538],[1.450689,50.102744],[1.449058,50.103405],[1.447792,50.103694],[1.44644,50.102483],[1.446033,50.102318],[1.445625,50.102015],[1.445732,50.101836],[1.444552,50.100859],[1.444638,50.100625],[1.445067,50.100294],[1.444552,50.100446],[1.443951,50.100143],[1.444101,50.100005],[1.443715,50.099716],[1.443157,50.099744],[1.442449,50.099358],[1.441805,50.099235],[1.440411,50.098615],[1.438758,50.097872],[1.436763,50.096564],[1.435883,50.096193],[1.435068,50.095669],[1.434402,50.095146],[1.433737,50.09483],[1.433244,50.09421],[1.433372,50.093811],[1.432428,50.093371],[1.432106,50.092999],[1.430497,50.092311],[1.429768,50.091898],[1.428609,50.091581],[1.42745,50.091003],[1.426377,50.090686],[1.426291,50.09081],[1.42554,50.090493],[1.425369,50.090246],[1.425476,50.08997],[1.425266,50.089836],[1.424986,50.089978],[1.424815,50.089934],[1.424694,50.089761],[1.424923,50.089446],[1.424548,50.089412],[1.424269,50.089329],[1.424068,50.089211],[1.424028,50.089115],[1.423551,50.089181],[1.423159,50.089109],[1.422572,50.089115],[1.421537,50.088809],[1.421263,50.088672],[1.421992,50.088121],[1.421599,50.088109],[1.421188,50.087785],[1.418143,50.086455],[1.417415,50.085927],[1.417004,50.085532],[1.416275,50.085496],[1.415547,50.085112],[1.415547,50.084753],[1.415248,50.084417],[1.414762,50.084357],[1.410111,50.082727],[1.408579,50.0819],[1.407234,50.081265],[1.406338,50.080665],[1.405721,50.08021],[1.405161,50.080174],[1.404451,50.079778],[1.403891,50.079742],[1.40348,50.079131],[1.402658,50.078879],[1.402083,50.079169],[1.401542,50.079059],[1.401647,50.078584],[1.401212,50.078541],[1.400908,50.078872],[1.399283,50.077923],[1.398781,50.077796],[1.398068,50.077668],[1.397487,50.07727],[1.396866,50.076999],[1.395928,50.076439],[1.394977,50.075981],[1.394317,50.075787],[1.392824,50.074998],[1.392573,50.074735],[1.392401,50.074676],[1.392243,50.074498],[1.392031,50.07443],[1.39186,50.074218],[1.391477,50.074023],[1.391147,50.073786],[1.390314,50.073337],[1.389561,50.072616],[1.389469,50.072251],[1.38869,50.071633],[1.388399,50.071268],[1.388373,50.070963],[1.38861,50.07087],[1.3878,50.070125],[1.387386,50.070022],[1.387271,50.069505],[1.387324,50.069136],[1.387593,50.068792],[1.387131,50.068971],[1.386917,50.069309],[1.386681,50.069309],[1.386587,50.069487],[1.386396,50.069476],[1.385367,50.068391],[1.384182,50.067294],[1.38359,50.066936],[1.382631,50.066243],[1.379703,50.064609],[1.379319,50.064251],[1.37599,50.063211],[1.375398,50.062909],[1.375694,50.062696],[1.376008,50.062159],[1.377241,50.062351]]],"type":"MultiLineString"},"properties":{"geo_point":{"lon":1.8102001660612392,"lat":50.65346632204062},"name":"GR120 De Bray-Dunes (Nord) à Mers-les-Bains (Somme) (2020)","code_gr":"GR120"}},{"type":"Feature","geometry":{"coordinates":[[[1.660781,50.887783],[1.659822,50.887541],[1.658881,50.887431],[1.658602,50.887255],[1.652363,50.884067],[1.652101,50.883638],[1.652136,50.883484],[1.651979,50.883451],[1.651962,50.883286],[1.651735,50.883176],[1.651805,50.882758],[1.65116,50.882208],[1.650934,50.88223],[1.650515,50.881999],[1.650672,50.881845],[1.650393,50.881626],[1.650306,50.881197],[1.649818,50.880977],[1.649208,50.880801],[1.649435,50.880438],[1.649173,50.880328],[1.648929,50.880317],[1.64865,50.880207],[1.64818,50.880185],[1.647814,50.880075],[1.647361,50.880119],[1.646681,50.879668],[1.646036,50.879514],[1.643735,50.878447],[1.642481,50.877986],[1.640598,50.877458],[1.639169,50.877128],[1.634934,50.875951],[1.633121,50.875533],[1.629792,50.874972],[1.62984,50.874756],[1.629771,50.874575],[1.629897,50.874139],[1.629736,50.873943],[1.628793,50.873849],[1.628115,50.873871],[1.623134,50.873092],[1.622367,50.873169],[1.62113,50.872949],[1.619492,50.872762],[1.618673,50.872839],[1.617174,50.872333],[1.617052,50.872234],[1.615954,50.872388],[1.615518,50.872267],[1.615134,50.872245],[1.614925,50.872091],[1.613967,50.872212],[1.613653,50.871816],[1.613932,50.871717],[1.613967,50.871497],[1.614385,50.871354],[1.614577,50.871387],[1.614751,50.871123],[1.613949,50.870826],[1.613339,50.87076],[1.613217,50.87054],[1.612677,50.870397],[1.612224,50.870408],[1.612032,50.870507],[1.61107,50.87032],[1.610651,50.870382],[1.609899,50.870094],[1.60932,50.870102],[1.608359,50.869939],[1.608001,50.870087],[1.606843,50.869659],[1.606461,50.869674],[1.605882,50.869947],[1.605549,50.869869],[1.605031,50.869931],[1.6046,50.869939],[1.604119,50.870063],[1.603417,50.87004],[1.603355,50.870126],[1.603109,50.870079],[1.602788,50.870017],[1.602493,50.870071],[1.601765,50.8699],[1.600669,50.869604],[1.600348,50.869713],[1.599683,50.869783],[1.598426,50.870157],[1.597982,50.870149],[1.597698,50.870234],[1.597255,50.870297],[1.596404,50.870514],[1.595283,50.870678],[1.594137,50.870172],[1.593804,50.869799],[1.593348,50.869612],[1.593003,50.869651],[1.59288,50.8699],[1.591992,50.869869],[1.591425,50.869908],[1.590932,50.86983],[1.590563,50.869651],[1.590317,50.869812],[1.59028,50.870272],[1.589813,50.870343],[1.589719,50.870543],[1.589103,50.870614],[1.588895,50.87041],[1.588459,50.870535],[1.588417,50.870637],[1.588141,50.870898],[1.587986,50.870816],[1.588003,50.870262],[1.587726,50.870242],[1.587564,50.870201],[1.587409,50.870247],[1.587295,50.870334],[1.586718,50.870047],[1.586222,50.869934],[1.586059,50.869811],[1.58575,50.869221],[1.585718,50.869041],[1.585433,50.868574],[1.585214,50.86842],[1.584645,50.868302],[1.584474,50.86821],[1.584311,50.868092],[1.583506,50.867881],[1.583092,50.867671],[1.582677,50.867512],[1.582701,50.867389],[1.582132,50.867158],[1.582116,50.866701],[1.582002,50.866162],[1.581961,50.86567],[1.581888,50.865464],[1.581758,50.865398],[1.581689,50.864852],[1.581529,50.864735],[1.581344,50.864385],[1.580975,50.864152],[1.580913,50.863957],[1.581184,50.863895],[1.581073,50.863755],[1.580876,50.863685],[1.580617,50.863429],[1.580629,50.86311],[1.580358,50.862923],[1.58021,50.862417],[1.580716,50.861717],[1.580482,50.860838],[1.580383,50.860511],[1.580395,50.860146],[1.579717,50.859726],[1.579544,50.858395],[1.579283,50.857669],[1.579231,50.857031],[1.579544,50.856195],[1.579579,50.855854],[1.57991,50.855502],[1.57998,50.855271],[1.579701,50.854842],[1.579631,50.854456],[1.57944,50.854005],[1.578847,50.853642],[1.578708,50.853312],[1.579039,50.852894],[1.579248,50.852509],[1.579684,50.852245],[1.580381,50.851089],[1.580782,50.851045],[1.581671,50.85077],[1.581967,50.850649],[1.582368,50.850517],[1.582699,50.850561],[1.582507,50.849505],[1.583135,50.848724],[1.583117,50.848537],[1.584128,50.847799],[1.584756,50.847513],[1.584756,50.847315],[1.584529,50.847139],[1.584721,50.84671],[1.58493,50.8466],[1.58493,50.84638],[1.586324,50.846457],[1.587109,50.844454],[1.586899,50.844278],[1.585906,50.844113],[1.585592,50.843926],[1.585906,50.843816],[1.585732,50.843562],[1.585854,50.843375],[1.585993,50.842858],[1.586603,50.841791],[1.587231,50.840646],[1.587283,50.840261],[1.587213,50.840019],[1.587422,50.838918],[1.587213,50.838566],[1.587318,50.838125],[1.587178,50.837916],[1.587353,50.837058],[1.587823,50.836408],[1.587841,50.836111],[1.588067,50.836089],[1.588416,50.836353],[1.588817,50.836188],[1.588817,50.836023],[1.588363,50.83566],[1.588729,50.834944],[1.588695,50.834075],[1.589287,50.833205],[1.589496,50.832732],[1.589705,50.831928],[1.590019,50.831312],[1.590228,50.830343],[1.590298,50.830189],[1.590594,50.829374],[1.59096,50.829165],[1.591082,50.829264],[1.59157,50.829],[1.592808,50.827316],[1.592756,50.826633],[1.592372,50.826028],[1.591047,50.826842],[1.59049,50.826402],[1.590037,50.826138],[1.589583,50.825664],[1.590368,50.824662],[1.59171,50.823198],[1.591379,50.823011],[1.592215,50.822009],[1.59225,50.82169],[1.592355,50.82148],[1.592215,50.82126],[1.59239,50.821018],[1.592703,50.820952],[1.593122,50.820456],[1.594429,50.820379],[1.594568,50.820071],[1.594202,50.819939],[1.59415,50.819487],[1.594359,50.818618],[1.595248,50.816823],[1.595614,50.816151],[1.596224,50.814796],[1.596816,50.813871],[1.596886,50.813233],[1.59713,50.81255],[1.59774,50.811515],[1.597915,50.810788],[1.598263,50.810116],[1.597984,50.809995],[1.598019,50.809896],[1.598995,50.809995],[1.598925,50.809852],[1.598559,50.809709],[1.599117,50.808244],[1.60025,50.806437],[1.601087,50.806162],[1.603335,50.807451],[1.606071,50.807363],[1.606176,50.807616],[1.605792,50.80809],[1.606193,50.808861],[1.606629,50.808607],[1.607588,50.808563],[1.608389,50.808001],[1.609418,50.807627],[1.610551,50.807363],[1.611544,50.807286],[1.612851,50.807054],[1.614868,50.806318],[1.614936,50.80642],[1.61549,50.806013],[1.615831,50.805859],[1.61538,50.805389],[1.615477,50.804829],[1.615591,50.804885],[1.616144,50.80451],[1.615062,50.80377],[1.614681,50.803155],[1.612433,50.803596],[1.608145,50.804268],[1.607152,50.804334],[1.606385,50.804257],[1.60581,50.804091],[1.605026,50.804157],[1.604416,50.80408],[1.60391,50.803904],[1.603684,50.803684],[1.603858,50.803442],[1.603649,50.802979],[1.603736,50.802659],[1.603666,50.802417],[1.603875,50.802263],[1.604154,50.801117],[1.604328,50.800765],[1.604294,50.800534],[1.60445,50.799851],[1.604677,50.799498],[1.605636,50.79681],[1.606246,50.795323],[1.606437,50.795158],[1.606333,50.794904],[1.606612,50.794397],[1.60696,50.794265],[1.60703,50.794078],[1.606925,50.793924],[1.607117,50.793472],[1.607483,50.793362],[1.607344,50.79313],[1.607675,50.792536],[1.6075,50.792337],[1.607588,50.79204],[1.607518,50.791874],[1.608389,50.791654],[1.608982,50.791324],[1.609314,50.79122],[1.609029,50.79085],[1.608956,50.790542],[1.609021,50.790393],[1.608956,50.790249],[1.608436,50.78992],[1.608395,50.789817],[1.607785,50.789688],[1.607704,50.789503],[1.607891,50.789401],[1.608021,50.789262],[1.60785,50.789231],[1.607777,50.789118],[1.607753,50.789015],[1.607549,50.788912],[1.607509,50.788825],[1.607273,50.788737],[1.607257,50.788604],[1.607167,50.788491],[1.606639,50.788424],[1.606297,50.788275],[1.60624,50.788054],[1.606135,50.787329],[1.605866,50.7872],[1.605663,50.787082],[1.605305,50.787021],[1.605168,50.786974],[1.604943,50.786828],[1.604642,50.786777],[1.604455,50.786686],[1.604149,50.785885],[1.603977,50.785539],[1.604321,50.784743],[1.604809,50.784168],[1.604907,50.783643],[1.605427,50.782553],[1.606061,50.781844],[1.606614,50.77844],[1.606403,50.778009],[1.606533,50.777515],[1.606418,50.777423],[1.605924,50.777331],[1.605839,50.777209],[1.605892,50.777077],[1.606187,50.776632],[1.606396,50.776283],[1.606584,50.776195],[1.607276,50.776324],[1.607689,50.776398],[1.608274,50.776659],[1.608738,50.774662],[1.609104,50.773361],[1.607222,50.772028],[1.607012,50.771807],[1.606542,50.771719],[1.606542,50.771488],[1.606751,50.770848],[1.60689,50.770738],[1.606873,50.770154],[1.606751,50.769988],[1.60649,50.76796],[1.606124,50.766307],[1.606141,50.766042],[1.60581,50.764422],[1.605618,50.764102],[1.606002,50.764135],[1.605827,50.763407],[1.606472,50.763198],[1.60628,50.761566],[1.606246,50.761037],[1.605949,50.761015],[1.605758,50.760839],[1.605426,50.76085],[1.60513,50.760949],[1.604172,50.76085],[1.603788,50.760387],[1.603649,50.759891],[1.603352,50.759394],[1.603178,50.758755],[1.602934,50.758457],[1.602899,50.75816],[1.602655,50.757732],[1.602541,50.757438],[1.602346,50.757166],[1.602305,50.757011],[1.601898,50.756425],[1.601785,50.756024],[1.601533,50.755638],[1.60163,50.755443],[1.60124,50.754779],[1.600988,50.754295],[1.601004,50.754141],[1.600817,50.753827],[1.600882,50.753596],[1.60063,50.7534],[1.600549,50.753045],[1.600663,50.752901],[1.60041,50.752521],[1.599833,50.752531],[1.599727,50.752433],[1.599532,50.752161],[1.598979,50.752109],[1.597735,50.751528],[1.597687,50.751307],[1.597353,50.750993],[1.597126,50.750952],[1.596987,50.750828],[1.597056,50.750608],[1.596803,50.750331],[1.596332,50.750339],[1.596125,50.75015],[1.595837,50.750273],[1.595596,50.750288],[1.595584,50.750077],[1.596297,50.749677],[1.596907,50.749124],[1.596947,50.748832],[1.596882,50.748724],[1.596882,50.748662],[1.596727,50.748416],[1.596808,50.748112],[1.596752,50.747989],[1.596857,50.747721],[1.596768,50.747345],[1.596865,50.747026],[1.596971,50.746939],[1.59715,50.746913],[1.597191,50.74663],[1.597516,50.746388],[1.597744,50.746316],[1.597337,50.746033],[1.596921,50.74421],[1.596572,50.743923],[1.596276,50.743317],[1.596206,50.742964],[1.59605,50.742953],[1.595304,50.740729],[1.595142,50.740394],[1.594426,50.739468],[1.594337,50.739154],[1.594166,50.737034],[1.594215,50.73601],[1.594451,50.735068],[1.594655,50.734074],[1.59422,50.733985],[1.594881,50.731811],[1.59402,50.73108],[1.593063,50.730132],[1.593436,50.729801],[1.594408,50.729624],[1.598125,50.728169],[1.59848,50.727897],[1.598667,50.727578],[1.59947,50.726821],[1.599694,50.726526],[1.600124,50.726183],[1.601207,50.724598],[1.601525,50.724303],[1.601712,50.723558],[1.601133,50.723262],[1.598629,50.722493],[1.598461,50.722032],[1.597079,50.722422],[1.595192,50.72286],[1.593642,50.725071],[1.592895,50.725473],[1.592073,50.725627],[1.591382,50.725544],[1.579613,50.722056],[1.57825,50.719123],[1.578212,50.718591],[1.579165,50.718011],[1.578888,50.717741],[1.577646,50.717275],[1.575714,50.715732],[1.575116,50.71544],[1.573323,50.715295],[1.572127,50.715368],[1.571798,50.713728],[1.571115,50.712924],[1.571326,50.712533],[1.57131,50.712204],[1.570448,50.710803],[1.570936,50.710597],[1.570497,50.709403],[1.570497,50.708991],[1.570594,50.708888],[1.570025,50.707724],[1.570106,50.707467],[1.570367,50.707168],[1.567895,50.70552],[1.567212,50.704758],[1.56635,50.704151],[1.568285,50.703903],[1.56848,50.703955],[1.569033,50.703893],[1.570269,50.703831],[1.569928,50.703357],[1.570432,50.703254],[1.571619,50.702822],[1.571538,50.702616],[1.572513,50.701916],[1.572773,50.701462],[1.573391,50.701442],[1.573749,50.701277],[1.574172,50.700886],[1.574335,50.700597],[1.574969,50.700752],[1.576481,50.699186],[1.573782,50.69865],[1.572741,50.698084],[1.572107,50.697548],[1.572318,50.696889],[1.573229,50.695148],[1.574042,50.694159],[1.573765,50.69384],[1.572595,50.692903],[1.571847,50.692491],[1.571164,50.691522],[1.570952,50.690822],[1.571261,50.69044],[1.571456,50.690059],[1.570757,50.688153],[1.570237,50.685866],[1.570253,50.685433],[1.570513,50.685042],[1.571164,50.684568],[1.571765,50.68395],[1.571977,50.683599],[1.571554,50.683496],[1.571098,50.683198],[1.570952,50.682837],[1.571001,50.681848],[1.571391,50.680879],[1.571147,50.679313],[1.570448,50.677788],[1.56983,50.676809],[1.569798,50.676397],[1.571489,50.673398],[1.572009,50.672089],[1.571847,50.671769],[1.571001,50.670862],[1.570692,50.669481],[1.570773,50.668574],[1.570643,50.667358],[1.571294,50.664544],[1.57196,50.66441],[1.572367,50.664451],[1.575001,50.664317],[1.575684,50.664359],[1.576172,50.664462],[1.576319,50.664431],[1.576185,50.664258],[1.576306,50.66409],[1.576253,50.663893],[1.576367,50.663816],[1.576351,50.6637],[1.577148,50.663748],[1.577398,50.663609],[1.577641,50.663561],[1.57799,50.663484],[1.578316,50.663469],[1.578449,50.663215],[1.577815,50.66307],[1.577538,50.662761],[1.578042,50.662431],[1.579262,50.661947],[1.580595,50.66106],[1.581083,50.660895],[1.581555,50.660225],[1.581815,50.66007],[1.581636,50.659802],[1.581734,50.659648],[1.581717,50.659493],[1.581799,50.659339],[1.581392,50.659246],[1.581165,50.659091],[1.580937,50.659029],[1.580628,50.658833],[1.580644,50.658658],[1.581083,50.658658],[1.581376,50.658483],[1.581685,50.658421],[1.581701,50.658112],[1.581961,50.657998],[1.582205,50.657844],[1.582466,50.657864],[1.582644,50.657772],[1.582986,50.657772],[1.583311,50.657473],[1.583457,50.657143],[1.582986,50.65673],[1.583149,50.656328],[1.583067,50.656112],[1.583214,50.655967],[1.5831,50.655617],[1.583197,50.655514],[1.583181,50.655277],[1.582791,50.655112],[1.582514,50.654906],[1.582498,50.654411],[1.581766,50.654091],[1.581555,50.653885],[1.581295,50.653782],[1.581978,50.653153],[1.582102,50.652898],[1.581783,50.652605],[1.581836,50.652509],[1.582679,50.65236],[1.582921,50.65222],[1.582891,50.652042],[1.582732,50.651802],[1.582959,50.65135],[1.583649,50.651209],[1.584132,50.650815],[1.583457,50.650843],[1.582742,50.650946],[1.582205,50.650895],[1.581392,50.650781],[1.579782,50.651214],[1.577294,50.652338],[1.576693,50.653008],[1.57614,50.653091],[1.575457,50.653122],[1.575196,50.652813],[1.574822,50.652658],[1.573896,50.652658],[1.574774,50.648668],[1.575375,50.644223],[1.575766,50.642367],[1.57653,50.641325],[1.57718,50.641243],[1.577701,50.641336],[1.578107,50.641295],[1.578709,50.640923],[1.578676,50.640727],[1.578319,50.640552],[1.578351,50.64016],[1.578042,50.640078],[1.577928,50.640191],[1.577262,50.640418],[1.57679,50.640315],[1.576497,50.639954],[1.57657,50.639575],[1.576678,50.639419],[1.576463,50.639316],[1.576731,50.635465],[1.577203,50.635234],[1.577203,50.634982],[1.576763,50.634717],[1.576967,50.63209],[1.576887,50.632052],[1.577094,50.629084],[1.577048,50.628726],[1.577083,50.628187],[1.577347,50.627961],[1.577842,50.627815],[1.577668,50.627659],[1.577766,50.626988],[1.577668,50.626555],[1.577798,50.626153],[1.577473,50.625781],[1.577596,50.624025],[1.577763,50.623929],[1.577755,50.623809],[1.577846,50.623708],[1.577626,50.623645],[1.577664,50.623477],[1.57758,50.622793],[1.577635,50.621257],[1.577623,50.620863],[1.577738,50.620228],[1.577773,50.619455],[1.577876,50.618338],[1.577876,50.617514],[1.577796,50.617018],[1.577876,50.616675],[1.577863,50.616372],[1.577847,50.615309],[1.578042,50.614783],[1.578124,50.612915],[1.578237,50.612007],[1.578302,50.611429],[1.57827,50.609696],[1.578351,50.607281],[1.578546,50.606723],[1.57827,50.606032],[1.578628,50.605924],[1.579132,50.605924],[1.579522,50.605851],[1.579644,50.605753],[1.579595,50.605676],[1.579392,50.605619],[1.579172,50.605304],[1.579303,50.605124],[1.579132,50.604572],[1.57927,50.604365],[1.579189,50.604195],[1.579294,50.603813],[1.579677,50.603638],[1.579668,50.603488],[1.579547,50.603333],[1.579677,50.603111],[1.57975,50.602678],[1.580457,50.602507],[1.580742,50.602373],[1.581091,50.602342],[1.581189,50.602218],[1.581059,50.602074],[1.581205,50.601702],[1.581441,50.60163],[1.58153,50.601501],[1.581709,50.601351],[1.58162,50.601052],[1.581376,50.600918],[1.581449,50.600665],[1.581254,50.600479],[1.581221,50.60036],[1.581644,50.600154],[1.581352,50.5997],[1.581043,50.599705],[1.580856,50.59954],[1.580782,50.599251],[1.580441,50.599112],[1.580213,50.599034],[1.580205,50.598735],[1.580018,50.598621],[1.580083,50.598554],[1.580612,50.59843],[1.580913,50.598477],[1.581319,50.598472],[1.581839,50.598487],[1.582043,50.598312],[1.582295,50.598203],[1.582311,50.598048],[1.58201,50.597873],[1.582083,50.597754],[1.582344,50.597749],[1.582831,50.597393],[1.583027,50.59731],[1.583067,50.59697],[1.583181,50.596717],[1.582872,50.596459],[1.582409,50.596376],[1.582181,50.596428],[1.581913,50.596593],[1.581433,50.596546],[1.581132,50.596469],[1.580725,50.596515],[1.580286,50.596428],[1.579774,50.596226],[1.579685,50.596072],[1.579408,50.595922],[1.579246,50.595906],[1.579148,50.59569],[1.579254,50.595473],[1.579425,50.595421],[1.579433,50.595143],[1.579303,50.594828],[1.579384,50.594709],[1.579571,50.594595],[1.579571,50.594497],[1.579888,50.594205],[1.579291,50.593854],[1.579279,50.593759],[1.578854,50.593621],[1.578911,50.593497],[1.579153,50.593365],[1.579279,50.593146],[1.57944,50.592949],[1.579475,50.592686],[1.579314,50.592555],[1.579486,50.592321],[1.579164,50.592022],[1.579394,50.591701],[1.57944,50.591504],[1.579417,50.59135],[1.57967,50.590912],[1.579716,50.590489],[1.579475,50.590387],[1.579394,50.590277],[1.579532,50.590146],[1.579509,50.589934],[1.579302,50.589737],[1.579532,50.589438],[1.57967,50.589343],[1.579601,50.589066],[1.579337,50.588934],[1.579245,50.588584],[1.57921,50.588445],[1.578969,50.588328],[1.578589,50.588292],[1.578888,50.587167],[1.579126,50.586963],[1.579527,50.586753],[1.579248,50.586609],[1.578673,50.58662],[1.578429,50.586487],[1.578028,50.585292],[1.577819,50.583665],[1.577749,50.581983],[1.577889,50.581297],[1.57747,50.580533],[1.577331,50.579869],[1.577366,50.579426],[1.577017,50.578618],[1.576442,50.57532],[1.576302,50.574833],[1.576285,50.573483],[1.576459,50.572276],[1.576947,50.570837],[1.577191,50.570571],[1.577209,50.570217],[1.577313,50.569852],[1.577627,50.569774],[1.578133,50.568878],[1.578638,50.567361],[1.578952,50.567073],[1.578899,50.566918],[1.579335,50.566287],[1.579736,50.565966],[1.580276,50.564915],[1.580573,50.56435],[1.580956,50.564062],[1.581932,50.562977],[1.58235,50.562866],[1.583431,50.561903],[1.585156,50.560652],[1.586359,50.559556],[1.588311,50.557795],[1.589043,50.557065],[1.590193,50.55753],[1.591692,50.558471],[1.592407,50.559246],[1.59279,50.559556],[1.594185,50.560264],[1.594688,50.560388],[1.594952,50.560585],[1.595228,50.560658],[1.595389,50.560797],[1.595998,50.560965],[1.596447,50.561177],[1.596619,50.56133],[1.596918,50.561418],[1.597666,50.561951],[1.607361,50.563739],[1.607533,50.564083],[1.608014,50.564224],[1.609345,50.56413],[1.609727,50.564302],[1.61038,50.56431],[1.612352,50.564028],[1.613363,50.563331],[1.61348,50.562358],[1.61391,50.562002],[1.614227,50.561896],[1.614227,50.561551],[1.614003,50.560804],[1.614321,50.560555],[1.616413,50.560033],[1.6183,50.559119],[1.619215,50.553731],[1.618778,50.551575],[1.61912,50.55142],[1.619331,50.551477],[1.619469,50.551198],[1.619624,50.551394],[1.6199,50.551255],[1.620209,50.551337],[1.620396,50.551472],[1.620713,50.551523],[1.621079,50.551818],[1.621331,50.551859],[1.621567,50.551952],[1.621697,50.551828],[1.621649,50.551415],[1.621957,50.551379],[1.621998,50.551162],[1.621567,50.550738],[1.621762,50.550423],[1.622112,50.550387],[1.622584,50.549994],[1.622494,50.549839],[1.622844,50.549576],[1.623153,50.5494],[1.62321,50.548966],[1.623096,50.548671],[1.622502,50.548274],[1.621998,50.547462],[1.622096,50.546966],[1.621998,50.546786],[1.622169,50.546584],[1.622218,50.546383],[1.62308,50.545768],[1.623421,50.546119],[1.623697,50.546104],[1.624104,50.545897],[1.624299,50.545525],[1.62412,50.545447],[1.62395,50.54521],[1.623844,50.545189],[1.623803,50.545075],[1.623941,50.544858],[1.623893,50.544734],[1.623941,50.544362],[1.624015,50.54413],[1.623974,50.54398],[1.624226,50.543256],[1.6246,50.542874],[1.624494,50.542611],[1.623795,50.542388],[1.623405,50.542357],[1.623047,50.542135],[1.622844,50.542084],[1.622754,50.54198],[1.622608,50.54197],[1.622421,50.541856],[1.622266,50.541706],[1.622039,50.541618],[1.622199,50.54125],[1.621361,50.541218],[1.619118,50.540905],[1.617294,50.540513],[1.61759,50.539683],[1.617536,50.53947],[1.617582,50.539287],[1.61749,50.538995],[1.61749,50.538797],[1.61734,50.538622],[1.617432,50.538227],[1.617731,50.53784],[1.617789,50.537687],[1.617927,50.537533],[1.617984,50.537343],[1.618249,50.537065],[1.618191,50.536927],[1.618387,50.5364],[1.618318,50.536283],[1.617961,50.536181],[1.617789,50.535852],[1.617812,50.535743],[1.617789,50.535611],[1.617892,50.535443],[1.617731,50.535216],[1.618045,50.535113],[1.618167,50.534692],[1.6193,50.534083],[1.620032,50.533662],[1.62045,50.533097],[1.62113,50.531934],[1.621879,50.529529],[1.622507,50.528621],[1.623134,50.527579],[1.624947,50.525009],[1.62533,50.524289],[1.625557,50.523801],[1.625818,50.523502],[1.625975,50.522793],[1.626864,50.521374],[1.627282,50.520854],[1.628136,50.520787],[1.62785,50.520472],[1.627885,50.520202],[1.628069,50.519851],[1.62892,50.5195],[1.632034,50.516963],[1.632601,50.516665],[1.632006,50.516255],[1.632685,50.515734],[1.634414,50.514306],[1.634447,50.514167],[1.634772,50.514058],[1.635597,50.514371],[1.636681,50.513325],[1.636195,50.512874],[1.634346,50.51171],[1.621793,50.5193],[1.621176,50.519822],[1.609576,50.526829],[1.608754,50.527031],[1.607895,50.527007],[1.605765,50.528041],[1.605578,50.527993],[1.603001,50.529264],[1.602552,50.529252],[1.60061,50.527969],[1.600479,50.527328],[1.599395,50.52677],[1.599022,50.526663],[1.598106,50.5262],[1.597228,50.526711],[1.596463,50.527411],[1.594445,50.530024],[1.594016,50.530831],[1.591438,50.533906],[1.593549,50.535889],[1.592372,50.536388],[1.592502,50.53691],[1.592297,50.537219],[1.590167,50.538549],[1.589458,50.538608],[1.588991,50.53843],[1.588281,50.53786],[1.586282,50.535296],[1.584806,50.53361],[1.583275,50.53133],[1.582882,50.530522],[1.582565,50.529549],[1.581257,50.528088],[1.581425,50.527898],[1.581967,50.527767],[1.582621,50.527482],[1.581911,50.526354],[1.580958,50.524264],[1.580136,50.524371],[1.579408,50.524229],[1.578698,50.522079],[1.577652,50.516295],[1.577372,50.514739],[1.577372,50.510249],[1.577278,50.502835],[1.577091,50.500768],[1.577017,50.496253],[1.576157,50.487946],[1.575877,50.484202],[1.575989,50.483275],[1.575971,50.48268],[1.576045,50.482538],[1.57556,50.477866],[1.575747,50.477486],[1.575167,50.477189],[1.574756,50.474347],[1.57485,50.473587],[1.574719,50.47235],[1.574588,50.471887],[1.574364,50.470365],[1.574383,50.469449],[1.573935,50.468367],[1.573318,50.466441],[1.572758,50.465383],[1.572291,50.462648],[1.571973,50.4604],[1.571861,50.459865],[1.571674,50.458866],[1.571805,50.457237],[1.571245,50.452611],[1.570759,50.448864],[1.570572,50.448459],[1.570535,50.447424],[1.570273,50.447175],[1.569732,50.444486],[1.569395,50.441762],[1.567789,50.434041],[1.567191,50.432006],[1.566743,50.429685],[1.566407,50.429186],[1.566294,50.428638],[1.566463,50.428222],[1.566164,50.425782],[1.565529,50.424366],[1.564165,50.419308],[1.563922,50.419046],[1.563287,50.417356],[1.562502,50.415594],[1.562689,50.413023],[1.562596,50.412975],[1.562241,50.411297],[1.562035,50.411178],[1.560859,50.40888],[1.559233,50.405499],[1.559222,50.405289],[1.559074,50.4051],[1.558647,50.404289],[1.558168,50.403684],[1.557645,50.403262],[1.557418,50.403184],[1.556702,50.402754],[1.555801,50.401363],[1.555741,50.399972],[1.556261,50.397151],[1.556802,50.396679],[1.560246,50.394548],[1.560566,50.394535],[1.560746,50.39479],[1.561006,50.394624],[1.561547,50.394701],[1.561827,50.394841],[1.561907,50.39502],[1.562248,50.39539],[1.563149,50.395543],[1.56443,50.395428],[1.56497,50.395441],[1.565531,50.395492],[1.566672,50.395364],[1.567894,50.394969],[1.569415,50.394241],[1.569827,50.394123],[1.571437,50.392715],[1.572794,50.391337],[1.573185,50.39034],[1.573898,50.389284],[1.574955,50.388434],[1.57668,50.387715],[1.57783,50.387319],[1.579233,50.386748],[1.580406,50.386],[1.58082,50.385472],[1.580981,50.384548],[1.580452,50.383184],[1.579877,50.382436],[1.579463,50.3816],[1.581165,50.379841],[1.582522,50.37811],[1.583465,50.377685],[1.584408,50.377641],[1.586546,50.378242],[1.587351,50.378418],[1.587857,50.378609],[1.588708,50.378726],[1.589398,50.378975],[1.592204,50.378843],[1.593952,50.378755],[1.594895,50.378227],[1.596021,50.377259],[1.596849,50.376966],[1.597608,50.377039],[1.599287,50.377729],[1.600368,50.378315],[1.600736,50.377993],[1.601219,50.377787],[1.602714,50.376174],[1.603611,50.374854],[1.604071,50.373989],[1.609613,50.370571],[1.610855,50.370072],[1.61189,50.370014],[1.61304,50.370234],[1.61419,50.370688],[1.616696,50.372155],[1.617501,50.372405],[1.619019,50.371451],[1.623274,50.371554],[1.624723,50.372023],[1.625574,50.372053],[1.627137,50.372463],[1.628126,50.372683],[1.629138,50.373065],[1.631139,50.373534],[1.632013,50.372595],[1.633853,50.371114],[1.634773,50.370542],[1.635164,50.370336],[1.635624,50.369955],[1.638682,50.369926],[1.63951,50.369632],[1.640729,50.3684],[1.641166,50.36774],[1.641235,50.367124],[1.640039,50.366889],[1.63905,50.366317],[1.639096,50.365452],[1.639441,50.364923],[1.6402,50.363544],[1.640499,50.362635],[1.641166,50.361711],[1.640844,50.361593],[1.639211,50.361432],[1.63905,50.361226],[1.639165,50.360698],[1.639027,50.360097],[1.639165,50.35948],[1.639027,50.35907],[1.642017,50.355915],[1.642845,50.355739],[1.64388,50.355651],[1.644455,50.354756],[1.644685,50.354198],[1.646019,50.35232],[1.646501,50.351293],[1.648042,50.350882],[1.646731,50.346465],[1.646295,50.34576],[1.644547,50.343412],[1.64365,50.343265],[1.642822,50.343529],[1.641902,50.345496],[1.640131,50.349194],[1.640246,50.349605],[1.643282,50.350985],[1.641557,50.351806],[1.640614,50.352173],[1.637532,50.353611],[1.636038,50.354184],[1.633577,50.355871],[1.631622,50.357544],[1.626884,50.359994],[1.627091,50.36152],[1.626447,50.365936],[1.62562,50.366288],[1.624194,50.36639],[1.621411,50.36485],[1.621181,50.364747],[1.617616,50.362826],[1.616719,50.362811],[1.616351,50.362532],[1.616351,50.362121],[1.6135,50.360537],[1.612189,50.36039],[1.600414,50.35995],[1.6,50.360375],[1.599448,50.360449],[1.598919,50.360302],[1.598275,50.359803],[1.588984,50.359392],[1.570954,50.358688],[1.571667,50.352203],[1.570218,50.349165],[1.568792,50.34598],[1.568953,50.345423],[1.570379,50.343119],[1.568585,50.342194],[1.568263,50.3419],[1.568125,50.341886],[1.567596,50.341225],[1.567458,50.341255],[1.566814,50.340433],[1.56686,50.339904],[1.556787,50.339346],[1.556902,50.338627],[1.556787,50.337849],[1.556833,50.3376],[1.556327,50.337585],[1.555315,50.336939],[1.555338,50.336602],[1.555154,50.336425],[1.555154,50.335853],[1.554625,50.335574],[1.553775,50.334429],[1.553614,50.333945],[1.554027,50.333431],[1.553912,50.332403],[1.554004,50.331992],[1.55274,50.331331],[1.552694,50.330671],[1.552464,50.330348],[1.551843,50.330289],[1.551567,50.329775],[1.550923,50.329394],[1.550647,50.328674],[1.550762,50.328175],[1.550739,50.327206],[1.551038,50.326971],[1.551015,50.326678],[1.550118,50.326178],[1.549612,50.325503],[1.548623,50.325077],[1.548301,50.324299],[1.547082,50.31938],[1.546277,50.319189],[1.54561,50.319233],[1.545288,50.318984],[1.542966,50.307778],[1.540551,50.296291],[1.54039,50.293705],[1.539263,50.287931],[1.538435,50.284389],[1.538205,50.282361],[1.538504,50.279907],[1.539677,50.275439],[1.540068,50.27444],[1.54108,50.273087],[1.541885,50.272382],[1.543793,50.271279],[1.546507,50.270192],[1.547082,50.269516],[1.547542,50.269177],[1.547542,50.268178],[1.547082,50.267252],[1.547266,50.265694],[1.547496,50.265164],[1.547634,50.2639],[1.548715,50.261974],[1.549152,50.260577],[1.549497,50.260269],[1.549796,50.26021],[1.551084,50.259607],[1.553798,50.258695],[1.556005,50.258078],[1.557431,50.257799],[1.558075,50.257622],[1.558834,50.257578],[1.559616,50.257416],[1.560582,50.25674],[1.561801,50.256387],[1.564032,50.25624],[1.567366,50.256196],[1.575438,50.256666],[1.577784,50.256431],[1.580314,50.255858],[1.581027,50.255622],[1.58335,50.255284],[1.586316,50.255666],[1.588018,50.255828],[1.588708,50.256122],[1.591514,50.256696],[1.591974,50.256652],[1.59363,50.25746],[1.594711,50.257784],[1.594872,50.257651],[1.59432,50.257446],[1.592388,50.256519],[1.592227,50.256063],[1.59294,50.254931],[1.593239,50.254505],[1.596067,50.250623],[1.594136,50.250226],[1.593543,50.250182],[1.593393,50.249908],[1.593404,50.249249],[1.593769,50.249229],[1.59379,50.249119],[1.593887,50.248982],[1.593844,50.248721],[1.594044,50.247167],[1.594228,50.246637],[1.594136,50.246299],[1.594205,50.24599],[1.594136,50.245755],[1.594389,50.245343],[1.594711,50.245181],[1.595469,50.244005],[1.595768,50.243431],[1.596389,50.243417],[1.596734,50.24352],[1.597355,50.243269],[1.597792,50.243269],[1.598183,50.243446],[1.598528,50.243343],[1.599402,50.240946],[1.600782,50.239872],[1.601081,50.239519],[1.602047,50.238945],[1.60299,50.238048],[1.604462,50.237724],[1.604531,50.237445],[1.604807,50.237268],[1.604692,50.237077],[1.605221,50.2364],[1.605473,50.236239],[1.605565,50.236033],[1.606071,50.235915],[1.606255,50.23565],[1.606485,50.23543],[1.60683,50.234959],[1.60683,50.234621],[1.607129,50.234194],[1.606876,50.234091],[1.607106,50.233385],[1.60752,50.233046],[1.608371,50.23184],[1.608279,50.231443],[1.608808,50.23084],[1.611384,50.230207],[1.611959,50.229413],[1.613339,50.227942],[1.612239,50.227657],[1.61302,50.226325],[1.613401,50.226364],[1.613661,50.224301],[1.615503,50.222649],[1.616143,50.221881],[1.616924,50.220574],[1.619307,50.218537],[1.621649,50.216872],[1.62283,50.216564],[1.623131,50.21577],[1.623171,50.215053],[1.623471,50.214976],[1.624252,50.214271],[1.624993,50.21463],[1.625633,50.214297],[1.626114,50.214233],[1.626494,50.213835],[1.627655,50.213861],[1.629377,50.214809],[1.629575,50.215017],[1.629537,50.21536],[1.629257,50.215821],[1.629337,50.216103],[1.63258,50.218089],[1.632921,50.217973],[1.633141,50.217628],[1.633181,50.216974],[1.634402,50.214988],[1.635423,50.213989],[1.637025,50.213259],[1.638627,50.213028],[1.64215,50.213105],[1.645053,50.21372],[1.648517,50.214937],[1.6513,50.216398],[1.650919,50.216782],[1.651293,50.217381],[1.659971,50.215039],[1.662586,50.21449],[1.664792,50.213831],[1.676446,50.209979],[1.677867,50.209364],[1.679949,50.208006],[1.684014,50.204354],[1.683573,50.204149],[1.686917,50.200317],[1.686837,50.20001],[1.677607,50.196511],[1.677167,50.195344],[1.676666,50.194511],[1.676986,50.194191],[1.682832,50.190589],[1.689099,50.188038],[1.677307,50.176141],[1.675565,50.174897],[1.673783,50.174218],[1.671681,50.17382],[1.669278,50.173782],[1.664413,50.173923],[1.664159,50.174097],[1.660853,50.174241],[1.659171,50.174396],[1.657135,50.174719],[1.65665,50.174157],[1.655958,50.174289],[1.648262,50.177447],[1.64787,50.177435],[1.64673,50.176753],[1.645871,50.177363],[1.644582,50.179469],[1.643816,50.17972],[1.644115,50.181012],[1.643443,50.182974],[1.643667,50.183261],[1.643686,50.184062],[1.643891,50.184541],[1.643742,50.185067],[1.643207,50.185527],[1.642306,50.185816],[1.635869,50.187602],[1.627178,50.190198],[1.626492,50.189402],[1.625848,50.189305],[1.62499,50.189319],[1.624367,50.189374],[1.623144,50.189251],[1.620741,50.18958],[1.617308,50.19035],[1.615913,50.190734],[1.614947,50.191229],[1.613381,50.19138],[1.612523,50.191297],[1.610999,50.190775],[1.610591,50.190487],[1.610613,50.19013],[1.60969,50.189745],[1.608038,50.18958],[1.606364,50.188989],[1.605377,50.188742],[1.600957,50.187135],[1.599991,50.186709],[1.598146,50.186008],[1.596215,50.185431],[1.594477,50.184799],[1.593554,50.184153],[1.593039,50.184236],[1.592202,50.185019],[1.591215,50.185843],[1.590292,50.186187],[1.589069,50.186365],[1.58761,50.187286],[1.578147,50.193001],[1.572397,50.194952],[1.571624,50.195061],[1.57156,50.195268],[1.569543,50.19627],[1.566796,50.197974],[1.565938,50.19866],[1.565101,50.200144],[1.56611,50.200487],[1.566024,50.201476],[1.566539,50.201861],[1.566603,50.202177],[1.56199,50.206269],[1.560466,50.20767],[1.558192,50.20859],[1.557848,50.208535],[1.556518,50.209085],[1.556969,50.209867],[1.557934,50.210815],[1.559136,50.212353],[1.560574,50.213232],[1.566153,50.215017],[1.565788,50.215497],[1.565831,50.215703],[1.565595,50.216033],[1.565123,50.21595],[1.564762,50.216128],[1.564266,50.216174],[1.563332,50.216074],[1.563162,50.216192],[1.562199,50.21611],[1.561902,50.216002],[1.561095,50.215992],[1.56094,50.215893],[1.560614,50.215766],[1.560232,50.215748],[1.55975,50.21573],[1.559396,50.215675],[1.558759,50.215748],[1.55825,50.215603],[1.557811,50.215621],[1.557669,50.215467],[1.556353,50.215766],[1.555886,50.215639],[1.555786,50.215521],[1.555461,50.215521],[1.555121,50.215467],[1.55464,50.215503],[1.554314,50.215286],[1.553889,50.21525],[1.553606,50.215286],[1.553068,50.21525],[1.552729,50.215232],[1.552318,50.215204],[1.551984,50.215183],[1.544276,50.213649],[1.541029,50.212678],[1.538268,50.211727],[1.53587,50.210639],[1.534803,50.210266],[1.532743,50.209332],[1.530769,50.208645],[1.529975,50.208247],[1.52813,50.207698],[1.526263,50.20697],[1.525404,50.20653],[1.525319,50.206283],[1.524804,50.205981],[1.524439,50.205555],[1.520727,50.203756],[1.519182,50.202891],[1.517594,50.202177],[1.516006,50.201366],[1.513538,50.199842],[1.513517,50.199141],[1.512487,50.198605],[1.512358,50.198399],[1.511843,50.198262],[1.511736,50.198083],[1.511221,50.197781],[1.511307,50.197204],[1.511114,50.196875],[1.510835,50.196614],[1.510491,50.196518],[1.509933,50.195831],[1.509054,50.195226],[1.50826,50.194471],[1.505749,50.192616],[1.504741,50.191586],[1.50399,50.191284],[1.503775,50.19094],[1.503496,50.190899],[1.503282,50.190762],[1.503024,50.190748],[1.502788,50.190446],[1.501093,50.189594],[1.500728,50.189154],[1.500492,50.188522],[1.50032,50.188426],[1.500492,50.188179],[1.495986,50.185747],[1.495171,50.185143],[1.491759,50.182257],[1.489484,50.179646],[1.48754,50.177237],[1.48716,50.176455],[1.487768,50.176197],[1.484678,50.172129],[1.485472,50.171772],[1.486373,50.171525],[1.486351,50.171236],[1.486201,50.171057],[1.485193,50.167429],[1.485236,50.166769],[1.485579,50.165601],[1.485536,50.165024],[1.484721,50.163099],[1.483798,50.162591],[1.483219,50.16024],[1.482832,50.15991],[1.48191,50.159731],[1.481287,50.159346],[1.481094,50.158975],[1.481051,50.157958],[1.4803,50.157367],[1.480086,50.156996],[1.479936,50.156226],[1.479464,50.155882],[1.479464,50.15536],[1.478176,50.154617],[1.477897,50.153669],[1.476824,50.15294],[1.476009,50.15206],[1.475194,50.151496],[1.47485,50.150589],[1.474249,50.14986],[1.474164,50.149544],[1.474335,50.149049],[1.474164,50.148416],[1.473627,50.147839],[1.47294,50.146505],[1.472833,50.146024],[1.472082,50.145419],[1.471417,50.143549],[1.469464,50.139712],[1.468241,50.136851],[1.467898,50.135696],[1.467662,50.135352],[1.467941,50.134953],[1.470129,50.134486],[1.470752,50.1341],[1.472082,50.133908],[1.472661,50.133647],[1.473069,50.133275],[1.474121,50.131583],[1.475,50.131143],[1.475236,50.129878],[1.474721,50.129176],[1.475687,50.128021],[1.477146,50.127347],[1.480751,50.126067],[1.482747,50.125214],[1.483433,50.124802],[1.482618,50.124416],[1.481094,50.123343],[1.479378,50.122325],[1.478541,50.121913],[1.477125,50.121307],[1.47661,50.120922],[1.476846,50.120881],[1.478412,50.121349],[1.480515,50.120413],[1.481674,50.12],[1.481416,50.119725],[1.481094,50.11923],[1.480322,50.118473],[1.471932,50.112089],[1.470988,50.111208],[1.468949,50.109144],[1.468821,50.110465],[1.469121,50.112144],[1.463242,50.109281],[1.458542,50.106846],[1.457212,50.106006],[1.456461,50.10529],[1.456139,50.104533],[1.456096,50.103914],[1.456397,50.103309],[1.45674,50.102799],[1.454744,50.10251],[1.453886,50.102648],[1.452856,50.102634],[1.451848,50.102538],[1.450689,50.102744],[1.449058,50.103405],[1.447792,50.103694],[1.44644,50.102483],[1.446033,50.102318],[1.445625,50.102015],[1.445732,50.101836],[1.444552,50.100859],[1.444638,50.100625],[1.445067,50.100294],[1.444552,50.100446],[1.443951,50.100143],[1.444101,50.100005],[1.443715,50.099716],[1.443157,50.099744],[1.442449,50.099358],[1.441805,50.099235],[1.440411,50.098615],[1.438758,50.097872],[1.436763,50.096564],[1.435883,50.096193],[1.435068,50.095669],[1.434402,50.095146],[1.433737,50.09483],[1.433244,50.09421],[1.433372,50.093811],[1.432428,50.093371],[1.432106,50.092999],[1.430497,50.092311],[1.429768,50.091898],[1.428609,50.091581],[1.42745,50.091003],[1.426377,50.090686],[1.426291,50.09081],[1.42554,50.090493],[1.425369,50.090246],[1.425476,50.08997],[1.425266,50.089836],[1.424986,50.089978],[1.424815,50.089934],[1.424694,50.089761],[1.424923,50.089446],[1.424548,50.089412],[1.424269,50.089329],[1.424068,50.089211],[1.424028,50.089115],[1.423551,50.089181],[1.423159,50.089109],[1.422572,50.089115],[1.421537,50.088809],[1.421263,50.088672],[1.421992,50.088121],[1.421599,50.088109],[1.421188,50.087785],[1.418143,50.086455],[1.417415,50.085927],[1.417004,50.085532],[1.416275,50.085496],[1.415547,50.085112],[1.415547,50.084753],[1.415248,50.084417],[1.414762,50.084357],[1.410111,50.082727],[1.408579,50.0819],[1.407234,50.081265],[1.406338,50.080665],[1.405721,50.08021],[1.405161,50.080174],[1.404451,50.079778],[1.403891,50.079742],[1.40348,50.079131],[1.402658,50.078879],[1.402083,50.079169],[1.401542,50.079059],[1.401647,50.078584],[1.401212,50.078541],[1.400908,50.078872],[1.399283,50.077923],[1.398781,50.077796],[1.398068,50.077668],[1.397487,50.07727],[1.396866,50.076999],[1.395928,50.076439],[1.394977,50.075981],[1.394317,50.075787],[1.392824,50.074998],[1.392573,50.074735],[1.392401,50.074676],[1.392243,50.074498],[1.392031,50.07443],[1.39186,50.074218],[1.391477,50.074023],[1.391147,50.073786],[1.390314,50.073337],[1.389561,50.072616],[1.389469,50.072251],[1.38869,50.071633],[1.388399,50.071268],[1.388373,50.070963],[1.38861,50.07087],[1.3878,50.070125],[1.387386,50.070022],[1.387271,50.069505],[1.387324,50.069136],[1.387593,50.068792],[1.387131,50.068971],[1.386917,50.069309],[1.386681,50.069309],[1.386587,50.069487],[1.386396,50.069476],[1.385367,50.068391],[1.384182,50.067294],[1.38359,50.066936],[1.382631,50.066243],[1.379703,50.064609],[1.379319,50.064251],[1.37599,50.063211],[1.375398,50.062909],[1.375694,50.062696],[1.376008,50.062159],[1.377241,50.062351]]],"type":"MultiLineString"},"properties":{"geo_point":{"lon":1.578257529556972,"lat":50.4297212788245},"name":"GR120 De Wissant (Pas-de-Calais) à Mers-les-Bains (Somme) (2020)","code_gr":"GR120"}},{"type":"Feature","geometry":{"coordinates":[[[2.518722,51.080792],[2.510525,51.078366],[2.51089,51.077759],[2.508894,51.077274],[2.507907,51.076991],[2.508229,51.076478],[2.50825,51.075669],[2.508336,51.075265],[2.507521,51.07478],[2.506212,51.074861],[2.505869,51.074699],[2.505504,51.074672],[2.505418,51.074456],[2.505182,51.074429],[2.505354,51.073998],[2.505032,51.073661],[2.504817,51.07304],[2.505268,51.072353],[2.505912,51.072312],[2.506126,51.071989],[2.506577,51.071894],[2.506984,51.072151],[2.507542,51.072326],[2.508293,51.072717],[2.509044,51.072933],[2.509366,51.072865],[2.509924,51.072879],[2.510074,51.072717],[2.51001,51.072447],[2.509752,51.072299],[2.50971,51.072164],[2.509452,51.07207],[2.509109,51.071706],[2.509259,51.071342],[2.509237,51.070856],[2.508358,51.070667],[2.507971,51.070411],[2.507392,51.070425],[2.507263,51.070303],[2.507435,51.070115],[2.506748,51.069939],[2.506748,51.069764],[2.505912,51.069548],[2.505568,51.069602],[2.505032,51.069333],[2.504452,51.069198],[2.504238,51.069076],[2.503852,51.06913],[2.503272,51.068834],[2.503058,51.068834],[2.502822,51.068712],[2.502071,51.068685],[2.501641,51.068537],[2.50089,51.068483],[2.500225,51.068308],[2.498337,51.068011],[2.49868,51.067445],[2.498831,51.066879],[2.498358,51.06673],[2.497586,51.066744],[2.49662,51.066447],[2.49617,51.066488],[2.494303,51.066231],[2.494003,51.066447],[2.493724,51.066919],[2.492565,51.066501],[2.491299,51.066191],[2.489282,51.065584],[2.488445,51.065233],[2.488853,51.06491],[2.488445,51.064721],[2.486986,51.064384],[2.485741,51.063979],[2.482823,51.063184],[2.482201,51.063062],[2.482458,51.062644],[2.48042,51.062159],[2.479476,51.061768],[2.478145,51.061026],[2.477716,51.060905],[2.477652,51.060783],[2.476579,51.06081],[2.476321,51.060541],[2.47615,51.060176],[2.475849,51.060068],[2.475485,51.060082],[2.475249,51.059988],[2.475013,51.060095],[2.474605,51.060163],[2.47439,51.060365],[2.474304,51.060648],[2.473897,51.060851],[2.473596,51.061323],[2.473468,51.061646],[2.47306,51.061943],[2.473146,51.062388],[2.473468,51.062617],[2.473553,51.062968],[2.47394,51.063184],[2.472953,51.064748],[2.472588,51.064829],[2.472588,51.064829],[2.472108,51.065445],[2.472365,51.065876],[2.472129,51.066132],[2.472215,51.066483],[2.471872,51.066753],[2.471872,51.067036],[2.472086,51.067117],[2.472237,51.067292],[2.472086,51.067764],[2.471679,51.067926],[2.461486,51.065283],[2.460843,51.064986],[2.458997,51.064703],[2.455543,51.063584],[2.454105,51.063274],[2.452989,51.062828],[2.451187,51.062478],[2.448891,51.062437],[2.446037,51.061534],[2.445286,51.061183],[2.443655,51.060752],[2.442754,51.060698],[2.440737,51.060199],[2.440908,51.059862],[2.423871,51.055586],[2.422798,51.055613],[2.413636,51.053711],[2.413614,51.05359],[2.410932,51.053077],[2.402242,51.051405],[2.400611,51.051162],[2.399345,51.051027],[2.389689,51.049732],[2.389496,51.049611],[2.387414,51.049368],[2.387157,51.049409],[2.38117,51.048505],[2.378289,51.048022],[2.379434,51.047575],[2.380444,51.047589],[2.380897,51.047458],[2.381298,51.047173],[2.381254,51.047063],[2.381578,51.04698],[2.38087,51.046306],[2.381395,51.044921],[2.381728,51.044323],[2.382522,51.043675],[2.381943,51.043324],[2.381471,51.042852],[2.380806,51.041611],[2.380527,51.041395],[2.380591,51.040694],[2.379518,51.040559],[2.378939,51.040262],[2.378209,51.039601],[2.376063,51.040275],[2.375589,51.039873],[2.375049,51.039496],[2.373267,51.038803],[2.370764,51.036739],[2.370584,51.036625],[2.371024,51.036221],[2.372094,51.035606],[2.37257,51.035556],[2.371671,51.032865],[2.37142,51.032624],[2.370564,51.032445],[2.368942,51.032294],[2.368962,51.031061],[2.369323,51.03062],[2.369483,51.030418],[2.369478,51.030268],[2.370244,51.030391],[2.370389,51.029967],[2.371042,51.030122],[2.371184,51.030219],[2.371134,51.030025],[2.372502,51.030308],[2.375009,51.030758],[2.375049,51.030167],[2.375449,51.030204],[2.37617,51.029864],[2.37661,51.029449],[2.377852,51.029487],[2.378372,51.029663],[2.381535,51.029726],[2.381535,51.029499],[2.382556,51.02955],[2.382416,51.028706],[2.383012,51.028488],[2.382843,51.028159],[2.385814,51.02736],[2.388943,51.026578],[2.389884,51.026414],[2.390425,51.026162],[2.391766,51.024991],[2.393708,51.021314],[2.394869,51.018858],[2.395069,51.018295],[2.395135,51.017813],[2.395088,51.017725],[2.395378,51.017243],[2.395462,51.016897],[2.395247,51.016479],[2.394733,51.016268],[2.393332,51.015921],[2.38708,51.014794],[2.387767,51.013674],[2.386672,51.013404],[2.387381,51.012594],[2.387316,51.012418],[2.387745,51.01173],[2.387359,51.011595],[2.388196,51.011352],[2.388561,51.010987],[2.389891,51.008827],[2.38987,51.008044],[2.390106,51.007369],[2.392144,51.007355],[2.394183,51.007477],[2.395234,51.007315],[2.395792,51.006721],[2.395449,51.005438],[2.39517,51.004749],[2.395062,51.003818],[2.395341,51.003615],[2.395256,51.00321],[2.395663,51.002724],[2.396092,51.002359],[2.39635,51.001833],[2.396994,51.001482],[2.397316,51.000604],[2.397702,51.000631],[2.398174,51.000401],[2.398732,51.000442],[2.399569,51.000645],[2.40047,51.000726],[2.401028,51.000564],[2.401242,51.000145],[2.402422,51.000172],[2.403796,50.999173],[2.404289,50.999092],[2.406349,50.999875],[2.406671,50.999875],[2.40768,50.998335],[2.407165,50.996728],[2.40768,50.996553],[2.407658,50.996391],[2.407722,50.99554],[2.407465,50.99427],[2.407658,50.994081],[2.408624,50.994054],[2.409182,50.993811],[2.409525,50.993838],[2.409976,50.993663],[2.410147,50.993244],[2.41034,50.992974],[2.410104,50.992893],[2.409997,50.992488],[2.409718,50.992177],[2.410233,50.992055],[2.410576,50.991583],[2.411113,50.991407],[2.411542,50.99134],[2.41225,50.990246],[2.41195,50.989881],[2.41107,50.989705],[2.410769,50.989098],[2.411091,50.989003],[2.411113,50.988679],[2.41137,50.988503],[2.41137,50.987922],[2.411778,50.987342],[2.411907,50.986747],[2.411735,50.986599],[2.411392,50.985964],[2.411542,50.985869],[2.412701,50.985991],[2.412744,50.986193],[2.413173,50.986221],[2.413237,50.985964],[2.413838,50.985694],[2.415061,50.985599],[2.415619,50.985748],[2.415962,50.985775],[2.416177,50.985221],[2.416799,50.985356],[2.418365,50.985126],[2.418365,50.984748],[2.419288,50.984086],[2.419417,50.983357],[2.419996,50.98283],[2.420382,50.982357],[2.42049,50.982168],[2.421434,50.981682],[2.422206,50.980993],[2.422292,50.98075],[2.422185,50.980493],[2.422442,50.97979],[2.422485,50.979466],[2.422442,50.97925],[2.422614,50.978547],[2.422593,50.978034],[2.422206,50.977602],[2.422228,50.976751],[2.422163,50.976359],[2.422764,50.975629],[2.423623,50.975035],[2.423151,50.974981],[2.425339,50.973386],[2.425532,50.973116],[2.42594,50.972711],[2.426648,50.972765],[2.427635,50.972711],[2.42785,50.973035],[2.427979,50.9734],[2.4283,50.973576],[2.428665,50.973548],[2.429051,50.973278],[2.429609,50.973062],[2.430425,50.973386],[2.431476,50.97317],[2.432528,50.973846],[2.432871,50.973751],[2.433643,50.973022],[2.434738,50.97313],[2.435038,50.972684],[2.43433,50.972562],[2.433193,50.97217],[2.433128,50.971738],[2.4333,50.971454],[2.43345,50.971481],[2.433337,50.971204],[2.433542,50.971186],[2.433896,50.971084],[2.434427,50.971101],[2.434824,50.970865],[2.435744,50.970687],[2.436111,50.970461],[2.436132,50.970312],[2.437527,50.969961],[2.438107,50.969988],[2.438158,50.969938],[2.440224,50.97062],[2.440686,50.96982],[2.439661,50.969185],[2.440328,50.968571],[2.439589,50.968145],[2.438845,50.968202],[2.435677,50.968622],[2.434311,50.968735],[2.432214,50.968509],[2.432336,50.968016],[2.432154,50.967844],[2.431115,50.96761],[2.429921,50.967772],[2.430197,50.968591],[2.428864,50.968694],[2.426018,50.969206],[2.425936,50.969318],[2.425221,50.969288],[2.424814,50.969103],[2.424766,50.968898],[2.425188,50.968325],[2.424766,50.968151],[2.42444,50.968233],[2.424148,50.96812],[2.424083,50.967987],[2.421562,50.967219],[2.41883,50.965498],[2.418066,50.964925],[2.417334,50.964607],[2.416391,50.964444],[2.415106,50.964362],[2.414878,50.964013],[2.414521,50.963696],[2.414082,50.963491],[2.41335,50.962866],[2.412992,50.962067],[2.412244,50.961832],[2.41213,50.961463],[2.411902,50.961166],[2.411301,50.96093],[2.410894,50.960603],[2.410624,50.960495],[2.410199,50.960294],[2.409622,50.960122],[2.409031,50.960046],[2.408568,50.960055],[2.407642,50.960285],[2.40718,50.960352],[2.406853,50.960672],[2.406382,50.960472],[2.405945,50.96074],[2.40552,50.96087],[2.40537,50.960784],[2.404841,50.961088],[2.40483,50.961327],[2.404416,50.961848],[2.403726,50.962435],[2.402162,50.963651],[2.40176,50.96405],[2.400357,50.96581],[2.399738,50.966243],[2.399128,50.967033],[2.398448,50.968526],[2.397402,50.970139],[2.374187,50.969766],[2.372949,50.96981],[2.371782,50.969711],[2.36901,50.969349],[2.368174,50.969009],[2.366867,50.968274],[2.365071,50.967637],[2.363346,50.967253],[2.357333,50.96677],[2.352648,50.966056],[2.352395,50.965933],[2.352153,50.965983],[2.351762,50.965918],[2.351532,50.965795],[2.351325,50.965802],[2.351176,50.96573],[2.350739,50.965701],[2.350015,50.965578],[2.349612,50.965629],[2.343982,50.964706],[2.340653,50.96396],[2.340113,50.963696],[2.339642,50.963587],[2.33912,50.963521],[2.337377,50.963093],[2.333856,50.961874],[2.332793,50.961325],[2.331573,50.960634],[2.330579,50.96026],[2.327686,50.95958],[2.326205,50.959338],[2.324165,50.95925],[2.323399,50.959075],[2.322684,50.958767],[2.322248,50.958383],[2.319773,50.955408],[2.315608,50.950972],[2.314597,50.94972],[2.3139,50.949106],[2.313569,50.948688],[2.31261,50.949018],[2.304854,50.953541],[2.304209,50.953311],[2.303111,50.953157],[2.302013,50.952751],[2.300096,50.952466],[2.299364,50.952444],[2.297569,50.952696],[2.296418,50.95274],[2.294797,50.953004],[2.292967,50.953322],[2.292061,50.954112],[2.290126,50.955024],[2.288924,50.955408],[2.288244,50.955408],[2.284741,50.954903],[2.283015,50.954958],[2.281534,50.95498],[2.276915,50.955265],[2.275556,50.954749],[2.274266,50.954167],[2.273325,50.954079],[2.272976,50.954167],[2.272401,50.954563],[2.271617,50.954837],[2.270745,50.954782],[2.270172,50.954923],[2.270375,50.955225],[2.270205,50.955358],[2.270048,50.955177],[2.26888,50.955463],[2.269037,50.955814],[2.268636,50.955946],[2.267085,50.957022],[2.266632,50.957219],[2.266005,50.956561],[2.26529,50.955682],[2.264698,50.955166],[2.263634,50.953783],[2.263565,50.953596],[2.262345,50.952224],[2.262031,50.951763],[2.261909,50.951389],[2.26156,50.950917],[2.261281,50.950368],[2.260689,50.949644],[2.260096,50.94871],[2.25987,50.946701],[2.259556,50.945669],[2.259364,50.944658],[2.258301,50.941836],[2.257691,50.941001],[2.257325,50.940518],[2.25729,50.940112],[2.257604,50.939233],[2.257674,50.938519],[2.256558,50.938629],[2.241953,50.941539],[2.240767,50.941913],[2.237229,50.942484],[2.23404,50.942967],[2.227748,50.944274],[2.225935,50.944625],[2.224175,50.944867],[2.221787,50.945691],[2.218336,50.946547],[2.215914,50.947096],[2.213404,50.948238],[2.21248,50.949073],[2.207356,50.94848],[2.201901,50.947788],[2.201779,50.948051],[2.199373,50.948249],[2.200018,50.947458],[2.199025,50.94714],[2.198589,50.94759],[2.197421,50.94759],[2.197108,50.947382],[2.196358,50.94714],[2.195034,50.946668],[2.193221,50.945196],[2.192942,50.945592],[2.192367,50.946602],[2.192437,50.947294],[2.192106,50.947887],[2.189021,50.947239],[2.186023,50.946679],[2.185413,50.946437],[2.183984,50.945614],[2.183199,50.946295],[2.18292,50.947393],[2.181753,50.949347],[2.180707,50.950577],[2.179748,50.951938],[2.179156,50.952597],[2.177953,50.954596],[2.177605,50.955002],[2.176995,50.956714],[2.176106,50.95745],[2.175722,50.957966],[2.174659,50.958482],[2.173195,50.958504],[2.172306,50.95902],[2.172829,50.959316],[2.173718,50.959755],[2.1733,50.960195],[2.1714,50.961556],[2.170128,50.962291],[2.169849,50.962566],[2.169151,50.963652],[2.168315,50.965288],[2.16774,50.965958],[2.167043,50.96666],[2.166746,50.967165],[2.16638,50.967725],[2.166154,50.968658],[2.163243,50.969569],[2.159566,50.968811],[2.154581,50.967549],[2.150956,50.969272],[2.146807,50.971456],[2.144977,50.972225],[2.141962,50.973476],[2.141474,50.973849],[2.140568,50.975177],[2.140184,50.975627],[2.139714,50.976329],[2.139679,50.976626],[2.139086,50.976669],[2.136779,50.977084],[2.136611,50.977309],[2.135452,50.977573],[2.130942,50.978302],[2.128649,50.980102],[2.128847,50.981344],[2.128107,50.98198],[2.127653,50.982112],[2.127095,50.982156],[2.12706,50.982288],[2.12645,50.982386],[2.125805,50.982277],[2.125195,50.98186],[2.124638,50.981695],[2.124934,50.982288],[2.125213,50.982485],[2.125238,50.982752],[2.125775,50.982988],[2.12636,50.983111],[2.127206,50.982988],[2.127612,50.982752],[2.128019,50.982394],[2.128539,50.982117],[2.128816,50.981913],[2.129027,50.981943],[2.129336,50.982455],[2.129613,50.982722],[2.12984,50.98307],[2.130279,50.983264],[2.131125,50.983377],[2.132719,50.983285],[2.132654,50.983776],[2.132735,50.984462],[2.132849,50.984534],[2.132719,50.984789],[2.132312,50.984984],[2.132426,50.985138],[2.133889,50.985578],[2.133954,50.985721],[2.132962,50.98656],[2.132654,50.986663],[2.132312,50.986417],[2.132133,50.986591],[2.132816,50.987308],[2.132865,50.987646],[2.132686,50.98782],[2.131743,50.988096],[2.131775,50.988362],[2.132654,50.988157],[2.132686,50.988639],[2.131011,50.988608],[2.130621,50.988444],[2.130247,50.9887],[2.13023,50.988833],[2.130474,50.988997],[2.130003,50.989048],[2.129613,50.98955],[2.129011,50.990154],[2.128442,50.990225],[2.128035,50.990072],[2.126962,50.98955],[2.126702,50.989724],[2.125677,50.989979],[2.125238,50.989529],[2.125677,50.989038],[2.125973,50.988463],[2.125576,50.988334],[2.125447,50.988476],[2.124492,50.988253],[2.123569,50.986896],[2.123687,50.986855],[2.123601,50.986565],[2.122689,50.986835],[2.122886,50.987304],[2.122681,50.987442],[2.122506,50.987657],[2.122453,50.987595],[2.122468,50.987428],[2.122362,50.987237],[2.122233,50.987184],[2.121786,50.987251],[2.121649,50.987165],[2.121437,50.986955],[2.121497,50.986616],[2.12083,50.985756],[2.120959,50.985408],[2.120844,50.985248],[2.120157,50.984748],[2.120052,50.984641],[2.119751,50.984223],[2.119816,50.983817],[2.120245,50.983399],[2.12091,50.983128],[2.120181,50.982439],[2.118743,50.982818],[2.117177,50.983155],[2.116726,50.983588],[2.117005,50.984196],[2.117498,50.984074],[2.118528,50.985641],[2.119194,50.985479],[2.119988,50.986897],[2.119837,50.987275],[2.120395,50.987478],[2.12179,50.98972],[2.121983,50.990625],[2.120503,50.991962],[2.118271,50.993718],[2.117048,50.994852],[2.114301,50.997013],[2.112799,50.99808],[2.109731,51.000713],[2.109001,51.0007],[2.107478,51.002293],[2.105225,51.00417],[2.104409,51.004791],[2.103637,51.005547],[2.103186,51.005655],[2.101405,51.004494],[2.100568,51.004319],[2.100397,51.003927],[2.099345,51.004211],[2.098744,51.00494],[2.098165,51.005142],[2.097264,51.005048],[2.097414,51.005399],[2.096684,51.004953],[2.096041,51.004629],[2.095569,51.004494],[2.094067,51.003576],[2.092586,51.003589],[2.09162,51.003468],[2.090333,51.003725],[2.089737,51.003785],[2.089645,51.003466],[2.088955,51.002815],[2.088725,51.00296],[2.087852,51.003119],[2.087737,51.003365],[2.087392,51.003539],[2.085827,51.00367],[2.085355,51.003576],[2.085054,51.00386],[2.083917,51.003954],[2.082737,51.0044],[2.082286,51.004832],[2.081578,51.005075],[2.080355,51.005682],[2.078703,51.005898],[2.077716,51.005925],[2.077587,51.006155],[2.077137,51.006465],[2.076707,51.006452],[2.076557,51.006695],[2.075871,51.006681],[2.075656,51.006817],[2.074991,51.006695],[2.07424,51.006722],[2.074004,51.006614],[2.073896,51.006479],[2.07366,51.006425],[2.073381,51.006263],[2.072931,51.006155],[2.071794,51.006155],[2.071837,51.005574],[2.070978,51.005574],[2.070356,51.005385],[2.070013,51.005412],[2.069369,51.005129],[2.069154,51.00494],[2.068124,51.004845],[2.067502,51.005183],[2.06718,51.005183],[2.066772,51.005426],[2.066472,51.005088],[2.066408,51.004859],[2.066064,51.005021],[2.063726,51.005412],[2.061408,51.005129],[2.061365,51.005264],[2.061193,51.005399],[2.059906,51.005426],[2.059649,51.005453],[2.058855,51.005304],[2.05864,51.005358],[2.058232,51.005034],[2.05834,51.004859],[2.058661,51.004751],[2.058189,51.004548],[2.057782,51.004494],[2.057975,51.004103],[2.057953,51.00386],[2.058275,51.003711],[2.058361,51.003414],[2.057696,51.002766],[2.058082,51.002712],[2.058747,51.002347],[2.059026,51.002037],[2.059734,51.001699],[2.060056,51.001186],[2.061065,51.000808],[2.058041,50.999718],[2.058023,50.99932],[2.058046,50.998748],[2.057006,50.998441],[2.055885,50.998024],[2.055747,50.998271],[2.055522,50.998498],[2.05512,50.99839],[2.055086,50.998433],[2.055189,50.998593],[2.055007,50.998568],[2.054658,50.998416],[2.054256,50.998373],[2.054186,50.998261],[2.054036,50.998167],[2.053767,50.998194],[2.05246,50.998026],[2.051106,50.997922],[2.050847,50.997984],[2.049245,50.997868],[2.047334,50.997689],[2.046583,50.997612],[2.045929,50.997449],[2.045387,50.997464],[2.045128,50.997433],[2.044451,50.997511],[2.043243,50.99734],[2.042787,50.99696],[2.042294,50.996929],[2.041468,50.996976],[2.040852,50.996945],[2.040358,50.997108],[2.039693,50.997148],[2.039564,50.997378],[2.039221,50.99731],[2.038491,50.997378],[2.037848,50.997756],[2.037933,50.997959],[2.037526,50.99804],[2.037268,50.998269],[2.036624,50.99808],[2.036088,50.998026],[2.035809,50.997918],[2.035444,50.998094],[2.034908,50.997945],[2.032548,50.997594],[2.031882,50.997594],[2.031045,50.997445],[2.030359,50.997121],[2.029801,50.997162],[2.029007,50.997027],[2.028127,50.996581],[2.027376,50.996541],[2.026947,50.996338],[2.026046,50.996284],[2.025316,50.996081],[2.024501,50.996014],[2.024029,50.995892],[2.023342,50.995825],[2.022613,50.995595],[2.022012,50.995528],[2.020038,50.99519],[2.019287,50.995217],[2.017291,50.995014],[2.015038,50.99496],[2.013922,50.994812],[2.013064,50.994947],[2.011991,50.994663],[2.011583,50.994704],[2.011369,50.994893],[2.010725,50.994731],[2.01006,50.994987],[2.009759,50.994609],[2.00918,50.994474],[2.007785,50.994758],[2.006219,50.994636],[2.00418,50.994744],[2.001691,50.994677],[1.998923,50.994447],[1.997578,50.994287],[1.995112,50.99397],[1.992534,50.993676],[1.988145,50.992982],[1.985062,50.992441],[1.984334,50.992253],[1.983624,50.992183],[1.979813,50.991371],[1.976358,50.99096],[1.976115,50.990772],[1.976096,50.990548],[1.975797,50.99049],[1.975031,50.990419],[1.974396,50.990184],[1.974153,50.98996],[1.972117,50.989408],[1.970249,50.988973],[1.968344,50.988843],[1.966326,50.988608],[1.964627,50.988232],[1.963431,50.98815],[1.963169,50.987985],[1.963151,50.987797],[1.962404,50.987397],[1.96203,50.986809],[1.963169,50.985257],[1.962684,50.985222],[1.960367,50.984316],[1.959023,50.984081],[1.957659,50.983728],[1.956837,50.983716],[1.95637,50.983646],[1.955324,50.983858],[1.954838,50.98401],[1.952895,50.984163],[1.952111,50.984069],[1.951681,50.984175],[1.951233,50.98421],[1.951123,50.984115],[1.950617,50.983961],[1.950356,50.983972],[1.949955,50.983851],[1.949721,50.983871],[1.941824,50.982696],[1.938949,50.982115],[1.933671,50.981345],[1.929164,50.980264],[1.92807,50.979954],[1.926933,50.979738],[1.925602,50.9794],[1.915432,50.976806],[1.913865,50.976495],[1.912902,50.976225],[1.906924,50.974896],[1.906663,50.974555],[1.908437,50.971508],[1.909801,50.968697],[1.909315,50.965779],[1.906364,50.965391],[1.90457,50.965438],[1.902758,50.965238],[1.900853,50.964767],[1.898555,50.964615],[1.893997,50.964015],[1.891905,50.963673],[1.887553,50.962756],[1.885143,50.962485],[1.883499,50.962285],[1.882304,50.962297],[1.875672,50.961073],[1.875187,50.96172],[1.874271,50.964567],[1.874327,50.964991],[1.874514,50.965567],[1.874421,50.965815],[1.872945,50.966732],[1.863642,50.96512],[1.862484,50.964991],[1.861251,50.964662],[1.860504,50.964591],[1.8583,50.964179],[1.857945,50.963967],[1.856619,50.961967],[1.85505,50.962379],[1.854527,50.962332],[1.852901,50.961344],[1.852042,50.961061],[1.848045,50.960532],[1.846569,50.963673],[1.846139,50.96392],[1.842347,50.965415],[1.841806,50.965344],[1.841357,50.96512],[1.839257,50.964361],[1.83709,50.96355],[1.829536,50.961955],[1.829064,50.961699],[1.828743,50.961712],[1.82694,50.961374],[1.82679,50.961469],[1.825781,50.961226],[1.825438,50.96201],[1.824065,50.961618],[1.821919,50.961374],[1.820159,50.960996],[1.818336,50.960807],[1.817499,50.960536],[1.814044,50.960104],[1.812067,50.959803],[1.812067,50.959591],[1.812179,50.959367],[1.812385,50.959273],[1.812627,50.958414],[1.81132,50.958414],[1.81005,50.958379],[1.809265,50.958038],[1.808761,50.957696],[1.808705,50.957438],[1.808051,50.957226],[1.806594,50.957014],[1.805977,50.956861],[1.80523,50.95692],[1.80396,50.956908],[1.802279,50.95679],[1.801083,50.957296],[1.800168,50.957485],[1.798935,50.957285],[1.798225,50.957049],[1.79759,50.957014],[1.796862,50.956908],[1.796563,50.95672],[1.796226,50.956673],[1.795815,50.956743],[1.795554,50.956649],[1.794414,50.956531],[1.794246,50.956367],[1.793387,50.956308],[1.793144,50.956167],[1.792341,50.956308],[1.791781,50.956155],[1.791388,50.955743],[1.790193,50.955661],[1.789931,50.95572],[1.789483,50.955649],[1.78868,50.95532],[1.787036,50.955461],[1.786289,50.955131],[1.785018,50.955037],[1.784084,50.95499],[1.782814,50.954461],[1.782254,50.954296],[1.782048,50.954072],[1.782086,50.953872],[1.781693,50.953766],[1.780778,50.95366],[1.779583,50.953919],[1.779321,50.953719],[1.778649,50.953672],[1.777789,50.953484],[1.777453,50.953307],[1.776967,50.953178],[1.776874,50.953095],[1.776556,50.953037],[1.776475,50.952839],[1.775943,50.952707],[1.775525,50.95274],[1.775299,50.952806],[1.775107,50.952784],[1.775043,50.952036],[1.768972,50.950318],[1.766338,50.949659],[1.760959,50.948365],[1.757204,50.947011],[1.753916,50.946046],[1.751189,50.945316],[1.74919,50.945046],[1.744445,50.943539],[1.742932,50.942868],[1.741812,50.942186],[1.741812,50.94155],[1.741326,50.94155],[1.738145,50.939737],[1.738034,50.939496],[1.737849,50.939465],[1.737923,50.939737],[1.738355,50.940001],[1.738268,50.940195],[1.738342,50.941065],[1.73817,50.941127],[1.735545,50.940172],[1.734805,50.939605],[1.733905,50.939162],[1.733203,50.939038],[1.73112,50.938386],[1.728261,50.937236],[1.724527,50.935357],[1.720722,50.93298],[1.71919,50.932309],[1.71863,50.93165],[1.718293,50.931108],[1.717173,50.930426],[1.716874,50.93012],[1.716183,50.929766],[1.715846,50.929719],[1.715099,50.929272],[1.714632,50.928789],[1.713399,50.926552],[1.714165,50.925269],[1.714097,50.924849],[1.713853,50.924898],[1.71346,50.92503],[1.712946,50.92514],[1.712624,50.92508],[1.712075,50.924832],[1.711883,50.92464],[1.71089,50.924162],[1.71089,50.923975],[1.711038,50.92386],[1.711081,50.923728],[1.711134,50.923563],[1.710872,50.923404],[1.710489,50.923124],[1.709469,50.922849],[1.708685,50.922745],[1.70831,50.922564],[1.70838,50.922382],[1.708458,50.922212],[1.70824,50.92202],[1.707683,50.921915],[1.707221,50.921937],[1.707534,50.921756],[1.707534,50.921608],[1.706463,50.921992],[1.705164,50.922591],[1.704598,50.922619],[1.703308,50.921707],[1.703142,50.921432],[1.703491,50.921119],[1.703465,50.920949],[1.702872,50.921009],[1.701826,50.920734],[1.700484,50.919822],[1.699282,50.918921],[1.696493,50.91724],[1.694332,50.916109],[1.693147,50.915273],[1.693042,50.915032],[1.692397,50.914636],[1.690672,50.913032],[1.688964,50.911186],[1.688127,50.910273],[1.685635,50.90802],[1.68445,50.906823],[1.683822,50.906713],[1.683273,50.906254],[1.682541,50.905496],[1.681891,50.904706],[1.681419,50.904347],[1.680996,50.904101],[1.68098,50.903978],[1.680736,50.903844],[1.68059,50.903568],[1.679955,50.902911],[1.678882,50.901947],[1.67828,50.901506],[1.677321,50.900563],[1.676378,50.899814],[1.676036,50.899455],[1.675711,50.899229],[1.675012,50.898542],[1.674491,50.898255],[1.674199,50.897906],[1.673711,50.897588],[1.673077,50.897014],[1.672703,50.89685],[1.671125,50.895629],[1.670524,50.894881],[1.669548,50.894604],[1.665157,50.891865],[1.662002,50.889731],[1.661384,50.889167],[1.660701,50.887895],[1.660697,50.887759]]],"type":"MultiLineString"},"properties":{"geo_point":{"lon":2.152094041452357,"lat":50.98325190921182},"name":"GR120 De Bray-Dunes (Nord) à Wissant (Pas-de-Calais) (2020)","code_gr":"GR120"}}]}