{"type":"FeatureCollection","features":[{"type":"Feature","geometry":{"coordinates":[[[3.08306,48.811556],[3.082845,48.808784],[3.083661,48.808497],[3.085988,48.808976],[3.085839,48.809357],[3.086219,48.809544],[3.086801,48.810196],[3.086953,48.810218],[3.086825,48.810876],[3.086922,48.810899],[3.086847,48.811562],[3.088553,48.812008],[3.088692,48.812248],[3.088478,48.812889],[3.090795,48.813293],[3.093424,48.813589],[3.096954,48.813835],[3.097576,48.813984],[3.099164,48.813965],[3.101052,48.814276],[3.102951,48.814281],[3.105183,48.813477],[3.107361,48.813221],[3.109581,48.812707],[3.110048,48.812693],[3.110815,48.81282],[3.111169,48.812656],[3.111802,48.811717],[3.112215,48.810802],[3.112414,48.810127],[3.112253,48.809719],[3.112221,48.809025],[3.112575,48.809082],[3.113873,48.809003],[3.114721,48.808002],[3.117081,48.808338],[3.120461,48.807308],[3.122274,48.807053],[3.123593,48.806576],[3.124516,48.806046],[3.126415,48.805302],[3.129312,48.804764],[3.131179,48.804607],[3.132735,48.804403],[3.134472,48.804539],[3.1365,48.804207],[3.137294,48.803932],[3.139064,48.802963],[3.139536,48.802419],[3.139611,48.801731],[3.140802,48.802872],[3.141285,48.80302],[3.144836,48.80341],[3.145802,48.803337],[3.146907,48.803131],[3.148592,48.80328],[3.149407,48.803261],[3.149825,48.80331],[3.149933,48.80275],[3.150641,48.801662],[3.151231,48.801182],[3.151896,48.800732],[3.151628,48.800552],[3.151166,48.799881],[3.151907,48.79958],[3.152357,48.799053],[3.15328,48.79882],[3.154771,48.798687],[3.156799,48.79871],[3.158076,48.798489],[3.160855,48.797691],[3.163022,48.797203],[3.165125,48.796631],[3.165725,48.797077],[3.16653,48.797318],[3.167989,48.79771],[3.168665,48.798042],[3.169105,48.798386],[3.169459,48.798531],[3.168461,48.799526],[3.168032,48.800392],[3.167925,48.801105],[3.168107,48.802765],[3.168504,48.804424],[3.169073,48.805492],[3.169588,48.806156],[3.17094,48.806057],[3.174201,48.804562],[3.176701,48.804199],[3.1789,48.803661],[3.180467,48.802876],[3.181239,48.802574],[3.184876,48.801464],[3.188621,48.800823],[3.189029,48.800694],[3.189179,48.800503],[3.190005,48.80085],[3.190391,48.802162],[3.190938,48.80307],[3.19141,48.80304],[3.192762,48.8023],[3.193535,48.802234],[3.193942,48.802066],[3.194618,48.801571],[3.194618,48.801571],[3.199768,48.799544],[3.20038,48.798745],[3.202246,48.798569],[3.204875,48.798547],[3.209574,48.79895],[3.211334,48.801904],[3.212428,48.80319],[3.212771,48.804434],[3.214949,48.805395],[3.216349,48.806243],[3.21717,48.807176],[3.218586,48.809522],[3.218747,48.810362],[3.218458,48.811761],[3.218672,48.812531],[3.219187,48.813196],[3.22019,48.813196],[3.221462,48.813012],[3.22349,48.813847],[3.224487,48.813744],[3.225538,48.813516],[3.226472,48.813457],[3.226837,48.813644],[3.22718,48.813645],[3.227111,48.812688],[3.226977,48.812155],[3.227073,48.81142],[3.226472,48.810211],[3.22762,48.805916],[3.227781,48.805096],[3.2288,48.805134],[3.229905,48.804928],[3.23086,48.804939],[3.231536,48.805054],[3.231526,48.805698],[3.231654,48.806462],[3.231654,48.80748],[3.23159,48.808006],[3.231729,48.808716],[3.232137,48.809176],[3.232727,48.809738],[3.232781,48.810452],[3.233575,48.81065],[3.234551,48.809917],[3.235098,48.809711],[3.235935,48.809124],[3.236407,48.809032],[3.236681,48.808884],[3.236933,48.808594],[3.238446,48.808376],[3.238832,48.808079],[3.239315,48.807913],[3.240935,48.807125],[3.242233,48.806255],[3.242984,48.805923],[3.243617,48.805668],[3.244218,48.805733],[3.244168,48.806169],[3.244393,48.806415],[3.244851,48.806576],[3.245645,48.807068],[3.246267,48.807175],[3.247383,48.806961],[3.248316,48.806919],[3.248627,48.807159],[3.248992,48.807343],[3.249528,48.807846],[3.250698,48.808552],[3.252865,48.810242],[3.253155,48.810741],[3.2536,48.811126],[3.253895,48.811455],[3.25411,48.811935],[3.25455,48.812363],[3.255622,48.812557],[3.256877,48.812892],[3.256352,48.813835],[3.255719,48.814697],[3.255504,48.815731],[3.255483,48.816364],[3.255118,48.816669],[3.253552,48.817017],[3.251384,48.818569],[3.250258,48.818783],[3.250805,48.819553],[3.251588,48.820343],[3.252892,48.821329],[3.254185,48.822484],[3.254743,48.823753],[3.255172,48.824066],[3.255601,48.824257],[3.25602,48.824618],[3.257543,48.82428],[3.258197,48.824329],[3.259528,48.824745],[3.260558,48.825443],[3.261931,48.826],[3.263015,48.826271],[3.263862,48.826378],[3.265407,48.826843],[3.266335,48.826917],[3.268079,48.827175],[3.269387,48.827068],[3.271823,48.826553],[3.275557,48.826382],[3.276769,48.826515],[3.277831,48.826237],[3.279837,48.826149],[3.281983,48.825542],[3.28458,48.825237],[3.286393,48.824914],[3.286763,48.824992],[3.287004,48.825409],[3.287069,48.827078],[3.287208,48.827254],[3.287165,48.828136],[3.287219,48.828472],[3.289826,48.828735],[3.291124,48.828663],[3.292529,48.828783],[3.293334,48.829146],[3.303065,48.831192],[3.303366,48.831215],[3.303833,48.831494],[3.304095,48.831807],[3.308451,48.831547],[3.309009,48.829315],[3.31314,48.830181],[3.315393,48.830269],[3.31925,48.830936],[3.323343,48.831532],[3.32374,48.832353],[3.324072,48.833729],[3.324105,48.834301],[3.324265,48.834892],[3.323718,48.836511],[3.324652,48.836639],[3.32507,48.836491],[3.325821,48.836491],[3.327935,48.835809],[3.32882,48.835447],[3.329928,48.83516],[3.330778,48.834873],[3.331583,48.835075],[3.333642,48.836559],[3.334168,48.837345],[3.334189,48.83836],[3.333857,48.839447],[3.332784,48.840473],[3.332709,48.840805],[3.33316,48.841454],[3.332462,48.841618],[3.332247,48.841827],[3.332527,48.842037],[3.332344,48.843502],[3.332515,48.843711],[3.332478,48.843917],[3.332205,48.844109],[3.333417,48.845013],[3.334125,48.845203],[3.334436,48.845471],[3.333868,48.846607],[3.334265,48.847541],[3.333438,48.847738],[3.331883,48.848583],[3.33088,48.849329],[3.330531,48.849702],[3.330075,48.84997],[3.329104,48.850281],[3.328407,48.851562],[3.327666,48.852444],[3.326272,48.853073],[3.325006,48.853321],[3.324062,48.85321],[3.323193,48.853062],[3.322077,48.853104],[3.321481,48.853343],[3.320757,48.853554],[3.319513,48.854675],[3.319234,48.855221],[3.319094,48.855286],[3.319083,48.855434],[3.318397,48.855427],[3.317839,48.855537],[3.317839,48.856194],[3.317549,48.856373],[3.317474,48.856796],[3.318429,48.857049],[3.318579,48.857567],[3.319459,48.857975],[3.320371,48.858009],[3.32013,48.857398],[3.321004,48.857578],[3.321337,48.857014],[3.32212,48.856564],[3.32213,48.856337],[3.321637,48.856068],[3.321551,48.855637],[3.321894,48.855263],[3.322506,48.855476],[3.323117,48.855404],[3.324662,48.854614],[3.326765,48.854549],[3.328224,48.854084],[3.330359,48.853019],[3.332119,48.851952],[3.333149,48.851238],[3.333836,48.850513],[3.334415,48.85067],[3.335177,48.851154],[3.336389,48.851295],[3.33876,48.851311],[3.340101,48.851973],[3.340337,48.852695],[3.341464,48.852741],[3.342912,48.85268],[3.344157,48.852814],[3.34568,48.853268],[3.34685,48.853344],[3.347804,48.853105],[3.349897,48.853336],[3.349832,48.853603],[3.35142,48.854118],[3.352091,48.854185],[3.354252,48.854866],[3.355723,48.855296],[3.356645,48.855469],[3.357353,48.855347],[3.358566,48.855427],[3.359252,48.855961],[3.360035,48.85619],[3.361098,48.856667],[3.361484,48.857586],[3.36099,48.860207],[3.361441,48.860927],[3.362578,48.861687],[3.364123,48.865828],[3.363844,48.866917],[3.365057,48.8671],[3.362793,48.870693],[3.363136,48.87151],[3.364745,48.872505],[3.364627,48.873041],[3.364853,48.873749],[3.365722,48.875004],[3.366247,48.875511],[3.366548,48.87635],[3.365861,48.87648],[3.36497,48.876296],[3.36423,48.876485],[3.363866,48.876465],[3.3635,48.876654],[3.362503,48.877453],[3.362041,48.877961],[3.361495,48.878201],[3.362224,48.878901],[3.362954,48.879451],[3.364402,48.880115],[3.364885,48.880641],[3.366472,48.881137],[3.366902,48.881537],[3.366483,48.882214],[3.365711,48.883083],[3.364702,48.884621],[3.363791,48.886341],[3.362364,48.888283],[3.361913,48.888626],[3.361634,48.888962],[3.361709,48.889229],[3.358319,48.890533],[3.354446,48.89119],[3.354435,48.89119],[3.35318,48.890808],[3.350701,48.890354],[3.348534,48.893616],[3.347236,48.895321],[3.346603,48.895916],[3.343835,48.899563],[3.343148,48.900639],[3.343202,48.90102],[3.34303,48.901318],[3.34273,48.9016],[3.342741,48.901911],[3.343127,48.902355],[3.34333,48.902784],[3.344039,48.903744],[3.344489,48.903843],[3.345369,48.903709],[3.350476,48.903877],[3.35017,48.904509],[3.350071,48.905029],[3.349049,48.907672],[3.3492,48.907908],[3.350391,48.908327],[3.352354,48.90966],[3.352396,48.910027],[3.351367,48.912235],[3.350562,48.912853],[3.350546,48.913068],[3.350892,48.913345],[3.351688,48.914242],[3.352997,48.914848],[3.353534,48.91502],[3.354918,48.915817],[3.355926,48.916267],[3.35672,48.916824],[3.359413,48.917854],[3.360561,48.918494],[3.359746,48.919849],[3.358415,48.920284],[3.357761,48.920982],[3.356109,48.922436],[3.353126,48.923641],[3.351442,48.924915],[3.34995,48.926983],[3.349746,48.927879],[3.349092,48.92812],[3.347268,48.92844],[3.346109,48.928605],[3.34303,48.930103],[3.342354,48.930717],[3.341228,48.933144],[3.340123,48.934963],[3.3392,48.934799],[3.331153,48.932503],[3.328493,48.931572],[3.327795,48.931595],[3.326851,48.932022],[3.325886,48.932106],[3.325081,48.931988],[3.324383,48.931679],[3.322978,48.933369],[3.3211,48.934666],[3.32021,48.934315],[3.319352,48.934822],[3.318633,48.935158],[3.318311,48.935547],[3.318386,48.936104],[3.317946,48.936577],[3.316959,48.937176],[3.315328,48.938118],[3.315232,48.938431],[3.315318,48.938789],[3.314041,48.940578],[3.314577,48.94096],[3.31403,48.941769],[3.314245,48.94239],[3.313805,48.943607],[3.313547,48.944843],[3.313204,48.945854],[3.313665,48.946823],[3.313183,48.949322],[3.313183,48.951751],[3.313065,48.952581],[3.313741,48.952797],[3.313633,48.953396],[3.313634,48.95401],[3.313397,48.954727],[3.313419,48.956776],[3.310297,48.956169],[3.3099,48.956036],[3.309588,48.95565],[3.30917,48.954254],[3.308076,48.955765],[3.307335,48.95813],[3.306681,48.958611],[3.305415,48.959221],[3.30519,48.959778],[3.306252,48.960545],[3.308333,48.961575],[3.309031,48.961582],[3.310286,48.961864],[3.311144,48.961899],[3.311605,48.962009],[3.315564,48.961983],[3.319019,48.961651],[3.322093,48.960753],[3.322699,48.960503],[3.323278,48.960518],[3.324276,48.96022],[3.3255,48.959432],[3.326379,48.959393],[3.327967,48.959129],[3.327742,48.95937],[3.326894,48.959869],[3.326701,48.960552],[3.32625,48.961102],[3.326025,48.961643],[3.324888,48.962349],[3.323182,48.964688],[3.324319,48.96497],[3.324029,48.965392],[3.323815,48.965842],[3.323472,48.966293],[3.322892,48.966175],[3.322817,48.966408],[3.321862,48.967274],[3.321293,48.967145],[3.321047,48.967718],[3.320886,48.970062],[3.321347,48.970181],[3.322238,48.970177],[3.322452,48.970264],[3.322678,48.971223],[3.322678,48.971782],[3.322495,48.972436],[3.32301,48.972942],[3.323793,48.973343],[3.323933,48.973568],[3.324116,48.974112],[3.323923,48.974803],[3.323879,48.975422],[3.323729,48.975937],[3.323311,48.976978],[3.324512,48.977337],[3.324856,48.977711],[3.327495,48.978611],[3.327795,48.97797],[3.328085,48.977654],[3.328879,48.97723],[3.329126,48.976864],[3.330284,48.977222],[3.331068,48.977543],[3.333729,48.978149],[3.334608,48.978935],[3.335295,48.979478],[3.335649,48.979679],[3.335751,48.979871],[3.33567,48.980049],[3.33626,48.980927],[3.337,48.981226],[3.337826,48.981722],[3.338964,48.982204],[3.339651,48.98238],[3.340219,48.983301],[3.341968,48.985245],[3.341915,48.986251],[3.342612,48.988208],[3.34259,48.989075],[3.342505,48.98956],[3.34244,48.990883],[3.342065,48.99247],[3.34185,48.993015],[3.341517,48.994411],[3.340766,48.996471],[3.340756,48.997318],[3.340938,48.997978],[3.340874,48.998971],[3.341185,48.999275],[3.341646,48.99945],[3.342462,48.999492],[3.342161,48.998211],[3.342784,48.998126],[3.343159,48.998517],[3.343728,48.998825],[3.344946,48.999212],[3.345809,48.999332],[3.347054,48.999361],[3.348395,48.999474],[3.351409,48.999269],[3.352021,48.999058],[3.355068,48.998951],[3.357149,48.998508],[3.358415,48.998341],[3.359199,48.998428],[3.361602,48.999367],[3.36261,48.999832],[3.363286,49.000027],[3.365217,49.0003],[3.366784,49.000385],[3.367149,49.000492],[3.368597,49.000273],[3.369209,48.997536],[3.369445,48.996429],[3.36968,48.994824],[3.370163,48.994045],[3.370131,48.992832],[3.36937,48.990665],[3.368908,48.989841],[3.369809,48.990391],[3.371226,48.990925],[3.371269,48.990791],[3.370904,48.990307],[3.371043,48.98959],[3.37078,48.989275],[3.371198,48.988428],[3.371233,48.987811],[3.373952,48.986758],[3.375067,48.988415],[3.376901,48.988792],[3.37968,48.989082],[3.381353,48.98937],[3.386707,48.991714],[3.388445,48.993031],[3.389293,48.993473],[3.389904,48.993755],[3.389937,48.993973],[3.391675,48.99527],[3.393574,48.997078],[3.394625,48.998394],[3.395162,48.999294],[3.395162,48.99984],[3.395773,49.00061],[3.395998,49.000767],[3.396471,49.001541],[3.396449,49.001781],[3.397222,49.002831],[3.397715,49.004063],[3.398466,49.005118],[3.400022,49.006659],[3.400365,49.006844],[3.401342,49.007064],[3.401824,49.007223],[3.402436,49.007969],[3.401974,49.00819],[3.401492,49.00872],[3.401492,49.009396],[3.402371,49.010639],[3.402596,49.01083],[3.402656,49.011478],[3.4025,49.011914],[3.403262,49.011196],[3.406073,49.01271],[3.406791,49.013415],[3.406084,49.013478],[3.405837,49.01432],[3.405719,49.014427],[3.408101,49.016195],[3.409291,49.016755],[3.411137,49.017262],[3.411974,49.017025],[3.412381,49.016762],[3.414629,49.017754],[3.418046,49.019436],[3.418883,49.018719],[3.421522,49.0191],[3.423057,49.019253],[3.42473,49.018951],[3.425084,49.019085],[3.425653,49.018627],[3.426104,49.018494],[3.42693,49.018669],[3.427473,49.019021],[3.427863,49.018989],[3.428156,49.019436],[3.428562,49.019543],[3.42782,49.020168],[3.427386,49.020464],[3.426726,49.020655],[3.426147,49.021374],[3.427263,49.02227],[3.427595,49.022674],[3.428158,49.023022],[3.429065,49.023327],[3.429462,49.023582],[3.429859,49.023666],[3.429633,49.024593],[3.428979,49.026085],[3.428131,49.027233],[3.427316,49.028107],[3.426887,49.028507],[3.428496,49.029934],[3.429483,49.030567],[3.432004,49.031902],[3.432251,49.031891],[3.432101,49.032394],[3.43179,49.032742],[3.431307,49.032875],[3.430245,49.033066],[3.430073,49.033558],[3.430524,49.034351],[3.430309,49.034935],[3.43209,49.035851],[3.432541,49.035942],[3.43297,49.035812],[3.433238,49.035083],[3.433603,49.034286],[3.434139,49.033333],[3.434837,49.032692],[3.435985,49.031826],[3.438388,49.032526],[3.439504,49.032959],[3.441328,49.033344],[3.441607,49.033535],[3.441617,49.03405],[3.441832,49.034603],[3.442068,49.034817],[3.442444,49.034969],[3.443184,49.035629],[3.444386,49.036108],[3.444938,49.036158],[3.445512,49.036123],[3.44636,49.035603],[3.447293,49.035542],[3.44857,49.035652],[3.450029,49.035645],[3.451778,49.035309],[3.45269,49.035252],[3.45402,49.035053],[3.454739,49.035244],[3.455651,49.035294],[3.46123,49.036236],[3.462496,49.036268],[3.462753,49.036378],[3.46418,49.036587],[3.468257,49.038086],[3.470263,49.038612],[3.475521,49.039843],[3.477559,49.040694],[3.478675,49.041399],[3.479319,49.042179],[3.479683,49.042524],[3.481153,49.043123],[3.481797,49.043588],[3.483116,49.045272],[3.483669,49.045729],[3.484715,49.046341],[3.486003,49.046938],[3.48699,49.047152],[3.48861,49.047207],[3.488953,49.047382],[3.489179,49.047666],[3.489221,49.047958],[3.48935,49.048481],[3.489897,49.049114],[3.491206,49.049887],[3.493845,49.051025],[3.49532,49.051467],[3.49583,49.051502],[3.497032,49.051502],[3.497868,49.051004],[3.498341,49.050414],[3.498373,49.049865],[3.498245,49.04926],[3.498341,49.048732],[3.498947,49.048528],[3.499672,49.048401],[3.500208,49.048092],[3.50039,49.047763],[3.50024,49.04723],[3.499693,49.046498],[3.498791,49.045449],[3.497922,49.04464],[3.497858,49.044189],[3.498276,49.044071],[3.499092,49.044128],[3.50069,49.044003],[3.501495,49.044106],[3.502686,49.044106],[3.504285,49.044998],[3.505164,49.045216],[3.505926,49.045265],[3.506258,49.045167],[3.506387,49.045329],[3.507117,49.044973],[3.508598,49.044788],[3.509628,49.044249],[3.511044,49.042519],[3.512503,49.040383],[3.512921,49.039501],[3.513544,49.038373],[3.514091,49.037304],[3.515131,49.03573],[3.515679,49.035047],[3.516279,49.034511],[3.517728,49.032959],[3.51791,49.032501],[3.517653,49.032051],[3.517159,49.031719],[3.515657,49.031101],[3.515399,49.030259],[3.515464,49.029774],[3.516022,49.029583],[3.51673,49.02961],[3.517578,49.029316],[3.518479,49.029078],[3.51953,49.029088],[3.521719,49.028565],[3.523339,49.028204],[3.523876,49.027767],[3.524026,49.027359],[3.523854,49.026586],[3.523403,49.025742],[3.523398,49.024591],[3.523607,49.023469],[3.522352,49.022259],[3.521429,49.020924],[3.519874,49.019478],[3.519466,49.018826],[3.520421,49.01786],[3.520947,49.017544],[3.521901,49.016586],[3.523425,49.016369],[3.524873,49.016361],[3.526547,49.016624],[3.528296,49.017227],[3.529186,49.017376],[3.53072,49.0172],[3.533038,49.016426],[3.535345,49.015228],[3.537555,49.014395],[3.539786,49.013435],[3.540709,49.012653],[3.54175,49.012035],[3.542447,49.011353],[3.543134,49.010979],[3.544003,49.010605],[3.544786,49.010471],[3.545548,49.010225],[3.546749,49.009586],[3.547747,49.008579],[3.548584,49.007488],[3.548627,49.006888],[3.547297,49.005581],[3.546557,49.004922],[3.547683,49.005207],[3.54911,49.005424],[3.549839,49.005363],[3.551073,49.00511],[3.552704,49.005478],[3.553401,49.005478],[3.554334,49.005765],[3.555998,49.00465],[3.559066,49.004707],[3.561641,49.00465],[3.562639,49.00449],[3.563894,49.004772],[3.567435,49.004539],[3.56781,49.003555],[3.568658,49.002892],[3.569162,49.002647],[3.569741,49.001884],[3.569999,49.001125],[3.570471,49.00066],[3.57429,48.998524],[3.576651,48.997387],[3.57752,48.996529],[3.578625,48.995903],[3.579494,48.995644],[3.583217,48.994972],[3.58444,48.994839],[3.585888,48.994446],[3.587647,48.99417],[3.58857,48.993903],[3.58857,48.993903],[3.58951,48.993506],[3.590287,48.994048],[3.591392,48.993579],[3.591766,48.993589],[3.59201,48.994763],[3.593116,48.994688],[3.593767,48.994379],[3.593799,48.994038],[3.594287,48.993451],[3.594612,48.993408],[3.595068,48.993397],[3.59497,48.992896],[3.595913,48.99265],[3.595799,48.991647],[3.595978,48.991669],[3.596401,48.992042],[3.596808,48.99216],[3.597084,48.991872],[3.597523,48.991679],[3.597507,48.991359],[3.59884,48.990719],[3.599149,48.990751],[3.599653,48.990474],[3.600076,48.989705],[3.599979,48.988809],[3.599865,48.988478],[3.600076,48.988286],[3.601085,48.988436],[3.601187,48.988415],[3.602089,48.988144],[3.602614,48.987652],[3.604052,48.987],[3.608537,48.985229],[3.609427,48.984779],[3.611262,48.984238],[3.611991,48.984161],[3.612914,48.984619],[3.613054,48.984844],[3.613633,48.985138],[3.614395,48.986176],[3.61389,48.986401],[3.614105,48.986576],[3.614201,48.987037],[3.614357,48.987409],[3.614362,48.987724],[3.614604,48.988072],[3.616205,48.989309],[3.616491,48.989674],[3.617227,48.990349],[3.616723,48.990692],[3.617227,48.991413],[3.617099,48.993111],[3.61726,48.993671],[3.617683,48.994315],[3.618128,48.99472],[3.618665,48.996418],[3.61889,48.997791],[3.618279,48.998493],[3.617485,49.001289],[3.61697,49.001892],[3.617077,49.002197],[3.616723,49.00288],[3.616873,49.00319],[3.616937,49.004041],[3.61713,49.004477],[3.61903,49.007107],[3.618418,49.009136],[3.616905,49.009804],[3.615972,49.01046],[3.613,49.011829],[3.610715,49.013313],[3.609695,49.013718],[3.608805,49.014462],[3.608204,49.015102],[3.608397,49.015617],[3.608826,49.016235],[3.608794,49.017067],[3.610339,49.017529],[3.611755,49.018043],[3.612657,49.018486],[3.61374,49.019043],[3.61492,49.019917],[3.616605,49.020466],[3.617956,49.020698],[3.621379,49.020971],[3.623342,49.021032],[3.624802,49.021282],[3.625435,49.021557],[3.626411,49.021778],[3.627484,49.02216],[3.631175,49.022625],[3.633621,49.023018],[3.634366,49.022947],[3.635219,49.023003],[3.636464,49.023495],[3.63699,49.023586],[3.636453,49.024601],[3.636196,49.024742],[3.636443,49.026352],[3.63626,49.028505],[3.636121,49.029026],[3.6364,49.029076],[3.636882,49.029434],[3.637118,49.029884],[3.637494,49.030193],[3.637548,49.031107],[3.638266,49.031439],[3.638738,49.031755],[3.639393,49.032028],[3.63994,49.032657],[3.639843,49.033077],[3.639672,49.033543],[3.639876,49.034142],[3.641839,49.035542],[3.642483,49.036453],[3.642751,49.037113],[3.643641,49.038036],[3.645036,49.03986],[3.646527,49.040956],[3.647697,49.041447],[3.649993,49.042889],[3.649982,49.043045],[3.650164,49.04322],[3.651098,49.045322],[3.652579,49.048751],[3.653158,49.05024],[3.653061,49.052036],[3.653287,49.053225],[3.65385,49.05478],[3.654327,49.056419],[3.656334,49.057594],[3.656967,49.057707],[3.656779,49.058136],[3.656738,49.058512],[3.656505,49.059197],[3.65657,49.059639],[3.656237,49.060146],[3.655862,49.060547],[3.655636,49.061286],[3.655738,49.062371],[3.655711,49.063245],[3.655486,49.064362],[3.654917,49.067556],[3.66069,49.068249],[3.662513,49.068207],[3.664531,49.068497],[3.666129,49.068237],[3.666505,49.068699],[3.667545,49.069283],[3.669208,49.069206],[3.670067,49.069023],[3.671461,49.069099],[3.6735,49.069016],[3.674879,49.069122],[3.676622,49.069382],[3.677663,49.069649],[3.677802,49.069331],[3.678161,49.069167],[3.678746,49.069094],[3.680667,49.069092],[3.681815,49.068855],[3.683617,49.067879],[3.684808,49.067348],[3.685591,49.066823],[3.687866,49.065945],[3.688552,49.065769],[3.688703,49.06551],[3.689872,49.06538],[3.691792,49.06456],[3.692597,49.064377],[3.693992,49.064701],[3.69558,49.064854],[3.696492,49.064728],[3.697672,49.064476],[3.698337,49.064686],[3.699206,49.06456],[3.702435,49.063694],[3.702543,49.063278],[3.704334,49.062206],[3.705107,49.062008],[3.710171,49.062241],[3.708358,49.064568],[3.708412,49.06491],[3.708261,49.06543],[3.708537,49.066083],[3.708589,49.066494],[3.708921,49.067054],[3.710141,49.066677],[3.71074,49.066956],[3.711116,49.067013],[3.71222,49.067646],[3.713722,49.068146],[3.715621,49.06915],[3.715675,49.069519],[3.715922,49.070135],[3.716039,49.070683],[3.717338,49.071721],[3.717874,49.072301],[3.718019,49.072803],[3.718035,49.073769],[3.718572,49.074631],[3.720653,49.074219],[3.722713,49.07333],[3.722831,49.073121],[3.725191,49.072086],[3.728002,49.071411],[3.730094,49.070984],[3.730448,49.071505],[3.732927,49.070858],[3.732884,49.070782],[3.733892,49.070484],[3.734488,49.070127],[3.73489,49.069812],[3.735974,49.070084],[3.736698,49.07034],[3.737197,49.070344],[3.737583,49.071568],[3.737465,49.072024],[3.738409,49.07232],[3.73916,49.072617],[3.739632,49.072594],[3.740083,49.072845],[3.740459,49.073241],[3.741853,49.074132],[3.743066,49.075207],[3.743731,49.075691],[3.74446,49.076614],[3.745962,49.076107],[3.747003,49.075947],[3.74873,49.076149],[3.749063,49.076248],[3.749031,49.076408],[3.749336,49.076364],[3.750189,49.075927],[3.75152,49.075349],[3.75315,49.074512],[3.753494,49.074476],[3.753505,49.07473],[3.754202,49.07535],[3.755597,49.076115],[3.755736,49.077255],[3.756648,49.078308],[3.757153,49.079433],[3.756885,49.081237],[3.757185,49.081722],[3.758655,49.082039],[3.759052,49.082638],[3.759803,49.082539],[3.760747,49.084351],[3.761991,49.084007],[3.762431,49.083656],[3.765188,49.083057],[3.768085,49.082188],[3.769437,49.08173],[3.770703,49.081512],[3.777902,49.081306],[3.779039,49.08147],[3.780713,49.082348],[3.782355,49.082958],[3.783916,49.083222],[3.784339,49.083374],[3.785412,49.083447],[3.786013,49.083324],[3.787279,49.08313],[3.788717,49.082523],[3.789532,49.08242],[3.790627,49.082722],[3.791678,49.083373],[3.792311,49.083553],[3.793137,49.083607],[3.794628,49.083439],[3.796195,49.082806],[3.797804,49.082546],[3.798437,49.082137],[3.799092,49.082875]]],"type":"MultiLineString"},"properties":{"geo_point":{"lon":3.4201468402636825,"lat":48.94786221057177},"name":"GR14 De Coulommiers (Seine-et-Marne) à Reuil (Marne) (2019)","code_gr":"GR14"}},{"type":"Feature","geometry":{"coordinates":[[[4.626156,48.746292],[4.626923,48.745097],[4.627175,48.744871],[4.629863,48.743576],[4.6324,48.742409],[4.635093,48.741433],[4.635324,48.741591],[4.635772,48.741571],[4.637893,48.741932],[4.638859,48.742003],[4.639739,48.741814],[4.642239,48.74165],[4.642957,48.741524],[4.64432,48.74155],[4.647184,48.741773],[4.64859,48.742274],[4.652109,48.742947],[4.6558,48.743427],[4.657538,48.743404],[4.658836,48.743179],[4.660231,48.743313],[4.664308,48.744256],[4.668417,48.744976],[4.66965,48.744947],[4.670649,48.745089],[4.671925,48.745506],[4.673127,48.743486],[4.673235,48.743185],[4.673578,48.742916],[4.674253,48.741554],[4.675036,48.741624],[4.682622,48.743079],[4.697042,48.745897],[4.697503,48.746088],[4.697653,48.746399],[4.697642,48.746781],[4.697342,48.746724],[4.697235,48.747304],[4.697471,48.747488],[4.697235,48.74818],[4.697299,48.749233],[4.697793,48.750211],[4.699488,48.752066],[4.70055,48.752562],[4.70777,48.754681],[4.711064,48.755566],[4.711,48.756335],[4.710538,48.757561],[4.710163,48.758216],[4.710484,48.758423],[4.71248,48.758861],[4.714025,48.759327],[4.715361,48.759601],[4.716311,48.759868],[4.716981,48.759952],[4.717383,48.759888],[4.717673,48.759541],[4.717898,48.758495],[4.718778,48.75853],[4.722426,48.759117],[4.72366,48.758934],[4.72513,48.759258],[4.726192,48.75988],[4.728155,48.760559],[4.729346,48.760723],[4.730279,48.761162],[4.73102,48.761303],[4.734313,48.761505],[4.73515,48.761372],[4.737183,48.761259],[4.738959,48.761253],[4.750085,48.763502],[4.750235,48.762836],[4.750075,48.762522],[4.749678,48.762195],[4.750096,48.760835],[4.752011,48.760877],[4.753014,48.760969],[4.754881,48.758404],[4.755246,48.757059],[4.75619,48.755375],[4.756404,48.755139],[4.757123,48.754656],[4.757326,48.754286],[4.75738,48.75246],[4.758722,48.751102],[4.760449,48.75029],[4.762063,48.750177],[4.762605,48.749979],[4.762917,48.749695],[4.765137,48.745354],[4.770212,48.736366],[4.7718,48.734089],[4.773538,48.732798],[4.773785,48.732461],[4.77563,48.733494],[4.779074,48.737358],[4.779836,48.737682],[4.780587,48.737732],[4.784159,48.737165],[4.787689,48.736485],[4.788162,48.736217],[4.788097,48.735802],[4.786305,48.734867],[4.78534,48.734142],[4.784052,48.733444],[4.783602,48.73175],[4.784535,48.729755],[4.785243,48.726387],[4.787743,48.725977],[4.787303,48.723862],[4.786478,48.721801],[4.786187,48.719776],[4.786938,48.71917],[4.787958,48.718616],[4.788532,48.718683],[4.7896,48.719013],[4.790098,48.718971],[4.79152,48.718491],[4.792367,48.71841],[4.794341,48.718494],[4.795768,48.718362],[4.800553,48.717314],[4.802098,48.717427],[4.803997,48.717697],[4.806519,48.718134],[4.808085,48.718143],[4.811207,48.717373],[4.812431,48.71738],[4.81464,48.718044],[4.815885,48.718079],[4.816722,48.718617],[4.817178,48.718733],[4.818063,48.718765],[4.821432,48.718575],[4.823148,48.718403],[4.825122,48.718445],[4.82598,48.718603],[4.829843,48.718813],[4.832291,48.719414],[4.835014,48.719889],[4.837276,48.720695],[4.838838,48.720788],[4.839919,48.720986],[4.841841,48.721488],[4.842862,48.722135],[4.844638,48.722828],[4.846129,48.723557],[4.846623,48.724038],[4.847278,48.724483],[4.848598,48.724822],[4.850196,48.725059],[4.851932,48.725437],[4.852752,48.725833],[4.853513,48.726018],[4.854955,48.726612],[4.857197,48.727378],[4.858859,48.728408],[4.85966,48.729174],[4.861281,48.729729],[4.865677,48.730499],[4.874255,48.732],[4.875301,48.731724],[4.877887,48.73134],[4.878703,48.731087],[4.880816,48.73078],[4.882028,48.730713],[4.884936,48.731052],[4.889131,48.731173],[4.894511,48.732732],[4.897059,48.73357],[4.900128,48.735142],[4.901469,48.735554],[4.902778,48.73647],[4.903647,48.736911],[4.904199,48.737034],[4.905227,48.737032],[4.906522,48.737002],[4.906854,48.736324],[4.907252,48.736309],[4.908293,48.736344],[4.909,48.736196],[4.909859,48.736032],[4.912477,48.734676],[4.913818,48.733841],[4.914794,48.733513],[4.915427,48.732967],[4.916553,48.73251],[4.916371,48.731369],[4.916661,48.730812],[4.917197,48.730352],[4.918968,48.729594],[4.919745,48.728988],[4.920523,48.728241],[4.921821,48.728046],[4.922605,48.727604],[4.923077,48.727158],[4.923892,48.726779],[4.924418,48.726218],[4.924804,48.725398],[4.9271,48.724978],[4.929085,48.724823],[4.930158,48.724512],[4.933033,48.723323],[4.933586,48.722909],[4.934117,48.722595],[4.936037,48.722178],[4.93704,48.721866],[4.938977,48.720569],[4.941219,48.718664],[4.94373,48.718143],[4.944175,48.717438],[4.946144,48.714977],[4.946444,48.715106],[4.94889,48.717351],[4.949491,48.717443],[4.950263,48.717102],[4.951122,48.717194],[4.952506,48.717528],[4.953525,48.717648],[4.95478,48.717464],[4.955311,48.717435],[4.955928,48.71757],[4.960821,48.71904],[4.965166,48.720596],[4.967998,48.722794],[4.974854,48.721563],[4.975257,48.7224],[4.979446,48.719906],[4.979851,48.720713],[4.984226,48.719926],[4.985487,48.723017],[4.986892,48.722755],[4.988818,48.727107],[5.003071,48.724639],[5.00512,48.72984],[5.003768,48.730021],[5.003608,48.735334],[5.005463,48.735355],[5.008929,48.73843],[5.009138,48.738785],[5.009286,48.740624],[5.00924,48.741417],[5.009937,48.741815],[5.010698,48.743047],[5.012166,48.743035],[5.013816,48.743388],[5.013452,48.745567],[5.021363,48.744234],[5.023312,48.744234],[5.02354,48.744339],[5.02479,48.743778],[5.026031,48.743335],[5.028731,48.742644],[5.029002,48.742651],[5.03064,48.742081],[5.03123,48.741581],[5.0315,48.741138],[5.032191,48.741213],[5.033206,48.740702],[5.03421,48.73976],[5.034419,48.739676],[5.035036,48.739938],[5.035096,48.740091],[5.03419,48.740952],[5.034953,48.74139],[5.03316,48.742729],[5.03593,48.742989],[5.03724,48.74334],[5.04009,48.744469],[5.04243,48.744839],[5.043022,48.74494],[5.043586,48.745189],[5.043997,48.745264],[5.044579,48.745268],[5.045082,48.745166],[5.04586,48.745331],[5.04693,48.74469],[5.0486,48.744845],[5.048841,48.745348],[5.04858,48.745831],[5.04833,48.745979],[5.04966,48.746529],[5.05063,48.74754],[5.05209,48.747952],[5.05313,48.748051],[5.0555,48.748039],[5.05564,48.74791],[5.05631,48.748081],[5.05849,48.74836],[5.0607,48.749161],[5.0617,48.749611],[5.06284,48.749691],[5.06392,48.74968],[5.064587,48.749735],[5.064587,48.749735],[5.065326,48.749929],[5.065262,48.750452],[5.065369,48.751047],[5.066378,48.752207],[5.067236,48.752645],[5.068609,48.753296],[5.069446,48.753834],[5.069961,48.754301],[5.073695,48.755588],[5.07451,48.755843],[5.074875,48.756522],[5.075519,48.756974],[5.076205,48.757186],[5.077793,48.75737],[5.080862,48.757964],[5.081956,48.75829],[5.082943,48.758969],[5.083651,48.75986],[5.083952,48.760638],[5.08408,48.76119],[5.084509,48.761897],[5.085754,48.762972],[5.086376,48.763424],[5.087299,48.762547],[5.088136,48.761331],[5.088838,48.760849],[5.093631,48.76215],[5.099389,48.763788],[5.100847,48.763831],[5.101472,48.76428],[5.106096,48.766596],[5.107302,48.766967],[5.108136,48.767017],[5.1093,48.767004],[5.110077,48.766963],[5.111129,48.767083],[5.11203,48.767288],[5.113033,48.767288],[5.11452,48.767609],[5.11687,48.768331],[5.117471,48.768715],[5.117932,48.769197],[5.11819,48.769612],[5.118104,48.769977],[5.117841,48.770376],[5.117781,48.770691],[5.118136,48.770997],[5.11879,48.771307],[5.120473,48.771731],[5.122776,48.772156],[5.123905,48.772307],[5.125324,48.772572],[5.127544,48.772824],[5.129551,48.773289],[5.131356,48.773399],[5.133089,48.773323],[5.14023,48.772781],[5.14272,48.7728],[5.14414,48.77356],[5.14461,48.77401],[5.14581,48.774212],[5.14715,48.77462],[5.14805,48.77515],[5.14946,48.775719],[5.15078,48.775959],[5.15102,48.777672],[5.150865,48.778408],[5.150913,48.778678],[5.150913,48.778678],[5.151243,48.778811],[5.149033,48.780649],[5.149312,48.780847],[5.150041,48.781639],[5.151264,48.78137],[5.151693,48.781441],[5.151779,48.781342],[5.15208,48.781413],[5.152273,48.781314],[5.152595,48.781469],[5.152852,48.781201],[5.153238,48.781186],[5.153646,48.78171],[5.154483,48.7813],[5.159289,48.779391],[5.159586,48.779652],[5.157431,48.780768],[5.155513,48.782223],[5.154386,48.783573],[5.15288,48.784882],[5.152754,48.785105],[5.15252,48.785709],[5.152637,48.786585],[5.152285,48.7873],[5.151718,48.788044],[5.151386,48.789075],[5.151436,48.789175],[5.151108,48.789805],[5.150511,48.790605],[5.150068,48.791013],[5.14954,48.791351],[5.1486,48.791759],[5.147776,48.792043],[5.147302,48.792333],[5.146807,48.792749],[5.146571,48.793324],[5.14703,48.794559],[5.148105,48.795351],[5.14845,48.79586],[5.149078,48.796514],[5.149962,48.797141],[5.150491,48.797624],[5.15074,48.79805],[5.1507,48.798759],[5.150129,48.799492],[5.149311,48.800029],[5.148903,48.800157],[5.14783,48.80027],[5.146443,48.800346],[5.145462,48.800474],[5.14446,48.800701],[5.143933,48.800857],[5.1436,48.801041],[5.14294,48.80159],[5.14277,48.801922],[5.14166,48.802441],[5.14122,48.802441],[5.140933,48.80275],[5.14092,48.803509],[5.14081,48.80397],[5.141269,48.804651],[5.14178,48.805222],[5.14273,48.80571],[5.14299,48.80619],[5.14412,48.807232],[5.144311,48.807831],[5.144599,48.808283],[5.14477,48.809078],[5.14229,48.809547],[5.141524,48.809766],[5.14109,48.810171],[5.140771,48.810675],[5.140366,48.811079],[5.138911,48.810562],[5.138516,48.811191],[5.13821,48.811951],[5.138353,48.812194],[5.139451,48.812805],[5.139613,48.813098],[5.13956,48.813801],[5.13981,48.814486],[5.139529,48.815263],[5.139109,48.815983],[5.137836,48.817351],[5.137211,48.817872],[5.13519,48.819962],[5.13307,48.821899],[5.13013,48.821499],[5.12863,48.821541],[5.1278,48.822479],[5.12726,48.822788],[5.126973,48.823308],[5.1266,48.82373],[5.1266,48.82373],[5.126333,48.824293],[5.126076,48.824441],[5.125689,48.824547],[5.125486,48.824971],[5.125352,48.825317],[5.125174,48.826009],[5.125207,48.826846],[5.12526,48.827634],[5.124606,48.829463],[5.124413,48.831187],[5.124493,48.831589],[5.125453,48.8325],[5.125496,48.832867],[5.125325,48.833764],[5.125432,48.835371],[5.125775,48.837352],[5.125947,48.839061],[5.126204,48.839467],[5.129745,48.841906],[5.129745,48.841906],[5.129892,48.84216],[5.129957,48.842683],[5.13236,48.844081],[5.132875,48.844744],[5.133133,48.846114],[5.132918,48.846834],[5.13251,48.847597],[5.13221,48.851028],[5.132231,48.852158],[5.132103,48.853089],[5.13236,48.85388],[5.132321,48.855835],[5.132509,48.856382],[5.132536,48.857226],[5.131827,48.859005],[5.132128,48.860084],[5.131656,48.861568],[5.131699,48.861951],[5.132235,48.862504],[5.132836,48.862875],[5.133158,48.863572],[5.133201,48.863967],[5.13305,48.864187],[5.133018,48.865032],[5.133276,48.865018],[5.133008,48.865336],[5.132568,48.867369],[5.13274,48.868393],[5.132525,48.869282],[5.13186,48.870522],[5.131398,48.871688],[5.130326,48.871906],[5.130036,48.872272],[5.129907,48.873142],[5.12583,48.877691],[5.124661,48.882412],[5.126646,48.884827],[5.126023,48.887768],[5.125594,48.891907],[5.125116,48.892757],[5.124789,48.89307],[5.124704,48.893723],[5.124328,48.894455],[5.124602,48.894811],[5.125057,48.895117],[5.12509,48.895333],[5.125058,48.895802],[5.126356,48.896008],[5.125959,48.896767],[5.126093,48.897158],[5.126332,48.897403],[5.126485,48.897888],[5.12627,48.898434],[5.125337,48.899166],[5.124489,48.899765],[5.124253,48.900752],[5.124006,48.902572],[5.123867,48.904186],[5.123582,48.904507],[5.122858,48.904955],[5.121201,48.905576],[5.119951,48.905986],[5.119854,48.90806],[5.120085,48.909037],[5.120165,48.909957],[5.120315,48.910514],[5.120315,48.912551],[5.123137,48.912727],[5.117923,48.918269],[5.113127,48.920822],[5.113213,48.923898],[5.113106,48.92868],[5.113556,48.930035],[5.113546,48.930444],[5.112387,48.930622],[5.111808,48.930791],[5.110574,48.931461],[5.109469,48.931976],[5.109865,48.932421],[5.111003,48.933212],[5.111754,48.934026],[5.112022,48.934475],[5.11184,48.935188],[5.11007,48.936668],[5.109104,48.937695],[5.10521,48.939943],[5.104254,48.940318],[5.107194,48.943215],[5.107135,48.943451],[5.106561,48.944392],[5.106357,48.945322],[5.105842,48.946209],[5.105263,48.94788],[5.103954,48.949726],[5.10286,48.950401],[5.102409,48.950944],[5.101781,48.95158],[5.101325,48.952217],[5.101014,48.952451],[5.099802,48.952812],[5.098761,48.95319],[5.098268,48.953613],[5.096809,48.955467],[5.096176,48.955475],[5.093773,48.956191],[5.090468,48.956814],[5.092796,48.959576],[5.095167,48.96094],[5.100725,48.964208],[5.100886,48.96446],[5.101379,48.965667],[5.101379,48.965667],[5.1041,48.964604],[5.106825,48.963406],[5.108049,48.963082],[5.11013,48.962702],[5.114078,48.961307],[5.116224,48.961082],[5.11719,48.9608],[5.117833,48.960434],[5.118026,48.961378],[5.118563,48.962167],[5.118756,48.963857],[5.119035,48.96466],[5.119679,48.965449],[5.11852,48.966182],[5.118863,48.966534],[5.119764,48.968745],[5.121309,48.970858],[5.122039,48.971619],[5.12397,48.974239],[5.132081,48.974718],[5.131802,48.97614],[5.130944,48.977887],[5.130386,48.978746],[5.129785,48.979154],[5.127596,48.979915],[5.126974,48.980351],[5.126137,48.981168],[5.12515,48.981816],[5.124635,48.982337],[5.123841,48.982252],[5.122468,48.982421],[5.121245,48.982224],[5.119142,48.982407],[5.117183,48.983395],[5.116914,48.983579],[5.114994,48.985355],[5.108122,48.987588],[5.107454,48.987757],[5.106915,48.987976],[5.106164,48.98811],[5.105595,48.988302],[5.10433,48.989193],[5.102055,48.990025],[5.100886,48.990173],[5.098858,48.99538],[5.099105,48.996242],[5.099314,48.99647],[5.09978,48.996712],[5.099952,48.99704],[5.099974,48.997368],[5.099588,48.998739],[5.09947,48.998893],[5.099351,49.000206],[5.099169,49.000519],[5.097892,49.001085],[5.097785,49.001507],[5.098429,49.002422],[5.097517,49.002611],[5.095896,49.004203],[5.095425,49.005104],[5.094599,49.007272],[5.092903,49.009428],[5.092635,49.010372],[5.092088,49.011662],[5.091262,49.012527],[5.09064,49.013351],[5.088462,49.014385],[5.087459,49.015246],[5.08652,49.01622],[5.085763,49.016837],[5.084041,49.018523],[5.083129,49.019783],[5.081573,49.021338],[5.080018,49.022371],[5.079299,49.023026],[5.078655,49.023727],[5.076949,49.024996],[5.076617,49.025509],[5.076124,49.025928],[5.074815,49.026417],[5.074209,49.026959],[5.073903,49.0275],[5.072476,49.028694],[5.071816,49.029142],[5.070534,49.030223],[5.069601,49.030851],[5.069772,49.031079],[5.069472,49.031488],[5.068892,49.031461],[5.068512,49.031355],[5.067651,49.031366],[5.066468,49.031073],[5.066252,49.031701],[5.06738,49.031947],[5.068409,49.032269],[5.068603,49.03238],[5.068421,49.03263],[5.068474,49.032858],[5.06901,49.033085],[5.069364,49.033302],[5.068345,49.033171],[5.067326,49.032846],[5.067068,49.032839],[5.067133,49.033012],[5.066918,49.033323],[5.066489,49.035006],[5.064548,49.034866],[5.063035,49.035349],[5.062455,49.035216],[5.062165,49.035504],[5.060674,49.035611],[5.059601,49.035475],[5.059284,49.035306],[5.058925,49.035264],[5.056737,49.035833],[5.055026,49.035342],[5.054569,49.035306],[5.051737,49.035815],[5.049602,49.036842],[5.03897,49.036828],[5.037081,49.036519],[5.03132,49.03495],[5.029925,49.034697],[5.02823,49.036554],[5.026964,49.037786],[5.028091,49.038144],[5.029394,49.038668],[5.031921,49.039444],[5.035698,49.040252],[5.036641,49.040576],[5.036909,49.041048],[5.037097,49.041178],[5.037875,49.041314],[5.038626,49.041673],[5.040869,49.042187],[5.042671,49.042423],[5.043873,49.042297],[5.046308,49.041519],[5.046984,49.041188],[5.048347,49.041046],[5.050546,49.040348],[5.052681,49.039523],[5.053271,49.03907],[5.054247,49.038834],[5.055117,49.039179],[5.056039,49.039393],[5.056468,49.039647],[5.057627,49.040625],[5.056136,49.040858],[5.055503,49.040887],[5.055997,49.041574],[5.056087,49.041929],[5.05594,49.042339],[5.055695,49.042678],[5.055449,49.043008],[5.054333,49.043437],[5.053947,49.044064],[5.052928,49.044253],[5.051833,49.046291],[5.05266,49.046482],[5.05325,49.046749],[5.056125,49.047033],[5.05694,49.047388],[5.057574,49.047763],[5.057997,49.047908],[5.058689,49.048278],[5.059955,49.048566],[5.06031,49.048838],[5.061575,49.049141],[5.062284,49.049234],[5.064579,49.049667],[5.065137,49.049664],[5.066022,49.049835],[5.066896,49.05007],[5.069171,49.050441],[5.071071,49.050641],[5.072471,49.050931],[5.073602,49.051376],[5.072986,49.051401],[5.072025,49.051342],[5.069762,49.051591],[5.068522,49.051813],[5.065728,49.052205],[5.069236,49.054401],[5.063324,49.058309],[5.063571,49.058466],[5.063088,49.058973],[5.063147,49.059277],[5.062766,49.060095],[5.062788,49.06086],[5.062959,49.061338],[5.06311,49.061979],[5.062336,49.062758],[5.061768,49.062927],[5.060631,49.062942],[5.060213,49.063386],[5.060459,49.063995],[5.060663,49.064934],[5.059826,49.065994],[5.059327,49.066254],[5.059032,49.066534],[5.05827,49.066922],[5.058078,49.067128],[5.057992,49.067616],[5.058614,49.068225],[5.058807,49.068539],[5.058861,49.069003],[5.059858,49.069692],[5.060835,49.070177],[5.062186,49.07128],[5.06386,49.072265],[5.064547,49.073127],[5.064831,49.07319],[5.066178,49.072789],[5.0671,49.072692],[5.069622,49.072645],[5.071226,49.072953],[5.072318,49.073254],[5.073324,49.073436],[5.073827,49.073721],[5.073699,49.074457],[5.073457,49.074716],[5.072057,49.075256],[5.071451,49.075647],[5.071263,49.075982],[5.071247,49.076438],[5.071102,49.077232],[5.071183,49.077601],[5.071779,49.078131],[5.071923,49.078574],[5.071424,49.079819],[5.071446,49.08012],[5.071735,49.080491],[5.072443,49.081135],[5.073044,49.081532],[5.073398,49.081969],[5.073431,49.082279],[5.073184,49.082926],[5.072132,49.083065],[5.071295,49.082975],[5.070544,49.083146],[5.069911,49.083549],[5.070008,49.08419],[5.069622,49.084476],[5.069278,49.084557],[5.068763,49.084877],[5.067938,49.085672],[5.067937,49.085933],[5.068404,49.086782],[5.069107,49.087814],[5.06916,49.088348],[5.068635,49.088898],[5.069128,49.089809],[5.069825,49.090689],[5.07019,49.091377],[5.070469,49.091855],[5.070947,49.092126],[5.072884,49.092888],[5.07342,49.094874],[5.073136,49.094924],[5.071574,49.094411],[5.070695,49.094292],[5.070174,49.094377],[5.068452,49.094912],[5.067583,49.095038],[5.0668,49.095409],[5.067572,49.095591],[5.067696,49.095742],[5.06739,49.096421],[5.067089,49.096506],[5.065749,49.096189],[5.065341,49.096274],[5.065137,49.09645],[5.065384,49.097925],[5.065625,49.098551],[5.066274,49.099254],[5.067165,49.099372],[5.067454,49.099856],[5.067423,49.100257],[5.067336,49.100589],[5.067395,49.100957],[5.067747,49.101254],[5.068334,49.102028],[5.069783,49.102982],[5.070738,49.10346],[5.070893,49.103692],[5.070877,49.103939],[5.070534,49.104332],[5.070164,49.104605],[5.070461,49.104574],[5.070297,49.105434],[5.070652,49.105553],[5.070443,49.105664],[5.069912,49.106225],[5.069472,49.107533],[5.068774,49.108109],[5.067562,49.108032],[5.067433,49.10754],[5.067063,49.107316],[5.06661,49.107239],[5.065985,49.107267],[5.065255,49.107353],[5.063173,49.107168],[5.061382,49.106713],[5.059601,49.106402],[5.059043,49.106255],[5.058024,49.106722],[5.057606,49.107048],[5.057391,49.107942],[5.056946,49.108114],[5.055943,49.108154],[5.054848,49.108376],[5.053813,49.108839],[5.053456,49.108853],[5.053378,49.109035],[5.053196,49.110015],[5.052724,49.111382],[5.052375,49.111769],[5.051994,49.111925],[5.051404,49.11179],[5.050664,49.110703],[5.050203,49.110406],[5.049623,49.110113],[5.049001,49.109937],[5.048453,49.11002],[5.048043,49.110278],[5.047547,49.110789],[5.047217,49.112009],[5.047102,49.112338],[5.046266,49.112555],[5.043422,49.112394],[5.042746,49.11257],[5.04228,49.112812],[5.040998,49.112983],[5.04073,49.113228],[5.04086,49.113478],[5.041249,49.11374],[5.039088,49.115345],[5.038872,49.116283],[5.039045,49.116898],[5.039485,49.117268],[5.039753,49.117752],[5.040917,49.118918],[5.04151,49.119592],[5.041802,49.120056],[5.042016,49.120723],[5.042713,49.121804],[5.041684,49.123082],[5.041131,49.123631],[5.040257,49.124313],[5.041308,49.126621],[5.041459,49.128243],[5.041727,49.129221],[5.042038,49.129848],[5.042617,49.131711],[5.044183,49.132681],[5.045064,49.134369],[5.045037,49.134584],[5.044827,49.134785],[5.044302,49.135929],[5.043122,49.136856],[5.042891,49.137285],[5.041845,49.141308],[5.033884,49.140037],[5.034276,49.140661],[5.03441,49.141285],[5.034817,49.142057],[5.034174,49.142906],[5.034378,49.144077],[5.034796,49.14459],[5.035654,49.145454],[5.035815,49.146246],[5.036196,49.146312],[5.035826,49.146828],[5.035333,49.146971],[5.033186,49.147046],[5.033477,49.147749],[5.033777,49.14836],[5.033369,49.149098],[5.032607,49.149918],[5.03192,49.150796],[5.03235,49.152527],[5.033112,49.154739],[5.032683,49.154738],[5.029345,49.157095],[5.029064,49.157169],[5.028568,49.157509],[5.028168,49.157589],[5.027769,49.15781],[5.027404,49.15836],[5.027146,49.158928],[5.027372,49.15932],[5.027109,49.159327],[5.026675,49.158983],[5.024925,49.158549],[5.024056,49.158072],[5.022983,49.157385],[5.021605,49.156078],[5.020451,49.154639],[5.019507,49.154442],[5.019915,49.155369],[5.020108,49.156499],[5.02042,49.157124],[5.020419,49.158143],[5.020462,49.15859],[5.020988,49.159555],[5.021868,49.16031],[5.022522,49.160707],[5.022753,49.161091],[5.022597,49.162079],[5.021707,49.162702],[5.021041,49.163351],[5.020827,49.164211],[5.021278,49.165676],[5.02234,49.167141],[5.022887,49.167683],[5.021782,49.168011],[5.020376,49.167304],[5.01991,49.166834],[5.019454,49.165999],[5.019164,49.165704],[5.018526,49.165571],[5.018067,49.165582],[5.017544,49.165375],[5.016407,49.163909],[5.016149,49.162983],[5.016353,49.162528],[5.016208,49.162261],[5.014851,49.161825],[5.014197,49.161207],[5.01424,49.160982],[5.014658,49.161185],[5.014953,49.16116],[5.015076,49.160896],[5.014856,49.1606],[5.014326,49.160402],[5.014004,49.16045],[5.01352,49.16087],[5.013102,49.160903],[5.012191,49.160697],[5.010431,49.16021],[5.009766,49.160101],[5.008779,49.160175],[5.008521,49.160437],[5.00866,49.160781],[5.009723,49.162163],[5.009518,49.162503],[5.009068,49.162619],[5.005163,49.161922],[5.002577,49.163977],[5.002475,49.164314],[5.002414,49.167029],[5.002191,49.169969],[5.00188,49.170908],[5.004487,49.17152],[5.004863,49.17182],[5.005603,49.172081],[5.00762,49.173344],[5.007996,49.173786],[5.008403,49.174086],[5.009262,49.175055],[5.009873,49.175441],[5.011632,49.17619],[5.013076,49.176621],[5.013328,49.176885],[5.012416,49.177666],[5.011885,49.177997],[5.010581,49.178497],[5.009583,49.179131],[5.008982,49.179409],[5.009583,49.181096],[5.009691,49.181717],[5.002159,49.189129],[4.998715,49.18753],[4.998178,49.187779],[4.996494,49.188337],[4.995292,49.188519],[4.99452,49.188591],[4.994064,49.188797],[4.993823,49.18906],[4.993834,49.189551],[4.994365,49.189996],[4.995507,49.190595],[4.995781,49.19095],[4.995689,49.191285],[4.995829,49.191975],[4.995507,49.192621],[4.995347,49.194058],[4.995035,49.19478],[4.994413,49.195656],[4.995432,49.195897],[4.996365,49.196471],[4.996891,49.19664],[4.998286,49.197508],[4.99864,49.197949],[4.998661,49.198994],[4.998796,49.19969],[4.99923,49.200261],[5.001301,49.201421],[5.004089,49.203017],[5.004997,49.20367],[5.005645,49.204658],[5.006032,49.204749],[5.006654,49.205066],[5.007072,49.205671],[5.007147,49.205968],[5.008167,49.206694],[5.008564,49.207069],[5.008698,49.20755],[5.008593,49.208155],[5.008843,49.209173],[5.009658,49.209575],[5.010302,49.210047],[5.01248,49.210552],[5.013311,49.21091],[5.013864,49.210903],[5.014411,49.210945],[5.014899,49.211353],[5.0169,49.212559],[5.017383,49.212747],[5.017566,49.21326],[5.018236,49.213582],[5.018649,49.213974],[5.018467,49.214569],[5.018134,49.215202],[5.018274,49.215479],[5.019872,49.216166],[5.020527,49.217241],[5.021471,49.21792],[5.02234,49.218382],[5.023842,49.219103],[5.024389,49.219257],[5.025076,49.219826],[5.023724,49.221115],[5.023059,49.221657],[5.022662,49.222466],[5.021836,49.223259]]],"type":"MultiLineString"},"properties":{"geo_point":{"lon":4.997698906406157,"lat":48.90256283967435},"name":"GR14 De Vitry-en-Perthois (Marne) à Varennes-en-Argonne (Meuse) (2019)","code_gr":"GR14"}},{"type":"Feature","geometry":{"coordinates":[[[3.79971,49.082748],[3.800186,49.082884],[3.800377,49.082902],[3.80052,49.082983],[3.800771,49.083334],[3.800789,49.083683],[3.800753,49.08389],[3.80092,49.084203],[3.801338,49.084497],[3.80148,49.084462],[3.801669,49.084483],[3.802127,49.084674],[3.80236,49.084878],[3.802495,49.085091],[3.802678,49.085571],[3.802723,49.086176],[3.803039,49.08665],[3.803344,49.086867],[3.803558,49.086912],[3.80397,49.086915],[3.80433,49.086979],[3.804698,49.087173],[3.804927,49.087339],[3.806245,49.088524],[3.806327,49.08852],[3.806381,49.088621],[3.807189,49.088836],[3.809122,49.089189],[3.809724,49.089334],[3.811273,49.089421],[3.81206,49.089409],[3.812896,49.089299],[3.812977,49.089115],[3.813457,49.088788],[3.814498,49.087109],[3.815039,49.08669],[3.815439,49.085956],[3.817041,49.086205],[3.818282,49.086546],[3.819023,49.086532],[3.820705,49.086244],[3.823127,49.086126],[3.82605,49.085615],[3.828693,49.085575],[3.830715,49.086152],[3.831055,49.086519],[3.832917,49.086467],[3.833638,49.08631],[3.834639,49.086283],[3.837061,49.085339],[3.838203,49.084382],[3.838543,49.084893],[3.838663,49.085628],[3.838483,49.087031],[3.838063,49.088316],[3.837702,49.089719],[3.838575,49.089487],[3.838658,49.089461],[3.839005,49.089292],[3.839077,49.089134],[3.839461,49.088981],[3.839477,49.088898],[3.839728,49.088818],[3.840308,49.088337],[3.84008,49.08794],[3.840375,49.087817],[3.840637,49.087841],[3.843335,49.087047],[3.84553,49.08648],[3.84567,49.08631],[3.846491,49.086349],[3.847759,49.086296],[3.848134,49.086248],[3.848241,49.086298],[3.848248,49.086544],[3.849254,49.086126],[3.850296,49.087008],[3.850593,49.087269],[3.850895,49.087383],[3.851172,49.087425],[3.85189,49.087292],[3.85257,49.08728],[3.85309,49.087349],[3.853524,49.087283],[3.85395,49.087159],[3.854377,49.087125],[3.855358,49.087174],[3.855736,49.087224],[3.856209,49.087199],[3.85658,49.087222],[3.856548,49.087305],[3.858112,49.087109],[3.85901,49.08704],[3.859316,49.086843],[3.863896,49.086948],[3.864392,49.086932],[3.864706,49.087008],[3.865578,49.087011],[3.865797,49.087042],[3.866126,49.086956],[3.866564,49.086926],[3.86673,49.087036],[3.867138,49.087033],[3.867435,49.086876],[3.867573,49.086868],[3.867829,49.086751],[3.868135,49.086384],[3.868555,49.086277],[3.868971,49.086248],[3.869391,49.086228],[3.869698,49.086134],[3.869517,49.085923],[3.86882,49.085381],[3.86747,49.084881],[3.867091,49.084775],[3.867071,49.084655],[3.867196,49.084576],[3.870332,49.084817],[3.871494,49.084834],[3.871765,49.085064],[3.871955,49.085079],[3.87237,49.084911],[3.872983,49.084915],[3.872574,49.084666],[3.87209,49.084431],[3.871133,49.084183],[3.870346,49.083963],[3.869872,49.083758],[3.870174,49.082661],[3.870351,49.082318],[3.870525,49.082161],[3.871692,49.081677],[3.871919,49.081502],[3.872316,49.080726],[3.872714,49.080182],[3.872815,49.079954],[3.872697,49.07862],[3.87272,49.078195],[3.87284,49.077461],[3.872751,49.076913],[3.872522,49.076249],[3.874416,49.07591],[3.875457,49.075663],[3.876996,49.075231],[3.876741,49.074947],[3.878181,49.074612],[3.87809,49.074041],[3.878843,49.073988],[3.88415,49.072696],[3.884169,49.072728],[3.884816,49.072582],[3.884912,49.072886],[3.884906,49.073159],[3.884672,49.073887],[3.884777,49.075522],[3.884904,49.077193],[3.886712,49.077604],[3.887051,49.07764],[3.889274,49.077506],[3.889803,49.077636],[3.890504,49.077532],[3.890593,49.077478],[3.89255,49.07785],[3.89413,49.077969],[3.894737,49.07808],[3.89519,49.077865],[3.895604,49.07755],[3.895954,49.077407],[3.896241,49.077321],[3.896914,49.077567],[3.898522,49.076815],[3.899188,49.076282],[3.899791,49.075651],[3.899893,49.075287],[3.900625,49.075328],[3.901433,49.075312],[3.901956,49.075502],[3.902344,49.075777],[3.903939,49.076268],[3.904298,49.076321],[3.905344,49.076199],[3.905397,49.07583],[3.905348,49.075432],[3.90612,49.075199],[3.906229,49.075119],[3.906189,49.074908],[3.905836,49.074586],[3.906096,49.07414],[3.906343,49.073886],[3.906704,49.07328],[3.907634,49.0729],[3.907966,49.07288],[3.909297,49.073088],[3.910627,49.073246],[3.911308,49.073381],[3.913104,49.073867],[3.91396,49.074074],[3.916363,49.074476],[3.916512,49.074592],[3.916775,49.074661],[3.917225,49.074709],[3.917364,49.075035],[3.917461,49.075136],[3.917643,49.075174],[3.918573,49.075902],[3.918907,49.076055],[3.919559,49.076265],[3.920016,49.076527],[3.920473,49.076919],[3.921078,49.077217],[3.92111,49.077317],[3.921544,49.077683],[3.92148,49.077787],[3.921447,49.07804],[3.921276,49.078258],[3.921026,49.078388],[3.920583,49.078561],[3.920368,49.078795],[3.920293,49.078994],[3.920216,49.079629],[3.920368,49.080029],[3.920719,49.080648],[3.920631,49.080858],[3.92069,49.080953],[3.921078,49.08106],[3.921874,49.081161],[3.922154,49.081234],[3.922684,49.081034],[3.92284,49.081042],[3.92356,49.081364],[3.923991,49.081515],[3.925403,49.081671],[3.926831,49.08175],[3.929501,49.082088],[3.929993,49.082121],[3.930341,49.082029],[3.931046,49.081758],[3.93189,49.081501],[3.932886,49.080977],[3.933299,49.080656],[3.933537,49.080589],[3.934327,49.080669],[3.934936,49.080601],[3.935807,49.080603],[3.936635,49.080492],[3.9377,49.080188],[3.93878,49.08004],[3.93872,49.079882],[3.938659,49.078957],[3.93877,49.078504],[3.938901,49.07836],[3.939289,49.078225],[3.939718,49.078016],[3.940508,49.077777],[3.940736,49.07871],[3.940874,49.07959],[3.94147,49.080593],[3.941786,49.080961],[3.942319,49.082084],[3.942578,49.082435],[3.94502,49.083246],[3.945575,49.083723],[3.946091,49.084344],[3.946638,49.08524],[3.947499,49.086219],[3.948221,49.086699],[3.948638,49.087129],[3.949368,49.088246],[3.94954,49.088356],[3.952357,49.0895],[3.954235,49.09029],[3.955323,49.090616],[3.958292,49.091102],[3.960703,49.091567],[3.962071,49.090486],[3.963138,49.089497],[3.963463,49.089279],[3.964229,49.088988],[3.964671,49.088889],[3.96521,49.08884],[3.966177,49.088839],[3.96723,49.088902],[3.96776,49.089158],[3.968072,49.089195],[3.968325,49.089151],[3.968443,49.089076],[3.968835,49.08892],[3.970004,49.088904],[3.971115,49.088598],[3.971777,49.088576],[3.972121,49.088484],[3.972417,49.088272],[3.972861,49.08806],[3.97338,49.087749],[3.97412,49.087231],[3.975249,49.086905],[3.97545,49.08676],[3.975684,49.086416],[3.975149,49.086271],[3.975096,49.086179],[3.975328,49.0859],[3.975612,49.085703],[3.976123,49.085551],[3.976613,49.085334],[3.976696,49.085236],[3.977828,49.085274],[3.978404,49.085195],[3.97899,49.084991],[3.97983,49.084332],[3.980229,49.084075],[3.980415,49.083992],[3.981018,49.083899],[3.981168,49.083806],[3.981227,49.083545],[3.981098,49.082757],[3.981105,49.082597],[3.981307,49.082503],[3.981589,49.082476],[3.982003,49.082735],[3.98228,49.083031],[3.982712,49.083293],[3.982888,49.083311],[3.98306,49.083218],[3.9832,49.082829],[3.98324,49.082191],[3.983443,49.082063],[3.983742,49.081984],[3.983762,49.081785],[3.983964,49.081467],[3.98766,49.081404],[3.988187,49.081339],[3.991009,49.080685],[3.991192,49.080684],[3.991411,49.080549],[3.992355,49.080175],[3.992983,49.07974],[3.994705,49.080566],[3.994745,49.081392],[3.998028,49.081366],[3.998589,49.081432],[4.00031,49.081458],[4.001732,49.081274],[4.002393,49.081405],[4.003133,49.081759],[4.003954,49.081838],[4.007478,49.081222],[4.00958,49.081012],[4.012043,49.080579],[4.013104,49.080002],[4.013364,49.079661],[4.014825,49.07835],[4.015686,49.07776],[4.015947,49.077301],[4.016267,49.076383],[4.017008,49.075648],[4.016988,49.073891],[4.017568,49.071989],[4.018009,49.0701],[4.017889,49.069589],[4.018549,49.068776],[4.01937,49.068408],[4.020591,49.068199],[4.021212,49.068185],[4.022013,49.067726],[4.023014,49.067608],[4.023514,49.067884],[4.023915,49.067464],[4.024836,49.067071],[4.025116,49.06711],[4.026277,49.066008],[4.026878,49.06568],[4.027759,49.064736],[4.028139,49.064788],[4.028179,49.064919],[4.028233,49.065],[4.028445,49.065168],[4.02869,49.065241],[4.029097,49.065294],[4.029751,49.065491],[4.030199,49.065699],[4.030337,49.065806],[4.030368,49.065924],[4.030293,49.066029],[4.029853,49.066414],[4.029488,49.066593],[4.029789,49.06707],[4.029971,49.067126],[4.030867,49.067034],[4.031135,49.066969],[4.031259,49.06701],[4.032294,49.067073],[4.033828,49.067316],[4.035678,49.06735],[4.0363,49.068224],[4.036612,49.068408],[4.038393,49.069148],[4.039342,49.069762],[4.039627,49.06989],[4.039702,49.070068],[4.040308,49.070184],[4.041456,49.070598],[4.042121,49.070939],[4.043001,49.071083],[4.04416,49.071953],[4.044406,49.07197],[4.046037,49.071662],[4.048134,49.070722],[4.049674,49.071825],[4.049932,49.072189],[4.050125,49.072633],[4.050452,49.072942],[4.05124,49.073387],[4.05167,49.073708],[4.051997,49.074035],[4.052815,49.074522],[4.053477,49.074869],[4.053625,49.075161],[4.053601,49.075387],[4.05337,49.0756],[4.05278,49.075976],[4.052431,49.076113],[4.052286,49.077174],[4.051385,49.078571],[4.051265,49.07886],[4.051278,49.079398],[4.051294,49.07983],[4.051187,49.080298],[4.05123,49.08089],[4.051547,49.081674],[4.051842,49.082222],[4.051917,49.082419],[4.051917,49.082644],[4.051219,49.083081],[4.051155,49.083217],[4.052254,49.085053],[4.052222,49.085207],[4.051332,49.085727],[4.051611,49.086531],[4.053864,49.088329],[4.054942,49.089046],[4.056766,49.090046],[4.057603,49.090388],[4.059277,49.091324],[4.059808,49.091094],[4.060392,49.091013],[4.060966,49.09103],[4.061519,49.090907],[4.061948,49.090902],[4.064464,49.091045],[4.064869,49.090984],[4.065489,49.090748],[4.068385,49.089386],[4.069501,49.088727],[4.070065,49.088481],[4.070427,49.088209],[4.070622,49.087946],[4.070821,49.087284],[4.071089,49.08708],[4.071317,49.086744],[4.071786,49.08623],[4.072285,49.085773],[4.073965,49.086445],[4.074297,49.086206],[4.075504,49.084892],[4.076056,49.084191],[4.076845,49.08336],[4.077022,49.083045],[4.077204,49.082346],[4.077154,49.082164],[4.077547,49.082175],[4.078514,49.08207],[4.07949,49.082085],[4.081263,49.082058],[4.082033,49.082168],[4.082617,49.082367],[4.083663,49.0826],[4.084736,49.083003],[4.086329,49.083504],[4.087348,49.083826],[4.090074,49.085161],[4.090645,49.085369],[4.091012,49.085405],[4.091645,49.085375],[4.092268,49.085273],[4.093282,49.085761],[4.09373,49.085851],[4.094323,49.085866],[4.094754,49.085912],[4.095057,49.085989],[4.09591,49.086155],[4.096623,49.086338],[4.097209,49.086653],[4.097729,49.087107],[4.098126,49.087511],[4.09841,49.087668],[4.099424,49.08807],[4.100497,49.089026],[4.10304,49.0899],[4.104128,49.090218],[4.10364,49.091217],[4.104107,49.091373],[4.104407,49.091526],[4.105089,49.092223],[4.105517,49.092409],[4.1061,49.092152],[4.107053,49.091968],[4.107408,49.09225],[4.108137,49.092592],[4.108566,49.093351],[4.108822,49.093583],[4.108747,49.093766],[4.109235,49.094727],[4.109501,49.095006],[4.110174,49.095443],[4.110754,49.095592],[4.11129,49.095716],[4.111826,49.095748],[4.112229,49.095825],[4.112446,49.095835],[4.113123,49.096174],[4.114144,49.09698],[4.11516,49.098121],[4.115877,49.099155],[4.116177,49.09962],[4.116091,49.09972],[4.117556,49.100385],[4.117668,49.100147],[4.117716,49.09993],[4.117985,49.099877],[4.118301,49.099759],[4.11879,49.099486],[4.118977,49.099488],[4.119503,49.099219],[4.120262,49.098681],[4.120956,49.098247],[4.121329,49.098124],[4.123746,49.097923],[4.124203,49.097832],[4.124785,49.097837],[4.125324,49.097932],[4.125924,49.097918],[4.12778,49.097704],[4.128708,49.097249],[4.129237,49.097109],[4.131063,49.09711],[4.131567,49.097153],[4.131841,49.097057],[4.132196,49.097412],[4.132479,49.097538],[4.134491,49.097787],[4.135995,49.09787],[4.13661,49.097962],[4.136866,49.098072],[4.137632,49.098084],[4.138026,49.097924],[4.139598,49.098235],[4.140837,49.098307],[4.141223,49.098414],[4.141513,49.098641],[4.14169,49.099028],[4.141894,49.099201],[4.141934,49.099301],[4.142452,49.099362],[4.143047,49.0993],[4.143359,49.099151],[4.144452,49.099076],[4.144898,49.09891],[4.145101,49.0985],[4.145308,49.098276],[4.145633,49.098137],[4.147082,49.097739],[4.147656,49.097569],[4.148286,49.097476],[4.149159,49.097429],[4.149998,49.097487],[4.150386,49.097418],[4.150568,49.097331],[4.150697,49.097703],[4.150901,49.097775],[4.151394,49.097727],[4.151587,49.097763],[4.152184,49.098133],[4.152763,49.098268],[4.153865,49.098684],[4.153772,49.098891],[4.153851,49.099115],[4.153685,49.099335],[4.153717,49.099548],[4.154305,49.099994],[4.155332,49.09985],[4.156313,49.099846],[4.158207,49.099558],[4.15936,49.099608],[4.160358,49.099404],[4.160632,49.09943],[4.161104,49.099387],[4.161587,49.099393],[4.161791,49.099793],[4.161882,49.100285],[4.161777,49.100514],[4.161388,49.1009],[4.161124,49.101024],[4.160989,49.101605],[4.160725,49.102032],[4.160407,49.102669],[4.159629,49.103483],[4.159435,49.104094],[4.159828,49.104178],[4.16495,49.105969],[4.165151,49.106101],[4.165842,49.105952],[4.168164,49.105187],[4.168585,49.105489],[4.168745,49.105725],[4.169425,49.106223],[4.169826,49.106721],[4.170266,49.107101],[4.170567,49.107651],[4.171508,49.107953],[4.172068,49.10887],[4.171868,49.10963],[4.171648,49.11001],[4.172248,49.109984],[4.172469,49.109892],[4.17369,49.109866],[4.17409,49.109696],[4.175071,49.10984],[4.175575,49.109992],[4.177042,49.109846],[4.177465,49.109884],[4.178163,49.110229],[4.178656,49.110268],[4.179364,49.110217],[4.180399,49.110236],[4.180649,49.110051],[4.180968,49.109511],[4.181499,49.109184],[4.181907,49.109184],[4.182143,49.109016],[4.18194,49.108621],[4.182262,49.108501],[4.184182,49.107254],[4.18452,49.107588],[4.184735,49.107933],[4.185689,49.10767],[4.18596,49.107638],[4.18652,49.107318],[4.186864,49.106933],[4.188098,49.106234],[4.188516,49.106431],[4.189744,49.106421],[4.190377,49.106496],[4.191418,49.106772],[4.191745,49.106755],[4.192641,49.106303],[4.193728,49.105977],[4.194546,49.105654],[4.195125,49.105282],[4.195742,49.105056],[4.196686,49.10484],[4.19762,49.10478],[4.197998,49.104823],[4.199208,49.105087],[4.199822,49.105159],[4.200392,49.105142],[4.200897,49.10504],[4.20145,49.105053],[4.204845,49.10577],[4.205296,49.106523],[4.210677,49.105606],[4.211916,49.105434],[4.213616,49.105385],[4.215239,49.105441],[4.216196,49.105602],[4.217025,49.10582],[4.217933,49.10614],[4.218745,49.106467],[4.220703,49.107072],[4.223031,49.106953],[4.223315,49.107053],[4.223493,49.107284],[4.223573,49.108231],[4.223863,49.109635],[4.223945,49.109744],[4.224561,49.109685],[4.2271,49.109056],[4.229044,49.108637],[4.232134,49.108365],[4.231786,49.106705],[4.237246,49.104896],[4.240063,49.104595],[4.24223,49.104162],[4.242152,49.103894],[4.241748,49.103455],[4.241462,49.102949],[4.240798,49.10134],[4.240417,49.100743],[4.239789,49.100124],[4.237037,49.098138],[4.236276,49.097561],[4.235549,49.096861],[4.235303,49.09643],[4.235052,49.095683],[4.234988,49.09507],[4.235114,49.094537],[4.235337,49.094032],[4.236464,49.092302],[4.23663,49.092152],[4.236911,49.092112],[4.237,49.092037],[4.237083,49.091868],[4.237108,49.09158],[4.237316,49.091236],[4.239671,49.087569],[4.239886,49.087386],[4.240551,49.087239],[4.240809,49.087011],[4.241329,49.086206],[4.241348,49.086034],[4.241164,49.085906],[4.240986,49.08582],[4.240926,49.085665],[4.241189,49.084925],[4.241192,49.084254],[4.240996,49.083523],[4.240782,49.083061],[4.239784,49.081809],[4.240065,49.081596],[4.242675,49.078808],[4.241195,49.078232],[4.240288,49.077655],[4.238378,49.076326],[4.237885,49.075842],[4.236721,49.07353],[4.236302,49.073017],[4.235594,49.072464],[4.232124,49.070214],[4.231383,49.069425],[4.230917,49.068481],[4.2309,49.068358],[4.230812,49.068057],[4.230691,49.06788],[4.230128,49.067324],[4.229736,49.067087],[4.227618,49.066328],[4.226966,49.066168],[4.219522,49.065129],[4.218933,49.065651],[4.218552,49.065786],[4.217763,49.065849],[4.214258,49.064795],[4.213992,49.064783],[4.21338,49.066135],[4.206669,49.064754],[4.205833,49.064496],[4.204931,49.064078],[4.192582,49.057505],[4.19167,49.056962],[4.190951,49.056278],[4.190458,49.055466],[4.189906,49.053071],[4.189514,49.052412],[4.189213,49.052072],[4.183978,49.047904],[4.183254,49.047218],[4.182883,49.046638],[4.182669,49.046159],[4.182212,49.043958],[4.181957,49.04291],[4.181487,49.042224],[4.181123,49.042174],[4.181214,49.042443],[4.181548,49.04296],[4.181408,49.043116],[4.180738,49.043253],[4.180046,49.04344],[4.179536,49.043138],[4.17893,49.043131],[4.178152,49.043468],[4.176859,49.042202],[4.177572,49.041993],[4.181589,49.040377],[4.182198,49.040014],[4.189275,49.037151],[4.203343,49.031311],[4.227204,49.021458],[4.227451,49.021732],[4.230573,49.022807],[4.233244,49.024601],[4.234393,49.025867],[4.236903,49.024845],[4.238073,49.024742],[4.240808,49.024643],[4.242461,49.024208],[4.244853,49.022594],[4.24583,49.02227],[4.250969,49.021399],[4.251977,49.021071],[4.253029,49.022243],[4.254059,49.021767],[4.255196,49.021084],[4.254584,49.020597],[4.254766,49.020359],[4.254509,49.019982],[4.253715,49.019366],[4.25349,49.017792],[4.253866,49.017235],[4.25334,49.01689],[4.252686,49.012726],[4.252728,49.012207],[4.253039,49.011647],[4.253522,49.011288],[4.267684,49.005426],[4.268183,49.00588],[4.2684,49.005959],[4.269948,49.007587],[4.271439,49.005615],[4.272856,49.004991],[4.275398,49.003745],[4.280387,49.000565],[4.28176,48.999851],[4.284614,48.998973],[4.295343,48.994396],[4.295429,48.993904],[4.296233,48.993581],[4.298183,48.992953],[4.300391,48.991845],[4.309913,48.987913],[4.309344,48.987369],[4.321747,48.982275],[4.326639,48.980244],[4.329107,48.979195],[4.331381,48.977603],[4.33166,48.977293],[4.335019,48.974478],[4.335287,48.974182],[4.335866,48.973881],[4.3363,48.973159],[4.344031,48.966492],[4.349642,48.961695],[4.350135,48.961193],[4.350275,48.9608],[4.349985,48.960411],[4.349803,48.959759],[4.348526,48.95911],[4.350243,48.957188],[4.351584,48.955849],[4.35234,48.954602],[4.353949,48.951164],[4.354853,48.950163],[4.354992,48.950053],[4.355023,48.949894],[4.355731,48.948403],[4.355849,48.948376],[4.355897,48.948262],[4.35616,48.948082],[4.355991,48.947961],[4.355666,48.947516],[4.35551,48.946922],[4.355676,48.94674],[4.355574,48.946671],[4.35551,48.946217],[4.355199,48.945667],[4.355178,48.94508],[4.354814,48.944862],[4.353644,48.942571],[4.353419,48.941846],[4.353461,48.940861],[4.353343,48.940628],[4.353504,48.939911],[4.354212,48.939014],[4.354899,48.938243],[4.355339,48.937497],[4.355607,48.937302],[4.355704,48.937035],[4.355556,48.936717],[4.355346,48.935893],[4.355294,48.935252],[4.355678,48.935068],[4.355768,48.934734],[4.355543,48.934364],[4.355639,48.934036],[4.356197,48.932953],[4.356723,48.93224],[4.356793,48.932279],[4.356878,48.932032],[4.35719,48.931806],[4.358102,48.931334],[4.358879,48.930753],[4.359952,48.92979],[4.360585,48.928893],[4.36125,48.928088],[4.362141,48.927194],[4.363772,48.926002],[4.365729,48.92492],[4.368186,48.923413],[4.369863,48.922075],[4.370983,48.921093],[4.371917,48.920479],[4.372757,48.920417],[4.373523,48.920332],[4.374121,48.920184],[4.377091,48.921934],[4.377142,48.921793],[4.378245,48.921131],[4.381485,48.91951],[4.38141,48.919381],[4.380742,48.919009],[4.380535,48.918836],[4.38179,48.918126],[4.381793,48.917993],[4.381463,48.917782],[4.382075,48.917246],[4.382681,48.916383],[4.382874,48.915832],[4.383566,48.915101],[4.384038,48.914463],[4.38435,48.914275],[4.384511,48.914242],[4.385455,48.914818],[4.385685,48.914838],[4.387241,48.914382],[4.387799,48.91401],[4.388172,48.913443],[4.389199,48.912136],[4.389569,48.911289],[4.389832,48.910873],[4.390433,48.910301],[4.391356,48.909645],[4.392992,48.908641],[4.393576,48.90823],[4.394563,48.908764],[4.395245,48.908207],[4.396575,48.907753],[4.397527,48.907106],[4.398823,48.906395],[4.401575,48.907736],[4.406588,48.907637],[4.407025,48.907679],[4.407376,48.907093],[4.4085,48.905925],[4.408725,48.905735],[4.408865,48.905469],[4.408919,48.905075],[4.409219,48.904598],[4.409643,48.904157],[4.410829,48.904677],[4.411059,48.904689],[4.411236,48.904547],[4.414181,48.901365],[4.409954,48.899859],[4.409914,48.899758],[4.410667,48.89896],[4.411,48.898758],[4.411601,48.897928],[4.411837,48.897707],[4.412132,48.897216],[4.412502,48.896788],[4.412636,48.89647],[4.412864,48.89617],[4.413361,48.895031],[4.41361,48.89483],[4.413965,48.894793],[4.414659,48.893427],[4.415855,48.893728],[4.415997,48.893686],[4.416509,48.892751],[4.417475,48.892945],[4.41821,48.891922],[4.419374,48.891668],[4.419682,48.891647],[4.419733,48.891767],[4.42072,48.892629],[4.420978,48.892688],[4.421509,48.892754],[4.422214,48.893002],[4.422636,48.89313],[4.422781,48.89347],[4.423842,48.893898],[4.42528,48.891945],[4.42602,48.8908],[4.427447,48.889297],[4.427984,48.888374],[4.428343,48.888222],[4.429657,48.887817],[4.430317,48.888158],[4.430663,48.888284],[4.432629,48.889263],[4.438654,48.884382],[4.439327,48.88375],[4.439747,48.883295],[4.440064,48.882741],[4.440349,48.882418],[4.440944,48.881889],[4.441068,48.881636],[4.44111,48.881052],[4.441268,48.880793],[4.441652,48.880576],[4.443551,48.879329],[4.445879,48.877703],[4.44268,48.875577],[4.445313,48.873603],[4.448476,48.875633],[4.451582,48.872893],[4.451845,48.872794],[4.452574,48.872253],[4.454527,48.871659],[4.454988,48.871376],[4.456426,48.870319],[4.457842,48.869572],[4.472133,48.863945],[4.473614,48.863132],[4.47783,48.859726],[4.480115,48.857056],[4.480437,48.856541],[4.479182,48.85599],[4.479386,48.855375],[4.479359,48.855008],[4.477747,48.85361],[4.477498,48.853554],[4.477181,48.853158],[4.47607,48.852156],[4.478399,48.850103],[4.478463,48.849841],[4.477573,48.848707],[4.476596,48.847087],[4.476693,48.846638],[4.477229,48.846268],[4.478356,48.845886],[4.480448,48.844795],[4.481564,48.84444],[4.482411,48.844374],[4.484825,48.844547],[4.486198,48.844059],[4.487947,48.843885],[4.491605,48.843079],[4.500328,48.837804],[4.503847,48.834618],[4.504641,48.833282],[4.506315,48.834171],[4.507399,48.834468],[4.51198,48.835239],[4.512495,48.835021],[4.514523,48.83438],[4.515392,48.834328],[4.517318,48.834533],[4.517913,48.834541],[4.518653,48.834286],[4.518353,48.832414],[4.518401,48.832125],[4.519598,48.830479],[4.52007,48.830225],[4.522752,48.829929],[4.525048,48.829901],[4.526432,48.829478],[4.527022,48.828961],[4.528342,48.828399],[4.529468,48.828154],[4.531442,48.827837],[4.5345,48.827733],[4.535991,48.827591],[4.537171,48.826946],[4.53819,48.826954],[4.538437,48.826679],[4.538652,48.826172],[4.544295,48.824547],[4.545486,48.824278],[4.546569,48.823896],[4.548319,48.823083],[4.550143,48.822759],[4.551215,48.822193],[4.558157,48.819433],[4.559326,48.819214],[4.560324,48.81918],[4.562384,48.818783],[4.563521,48.818339],[4.564321,48.818224],[4.565195,48.818195],[4.567974,48.817707],[4.576245,48.815182],[4.578552,48.817383],[4.581106,48.816345],[4.587489,48.814308],[4.588981,48.813908],[4.589839,48.813408],[4.589882,48.813103],[4.590504,48.812622],[4.591802,48.812185],[4.593186,48.8113],[4.594318,48.81099],[4.59545,48.81078],[4.596105,48.810558],[4.597209,48.81054],[4.597811,48.810468],[4.597929,48.810253],[4.600472,48.809769],[4.602005,48.809448],[4.602606,48.8092],[4.60295,48.808968],[4.602692,48.808758],[4.603465,48.808292],[4.60347,48.8081],[4.602949,48.807316],[4.603475,48.807305],[4.604988,48.807068],[4.606651,48.806953],[4.607359,48.80661],[4.607563,48.806049],[4.606887,48.804264],[4.606994,48.803528],[4.607778,48.802307],[4.608507,48.801853],[4.609666,48.801353],[4.610632,48.800271],[4.613121,48.797231],[4.613571,48.797443],[4.614247,48.797035],[4.615781,48.795834],[4.616822,48.795231],[4.617981,48.794659],[4.619021,48.79451],[4.619182,48.794369],[4.618903,48.794207],[4.618887,48.794013],[4.620845,48.792164],[4.619386,48.791055],[4.618067,48.790354],[4.617568,48.789965],[4.616854,48.788925],[4.616843,48.787648],[4.617455,48.785316],[4.617552,48.783257],[4.617401,48.78241],[4.617777,48.781185],[4.618549,48.779968],[4.620352,48.777836],[4.621875,48.775963],[4.623388,48.77409],[4.623957,48.773117],[4.625491,48.767521],[4.626639,48.760427],[4.627009,48.760105],[4.627065,48.759887],[4.627501,48.759721],[4.627765,48.759499],[4.628761,48.757876],[4.629301,48.757453],[4.629441,48.757137],[4.629081,48.756213],[4.628761,48.755328],[4.62786,48.754259],[4.627358,48.752815],[4.627615,48.752361],[4.627068,48.751129],[4.625942,48.749306],[4.62562,48.748096],[4.625673,48.747036]]],"type":"MultiLineString"},"properties":{"geo_point":{"lon":4.228281083693844,"lat":48.99693481417377},"name":"GR14 De Reuil à Vitry-en-Perthois (Marne) (2019)","code_gr":"GR14"}},{"type":"Feature","geometry":{"coordinates":[[[5.021857,49.223265],[5.018649,49.222782],[5.011321,49.2229],[5.010195,49.224331],[5.009358,49.224884],[5.008703,49.224907],[5.00733,49.224831],[5.005892,49.224927],[5.003768,49.224436],[5.002577,49.224598],[5.00173,49.224983],[5.000474,49.225262],[5.000088,49.225488],[4.999485,49.225532],[4.998988,49.225653],[4.997953,49.225735],[4.997524,49.225643],[4.997245,49.225719],[4.996634,49.226105],[4.995861,49.226105],[4.99526,49.227715],[4.99276,49.227205],[4.992524,49.228164],[4.992321,49.228376],[4.991387,49.228683],[4.990802,49.229607],[4.990565,49.230158],[4.98999,49.23009],[4.989585,49.231253],[4.990567,49.231547],[4.9929,49.232681],[4.988083,49.232711],[4.982471,49.233685],[4.983834,49.234637],[4.983716,49.235703],[4.984328,49.236467],[4.984467,49.237063],[4.984681,49.237554],[4.984832,49.237627],[4.984896,49.238499],[4.985486,49.239658],[4.982225,49.242496],[4.978985,49.244648],[4.977917,49.245601],[4.977171,49.246399],[4.976678,49.24655],[4.976002,49.247646],[4.975916,49.248108],[4.976045,49.248493],[4.976195,49.248765],[4.975197,49.248717],[4.974454,49.248938],[4.973754,49.249047],[4.973039,49.248798],[4.972777,49.249225],[4.972235,49.249517],[4.971711,49.24953],[4.971217,49.249801],[4.971164,49.249984],[4.970809,49.25037],[4.969736,49.252553],[4.969511,49.252742],[4.96728,49.256356],[4.966475,49.256176],[4.961689,49.255469],[4.96089,49.255401],[4.954469,49.255894],[4.954061,49.25698],[4.952109,49.260647],[4.951411,49.261427],[4.950983,49.262681],[4.949555,49.265186],[4.948777,49.265654],[4.948128,49.266248],[4.947034,49.267204],[4.946401,49.267543],[4.943665,49.269527],[4.943408,49.271488],[4.944073,49.272014],[4.944267,49.272385],[4.94492,49.27316],[4.945296,49.274042],[4.945575,49.274458],[4.946197,49.274951],[4.947044,49.276204],[4.947796,49.27697],[4.948096,49.277621],[4.946959,49.278722],[4.946251,49.279284],[4.942571,49.278664],[4.939352,49.278431],[4.936552,49.278614],[4.934331,49.278683],[4.929835,49.280907],[4.925759,49.282513],[4.92563,49.282896],[4.925973,49.284842],[4.927905,49.288773],[4.932507,49.29661],[4.932357,49.296739],[4.932303,49.296951],[4.932045,49.29719],[4.930061,49.297765],[4.926585,49.298625],[4.924943,49.298699],[4.923238,49.298683],[4.922497,49.298823],[4.916462,49.301516],[4.911393,49.303566],[4.910899,49.303664],[4.908947,49.303701],[4.90752,49.303815],[4.906554,49.304138],[4.904193,49.305328],[4.904108,49.306083],[4.903883,49.306887],[4.903534,49.307203],[4.902362,49.307493],[4.901995,49.307693],[4.902016,49.30798],[4.901855,49.309113],[4.900568,49.310389],[4.900192,49.310916],[4.900085,49.312393],[4.900245,49.313548],[4.89927,49.31698],[4.89855,49.318828],[4.897579,49.319759],[4.896823,49.320437],[4.896737,49.320786],[4.896979,49.321217],[4.897813,49.322226],[4.898089,49.322731],[4.895654,49.322765],[4.89427,49.322891],[4.891995,49.32266],[4.890858,49.322431],[4.888498,49.321695],[4.888154,49.321247],[4.886663,49.320695],[4.884785,49.320164],[4.883176,49.320031],[4.882028,49.322822],[4.883895,49.323345],[4.884147,49.323664],[4.884324,49.324332],[4.885172,49.324921],[4.884684,49.325476],[4.884367,49.325962],[4.884045,49.327061],[4.884528,49.327438],[4.884721,49.327769],[4.884721,49.328268],[4.884592,49.328806],[4.884624,49.329399],[4.884759,49.329937],[4.884657,49.330469],[4.884163,49.331578],[4.884217,49.332094],[4.884576,49.332825],[4.884925,49.333248],[4.884963,49.333663],[4.885183,49.334176],[4.881663,49.335637],[4.87308,49.337212],[4.873274,49.339928],[4.872989,49.340149],[4.871999,49.340463],[4.87131,49.340832],[4.870945,49.341419],[4.870988,49.343231],[4.870623,49.345486],[4.870119,49.347583],[4.870301,49.347822],[4.870548,49.347949],[4.870108,49.348798],[4.869969,49.349313],[4.869894,49.34994],[4.869218,49.350472],[4.868934,49.350935],[4.868692,49.351524],[4.868478,49.352428],[4.868076,49.352792],[4.866794,49.353875],[4.866616,49.354438],[4.866342,49.354862],[4.865355,49.355721],[4.865377,49.356216],[4.865111,49.356488],[4.864545,49.35697],[4.864186,49.357403],[4.864057,49.357899],[4.864132,49.358929],[4.864046,49.359312],[4.863842,49.359622],[4.863832,49.360778],[4.86395,49.361324],[4.863971,49.361923],[4.863896,49.362611],[4.864111,49.363532],[4.864433,49.363971],[4.866547,49.365824],[4.867018,49.370405],[4.86734,49.373878],[4.869186,49.376748],[4.874164,49.380241],[4.875108,49.380226],[4.876138,49.380396],[4.877308,49.380812],[4.877962,49.381248],[4.878477,49.381374],[4.877801,49.382707],[4.876749,49.383687],[4.875698,49.385118],[4.87513,49.386004],[4.874475,49.386546],[4.873714,49.386871],[4.872464,49.387139],[4.8723,49.387357],[4.870935,49.387742],[4.870216,49.388224],[4.87013,49.388916],[4.870559,49.389908],[4.870699,49.390606],[4.870302,49.391052],[4.870302,49.391997],[4.870076,49.392647],[4.869808,49.393911],[4.868617,49.395332],[4.867705,49.396076],[4.866707,49.396744],[4.8663,49.397129],[4.865533,49.39759],[4.864894,49.398135],[4.866353,49.398707],[4.867126,49.399212],[4.868081,49.400112],[4.868671,49.400549],[4.869326,49.401967],[4.869808,49.402545],[4.871643,49.403572],[4.873037,49.403538],[4.874464,49.40379],[4.875537,49.403713],[4.876127,49.403847],[4.875119,49.40453],[4.875023,49.405128],[4.876101,49.40565],[4.876857,49.406116],[4.877854,49.406667],[4.878509,49.406417],[4.87941,49.40696],[4.881148,49.408726],[4.88176,49.410255],[4.882275,49.410954],[4.883702,49.413555],[4.883691,49.4142],[4.883584,49.41486],[4.883831,49.415909],[4.883712,49.416633],[4.883809,49.416905],[4.884131,49.417191],[4.887296,49.418713],[4.890718,49.421185],[4.895272,49.423435],[4.896533,49.423975],[4.897821,49.424388],[4.899328,49.424677],[4.902209,49.42498],[4.908217,49.425475],[4.914268,49.425861],[4.915352,49.425594],[4.922196,49.426208],[4.922679,49.426428],[4.924579,49.428539],[4.924633,49.429508],[4.925003,49.430147],[4.925512,49.430618],[4.927958,49.431801],[4.928849,49.432663],[4.929375,49.433552],[4.92997,49.434158],[4.930351,49.434338],[4.931724,49.434338],[4.93314,49.43549],[4.934085,49.43768],[4.933768,49.437984],[4.932775,49.438433],[4.93269,49.438621],[4.933226,49.439528],[4.933419,49.440315],[4.933441,49.44102],[4.933612,49.44152],[4.933462,49.442417],[4.933516,49.443157],[4.933226,49.444919],[4.933403,49.448122],[4.933602,49.450292],[4.933248,49.451534],[4.933409,49.451938],[4.934685,49.454447],[4.936563,49.455873],[4.93667,49.456104],[4.936466,49.458905],[4.935989,49.459652],[4.935017,49.461989],[4.934878,49.464074],[4.934219,49.465067],[4.933806,49.46585],[4.933719,49.466305],[4.933859,49.467218],[4.934181,49.467706],[4.934438,49.469491],[4.934782,49.469791],[4.935109,49.469888],[4.935286,49.470069],[4.935233,49.470655],[4.934996,49.471728],[4.933837,49.473787],[4.935608,49.474293],[4.936777,49.47768],[4.935404,49.477842],[4.934449,49.478128],[4.937571,49.479878],[4.937561,49.480549],[4.937089,49.480902],[4.936605,49.482185],[4.936723,49.484138],[4.936273,49.485571],[4.936809,49.48583],[4.937818,49.485913],[4.938231,49.486084],[4.939502,49.486484],[4.940093,49.486813],[4.940377,49.487241],[4.94064,49.48799],[4.940983,49.489872],[4.940296,49.49057],[4.939545,49.490925],[4.938708,49.491177],[4.937711,49.491455],[4.937046,49.492165],[4.936219,49.492708],[4.934492,49.494492],[4.933795,49.495121],[4.932496,49.496808],[4.931842,49.497917],[4.931338,49.498333],[4.930877,49.498979],[4.929385,49.499554],[4.928956,49.500026],[4.928581,49.501183],[4.928291,49.501574],[4.927926,49.501909],[4.927336,49.502605],[4.926939,49.502841],[4.926199,49.503],[4.925019,49.50374],[4.924696,49.503543],[4.924031,49.503551],[4.923516,49.503629],[4.92018,49.505724],[4.918989,49.506643],[4.916553,49.507908],[4.914987,49.508359],[4.914343,49.508442],[4.913281,49.508518],[4.911135,49.508839],[4.908872,49.509445],[4.908367,49.509941],[4.908195,49.510443],[4.90825,49.511634],[4.907928,49.512664],[4.907563,49.513374],[4.907649,49.514065],[4.908496,49.514797],[4.908936,49.515633],[4.908893,49.516418],[4.908464,49.517151],[4.908025,49.517754],[4.907938,49.518298],[4.908045,49.518849],[4.907649,49.51965],[4.907015,49.520849],[4.907198,49.522152],[4.906822,49.522659],[4.905406,49.524052],[4.904387,49.525626],[4.902542,49.52681],[4.901512,49.527748],[4.90104,49.527953],[4.900268,49.527939],[4.899329,49.527841],[4.894935,49.527702],[4.894495,49.527914],[4.894355,49.528223],[4.894377,49.528556],[4.89457,49.529033],[4.894318,49.529721],[4.89412,49.530347],[4.893492,49.531077],[4.892607,49.53178],[4.891995,49.531881],[4.891491,49.531753],[4.890805,49.531673],[4.889571,49.531703],[4.886213,49.532074],[4.885665,49.532173],[4.887049,49.533014],[4.887285,49.533333],[4.887306,49.534242],[4.88751,49.534662],[4.888138,49.535074],[4.888251,49.535416],[4.888176,49.535683],[4.887296,49.535778],[4.886791,49.535925],[4.88647,49.536293],[4.886545,49.536613],[4.887059,49.537018],[4.886899,49.537284],[4.885827,49.537449],[4.885021,49.537727],[4.884775,49.538135],[4.88486,49.538523],[4.885263,49.539027],[4.885408,49.539448],[4.885247,49.539623],[4.884485,49.539718],[4.883466,49.54034],[4.88308,49.541182],[4.882715,49.541293],[4.882328,49.541155],[4.881824,49.54018],[4.880977,49.539719],[4.880194,49.53958],[4.879604,49.539726],[4.879357,49.539928],[4.879303,49.540186],[4.879727,49.540735],[4.880279,49.541257],[4.881009,49.542085],[4.881771,49.544892],[4.881384,49.545233],[4.880939,49.545335],[4.880409,49.545444],[4.880043,49.545734],[4.879699,49.546087],[4.879399,49.546102],[4.878874,49.545978],[4.877479,49.545352],[4.87668,49.54516],[4.875913,49.545106],[4.875494,49.545203],[4.875124,49.545643],[4.874542,49.545974],[4.874582,49.546145],[4.873413,49.54625],[4.872007,49.546125],[4.869819,49.545783],[4.868027,49.545253],[4.86601,49.544962],[4.865259,49.544963],[4.862877,49.54719],[4.862716,49.547583],[4.862952,49.548742],[4.863961,49.550397],[4.864851,49.550872],[4.865259,49.551734],[4.865012,49.552166],[4.860602,49.555988],[4.850925,49.558193],[4.844735,49.559601],[4.844101,49.559649],[4.846666,49.561358],[4.849777,49.563476],[4.850056,49.564033],[4.850582,49.568318],[4.850528,49.568722],[4.850099,49.569824],[4.848157,49.571408],[4.845733,49.572735],[4.847664,49.574422],[4.850957,49.577195],[4.854047,49.5798],[4.854348,49.580265],[4.855045,49.580668],[4.855764,49.581413],[4.857191,49.58103],[4.858435,49.582797],[4.858779,49.58293],[4.860732,49.5848],[4.862261,49.586786],[4.863414,49.588702],[4.863424,49.588974],[4.863338,49.589634],[4.864454,49.592472],[4.865495,49.594402],[4.865828,49.595483],[4.866428,49.595941],[4.866546,49.597054],[4.867405,49.597965],[4.867951,49.598752],[4.868209,49.600845],[4.867437,49.60081],[4.867737,49.601157],[4.867941,49.601826],[4.868253,49.602047],[4.86896,49.602158],[4.870323,49.602901],[4.87131,49.603319],[4.871171,49.603798],[4.870538,49.604454],[4.870248,49.60519],[4.870135,49.606372],[4.870227,49.607109],[4.870666,49.608025],[4.871605,49.609006],[4.872308,49.609974],[4.874239,49.612713],[4.874647,49.614159],[4.874314,49.614624],[4.873703,49.614895],[4.871095,49.615868],[4.86954,49.616646],[4.868445,49.617439],[4.868091,49.617602],[4.867346,49.61842],[4.866876,49.619128],[4.866418,49.619648],[4.865645,49.62063],[4.864894,49.621429],[4.864337,49.62175],[4.863468,49.62257],[4.863135,49.622765],[4.861482,49.625572],[4.860839,49.626156],[4.858618,49.627518],[4.857405,49.627296],[4.856815,49.628101],[4.856837,49.628304],[4.856515,49.62901],[4.856547,49.630165],[4.857749,49.632172],[4.859412,49.63426],[4.859787,49.63548],[4.860474,49.636383],[4.862191,49.637449],[4.862604,49.638049],[4.863897,49.638289],[4.864776,49.638592],[4.867512,49.639734],[4.867737,49.637073],[4.868531,49.635326],[4.869626,49.635139],[4.87132,49.635154],[4.872061,49.633736],[4.872823,49.633125],[4.875998,49.632693],[4.877908,49.632478],[4.879485,49.632478],[4.881105,49.632638],[4.882994,49.633117],[4.88632,49.63414],[4.89001,49.634487],[4.891309,49.634765],[4.892092,49.635181],[4.892478,49.63519],[4.894398,49.634731],[4.89604,49.634556],[4.896738,49.63439],[4.899591,49.632987],[4.899726,49.632727],[4.899613,49.632315],[4.899183,49.631362],[4.899269,49.630852],[4.899441,49.630339],[4.901507,49.630204],[4.903615,49.630138],[4.906201,49.629518],[4.907713,49.629631],[4.910696,49.629387],[4.911822,49.629597],[4.913517,49.628822],[4.915148,49.627502],[4.915792,49.626823],[4.916629,49.62721],[4.916951,49.627221],[4.917573,49.626732],[4.91812,49.626691],[4.918978,49.627003],[4.920824,49.627892],[4.9218,49.628768],[4.921907,49.629189],[4.922036,49.63068],[4.921736,49.63134],[4.920866,49.631978],[4.919568,49.632549],[4.919171,49.632942],[4.91797,49.635356],[4.917932,49.636158],[4.918238,49.636987],[4.920158,49.639617],[4.922014,49.64242],[4.922851,49.643006],[4.920458,49.64447],[4.920952,49.644943],[4.919766,49.645965],[4.918731,49.646591],[4.918109,49.647416],[4.918077,49.648057],[4.918688,49.648449],[4.918324,49.648682],[4.918056,49.649181],[4.917669,49.649578],[4.918077,49.649933],[4.917969,49.650223],[4.918925,49.650488],[4.919349,49.650852],[4.919654,49.651529],[4.920545,49.652362],[4.920802,49.653057],[4.921392,49.655975],[4.921639,49.658161],[4.922068,49.65883],[4.922594,49.659191],[4.924386,49.659988],[4.924997,49.660183],[4.924664,49.660591],[4.924063,49.660641],[4.926488,49.661704],[4.925523,49.662899],[4.926209,49.663724],[4.926596,49.6646],[4.92695,49.66494],[4.927358,49.665794],[4.927304,49.666518],[4.926789,49.668098],[4.926349,49.668407],[4.926322,49.668798],[4.926553,49.669689],[4.927068,49.670182],[4.928226,49.671157],[4.929954,49.672203],[4.931547,49.673755],[4.933087,49.675112],[4.932465,49.675517],[4.9327,49.677128],[4.933569,49.679474],[4.934053,49.680106],[4.935243,49.680584],[4.93681,49.681625],[4.93799,49.682632],[4.93873,49.68343],[4.939138,49.68364],[4.939782,49.684318],[4.940576,49.684888],[4.94086,49.684878],[4.940927,49.685005],[4.942389,49.685284],[4.943612,49.685582],[4.943718,49.685907],[4.943434,49.687286],[4.943172,49.688248],[4.942582,49.689255],[4.941573,49.690058],[4.940146,49.69072],[4.938719,49.691696],[4.938397,49.692101],[4.937679,49.692627],[4.937099,49.693104],[4.934825,49.694042],[4.934246,49.694459],[4.933333,49.696365],[4.933312,49.697021],[4.935586,49.699574],[4.935866,49.701282],[4.935645,49.701669],[4.935364,49.702994],[4.93517,49.703281],[4.935234,49.703622],[4.935039,49.704472],[4.934471,49.705029],[4.935383,49.705477],[4.934406,49.707075],[4.935704,49.708057],[4.935275,49.708332],[4.93535,49.708545],[4.934213,49.709087],[4.932979,49.709869],[4.933012,49.710052],[4.93255,49.710245],[4.932196,49.710723],[4.931842,49.711391],[4.931123,49.712124],[4.930614,49.712995],[4.930434,49.713083],[4.930233,49.713394],[4.930233,49.713531],[4.92945,49.714012],[4.929063,49.714664],[4.928881,49.715405],[4.929085,49.715405],[4.929213,49.7156],[4.929095,49.716329],[4.929632,49.717087],[4.930254,49.717488],[4.930684,49.718168],[4.930512,49.718715],[4.930544,49.719013],[4.9307,49.718713],[4.93096,49.718283],[4.931198,49.717743],[4.931564,49.717325],[4.932497,49.716869],[4.932993,49.716758],[4.933457,49.716835],[4.933881,49.717182],[4.934288,49.717629],[4.934567,49.718089],[4.934497,49.719138],[4.934599,49.719631],[4.936177,49.719498],[4.940801,49.720024],[4.9427,49.720226],[4.943719,49.72047],[4.946229,49.720676],[4.949201,49.721207],[4.95212,49.72131],[4.953911,49.721519],[4.955542,49.721905],[4.956926,49.72213],[4.959801,49.722225],[4.960778,49.722072],[4.960917,49.722625],[4.961282,49.723056],[4.962076,49.723626],[4.962645,49.723689],[4.963042,49.723835],[4.963675,49.724667],[4.963836,49.725466],[4.963717,49.726269],[4.964222,49.726866],[4.964308,49.727773],[4.964672,49.728613],[4.964576,49.729424],[4.964833,49.729786],[4.964705,49.731846],[4.964973,49.732662],[4.965026,49.733002],[4.96626,49.732189],[4.967934,49.731449],[4.969114,49.730644],[4.971088,49.729714],[4.971861,49.730263],[4.972912,49.731201],[4.973051,49.731773],[4.971646,49.733974],[4.970337,49.737309],[4.968749,49.739197],[4.969811,49.740166],[4.971443,49.741225],[4.972532,49.741399],[4.975284,49.741482],[4.975476,49.741718],[4.975401,49.742988],[4.975852,49.744217],[4.976271,49.745058],[4.976088,49.745402],[4.971989,49.747288],[4.971528,49.747784],[4.971775,49.747967],[4.972504,49.748036],[4.973341,49.748324],[4.973867,49.748396],[4.97464,49.748242],[4.975551,49.748213],[4.976174,49.748386],[4.976603,49.748886],[4.977858,49.751686],[4.978534,49.752096],[4.979424,49.752117],[4.980133,49.751854],[4.980653,49.751542],[4.981345,49.751347],[4.982096,49.751405],[4.983158,49.751896],[4.983555,49.752293],[4.983759,49.752922],[4.98274,49.755987],[4.982606,49.756596],[4.982729,49.757317],[4.983491,49.759521],[4.9845,49.760818],[4.984939,49.761122],[4.986194,49.761877],[4.98687,49.762791],[4.986956,49.763348],[4.986902,49.764543],[4.987085,49.76499],[4.98804,49.766186],[4.988587,49.766998],[4.988673,49.767392],[4.988426,49.76777],[4.988018,49.767996],[4.986827,49.76841],[4.986355,49.768799],[4.986291,49.769342],[4.987182,49.770385],[4.987664,49.770664],[4.988115,49.770765],[4.988984,49.770692],[4.990593,49.770447],[4.991366,49.770616],[4.991827,49.770977],[4.992567,49.772778],[4.992642,49.774448],[4.992428,49.774979],[4.992058,49.775482],[4.991924,49.776116],[4.992063,49.777095],[4.991983,49.777507],[4.991473,49.778383],[4.991473,49.778943],[4.991816,49.779517],[4.992513,49.779914],[4.993672,49.780308],[4.995228,49.782787],[4.995099,49.78306],[4.994005,49.783264],[4.989928,49.78355],[4.991463,49.784902],[4.992353,49.786481],[4.992772,49.787662],[4.993436,49.788317],[4.994027,49.788749],[4.995202,49.789457],[4.996055,49.789763],[4.998114,49.790005],[4.999058,49.790429],[4.999841,49.79071],[5.001054,49.791462],[5.001612,49.791628],[5.002298,49.791557],[5.00262,49.791607],[5.002813,49.792568],[5.003082,49.79295],[5.004433,49.793739],[5.004938,49.793941],[5.005335,49.794479],[5.005163,49.794903],[5.00482,49.795666],[5.005066,49.7962],[5.005817,49.79747],[5.006504,49.797825]]],"type":"MultiLineString"},"properties":{"geo_point":{"lon":4.918550709447102,"lat":49.50920054213655},"name":"GR14 De Varennes en Argonne (Meuse) à Corbion (Belgique) (2019)","code_gr":"GR14"}},{"type":"Feature","geometry":{"coordinates":[[[2.403935,48.836523],[2.406494,48.835583],[2.406537,48.835381],[2.407947,48.834843],[2.407843,48.834621],[2.40797,48.833858],[2.408223,48.833451],[2.408486,48.833183],[2.40849,48.832981],[2.408767,48.832795],[2.409033,48.83232],[2.409081,48.831792],[2.409557,48.831348],[2.410883,48.830888],[2.412088,48.830051],[2.413319,48.829651],[2.413928,48.82952],[2.415064,48.82951],[2.415144,48.829631],[2.415438,48.829617],[2.416358,48.828849],[2.417015,48.828387],[2.417684,48.828194],[2.41812,48.828273],[2.41848,48.828554],[2.41839,48.829128],[2.41922,48.828701],[2.419661,48.828772],[2.419803,48.828636],[2.420511,48.828664],[2.421144,48.828946],[2.423151,48.828975],[2.424181,48.82882],[2.42481,48.82777],[2.42544,48.827278],[2.42587,48.826957],[2.427189,48.826507],[2.42815,48.82645],[2.42874,48.82621],[2.429971,48.824706],[2.43062,48.824322],[2.43122,48.824219],[2.43165,48.824291],[2.43172,48.824131],[2.432469,48.824056],[2.432921,48.824093],[2.433759,48.823264],[2.43436,48.822929],[2.43492,48.82275],[2.43632,48.822472],[2.43912,48.822311],[2.44133,48.822102],[2.44196,48.822182],[2.442265,48.82196],[2.442185,48.82167],[2.443195,48.82127],[2.443964,48.821022],[2.444072,48.820584],[2.444553,48.820241],[2.445094,48.820272],[2.444819,48.819936],[2.444894,48.819639],[2.445062,48.819434],[2.445793,48.819328],[2.44714,48.819581],[2.448771,48.819637],[2.45142,48.818508],[2.45176,48.819141],[2.45249,48.819649],[2.454063,48.819837],[2.454423,48.819714],[2.458674,48.819995],[2.459172,48.820106],[2.460336,48.820803],[2.461704,48.819867],[2.46258,48.818791],[2.461675,48.818385],[2.461584,48.818133],[2.463715,48.816799],[2.4641,48.816818],[2.46579,48.816231],[2.466047,48.816318],[2.466458,48.815998],[2.468065,48.815243],[2.469002,48.815168],[2.47,48.81522],[2.471686,48.813639],[2.473093,48.812474],[2.4712,48.811909],[2.47005,48.812382],[2.46865,48.812771],[2.468946,48.811923],[2.466651,48.810855],[2.466742,48.809909],[2.466532,48.809824],[2.467188,48.808983],[2.467401,48.808298],[2.467295,48.808034],[2.466566,48.807466],[2.468432,48.805885],[2.468956,48.804928],[2.467643,48.804397],[2.467956,48.803735],[2.468112,48.802887],[2.467285,48.801069],[2.466044,48.799599],[2.466624,48.79926],[2.467098,48.799311],[2.467174,48.798759],[2.46752,48.797958],[2.46823,48.79718],[2.468265,48.79651],[2.468129,48.796101],[2.468129,48.796101],[2.468485,48.795702],[2.469,48.795801],[2.469215,48.795702],[2.470094,48.795787],[2.47033,48.795179],[2.470631,48.794981],[2.470738,48.794387],[2.470352,48.794062],[2.470159,48.793525],[2.470245,48.791885],[2.468957,48.791885],[2.469429,48.79173],[2.469408,48.791433],[2.469665,48.790726],[2.470094,48.78992],[2.470652,48.78821],[2.471747,48.788521],[2.47396,48.78949],[2.474773,48.788338],[2.47565,48.787625],[2.476842,48.787116],[2.478894,48.786339],[2.47993,48.786091],[2.481578,48.785646],[2.48329,48.785321],[2.485463,48.784741],[2.48714,48.784503],[2.490847,48.784383],[2.493023,48.784545],[2.493618,48.784506],[2.494495,48.784663],[2.496219,48.784813],[2.49677,48.784811],[2.498788,48.784995],[2.500848,48.784959],[2.50545,48.784516],[2.507156,48.784534],[2.508758,48.784523],[2.509759,48.784378],[2.511014,48.784708],[2.513703,48.786136],[2.515734,48.786487],[2.5172,48.786955],[2.518149,48.787509],[2.51926,48.788473],[2.519803,48.7889],[2.520722,48.790013],[2.520834,48.790487],[2.52107,48.790795],[2.522967,48.789982],[2.523583,48.789988],[2.5242,48.790272],[2.52524,48.79105],[2.52586,48.791199],[2.52639,48.790798],[2.525907,48.790826],[2.52473,48.789871],[2.5244,48.789268],[2.52337,48.78796],[2.52286,48.787708],[2.522523,48.787616],[2.52143,48.786784],[2.520998,48.786608],[2.519882,48.785887],[2.518058,48.784502],[2.518753,48.784041],[2.51898,48.78418],[2.52082,48.783352],[2.521883,48.782725],[2.519722,48.780882],[2.519891,48.78074],[2.52257,48.779579],[2.52214,48.77924],[2.521154,48.778873],[2.520047,48.778754],[2.518962,48.778888],[2.51976,48.778419],[2.51846,48.777119],[2.51791,48.777481],[2.51742,48.777481],[2.517821,48.776791],[2.51814,48.776749],[2.518471,48.776553],[2.518846,48.776452],[2.519179,48.776301],[2.519868,48.776297],[2.519655,48.776041],[2.52045,48.775721],[2.52031,48.77607],[2.52024,48.776722],[2.5205,48.77702],[2.52093,48.776951],[2.52281,48.77721],[2.52389,48.777081],[2.52492,48.777248],[2.5257,48.777279],[2.526736,48.777707],[2.527096,48.777795],[2.52735,48.778034],[2.527444,48.778662],[2.527791,48.778867],[2.528371,48.778988],[2.529057,48.778931],[2.52981,48.77869],[2.53026,48.778271],[2.530564,48.777684],[2.53033,48.777222],[2.53087,48.776859],[2.53146,48.776901],[2.5322,48.7775],[2.53255,48.777611],[2.53276,48.778061],[2.53371,48.778568],[2.53416,48.77898],[2.53467,48.778809],[2.534777,48.778608],[2.534347,48.778492],[2.534228,48.778274],[2.534516,48.776699],[2.535043,48.776727],[2.535573,48.776509],[2.535959,48.775139],[2.536453,48.773982],[2.536438,48.773462],[2.536882,48.772949],[2.53827,48.772221],[2.539,48.771709],[2.539846,48.770911],[2.540188,48.770326],[2.540291,48.769659],[2.539941,48.76909],[2.53944,48.767941],[2.53925,48.76725],[2.53952,48.766449],[2.53985,48.766109],[2.54064,48.7658],[2.542153,48.765339],[2.543369,48.765202],[2.54969,48.765511],[2.549761,48.763232],[2.54989,48.761478],[2.54902,48.761181],[2.55019,48.757961],[2.543189,48.756823],[2.544941,48.755942],[2.54776,48.753399],[2.546014,48.75106],[2.55232,48.749161],[2.5527,48.749119],[2.55882,48.74567],[2.56058,48.745811],[2.56197,48.747139],[2.56207,48.74754],[2.562425,48.747735],[2.568677,48.746194],[2.569455,48.746123],[2.569711,48.748306],[2.574105,48.747785],[2.579985,48.747757],[2.582002,48.748507],[2.587667,48.745988],[2.589362,48.747672],[2.59237,48.747501],[2.59009,48.755001],[2.59932,48.755348],[2.59793,48.755661],[2.59602,48.75631],[2.593957,48.757323],[2.59285,48.75819],[2.591786,48.759635],[2.59119,48.760849],[2.58998,48.762272],[2.58851,48.763309],[2.5873,48.763939],[2.591309,48.764584],[2.59074,48.765621],[2.590462,48.766493],[2.590657,48.767592],[2.594561,48.768572],[2.59408,48.769932],[2.598052,48.771172],[2.60036,48.771778],[2.60027,48.772049],[2.6038,48.77227],[2.604374,48.770649],[2.607522,48.771144],[2.60845,48.768688],[2.61033,48.76886],[2.61038,48.768114],[2.610266,48.767868],[2.610409,48.767637],[2.61097,48.767738],[2.610886,48.767934],[2.61497,48.7686],[2.62321,48.767132],[2.625325,48.766811],[2.625647,48.767179],[2.625647,48.767575],[2.626054,48.767674],[2.626698,48.767391],[2.627878,48.767533],[2.629187,48.766076],[2.629724,48.764082],[2.629681,48.763573],[2.630893,48.759846],[2.632588,48.757273],[2.632824,48.75718],[2.632824,48.757355],[2.640581,48.758248],[2.649357,48.760434],[2.649953,48.760699],[2.651535,48.761868],[2.653145,48.761974],[2.654754,48.76302],[2.654969,48.763889],[2.656578,48.764469],[2.65734,48.764421],[2.660322,48.762667],[2.661223,48.761847],[2.662361,48.760897],[2.661406,48.760078],[2.661502,48.760022],[2.664828,48.762512],[2.6653,48.763346],[2.670321,48.763573],[2.670836,48.764039],[2.670772,48.764308],[2.670944,48.764718],[2.669849,48.764803],[2.671244,48.766415],[2.673175,48.767476],[2.673562,48.767575],[2.673733,48.767844],[2.678797,48.770418],[2.681479,48.770672],[2.683024,48.770913],[2.685664,48.771606],[2.686715,48.771493],[2.687938,48.771578],[2.688453,48.771125],[2.688754,48.771493],[2.68959,48.771323],[2.689419,48.771818],[2.689762,48.772087],[2.690084,48.772044],[2.6912,48.769598],[2.698624,48.768862],[2.700405,48.778323],[2.697079,48.791457],[2.692573,48.796843],[2.696929,48.800744],[2.697401,48.800716],[2.698839,48.799967],[2.699525,48.799995],[2.699912,48.800179],[2.700877,48.800899],[2.701886,48.800899],[2.704182,48.801083],[2.704332,48.800984],[2.706327,48.801338],[2.708967,48.799981],[2.710791,48.799444],[2.711241,48.799161],[2.711649,48.79926],[2.717571,48.797606],[2.72697,48.800829],[2.72702,48.800869],[2.72543,48.80648],[2.725317,48.807174],[2.725253,48.813759],[2.726879,48.813216],[2.728505,48.812917],[2.73041,48.81308],[2.73186,48.813671],[2.73289,48.814259],[2.73347,48.814468],[2.73412,48.815022],[2.735038,48.815356],[2.73555,48.816078],[2.73625,48.816429],[2.74462,48.818329],[2.751144,48.814395],[2.751381,48.814732],[2.753218,48.815934],[2.75513,48.816959],[2.75622,48.817268],[2.75897,48.817282],[2.76019,48.817108],[2.761273,48.815636],[2.76167,48.8148],[2.76186,48.814301],[2.764641,48.81481],[2.765673,48.812267],[2.76952,48.812309],[2.770121,48.809803],[2.775936,48.810693],[2.77802,48.807178],[2.779041,48.805823],[2.779531,48.805742],[2.78045,48.805859],[2.780893,48.805279],[2.781078,48.804706],[2.78226,48.80484],[2.78412,48.80191],[2.78486,48.802292],[2.788,48.800049],[2.793703,48.796574],[2.794969,48.797268],[2.795666,48.797798],[2.797244,48.798771],[2.798896,48.799316],[2.799572,48.799656],[2.799658,48.799492],[2.798445,48.798729],[2.80249,48.793041],[2.806385,48.790977],[2.809109,48.789258],[2.810247,48.788816],[2.811342,48.788262],[2.81176,48.787973],[2.812468,48.78772],[2.814635,48.780544],[2.81206,48.777673],[2.81015,48.776344],[2.812511,48.774765],[2.813358,48.773544],[2.814442,48.77285],[2.814689,48.772885],[2.815472,48.773514],[2.816459,48.77367],[2.816952,48.774364],[2.818669,48.774757],[2.820675,48.774731],[2.820944,48.773994],[2.822918,48.774132],[2.825139,48.774384],[2.82604,48.774364],[2.825943,48.7757],[2.827209,48.776844],[2.829602,48.777481],[2.830685,48.778076],[2.83134,48.77816],[2.831737,48.778049],[2.832338,48.778193],[2.834044,48.779137],[2.836114,48.77961],[2.837541,48.779545],[2.840449,48.779701],[2.841736,48.779808],[2.844772,48.780762],[2.845362,48.780739],[2.845792,48.780479],[2.850148,48.783753],[2.851564,48.782246],[2.852046,48.781887],[2.853141,48.781872],[2.854718,48.78426],[2.85519,48.784071],[2.856274,48.783435],[2.857067,48.783216],[2.857357,48.782827],[2.857604,48.78211],[2.857228,48.781834],[2.857486,48.78152],[2.858924,48.782132],[2.861713,48.782394],[2.864932,48.785095],[2.862314,48.786488],[2.866873,48.790116],[2.866702,48.790554],[2.866605,48.791007],[2.90068,48.799557],[2.90332,48.800865],[2.903641,48.80061],[2.906828,48.799698],[2.907043,48.799374],[2.906828,48.798172],[2.907075,48.797974],[2.907708,48.797699],[2.907525,48.796765],[2.907203,48.795876],[2.907182,48.795486],[2.906667,48.794632],[2.906646,48.794102],[2.907568,48.793125],[2.908019,48.792446],[2.907869,48.791748],[2.907773,48.790911],[2.907944,48.790066],[2.907987,48.789398],[2.908201,48.788658],[2.908523,48.788692],[2.909178,48.788021],[2.910315,48.787295],[2.910637,48.786858],[2.910454,48.785173],[2.908534,48.784332],[2.907386,48.783985],[2.907139,48.783604],[2.908866,48.783031],[2.90936,48.783272],[2.911516,48.781857],[2.913426,48.780842],[2.914907,48.782494],[2.914917,48.7827],[2.915958,48.783497],[2.916495,48.783761],[2.916023,48.784904],[2.916484,48.785718],[2.918394,48.785503],[2.91966,48.785252],[2.920421,48.785202],[2.920851,48.784889],[2.922932,48.785038],[2.923898,48.785385],[2.928425,48.785484],[2.92842,48.78548],[2.92935,48.785702],[2.932,48.786701],[2.93366,48.78788],[2.93548,48.788181],[2.93834,48.788361],[2.93924,48.788651],[2.9405,48.789341],[2.94304,48.789959],[2.94313,48.790459],[2.94605,48.790741],[2.94872,48.790699],[2.948219,48.787684],[2.94742,48.7873],[2.94722,48.785259],[2.947236,48.78285],[2.947373,48.782458],[2.94796,48.78191],[2.9469,48.78064],[2.946289,48.780399],[2.948062,48.780472],[2.948329,48.780326],[2.949381,48.777291],[2.94999,48.776299],[2.95102,48.776371],[2.95166,48.776329],[2.95319,48.776642],[2.95575,48.777309],[2.95892,48.778061],[2.958841,48.778266],[2.959119,48.778495],[2.960092,48.77877],[2.96407,48.779442],[2.965712,48.779895],[2.967235,48.780439],[2.9683,48.778599],[2.97112,48.776699],[2.983145,48.777826],[2.98379,48.777882],[2.98385,48.777721],[2.985769,48.777725],[2.987206,48.777898],[2.988246,48.777909],[2.9895,48.777721],[2.99055,48.77784],[2.991631,48.777627],[2.992167,48.777348],[2.992779,48.776855],[2.993358,48.776758],[2.99373,48.776568],[2.994968,48.776509],[2.996291,48.776611],[2.997729,48.776553],[3.00004,48.77594],[3.00132,48.77589],[3.002,48.775711],[3.002896,48.775176],[3.0034,48.77454],[3.00305,48.774181],[3.00776,48.774158],[3.00779,48.770901],[3.01505,48.770889],[3.01488,48.771111],[3.01774,48.77235],[3.01864,48.7724],[3.01977,48.772579],[3.01986,48.77243],[3.019851,48.772162],[3.02082,48.771969],[3.02235,48.772362],[3.02245,48.77269],[3.022821,48.772725],[3.022828,48.773102],[3.02319,48.773129],[3.02372,48.773281],[3.02585,48.773651],[3.026064,48.773819],[3.027451,48.773937],[3.027951,48.773891],[3.0281,48.774521],[3.028451,48.775148],[3.028595,48.775409],[3.028255,48.776108],[3.028378,48.77639],[3.028263,48.776628],[3.027882,48.776945],[3.02763,48.77705],[3.028344,48.777611],[3.028473,48.778181],[3.025992,48.779668],[3.026818,48.780338],[3.027313,48.780814],[3.025544,48.780553],[3.025147,48.781635],[3.0241,48.781551],[3.023321,48.781318],[3.023081,48.781047],[3.022911,48.780301],[3.023109,48.779238],[3.023831,48.778585],[3.023449,48.778575],[3.021962,48.778753],[3.020745,48.778137],[3.020773,48.777474],[3.020575,48.777185],[3.018593,48.77601],[3.01838,48.775683],[3.017262,48.776084],[3.016667,48.776542],[3.016498,48.776849],[3.016483,48.777521],[3.015804,48.778333],[3.015592,48.779023],[3.015153,48.779517],[3.015096,48.779984],[3.015294,48.780963],[3.01545,48.78143],[3.015308,48.782092],[3.016257,48.782288],[3.016798,48.782876],[3.017936,48.783583],[3.018279,48.784431],[3.018279,48.784883],[3.019631,48.784898],[3.019974,48.785095],[3.019245,48.785689],[3.018773,48.78552],[3.017485,48.786439],[3.016326,48.786523],[3.013473,48.789125],[3.012314,48.790552],[3.012764,48.791174],[3.01285,48.791698],[3.013279,48.792503],[3.013988,48.793012],[3.015168,48.794228],[3.015296,48.794779],[3.015232,48.795641],[3.014932,48.795938],[3.015361,48.79632],[3.016026,48.79632],[3.016691,48.796419],[3.01654,48.796661],[3.016932,48.798271],[3.016711,48.799362],[3.01733,48.799889],[3.017795,48.801529],[3.01698,48.803349],[3.01731,48.804929],[3.018461,48.805038],[3.02092,48.805359],[3.021966,48.805531],[3.02274,48.805809],[3.02347,48.806221],[3.02407,48.806358],[3.02405,48.807281],[3.02359,48.80862],[3.02359,48.80909],[3.02348,48.809509],[3.0235,48.80978],[3.022551,48.810202],[3.02002,48.811642],[3.019569,48.8123],[3.01796,48.8144],[3.02002,48.81498],[3.02351,48.815701],[3.02465,48.81572],[3.027265,48.816264],[3.029185,48.816528],[3.03089,48.816551],[3.03273,48.81646],[3.03604,48.815899],[3.0374,48.815498],[3.03761,48.81678],[3.037814,48.817193],[3.037831,48.817977],[3.037165,48.818737],[3.037049,48.819205],[3.037416,48.820508],[3.037879,48.82113],[3.03799,48.82151],[3.03865,48.821388],[3.03885,48.821866],[3.03958,48.822369],[3.04014,48.823212],[3.04056,48.824032],[3.04103,48.824581],[3.04137,48.82547],[3.041802,48.827728],[3.04253,48.828091],[3.04278,48.82859],[3.04378,48.829319],[3.0448,48.83057],[3.04532,48.832008],[3.04589,48.833012],[3.04624,48.833118],[3.04742,48.833172],[3.0487,48.83263],[3.04914,48.832211],[3.05002,48.831631],[3.04982,48.83112],[3.04974,48.830669],[3.04944,48.82999],[3.04942,48.829269],[3.04951,48.829071],[3.05088,48.829201],[3.05338,48.829071],[3.05535,48.82885],[3.05878,48.827881],[3.05808,48.826221],[3.05761,48.825809],[3.057549,48.82556],[3.05808,48.824581],[3.05831,48.82349],[3.0587,48.82304],[3.05969,48.82283],[3.06074,48.822689],[3.06237,48.822182],[3.063151,48.822107],[3.063063,48.821934],[3.06319,48.821541],[3.062899,48.821405],[3.06248,48.821339],[3.062342,48.819028],[3.062402,48.817958],[3.06289,48.817001],[3.063457,48.816931],[3.063834,48.817027],[3.064366,48.817343],[3.065113,48.817673],[3.065715,48.818869],[3.066242,48.819458],[3.067109,48.820035],[3.06826,48.821201],[3.06971,48.82196],[3.07045,48.822109],[3.07124,48.822201],[3.07254,48.822609],[3.07331,48.823132],[3.07454,48.82333],[3.07536,48.82304],[3.076419,48.822563],[3.0772,48.822029],[3.077864,48.821211],[3.078018,48.820656],[3.078106,48.819883],[3.07828,48.81921],[3.07537,48.819309],[3.07491,48.81892],[3.07432,48.817921],[3.074067,48.817272],[3.073942,48.81658],[3.0767,48.815731],[3.07664,48.815392],[3.077159,48.814353],[3.078725,48.814706],[3.079605,48.813533],[3.0778,48.813111],[3.0813,48.812111],[3.08137,48.811852],[3.0821,48.811588],[3.0821,48.811588],[3.08306,48.811556],[3.08306,48.811556],[3.082845,48.808784],[3.083661,48.808497],[3.085988,48.808976],[3.085839,48.809357],[3.086219,48.809544],[3.086801,48.810196],[3.086953,48.810218],[3.086825,48.810876],[3.086922,48.810899],[3.086847,48.811562],[3.088553,48.812008],[3.088692,48.812248],[3.088478,48.812889],[3.090795,48.813293],[3.093424,48.813589],[3.096954,48.813835],[3.097576,48.813984],[3.099164,48.813965],[3.101052,48.814276],[3.102951,48.814281],[3.105183,48.813477],[3.107361,48.813221],[3.109581,48.812707],[3.110048,48.812693],[3.110815,48.81282],[3.111169,48.812656],[3.111802,48.811717],[3.112215,48.810802],[3.112414,48.810127],[3.112253,48.809719],[3.112221,48.809025],[3.112575,48.809082],[3.113873,48.809003],[3.114721,48.808002],[3.117081,48.808338],[3.120461,48.807308],[3.122274,48.807053],[3.123593,48.806576],[3.124516,48.806046],[3.126415,48.805302],[3.129312,48.804764],[3.131179,48.804607],[3.132735,48.804403],[3.134472,48.804539],[3.1365,48.804207],[3.137294,48.803932],[3.139064,48.802963],[3.139536,48.802419],[3.139611,48.801731],[3.140802,48.802872],[3.141285,48.80302],[3.144836,48.80341],[3.145802,48.803337],[3.146907,48.803131],[3.148592,48.80328],[3.149407,48.803261],[3.149825,48.80331],[3.149933,48.80275],[3.150641,48.801662],[3.151231,48.801182],[3.151896,48.800732],[3.151628,48.800552],[3.151166,48.799881],[3.151907,48.79958],[3.152357,48.799053],[3.15328,48.79882],[3.154771,48.798687],[3.156799,48.79871],[3.158076,48.798489],[3.160855,48.797691],[3.163022,48.797203],[3.165125,48.796631],[3.165725,48.797077],[3.16653,48.797318],[3.167989,48.79771],[3.168665,48.798042],[3.169105,48.798386],[3.169459,48.798531],[3.168461,48.799526],[3.168032,48.800392],[3.167925,48.801105],[3.168107,48.802765],[3.168504,48.804424],[3.169073,48.805492],[3.169588,48.806156],[3.17094,48.806057],[3.174201,48.804562],[3.176701,48.804199],[3.1789,48.803661],[3.180467,48.802876],[3.181239,48.802574],[3.184876,48.801464],[3.188621,48.800823],[3.189029,48.800694],[3.189179,48.800503],[3.190005,48.80085],[3.190391,48.802162],[3.190938,48.80307],[3.19141,48.80304],[3.192762,48.8023],[3.193535,48.802234],[3.193942,48.802066],[3.194618,48.801571],[3.194618,48.801571],[3.199768,48.799544],[3.20038,48.798745],[3.202246,48.798569],[3.204875,48.798547],[3.209574,48.79895],[3.211334,48.801904],[3.212428,48.80319],[3.212771,48.804434],[3.214949,48.805395],[3.216349,48.806243],[3.21717,48.807176],[3.218586,48.809522],[3.218747,48.810362],[3.218458,48.811761],[3.218672,48.812531],[3.219187,48.813196],[3.22019,48.813196],[3.221462,48.813012],[3.22349,48.813847],[3.224487,48.813744],[3.225538,48.813516],[3.226472,48.813457],[3.226837,48.813644],[3.22718,48.813645],[3.227111,48.812688],[3.226977,48.812155],[3.227073,48.81142],[3.226472,48.810211],[3.22762,48.805916],[3.227781,48.805096],[3.2288,48.805134],[3.229905,48.804928],[3.23086,48.804939],[3.231536,48.805054],[3.231526,48.805698],[3.231654,48.806462],[3.231654,48.80748],[3.23159,48.808006],[3.231729,48.808716],[3.232137,48.809176],[3.232727,48.809738],[3.232781,48.810452],[3.233575,48.81065],[3.234551,48.809917],[3.235098,48.809711],[3.235935,48.809124],[3.236407,48.809032],[3.236681,48.808884],[3.236933,48.808594],[3.238446,48.808376],[3.238832,48.808079],[3.239315,48.807913],[3.240935,48.807125],[3.242233,48.806255],[3.242984,48.805923],[3.243617,48.805668],[3.244218,48.805733],[3.244168,48.806169],[3.244393,48.806415],[3.244851,48.806576],[3.245645,48.807068],[3.246267,48.807175],[3.247383,48.806961],[3.248316,48.806919],[3.248627,48.807159],[3.248992,48.807343],[3.249528,48.807846],[3.250698,48.808552],[3.252865,48.810242],[3.253155,48.810741],[3.2536,48.811126],[3.253895,48.811455],[3.25411,48.811935],[3.25455,48.812363],[3.255622,48.812557],[3.256877,48.812892],[3.256352,48.813835],[3.255719,48.814697],[3.255504,48.815731],[3.255483,48.816364],[3.255118,48.816669],[3.253552,48.817017],[3.251384,48.818569],[3.250258,48.818783],[3.250805,48.819553],[3.251588,48.820343],[3.252892,48.821329],[3.254185,48.822484],[3.254743,48.823753],[3.255172,48.824066],[3.255601,48.824257],[3.25602,48.824618],[3.257543,48.82428],[3.258197,48.824329],[3.259528,48.824745],[3.260558,48.825443],[3.261931,48.826],[3.263015,48.826271],[3.263862,48.826378],[3.265407,48.826843],[3.266335,48.826917],[3.268079,48.827175],[3.269387,48.827068],[3.271823,48.826553],[3.275557,48.826382],[3.276769,48.826515],[3.277831,48.826237],[3.279837,48.826149],[3.281983,48.825542],[3.28458,48.825237],[3.286393,48.824914],[3.286763,48.824992],[3.287004,48.825409],[3.287069,48.827078],[3.287208,48.827254],[3.287165,48.828136],[3.287219,48.828472],[3.289826,48.828735],[3.291124,48.828663],[3.292529,48.828783],[3.293334,48.829146],[3.303065,48.831192],[3.303366,48.831215],[3.303833,48.831494],[3.304095,48.831807],[3.308451,48.831547],[3.309009,48.829315],[3.31314,48.830181],[3.315393,48.830269],[3.31925,48.830936],[3.323343,48.831532],[3.32374,48.832353],[3.324072,48.833729],[3.324105,48.834301],[3.324265,48.834892],[3.323718,48.836511],[3.324652,48.836639],[3.32507,48.836491],[3.325821,48.836491],[3.327935,48.835809],[3.32882,48.835447],[3.329928,48.83516],[3.330778,48.834873],[3.331583,48.835075],[3.333642,48.836559],[3.334168,48.837345],[3.334189,48.83836],[3.333857,48.839447],[3.332784,48.840473],[3.332709,48.840805],[3.33316,48.841454],[3.332462,48.841618],[3.332247,48.841827],[3.332527,48.842037],[3.332344,48.843502],[3.332515,48.843711],[3.332478,48.843917],[3.332205,48.844109],[3.333417,48.845013],[3.334125,48.845203],[3.334436,48.845471],[3.333868,48.846607],[3.334265,48.847541],[3.333438,48.847738],[3.331883,48.848583],[3.33088,48.849329],[3.330531,48.849702],[3.330075,48.84997],[3.329104,48.850281],[3.328407,48.851562],[3.327666,48.852444],[3.326272,48.853073],[3.325006,48.853321],[3.324062,48.85321],[3.323193,48.853062],[3.322077,48.853104],[3.321481,48.853343],[3.320757,48.853554],[3.319513,48.854675],[3.319234,48.855221],[3.319094,48.855286],[3.319083,48.855434],[3.318397,48.855427],[3.317839,48.855537],[3.317839,48.856194],[3.317549,48.856373],[3.317474,48.856796],[3.318429,48.857049],[3.318579,48.857567],[3.319459,48.857975],[3.320371,48.858009],[3.32013,48.857398],[3.321004,48.857578],[3.321337,48.857014],[3.32212,48.856564],[3.32213,48.856337],[3.321637,48.856068],[3.321551,48.855637],[3.321894,48.855263],[3.322506,48.855476],[3.323117,48.855404],[3.324662,48.854614],[3.326765,48.854549],[3.328224,48.854084],[3.330359,48.853019],[3.332119,48.851952],[3.333149,48.851238],[3.333836,48.850513],[3.334415,48.85067],[3.335177,48.851154],[3.336389,48.851295],[3.33876,48.851311],[3.340101,48.851973],[3.340337,48.852695],[3.341464,48.852741],[3.342912,48.85268],[3.344157,48.852814],[3.34568,48.853268],[3.34685,48.853344],[3.347804,48.853105],[3.349897,48.853336],[3.349832,48.853603],[3.35142,48.854118],[3.352091,48.854185],[3.354252,48.854866],[3.355723,48.855296],[3.356645,48.855469],[3.357353,48.855347],[3.358566,48.855427],[3.359252,48.855961],[3.360035,48.85619],[3.361098,48.856667],[3.361484,48.857586],[3.36099,48.860207],[3.361441,48.860927],[3.362578,48.861687],[3.364123,48.865828],[3.363844,48.866917],[3.365057,48.8671],[3.362793,48.870693],[3.363136,48.87151],[3.364745,48.872505],[3.364627,48.873041],[3.364853,48.873749],[3.365722,48.875004],[3.366247,48.875511],[3.366548,48.87635],[3.365861,48.87648],[3.36497,48.876296],[3.36423,48.876485],[3.363866,48.876465],[3.3635,48.876654],[3.362503,48.877453],[3.362041,48.877961],[3.361495,48.878201],[3.362224,48.878901],[3.362954,48.879451],[3.364402,48.880115],[3.364885,48.880641],[3.366472,48.881137],[3.366902,48.881537],[3.366483,48.882214],[3.365711,48.883083],[3.364702,48.884621],[3.363791,48.886341],[3.362364,48.888283],[3.361913,48.888626],[3.361634,48.888962],[3.361709,48.889229],[3.358319,48.890533],[3.354446,48.89119],[3.354435,48.89119],[3.35318,48.890808],[3.350701,48.890354],[3.348534,48.893616],[3.347236,48.895321],[3.346603,48.895916],[3.343835,48.899563],[3.343148,48.900639],[3.343202,48.90102],[3.34303,48.901318],[3.34273,48.9016],[3.342741,48.901911],[3.343127,48.902355],[3.34333,48.902784],[3.344039,48.903744],[3.344489,48.903843],[3.345369,48.903709],[3.350476,48.903877],[3.35017,48.904509],[3.350071,48.905029],[3.349049,48.907672],[3.3492,48.907908],[3.350391,48.908327],[3.352354,48.90966],[3.352396,48.910027],[3.351367,48.912235],[3.350562,48.912853],[3.350546,48.913068],[3.350892,48.913345],[3.351688,48.914242],[3.352997,48.914848],[3.353534,48.91502],[3.354918,48.915817],[3.355926,48.916267],[3.35672,48.916824],[3.359413,48.917854],[3.360561,48.918494],[3.359746,48.919849],[3.358415,48.920284],[3.357761,48.920982],[3.356109,48.922436],[3.353126,48.923641],[3.351442,48.924915],[3.34995,48.926983],[3.349746,48.927879],[3.349092,48.92812],[3.347268,48.92844],[3.346109,48.928605],[3.34303,48.930103],[3.342354,48.930717],[3.341228,48.933144],[3.340123,48.934963],[3.3392,48.934799],[3.331153,48.932503],[3.328493,48.931572],[3.327795,48.931595],[3.326851,48.932022],[3.325886,48.932106],[3.325081,48.931988],[3.324383,48.931679],[3.322978,48.933369],[3.3211,48.934666],[3.32021,48.934315],[3.319352,48.934822],[3.318633,48.935158],[3.318311,48.935547],[3.318386,48.936104],[3.317946,48.936577],[3.316959,48.937176],[3.315328,48.938118],[3.315232,48.938431],[3.315318,48.938789],[3.314041,48.940578],[3.314577,48.94096],[3.31403,48.941769],[3.314245,48.94239],[3.313805,48.943607],[3.313547,48.944843],[3.313204,48.945854],[3.313665,48.946823],[3.313183,48.949322],[3.313183,48.951751],[3.313065,48.952581],[3.313741,48.952797],[3.313633,48.953396],[3.313634,48.95401],[3.313397,48.954727],[3.313419,48.956776],[3.310297,48.956169],[3.3099,48.956036],[3.309588,48.95565],[3.30917,48.954254],[3.308076,48.955765],[3.307335,48.95813],[3.306681,48.958611],[3.305415,48.959221],[3.30519,48.959778],[3.306252,48.960545],[3.308333,48.961575],[3.309031,48.961582],[3.310286,48.961864],[3.311144,48.961899],[3.311605,48.962009],[3.315564,48.961983],[3.319019,48.961651],[3.322093,48.960753],[3.322699,48.960503],[3.323278,48.960518],[3.324276,48.96022],[3.3255,48.959432],[3.326379,48.959393],[3.327967,48.959129],[3.327742,48.95937],[3.326894,48.959869],[3.326701,48.960552],[3.32625,48.961102],[3.326025,48.961643],[3.324888,48.962349],[3.323182,48.964688],[3.324319,48.96497],[3.324029,48.965392],[3.323815,48.965842],[3.323472,48.966293],[3.322892,48.966175],[3.322817,48.966408],[3.321862,48.967274],[3.321293,48.967145],[3.321047,48.967718],[3.320886,48.970062],[3.321347,48.970181],[3.322238,48.970177],[3.322452,48.970264],[3.322678,48.971223],[3.322678,48.971782],[3.322495,48.972436],[3.32301,48.972942],[3.323793,48.973343],[3.323933,48.973568],[3.324116,48.974112],[3.323923,48.974803],[3.323879,48.975422],[3.323729,48.975937],[3.323311,48.976978],[3.324512,48.977337],[3.324856,48.977711],[3.327495,48.978611],[3.327795,48.97797],[3.328085,48.977654],[3.328879,48.97723],[3.329126,48.976864],[3.330284,48.977222],[3.331068,48.977543],[3.333729,48.978149],[3.334608,48.978935],[3.335295,48.979478],[3.335649,48.979679],[3.335751,48.979871],[3.33567,48.980049],[3.33626,48.980927],[3.337,48.981226],[3.337826,48.981722],[3.338964,48.982204],[3.339651,48.98238],[3.340219,48.983301],[3.341968,48.985245],[3.341915,48.986251],[3.342612,48.988208],[3.34259,48.989075],[3.342505,48.98956],[3.34244,48.990883],[3.342065,48.99247],[3.34185,48.993015],[3.341517,48.994411],[3.340766,48.996471],[3.340756,48.997318],[3.340938,48.997978],[3.340874,48.998971],[3.341185,48.999275],[3.341646,48.99945],[3.342462,48.999492],[3.342161,48.998211],[3.342784,48.998126],[3.343159,48.998517],[3.343728,48.998825],[3.344946,48.999212],[3.345809,48.999332],[3.347054,48.999361],[3.348395,48.999474],[3.351409,48.999269],[3.352021,48.999058],[3.355068,48.998951],[3.357149,48.998508],[3.358415,48.998341],[3.359199,48.998428],[3.361602,48.999367],[3.36261,48.999832],[3.363286,49.000027],[3.365217,49.0003],[3.366784,49.000385],[3.367149,49.000492],[3.368597,49.000273],[3.369209,48.997536],[3.369445,48.996429],[3.36968,48.994824],[3.370163,48.994045],[3.370131,48.992832],[3.36937,48.990665],[3.368908,48.989841],[3.369809,48.990391],[3.371226,48.990925],[3.371269,48.990791],[3.370904,48.990307],[3.371043,48.98959],[3.37078,48.989275],[3.371198,48.988428],[3.371233,48.987811],[3.373952,48.986758],[3.375067,48.988415],[3.376901,48.988792],[3.37968,48.989082],[3.381353,48.98937],[3.386707,48.991714],[3.388445,48.993031],[3.389293,48.993473],[3.389904,48.993755],[3.389937,48.993973],[3.391675,48.99527],[3.393574,48.997078],[3.394625,48.998394],[3.395162,48.999294],[3.395162,48.99984],[3.395773,49.00061],[3.395998,49.000767],[3.396471,49.001541],[3.396449,49.001781],[3.397222,49.002831],[3.397715,49.004063],[3.398466,49.005118],[3.400022,49.006659],[3.400365,49.006844],[3.401342,49.007064],[3.401824,49.007223],[3.402436,49.007969],[3.401974,49.00819],[3.401492,49.00872],[3.401492,49.009396],[3.402371,49.010639],[3.402596,49.01083],[3.402656,49.011478],[3.4025,49.011914],[3.403262,49.011196],[3.406073,49.01271],[3.406791,49.013415],[3.406084,49.013478],[3.405837,49.01432],[3.405719,49.014427],[3.408101,49.016195],[3.409291,49.016755],[3.411137,49.017262],[3.411974,49.017025],[3.412381,49.016762],[3.414629,49.017754],[3.418046,49.019436],[3.418883,49.018719],[3.421522,49.0191],[3.423057,49.019253],[3.42473,49.018951],[3.425084,49.019085],[3.425653,49.018627],[3.426104,49.018494],[3.42693,49.018669],[3.427473,49.019021],[3.427863,49.018989],[3.428156,49.019436],[3.428562,49.019543],[3.42782,49.020168],[3.427386,49.020464],[3.426726,49.020655],[3.426147,49.021374],[3.427263,49.02227],[3.427595,49.022674],[3.428158,49.023022],[3.429065,49.023327],[3.429462,49.023582],[3.429859,49.023666],[3.429633,49.024593],[3.428979,49.026085],[3.428131,49.027233],[3.427316,49.028107],[3.426887,49.028507],[3.428496,49.029934],[3.429483,49.030567],[3.432004,49.031902],[3.432251,49.031891],[3.432101,49.032394],[3.43179,49.032742],[3.431307,49.032875],[3.430245,49.033066],[3.430073,49.033558],[3.430524,49.034351],[3.430309,49.034935],[3.43209,49.035851],[3.432541,49.035942],[3.43297,49.035812],[3.433238,49.035083],[3.433603,49.034286],[3.434139,49.033333],[3.434837,49.032692],[3.435985,49.031826],[3.438388,49.032526],[3.439504,49.032959],[3.441328,49.033344],[3.441607,49.033535],[3.441617,49.03405],[3.441832,49.034603],[3.442068,49.034817],[3.442444,49.034969],[3.443184,49.035629],[3.444386,49.036108],[3.444938,49.036158],[3.445512,49.036123],[3.44636,49.035603],[3.447293,49.035542],[3.44857,49.035652],[3.450029,49.035645],[3.451778,49.035309],[3.45269,49.035252],[3.45402,49.035053],[3.454739,49.035244],[3.455651,49.035294],[3.46123,49.036236],[3.462496,49.036268],[3.462753,49.036378],[3.46418,49.036587],[3.468257,49.038086],[3.470263,49.038612],[3.475521,49.039843],[3.477559,49.040694],[3.478675,49.041399],[3.479319,49.042179],[3.479683,49.042524],[3.481153,49.043123],[3.481797,49.043588],[3.483116,49.045272],[3.483669,49.045729],[3.484715,49.046341],[3.486003,49.046938],[3.48699,49.047152],[3.48861,49.047207],[3.488953,49.047382],[3.489179,49.047666],[3.489221,49.047958],[3.48935,49.048481],[3.489897,49.049114],[3.491206,49.049887],[3.493845,49.051025],[3.49532,49.051467],[3.49583,49.051502],[3.497032,49.051502],[3.497868,49.051004],[3.498341,49.050414],[3.498373,49.049865],[3.498245,49.04926],[3.498341,49.048732],[3.498947,49.048528],[3.499672,49.048401],[3.500208,49.048092],[3.50039,49.047763],[3.50024,49.04723],[3.499693,49.046498],[3.498791,49.045449],[3.497922,49.04464],[3.497858,49.044189],[3.498276,49.044071],[3.499092,49.044128],[3.50069,49.044003],[3.501495,49.044106],[3.502686,49.044106],[3.504285,49.044998],[3.505164,49.045216],[3.505926,49.045265],[3.506258,49.045167],[3.506387,49.045329],[3.507117,49.044973],[3.508598,49.044788],[3.509628,49.044249],[3.511044,49.042519],[3.512503,49.040383],[3.512921,49.039501],[3.513544,49.038373],[3.514091,49.037304],[3.515131,49.03573],[3.515679,49.035047],[3.516279,49.034511],[3.517728,49.032959],[3.51791,49.032501],[3.517653,49.032051],[3.517159,49.031719],[3.515657,49.031101],[3.515399,49.030259],[3.515464,49.029774],[3.516022,49.029583],[3.51673,49.02961],[3.517578,49.029316],[3.518479,49.029078],[3.51953,49.029088],[3.521719,49.028565],[3.523339,49.028204],[3.523876,49.027767],[3.524026,49.027359],[3.523854,49.026586],[3.523403,49.025742],[3.523398,49.024591],[3.523607,49.023469],[3.522352,49.022259],[3.521429,49.020924],[3.519874,49.019478],[3.519466,49.018826],[3.520421,49.01786],[3.520947,49.017544],[3.521901,49.016586],[3.523425,49.016369],[3.524873,49.016361],[3.526547,49.016624],[3.528296,49.017227],[3.529186,49.017376],[3.53072,49.0172],[3.533038,49.016426],[3.535345,49.015228],[3.537555,49.014395],[3.539786,49.013435],[3.540709,49.012653],[3.54175,49.012035],[3.542447,49.011353],[3.543134,49.010979],[3.544003,49.010605],[3.544786,49.010471],[3.545548,49.010225],[3.546749,49.009586],[3.547747,49.008579],[3.548584,49.007488],[3.548627,49.006888],[3.547297,49.005581],[3.546557,49.004922],[3.547683,49.005207],[3.54911,49.005424],[3.549839,49.005363],[3.551073,49.00511],[3.552704,49.005478],[3.553401,49.005478],[3.554334,49.005765],[3.555998,49.00465],[3.559066,49.004707],[3.561641,49.00465],[3.562639,49.00449],[3.563894,49.004772],[3.567435,49.004539],[3.56781,49.003555],[3.568658,49.002892],[3.569162,49.002647],[3.569741,49.001884],[3.569999,49.001125],[3.570471,49.00066],[3.57429,48.998524],[3.576651,48.997387],[3.57752,48.996529],[3.578625,48.995903],[3.579494,48.995644],[3.583217,48.994972],[3.58444,48.994839],[3.585888,48.994446],[3.587647,48.99417],[3.58857,48.993903],[3.58857,48.993903],[3.58951,48.993506],[3.590287,48.994048],[3.591392,48.993579],[3.591766,48.993589],[3.59201,48.994763],[3.593116,48.994688],[3.593767,48.994379],[3.593799,48.994038],[3.594287,48.993451],[3.594612,48.993408],[3.595068,48.993397],[3.59497,48.992896],[3.595913,48.99265],[3.595799,48.991647],[3.595978,48.991669],[3.596401,48.992042],[3.596808,48.99216],[3.597084,48.991872],[3.597523,48.991679],[3.597507,48.991359],[3.59884,48.990719],[3.599149,48.990751],[3.599653,48.990474],[3.600076,48.989705],[3.599979,48.988809],[3.599865,48.988478],[3.600076,48.988286],[3.601085,48.988436],[3.601187,48.988415],[3.602089,48.988144],[3.602614,48.987652],[3.604052,48.987],[3.608537,48.985229],[3.609427,48.984779],[3.611262,48.984238],[3.611991,48.984161],[3.612914,48.984619],[3.613054,48.984844],[3.613633,48.985138],[3.614395,48.986176],[3.61389,48.986401],[3.614105,48.986576],[3.614201,48.987037],[3.614357,48.987409],[3.614362,48.987724],[3.614604,48.988072],[3.616205,48.989309],[3.616491,48.989674],[3.617227,48.990349],[3.616723,48.990692],[3.617227,48.991413],[3.617099,48.993111],[3.61726,48.993671],[3.617683,48.994315],[3.618128,48.99472],[3.618665,48.996418],[3.61889,48.997791],[3.618279,48.998493],[3.617485,49.001289],[3.61697,49.001892],[3.617077,49.002197],[3.616723,49.00288],[3.616873,49.00319],[3.616937,49.004041],[3.61713,49.004477],[3.61903,49.007107],[3.618418,49.009136],[3.616905,49.009804],[3.615972,49.01046],[3.613,49.011829],[3.610715,49.013313],[3.609695,49.013718],[3.608805,49.014462],[3.608204,49.015102],[3.608397,49.015617],[3.608826,49.016235],[3.608794,49.017067],[3.610339,49.017529],[3.611755,49.018043],[3.612657,49.018486],[3.61374,49.019043],[3.61492,49.019917],[3.616605,49.020466],[3.617956,49.020698],[3.621379,49.020971],[3.623342,49.021032],[3.624802,49.021282],[3.625435,49.021557],[3.626411,49.021778],[3.627484,49.02216],[3.631175,49.022625],[3.633621,49.023018],[3.634366,49.022947],[3.635219,49.023003],[3.636464,49.023495],[3.63699,49.023586],[3.636453,49.024601],[3.636196,49.024742],[3.636443,49.026352],[3.63626,49.028505],[3.636121,49.029026],[3.6364,49.029076],[3.636882,49.029434],[3.637118,49.029884],[3.637494,49.030193],[3.637548,49.031107],[3.638266,49.031439],[3.638738,49.031755],[3.639393,49.032028],[3.63994,49.032657],[3.639843,49.033077],[3.639672,49.033543],[3.639876,49.034142],[3.641839,49.035542],[3.642483,49.036453],[3.642751,49.037113],[3.643641,49.038036],[3.645036,49.03986],[3.646527,49.040956],[3.647697,49.041447],[3.649993,49.042889],[3.649982,49.043045],[3.650164,49.04322],[3.651098,49.045322],[3.652579,49.048751],[3.653158,49.05024],[3.653061,49.052036],[3.653287,49.053225],[3.65385,49.05478],[3.654327,49.056419],[3.656334,49.057594],[3.656967,49.057707],[3.656779,49.058136],[3.656738,49.058512],[3.656505,49.059197],[3.65657,49.059639],[3.656237,49.060146],[3.655862,49.060547],[3.655636,49.061286],[3.655738,49.062371],[3.655711,49.063245],[3.655486,49.064362],[3.654917,49.067556],[3.66069,49.068249],[3.662513,49.068207],[3.664531,49.068497],[3.666129,49.068237],[3.666505,49.068699],[3.667545,49.069283],[3.669208,49.069206],[3.670067,49.069023],[3.671461,49.069099],[3.6735,49.069016],[3.674879,49.069122],[3.676622,49.069382],[3.677663,49.069649],[3.677802,49.069331],[3.678161,49.069167],[3.678746,49.069094],[3.680667,49.069092],[3.681815,49.068855],[3.683617,49.067879],[3.684808,49.067348],[3.685591,49.066823],[3.687866,49.065945],[3.688552,49.065769],[3.688703,49.06551],[3.689872,49.06538],[3.691792,49.06456],[3.692597,49.064377],[3.693992,49.064701],[3.69558,49.064854],[3.696492,49.064728],[3.697672,49.064476],[3.698337,49.064686],[3.699206,49.06456],[3.702435,49.063694],[3.702543,49.063278],[3.704334,49.062206],[3.705107,49.062008],[3.710171,49.062241],[3.708358,49.064568],[3.708412,49.06491],[3.708261,49.06543],[3.708537,49.066083],[3.708589,49.066494],[3.708921,49.067054],[3.710141,49.066677],[3.71074,49.066956],[3.711116,49.067013],[3.71222,49.067646],[3.713722,49.068146],[3.715621,49.06915],[3.715675,49.069519],[3.715922,49.070135],[3.716039,49.070683],[3.717338,49.071721],[3.717874,49.072301],[3.718019,49.072803],[3.718035,49.073769],[3.718572,49.074631],[3.720653,49.074219],[3.722713,49.07333],[3.722831,49.073121],[3.725191,49.072086],[3.728002,49.071411],[3.730094,49.070984],[3.730448,49.071505],[3.732927,49.070858],[3.732884,49.070782],[3.733892,49.070484],[3.734488,49.070127],[3.73489,49.069812],[3.735974,49.070084],[3.736698,49.07034],[3.737197,49.070344],[3.737583,49.071568],[3.737465,49.072024],[3.738409,49.07232],[3.73916,49.072617],[3.739632,49.072594],[3.740083,49.072845],[3.740459,49.073241],[3.741853,49.074132],[3.743066,49.075207],[3.743731,49.075691],[3.74446,49.076614],[3.745962,49.076107],[3.747003,49.075947],[3.74873,49.076149],[3.749063,49.076248],[3.749031,49.076408],[3.749336,49.076364],[3.750189,49.075927],[3.75152,49.075349],[3.75315,49.074512],[3.753494,49.074476],[3.753505,49.07473],[3.754202,49.07535],[3.755597,49.076115],[3.755736,49.077255],[3.756648,49.078308],[3.757153,49.079433],[3.756885,49.081237],[3.757185,49.081722],[3.758655,49.082039],[3.759052,49.082638],[3.759803,49.082539],[3.760747,49.084351],[3.761991,49.084007],[3.762431,49.083656],[3.765188,49.083057],[3.768085,49.082188],[3.769437,49.08173],[3.770703,49.081512],[3.777902,49.081306],[3.779039,49.08147],[3.780713,49.082348],[3.782355,49.082958],[3.783916,49.083222],[3.784339,49.083374],[3.785412,49.083447],[3.786013,49.083324],[3.787279,49.08313],[3.788717,49.082523],[3.789532,49.08242],[3.790627,49.082722],[3.791678,49.083373],[3.792311,49.083553],[3.793137,49.083607],[3.794628,49.083439],[3.796195,49.082806],[3.797804,49.082546],[3.798437,49.082137],[3.799092,49.082875],[3.79971,49.082748],[3.79971,49.082748],[3.800186,49.082884],[3.800377,49.082902],[3.80052,49.082983],[3.800771,49.083334],[3.800789,49.083683],[3.800753,49.08389],[3.80092,49.084203],[3.801338,49.084497],[3.80148,49.084462],[3.801669,49.084483],[3.802127,49.084674],[3.80236,49.084878],[3.802495,49.085091],[3.802678,49.085571],[3.802723,49.086176],[3.803039,49.08665],[3.803344,49.086867],[3.803558,49.086912],[3.80397,49.086915],[3.80433,49.086979],[3.804698,49.087173],[3.804927,49.087339],[3.806245,49.088524],[3.806327,49.08852],[3.806381,49.088621],[3.807189,49.088836],[3.809122,49.089189],[3.809724,49.089334],[3.811273,49.089421],[3.81206,49.089409],[3.812896,49.089299],[3.812977,49.089115],[3.813457,49.088788],[3.814498,49.087109],[3.815039,49.08669],[3.815439,49.085956],[3.817041,49.086205],[3.818282,49.086546],[3.819023,49.086532],[3.820705,49.086244],[3.823127,49.086126],[3.82605,49.085615],[3.828693,49.085575],[3.830715,49.086152],[3.831055,49.086519],[3.832917,49.086467],[3.833638,49.08631],[3.834639,49.086283],[3.837061,49.085339],[3.838203,49.084382],[3.838543,49.084893],[3.838663,49.085628],[3.838483,49.087031],[3.838063,49.088316],[3.837702,49.089719],[3.838575,49.089487],[3.838658,49.089461],[3.839005,49.089292],[3.839077,49.089134],[3.839461,49.088981],[3.839477,49.088898],[3.839728,49.088818],[3.840308,49.088337],[3.84008,49.08794],[3.840375,49.087817],[3.840637,49.087841],[3.843335,49.087047],[3.84553,49.08648],[3.84567,49.08631],[3.846491,49.086349],[3.847759,49.086296],[3.848134,49.086248],[3.848241,49.086298],[3.848248,49.086544],[3.849254,49.086126],[3.850296,49.087008],[3.850593,49.087269],[3.850895,49.087383],[3.851172,49.087425],[3.85189,49.087292],[3.85257,49.08728],[3.85309,49.087349],[3.853524,49.087283],[3.85395,49.087159],[3.854377,49.087125],[3.855358,49.087174],[3.855736,49.087224],[3.856209,49.087199],[3.85658,49.087222],[3.856548,49.087305],[3.858112,49.087109],[3.85901,49.08704],[3.859316,49.086843],[3.863896,49.086948],[3.864392,49.086932],[3.864706,49.087008],[3.865578,49.087011],[3.865797,49.087042],[3.866126,49.086956],[3.866564,49.086926],[3.86673,49.087036],[3.867138,49.087033],[3.867435,49.086876],[3.867573,49.086868],[3.867829,49.086751],[3.868135,49.086384],[3.868555,49.086277],[3.868971,49.086248],[3.869391,49.086228],[3.869698,49.086134],[3.869517,49.085923],[3.86882,49.085381],[3.86747,49.084881],[3.867091,49.084775],[3.867071,49.084655],[3.867196,49.084576],[3.870332,49.084817],[3.871494,49.084834],[3.871765,49.085064],[3.871955,49.085079],[3.87237,49.084911],[3.872983,49.084915],[3.872574,49.084666],[3.87209,49.084431],[3.871133,49.084183],[3.870346,49.083963],[3.869872,49.083758],[3.870174,49.082661],[3.870351,49.082318],[3.870525,49.082161],[3.871692,49.081677],[3.871919,49.081502],[3.872316,49.080726],[3.872714,49.080182],[3.872815,49.079954],[3.872697,49.07862],[3.87272,49.078195],[3.87284,49.077461],[3.872751,49.076913],[3.872522,49.076249],[3.874416,49.07591],[3.875457,49.075663],[3.876996,49.075231],[3.876741,49.074947],[3.878181,49.074612],[3.87809,49.074041],[3.878843,49.073988],[3.88415,49.072696],[3.884169,49.072728],[3.884816,49.072582],[3.884912,49.072886],[3.884906,49.073159],[3.884672,49.073887],[3.884777,49.075522],[3.884904,49.077193],[3.886712,49.077604],[3.887051,49.07764],[3.889274,49.077506],[3.889803,49.077636],[3.890504,49.077532],[3.890593,49.077478],[3.89255,49.07785],[3.89413,49.077969],[3.894737,49.07808],[3.89519,49.077865],[3.895604,49.07755],[3.895954,49.077407],[3.896241,49.077321],[3.896914,49.077567],[3.898522,49.076815],[3.899188,49.076282],[3.899791,49.075651],[3.899893,49.075287],[3.900625,49.075328],[3.901433,49.075312],[3.901956,49.075502],[3.902344,49.075777],[3.903939,49.076268],[3.904298,49.076321],[3.905344,49.076199],[3.905397,49.07583],[3.905348,49.075432],[3.90612,49.075199],[3.906229,49.075119],[3.906189,49.074908],[3.905836,49.074586],[3.906096,49.07414],[3.906343,49.073886],[3.906704,49.07328],[3.907634,49.0729],[3.907966,49.07288],[3.909297,49.073088],[3.910627,49.073246],[3.911308,49.073381],[3.913104,49.073867],[3.91396,49.074074],[3.916363,49.074476],[3.916512,49.074592],[3.916775,49.074661],[3.917225,49.074709],[3.917364,49.075035],[3.917461,49.075136],[3.917643,49.075174],[3.918573,49.075902],[3.918907,49.076055],[3.919559,49.076265],[3.920016,49.076527],[3.920473,49.076919],[3.921078,49.077217],[3.92111,49.077317],[3.921544,49.077683],[3.92148,49.077787],[3.921447,49.07804],[3.921276,49.078258],[3.921026,49.078388],[3.920583,49.078561],[3.920368,49.078795],[3.920293,49.078994],[3.920216,49.079629],[3.920368,49.080029],[3.920719,49.080648],[3.920631,49.080858],[3.92069,49.080953],[3.921078,49.08106],[3.921874,49.081161],[3.922154,49.081234],[3.922684,49.081034],[3.92284,49.081042],[3.92356,49.081364],[3.923991,49.081515],[3.925403,49.081671],[3.926831,49.08175],[3.929501,49.082088],[3.929993,49.082121],[3.930341,49.082029],[3.931046,49.081758],[3.93189,49.081501],[3.932886,49.080977],[3.933299,49.080656],[3.933537,49.080589],[3.934327,49.080669],[3.934936,49.080601],[3.935807,49.080603],[3.936635,49.080492],[3.9377,49.080188],[3.93878,49.08004],[3.93872,49.079882],[3.938659,49.078957],[3.93877,49.078504],[3.938901,49.07836],[3.939289,49.078225],[3.939718,49.078016],[3.940508,49.077777],[3.940736,49.07871],[3.940874,49.07959],[3.94147,49.080593],[3.941786,49.080961],[3.942319,49.082084],[3.942578,49.082435],[3.94502,49.083246],[3.945575,49.083723],[3.946091,49.084344],[3.946638,49.08524],[3.947499,49.086219],[3.948221,49.086699],[3.948638,49.087129],[3.949368,49.088246],[3.94954,49.088356],[3.952357,49.0895],[3.954235,49.09029],[3.955323,49.090616],[3.958292,49.091102],[3.960703,49.091567],[3.962071,49.090486],[3.963138,49.089497],[3.963463,49.089279],[3.964229,49.088988],[3.964671,49.088889],[3.96521,49.08884],[3.966177,49.088839],[3.96723,49.088902],[3.96776,49.089158],[3.968072,49.089195],[3.968325,49.089151],[3.968443,49.089076],[3.968835,49.08892],[3.970004,49.088904],[3.971115,49.088598],[3.971777,49.088576],[3.972121,49.088484],[3.972417,49.088272],[3.972861,49.08806],[3.97338,49.087749],[3.97412,49.087231],[3.975249,49.086905],[3.97545,49.08676],[3.975684,49.086416],[3.975149,49.086271],[3.975096,49.086179],[3.975328,49.0859],[3.975612,49.085703],[3.976123,49.085551],[3.976613,49.085334],[3.976696,49.085236],[3.977828,49.085274],[3.978404,49.085195],[3.97899,49.084991],[3.97983,49.084332],[3.980229,49.084075],[3.980415,49.083992],[3.981018,49.083899],[3.981168,49.083806],[3.981227,49.083545],[3.981098,49.082757],[3.981105,49.082597],[3.981307,49.082503],[3.981589,49.082476],[3.982003,49.082735],[3.98228,49.083031],[3.982712,49.083293],[3.982888,49.083311],[3.98306,49.083218],[3.9832,49.082829],[3.98324,49.082191],[3.983443,49.082063],[3.983742,49.081984],[3.983762,49.081785],[3.983964,49.081467],[3.98766,49.081404],[3.988187,49.081339],[3.991009,49.080685],[3.991192,49.080684],[3.991411,49.080549],[3.992355,49.080175],[3.992983,49.07974],[3.994705,49.080566],[3.994745,49.081392],[3.998028,49.081366],[3.998589,49.081432],[4.00031,49.081458],[4.001732,49.081274],[4.002393,49.081405],[4.003133,49.081759],[4.003954,49.081838],[4.007478,49.081222],[4.00958,49.081012],[4.012043,49.080579],[4.013104,49.080002],[4.013364,49.079661],[4.014825,49.07835],[4.015686,49.07776],[4.015947,49.077301],[4.016267,49.076383],[4.017008,49.075648],[4.016988,49.073891],[4.017568,49.071989],[4.018009,49.0701],[4.017889,49.069589],[4.018549,49.068776],[4.01937,49.068408],[4.020591,49.068199],[4.021212,49.068185],[4.022013,49.067726],[4.023014,49.067608],[4.023514,49.067884],[4.023915,49.067464],[4.024836,49.067071],[4.025116,49.06711],[4.026277,49.066008],[4.026878,49.06568],[4.027759,49.064736],[4.028139,49.064788],[4.028179,49.064919],[4.028233,49.065],[4.028445,49.065168],[4.02869,49.065241],[4.029097,49.065294],[4.029751,49.065491],[4.030199,49.065699],[4.030337,49.065806],[4.030368,49.065924],[4.030293,49.066029],[4.029853,49.066414],[4.029488,49.066593],[4.029789,49.06707],[4.029971,49.067126],[4.030867,49.067034],[4.031135,49.066969],[4.031259,49.06701],[4.032294,49.067073],[4.033828,49.067316],[4.035678,49.06735],[4.0363,49.068224],[4.036612,49.068408],[4.038393,49.069148],[4.039342,49.069762],[4.039627,49.06989],[4.039702,49.070068],[4.040308,49.070184],[4.041456,49.070598],[4.042121,49.070939],[4.043001,49.071083],[4.04416,49.071953],[4.044406,49.07197],[4.046037,49.071662],[4.048134,49.070722],[4.049674,49.071825],[4.049932,49.072189],[4.050125,49.072633],[4.050452,49.072942],[4.05124,49.073387],[4.05167,49.073708],[4.051997,49.074035],[4.052815,49.074522],[4.053477,49.074869],[4.053625,49.075161],[4.053601,49.075387],[4.05337,49.0756],[4.05278,49.075976],[4.052431,49.076113],[4.052286,49.077174],[4.051385,49.078571],[4.051265,49.07886],[4.051278,49.079398],[4.051294,49.07983],[4.051187,49.080298],[4.05123,49.08089],[4.051547,49.081674],[4.051842,49.082222],[4.051917,49.082419],[4.051917,49.082644],[4.051219,49.083081],[4.051155,49.083217],[4.052254,49.085053],[4.052222,49.085207],[4.051332,49.085727],[4.051611,49.086531],[4.053864,49.088329],[4.054942,49.089046],[4.056766,49.090046],[4.057603,49.090388],[4.059277,49.091324],[4.059808,49.091094],[4.060392,49.091013],[4.060966,49.09103],[4.061519,49.090907],[4.061948,49.090902],[4.064464,49.091045],[4.064869,49.090984],[4.065489,49.090748],[4.068385,49.089386],[4.069501,49.088727],[4.070065,49.088481],[4.070427,49.088209],[4.070622,49.087946],[4.070821,49.087284],[4.071089,49.08708],[4.071317,49.086744],[4.071786,49.08623],[4.072285,49.085773],[4.073965,49.086445],[4.074297,49.086206],[4.075504,49.084892],[4.076056,49.084191],[4.076845,49.08336],[4.077022,49.083045],[4.077204,49.082346],[4.077154,49.082164],[4.077547,49.082175],[4.078514,49.08207],[4.07949,49.082085],[4.081263,49.082058],[4.082033,49.082168],[4.082617,49.082367],[4.083663,49.0826],[4.084736,49.083003],[4.086329,49.083504],[4.087348,49.083826],[4.090074,49.085161],[4.090645,49.085369],[4.091012,49.085405],[4.091645,49.085375],[4.092268,49.085273],[4.093282,49.085761],[4.09373,49.085851],[4.094323,49.085866],[4.094754,49.085912],[4.095057,49.085989],[4.09591,49.086155],[4.096623,49.086338],[4.097209,49.086653],[4.097729,49.087107],[4.098126,49.087511],[4.09841,49.087668],[4.099424,49.08807],[4.100497,49.089026],[4.10304,49.0899],[4.104128,49.090218],[4.10364,49.091217],[4.104107,49.091373],[4.104407,49.091526],[4.105089,49.092223],[4.105517,49.092409],[4.1061,49.092152],[4.107053,49.091968],[4.107408,49.09225],[4.108137,49.092592],[4.108566,49.093351],[4.108822,49.093583],[4.108747,49.093766],[4.109235,49.094727],[4.109501,49.095006],[4.110174,49.095443],[4.110754,49.095592],[4.11129,49.095716],[4.111826,49.095748],[4.112229,49.095825],[4.112446,49.095835],[4.113123,49.096174],[4.114144,49.09698],[4.11516,49.098121],[4.115877,49.099155],[4.116177,49.09962],[4.116091,49.09972],[4.117556,49.100385],[4.117668,49.100147],[4.117716,49.09993],[4.117985,49.099877],[4.118301,49.099759],[4.11879,49.099486],[4.118977,49.099488],[4.119503,49.099219],[4.120262,49.098681],[4.120956,49.098247],[4.121329,49.098124],[4.123746,49.097923],[4.124203,49.097832],[4.124785,49.097837],[4.125324,49.097932],[4.125924,49.097918],[4.12778,49.097704],[4.128708,49.097249],[4.129237,49.097109],[4.131063,49.09711],[4.131567,49.097153],[4.131841,49.097057],[4.132196,49.097412],[4.132479,49.097538],[4.134491,49.097787],[4.135995,49.09787],[4.13661,49.097962],[4.136866,49.098072],[4.137632,49.098084],[4.138026,49.097924],[4.139598,49.098235],[4.140837,49.098307],[4.141223,49.098414],[4.141513,49.098641],[4.14169,49.099028],[4.141894,49.099201],[4.141934,49.099301],[4.142452,49.099362],[4.143047,49.0993],[4.143359,49.099151],[4.144452,49.099076],[4.144898,49.09891],[4.145101,49.0985],[4.145308,49.098276],[4.145633,49.098137],[4.147082,49.097739],[4.147656,49.097569],[4.148286,49.097476],[4.149159,49.097429],[4.149998,49.097487],[4.150386,49.097418],[4.150568,49.097331],[4.150697,49.097703],[4.150901,49.097775],[4.151394,49.097727],[4.151587,49.097763],[4.152184,49.098133],[4.152763,49.098268],[4.153865,49.098684],[4.153772,49.098891],[4.153851,49.099115],[4.153685,49.099335],[4.153717,49.099548],[4.154305,49.099994],[4.155332,49.09985],[4.156313,49.099846],[4.158207,49.099558],[4.15936,49.099608],[4.160358,49.099404],[4.160632,49.09943],[4.161104,49.099387],[4.161587,49.099393],[4.161791,49.099793],[4.161882,49.100285],[4.161777,49.100514],[4.161388,49.1009],[4.161124,49.101024],[4.160989,49.101605],[4.160725,49.102032],[4.160407,49.102669],[4.159629,49.103483],[4.159435,49.104094],[4.159828,49.104178],[4.16495,49.105969],[4.165151,49.106101],[4.165842,49.105952],[4.168164,49.105187],[4.168585,49.105489],[4.168745,49.105725],[4.169425,49.106223],[4.169826,49.106721],[4.170266,49.107101],[4.170567,49.107651],[4.171508,49.107953],[4.172068,49.10887],[4.171868,49.10963],[4.171648,49.11001],[4.172248,49.109984],[4.172469,49.109892],[4.17369,49.109866],[4.17409,49.109696],[4.175071,49.10984],[4.175575,49.109992],[4.177042,49.109846],[4.177465,49.109884],[4.178163,49.110229],[4.178656,49.110268],[4.179364,49.110217],[4.180399,49.110236],[4.180649,49.110051],[4.180968,49.109511],[4.181499,49.109184],[4.181907,49.109184],[4.182143,49.109016],[4.18194,49.108621],[4.182262,49.108501],[4.184182,49.107254],[4.18452,49.107588],[4.184735,49.107933],[4.185689,49.10767],[4.18596,49.107638],[4.18652,49.107318],[4.186864,49.106933],[4.188098,49.106234],[4.188516,49.106431],[4.189744,49.106421],[4.190377,49.106496],[4.191418,49.106772],[4.191745,49.106755],[4.192641,49.106303],[4.193728,49.105977],[4.194546,49.105654],[4.195125,49.105282],[4.195742,49.105056],[4.196686,49.10484],[4.19762,49.10478],[4.197998,49.104823],[4.199208,49.105087],[4.199822,49.105159],[4.200392,49.105142],[4.200897,49.10504],[4.20145,49.105053],[4.204845,49.10577],[4.205296,49.106523],[4.210677,49.105606],[4.211916,49.105434],[4.213616,49.105385],[4.215239,49.105441],[4.216196,49.105602],[4.217025,49.10582],[4.217933,49.10614],[4.218745,49.106467],[4.220703,49.107072],[4.223031,49.106953],[4.223315,49.107053],[4.223493,49.107284],[4.223573,49.108231],[4.223863,49.109635],[4.223945,49.109744],[4.224561,49.109685],[4.2271,49.109056],[4.229044,49.108637],[4.232134,49.108365],[4.231786,49.106705],[4.237246,49.104896],[4.240063,49.104595],[4.24223,49.104162],[4.242152,49.103894],[4.241748,49.103455],[4.241462,49.102949],[4.240798,49.10134],[4.240417,49.100743],[4.239789,49.100124],[4.237037,49.098138],[4.236276,49.097561],[4.235549,49.096861],[4.235303,49.09643],[4.235052,49.095683],[4.234988,49.09507],[4.235114,49.094537],[4.235337,49.094032],[4.236464,49.092302],[4.23663,49.092152],[4.236911,49.092112],[4.237,49.092037],[4.237083,49.091868],[4.237108,49.09158],[4.237316,49.091236],[4.239671,49.087569],[4.239886,49.087386],[4.240551,49.087239],[4.240809,49.087011],[4.241329,49.086206],[4.241348,49.086034],[4.241164,49.085906],[4.240986,49.08582],[4.240926,49.085665],[4.241189,49.084925],[4.241192,49.084254],[4.240996,49.083523],[4.240782,49.083061],[4.239784,49.081809],[4.240065,49.081596],[4.242675,49.078808],[4.241195,49.078232],[4.240288,49.077655],[4.238378,49.076326],[4.237885,49.075842],[4.236721,49.07353],[4.236302,49.073017],[4.235594,49.072464],[4.232124,49.070214],[4.231383,49.069425],[4.230917,49.068481],[4.2309,49.068358],[4.230812,49.068057],[4.230691,49.06788],[4.230128,49.067324],[4.229736,49.067087],[4.227618,49.066328],[4.226966,49.066168],[4.219522,49.065129],[4.218933,49.065651],[4.218552,49.065786],[4.217763,49.065849],[4.214258,49.064795],[4.213992,49.064783],[4.21338,49.066135],[4.206669,49.064754],[4.205833,49.064496],[4.204931,49.064078],[4.192582,49.057505],[4.19167,49.056962],[4.190951,49.056278],[4.190458,49.055466],[4.189906,49.053071],[4.189514,49.052412],[4.189213,49.052072],[4.183978,49.047904],[4.183254,49.047218],[4.182883,49.046638],[4.182669,49.046159],[4.182212,49.043958],[4.181957,49.04291],[4.181487,49.042224],[4.181123,49.042174],[4.181214,49.042443],[4.181548,49.04296],[4.181408,49.043116],[4.180738,49.043253],[4.180046,49.04344],[4.179536,49.043138],[4.17893,49.043131],[4.178152,49.043468],[4.176859,49.042202],[4.177572,49.041993],[4.181589,49.040377],[4.182198,49.040014],[4.189275,49.037151],[4.203343,49.031311],[4.227204,49.021458],[4.227451,49.021732],[4.230573,49.022807],[4.233244,49.024601],[4.234393,49.025867],[4.236903,49.024845],[4.238073,49.024742],[4.240808,49.024643],[4.242461,49.024208],[4.244853,49.022594],[4.24583,49.02227],[4.250969,49.021399],[4.251977,49.021071],[4.253029,49.022243],[4.254059,49.021767],[4.255196,49.021084],[4.254584,49.020597],[4.254766,49.020359],[4.254509,49.019982],[4.253715,49.019366],[4.25349,49.017792],[4.253866,49.017235],[4.25334,49.01689],[4.252686,49.012726],[4.252728,49.012207],[4.253039,49.011647],[4.253522,49.011288],[4.267684,49.005426],[4.268183,49.00588],[4.2684,49.005959],[4.269948,49.007587],[4.271439,49.005615],[4.272856,49.004991],[4.275398,49.003745],[4.280387,49.000565],[4.28176,48.999851],[4.284614,48.998973],[4.295343,48.994396],[4.295429,48.993904],[4.296233,48.993581],[4.298183,48.992953],[4.300391,48.991845],[4.309913,48.987913],[4.309344,48.987369],[4.321747,48.982275],[4.326639,48.980244],[4.329107,48.979195],[4.331381,48.977603],[4.33166,48.977293],[4.335019,48.974478],[4.335287,48.974182],[4.335866,48.973881],[4.3363,48.973159],[4.344031,48.966492],[4.349642,48.961695],[4.350135,48.961193],[4.350275,48.9608],[4.349985,48.960411],[4.349803,48.959759],[4.348526,48.95911],[4.350243,48.957188],[4.351584,48.955849],[4.35234,48.954602],[4.353949,48.951164],[4.354853,48.950163],[4.354992,48.950053],[4.355023,48.949894],[4.355731,48.948403],[4.355849,48.948376],[4.355897,48.948262],[4.35616,48.948082],[4.355991,48.947961],[4.355666,48.947516],[4.35551,48.946922],[4.355676,48.94674],[4.355574,48.946671],[4.35551,48.946217],[4.355199,48.945667],[4.355178,48.94508],[4.354814,48.944862],[4.353644,48.942571],[4.353419,48.941846],[4.353461,48.940861],[4.353343,48.940628],[4.353504,48.939911],[4.354212,48.939014],[4.354899,48.938243],[4.355339,48.937497],[4.355607,48.937302],[4.355704,48.937035],[4.355556,48.936717],[4.355346,48.935893],[4.355294,48.935252],[4.355678,48.935068],[4.355768,48.934734],[4.355543,48.934364],[4.355639,48.934036],[4.356197,48.932953],[4.356723,48.93224],[4.356793,48.932279],[4.356878,48.932032],[4.35719,48.931806],[4.358102,48.931334],[4.358879,48.930753],[4.359952,48.92979],[4.360585,48.928893],[4.36125,48.928088],[4.362141,48.927194],[4.363772,48.926002],[4.365729,48.92492],[4.368186,48.923413],[4.369863,48.922075],[4.370983,48.921093],[4.371917,48.920479],[4.372757,48.920417],[4.373523,48.920332],[4.374121,48.920184],[4.377091,48.921934],[4.377142,48.921793],[4.378245,48.921131],[4.381485,48.91951],[4.38141,48.919381],[4.380742,48.919009],[4.380535,48.918836],[4.38179,48.918126],[4.381793,48.917993],[4.381463,48.917782],[4.382075,48.917246],[4.382681,48.916383],[4.382874,48.915832],[4.383566,48.915101],[4.384038,48.914463],[4.38435,48.914275],[4.384511,48.914242],[4.385455,48.914818],[4.385685,48.914838],[4.387241,48.914382],[4.387799,48.91401],[4.388172,48.913443],[4.389199,48.912136],[4.389569,48.911289],[4.389832,48.910873],[4.390433,48.910301],[4.391356,48.909645],[4.392992,48.908641],[4.393576,48.90823],[4.394563,48.908764],[4.395245,48.908207],[4.396575,48.907753],[4.397527,48.907106],[4.398823,48.906395],[4.401575,48.907736],[4.406588,48.907637],[4.407025,48.907679],[4.407376,48.907093],[4.4085,48.905925],[4.408725,48.905735],[4.408865,48.905469],[4.408919,48.905075],[4.409219,48.904598],[4.409643,48.904157],[4.410829,48.904677],[4.411059,48.904689],[4.411236,48.904547],[4.414181,48.901365],[4.409954,48.899859],[4.409914,48.899758],[4.410667,48.89896],[4.411,48.898758],[4.411601,48.897928],[4.411837,48.897707],[4.412132,48.897216],[4.412502,48.896788],[4.412636,48.89647],[4.412864,48.89617],[4.413361,48.895031],[4.41361,48.89483],[4.413965,48.894793],[4.414659,48.893427],[4.415855,48.893728],[4.415997,48.893686],[4.416509,48.892751],[4.417475,48.892945],[4.41821,48.891922],[4.419374,48.891668],[4.419682,48.891647],[4.419733,48.891767],[4.42072,48.892629],[4.420978,48.892688],[4.421509,48.892754],[4.422214,48.893002],[4.422636,48.89313],[4.422781,48.89347],[4.423842,48.893898],[4.42528,48.891945],[4.42602,48.8908],[4.427447,48.889297],[4.427984,48.888374],[4.428343,48.888222],[4.429657,48.887817],[4.430317,48.888158],[4.430663,48.888284],[4.432629,48.889263],[4.438654,48.884382],[4.439327,48.88375],[4.439747,48.883295],[4.440064,48.882741],[4.440349,48.882418],[4.440944,48.881889],[4.441068,48.881636],[4.44111,48.881052],[4.441268,48.880793],[4.441652,48.880576],[4.443551,48.879329],[4.445879,48.877703],[4.44268,48.875577],[4.445313,48.873603],[4.448476,48.875633],[4.451582,48.872893],[4.451845,48.872794],[4.452574,48.872253],[4.454527,48.871659],[4.454988,48.871376],[4.456426,48.870319],[4.457842,48.869572],[4.472133,48.863945],[4.473614,48.863132],[4.47783,48.859726],[4.480115,48.857056],[4.480437,48.856541],[4.479182,48.85599],[4.479386,48.855375],[4.479359,48.855008],[4.477747,48.85361],[4.477498,48.853554],[4.477181,48.853158],[4.47607,48.852156],[4.478399,48.850103],[4.478463,48.849841],[4.477573,48.848707],[4.476596,48.847087],[4.476693,48.846638],[4.477229,48.846268],[4.478356,48.845886],[4.480448,48.844795],[4.481564,48.84444],[4.482411,48.844374],[4.484825,48.844547],[4.486198,48.844059],[4.487947,48.843885],[4.491605,48.843079],[4.500328,48.837804],[4.503847,48.834618],[4.504641,48.833282],[4.506315,48.834171],[4.507399,48.834468],[4.51198,48.835239],[4.512495,48.835021],[4.514523,48.83438],[4.515392,48.834328],[4.517318,48.834533],[4.517913,48.834541],[4.518653,48.834286],[4.518353,48.832414],[4.518401,48.832125],[4.519598,48.830479],[4.52007,48.830225],[4.522752,48.829929],[4.525048,48.829901],[4.526432,48.829478],[4.527022,48.828961],[4.528342,48.828399],[4.529468,48.828154],[4.531442,48.827837],[4.5345,48.827733],[4.535991,48.827591],[4.537171,48.826946],[4.53819,48.826954],[4.538437,48.826679],[4.538652,48.826172],[4.544295,48.824547],[4.545486,48.824278],[4.546569,48.823896],[4.548319,48.823083],[4.550143,48.822759],[4.551215,48.822193],[4.558157,48.819433],[4.559326,48.819214],[4.560324,48.81918],[4.562384,48.818783],[4.563521,48.818339],[4.564321,48.818224],[4.565195,48.818195],[4.567974,48.817707],[4.576245,48.815182],[4.578552,48.817383],[4.581106,48.816345],[4.587489,48.814308],[4.588981,48.813908],[4.589839,48.813408],[4.589882,48.813103],[4.590504,48.812622],[4.591802,48.812185],[4.593186,48.8113],[4.594318,48.81099],[4.59545,48.81078],[4.596105,48.810558],[4.597209,48.81054],[4.597811,48.810468],[4.597929,48.810253],[4.600472,48.809769],[4.602005,48.809448],[4.602606,48.8092],[4.60295,48.808968],[4.602692,48.808758],[4.603465,48.808292],[4.60347,48.8081],[4.602949,48.807316],[4.603475,48.807305],[4.604988,48.807068],[4.606651,48.806953],[4.607359,48.80661],[4.607563,48.806049],[4.606887,48.804264],[4.606994,48.803528],[4.607778,48.802307],[4.608507,48.801853],[4.609666,48.801353],[4.610632,48.800271],[4.613121,48.797231],[4.613571,48.797443],[4.614247,48.797035],[4.615781,48.795834],[4.616822,48.795231],[4.617981,48.794659],[4.619021,48.79451],[4.619182,48.794369],[4.618903,48.794207],[4.618887,48.794013],[4.620845,48.792164],[4.619386,48.791055],[4.618067,48.790354],[4.617568,48.789965],[4.616854,48.788925],[4.616843,48.787648],[4.617455,48.785316],[4.617552,48.783257],[4.617401,48.78241],[4.617777,48.781185],[4.618549,48.779968],[4.620352,48.777836],[4.621875,48.775963],[4.623388,48.77409],[4.623957,48.773117],[4.625491,48.767521],[4.626639,48.760427],[4.627009,48.760105],[4.627065,48.759887],[4.627501,48.759721],[4.627765,48.759499],[4.628761,48.757876],[4.629301,48.757453],[4.629441,48.757137],[4.629081,48.756213],[4.628761,48.755328],[4.62786,48.754259],[4.627358,48.752815],[4.627615,48.752361],[4.627068,48.751129],[4.625942,48.749306],[4.62562,48.748096],[4.625673,48.747036],[4.626156,48.746292],[4.626156,48.746292],[4.626923,48.745097],[4.627175,48.744871],[4.629863,48.743576],[4.6324,48.742409],[4.635093,48.741433],[4.635324,48.741591],[4.635772,48.741571],[4.637893,48.741932],[4.638859,48.742003],[4.639739,48.741814],[4.642239,48.74165],[4.642957,48.741524],[4.64432,48.74155],[4.647184,48.741773],[4.64859,48.742274],[4.652109,48.742947],[4.6558,48.743427],[4.657538,48.743404],[4.658836,48.743179],[4.660231,48.743313],[4.664308,48.744256],[4.668417,48.744976],[4.66965,48.744947],[4.670649,48.745089],[4.671925,48.745506],[4.673127,48.743486],[4.673235,48.743185],[4.673578,48.742916],[4.674253,48.741554],[4.675036,48.741624],[4.682622,48.743079],[4.697042,48.745897],[4.697503,48.746088],[4.697653,48.746399],[4.697642,48.746781],[4.697342,48.746724],[4.697235,48.747304],[4.697471,48.747488],[4.697235,48.74818],[4.697299,48.749233],[4.697793,48.750211],[4.699488,48.752066],[4.70055,48.752562],[4.70777,48.754681],[4.711064,48.755566],[4.711,48.756335],[4.710538,48.757561],[4.710163,48.758216],[4.710484,48.758423],[4.71248,48.758861],[4.714025,48.759327],[4.715361,48.759601],[4.716311,48.759868],[4.716981,48.759952],[4.717383,48.759888],[4.717673,48.759541],[4.717898,48.758495],[4.718778,48.75853],[4.722426,48.759117],[4.72366,48.758934],[4.72513,48.759258],[4.726192,48.75988],[4.728155,48.760559],[4.729346,48.760723],[4.730279,48.761162],[4.73102,48.761303],[4.734313,48.761505],[4.73515,48.761372],[4.737183,48.761259],[4.738959,48.761253],[4.750085,48.763502],[4.750235,48.762836],[4.750075,48.762522],[4.749678,48.762195],[4.750096,48.760835],[4.752011,48.760877],[4.753014,48.760969],[4.754881,48.758404],[4.755246,48.757059],[4.75619,48.755375],[4.756404,48.755139],[4.757123,48.754656],[4.757326,48.754286],[4.75738,48.75246],[4.758722,48.751102],[4.760449,48.75029],[4.762063,48.750177],[4.762605,48.749979],[4.762917,48.749695],[4.765137,48.745354],[4.770212,48.736366],[4.7718,48.734089],[4.773538,48.732798],[4.773785,48.732461],[4.77563,48.733494],[4.779074,48.737358],[4.779836,48.737682],[4.780587,48.737732],[4.784159,48.737165],[4.787689,48.736485],[4.788162,48.736217],[4.788097,48.735802],[4.786305,48.734867],[4.78534,48.734142],[4.784052,48.733444],[4.783602,48.73175],[4.784535,48.729755],[4.785243,48.726387],[4.787743,48.725977],[4.787303,48.723862],[4.786478,48.721801],[4.786187,48.719776],[4.786938,48.71917],[4.787958,48.718616],[4.788532,48.718683],[4.7896,48.719013],[4.790098,48.718971],[4.79152,48.718491],[4.792367,48.71841],[4.794341,48.718494],[4.795768,48.718362],[4.800553,48.717314],[4.802098,48.717427],[4.803997,48.717697],[4.806519,48.718134],[4.808085,48.718143],[4.811207,48.717373],[4.812431,48.71738],[4.81464,48.718044],[4.815885,48.718079],[4.816722,48.718617],[4.817178,48.718733],[4.818063,48.718765],[4.821432,48.718575],[4.823148,48.718403],[4.825122,48.718445],[4.82598,48.718603],[4.829843,48.718813],[4.832291,48.719414],[4.835014,48.719889],[4.837276,48.720695],[4.838838,48.720788],[4.839919,48.720986],[4.841841,48.721488],[4.842862,48.722135],[4.844638,48.722828],[4.846129,48.723557],[4.846623,48.724038],[4.847278,48.724483],[4.848598,48.724822],[4.850196,48.725059],[4.851932,48.725437],[4.852752,48.725833],[4.853513,48.726018],[4.854955,48.726612],[4.857197,48.727378],[4.858859,48.728408],[4.85966,48.729174],[4.861281,48.729729],[4.865677,48.730499],[4.874255,48.732],[4.875301,48.731724],[4.877887,48.73134],[4.878703,48.731087],[4.880816,48.73078],[4.882028,48.730713],[4.884936,48.731052],[4.889131,48.731173],[4.894511,48.732732],[4.897059,48.73357],[4.900128,48.735142],[4.901469,48.735554],[4.902778,48.73647],[4.903647,48.736911],[4.904199,48.737034],[4.905227,48.737032],[4.906522,48.737002],[4.906854,48.736324],[4.907252,48.736309],[4.908293,48.736344],[4.909,48.736196],[4.909859,48.736032],[4.912477,48.734676],[4.913818,48.733841],[4.914794,48.733513],[4.915427,48.732967],[4.916553,48.73251],[4.916371,48.731369],[4.916661,48.730812],[4.917197,48.730352],[4.918968,48.729594],[4.919745,48.728988],[4.920523,48.728241],[4.921821,48.728046],[4.922605,48.727604],[4.923077,48.727158],[4.923892,48.726779],[4.924418,48.726218],[4.924804,48.725398],[4.9271,48.724978],[4.929085,48.724823],[4.930158,48.724512],[4.933033,48.723323],[4.933586,48.722909],[4.934117,48.722595],[4.936037,48.722178],[4.93704,48.721866],[4.938977,48.720569],[4.941219,48.718664],[4.94373,48.718143],[4.944175,48.717438],[4.946144,48.714977],[4.946444,48.715106],[4.94889,48.717351],[4.949491,48.717443],[4.950263,48.717102],[4.951122,48.717194],[4.952506,48.717528],[4.953525,48.717648],[4.95478,48.717464],[4.955311,48.717435],[4.955928,48.71757],[4.960821,48.71904],[4.965166,48.720596],[4.967998,48.722794],[4.974854,48.721563],[4.975257,48.7224],[4.979446,48.719906],[4.979851,48.720713],[4.984226,48.719926],[4.985487,48.723017],[4.986892,48.722755],[4.988818,48.727107],[5.003071,48.724639],[5.00512,48.72984],[5.003768,48.730021],[5.003608,48.735334],[5.005463,48.735355],[5.008929,48.73843],[5.009138,48.738785],[5.009286,48.740624],[5.00924,48.741417],[5.009937,48.741815],[5.010698,48.743047],[5.012166,48.743035],[5.013816,48.743388],[5.013452,48.745567],[5.021363,48.744234],[5.023312,48.744234],[5.02354,48.744339],[5.02479,48.743778],[5.026031,48.743335],[5.028731,48.742644],[5.029002,48.742651],[5.03064,48.742081],[5.03123,48.741581],[5.0315,48.741138],[5.032191,48.741213],[5.033206,48.740702],[5.03421,48.73976],[5.034419,48.739676],[5.035036,48.739938],[5.035096,48.740091],[5.03419,48.740952],[5.034953,48.74139],[5.03316,48.742729],[5.03593,48.742989],[5.03724,48.74334],[5.04009,48.744469],[5.04243,48.744839],[5.043022,48.74494],[5.043586,48.745189],[5.043997,48.745264],[5.044579,48.745268],[5.045082,48.745166],[5.04586,48.745331],[5.04693,48.74469],[5.0486,48.744845],[5.048841,48.745348],[5.04858,48.745831],[5.04833,48.745979],[5.04966,48.746529],[5.05063,48.74754],[5.05209,48.747952],[5.05313,48.748051],[5.0555,48.748039],[5.05564,48.74791],[5.05631,48.748081],[5.05849,48.74836],[5.0607,48.749161],[5.0617,48.749611],[5.06284,48.749691],[5.06392,48.74968],[5.064587,48.749735],[5.064587,48.749735],[5.065326,48.749929],[5.065262,48.750452],[5.065369,48.751047],[5.066378,48.752207],[5.067236,48.752645],[5.068609,48.753296],[5.069446,48.753834],[5.069961,48.754301],[5.073695,48.755588],[5.07451,48.755843],[5.074875,48.756522],[5.075519,48.756974],[5.076205,48.757186],[5.077793,48.75737],[5.080862,48.757964],[5.081956,48.75829],[5.082943,48.758969],[5.083651,48.75986],[5.083952,48.760638],[5.08408,48.76119],[5.084509,48.761897],[5.085754,48.762972],[5.086376,48.763424],[5.087299,48.762547],[5.088136,48.761331],[5.088838,48.760849],[5.093631,48.76215],[5.099389,48.763788],[5.100847,48.763831],[5.101472,48.76428],[5.106096,48.766596],[5.107302,48.766967],[5.108136,48.767017],[5.1093,48.767004],[5.110077,48.766963],[5.111129,48.767083],[5.11203,48.767288],[5.113033,48.767288],[5.11452,48.767609],[5.11687,48.768331],[5.117471,48.768715],[5.117932,48.769197],[5.11819,48.769612],[5.118104,48.769977],[5.117841,48.770376],[5.117781,48.770691],[5.118136,48.770997],[5.11879,48.771307],[5.120473,48.771731],[5.122776,48.772156],[5.123905,48.772307],[5.125324,48.772572],[5.127544,48.772824],[5.129551,48.773289],[5.131356,48.773399],[5.133089,48.773323],[5.14023,48.772781],[5.14272,48.7728],[5.14414,48.77356],[5.14461,48.77401],[5.14581,48.774212],[5.14715,48.77462],[5.14805,48.77515],[5.14946,48.775719],[5.15078,48.775959],[5.15102,48.777672],[5.150865,48.778408],[5.150913,48.778678],[5.150913,48.778678],[5.151243,48.778811],[5.149033,48.780649],[5.149312,48.780847],[5.150041,48.781639],[5.151264,48.78137],[5.151693,48.781441],[5.151779,48.781342],[5.15208,48.781413],[5.152273,48.781314],[5.152595,48.781469],[5.152852,48.781201],[5.153238,48.781186],[5.153646,48.78171],[5.154483,48.7813],[5.159289,48.779391],[5.159586,48.779652],[5.157431,48.780768],[5.155513,48.782223],[5.154386,48.783573],[5.15288,48.784882],[5.152754,48.785105],[5.15252,48.785709],[5.152637,48.786585],[5.152285,48.7873],[5.151718,48.788044],[5.151386,48.789075],[5.151436,48.789175],[5.151108,48.789805],[5.150511,48.790605],[5.150068,48.791013],[5.14954,48.791351],[5.1486,48.791759],[5.147776,48.792043],[5.147302,48.792333],[5.146807,48.792749],[5.146571,48.793324],[5.14703,48.794559],[5.148105,48.795351],[5.14845,48.79586],[5.149078,48.796514],[5.149962,48.797141],[5.150491,48.797624],[5.15074,48.79805],[5.1507,48.798759],[5.150129,48.799492],[5.149311,48.800029],[5.148903,48.800157],[5.14783,48.80027],[5.146443,48.800346],[5.145462,48.800474],[5.14446,48.800701],[5.143933,48.800857],[5.1436,48.801041],[5.14294,48.80159],[5.14277,48.801922],[5.14166,48.802441],[5.14122,48.802441],[5.140933,48.80275],[5.14092,48.803509],[5.14081,48.80397],[5.141269,48.804651],[5.14178,48.805222],[5.14273,48.80571],[5.14299,48.80619],[5.14412,48.807232],[5.144311,48.807831],[5.144599,48.808283],[5.14477,48.809078],[5.14229,48.809547],[5.141524,48.809766],[5.14109,48.810171],[5.140771,48.810675],[5.140366,48.811079],[5.138911,48.810562],[5.138516,48.811191],[5.13821,48.811951],[5.138353,48.812194],[5.139451,48.812805],[5.139613,48.813098],[5.13956,48.813801],[5.13981,48.814486],[5.139529,48.815263],[5.139109,48.815983],[5.137836,48.817351],[5.137211,48.817872],[5.13519,48.819962],[5.13307,48.821899],[5.13013,48.821499],[5.12863,48.821541],[5.1278,48.822479],[5.12726,48.822788],[5.126973,48.823308],[5.1266,48.82373],[5.1266,48.82373],[5.126333,48.824293],[5.126076,48.824441],[5.125689,48.824547],[5.125486,48.824971],[5.125352,48.825317],[5.125174,48.826009],[5.125207,48.826846],[5.12526,48.827634],[5.124606,48.829463],[5.124413,48.831187],[5.124493,48.831589],[5.125453,48.8325],[5.125496,48.832867],[5.125325,48.833764],[5.125432,48.835371],[5.125775,48.837352],[5.125947,48.839061],[5.126204,48.839467],[5.129745,48.841906],[5.129745,48.841906],[5.129892,48.84216],[5.129957,48.842683],[5.13236,48.844081],[5.132875,48.844744],[5.133133,48.846114],[5.132918,48.846834],[5.13251,48.847597],[5.13221,48.851028],[5.132231,48.852158],[5.132103,48.853089],[5.13236,48.85388],[5.132321,48.855835],[5.132509,48.856382],[5.132536,48.857226],[5.131827,48.859005],[5.132128,48.860084],[5.131656,48.861568],[5.131699,48.861951],[5.132235,48.862504],[5.132836,48.862875],[5.133158,48.863572],[5.133201,48.863967],[5.13305,48.864187],[5.133018,48.865032],[5.133276,48.865018],[5.133008,48.865336],[5.132568,48.867369],[5.13274,48.868393],[5.132525,48.869282],[5.13186,48.870522],[5.131398,48.871688],[5.130326,48.871906],[5.130036,48.872272],[5.129907,48.873142],[5.12583,48.877691],[5.124661,48.882412],[5.126646,48.884827],[5.126023,48.887768],[5.125594,48.891907],[5.125116,48.892757],[5.124789,48.89307],[5.124704,48.893723],[5.124328,48.894455],[5.124602,48.894811],[5.125057,48.895117],[5.12509,48.895333],[5.125058,48.895802],[5.126356,48.896008],[5.125959,48.896767],[5.126093,48.897158],[5.126332,48.897403],[5.126485,48.897888],[5.12627,48.898434],[5.125337,48.899166],[5.124489,48.899765],[5.124253,48.900752],[5.124006,48.902572],[5.123867,48.904186],[5.123582,48.904507],[5.122858,48.904955],[5.121201,48.905576],[5.119951,48.905986],[5.119854,48.90806],[5.120085,48.909037],[5.120165,48.909957],[5.120315,48.910514],[5.120315,48.912551],[5.123137,48.912727],[5.117923,48.918269],[5.113127,48.920822],[5.113213,48.923898],[5.113106,48.92868],[5.113556,48.930035],[5.113546,48.930444],[5.112387,48.930622],[5.111808,48.930791],[5.110574,48.931461],[5.109469,48.931976],[5.109865,48.932421],[5.111003,48.933212],[5.111754,48.934026],[5.112022,48.934475],[5.11184,48.935188],[5.11007,48.936668],[5.109104,48.937695],[5.10521,48.939943],[5.104254,48.940318],[5.107194,48.943215],[5.107135,48.943451],[5.106561,48.944392],[5.106357,48.945322],[5.105842,48.946209],[5.105263,48.94788],[5.103954,48.949726],[5.10286,48.950401],[5.102409,48.950944],[5.101781,48.95158],[5.101325,48.952217],[5.101014,48.952451],[5.099802,48.952812],[5.098761,48.95319],[5.098268,48.953613],[5.096809,48.955467],[5.096176,48.955475],[5.093773,48.956191],[5.090468,48.956814],[5.092796,48.959576],[5.095167,48.96094],[5.100725,48.964208],[5.100886,48.96446],[5.101379,48.965667],[5.101379,48.965667],[5.1041,48.964604],[5.106825,48.963406],[5.108049,48.963082],[5.11013,48.962702],[5.114078,48.961307],[5.116224,48.961082],[5.11719,48.9608],[5.117833,48.960434],[5.118026,48.961378],[5.118563,48.962167],[5.118756,48.963857],[5.119035,48.96466],[5.119679,48.965449],[5.11852,48.966182],[5.118863,48.966534],[5.119764,48.968745],[5.121309,48.970858],[5.122039,48.971619],[5.12397,48.974239],[5.132081,48.974718],[5.131802,48.97614],[5.130944,48.977887],[5.130386,48.978746],[5.129785,48.979154],[5.127596,48.979915],[5.126974,48.980351],[5.126137,48.981168],[5.12515,48.981816],[5.124635,48.982337],[5.123841,48.982252],[5.122468,48.982421],[5.121245,48.982224],[5.119142,48.982407],[5.117183,48.983395],[5.116914,48.983579],[5.114994,48.985355],[5.108122,48.987588],[5.107454,48.987757],[5.106915,48.987976],[5.106164,48.98811],[5.105595,48.988302],[5.10433,48.989193],[5.102055,48.990025],[5.100886,48.990173],[5.098858,48.99538],[5.099105,48.996242],[5.099314,48.99647],[5.09978,48.996712],[5.099952,48.99704],[5.099974,48.997368],[5.099588,48.998739],[5.09947,48.998893],[5.099351,49.000206],[5.099169,49.000519],[5.097892,49.001085],[5.097785,49.001507],[5.098429,49.002422],[5.097517,49.002611],[5.095896,49.004203],[5.095425,49.005104],[5.094599,49.007272],[5.092903,49.009428],[5.092635,49.010372],[5.092088,49.011662],[5.091262,49.012527],[5.09064,49.013351],[5.088462,49.014385],[5.087459,49.015246],[5.08652,49.01622],[5.085763,49.016837],[5.084041,49.018523],[5.083129,49.019783],[5.081573,49.021338],[5.080018,49.022371],[5.079299,49.023026],[5.078655,49.023727],[5.076949,49.024996],[5.076617,49.025509],[5.076124,49.025928],[5.074815,49.026417],[5.074209,49.026959],[5.073903,49.0275],[5.072476,49.028694],[5.071816,49.029142],[5.070534,49.030223],[5.069601,49.030851],[5.069772,49.031079],[5.069472,49.031488],[5.068892,49.031461],[5.068512,49.031355],[5.067651,49.031366],[5.066468,49.031073],[5.066252,49.031701],[5.06738,49.031947],[5.068409,49.032269],[5.068603,49.03238],[5.068421,49.03263],[5.068474,49.032858],[5.06901,49.033085],[5.069364,49.033302],[5.068345,49.033171],[5.067326,49.032846],[5.067068,49.032839],[5.067133,49.033012],[5.066918,49.033323],[5.066489,49.035006],[5.064548,49.034866],[5.063035,49.035349],[5.062455,49.035216],[5.062165,49.035504],[5.060674,49.035611],[5.059601,49.035475],[5.059284,49.035306],[5.058925,49.035264],[5.056737,49.035833],[5.055026,49.035342],[5.054569,49.035306],[5.051737,49.035815],[5.049602,49.036842],[5.03897,49.036828],[5.037081,49.036519],[5.03132,49.03495],[5.029925,49.034697],[5.02823,49.036554],[5.026964,49.037786],[5.028091,49.038144],[5.029394,49.038668],[5.031921,49.039444],[5.035698,49.040252],[5.036641,49.040576],[5.036909,49.041048],[5.037097,49.041178],[5.037875,49.041314],[5.038626,49.041673],[5.040869,49.042187],[5.042671,49.042423],[5.043873,49.042297],[5.046308,49.041519],[5.046984,49.041188],[5.048347,49.041046],[5.050546,49.040348],[5.052681,49.039523],[5.053271,49.03907],[5.054247,49.038834],[5.055117,49.039179],[5.056039,49.039393],[5.056468,49.039647],[5.057627,49.040625],[5.056136,49.040858],[5.055503,49.040887],[5.055997,49.041574],[5.056087,49.041929],[5.05594,49.042339],[5.055695,49.042678],[5.055449,49.043008],[5.054333,49.043437],[5.053947,49.044064],[5.052928,49.044253],[5.051833,49.046291],[5.05266,49.046482],[5.05325,49.046749],[5.056125,49.047033],[5.05694,49.047388],[5.057574,49.047763],[5.057997,49.047908],[5.058689,49.048278],[5.059955,49.048566],[5.06031,49.048838],[5.061575,49.049141],[5.062284,49.049234],[5.064579,49.049667],[5.065137,49.049664],[5.066022,49.049835],[5.066896,49.05007],[5.069171,49.050441],[5.071071,49.050641],[5.072471,49.050931],[5.073602,49.051376],[5.072986,49.051401],[5.072025,49.051342],[5.069762,49.051591],[5.068522,49.051813],[5.065728,49.052205],[5.069236,49.054401],[5.063324,49.058309],[5.063571,49.058466],[5.063088,49.058973],[5.063147,49.059277],[5.062766,49.060095],[5.062788,49.06086],[5.062959,49.061338],[5.06311,49.061979],[5.062336,49.062758],[5.061768,49.062927],[5.060631,49.062942],[5.060213,49.063386],[5.060459,49.063995],[5.060663,49.064934],[5.059826,49.065994],[5.059327,49.066254],[5.059032,49.066534],[5.05827,49.066922],[5.058078,49.067128],[5.057992,49.067616],[5.058614,49.068225],[5.058807,49.068539],[5.058861,49.069003],[5.059858,49.069692],[5.060835,49.070177],[5.062186,49.07128],[5.06386,49.072265],[5.064547,49.073127],[5.064831,49.07319],[5.066178,49.072789],[5.0671,49.072692],[5.069622,49.072645],[5.071226,49.072953],[5.072318,49.073254],[5.073324,49.073436],[5.073827,49.073721],[5.073699,49.074457],[5.073457,49.074716],[5.072057,49.075256],[5.071451,49.075647],[5.071263,49.075982],[5.071247,49.076438],[5.071102,49.077232],[5.071183,49.077601],[5.071779,49.078131],[5.071923,49.078574],[5.071424,49.079819],[5.071446,49.08012],[5.071735,49.080491],[5.072443,49.081135],[5.073044,49.081532],[5.073398,49.081969],[5.073431,49.082279],[5.073184,49.082926],[5.072132,49.083065],[5.071295,49.082975],[5.070544,49.083146],[5.069911,49.083549],[5.070008,49.08419],[5.069622,49.084476],[5.069278,49.084557],[5.068763,49.084877],[5.067938,49.085672],[5.067937,49.085933],[5.068404,49.086782],[5.069107,49.087814],[5.06916,49.088348],[5.068635,49.088898],[5.069128,49.089809],[5.069825,49.090689],[5.07019,49.091377],[5.070469,49.091855],[5.070947,49.092126],[5.072884,49.092888],[5.07342,49.094874],[5.073136,49.094924],[5.071574,49.094411],[5.070695,49.094292],[5.070174,49.094377],[5.068452,49.094912],[5.067583,49.095038],[5.0668,49.095409],[5.067572,49.095591],[5.067696,49.095742],[5.06739,49.096421],[5.067089,49.096506],[5.065749,49.096189],[5.065341,49.096274],[5.065137,49.09645],[5.065384,49.097925],[5.065625,49.098551],[5.066274,49.099254],[5.067165,49.099372],[5.067454,49.099856],[5.067423,49.100257],[5.067336,49.100589],[5.067395,49.100957],[5.067747,49.101254],[5.068334,49.102028],[5.069783,49.102982],[5.070738,49.10346],[5.070893,49.103692],[5.070877,49.103939],[5.070534,49.104332],[5.070164,49.104605],[5.070461,49.104574],[5.070297,49.105434],[5.070652,49.105553],[5.070443,49.105664],[5.069912,49.106225],[5.069472,49.107533],[5.068774,49.108109],[5.067562,49.108032],[5.067433,49.10754],[5.067063,49.107316],[5.06661,49.107239],[5.065985,49.107267],[5.065255,49.107353],[5.063173,49.107168],[5.061382,49.106713],[5.059601,49.106402],[5.059043,49.106255],[5.058024,49.106722],[5.057606,49.107048],[5.057391,49.107942],[5.056946,49.108114],[5.055943,49.108154],[5.054848,49.108376],[5.053813,49.108839],[5.053456,49.108853],[5.053378,49.109035],[5.053196,49.110015],[5.052724,49.111382],[5.052375,49.111769],[5.051994,49.111925],[5.051404,49.11179],[5.050664,49.110703],[5.050203,49.110406],[5.049623,49.110113],[5.049001,49.109937],[5.048453,49.11002],[5.048043,49.110278],[5.047547,49.110789],[5.047217,49.112009],[5.047102,49.112338],[5.046266,49.112555],[5.043422,49.112394],[5.042746,49.11257],[5.04228,49.112812],[5.040998,49.112983],[5.04073,49.113228],[5.04086,49.113478],[5.041249,49.11374],[5.039088,49.115345],[5.038872,49.116283],[5.039045,49.116898],[5.039485,49.117268],[5.039753,49.117752],[5.040917,49.118918],[5.04151,49.119592],[5.041802,49.120056],[5.042016,49.120723],[5.042713,49.121804],[5.041684,49.123082],[5.041131,49.123631],[5.040257,49.124313],[5.041308,49.126621],[5.041459,49.128243],[5.041727,49.129221],[5.042038,49.129848],[5.042617,49.131711],[5.044183,49.132681],[5.045064,49.134369],[5.045037,49.134584],[5.044827,49.134785],[5.044302,49.135929],[5.043122,49.136856],[5.042891,49.137285],[5.041845,49.141308],[5.033884,49.140037],[5.034276,49.140661],[5.03441,49.141285],[5.034817,49.142057],[5.034174,49.142906],[5.034378,49.144077],[5.034796,49.14459],[5.035654,49.145454],[5.035815,49.146246],[5.036196,49.146312],[5.035826,49.146828],[5.035333,49.146971],[5.033186,49.147046],[5.033477,49.147749],[5.033777,49.14836],[5.033369,49.149098],[5.032607,49.149918],[5.03192,49.150796],[5.03235,49.152527],[5.033112,49.154739],[5.032683,49.154738],[5.029345,49.157095],[5.029064,49.157169],[5.028568,49.157509],[5.028168,49.157589],[5.027769,49.15781],[5.027404,49.15836],[5.027146,49.158928],[5.027372,49.15932],[5.027109,49.159327],[5.026675,49.158983],[5.024925,49.158549],[5.024056,49.158072],[5.022983,49.157385],[5.021605,49.156078],[5.020451,49.154639],[5.019507,49.154442],[5.019915,49.155369],[5.020108,49.156499],[5.02042,49.157124],[5.020419,49.158143],[5.020462,49.15859],[5.020988,49.159555],[5.021868,49.16031],[5.022522,49.160707],[5.022753,49.161091],[5.022597,49.162079],[5.021707,49.162702],[5.021041,49.163351],[5.020827,49.164211],[5.021278,49.165676],[5.02234,49.167141],[5.022887,49.167683],[5.021782,49.168011],[5.020376,49.167304],[5.01991,49.166834],[5.019454,49.165999],[5.019164,49.165704],[5.018526,49.165571],[5.018067,49.165582],[5.017544,49.165375],[5.016407,49.163909],[5.016149,49.162983],[5.016353,49.162528],[5.016208,49.162261],[5.014851,49.161825],[5.014197,49.161207],[5.01424,49.160982],[5.014658,49.161185],[5.014953,49.16116],[5.015076,49.160896],[5.014856,49.1606],[5.014326,49.160402],[5.014004,49.16045],[5.01352,49.16087],[5.013102,49.160903],[5.012191,49.160697],[5.010431,49.16021],[5.009766,49.160101],[5.008779,49.160175],[5.008521,49.160437],[5.00866,49.160781],[5.009723,49.162163],[5.009518,49.162503],[5.009068,49.162619],[5.005163,49.161922],[5.002577,49.163977],[5.002475,49.164314],[5.002414,49.167029],[5.002191,49.169969],[5.00188,49.170908],[5.004487,49.17152],[5.004863,49.17182],[5.005603,49.172081],[5.00762,49.173344],[5.007996,49.173786],[5.008403,49.174086],[5.009262,49.175055],[5.009873,49.175441],[5.011632,49.17619],[5.013076,49.176621],[5.013328,49.176885],[5.012416,49.177666],[5.011885,49.177997],[5.010581,49.178497],[5.009583,49.179131],[5.008982,49.179409],[5.009583,49.181096],[5.009691,49.181717],[5.002159,49.189129],[4.998715,49.18753],[4.998178,49.187779],[4.996494,49.188337],[4.995292,49.188519],[4.99452,49.188591],[4.994064,49.188797],[4.993823,49.18906],[4.993834,49.189551],[4.994365,49.189996],[4.995507,49.190595],[4.995781,49.19095],[4.995689,49.191285],[4.995829,49.191975],[4.995507,49.192621],[4.995347,49.194058],[4.995035,49.19478],[4.994413,49.195656],[4.995432,49.195897],[4.996365,49.196471],[4.996891,49.19664],[4.998286,49.197508],[4.99864,49.197949],[4.998661,49.198994],[4.998796,49.19969],[4.99923,49.200261],[5.001301,49.201421],[5.004089,49.203017],[5.004997,49.20367],[5.005645,49.204658],[5.006032,49.204749],[5.006654,49.205066],[5.007072,49.205671],[5.007147,49.205968],[5.008167,49.206694],[5.008564,49.207069],[5.008698,49.20755],[5.008593,49.208155],[5.008843,49.209173],[5.009658,49.209575],[5.010302,49.210047],[5.01248,49.210552],[5.013311,49.21091],[5.013864,49.210903],[5.014411,49.210945],[5.014899,49.211353],[5.0169,49.212559],[5.017383,49.212747],[5.017566,49.21326],[5.018236,49.213582],[5.018649,49.213974],[5.018467,49.214569],[5.018134,49.215202],[5.018274,49.215479],[5.019872,49.216166],[5.020527,49.217241],[5.021471,49.21792],[5.02234,49.218382],[5.023842,49.219103],[5.024389,49.219257],[5.025076,49.219826],[5.023724,49.221115],[5.023059,49.221657],[5.022662,49.222466],[5.021857,49.223265],[5.021857,49.223265],[5.018649,49.222782],[5.011321,49.2229],[5.010195,49.224331],[5.009358,49.224884],[5.008703,49.224907],[5.00733,49.224831],[5.005892,49.224927],[5.003768,49.224436],[5.002577,49.224598],[5.00173,49.224983],[5.000474,49.225262],[5.000088,49.225488],[4.999485,49.225532],[4.998988,49.225653],[4.997953,49.225735],[4.997524,49.225643],[4.997245,49.225719],[4.996634,49.226105],[4.995861,49.226105],[4.99526,49.227715],[4.99276,49.227205],[4.992524,49.228164],[4.992321,49.228376],[4.991387,49.228683],[4.990802,49.229607],[4.990565,49.230158],[4.98999,49.23009],[4.989585,49.231253],[4.990567,49.231547],[4.9929,49.232681],[4.988083,49.232711],[4.982471,49.233685],[4.983834,49.234637],[4.983716,49.235703],[4.984328,49.236467],[4.984467,49.237063],[4.984681,49.237554],[4.984832,49.237627],[4.984896,49.238499],[4.985486,49.239658],[4.982225,49.242496],[4.978985,49.244648],[4.977917,49.245601],[4.977171,49.246399],[4.976678,49.24655],[4.976002,49.247646],[4.975916,49.248108],[4.976045,49.248493],[4.976195,49.248765],[4.975197,49.248717],[4.974454,49.248938],[4.973754,49.249047],[4.973039,49.248798],[4.972777,49.249225],[4.972235,49.249517],[4.971711,49.24953],[4.971217,49.249801],[4.971164,49.249984],[4.970809,49.25037],[4.969736,49.252553],[4.969511,49.252742],[4.96728,49.256356],[4.966475,49.256176],[4.961689,49.255469],[4.96089,49.255401],[4.954469,49.255894],[4.954061,49.25698],[4.952109,49.260647],[4.951411,49.261427],[4.950983,49.262681],[4.949555,49.265186],[4.948777,49.265654],[4.948128,49.266248],[4.947034,49.267204],[4.946401,49.267543],[4.943665,49.269527],[4.943408,49.271488],[4.944073,49.272014],[4.944267,49.272385],[4.94492,49.27316],[4.945296,49.274042],[4.945575,49.274458],[4.946197,49.274951],[4.947044,49.276204],[4.947796,49.27697],[4.948096,49.277621],[4.946959,49.278722],[4.946251,49.279284],[4.942571,49.278664],[4.939352,49.278431],[4.936552,49.278614],[4.934331,49.278683],[4.929835,49.280907],[4.925759,49.282513],[4.92563,49.282896],[4.925973,49.284842],[4.927905,49.288773],[4.932507,49.29661],[4.932357,49.296739],[4.932303,49.296951],[4.932045,49.29719],[4.930061,49.297765],[4.926585,49.298625],[4.924943,49.298699],[4.923238,49.298683],[4.922497,49.298823],[4.916462,49.301516],[4.911393,49.303566],[4.910899,49.303664],[4.908947,49.303701],[4.90752,49.303815],[4.906554,49.304138],[4.904193,49.305328],[4.904108,49.306083],[4.903883,49.306887],[4.903534,49.307203],[4.902362,49.307493],[4.901995,49.307693],[4.902016,49.30798],[4.901855,49.309113],[4.900568,49.310389],[4.900192,49.310916],[4.900085,49.312393],[4.900245,49.313548],[4.89927,49.31698],[4.89855,49.318828],[4.897579,49.319759],[4.896823,49.320437],[4.896737,49.320786],[4.896979,49.321217],[4.897813,49.322226],[4.898089,49.322731],[4.895654,49.322765],[4.89427,49.322891],[4.891995,49.32266],[4.890858,49.322431],[4.888498,49.321695],[4.888154,49.321247],[4.886663,49.320695],[4.884785,49.320164],[4.883176,49.320031],[4.882028,49.322822],[4.883895,49.323345],[4.884147,49.323664],[4.884324,49.324332],[4.885172,49.324921],[4.884684,49.325476],[4.884367,49.325962],[4.884045,49.327061],[4.884528,49.327438],[4.884721,49.327769],[4.884721,49.328268],[4.884592,49.328806],[4.884624,49.329399],[4.884759,49.329937],[4.884657,49.330469],[4.884163,49.331578],[4.884217,49.332094],[4.884576,49.332825],[4.884925,49.333248],[4.884963,49.333663],[4.885183,49.334176],[4.881663,49.335637],[4.87308,49.337212],[4.873274,49.339928],[4.872989,49.340149],[4.871999,49.340463],[4.87131,49.340832],[4.870945,49.341419],[4.870988,49.343231],[4.870623,49.345486],[4.870119,49.347583],[4.870301,49.347822],[4.870548,49.347949],[4.870108,49.348798],[4.869969,49.349313],[4.869894,49.34994],[4.869218,49.350472],[4.868934,49.350935],[4.868692,49.351524],[4.868478,49.352428],[4.868076,49.352792],[4.866794,49.353875],[4.866616,49.354438],[4.866342,49.354862],[4.865355,49.355721],[4.865377,49.356216],[4.865111,49.356488],[4.864545,49.35697],[4.864186,49.357403],[4.864057,49.357899],[4.864132,49.358929],[4.864046,49.359312],[4.863842,49.359622],[4.863832,49.360778],[4.86395,49.361324],[4.863971,49.361923],[4.863896,49.362611],[4.864111,49.363532],[4.864433,49.363971],[4.866547,49.365824],[4.867018,49.370405],[4.86734,49.373878],[4.869186,49.376748],[4.874164,49.380241],[4.875108,49.380226],[4.876138,49.380396],[4.877308,49.380812],[4.877962,49.381248],[4.878477,49.381374],[4.877801,49.382707],[4.876749,49.383687],[4.875698,49.385118],[4.87513,49.386004],[4.874475,49.386546],[4.873714,49.386871],[4.872464,49.387139],[4.8723,49.387357],[4.870935,49.387742],[4.870216,49.388224],[4.87013,49.388916],[4.870559,49.389908],[4.870699,49.390606],[4.870302,49.391052],[4.870302,49.391997],[4.870076,49.392647],[4.869808,49.393911],[4.868617,49.395332],[4.867705,49.396076],[4.866707,49.396744],[4.8663,49.397129],[4.865533,49.39759],[4.864894,49.398135],[4.866353,49.398707],[4.867126,49.399212],[4.868081,49.400112],[4.868671,49.400549],[4.869326,49.401967],[4.869808,49.402545],[4.871643,49.403572],[4.873037,49.403538],[4.874464,49.40379],[4.875537,49.403713],[4.876127,49.403847],[4.875119,49.40453],[4.875023,49.405128],[4.876101,49.40565],[4.876857,49.406116],[4.877854,49.406667],[4.878509,49.406417],[4.87941,49.40696],[4.881148,49.408726],[4.88176,49.410255],[4.882275,49.410954],[4.883702,49.413555],[4.883691,49.4142],[4.883584,49.41486],[4.883831,49.415909],[4.883712,49.416633],[4.883809,49.416905],[4.884131,49.417191],[4.887296,49.418713],[4.890718,49.421185],[4.895272,49.423435],[4.896533,49.423975],[4.897821,49.424388],[4.899328,49.424677],[4.902209,49.42498],[4.908217,49.425475],[4.914268,49.425861],[4.915352,49.425594],[4.922196,49.426208],[4.922679,49.426428],[4.924579,49.428539],[4.924633,49.429508],[4.925003,49.430147],[4.925512,49.430618],[4.927958,49.431801],[4.928849,49.432663],[4.929375,49.433552],[4.92997,49.434158],[4.930351,49.434338],[4.931724,49.434338],[4.93314,49.43549],[4.934085,49.43768],[4.933768,49.437984],[4.932775,49.438433],[4.93269,49.438621],[4.933226,49.439528],[4.933419,49.440315],[4.933441,49.44102],[4.933612,49.44152],[4.933462,49.442417],[4.933516,49.443157],[4.933226,49.444919],[4.933403,49.448122],[4.933602,49.450292],[4.933248,49.451534],[4.933409,49.451938],[4.934685,49.454447],[4.936563,49.455873],[4.93667,49.456104],[4.936466,49.458905],[4.935989,49.459652],[4.935017,49.461989],[4.934878,49.464074],[4.934219,49.465067],[4.933806,49.46585],[4.933719,49.466305],[4.933859,49.467218],[4.934181,49.467706],[4.934438,49.469491],[4.934782,49.469791],[4.935109,49.469888],[4.935286,49.470069],[4.935233,49.470655],[4.934996,49.471728],[4.933837,49.473787],[4.935608,49.474293],[4.936777,49.47768],[4.935404,49.477842],[4.934449,49.478128],[4.937571,49.479878],[4.937561,49.480549],[4.937089,49.480902],[4.936605,49.482185],[4.936723,49.484138],[4.936273,49.485571],[4.936809,49.48583],[4.937818,49.485913],[4.938231,49.486084],[4.939502,49.486484],[4.940093,49.486813],[4.940377,49.487241],[4.94064,49.48799],[4.940983,49.489872],[4.940296,49.49057],[4.939545,49.490925],[4.938708,49.491177],[4.937711,49.491455],[4.937046,49.492165],[4.936219,49.492708],[4.934492,49.494492],[4.933795,49.495121],[4.932496,49.496808],[4.931842,49.497917],[4.931338,49.498333],[4.930877,49.498979],[4.929385,49.499554],[4.928956,49.500026],[4.928581,49.501183],[4.928291,49.501574],[4.927926,49.501909],[4.927336,49.502605],[4.926939,49.502841],[4.926199,49.503],[4.925019,49.50374],[4.924696,49.503543],[4.924031,49.503551],[4.923516,49.503629],[4.92018,49.505724],[4.918989,49.506643],[4.916553,49.507908],[4.914987,49.508359],[4.914343,49.508442],[4.913281,49.508518],[4.911135,49.508839],[4.908872,49.509445],[4.908367,49.509941],[4.908195,49.510443],[4.90825,49.511634],[4.907928,49.512664],[4.907563,49.513374],[4.907649,49.514065],[4.908496,49.514797],[4.908936,49.515633],[4.908893,49.516418],[4.908464,49.517151],[4.908025,49.517754],[4.907938,49.518298],[4.908045,49.518849],[4.907649,49.51965],[4.907015,49.520849],[4.907198,49.522152],[4.906822,49.522659],[4.905406,49.524052],[4.904387,49.525626],[4.902542,49.52681],[4.901512,49.527748],[4.90104,49.527953],[4.900268,49.527939],[4.899329,49.527841],[4.894935,49.527702],[4.894495,49.527914],[4.894355,49.528223],[4.894377,49.528556],[4.89457,49.529033],[4.894318,49.529721],[4.89412,49.530347],[4.893492,49.531077],[4.892607,49.53178],[4.891995,49.531881],[4.891491,49.531753],[4.890805,49.531673],[4.889571,49.531703],[4.886213,49.532074],[4.885665,49.532173],[4.887049,49.533014],[4.887285,49.533333],[4.887306,49.534242],[4.88751,49.534662],[4.888138,49.535074],[4.888251,49.535416],[4.888176,49.535683],[4.887296,49.535778],[4.886791,49.535925],[4.88647,49.536293],[4.886545,49.536613],[4.887059,49.537018],[4.886899,49.537284],[4.885827,49.537449],[4.885021,49.537727],[4.884775,49.538135],[4.88486,49.538523],[4.885263,49.539027],[4.885408,49.539448],[4.885247,49.539623],[4.884485,49.539718],[4.883466,49.54034],[4.88308,49.541182],[4.882715,49.541293],[4.882328,49.541155],[4.881824,49.54018],[4.880977,49.539719],[4.880194,49.53958],[4.879604,49.539726],[4.879357,49.539928],[4.879303,49.540186],[4.879727,49.540735],[4.880279,49.541257],[4.881009,49.542085],[4.881771,49.544892],[4.881384,49.545233],[4.880939,49.545335],[4.880409,49.545444],[4.880043,49.545734],[4.879699,49.546087],[4.879399,49.546102],[4.878874,49.545978],[4.877479,49.545352],[4.87668,49.54516],[4.875913,49.545106],[4.875494,49.545203],[4.875124,49.545643],[4.874542,49.545974],[4.874582,49.546145],[4.873413,49.54625],[4.872007,49.546125],[4.869819,49.545783],[4.868027,49.545253],[4.86601,49.544962],[4.865259,49.544963],[4.862877,49.54719],[4.862716,49.547583],[4.862952,49.548742],[4.863961,49.550397],[4.864851,49.550872],[4.865259,49.551734],[4.865012,49.552166],[4.860602,49.555988],[4.850925,49.558193],[4.844735,49.559601],[4.844101,49.559649],[4.846666,49.561358],[4.849777,49.563476],[4.850056,49.564033],[4.850582,49.568318],[4.850528,49.568722],[4.850099,49.569824],[4.848157,49.571408],[4.845733,49.572735],[4.847664,49.574422],[4.850957,49.577195],[4.854047,49.5798],[4.854348,49.580265],[4.855045,49.580668],[4.855764,49.581413],[4.857191,49.58103],[4.858435,49.582797],[4.858779,49.58293],[4.860732,49.5848],[4.862261,49.586786],[4.863414,49.588702],[4.863424,49.588974],[4.863338,49.589634],[4.864454,49.592472],[4.865495,49.594402],[4.865828,49.595483],[4.866428,49.595941],[4.866546,49.597054],[4.867405,49.597965],[4.867951,49.598752],[4.868209,49.600845],[4.867437,49.60081],[4.867737,49.601157],[4.867941,49.601826],[4.868253,49.602047],[4.86896,49.602158],[4.870323,49.602901],[4.87131,49.603319],[4.871171,49.603798],[4.870538,49.604454],[4.870248,49.60519],[4.870135,49.606372],[4.870227,49.607109],[4.870666,49.608025],[4.871605,49.609006],[4.872308,49.609974],[4.874239,49.612713],[4.874647,49.614159],[4.874314,49.614624],[4.873703,49.614895],[4.871095,49.615868],[4.86954,49.616646],[4.868445,49.617439],[4.868091,49.617602],[4.867346,49.61842],[4.866876,49.619128],[4.866418,49.619648],[4.865645,49.62063],[4.864894,49.621429],[4.864337,49.62175],[4.863468,49.62257],[4.863135,49.622765],[4.861482,49.625572],[4.860839,49.626156],[4.858618,49.627518],[4.857405,49.627296],[4.856815,49.628101],[4.856837,49.628304],[4.856515,49.62901],[4.856547,49.630165],[4.857749,49.632172],[4.859412,49.63426],[4.859787,49.63548],[4.860474,49.636383],[4.862191,49.637449],[4.862604,49.638049],[4.863897,49.638289],[4.864776,49.638592],[4.867512,49.639734],[4.867737,49.637073],[4.868531,49.635326],[4.869626,49.635139],[4.87132,49.635154],[4.872061,49.633736],[4.872823,49.633125],[4.875998,49.632693],[4.877908,49.632478],[4.879485,49.632478],[4.881105,49.632638],[4.882994,49.633117],[4.88632,49.63414],[4.89001,49.634487],[4.891309,49.634765],[4.892092,49.635181],[4.892478,49.63519],[4.894398,49.634731],[4.89604,49.634556],[4.896738,49.63439],[4.899591,49.632987],[4.899726,49.632727],[4.899613,49.632315],[4.899183,49.631362],[4.899269,49.630852],[4.899441,49.630339],[4.901507,49.630204],[4.903615,49.630138],[4.906201,49.629518],[4.907713,49.629631],[4.910696,49.629387],[4.911822,49.629597],[4.913517,49.628822],[4.915148,49.627502],[4.915792,49.626823],[4.916629,49.62721],[4.916951,49.627221],[4.917573,49.626732],[4.91812,49.626691],[4.918978,49.627003],[4.920824,49.627892],[4.9218,49.628768],[4.921907,49.629189],[4.922036,49.63068],[4.921736,49.63134],[4.920866,49.631978],[4.919568,49.632549],[4.919171,49.632942],[4.91797,49.635356],[4.917932,49.636158],[4.918238,49.636987],[4.920158,49.639617],[4.922014,49.64242],[4.922851,49.643006],[4.920458,49.64447],[4.920952,49.644943],[4.919766,49.645965],[4.918731,49.646591],[4.918109,49.647416],[4.918077,49.648057],[4.918688,49.648449],[4.918324,49.648682],[4.918056,49.649181],[4.917669,49.649578],[4.918077,49.649933],[4.917969,49.650223],[4.918925,49.650488],[4.919349,49.650852],[4.919654,49.651529],[4.920545,49.652362],[4.920802,49.653057],[4.921392,49.655975],[4.921639,49.658161],[4.922068,49.65883],[4.922594,49.659191],[4.924386,49.659988],[4.924997,49.660183],[4.924664,49.660591],[4.924063,49.660641],[4.926488,49.661704],[4.925523,49.662899],[4.926209,49.663724],[4.926596,49.6646],[4.92695,49.66494],[4.927358,49.665794],[4.927304,49.666518],[4.926789,49.668098],[4.926349,49.668407],[4.926322,49.668798],[4.926553,49.669689],[4.927068,49.670182],[4.928226,49.671157],[4.929954,49.672203],[4.931547,49.673755],[4.933087,49.675112],[4.932465,49.675517],[4.9327,49.677128],[4.933569,49.679474],[4.934053,49.680106],[4.935243,49.680584],[4.93681,49.681625],[4.93799,49.682632],[4.93873,49.68343],[4.939138,49.68364],[4.939782,49.684318],[4.940576,49.684888],[4.94086,49.684878],[4.940927,49.685005],[4.942389,49.685284],[4.943612,49.685582],[4.943718,49.685907],[4.943434,49.687286],[4.943172,49.688248],[4.942582,49.689255],[4.941573,49.690058],[4.940146,49.69072],[4.938719,49.691696],[4.938397,49.692101],[4.937679,49.692627],[4.937099,49.693104],[4.934825,49.694042],[4.934246,49.694459],[4.933333,49.696365],[4.933312,49.697021],[4.935586,49.699574],[4.935866,49.701282],[4.935645,49.701669],[4.935364,49.702994],[4.93517,49.703281],[4.935234,49.703622],[4.935039,49.704472],[4.934471,49.705029],[4.935383,49.705477],[4.934406,49.707075],[4.935704,49.708057],[4.935275,49.708332],[4.93535,49.708545],[4.934213,49.709087],[4.932979,49.709869],[4.933012,49.710052],[4.93255,49.710245],[4.932196,49.710723],[4.931842,49.711391],[4.931123,49.712124],[4.930614,49.712995],[4.930434,49.713083],[4.930233,49.713394],[4.930233,49.713531],[4.92945,49.714012],[4.929063,49.714664],[4.928881,49.715405],[4.929085,49.715405],[4.929213,49.7156],[4.929095,49.716329],[4.929632,49.717087],[4.930254,49.717488],[4.930684,49.718168],[4.930512,49.718715],[4.930544,49.719013],[4.9307,49.718713],[4.93096,49.718283],[4.931198,49.717743],[4.931564,49.717325],[4.932497,49.716869],[4.932993,49.716758],[4.933457,49.716835],[4.933881,49.717182],[4.934288,49.717629],[4.934567,49.718089],[4.934497,49.719138],[4.934599,49.719631],[4.936177,49.719498],[4.940801,49.720024],[4.9427,49.720226],[4.943719,49.72047],[4.946229,49.720676],[4.949201,49.721207],[4.95212,49.72131],[4.953911,49.721519],[4.955542,49.721905],[4.956926,49.72213],[4.959801,49.722225],[4.960778,49.722072],[4.960917,49.722625],[4.961282,49.723056],[4.962076,49.723626],[4.962645,49.723689],[4.963042,49.723835],[4.963675,49.724667],[4.963836,49.725466],[4.963717,49.726269],[4.964222,49.726866],[4.964308,49.727773],[4.964672,49.728613],[4.964576,49.729424],[4.964833,49.729786],[4.964705,49.731846],[4.964973,49.732662],[4.965026,49.733002],[4.96626,49.732189],[4.967934,49.731449],[4.969114,49.730644],[4.971088,49.729714],[4.971861,49.730263],[4.972912,49.731201],[4.973051,49.731773],[4.971646,49.733974],[4.970337,49.737309],[4.968749,49.739197],[4.969811,49.740166],[4.971443,49.741225],[4.972532,49.741399],[4.975284,49.741482],[4.975476,49.741718],[4.975401,49.742988],[4.975852,49.744217],[4.976271,49.745058],[4.976088,49.745402],[4.971989,49.747288],[4.971528,49.747784],[4.971775,49.747967],[4.972504,49.748036],[4.973341,49.748324],[4.973867,49.748396],[4.97464,49.748242],[4.975551,49.748213],[4.976174,49.748386],[4.976603,49.748886],[4.977858,49.751686],[4.978534,49.752096],[4.979424,49.752117],[4.980133,49.751854],[4.980653,49.751542],[4.981345,49.751347],[4.982096,49.751405],[4.983158,49.751896],[4.983555,49.752293],[4.983759,49.752922],[4.98274,49.755987],[4.982606,49.756596],[4.982729,49.757317],[4.983491,49.759521],[4.9845,49.760818],[4.984939,49.761122],[4.986194,49.761877],[4.98687,49.762791],[4.986956,49.763348],[4.986902,49.764543],[4.987085,49.76499],[4.98804,49.766186],[4.988587,49.766998],[4.988673,49.767392],[4.988426,49.76777],[4.988018,49.767996],[4.986827,49.76841],[4.986355,49.768799],[4.986291,49.769342],[4.987182,49.770385],[4.987664,49.770664],[4.988115,49.770765],[4.988984,49.770692],[4.990593,49.770447],[4.991366,49.770616],[4.991827,49.770977],[4.992567,49.772778],[4.992642,49.774448],[4.992428,49.774979],[4.992058,49.775482],[4.991924,49.776116],[4.992063,49.777095],[4.991983,49.777507],[4.991473,49.778383],[4.991473,49.778943],[4.991816,49.779517],[4.992513,49.779914],[4.993672,49.780308],[4.995228,49.782787],[4.995099,49.78306],[4.994005,49.783264],[4.989928,49.78355],[4.991463,49.784902],[4.992353,49.786481],[4.992772,49.787662],[4.993436,49.788317],[4.994027,49.788749],[4.995202,49.789457],[4.996055,49.789763],[4.998114,49.790005],[4.999058,49.790429],[4.999841,49.79071],[5.001054,49.791462],[5.001612,49.791628],[5.002298,49.791557],[5.00262,49.791607],[5.002813,49.792568],[5.003082,49.79295],[5.004433,49.793739],[5.004938,49.793941],[5.005335,49.794479],[5.005163,49.794903],[5.00482,49.795666],[5.005066,49.7962],[5.005817,49.79747],[5.006504,49.797825]]],"type":"MultiLineString"},"properties":{"geo_point":{"lon":4.086470449096232,"lat":49.013271288805015},"name":"GR14 Sentier des Ardennes (2020)","code_gr":"GR14"}},{"type":"Feature","geometry":{"coordinates":[[[2.403935,48.836523],[2.406494,48.835583],[2.406537,48.835381],[2.407947,48.834843],[2.407843,48.834621],[2.40797,48.833858],[2.408223,48.833451],[2.408486,48.833183],[2.40849,48.832981],[2.408767,48.832795],[2.409033,48.83232],[2.409081,48.831792],[2.409557,48.831348],[2.410883,48.830888],[2.412088,48.830051],[2.413319,48.829651],[2.413928,48.82952],[2.415064,48.82951],[2.415144,48.829631],[2.415438,48.829617],[2.416358,48.828849],[2.417015,48.828387],[2.417684,48.828194],[2.41812,48.828273],[2.41848,48.828554],[2.41839,48.829128],[2.41922,48.828701],[2.419661,48.828772],[2.419803,48.828636],[2.420511,48.828664],[2.421144,48.828946],[2.423151,48.828975],[2.424181,48.82882],[2.42481,48.82777],[2.42544,48.827278],[2.42587,48.826957],[2.427189,48.826507],[2.42815,48.82645],[2.42874,48.82621],[2.429971,48.824706],[2.43062,48.824322],[2.43122,48.824219],[2.43165,48.824291],[2.43172,48.824131],[2.432469,48.824056],[2.432921,48.824093],[2.433759,48.823264],[2.43436,48.822929],[2.43492,48.82275],[2.43632,48.822472],[2.43912,48.822311],[2.44133,48.822102],[2.44196,48.822182],[2.442265,48.82196],[2.442185,48.82167],[2.443195,48.82127],[2.443964,48.821022],[2.444072,48.820584],[2.444553,48.820241],[2.445094,48.820272],[2.444819,48.819936],[2.444894,48.819639],[2.445062,48.819434],[2.445793,48.819328],[2.44714,48.819581],[2.448771,48.819637],[2.45142,48.818508],[2.45176,48.819141],[2.45249,48.819649],[2.454063,48.819837],[2.454423,48.819714],[2.458674,48.819995],[2.459172,48.820106],[2.460336,48.820803],[2.461704,48.819867],[2.46258,48.818791],[2.461675,48.818385],[2.461584,48.818133],[2.463715,48.816799],[2.4641,48.816818],[2.46579,48.816231],[2.466047,48.816318],[2.466458,48.815998],[2.468065,48.815243],[2.469002,48.815168],[2.47,48.81522],[2.471686,48.813639],[2.473093,48.812474],[2.4712,48.811909],[2.47005,48.812382],[2.46865,48.812771],[2.468946,48.811923],[2.466651,48.810855],[2.466742,48.809909],[2.466532,48.809824],[2.467188,48.808983],[2.467401,48.808298],[2.467295,48.808034],[2.466566,48.807466],[2.468432,48.805885],[2.468956,48.804928],[2.467643,48.804397],[2.467956,48.803735],[2.468112,48.802887],[2.467285,48.801069],[2.466044,48.799599],[2.466624,48.79926],[2.467098,48.799311],[2.467174,48.798759],[2.46752,48.797958],[2.46823,48.79718],[2.468265,48.79651],[2.468129,48.796101],[2.468129,48.796101],[2.468485,48.795702],[2.469,48.795801],[2.469215,48.795702],[2.470094,48.795787],[2.47033,48.795179],[2.470631,48.794981],[2.470738,48.794387],[2.470352,48.794062],[2.470159,48.793525],[2.470245,48.791885],[2.468957,48.791885],[2.469429,48.79173],[2.469408,48.791433],[2.469665,48.790726],[2.470094,48.78992],[2.470652,48.78821],[2.471747,48.788521],[2.47396,48.78949],[2.474773,48.788338],[2.47565,48.787625],[2.476842,48.787116],[2.478894,48.786339],[2.47993,48.786091],[2.481578,48.785646],[2.48329,48.785321],[2.485463,48.784741],[2.48714,48.784503],[2.490847,48.784383],[2.493023,48.784545],[2.493618,48.784506],[2.494495,48.784663],[2.496219,48.784813],[2.49677,48.784811],[2.498788,48.784995],[2.500848,48.784959],[2.50545,48.784516],[2.507156,48.784534],[2.508758,48.784523],[2.509759,48.784378],[2.511014,48.784708],[2.513703,48.786136],[2.515734,48.786487],[2.5172,48.786955],[2.518149,48.787509],[2.51926,48.788473],[2.519803,48.7889],[2.520722,48.790013],[2.520834,48.790487],[2.52107,48.790795],[2.522967,48.789982],[2.523583,48.789988],[2.5242,48.790272],[2.52524,48.79105],[2.52586,48.791199],[2.52639,48.790798],[2.525907,48.790826],[2.52473,48.789871],[2.5244,48.789268],[2.52337,48.78796],[2.52286,48.787708],[2.522523,48.787616],[2.52143,48.786784],[2.520998,48.786608],[2.519882,48.785887],[2.518058,48.784502],[2.518753,48.784041],[2.51898,48.78418],[2.52082,48.783352],[2.521883,48.782725],[2.519722,48.780882],[2.519891,48.78074],[2.52257,48.779579],[2.52214,48.77924],[2.521154,48.778873],[2.520047,48.778754],[2.518962,48.778888],[2.51976,48.778419],[2.51846,48.777119],[2.51791,48.777481],[2.51742,48.777481],[2.517821,48.776791],[2.51814,48.776749],[2.518471,48.776553],[2.518846,48.776452],[2.519179,48.776301],[2.519868,48.776297],[2.519655,48.776041],[2.52045,48.775721],[2.52031,48.77607],[2.52024,48.776722],[2.5205,48.77702],[2.52093,48.776951],[2.52281,48.77721],[2.52389,48.777081],[2.52492,48.777248],[2.5257,48.777279],[2.526736,48.777707],[2.527096,48.777795],[2.52735,48.778034],[2.527444,48.778662],[2.527791,48.778867],[2.528371,48.778988],[2.529057,48.778931],[2.52981,48.77869],[2.53026,48.778271],[2.530564,48.777684],[2.53033,48.777222],[2.53087,48.776859],[2.53146,48.776901],[2.5322,48.7775],[2.53255,48.777611],[2.53276,48.778061],[2.53371,48.778568],[2.53416,48.77898],[2.53467,48.778809],[2.534777,48.778608],[2.534347,48.778492],[2.534228,48.778274],[2.534516,48.776699],[2.535043,48.776727],[2.535573,48.776509],[2.535959,48.775139],[2.536453,48.773982],[2.536438,48.773462],[2.536882,48.772949],[2.53827,48.772221],[2.539,48.771709],[2.539846,48.770911],[2.540188,48.770326],[2.540291,48.769659],[2.539941,48.76909],[2.53944,48.767941],[2.53925,48.76725],[2.53952,48.766449],[2.53985,48.766109],[2.54064,48.7658],[2.542153,48.765339],[2.543369,48.765202],[2.54969,48.765511],[2.549761,48.763232],[2.54989,48.761478],[2.54902,48.761181],[2.55019,48.757961],[2.543189,48.756823],[2.544941,48.755942],[2.54776,48.753399],[2.546014,48.75106],[2.55232,48.749161],[2.5527,48.749119],[2.55882,48.74567],[2.56058,48.745811],[2.56197,48.747139],[2.56207,48.74754],[2.562425,48.747735],[2.568677,48.746194],[2.569455,48.746123],[2.569711,48.748306],[2.574105,48.747785],[2.579985,48.747757],[2.582002,48.748507],[2.587667,48.745988],[2.589362,48.747672],[2.59237,48.747501],[2.59009,48.755001],[2.59932,48.755348],[2.59793,48.755661],[2.59602,48.75631],[2.593957,48.757323],[2.59285,48.75819],[2.591786,48.759635],[2.59119,48.760849],[2.58998,48.762272],[2.58851,48.763309],[2.5873,48.763939],[2.591309,48.764584],[2.59074,48.765621],[2.590462,48.766493],[2.590657,48.767592],[2.594561,48.768572],[2.59408,48.769932],[2.598052,48.771172],[2.60036,48.771778],[2.60027,48.772049],[2.6038,48.77227],[2.604374,48.770649],[2.607522,48.771144],[2.60845,48.768688],[2.61033,48.76886],[2.61038,48.768114],[2.610266,48.767868],[2.610409,48.767637],[2.61097,48.767738],[2.610886,48.767934],[2.61497,48.7686],[2.62321,48.767132],[2.625325,48.766811],[2.625647,48.767179],[2.625647,48.767575],[2.626054,48.767674],[2.626698,48.767391],[2.627878,48.767533],[2.629187,48.766076],[2.629724,48.764082],[2.629681,48.763573],[2.630893,48.759846],[2.632588,48.757273],[2.632824,48.75718],[2.632824,48.757355],[2.640581,48.758248],[2.649357,48.760434],[2.649953,48.760699],[2.651535,48.761868],[2.653145,48.761974],[2.654754,48.76302],[2.654969,48.763889],[2.656578,48.764469],[2.65734,48.764421],[2.660322,48.762667],[2.661223,48.761847],[2.662361,48.760897],[2.661406,48.760078],[2.661502,48.760022],[2.664828,48.762512],[2.6653,48.763346],[2.670321,48.763573],[2.670836,48.764039],[2.670772,48.764308],[2.670944,48.764718],[2.669849,48.764803],[2.671244,48.766415],[2.673175,48.767476],[2.673562,48.767575],[2.673733,48.767844],[2.678797,48.770418],[2.681479,48.770672],[2.683024,48.770913],[2.685664,48.771606],[2.686715,48.771493],[2.687938,48.771578],[2.688453,48.771125],[2.688754,48.771493],[2.68959,48.771323],[2.689419,48.771818],[2.689762,48.772087],[2.690084,48.772044],[2.6912,48.769598],[2.698624,48.768862],[2.700405,48.778323],[2.697079,48.791457],[2.692573,48.796843],[2.696929,48.800744],[2.697401,48.800716],[2.698839,48.799967],[2.699525,48.799995],[2.699912,48.800179],[2.700877,48.800899],[2.701886,48.800899],[2.704182,48.801083],[2.704332,48.800984],[2.706327,48.801338],[2.708967,48.799981],[2.710791,48.799444],[2.711241,48.799161],[2.711649,48.79926],[2.717571,48.797606],[2.72697,48.800829],[2.72702,48.800869],[2.72543,48.80648],[2.725317,48.807174],[2.725253,48.813759],[2.726879,48.813216],[2.728505,48.812917],[2.73041,48.81308],[2.73186,48.813671],[2.73289,48.814259],[2.73347,48.814468],[2.73412,48.815022],[2.735038,48.815356],[2.73555,48.816078],[2.73625,48.816429],[2.74462,48.818329],[2.751144,48.814395],[2.751381,48.814732],[2.753218,48.815934],[2.75513,48.816959],[2.75622,48.817268],[2.75897,48.817282],[2.76019,48.817108],[2.761273,48.815636],[2.76167,48.8148],[2.76186,48.814301],[2.764641,48.81481],[2.765673,48.812267],[2.76952,48.812309],[2.770121,48.809803],[2.775936,48.810693],[2.77802,48.807178],[2.779041,48.805823],[2.779531,48.805742],[2.78045,48.805859],[2.780893,48.805279],[2.781078,48.804706],[2.78226,48.80484],[2.78412,48.80191],[2.78486,48.802292],[2.788,48.800049],[2.793703,48.796574],[2.794969,48.797268],[2.795666,48.797798],[2.797244,48.798771],[2.798896,48.799316],[2.799572,48.799656],[2.799658,48.799492],[2.798445,48.798729],[2.80249,48.793041],[2.806385,48.790977],[2.809109,48.789258],[2.810247,48.788816],[2.811342,48.788262],[2.81176,48.787973],[2.812468,48.78772],[2.814635,48.780544],[2.81206,48.777673],[2.81015,48.776344],[2.812511,48.774765],[2.813358,48.773544],[2.814442,48.77285],[2.814689,48.772885],[2.815472,48.773514],[2.816459,48.77367],[2.816952,48.774364],[2.818669,48.774757],[2.820675,48.774731],[2.820944,48.773994],[2.822918,48.774132],[2.825139,48.774384],[2.82604,48.774364],[2.825943,48.7757],[2.827209,48.776844],[2.829602,48.777481],[2.830685,48.778076],[2.83134,48.77816],[2.831737,48.778049],[2.832338,48.778193],[2.834044,48.779137],[2.836114,48.77961],[2.837541,48.779545],[2.840449,48.779701],[2.841736,48.779808],[2.844772,48.780762],[2.845362,48.780739],[2.845792,48.780479],[2.850148,48.783753],[2.851564,48.782246],[2.852046,48.781887],[2.853141,48.781872],[2.854718,48.78426],[2.85519,48.784071],[2.856274,48.783435],[2.857067,48.783216],[2.857357,48.782827],[2.857604,48.78211],[2.857228,48.781834],[2.857486,48.78152],[2.858924,48.782132],[2.861713,48.782394],[2.864932,48.785095],[2.862314,48.786488],[2.866873,48.790116],[2.866702,48.790554],[2.866605,48.791007],[2.90068,48.799557],[2.90332,48.800865],[2.903641,48.80061],[2.906828,48.799698],[2.907043,48.799374],[2.906828,48.798172],[2.907075,48.797974],[2.907708,48.797699],[2.907525,48.796765],[2.907203,48.795876],[2.907182,48.795486],[2.906667,48.794632],[2.906646,48.794102],[2.907568,48.793125],[2.908019,48.792446],[2.907869,48.791748],[2.907773,48.790911],[2.907944,48.790066],[2.907987,48.789398],[2.908201,48.788658],[2.908523,48.788692],[2.909178,48.788021],[2.910315,48.787295],[2.910637,48.786858],[2.910454,48.785173],[2.908534,48.784332],[2.907386,48.783985],[2.907139,48.783604],[2.908866,48.783031],[2.90936,48.783272],[2.911516,48.781857],[2.913426,48.780842],[2.914907,48.782494],[2.914917,48.7827],[2.915958,48.783497],[2.916495,48.783761],[2.916023,48.784904],[2.916484,48.785718],[2.918394,48.785503],[2.91966,48.785252],[2.920421,48.785202],[2.920851,48.784889],[2.922932,48.785038],[2.923898,48.785385],[2.928425,48.785484],[2.92842,48.78548],[2.92935,48.785702],[2.932,48.786701],[2.93366,48.78788],[2.93548,48.788181],[2.93834,48.788361],[2.93924,48.788651],[2.9405,48.789341],[2.94304,48.789959],[2.94313,48.790459],[2.94605,48.790741],[2.94872,48.790699],[2.948219,48.787684],[2.94742,48.7873],[2.94722,48.785259],[2.947236,48.78285],[2.947373,48.782458],[2.94796,48.78191],[2.9469,48.78064],[2.946289,48.780399],[2.948062,48.780472],[2.948329,48.780326],[2.949381,48.777291],[2.94999,48.776299],[2.95102,48.776371],[2.95166,48.776329],[2.95319,48.776642],[2.95575,48.777309],[2.95892,48.778061],[2.958841,48.778266],[2.959119,48.778495],[2.960092,48.77877],[2.96407,48.779442],[2.965712,48.779895],[2.967235,48.780439],[2.9683,48.778599],[2.97112,48.776699],[2.983145,48.777826],[2.98379,48.777882],[2.98385,48.777721],[2.985769,48.777725],[2.987206,48.777898],[2.988246,48.777909],[2.9895,48.777721],[2.99055,48.77784],[2.991631,48.777627],[2.992167,48.777348],[2.992779,48.776855],[2.993358,48.776758],[2.99373,48.776568],[2.994968,48.776509],[2.996291,48.776611],[2.997729,48.776553],[3.00004,48.77594],[3.00132,48.77589],[3.002,48.775711],[3.002896,48.775176],[3.0034,48.77454],[3.00305,48.774181],[3.00776,48.774158],[3.00779,48.770901],[3.01505,48.770889],[3.01488,48.771111],[3.01774,48.77235],[3.01864,48.7724],[3.01977,48.772579],[3.01986,48.77243],[3.019851,48.772162],[3.02082,48.771969],[3.02235,48.772362],[3.02245,48.77269],[3.022821,48.772725],[3.022828,48.773102],[3.02319,48.773129],[3.02372,48.773281],[3.02585,48.773651],[3.026064,48.773819],[3.027451,48.773937],[3.027951,48.773891],[3.0281,48.774521],[3.028451,48.775148],[3.028595,48.775409],[3.028255,48.776108],[3.028378,48.77639],[3.028263,48.776628],[3.027882,48.776945],[3.02763,48.77705],[3.028344,48.777611],[3.028473,48.778181],[3.025992,48.779668],[3.026818,48.780338],[3.027313,48.780814],[3.025544,48.780553],[3.025147,48.781635],[3.0241,48.781551],[3.023321,48.781318],[3.023081,48.781047],[3.022911,48.780301],[3.023109,48.779238],[3.023831,48.778585],[3.023449,48.778575],[3.021962,48.778753],[3.020745,48.778137],[3.020773,48.777474],[3.020575,48.777185],[3.018593,48.77601],[3.01838,48.775683],[3.017262,48.776084],[3.016667,48.776542],[3.016498,48.776849],[3.016483,48.777521],[3.015804,48.778333],[3.015592,48.779023],[3.015153,48.779517],[3.015096,48.779984],[3.015294,48.780963],[3.01545,48.78143],[3.015308,48.782092],[3.016257,48.782288],[3.016798,48.782876],[3.017936,48.783583],[3.018279,48.784431],[3.018279,48.784883],[3.019631,48.784898],[3.019974,48.785095],[3.019245,48.785689],[3.018773,48.78552],[3.017485,48.786439],[3.016326,48.786523],[3.013473,48.789125],[3.012314,48.790552],[3.012764,48.791174],[3.01285,48.791698],[3.013279,48.792503],[3.013988,48.793012],[3.015168,48.794228],[3.015296,48.794779],[3.015232,48.795641],[3.014932,48.795938],[3.015361,48.79632],[3.016026,48.79632],[3.016691,48.796419],[3.01654,48.796661],[3.016932,48.798271],[3.016711,48.799362],[3.01733,48.799889],[3.017795,48.801529],[3.01698,48.803349],[3.01731,48.804929],[3.018461,48.805038],[3.02092,48.805359],[3.021966,48.805531],[3.02274,48.805809],[3.02347,48.806221],[3.02407,48.806358],[3.02405,48.807281],[3.02359,48.80862],[3.02359,48.80909],[3.02348,48.809509],[3.0235,48.80978],[3.022551,48.810202],[3.02002,48.811642],[3.019569,48.8123],[3.01796,48.8144],[3.02002,48.81498],[3.02351,48.815701],[3.02465,48.81572],[3.027265,48.816264],[3.029185,48.816528],[3.03089,48.816551],[3.03273,48.81646],[3.03604,48.815899],[3.0374,48.815498],[3.03761,48.81678],[3.037814,48.817193],[3.037831,48.817977],[3.037165,48.818737],[3.037049,48.819205],[3.037416,48.820508],[3.037879,48.82113],[3.03799,48.82151],[3.03865,48.821388],[3.03885,48.821866],[3.03958,48.822369],[3.04014,48.823212],[3.04056,48.824032],[3.04103,48.824581],[3.04137,48.82547],[3.041802,48.827728],[3.04253,48.828091],[3.04278,48.82859],[3.04378,48.829319],[3.0448,48.83057],[3.04532,48.832008],[3.04589,48.833012],[3.04624,48.833118],[3.04742,48.833172],[3.0487,48.83263],[3.04914,48.832211],[3.05002,48.831631],[3.04982,48.83112],[3.04974,48.830669],[3.04944,48.82999],[3.04942,48.829269],[3.04951,48.829071],[3.05088,48.829201],[3.05338,48.829071],[3.05535,48.82885],[3.05878,48.827881],[3.05808,48.826221],[3.05761,48.825809],[3.057549,48.82556],[3.05808,48.824581],[3.05831,48.82349],[3.0587,48.82304],[3.05969,48.82283],[3.06074,48.822689],[3.06237,48.822182],[3.063151,48.822107],[3.063063,48.821934],[3.06319,48.821541],[3.062899,48.821405],[3.06248,48.821339],[3.062342,48.819028],[3.062402,48.817958],[3.06289,48.817001],[3.063457,48.816931],[3.063834,48.817027],[3.064366,48.817343],[3.065113,48.817673],[3.065715,48.818869],[3.066242,48.819458],[3.067109,48.820035],[3.06826,48.821201],[3.06971,48.82196],[3.07045,48.822109],[3.07124,48.822201],[3.07254,48.822609],[3.07331,48.823132],[3.07454,48.82333],[3.07536,48.82304],[3.076419,48.822563],[3.0772,48.822029],[3.077864,48.821211],[3.078018,48.820656],[3.078106,48.819883],[3.07828,48.81921],[3.07537,48.819309],[3.07491,48.81892],[3.07432,48.817921],[3.074067,48.817272],[3.073942,48.81658],[3.0767,48.815731],[3.07664,48.815392],[3.077159,48.814353],[3.078725,48.814706],[3.079605,48.813533],[3.0778,48.813111],[3.0813,48.812111],[3.08137,48.811852],[3.0821,48.811588],[3.0821,48.811588],[3.083038,48.811544]]],"type":"MultiLineString"},"properties":{"geo_point":{"lon":2.7514393298243487,"lat":48.788578943904085},"name":"GR14 De Paris (Ile de France) à Coulommiers (Seine-et-Marne) (2019)","code_gr":"GR14"}}]}