{"type":"FeatureCollection","features":[{"type":"Feature","geometry":{"coordinates":[[[-0.417915,48.55475],[-0.417168,48.554032],[-0.417322,48.55396],[-0.41777,48.554136],[-0.417547,48.553786],[-0.417507,48.553479],[-0.417572,48.553433],[-0.41814,48.553927],[-0.41858,48.554175],[-0.418612,48.554413],[-0.418714,48.554608],[-0.419256,48.554481],[-0.419739,48.554761],[-0.419867,48.554914],[-0.420087,48.554552],[-0.420382,48.554344],[-0.42116,48.5542],[-0.421305,48.554097],[-0.421297,48.553896],[-0.421015,48.553486],[-0.421042,48.553135],[-0.421552,48.553149],[-0.421718,48.55328],[-0.423606,48.553731],[-0.424282,48.553632],[-0.424009,48.554502],[-0.424081,48.554774],[-0.424803,48.555972],[-0.429228,48.556899],[-0.430451,48.557037],[-0.431353,48.557239],[-0.432796,48.557452],[-0.43389,48.55741],[-0.435328,48.55714],[-0.436028,48.557062],[-0.436497,48.557076],[-0.437744,48.557474],[-0.439319,48.557836],[-0.440714,48.558148],[-0.441229,48.558358],[-0.44169,48.558425],[-0.444828,48.55839],[-0.446368,48.558287],[-0.447328,48.558411],[-0.448025,48.558319],[-0.446807,48.560223],[-0.446333,48.560887],[-0.44631,48.561049],[-0.446143,48.561105],[-0.446233,48.561253],[-0.468035,48.566172],[-0.473308,48.567692],[-0.478093,48.569106],[-0.483995,48.569779],[-0.49112,48.570537],[-0.497901,48.571282],[-0.502301,48.571741],[-0.511502,48.572761],[-0.515813,48.573289],[-0.527725,48.574814],[-0.535511,48.575782],[-0.542783,48.576786],[-0.543083,48.577291],[-0.543491,48.577693],[-0.544499,48.577152],[-0.545009,48.577142],[-0.547026,48.577402],[-0.548592,48.577848],[-0.55209,48.578772],[-0.554778,48.579034],[-0.556435,48.579319],[-0.558087,48.579414],[-0.558264,48.579526],[-0.560861,48.579946],[-0.564407,48.580621],[-0.5677,48.581336],[-0.571579,48.582228],[-0.574079,48.582663],[-0.581326,48.585014],[-0.582871,48.58543],[-0.585022,48.585791],[-0.587628,48.585832],[-0.587676,48.585653],[-0.587889,48.585494],[-0.588112,48.585133],[-0.588606,48.585227],[-0.589019,48.585485],[-0.589234,48.585965],[-0.590011,48.585843],[-0.590568,48.585834],[-0.591079,48.585874],[-0.595729,48.586932],[-0.596394,48.587042],[-0.597354,48.587291],[-0.598787,48.587553],[-0.600334,48.587916],[-0.602215,48.588291],[-0.604366,48.58858],[-0.607721,48.588905],[-0.608423,48.588918],[-0.609601,48.589063],[-0.610876,48.589425],[-0.611753,48.589716],[-0.612482,48.590129],[-0.614647,48.590425],[-0.616366,48.59072],[-0.628528,48.591507],[-0.628165,48.592699],[-0.627834,48.593721],[-0.627819,48.594022],[-0.627927,48.595325],[-0.628071,48.595519],[-0.628348,48.595834],[-0.628416,48.596122],[-0.628343,48.596352],[-0.628286,48.596812],[-0.628613,48.59736],[-0.629139,48.597864],[-0.629166,48.598069],[-0.62864,48.599387],[-0.628774,48.599686],[-0.628152,48.600853],[-0.627809,48.601206],[-0.627058,48.602279],[-0.626574,48.602868],[-0.626379,48.603393],[-0.626484,48.603506],[-0.626371,48.603956],[-0.626462,48.604259],[-0.626655,48.604467],[-0.626618,48.604601],[-0.626183,48.60484],[-0.625733,48.604922],[-0.625426,48.605152],[-0.624467,48.605223],[-0.623812,48.605391],[-0.623839,48.605748],[-0.624579,48.605899],[-0.625073,48.605965],[-0.625738,48.606217],[-0.626537,48.606683],[-0.627009,48.607179],[-0.627444,48.607982],[-0.627723,48.608673],[-0.627731,48.608965],[-0.627407,48.609764],[-0.627154,48.610566],[-0.626929,48.611106],[-0.626829,48.61196],[-0.626914,48.612142],[-0.626757,48.612218],[-0.626765,48.612656],[-0.626666,48.613335],[-0.627063,48.615863],[-0.627589,48.61846],[-0.627771,48.618951],[-0.628554,48.620315],[-0.629697,48.622649],[-0.630788,48.624353],[-0.631869,48.62571],[-0.63236,48.626515],[-0.632905,48.627681],[-0.634348,48.630531],[-0.634667,48.631457],[-0.634793,48.632368],[-0.635597,48.632476],[-0.637443,48.632408],[-0.637974,48.632471],[-0.640195,48.633114],[-0.642453,48.633345],[-0.644438,48.633106],[-0.645205,48.633569],[-0.645538,48.634216],[-0.645742,48.634121],[-0.645892,48.633743],[-0.646268,48.633337],[-0.647491,48.633209],[-0.648698,48.633446],[-0.650119,48.633604],[-0.651959,48.63399],[-0.652836,48.634054],[-0.653767,48.634055],[-0.653912,48.634121],[-0.65411,48.634388],[-0.654561,48.634755],[-0.654657,48.635094],[-0.655499,48.635071],[-0.656358,48.635784],[-0.656819,48.635964],[-0.657307,48.636032],[-0.660091,48.635926],[-0.66006,48.637058],[-0.659947,48.637575],[-0.661304,48.637398],[-0.664496,48.637791],[-0.664635,48.637948],[-0.665035,48.63798],[-0.666089,48.63819],[-0.66993,48.636255],[-0.670976,48.635796],[-0.672054,48.6354],[-0.673459,48.635329],[-0.673065,48.634856],[-0.672253,48.634162],[-0.671684,48.633582],[-0.673239,48.633083],[-0.673948,48.632672],[-0.674404,48.632351],[-0.67483,48.632318],[-0.675321,48.632445],[-0.676064,48.633055],[-0.67626,48.633339],[-0.67663,48.633591],[-0.677285,48.633884],[-0.678057,48.634445],[-0.67844,48.634555],[-0.679382,48.634414],[-0.679854,48.634499],[-0.680777,48.635291],[-0.681501,48.635712],[-0.681957,48.635862],[-0.682338,48.63585],[-0.684291,48.635756],[-0.6845,48.635815],[-0.684639,48.635987],[-0.685031,48.636862],[-0.685466,48.637156],[-0.686334,48.637508],[-0.688372,48.639037],[-0.688681,48.639152],[-0.68913,48.639193],[-0.689532,48.63931],[-0.689768,48.639495],[-0.689886,48.639864],[-0.689778,48.640173],[-0.689805,48.640349],[-0.689698,48.640517],[-0.689749,48.640646],[-0.689928,48.640703],[-0.690465,48.640607],[-0.690744,48.64072],[-0.690908,48.640903],[-0.69105,48.641441],[-0.691602,48.642235],[-0.692536,48.642692],[-0.692761,48.643093],[-0.693,48.643229],[-0.694161,48.643626],[-0.694445,48.643807],[-0.694638,48.644276],[-0.6951,48.644653],[-0.695272,48.644981],[-0.695476,48.64572],[-0.695835,48.646302],[-0.695636,48.64735],[-0.696687,48.647326],[-0.697111,48.647453],[-0.697948,48.648424],[-0.69802,48.64871],[-0.698071,48.650956],[-0.699649,48.650498],[-0.700696,48.650317],[-0.70096,48.650334],[-0.703243,48.65017],[-0.70453,48.649797],[-0.706258,48.64978],[-0.706698,48.649967],[-0.706963,48.649959],[-0.707557,48.649647],[-0.708162,48.649455],[-0.708698,48.649583],[-0.708902,48.648818],[-0.70959,48.647643],[-0.709664,48.647244],[-0.709876,48.646769],[-0.71019,48.646573],[-0.71052,48.646225],[-0.710497,48.645825],[-0.710169,48.645562],[-0.713805,48.642895],[-0.71417,48.641921],[-0.714192,48.64148],[-0.714063,48.640656],[-0.71424,48.64035],[-0.714589,48.639952],[-0.715123,48.639646],[-0.716638,48.639279],[-0.716016,48.638781],[-0.715933,48.638508],[-0.716043,48.638101],[-0.716933,48.636941],[-0.716979,48.636464],[-0.71726,48.635962],[-0.717662,48.635652],[-0.717931,48.635293],[-0.718132,48.634779],[-0.718532,48.634179],[-0.719109,48.633706],[-0.719417,48.633317],[-0.719406,48.632577],[-0.719722,48.631915],[-0.719698,48.631664],[-0.718837,48.631413],[-0.71814,48.631339],[-0.717797,48.631378],[-0.715984,48.631243],[-0.713897,48.630895],[-0.713645,48.630763],[-0.713687,48.630571],[-0.714219,48.62962],[-0.71534,48.628214],[-0.715157,48.627488],[-0.714159,48.626843],[-0.714079,48.626627],[-0.714465,48.626356],[-0.71465,48.626128],[-0.714652,48.625808],[-0.714278,48.62563],[-0.714557,48.625297],[-0.714981,48.625188],[-0.714964,48.624331],[-0.715064,48.624169],[-0.715539,48.623926],[-0.715522,48.623714],[-0.715271,48.62349],[-0.715233,48.622682],[-0.715077,48.622519],[-0.715072,48.622267],[-0.71571,48.621597],[-0.714862,48.620937],[-0.714739,48.620706],[-0.714519,48.620595],[-0.713886,48.62048],[-0.714573,48.619203],[-0.715646,48.619865],[-0.716761,48.620417],[-0.717319,48.62061],[-0.718494,48.620522],[-0.719326,48.620702],[-0.720683,48.620867],[-0.725006,48.620817],[-0.7308,48.621222],[-0.736057,48.621532],[-0.737071,48.621471],[-0.738112,48.621657],[-0.738455,48.621648],[-0.738949,48.621785],[-0.74052,48.621914],[-0.741555,48.6218],[-0.743922,48.621872],[-0.745836,48.622058],[-0.74699,48.622096],[-0.74758,48.622234],[-0.747612,48.622422],[-0.747896,48.622467],[-0.748089,48.622635],[-0.748567,48.622342],[-0.749533,48.622349],[-0.749865,48.622492],[-0.750589,48.622429],[-0.750809,48.622234],[-0.751209,48.622265],[-0.75164,48.622507],[-0.752404,48.623083],[-0.752559,48.623285],[-0.752368,48.623454],[-0.752134,48.623734],[-0.754044,48.624243],[-0.754704,48.624302],[-0.755911,48.624339],[-0.756458,48.624422],[-0.756967,48.624553],[-0.757348,48.624577],[-0.758792,48.624515],[-0.759752,48.624683],[-0.760771,48.624638],[-0.763158,48.624616],[-0.763464,48.624654],[-0.764784,48.624581],[-0.765331,48.624953],[-0.765658,48.625073],[-0.768561,48.625456],[-0.772777,48.625656],[-0.774266,48.625591],[-0.775738,48.625654],[-0.778608,48.625515],[-0.779208,48.625362],[-0.780276,48.624977],[-0.781,48.624826],[-0.781824,48.624576],[-0.78232,48.624487],[-0.783001,48.624206],[-0.783581,48.624398],[-0.784718,48.62432],[-0.785844,48.624331],[-0.786757,48.624236],[-0.788141,48.624295],[-0.78932,48.624883],[-0.789862,48.624855],[-0.79065,48.625118],[-0.790962,48.625134],[-0.791418,48.624942],[-0.791932,48.625041],[-0.793687,48.625023],[-0.79492,48.625553],[-0.79523,48.625592],[-0.795738,48.625519],[-0.796043,48.625637],[-0.79625,48.625541],[-0.796876,48.625679],[-0.797226,48.62559],[-0.798408,48.625586],[-0.79976,48.626276],[-0.799936,48.626851],[-0.800564,48.627033],[-0.800892,48.627237],[-0.801329,48.627348],[-0.801612,48.627733],[-0.801916,48.627842],[-0.802501,48.627773],[-0.804019,48.627448],[-0.803595,48.631808],[-0.80345,48.632212],[-0.80315,48.632617],[-0.802169,48.633712],[-0.802774,48.633774],[-0.802925,48.633945],[-0.803235,48.634625],[-0.803536,48.635594],[-0.804115,48.638023],[-0.804799,48.638045],[-0.805193,48.638117],[-0.805419,48.637919],[-0.807442,48.637975],[-0.808204,48.637783],[-0.808429,48.637795],[-0.808804,48.63797],[-0.810086,48.639408],[-0.810563,48.640276],[-0.811229,48.643047],[-0.80992,48.643326],[-0.809497,48.643854],[-0.80977,48.64412],[-0.810145,48.644794],[-0.81081,48.645168],[-0.811068,48.645553],[-0.81323,48.646271],[-0.814876,48.646367],[-0.816051,48.645955],[-0.819554,48.645744],[-0.81986,48.64561],[-0.82166,48.645267],[-0.823106,48.644905],[-0.823744,48.64469],[-0.82427,48.644665],[-0.824554,48.644574],[-0.824881,48.644547],[-0.825944,48.644199],[-0.826565,48.644165],[-0.827676,48.643979],[-0.828073,48.64383],[-0.828647,48.643447],[-0.829414,48.643283],[-0.831048,48.643091],[-0.831677,48.643111],[-0.832091,48.643405],[-0.832161,48.643802],[-0.834484,48.647341],[-0.834569,48.647685],[-0.83446,48.64821],[-0.834377,48.648884],[-0.834537,48.649183],[-0.835454,48.649698],[-0.836044,48.649824],[-0.836205,48.64989],[-0.83689,48.649875],[-0.838362,48.650136],[-0.83922,48.650346],[-0.8404,48.650831],[-0.841146,48.651433],[-0.843807,48.650382],[-0.844649,48.649685],[-0.845078,48.649368],[-0.845851,48.64896],[-0.847519,48.64826],[-0.847777,48.647692],[-0.848082,48.647373],[-0.849262,48.646828],[-0.849638,48.647116],[-0.850545,48.646921],[-0.851719,48.646534],[-0.85283,48.646156],[-0.854069,48.645604],[-0.856081,48.645205],[-0.856284,48.645341],[-0.856773,48.646584],[-0.857277,48.647469],[-0.857218,48.647991],[-0.857234,48.648429],[-0.858693,48.648299],[-0.859487,48.647837],[-0.859862,48.64782],[-0.860254,48.64775],[-0.861107,48.647663],[-0.861354,48.647686],[-0.861423,48.647523],[-0.861456,48.646694],[-0.861124,48.646063],[-0.861933,48.644966],[-0.861761,48.64488],[-0.863602,48.642086],[-0.864568,48.63929],[-0.865388,48.639498],[-0.866976,48.640034],[-0.866536,48.640582],[-0.868268,48.641006],[-0.869406,48.640965],[-0.870914,48.640958],[-0.870961,48.641809],[-0.87108,48.642508],[-0.871386,48.643],[-0.871568,48.643451],[-0.871895,48.643265],[-0.874454,48.642902],[-0.874963,48.642864],[-0.875661,48.642872],[-0.876637,48.643032],[-0.877361,48.643379],[-0.877571,48.643505],[-0.877793,48.643491],[-0.877967,48.643296],[-0.878321,48.641813],[-0.878552,48.641606],[-0.880204,48.640965],[-0.880853,48.640666],[-0.881342,48.640337],[-0.881444,48.64009],[-0.882055,48.637952],[-0.882232,48.637645],[-0.882672,48.63728],[-0.883375,48.636887],[-0.88471,48.636345],[-0.885579,48.636282],[-0.886491,48.635925],[-0.887436,48.635344],[-0.891824,48.633761],[-0.89265,48.633262],[-0.893009,48.63295],[-0.893184,48.63245],[-0.893149,48.632019],[-0.893476,48.63166],[-0.894115,48.631393],[-0.894382,48.63103],[-0.894886,48.630046],[-0.895037,48.629491],[-0.895193,48.629234],[-0.896796,48.627591],[-0.898197,48.626849],[-0.899597,48.626292],[-0.900487,48.62624],[-0.901324,48.62632],[-0.902619,48.626758],[-0.90281,48.626725],[-0.903454,48.627386],[-0.903771,48.628065],[-0.904344,48.628437],[-0.905138,48.629064],[-0.905744,48.629383],[-0.906372,48.629825],[-0.90745,48.630246],[-0.908695,48.630527],[-0.911548,48.630843],[-0.911592,48.63092],[-0.911275,48.631855],[-0.911173,48.635202],[-0.911283,48.636834],[-0.911436,48.63736],[-0.911372,48.638217],[-0.910814,48.639783],[-0.912182,48.640677],[-0.912656,48.640824],[-0.913045,48.6409],[-0.913459,48.641188],[-0.913856,48.641213],[-0.914419,48.641164],[-0.915095,48.63972],[-0.915341,48.639576],[-0.91577,48.639631],[-0.916388,48.639889],[-0.917235,48.640559],[-0.917718,48.640663],[-0.9187,48.640674],[-0.921468,48.641212],[-0.922042,48.641186],[-0.923345,48.640942],[-0.924364,48.640868],[-0.926017,48.641035],[-0.927352,48.641259],[-0.928618,48.641398],[-0.928506,48.642018],[-0.92849,48.644151],[-0.930732,48.644084],[-0.930834,48.643579],[-0.931263,48.643268],[-0.932561,48.642759],[-0.933329,48.642784],[-0.932462,48.643312],[-0.933076,48.64367],[-0.933425,48.646857],[-0.933248,48.647086],[-0.933269,48.647186],[-0.933753,48.646922],[-0.934149,48.646534],[-0.9346,48.646346],[-0.9346,48.646346],[-0.9346,48.646346],[-0.933961,48.647231],[-0.933832,48.647867],[-0.933822,48.648269],[-0.934026,48.64846],[-0.934187,48.648817],[-0.934256,48.649446],[-0.934433,48.649779],[-0.934806,48.650837],[-0.935057,48.65171],[-0.935196,48.651902],[-0.935289,48.652349],[-0.935217,48.653027],[-0.935415,48.653766],[-0.935747,48.65416],[-0.936037,48.654592],[-0.937325,48.654819]]],"type":"MultiLineString"},"properties":{"geo_point":{"lon":-0.6928285464048529,"lat":48.61462601038236},"name":"GR22 De Bagnoles-de-l'Orne (Orne) à Mortain (Manche)","code_gr":"GR22"}},{"type":"Feature","geometry":{"coordinates":[[[1.636715,48.823106],[1.635536,48.822973],[1.632376,48.823246],[1.63147,48.823441],[1.63146,48.823992],[1.63088,48.823849],[1.62889,48.823669],[1.62728,48.82383],[1.6261,48.824131],[1.62512,48.82412],[1.62419,48.824291],[1.62077,48.822262],[1.61925,48.821522],[1.61733,48.821091],[1.61627,48.82093],[1.612997,48.820752],[1.61004,48.820179],[1.60916,48.819981],[1.60833,48.819698],[1.60767,48.819389],[1.60562,48.818161],[1.60499,48.817928],[1.60426,48.817799],[1.60315,48.81776],[1.59938,48.817329],[1.59861,48.817291],[1.59783,48.81731],[1.59588,48.81744],[1.59497,48.81731],[1.59384,48.817039],[1.59341,48.817001],[1.59192,48.817081],[1.59029,48.817429],[1.58652,48.817581],[1.58566,48.81768],[1.58405,48.81802],[1.58242,48.818169],[1.58122,48.81818],[1.58007,48.81831],[1.57903,48.81826],[1.57795,48.818291],[1.57645,48.81823],[1.57553,48.81815],[1.57473,48.818161],[1.573957,48.81819],[1.57316,48.818619],[1.57295,48.817421],[1.57319,48.81694],[1.57378,48.816399],[1.573869,48.816067],[1.57398,48.814999],[1.57408,48.814789],[1.57104,48.81583],[1.56995,48.815819],[1.56857,48.815899],[1.56629,48.816311],[1.565779,48.816451],[1.565476,48.81671],[1.56522,48.817494],[1.56452,48.81714],[1.562298,48.816487],[1.56193,48.816776],[1.56202,48.81741],[1.561991,48.818091],[1.56224,48.819425],[1.56205,48.81995],[1.561522,48.820365],[1.55844,48.821353],[1.557947,48.82142],[1.55739,48.82143],[1.55711,48.821579],[1.55635,48.822441],[1.555048,48.823554],[1.55461,48.824249],[1.55068,48.824245],[1.549444,48.824409],[1.546022,48.823742],[1.54466,48.823344],[1.54492,48.823841],[1.54545,48.825218],[1.545936,48.825726],[1.551103,48.828478],[1.550177,48.828796],[1.542696,48.832294],[1.54248,48.832369],[1.543561,48.83717],[1.544607,48.838127],[1.543761,48.838301],[1.542839,48.838701],[1.542555,48.839213],[1.542136,48.839675],[1.541659,48.840034],[1.541371,48.840497],[1.541379,48.840979],[1.54174,48.84132],[1.54201,48.841919],[1.54263,48.842239],[1.542235,48.842607],[1.541274,48.84288],[1.54141,48.843182],[1.542212,48.843611],[1.54194,48.843788],[1.54096,48.844158],[1.54022,48.843109],[1.539138,48.843215],[1.538228,48.843542],[1.53677,48.843842],[1.5357,48.84444],[1.53457,48.845211],[1.5331,48.84605],[1.53162,48.846458],[1.53039,48.84639],[1.528414,48.846433],[1.526481,48.846561],[1.526297,48.846167],[1.525874,48.846231],[1.52551,48.846699],[1.52476,48.846661],[1.52457,48.84676],[1.52441,48.84803],[1.52418,48.84856],[1.5239,48.8489],[1.52284,48.849331],[1.52243,48.849607],[1.521342,48.849545],[1.520288,48.849275],[1.519347,48.849117],[1.517592,48.848685],[1.516879,48.848508],[1.51532,48.84824],[1.514689,48.847901],[1.512496,48.848428],[1.511784,48.848544],[1.508322,48.84968],[1.507899,48.849777],[1.507479,48.849796],[1.50715,48.848289],[1.50697,48.847851],[1.506067,48.846809],[1.504636,48.845653],[1.5052,48.845718],[1.507129,48.843646],[1.50827,48.84277],[1.50853,48.842468],[1.50878,48.841721],[1.50889,48.840839],[1.509861,48.838985],[1.51004,48.838041],[1.506847,48.837805],[1.498705,48.836985],[1.495989,48.836472],[1.4937,48.837255],[1.489832,48.838862],[1.48968,48.838981],[1.489388,48.839013],[1.488881,48.839425],[1.488406,48.83952],[1.487746,48.83949],[1.48721,48.8396],[1.487407,48.840281],[1.486987,48.840743],[1.486125,48.840901],[1.485454,48.84091],[1.484653,48.840756],[1.483209,48.840255],[1.482913,48.840446],[1.48222,48.84068],[1.480978,48.840757],[1.480079,48.840535],[1.479144,48.840244],[1.478656,48.840276],[1.478009,48.840495],[1.477436,48.840771],[1.476591,48.841405],[1.475813,48.842106],[1.47515,48.843159],[1.474336,48.844048],[1.473447,48.844714],[1.472169,48.84523],[1.471175,48.845536],[1.470325,48.846321],[1.469822,48.846807],[1.468791,48.847601],[1.468561,48.847623],[1.46823,48.847271],[1.467827,48.847184],[1.467281,48.847211],[1.46582,48.84763],[1.464157,48.84797],[1.463072,48.847998],[1.46292,48.84787],[1.46291,48.847328],[1.46279,48.847111],[1.461926,48.846793],[1.461757,48.846996],[1.461338,48.84726],[1.460657,48.847469],[1.459046,48.847776],[1.457679,48.848028],[1.456398,48.848252],[1.455541,48.848554],[1.454298,48.849339],[1.453052,48.850048],[1.45137,48.850653],[1.45206,48.8526],[1.452663,48.853743],[1.450029,48.855091],[1.447069,48.854578],[1.446744,48.854107],[1.445703,48.854107],[1.444956,48.858238],[1.440181,48.857891],[1.44006,48.858181],[1.43998,48.858238],[1.43827,48.858101],[1.437985,48.858023],[1.439279,48.856364],[1.440248,48.855073],[1.439149,48.854749],[1.438254,48.854532],[1.43861,48.853699],[1.43768,48.853489],[1.43755,48.85339],[1.43752,48.853291],[1.43754,48.853039],[1.438229,48.851372],[1.438319,48.850505],[1.438823,48.849168],[1.4387,48.847301],[1.43856,48.846809],[1.43827,48.846142],[1.43919,48.84626],[1.44022,48.846531],[1.44144,48.847012],[1.44207,48.84729],[1.44257,48.847599],[1.44299,48.8479],[1.44338,48.848282],[1.44351,48.84816],[1.44354,48.848019],[1.44659,48.8428],[1.44457,48.835388],[1.44411,48.833542],[1.431795,48.824384],[1.43116,48.823865],[1.42409,48.81871],[1.41393,48.811131],[1.406715,48.805818],[1.401269,48.81271],[1.392805,48.811564],[1.391011,48.808837],[1.383269,48.810365],[1.38433,48.813431],[1.38363,48.813789],[1.3827,48.814159],[1.38201,48.814281],[1.381159,48.814418],[1.379793,48.814895],[1.379744,48.815515],[1.380568,48.816509],[1.3782,48.816702],[1.37753,48.817074],[1.376595,48.81738],[1.37596,48.817799],[1.375882,48.818508],[1.36316,48.819141],[1.36247,48.818539],[1.36194,48.817921],[1.36238,48.814812],[1.362765,48.814341],[1.36255,48.813751],[1.36264,48.812908],[1.3635,48.811489],[1.365047,48.809495],[1.36687,48.808731],[1.366888,48.808615],[1.367777,48.808204],[1.36844,48.807624],[1.368519,48.806269],[1.36784,48.806252],[1.36758,48.806171],[1.367403,48.805865],[1.36792,48.80545],[1.369263,48.804227],[1.370392,48.802991],[1.370559,48.802856],[1.370943,48.803051],[1.371756,48.80316],[1.372127,48.803443],[1.37252,48.803471],[1.372493,48.80315],[1.372746,48.802707],[1.372574,48.801359],[1.37299,48.8009],[1.37325,48.80051],[1.37366,48.800098],[1.37875,48.798809],[1.37823,48.797371],[1.37749,48.795631],[1.37854,48.794151],[1.38,48.793869],[1.383302,48.793926],[1.38399,48.793725],[1.384977,48.792916],[1.38582,48.792452],[1.386254,48.792341],[1.386952,48.791114],[1.38631,48.790649],[1.38644,48.790489],[1.38576,48.790161],[1.385285,48.789807],[1.384424,48.790145],[1.380053,48.790588],[1.380353,48.788683],[1.379961,48.785824],[1.37998,48.783539],[1.38005,48.783031],[1.38,48.782009],[1.38015,48.781422],[1.37983,48.780689],[1.3799,48.77969],[1.38071,48.77911],[1.38065,48.77903],[1.3802,48.778999],[1.37997,48.778782],[1.37984,48.778419],[1.37998,48.777691],[1.38019,48.777168],[1.379887,48.776977],[1.379969,48.776859],[1.3786,48.77623],[1.376041,48.776859],[1.374395,48.777147],[1.372008,48.777413],[1.370094,48.777847],[1.368257,48.778102],[1.367623,48.77834],[1.367093,48.778264],[1.366702,48.777967],[1.366376,48.777868],[1.366547,48.777323],[1.365782,48.777109],[1.36538,48.777271],[1.364142,48.777335],[1.363894,48.77762],[1.36331,48.777641],[1.36269,48.777328],[1.36224,48.776852],[1.36169,48.776749],[1.36044,48.77636],[1.35978,48.775799],[1.35928,48.774921],[1.35911,48.774391],[1.35905,48.773932],[1.359508,48.772751],[1.358716,48.772432],[1.35793,48.771588],[1.357605,48.770821],[1.35923,48.767407],[1.359245,48.766905],[1.358939,48.766249],[1.358979,48.765736],[1.357837,48.766176],[1.35728,48.767096],[1.356937,48.767414],[1.3555,48.768015],[1.351886,48.768352],[1.351771,48.769175],[1.351463,48.769693],[1.350196,48.770639],[1.349662,48.771346],[1.349659,48.772152],[1.34935,48.772411],[1.34882,48.772621],[1.3486,48.772888],[1.348316,48.773422],[1.3479,48.7738],[1.34749,48.77359],[1.34643,48.773201],[1.3455,48.773071],[1.34389,48.77269],[1.34334,48.772518],[1.3423,48.772129],[1.34124,48.771599],[1.34044,48.770981],[1.33933,48.77002],[1.33846,48.769009],[1.336618,48.766336],[1.33577,48.765511],[1.33412,48.763432],[1.33383,48.762951],[1.33307,48.76215],[1.33288,48.761749],[1.33085,48.76062],[1.33026,48.760441],[1.32912,48.76017],[1.328143,48.760052],[1.327775,48.76008],[1.327281,48.760276],[1.326862,48.760347],[1.32588,48.760391],[1.323,48.7603],[1.32104,48.760471],[1.319381,48.760703],[1.31688,48.760632],[1.31536,48.760601],[1.31472,48.76054],[1.31366,48.76033],[1.31283,48.76012],[1.311893,48.759779],[1.311506,48.760473],[1.311455,48.76093],[1.31179,48.762249],[1.31235,48.76334],[1.31285,48.763851],[1.31365,48.764351],[1.313849,48.764737],[1.31333,48.765449],[1.313239,48.765816],[1.312833,48.766092],[1.312469,48.766522],[1.313024,48.767473],[1.3133,48.768311],[1.313007,48.768921],[1.31252,48.769588],[1.30916,48.769027],[1.308839,48.769349],[1.307536,48.769313],[1.30634,48.769161],[1.30566,48.769112],[1.304982,48.769853],[1.304421,48.77042],[1.30427,48.770699],[1.30399,48.770611],[1.3034,48.77055],[1.30286,48.770538],[1.30186,48.770378],[1.30139,48.77005],[1.30117,48.769588],[1.301453,48.768712],[1.30109,48.768512],[1.300528,48.76838],[1.299424,48.768119],[1.297177,48.768429],[1.296582,48.768334],[1.29202,48.766762],[1.29137,48.76709],[1.29032,48.767479],[1.289834,48.767927],[1.289567,48.768456],[1.28924,48.769036],[1.288896,48.769163],[1.288402,48.769121],[1.288579,48.769348],[1.287963,48.769794],[1.28772,48.770409],[1.28743,48.770538],[1.286783,48.770524],[1.284836,48.770215],[1.28321,48.770081],[1.28222,48.769939],[1.28102,48.769711],[1.28049,48.769562],[1.27899,48.769539],[1.27756,48.769388],[1.276879,48.769289],[1.276091,48.769112],[1.27534,48.769084],[1.273609,48.768784],[1.272796,48.768327],[1.271459,48.768132],[1.271327,48.767596],[1.270572,48.767571],[1.270085,48.76764],[1.26911,48.767658],[1.26896,48.767792],[1.269,48.76844],[1.26895,48.769051],[1.268787,48.769133],[1.26765,48.769161],[1.266108,48.769077],[1.266049,48.769548],[1.265834,48.7696],[1.2642,48.769348],[1.2634,48.769119],[1.26349,48.768589],[1.263837,48.76807],[1.263839,48.76764],[1.26384,48.766998],[1.26361,48.766781],[1.26321,48.766579],[1.261968,48.765619],[1.26164,48.765499],[1.261332,48.765331],[1.261353,48.765183],[1.26176,48.765049],[1.26155,48.764809],[1.260768,48.76442],[1.26118,48.764011],[1.26016,48.762939],[1.25845,48.761749],[1.25816,48.761341],[1.25726,48.758781],[1.257383,48.758656],[1.25772,48.75853],[1.25754,48.758228],[1.25681,48.75808],[1.25619,48.757641],[1.25575,48.75771],[1.2552,48.75774],[1.2547,48.757641],[1.254328,48.757346],[1.25372,48.757301],[1.25369,48.757038],[1.25351,48.756721],[1.252577,48.755874],[1.25162,48.755699],[1.25113,48.75536],[1.25074,48.755531],[1.24995,48.754761],[1.24933,48.754471],[1.24653,48.754631],[1.24624,48.754509],[1.24601,48.754211],[1.246147,48.753773],[1.24514,48.754391],[1.24458,48.753551],[1.24426,48.752918],[1.244,48.752701],[1.24372,48.752331],[1.24353,48.751572],[1.2436,48.751049],[1.24352,48.750568],[1.24317,48.74995],[1.24229,48.749222],[1.241866,48.748729],[1.242148,48.748363],[1.242433,48.74818],[1.242519,48.747967],[1.242734,48.747825],[1.242889,48.747269],[1.243023,48.745828],[1.24286,48.74535],[1.24244,48.744801],[1.24177,48.744141],[1.24109,48.74361],[1.2404,48.74332],[1.23993,48.743191],[1.23843,48.742359],[1.23792,48.742329],[1.23731,48.7425],[1.23648,48.742538],[1.235746,48.742878],[1.235246,48.743167],[1.234915,48.742914],[1.23439,48.742279],[1.23335,48.742298],[1.23319,48.74247],[1.23325,48.742859],[1.23321,48.74324],[1.23239,48.743271],[1.232228,48.743564],[1.2323,48.74379],[1.23193,48.744301],[1.23034,48.744629],[1.22952,48.744621],[1.22866,48.744209],[1.2281,48.744099],[1.22758,48.74419],[1.22681,48.744171],[1.2262,48.74403],[1.22554,48.743488],[1.22516,48.742592],[1.22442,48.743019],[1.22405,48.742981],[1.22375,48.743038],[1.22348,48.74324],[1.2233,48.74358],[1.22257,48.74448],[1.22152,48.745121],[1.220557,48.745748],[1.2192,48.746948],[1.218034,48.747824],[1.217361,48.748488],[1.21668,48.748981],[1.21616,48.749519],[1.21578,48.750092],[1.21535,48.751179],[1.215201,48.751918],[1.2156,48.75259],[1.215781,48.753562],[1.216029,48.753983],[1.21594,48.754711],[1.21578,48.754975],[1.2158,48.755299],[1.214603,48.755614],[1.21401,48.755032],[1.21364,48.754841],[1.21309,48.755001],[1.21277,48.754768],[1.21231,48.754662],[1.21127,48.754711],[1.21082,48.754532],[1.210492,48.754814],[1.21048,48.754822],[1.209548,48.755451],[1.208925,48.755589],[1.20856,48.755638],[1.207322,48.756326],[1.206541,48.756611],[1.205642,48.756704],[1.204558,48.756474],[1.20424,48.756939],[1.20325,48.7565],[1.20288,48.75629],[1.201789,48.755829],[1.201715,48.756298],[1.201458,48.757065],[1.201307,48.757071],[1.20099,48.757809],[1.200787,48.758599],[1.200581,48.75959],[1.200588,48.759803],[1.200397,48.760059],[1.20002,48.760368],[1.199505,48.760914],[1.198544,48.76218],[1.198464,48.762661],[1.198166,48.762946],[1.197679,48.763233],[1.197657,48.763363],[1.19812,48.764278],[1.197628,48.764999],[1.197649,48.765228],[1.19671,48.765652],[1.195611,48.766247],[1.195217,48.7668],[1.194234,48.767311],[1.193572,48.767419],[1.192982,48.767073],[1.192194,48.767394],[1.1915,48.76746],[1.19092,48.767559],[1.186309,48.768955],[1.18597,48.769447],[1.185287,48.769642],[1.18605,48.770679],[1.185573,48.770981],[1.184641,48.771198],[1.183776,48.771295],[1.181381,48.771377],[1.179687,48.771198],[1.17877,48.770981],[1.17835,48.770969],[1.17745,48.770823],[1.177477,48.770974],[1.176252,48.77076],[1.174667,48.770604],[1.173563,48.770114],[1.173539,48.770027],[1.173128,48.769799],[1.172694,48.769441],[1.171954,48.769165],[1.170384,48.768335],[1.169282,48.767624],[1.168263,48.767086],[1.166804,48.76659],[1.162963,48.76614],[1.161815,48.766154],[1.160978,48.766289],[1.160109,48.766396],[1.158371,48.766246],[1.157663,48.769012],[1.157681,48.769607],[1.155557,48.769701],[1.153949,48.769608],[1.153404,48.769633],[1.152783,48.769546],[1.151418,48.769555],[1.150754,48.769484],[1.149563,48.769151],[1.14868,48.768749],[1.148802,48.76857],[1.148779,48.767857],[1.148908,48.767223],[1.148179,48.766098],[1.14788,48.76545],[1.148039,48.764923],[1.148657,48.764357],[1.148781,48.764174],[1.149409,48.764278],[1.149024,48.763988],[1.148871,48.763779],[1.148567,48.763521],[1.148173,48.763396],[1.147748,48.763059],[1.14728,48.762589],[1.146998,48.762536],[1.146548,48.762548],[1.144627,48.762074],[1.14404,48.761951],[1.142331,48.761226],[1.141704,48.761141],[1.141196,48.760978],[1.141257,48.761147],[1.14001,48.760921],[1.139284,48.761028],[1.138534,48.761134],[1.137913,48.760971],[1.13678,48.760471],[1.135798,48.760193],[1.134821,48.75988],[1.133834,48.759838],[1.133384,48.760235],[1.13385,48.760761],[1.134231,48.760757],[1.13449,48.761292],[1.134421,48.761753],[1.13446,48.762058],[1.13438,48.762211],[1.133789,48.762732],[1.133757,48.762947],[1.134084,48.763718],[1.134379,48.76415],[1.1344,48.764381],[1.134199,48.764584],[1.13342,48.764641],[1.13274,48.764721],[1.13249,48.76487],[1.13188,48.764938],[1.13098,48.764938],[1.13025,48.764992],[1.12952,48.76511],[1.12797,48.765591],[1.12727,48.7658],[1.12418,48.766811],[1.12167,48.76775],[1.1206,48.768101],[1.1201,48.7682],[1.11886,48.768559],[1.11734,48.768909],[1.11527,48.7691],[1.11292,48.76907],[1.11089,48.768761],[1.10958,48.768711],[1.107894,48.768959],[1.107451,48.768969],[1.10612,48.768761],[1.10373,48.767738],[1.10318,48.767311],[1.10291,48.767159],[1.10157,48.76622],[1.101379,48.765858],[1.10117,48.765759],[1.10036,48.765301],[1.09838,48.764332],[1.09786,48.76424],[1.09643,48.764332],[1.091884,48.764359],[1.09171,48.76437],[1.08977,48.7644],[1.08909,48.764339],[1.08795,48.764141],[1.08318,48.762482],[1.08264,48.762218],[1.0826,48.761829],[1.083048,48.761504],[1.083516,48.760689],[1.08488,48.759369],[1.085147,48.759224],[1.08601,48.758549],[1.085945,48.758212],[1.086012,48.757675],[1.085844,48.757435],[1.084878,48.757088],[1.08401,48.756439],[1.083398,48.755722],[1.082979,48.755489],[1.082733,48.755108],[1.082507,48.754195],[1.08184,48.753349],[1.081529,48.753191],[1.08103,48.753094],[1.08053,48.752869],[1.08006,48.75246],[1.079149,48.751484],[1.078624,48.75116],[1.078184,48.750786],[1.077239,48.74988],[1.07592,48.749348],[1.074783,48.749016],[1.07434,48.748852],[1.073935,48.748684],[1.072966,48.748505],[1.07256,48.748329],[1.0722,48.748199],[1.071575,48.748196],[1.068207,48.748789],[1.06716,48.748871],[1.066725,48.749107],[1.066114,48.749645],[1.065234,48.750841],[1.064742,48.751207],[1.06159,48.752586],[1.06127,48.753724],[1.05933,48.75108],[1.05906,48.750912],[1.05818,48.750599],[1.05778,48.750111],[1.05753,48.749989],[1.057037,48.749836],[1.05676,48.749649],[1.05655,48.749321],[1.05586,48.74884],[1.054637,48.747926],[1.05417,48.747192],[1.053472,48.74655],[1.053098,48.74621],[1.052604,48.746401],[1.05221,48.746078],[1.052145,48.745838],[1.051276,48.746024],[1.050637,48.746123],[1.05024,48.746311],[1.04968,48.746189],[1.04942,48.746208],[1.04891,48.746342],[1.048291,48.745661],[1.047591,48.745081],[1.046692,48.744756],[1.046367,48.744549],[1.045568,48.74463],[1.044409,48.744701],[1.043959,48.744907],[1.043376,48.745037],[1.04283,48.744993],[1.042248,48.744911],[1.04203,48.744831],[1.04156,48.744431],[1.04089,48.743969],[1.040568,48.743931],[1.039968,48.744282],[1.03973,48.744549],[1.039356,48.744169],[1.035747,48.742221],[1.034308,48.741298],[1.033636,48.741393],[1.033284,48.741501],[1.03222,48.741211],[1.03208,48.74093],[1.029744,48.739945],[1.02841,48.739491],[1.02714,48.7388],[1.02569,48.73822],[1.023041,48.737427],[1.02223,48.737141],[1.02134,48.736671],[1.01929,48.735451],[1.017963,48.735306],[1.01715,48.73497],[1.018199,48.734121],[1.01828,48.733238],[1.01852,48.732689],[1.018723,48.732096],[1.019272,48.731548],[1.01955,48.731547],[1.019582,48.731358],[1.0191,48.731201],[1.018609,48.730919],[1.018199,48.730282],[1.01702,48.728329],[1.01613,48.727261],[1.01579,48.727032],[1.01537,48.726849],[1.013274,48.72641],[1.01213,48.726391],[1.01165,48.726292],[1.010849,48.727561],[1.01069,48.72847],[1.01046,48.72908],[1.01016,48.72934],[1.00968,48.729404],[1.00896,48.729431],[1.007609,48.729565],[1.00733,48.729305],[1.006236,48.729027],[1.00447,48.729038],[1.00358,48.729252],[1.00272,48.729519],[1.00226,48.729839],[1.001784,48.729904],[0.99963,48.729939],[0.99758,48.729931],[0.99733,48.730751],[0.997351,48.731826],[0.994437,48.731895],[0.992841,48.7323],[0.992688,48.731758],[0.99255,48.73167],[0.991666,48.731606],[0.990883,48.731426],[0.989928,48.731506],[0.989445,48.731647],[0.988737,48.731895],[0.988287,48.732227],[0.987557,48.732883],[0.986924,48.733559],[0.98612,48.733891],[0.98509,48.734158],[0.984437,48.733942],[0.983159,48.733676],[0.982364,48.7337],[0.979811,48.734334],[0.97951,48.734669],[0.979137,48.735877],[0.979,48.736759],[0.978684,48.737434],[0.977933,48.737244],[0.97757,48.737061],[0.977,48.73661],[0.975986,48.73592],[0.975616,48.735813],[0.97531,48.73608],[0.974286,48.736884],[0.97289,48.736229],[0.971247,48.735583],[0.970591,48.735752],[0.969606,48.735566],[0.968299,48.735491],[0.966893,48.735516],[0.96569,48.735699],[0.962875,48.736288],[0.962222,48.73621],[0.960879,48.735729],[0.959944,48.735491],[0.958219,48.735095],[0.957044,48.734787],[0.95603,48.734451],[0.954472,48.734001],[0.953166,48.734098],[0.952794,48.734162],[0.9523,48.734402],[0.951864,48.73444],[0.95139,48.734382],[0.950392,48.734215],[0.947354,48.733945],[0.946588,48.734043],[0.944128,48.734008],[0.943287,48.733888],[0.941571,48.733578],[0.939601,48.732988],[0.9384,48.732449],[0.937444,48.731866],[0.93709,48.731781],[0.93696,48.732002],[0.937092,48.732951],[0.937271,48.733205],[0.937471,48.73331],[0.937409,48.733707],[0.937164,48.733917],[0.935875,48.734119],[0.935277,48.734323],[0.9347,48.734711],[0.933633,48.735548],[0.932696,48.735357],[0.932291,48.735222],[0.932019,48.73518],[0.931639,48.735286],[0.93118,48.735321],[0.93104,48.735371],[0.93078,48.735298],[0.93068,48.735222],[0.93032,48.73513],[0.929886,48.734892],[0.92949,48.734474]]],"type":"MultiLineString"},"properties":{"geo_point":{"lon":1.3038504166215867,"lat":48.78749123231211},"name":"GR22 De Richebourg (Haute-Marne) à Verneuil-sur-Avre (Eure) (2019)","code_gr":"GR22"}},{"type":"Feature","geometry":{"coordinates":[[[0.931015,48.735359],[0.930776,48.735307],[0.930758,48.735215],[0.930302,48.735089],[0.930076,48.734936],[0.929899,48.734901],[0.929513,48.734561],[0.929489,48.734471],[0.928651,48.734402],[0.928526,48.7347],[0.927786,48.734781],[0.926938,48.734665],[0.926263,48.734452],[0.925464,48.733939],[0.924777,48.733422],[0.924334,48.733208],[0.92402,48.733245],[0.922953,48.734032],[0.921579,48.736207],[0.922138,48.736379],[0.921451,48.737329],[0.921269,48.738012],[0.920726,48.737985],[0.920437,48.738045],[0.919369,48.738038],[0.917905,48.738155],[0.91806,48.737488],[0.917939,48.737388],[0.917572,48.737351],[0.915657,48.736977],[0.915072,48.73691],[0.91305,48.736904],[0.911623,48.737068],[0.910137,48.7369],[0.909316,48.736874],[0.906768,48.736916],[0.905862,48.737007],[0.90532,48.737015],[0.904622,48.736996],[0.904113,48.737128],[0.902895,48.737675],[0.902176,48.737892],[0.901141,48.737911],[0.900604,48.737827],[0.899435,48.737503],[0.898394,48.737324],[0.89738,48.737311],[0.897338,48.737228],[0.897547,48.736954],[0.896919,48.736439],[0.895889,48.736112],[0.894419,48.735275],[0.893727,48.734784],[0.893384,48.734693],[0.89274,48.73435],[0.892397,48.734251],[0.89171,48.733679],[0.891168,48.733079],[0.89251,48.730746],[0.892027,48.730658],[0.890541,48.730245],[0.889007,48.730103],[0.888309,48.72979],[0.886593,48.729305],[0.88456,48.728611],[0.882537,48.728367],[0.881684,48.72826],[0.880199,48.72815],[0.878975,48.72792],[0.877645,48.727726],[0.876331,48.727415],[0.875773,48.727081],[0.875214,48.726677],[0.874866,48.726581],[0.873771,48.725955],[0.872677,48.725266],[0.871213,48.724648],[0.869947,48.724289],[0.869582,48.724098],[0.868992,48.72401],[0.868225,48.723984],[0.867887,48.723927],[0.866589,48.723495],[0.865994,48.723452],[0.86506,48.723637],[0.864743,48.723803],[0.864325,48.723853],[0.863936,48.723819],[0.863365,48.723714],[0.862914,48.723705],[0.862608,48.723807],[0.861573,48.723381],[0.860438,48.723075],[0.860119,48.723017],[0.859706,48.722646],[0.858623,48.722571],[0.857668,48.722391],[0.857238,48.72225],[0.856471,48.721909],[0.85572,48.721676],[0.854991,48.721578],[0.854175,48.721643],[0.853803,48.721614],[0.853441,48.721486],[0.852384,48.721322],[0.850104,48.720741],[0.846939,48.720024],[0.841553,48.718704],[0.832691,48.71659],[0.831273,48.715333],[0.83103,48.715221],[0.83086,48.714963],[0.830271,48.71442],[0.830036,48.71423],[0.830009,48.714036],[0.829698,48.713998],[0.828797,48.71401],[0.828233,48.713884],[0.827155,48.713251],[0.826396,48.712869],[0.825583,48.712551],[0.824805,48.712429],[0.822628,48.712363],[0.821474,48.712436],[0.820599,48.712566],[0.819564,48.712769],[0.81876,48.712848],[0.817976,48.712807],[0.817494,48.712708],[0.816496,48.712429],[0.815734,48.712288],[0.814994,48.7122],[0.81346,48.712112],[0.812,48.711948],[0.810949,48.711723],[0.810139,48.711452],[0.808911,48.710932],[0.807661,48.710583],[0.806287,48.710411],[0.805375,48.710377],[0.802613,48.710308],[0.800751,48.710297],[0.79853,48.710049],[0.797656,48.710007],[0.796819,48.709896],[0.795913,48.709675],[0.794775,48.709217],[0.793864,48.708651],[0.793665,48.708096],[0.793633,48.707745],[0.793853,48.707027],[0.794244,48.706628],[0.79425,48.706291],[0.794003,48.705842],[0.793853,48.705401],[0.793659,48.705322],[0.792984,48.704918],[0.792646,48.704811],[0.791439,48.704494],[0.790119,48.704014],[0.789706,48.703915],[0.788671,48.703727],[0.787933,48.704193],[0.787501,48.704536],[0.786686,48.704972],[0.786063,48.705051],[0.785535,48.705238],[0.784899,48.705368],[0.784267,48.705408],[0.783601,48.70512],[0.782974,48.70472],[0.78273,48.704703],[0.782394,48.704793],[0.781998,48.705012],[0.781595,48.705311],[0.780093,48.706128],[0.779508,48.706394],[0.779079,48.706516],[0.778526,48.706612],[0.777936,48.706664],[0.777513,48.70673],[0.777282,48.70682],[0.777008,48.70709],[0.776922,48.707206],[0.776606,48.707427],[0.775994,48.707233],[0.776123,48.707059],[0.775243,48.70655],[0.776074,48.705107],[0.776177,48.704479],[0.776161,48.703945],[0.775839,48.702801],[0.775941,48.702377],[0.776332,48.70158],[0.772395,48.700282],[0.771359,48.699732],[0.772663,48.69886],[0.772814,48.698693],[0.772861,48.698329],[0.772835,48.697006],[0.773087,48.696669],[0.773489,48.696478],[0.773548,48.696069],[0.773651,48.695779],[0.773881,48.695552],[0.771762,48.695],[0.770206,48.694227],[0.771831,48.692744],[0.773071,48.692215],[0.773462,48.691638],[0.773843,48.691345],[0.774562,48.690359],[0.775083,48.689875],[0.776171,48.689217],[0.777475,48.688267],[0.778328,48.687527],[0.778988,48.686821],[0.779658,48.685875],[0.780039,48.684956],[0.780592,48.683381],[0.780522,48.683232],[0.779819,48.682884],[0.779068,48.682491],[0.778188,48.682133],[0.777395,48.681843],[0.779003,48.679899],[0.779852,48.679197],[0.780093,48.678819],[0.780522,48.67824],[0.780785,48.677958],[0.78152,48.677265],[0.781724,48.676968],[0.778484,48.676121],[0.777995,48.676048],[0.774879,48.675587],[0.774219,48.675571],[0.773033,48.675697],[0.772475,48.675686],[0.771558,48.675526],[0.770818,48.67532],[0.769917,48.674942],[0.768468,48.674549],[0.767717,48.674412],[0.766543,48.674337],[0.766087,48.674194],[0.765174,48.673816],[0.76408,48.673625],[0.762991,48.673256],[0.762267,48.673119],[0.759681,48.672401],[0.759869,48.671632],[0.759547,48.671079],[0.754258,48.667496],[0.753292,48.666946],[0.752289,48.666471],[0.75165,48.666097],[0.750599,48.665322],[0.749644,48.664902],[0.74877,48.664681],[0.747837,48.664551],[0.736486,48.659323],[0.73707,48.658827],[0.73715,48.658649],[0.736965,48.657159],[0.736898,48.655881],[0.736989,48.655608],[0.73832,48.653663],[0.739838,48.650441],[0.741292,48.650842],[0.742276,48.651005],[0.743067,48.651044],[0.748743,48.646584],[0.749676,48.645753],[0.750663,48.64548],[0.751307,48.646068],[0.753565,48.648783],[0.756323,48.648131],[0.755931,48.647787],[0.756816,48.647379],[0.756712,48.647261],[0.756746,48.647011],[0.756242,48.646171],[0.756274,48.645933],[0.758109,48.645217],[0.75878,48.645021],[0.762744,48.643158],[0.764299,48.642584],[0.765528,48.642222],[0.765356,48.642038],[0.764369,48.640205],[0.764037,48.639847],[0.762465,48.640351],[0.762164,48.640266],[0.761328,48.639401],[0.759675,48.638238],[0.759547,48.63777],[0.759182,48.637536],[0.758023,48.636962],[0.757047,48.636554],[0.756274,48.636446],[0.756135,48.636346],[0.755813,48.63626],[0.755802,48.63587],[0.755926,48.635702],[0.756156,48.63559],[0.758023,48.634239],[0.761242,48.632481],[0.764868,48.631006],[0.766402,48.630715],[0.767674,48.630566],[0.769353,48.630183],[0.771751,48.630063],[0.773505,48.630151],[0.774476,48.629955],[0.777263,48.629693],[0.779878,48.629371],[0.780226,48.628687],[0.78032,48.628045],[0.780307,48.627074],[0.780656,48.625546],[0.780505,48.625134],[0.78028,48.624867],[0.77858,48.623833],[0.77822,48.623487],[0.778108,48.622922],[0.77822,48.622471],[0.778783,48.622039],[0.781712,48.621312],[0.782249,48.621039],[0.784094,48.619432],[0.786047,48.614737],[0.786589,48.61396],[0.787586,48.612194],[0.790703,48.608906],[0.789287,48.608339],[0.788085,48.607182],[0.787951,48.606934],[0.787999,48.606551],[0.785049,48.606186],[0.781643,48.605072],[0.7805,48.604565],[0.774159,48.600716],[0.77152,48.599964],[0.770603,48.599765],[0.77064,48.599389],[0.769707,48.599265],[0.769186,48.599052],[0.764541,48.596551],[0.763358,48.596074],[0.762202,48.595834],[0.761671,48.594607],[0.761317,48.594349],[0.760442,48.594099],[0.759536,48.593521],[0.758876,48.592872],[0.758329,48.592676],[0.757299,48.592676],[0.756824,48.592778],[0.755592,48.593312],[0.755271,48.593351],[0.75327,48.593195],[0.752825,48.593226],[0.752675,48.592808],[0.75246,48.592499],[0.753037,48.590525],[0.753635,48.588834],[0.754021,48.588412],[0.754397,48.588145],[0.755684,48.587663],[0.755303,48.586967],[0.75529,48.586517],[0.7554,48.58618],[0.754933,48.586187],[0.754493,48.586921],[0.754032,48.587223],[0.753479,48.587329],[0.751302,48.587393],[0.750019,48.587411],[0.748614,48.587143],[0.747552,48.587024],[0.745519,48.586549],[0.744368,48.586424],[0.742928,48.586428],[0.740138,48.586091],[0.740004,48.586016],[0.738,48.585715],[0.736673,48.585729],[0.735627,48.585715],[0.730973,48.586121],[0.72728,48.586566],[0.725952,48.586632],[0.724485,48.586513],[0.722092,48.585974],[0.719432,48.585363],[0.717763,48.585221],[0.716057,48.585264],[0.713048,48.585161],[0.711626,48.585039],[0.710017,48.584991],[0.707919,48.585264],[0.707292,48.585285],[0.706493,48.585211],[0.705023,48.584765],[0.703735,48.584459],[0.701074,48.583248],[0.699546,48.581815],[0.698974,48.581399],[0.698359,48.580686],[0.697947,48.580498],[0.696705,48.5804],[0.696214,48.580452],[0.696847,48.579763],[0.697282,48.579568],[0.697722,48.579235],[0.697743,48.578887],[0.697504,48.578622],[0.696005,48.577776],[0.695879,48.577524],[0.696316,48.576065],[0.695678,48.573485],[0.696284,48.571831],[0.696354,48.570663],[0.695951,48.569882],[0.694337,48.567759],[0.694884,48.567784],[0.695753,48.567532],[0.695785,48.567298],[0.695002,48.566386],[0.694659,48.565903],[0.694659,48.565159],[0.694916,48.564501],[0.694648,48.56439],[0.694117,48.563945],[0.693709,48.563553],[0.693368,48.563491],[0.692915,48.563613],[0.691483,48.564337],[0.69092,48.564863],[0.689627,48.565115],[0.689064,48.565315],[0.688165,48.566008],[0.687304,48.566513],[0.686687,48.567081],[0.686081,48.56739],[0.68529,48.568079],[0.685158,48.568281],[0.68449,48.568762],[0.683785,48.569229],[0.683165,48.569424],[0.682319,48.569483],[0.681746,48.569595],[0.681143,48.569845],[0.680722,48.56996],[0.680845,48.570205],[0.680953,48.570951],[0.680824,48.571199],[0.681006,48.571373],[0.680918,48.5716],[0.68055,48.572023],[0.680588,48.572269],[0.68095,48.572744],[0.681355,48.573013],[0.679477,48.573549],[0.677825,48.573389],[0.675867,48.572747],[0.675041,48.572534],[0.674255,48.572503],[0.673619,48.572661],[0.672616,48.573109],[0.671997,48.573171],[0.671388,48.573123],[0.67076,48.572986],[0.670299,48.57302],[0.670218,48.572626],[0.67032,48.572395],[0.670621,48.571976],[0.670938,48.571976],[0.671281,48.571854],[0.671748,48.571995],[0.672145,48.572024],[0.673368,48.57114],[0.674092,48.569972],[0.674258,48.569773],[0.674846,48.568765],[0.675192,48.568325],[0.675556,48.56803],[0.676206,48.567726],[0.677273,48.566895],[0.677761,48.566818],[0.678703,48.566766],[0.679821,48.566617],[0.680529,48.566416],[0.681259,48.566132],[0.682015,48.565613],[0.682069,48.564451],[0.682986,48.561709],[0.68216,48.561298],[0.679553,48.560449],[0.678797,48.560363],[0.679628,48.559475],[0.680347,48.558582],[0.680674,48.55806],[0.681195,48.556533],[0.681226,48.555965],[0.681125,48.555325],[0.681125,48.554337],[0.681302,48.55397],[0.68194,48.553268],[0.682611,48.552814],[0.683919,48.552295],[0.683716,48.551915],[0.6837,48.5517],[0.68403,48.551451],[0.685143,48.551068],[0.685797,48.550911],[0.686843,48.550764],[0.687068,48.550491],[0.686645,48.550465],[0.685486,48.550632],[0.68408,48.550714],[0.683635,48.550808],[0.683169,48.550804],[0.682283,48.550529],[0.68268,48.550016],[0.683437,48.549824],[0.684129,48.549583],[0.684955,48.549072],[0.685497,48.548277],[0.686087,48.547722],[0.686484,48.547138],[0.686468,48.545902],[0.686339,48.545233],[0.686205,48.545077],[0.685072,48.544288],[0.684671,48.544098],[0.68061,48.543591],[0.679912,48.543385],[0.679837,48.543102],[0.67973,48.542919],[0.679875,48.542625],[0.680213,48.542206],[0.680272,48.542],[0.680175,48.541782],[0.679944,48.541691],[0.67892,48.540911],[0.678695,48.540729],[0.677895,48.540318],[0.677418,48.540199],[0.676618,48.540001],[0.675916,48.539417],[0.675514,48.539223],[0.674966,48.538979],[0.674414,48.538185],[0.673829,48.537891],[0.673319,48.537727],[0.671849,48.536921],[0.670777,48.537329],[0.669849,48.536163],[0.669538,48.53603],[0.665906,48.535496],[0.659946,48.534649],[0.66112,48.531237],[0.663588,48.524058],[0.663577,48.523881],[0.662988,48.523628],[0.662934,48.523431],[0.663133,48.52307],[0.663492,48.522711],[0.664339,48.522182],[0.665139,48.52179],[0.665471,48.521542],[0.665412,48.521339],[0.664897,48.520934],[0.664382,48.52039],[0.663165,48.520031],[0.662687,48.519806],[0.663438,48.519444],[0.664012,48.519238],[0.664162,48.519043],[0.664168,48.518635],[0.663905,48.518429],[0.663293,48.518177],[0.662918,48.517929],[0.662709,48.517635],[0.662526,48.517185],[0.662414,48.516708],[0.66243,48.516125],[0.662666,48.515797],[0.662719,48.515366],[0.662966,48.515072],[0.663079,48.51442],[0.663122,48.513877],[0.662854,48.513593],[0.662719,48.513367],[0.662698,48.513153],[0.662725,48.512768],[0.662231,48.512365],[0.66192,48.512275],[0.662006,48.512122],[0.662414,48.511932],[0.662671,48.5117],[0.66272,48.51153],[0.662285,48.510647],[0.661673,48.510429],[0.6614,48.510223],[0.661335,48.509926],[0.661797,48.508995],[0.661759,48.508423],[0.661588,48.508044],[0.660955,48.507576],[0.660783,48.507265],[0.661131,48.506744],[0.66148,48.506542],[0.662087,48.506607],[0.662046,48.506702],[0.661459,48.507095],[0.661537,48.507334],[0.661818,48.507394],[0.662221,48.507111],[0.662851,48.507176],[0.663438,48.507093],[0.66376,48.506725],[0.663621,48.506639],[0.663942,48.504325],[0.663819,48.50423],[0.6628,48.503671],[0.662478,48.503277],[0.662414,48.502964],[0.662446,48.502029],[0.662902,48.501415],[0.663004,48.500816],[0.662183,48.49966],[0.659581,48.498096],[0.659023,48.49728],[0.658734,48.497047],[0.658551,48.496398],[0.658406,48.496397],[0.658374,48.495764],[0.658235,48.495472],[0.657865,48.495095],[0.657028,48.494354],[0.656684,48.493862],[0.656577,48.49334],[0.656582,48.492931],[0.656771,48.49231],[0.655509,48.492153],[0.655204,48.492043],[0.655096,48.491833],[0.654877,48.490566],[0.654061,48.490639],[0.653691,48.490578],[0.653423,48.490486],[0.653004,48.490546],[0.652254,48.490916],[0.651674,48.491053],[0.651523,48.490881],[0.651213,48.490668],[0.64999,48.489496],[0.64933,48.489368],[0.64918,48.488537],[0.649496,48.48814],[0.650225,48.487445],[0.65067,48.486905],[0.650826,48.486188],[0.651803,48.485487],[0.65199,48.485197],[0.652124,48.485205],[0.652345,48.484866],[0.652426,48.484428],[0.652661,48.484106],[0.652924,48.48396],[0.653181,48.483918],[0.653385,48.483987],[0.653514,48.483807],[0.654072,48.483894],[0.654968,48.483929],[0.656067,48.483921],[0.656781,48.483559],[0.657204,48.483222],[0.657358,48.48325],[0.658138,48.483082],[0.65824,48.483184],[0.66001,48.48304],[0.660337,48.482693],[0.660788,48.481951],[0.660976,48.481445],[0.66148,48.481002],[0.662134,48.480591],[0.663197,48.479675],[0.663588,48.479446],[0.664688,48.478981],[0.666974,48.478161],[0.667499,48.478092],[0.667633,48.478329],[0.667563,48.47916],[0.667698,48.479649],[0.668792,48.480562],[0.669194,48.481316],[0.669269,48.481583],[0.669779,48.481686],[0.670509,48.481792],[0.670975,48.481983],[0.671335,48.482031],[0.671292,48.482169],[0.671866,48.483121],[0.671801,48.483223],[0.672478,48.483961],[0.672729,48.484298],[0.672987,48.484547],[0.673711,48.484328],[0.674484,48.48431],[0.675127,48.48436],[0.67576,48.484482],[0.676173,48.484638],[0.676983,48.485294],[0.677536,48.485522],[0.677858,48.485642],[0.678298,48.486099],[0.678341,48.486379],[0.678437,48.486485],[0.678534,48.486813],[0.678818,48.487083],[0.678882,48.487249],[0.682203,48.484741],[0.682729,48.484925],[0.684424,48.485386],[0.68672,48.485962],[0.687009,48.484798],[0.687041,48.484123],[0.686886,48.483717],[0.685712,48.482011],[0.685142,48.481593],[0.686617,48.480612],[0.687745,48.480034],[0.6851,48.476673],[0.683515,48.474623],[0.681661,48.472366],[0.678121,48.468063],[0.6762,48.46574],[0.676602,48.464893],[0.676608,48.46489],[0.67672,48.464245],[0.677632,48.463486],[0.678062,48.463184],[0.679145,48.462662],[0.679628,48.462319],[0.683045,48.460976],[0.68341,48.460552],[0.68437,48.45993],[0.684896,48.459746],[0.686682,48.458931],[0.689944,48.457817],[0.69291,48.457302],[0.694992,48.456512],[0.696274,48.45583],[0.696923,48.455433],[0.698323,48.454746],[0.698854,48.45442],[0.699015,48.454095],[0.698881,48.45369],[0.698961,48.453197],[0.699079,48.452948],[0.699144,48.452589],[0.69923,48.452333],[0.700318,48.451848],[0.700619,48.451797],[0.701788,48.451885],[0.703027,48.452023],[0.703146,48.451497],[0.703258,48.451221],[0.703279,48.45084],[0.703229,48.450522],[0.703306,48.44876],[0.703178,48.448326],[0.703302,48.448208],[0.702926,48.447727],[0.702175,48.447338],[0.701842,48.446865],[0.701598,48.446713],[0.700721,48.446396],[0.699825,48.446281],[0.698205,48.446416],[0.696971,48.446472],[0.696633,48.446331],[0.696456,48.446037],[0.696387,48.445497],[0.696451,48.445322],[0.696171,48.44483],[0.696783,48.444229],[0.697561,48.443001],[0.696135,48.442653],[0.695507,48.44199],[0.695501,48.44126],[0.695314,48.441147],[0.695158,48.441166],[0.695034,48.441274],[0.694745,48.441586],[0.693999,48.441757],[0.693693,48.441674],[0.693415,48.441563],[0.692572,48.441414],[0.691703,48.441404],[0.691145,48.441788],[0.690668,48.44202],[0.690512,48.442032],[0.690148,48.441685],[0.689767,48.44149],[0.688785,48.441216],[0.688576,48.441104],[0.688571,48.440905],[0.688962,48.440258],[0.688967,48.440063],[0.688753,48.439598],[0.68841,48.439115],[0.688168,48.438515],[0.687889,48.438255],[0.687015,48.437762],[0.686902,48.437576],[0.686886,48.437344],[0.687036,48.43705],[0.684789,48.435238],[0.684359,48.435089],[0.683077,48.434376],[0.682541,48.433929],[0.681388,48.433575],[0.680578,48.433086],[0.679875,48.432476],[0.679242,48.431858],[0.679295,48.431011],[0.679113,48.430843],[0.677343,48.430305],[0.676586,48.430355],[0.676297,48.430199],[0.676152,48.429863],[0.675862,48.429691],[0.675556,48.429695],[0.674913,48.429787],[0.674773,48.428726],[0.674408,48.428402],[0.673003,48.42767],[0.67207,48.427319],[0.671592,48.427052],[0.671404,48.4268],[0.671313,48.426456],[0.671313,48.426456],[0.670674,48.426724],[0.669837,48.426778],[0.669062,48.426706],[0.667842,48.426504],[0.66623,48.426078],[0.664918,48.425653],[0.664162,48.425539],[0.663159,48.424955],[0.662858,48.424603],[0.662665,48.424243],[0.662853,48.423873],[0.66318,48.423631],[0.664232,48.42309],[0.66517,48.42242],[0.666506,48.42178],[0.666911,48.421335],[0.667167,48.420863],[0.667322,48.420831],[0.667606,48.420513],[0.667987,48.420186],[0.668293,48.419975],[0.668448,48.419803],[0.667842,48.419686],[0.667429,48.41946],[0.667054,48.419113],[0.665745,48.417892],[0.665648,48.417703],[0.6653,48.417499],[0.664238,48.416768],[0.662794,48.416157],[0.661882,48.41582],[0.661882,48.415647],[0.662134,48.415432],[0.662567,48.414998],[0.662698,48.414941],[0.664023,48.413624],[0.662167,48.413708],[0.661644,48.413555],[0.661425,48.413407],[0.661003,48.413266],[0.660163,48.413201],[0.659818,48.413028],[0.659544,48.412952],[0.658621,48.412463],[0.658208,48.41217],[0.657022,48.411617],[0.655939,48.411148],[0.655333,48.410789],[0.654941,48.410501],[0.653439,48.412016],[0.653219,48.412402],[0.652189,48.412437],[0.649689,48.412364],[0.648869,48.412476],[0.647952,48.412433],[0.646951,48.412322],[0.646379,48.412212],[0.64573,48.411831],[0.644765,48.411495],[0.644298,48.411259],[0.644073,48.410992],[0.643847,48.410336],[0.643665,48.41013],[0.64183,48.409569],[0.640983,48.409523],[0.640039,48.409389],[0.639229,48.4091],[0.638338,48.408543],[0.63807,48.408482],[0.637668,48.407875],[0.635157,48.407993],[0.633022,48.408131],[0.631456,48.408356],[0.630619,48.408306],[0.629776,48.408478],[0.626536,48.408752],[0.625936,48.408741],[0.622551,48.408516],[0.620721,48.408054],[0.620158,48.407997],[0.61974,48.408043],[0.619262,48.40818],[0.617658,48.40881],[0.617111,48.408928],[0.616279,48.408871],[0.614762,48.408773],[0.61297,48.408726],[0.610513,48.408318],[0.608855,48.408325],[0.605438,48.408787],[0.604896,48.408791],[0.601012,48.408653],[0.599446,48.408886],[0.599038,48.409038],[0.597869,48.410449],[0.59715,48.411018],[0.596179,48.411596],[0.594055,48.412098],[0.592692,48.412462],[0.592263,48.412868],[0.59163,48.413147],[0.591276,48.413162],[0.590622,48.413054],[0.589077,48.413498],[0.588685,48.413536],[0.588336,48.413227],[0.588116,48.413138],[0.587902,48.412956],[0.587258,48.413084],[0.586914,48.412925],[0.586142,48.412663],[0.585681,48.412346],[0.585289,48.4118],[0.584469,48.410912],[0.583868,48.410164],[0.582468,48.408352],[0.582119,48.408438],[0.57787,48.404354],[0.577181,48.404736],[0.574158,48.406144],[0.573976,48.406029],[0.572549,48.404679],[0.5691,48.40414],[0.564631,48.403336],[0.560066,48.402813],[0.558891,48.402386],[0.558483,48.402164],[0.556976,48.401926],[0.556188,48.401888],[0.555614,48.402022],[0.555128,48.402402],[0.554728,48.402576],[0.554012,48.402789],[0.553573,48.403162],[0.553397,48.403393],[0.55299,48.403383],[0.552577,48.403246],[0.55195,48.402891],[0.550933,48.403071],[0.550517,48.403065],[0.550061,48.40289],[0.550216,48.402447],[0.55005,48.402456],[0.549037,48.403701],[0.548771,48.403818],[0.541854,48.402582],[0.545159,48.397092],[0.545539,48.39615],[0.545775,48.39443],[0.545823,48.3935],[0.546129,48.391623],[0.546247,48.390981],[0.541355,48.390102],[0.541113,48.390422],[0.539686,48.391415],[0.535722,48.390198],[0.534891,48.389832],[0.532432,48.387964],[0.532955,48.387058],[0.531554,48.38686],[0.530363,48.385061],[0.531967,48.384275],[0.529676,48.383867],[0.527793,48.383615],[0.526833,48.383457],[0.525411,48.383197],[0.521329,48.383778],[0.518846,48.383309],[0.518781,48.382824],[0.518851,48.382511],[0.516217,48.383623],[0.511588,48.382479],[0.510359,48.382376],[0.509769,48.382234],[0.508423,48.382179],[0.504244,48.382217],[0.503922,48.382289],[0.503959,48.382856],[0.496663,48.383124],[0.496567,48.383315],[0.485334,48.383544],[0.485345,48.382719],[0.483124,48.382692],[0.480699,48.384224],[0.479063,48.384789],[0.477545,48.385036],[0.476649,48.385014],[0.475844,48.3848],[0.47548,48.384363],[0.473935,48.384309],[0.47335,48.384247],[0.472014,48.384322],[0.469321,48.38426],[0.468243,48.384499],[0.467589,48.384537],[0.466141,48.384372],[0.464509,48.384271],[0.464461,48.389988],[0.46438,48.391609],[0.464051,48.39188],[0.461913,48.394003],[0.460672,48.393749],[0.459687,48.393444],[0.459172,48.393441],[0.458598,48.393185],[0.457278,48.393483],[0.456056,48.393529],[0.454931,48.393526],[0.454644,48.393719],[0.454245,48.393566],[0.451909,48.393096],[0.451474,48.392946],[0.450621,48.392608],[0.450495,48.392417],[0.450036,48.392255],[0.448904,48.392254],[0.447971,48.392175],[0.447553,48.392053],[0.446872,48.391744],[0.446302,48.391698],[0.446002,48.391635],[0.445418,48.39133],[0.444611,48.391129],[0.443492,48.3908],[0.44288,48.390553],[0.442601,48.390365],[0.442408,48.390162],[0.442454,48.38999],[0.442467,48.389434],[0.441394,48.389332]]],"type":"MultiLineString"},"properties":{"geo_point":{"lon":0.6963820090596141,"lat":48.54688552308418},"name":"GR22 De Verneuil-sur-Avre (Eure) à La Perrière (Orne) (2019)","code_gr":"GR22"}},{"type":"Feature","geometry":{"coordinates":[[[0.43839,48.389042],[0.4377,48.38905],[0.437239,48.389193],[0.437016,48.389428],[0.436459,48.390312],[0.43623,48.390388],[0.43597,48.390308],[0.43578,48.390481],[0.43548,48.390591],[0.435282,48.3908],[0.435123,48.391168],[0.435047,48.391711],[0.435155,48.391969],[0.435877,48.392359],[0.436557,48.392617],[0.437091,48.392932],[0.437237,48.39315],[0.43665,48.393341],[0.436387,48.39367],[0.436338,48.393865],[0.436183,48.394018],[0.435406,48.394431],[0.434447,48.394712],[0.434502,48.394923],[0.434415,48.395103],[0.433756,48.395629],[0.433295,48.396195],[0.433029,48.396409],[0.431172,48.397195],[0.430396,48.397513],[0.42917,48.398201],[0.428303,48.398627],[0.427174,48.398981],[0.426731,48.399023],[0.426155,48.398932],[0.424318,48.398418],[0.424151,48.398436],[0.424726,48.400054],[0.425073,48.401047],[0.425524,48.401873],[0.42606,48.40246],[0.426878,48.403125],[0.423217,48.405371],[0.422861,48.40551],[0.421669,48.405814],[0.421163,48.406059],[0.42052,48.406601],[0.41971,48.407169],[0.41897,48.4076],[0.418213,48.407977],[0.417195,48.408339],[0.4156,48.40876],[0.415099,48.408851],[0.41452,48.40884],[0.412207,48.408655],[0.41168,48.408681],[0.411348,48.408862],[0.410998,48.409099],[0.410564,48.409229],[0.409889,48.409192],[0.40809,48.408755],[0.407511,48.408681],[0.40712,48.408699],[0.406982,48.408469],[0.40615,48.407937],[0.405575,48.407788],[0.404506,48.407618],[0.403448,48.407626],[0.40284,48.407756],[0.40292,48.407261],[0.402609,48.406914],[0.40175,48.406655],[0.401447,48.405795],[0.401977,48.405422],[0.401681,48.405244],[0.400722,48.404328],[0.399702,48.403582],[0.39931,48.403351],[0.398527,48.403054],[0.396542,48.402637],[0.394903,48.402475],[0.393736,48.402565],[0.390754,48.40312],[0.390111,48.403157],[0.388841,48.403129],[0.38717,48.40329],[0.387037,48.403496],[0.386994,48.403831],[0.386622,48.404473],[0.38605,48.405571],[0.38548,48.407051],[0.3846,48.4077],[0.3835,48.408169],[0.382724,48.408381],[0.381852,48.408419],[0.38076,48.40881],[0.379293,48.40956],[0.3774,48.411098],[0.374865,48.412477],[0.374423,48.412468],[0.372899,48.412875],[0.37249,48.412856],[0.371361,48.412563],[0.37097,48.411999],[0.37054,48.411659],[0.36923,48.410969],[0.368828,48.410498],[0.368505,48.410442],[0.367539,48.410619],[0.367141,48.410661],[0.36577,48.410728],[0.364748,48.410741],[0.36383,48.410789],[0.36271,48.410851],[0.361751,48.410972],[0.359927,48.411348],[0.359292,48.411368],[0.35822,48.41119],[0.356602,48.410753],[0.35495,48.410389],[0.3539,48.41024],[0.353478,48.410085],[0.353278,48.409928],[0.35295,48.40955],[0.352466,48.410121],[0.352055,48.410424],[0.351147,48.410667],[0.350036,48.410899],[0.34811,48.41151],[0.346909,48.411776],[0.344594,48.410907],[0.344277,48.409752],[0.344251,48.409288],[0.344456,48.408871],[0.344514,48.408408],[0.344538,48.408012],[0.344718,48.407809],[0.344106,48.407337],[0.342996,48.40661],[0.342483,48.40615],[0.34174,48.405651],[0.341338,48.40506],[0.340482,48.404059],[0.339567,48.403155],[0.339068,48.403032],[0.338481,48.402715],[0.338118,48.402445],[0.337701,48.402365],[0.337302,48.402363],[0.334747,48.403007],[0.331485,48.404013],[0.331292,48.40403],[0.33127,48.404099],[0.330142,48.40431],[0.3293,48.404289],[0.326625,48.404188],[0.325948,48.404675],[0.324388,48.40548],[0.324122,48.405725],[0.323576,48.406045],[0.32287,48.4063],[0.321331,48.406781],[0.320232,48.407124],[0.317423,48.409851],[0.318002,48.41076],[0.318125,48.411184],[0.317993,48.411587],[0.31781,48.411826],[0.317618,48.412449],[0.317672,48.412874],[0.317473,48.413438],[0.31388,48.41457],[0.313549,48.414562],[0.313239,48.414617],[0.31318,48.414829],[0.309909,48.415819],[0.306542,48.416766],[0.30221,48.418098],[0.299889,48.418887],[0.299551,48.418744],[0.299393,48.418965],[0.298853,48.419207],[0.2971,48.41972],[0.29765,48.420052],[0.29765,48.420052],[0.293009,48.421495],[0.292183,48.420416],[0.291419,48.420523],[0.290703,48.420544],[0.28986,48.420843],[0.289045,48.420929],[0.288329,48.421148],[0.288106,48.421089],[0.287763,48.420754],[0.287455,48.420639],[0.287194,48.420623],[0.286052,48.419508],[0.284051,48.418999],[0.283037,48.418494],[0.283976,48.418202],[0.281546,48.414659],[0.280237,48.415086],[0.279995,48.414883],[0.278885,48.414403],[0.278424,48.41405],[0.277753,48.413904],[0.277286,48.41347],[0.276836,48.413254],[0.276117,48.413034],[0.274819,48.412743],[0.274545,48.412599],[0.273381,48.410888],[0.273113,48.410735],[0.272426,48.410514],[0.271729,48.409863],[0.27131,48.409678],[0.270758,48.409653],[0.268194,48.402943],[0.267663,48.403043],[0.267094,48.403041],[0.266477,48.402894],[0.260657,48.400436],[0.2599,48.400272],[0.25894,48.399934],[0.258607,48.399738],[0.257298,48.398408],[0.256676,48.397861],[0.256408,48.397922],[0.254761,48.397202],[0.253618,48.397822],[0.253452,48.39761],[0.252342,48.396921],[0.252792,48.396273],[0.253677,48.395257],[0.253986,48.394793],[0.254048,48.394524],[0.25394,48.393761],[0.25438,48.392134],[0.254608,48.391576],[0.254852,48.391186],[0.253962,48.390203],[0.252755,48.388108],[0.252621,48.387723],[0.25224,48.387709],[0.250378,48.388254],[0.249252,48.388505],[0.248431,48.388568],[0.247667,48.38858],[0.247247,48.388675],[0.246296,48.389017],[0.245373,48.389604],[0.244451,48.389758],[0.243788,48.389731],[0.243362,48.389747],[0.242393,48.390035],[0.241661,48.390335],[0.241074,48.390539],[0.239982,48.391346],[0.239607,48.391792],[0.239014,48.392269],[0.238657,48.392668],[0.238558,48.392967],[0.238754,48.39364],[0.238746,48.39402],[0.238056,48.395158],[0.237799,48.395389],[0.237442,48.395553],[0.236286,48.39582],[0.235197,48.396871],[0.234996,48.397181],[0.234902,48.397541],[0.234945,48.398281],[0.234848,48.398531],[0.234524,48.398695],[0.233475,48.399012],[0.232898,48.399131],[0.231657,48.399154],[0.230417,48.399428],[0.229098,48.400668],[0.228588,48.400885],[0.227928,48.401008],[0.227566,48.401016],[0.226543,48.401169],[0.226228,48.401273],[0.219699,48.398096],[0.211921,48.403641],[0.20771,48.404112],[0.200859,48.40347],[0.200157,48.403267],[0.199518,48.403211],[0.199052,48.403267],[0.198746,48.403478],[0.198306,48.404062],[0.197896,48.404384],[0.197297,48.40461],[0.19649,48.404605],[0.195795,48.40455],[0.1952,48.404671],[0.194889,48.40456],[0.194395,48.404637],[0.1938,48.404821],[0.193408,48.404785],[0.180437,48.400725],[0.177353,48.404535],[0.169947,48.401829],[0.163453,48.399521],[0.1637,48.399186],[0.16156,48.398645],[0.160664,48.398353],[0.156415,48.40023],[0.155584,48.400719],[0.151845,48.403136],[0.150343,48.404072],[0.149978,48.404222],[0.149222,48.404446],[0.148929,48.404626],[0.148127,48.405554],[0.147888,48.405728],[0.14756,48.405848],[0.146995,48.405974],[0.146099,48.405931],[0.13871,48.406782],[0.132232,48.407584],[0.130977,48.407822],[0.127421,48.408465],[0.126611,48.408563],[0.125784,48.408743],[0.121294,48.410047],[0.119712,48.410373],[0.118956,48.410707],[0.118787,48.410691],[0.117856,48.409763],[0.117647,48.409656],[0.117335,48.409589],[0.117302,48.40973],[0.116185,48.410926],[0.115082,48.412017],[0.114801,48.412165],[0.114374,48.412313],[0.113929,48.412708],[0.113326,48.413137],[0.11181,48.414111],[0.105947,48.416902],[0.105882,48.417162],[0.097718,48.418251],[0.095454,48.420509],[0.096377,48.420049],[0.096838,48.419919],[0.097771,48.420843],[0.09871,48.421552],[0.098716,48.423065],[0.09819,48.42336],[0.097471,48.423946],[0.097063,48.424321],[0.096704,48.424757],[0.096079,48.425755],[0.095374,48.426671],[0.094934,48.4275],[0.094928,48.427899],[0.093871,48.428561],[0.091822,48.429401],[0.090824,48.429643],[0.089516,48.429693],[0.089494,48.430006],[0.088791,48.43017],[0.088625,48.430028],[0.087263,48.430757],[0.087173,48.430763],[0.087104,48.430901],[0.08636,48.431187],[0.085664,48.431505],[0.084559,48.432395],[0.084334,48.4328],[0.084256,48.43282],[0.083895,48.433509],[0.083465,48.434117],[0.082775,48.434973],[0.08215,48.435665],[0.081657,48.435989],[0.080959,48.436352],[0.081051,48.436436],[0.080927,48.436954],[0.080514,48.437594],[0.079924,48.43821],[0.079103,48.438826],[0.078476,48.439431],[0.076829,48.440947],[0.076394,48.441427],[0.075987,48.442538],[0.075922,48.443584],[0.075721,48.44424],[0.074962,48.445616],[0.074704,48.446011],[0.074688,48.446637],[0.073404,48.447518],[0.073063,48.447591],[0.072977,48.447845],[0.072687,48.448512],[0.072328,48.451202],[0.072569,48.452821],[0.072408,48.453785],[0.071969,48.45434],[0.070327,48.455365],[0.069399,48.456151],[0.068433,48.457304],[0.06912,48.457698],[0.07018,48.45815],[0.070923,48.45836],[0.070695,48.458951],[0.069329,48.460498],[0.068905,48.460836],[0.068036,48.46142],[0.067572,48.4619],[0.066942,48.462835],[0.066722,48.463444],[0.066658,48.46493],[0.066368,48.46558],[0.065848,48.466183],[0.064678,48.467139],[0.064678,48.467673],[0.06434,48.468256],[0.064421,48.468555],[0.064305,48.468779],[0.063997,48.469124],[0.06353,48.469448],[0.063074,48.46985],[0.063096,48.470027],[0.06271,48.470778],[0.062109,48.471265],[0.06124,48.471774],[0.060998,48.472058],[0.061138,48.472503],[0.06007,48.473047],[0.059781,48.473315],[0.059314,48.473954],[0.059566,48.473997],[0.060907,48.475081],[0.061245,48.475167],[0.062326,48.474738],[0.062592,48.474758],[0.063166,48.475323],[0.063453,48.475748],[0.063591,48.476163],[0.063997,48.477759],[0.064174,48.478083],[0.065478,48.479466],[0.063337,48.480323],[0.064249,48.481482],[0.064914,48.48192],[0.066703,48.482595],[0.071094,48.484441],[0.071003,48.484697],[0.070681,48.485018],[0.070053,48.485368],[0.068817,48.485877],[0.067935,48.486339],[0.067312,48.48729],[0.066701,48.48811],[0.065649,48.492664],[0.06448,48.492629],[0.064281,48.491342],[0.059872,48.491548],[0.059802,48.491807],[0.05844,48.493005],[0.058203,48.492835],[0.057039,48.492874],[0.055929,48.492991],[0.055087,48.492739],[0.053928,48.492849],[0.053346,48.492824],[0.052497,48.49262],[0.051461,48.492482],[0.047925,48.491825],[0.047373,48.491797],[0.046557,48.491649],[0.045957,48.49148],[0.044294,48.491189],[0.042765,48.491068],[0.041893,48.490841],[0.040946,48.490686],[0.039685,48.490439],[0.039047,48.490179],[0.037832,48.489911],[0.036944,48.489788],[0.036341,48.489594],[0.035819,48.489344],[0.035201,48.48913],[0.033758,48.489008],[0.032293,48.48892],[0.031929,48.488643],[0.031301,48.488369],[0.031124,48.487957],[0.02982,48.487545],[0.02938,48.487267],[0.028004,48.487001],[0.026532,48.486652],[0.025153,48.486145],[0.023764,48.485689],[0.023109,48.485351],[0.020776,48.484604],[0.020411,48.485169],[0.01959,48.486073],[0.019102,48.487168],[0.019086,48.488782],[0.018936,48.489806],[0.018625,48.490396],[0.018367,48.491143],[0.017986,48.491861],[0.017761,48.492995],[0.01753,48.493332],[0.017085,48.493791],[0.016565,48.493933],[0.014811,48.49404],[0.014242,48.493876],[0.013995,48.493741],[0.012767,48.494173],[0.011935,48.494534],[0.010951,48.49484],[0.009618,48.495128],[0.008532,48.49509],[0.007638,48.495131],[0.006845,48.495018],[0.005517,48.494742],[0.00494,48.494566],[0.004538,48.497129],[0.004645,48.497243],[0.004591,48.498242],[0.003996,48.49913],[0.003899,48.499948],[0.0035,48.500469],[0.003122,48.500812],[0.00236,48.503289],[0.001646,48.505596],[-0.006164,48.504523],[-0.006435,48.504448],[-0.00656,48.504297],[-0.00669,48.503854],[-0.006832,48.503662],[-0.008561,48.502653],[-0.00904,48.50228],[-0.009823,48.501921],[-0.010043,48.501782],[-0.010402,48.501423],[-0.011684,48.500883],[-0.012215,48.500755],[-0.013293,48.500712],[-0.015246,48.500968],[-0.016603,48.501011],[-0.018371,48.501146],[-0.0206,48.5011],[-0.023202,48.50272],[-0.023692,48.5029],[-0.024838,48.50309],[-0.025143,48.503245],[-0.026176,48.504356],[-0.027193,48.505539],[-0.027346,48.505873],[-0.027343,48.506289],[-0.027185,48.506717],[-0.026764,48.507366],[-0.026589,48.507981],[-0.02657,48.508546],[-0.026718,48.509132],[-0.026647,48.509415],[-0.026853,48.509552],[-0.026356,48.510493],[-0.026147,48.510461],[-0.025975,48.51055],[-0.025578,48.511129],[-0.025149,48.511378],[-0.024854,48.511426],[-0.024124,48.511396],[-0.023832,48.511495],[-0.023314,48.511915],[-0.022392,48.512142],[-0.024387,48.513351],[-0.023717,48.51355],[-0.023435,48.513741],[-0.023019,48.514591],[-0.023223,48.515053],[-0.023151,48.515293],[-0.022921,48.515491],[-0.022531,48.515721],[-0.022456,48.515968],[-0.022515,48.516257],[-0.023384,48.517416],[-0.024371,48.518151],[-0.024336,48.518206],[-0.02465,48.518571],[-0.025546,48.51931],[-0.026407,48.519093],[-0.027375,48.51894],[-0.030242,48.518698],[-0.031189,48.518567],[-0.031227,48.518823],[-0.031364,48.518958],[-0.033689,48.519793],[-0.034966,48.520798],[-0.034343,48.521346],[-0.033995,48.522117],[-0.033823,48.522817],[-0.033128,48.523868],[-0.032756,48.524305],[-0.032326,48.524977],[-0.031441,48.527609],[-0.026356,48.529261],[-0.026361,48.529936],[-0.026013,48.530455],[-0.026063,48.530664],[-0.026297,48.530888],[-0.026291,48.531087],[-0.025219,48.531808],[-0.024323,48.532522],[-0.022992,48.533148],[-0.022456,48.533872],[-0.022177,48.534597],[-0.020568,48.535861],[-0.019366,48.536607],[-0.019264,48.536756],[-0.018746,48.537083],[-0.018154,48.537332],[-0.014651,48.540159],[-0.015305,48.540735],[-0.016507,48.54283],[-0.016796,48.543103],[-0.017451,48.543491],[-0.017802,48.543597],[-0.01943,48.54376],[-0.020407,48.543966],[-0.021968,48.544538],[-0.023706,48.545],[-0.025224,48.545153],[-0.032729,48.546332],[-0.035451,48.546836],[-0.042261,48.548235],[-0.052754,48.554256],[-0.055254,48.555691],[-0.058815,48.55648],[-0.063697,48.557602],[-0.068402,48.558609],[-0.0714,48.559321],[-0.074506,48.559998],[-0.078803,48.560974],[-0.079506,48.560966],[-0.080311,48.560902],[-0.080874,48.560825],[-0.086802,48.560337],[-0.089892,48.560047],[-0.091023,48.559905],[-0.09229,48.559464],[-0.092976,48.559307],[-0.09377,48.559113],[-0.094784,48.558877],[-0.094639,48.559123],[-0.094682,48.559586],[-0.09494,48.559811],[-0.095438,48.559656],[-0.096999,48.558943],[-0.097198,48.558941],[-0.097584,48.55942],[-0.098115,48.559614],[-0.098375,48.559782],[-0.098593,48.560124],[-0.099738,48.560603],[-0.100566,48.560866],[-0.101157,48.561329],[-0.101457,48.561523],[-0.101307,48.562078],[-0.101725,48.562839],[-0.10209,48.563735],[-0.102048,48.564012],[-0.10191,48.564191],[-0.101548,48.564392],[-0.101114,48.564795],[-0.101173,48.565144],[-0.101881,48.565933],[-0.102069,48.566208],[-0.102155,48.566742],[-0.103308,48.566954],[-0.104831,48.566186],[-0.104456,48.567255],[-0.104381,48.567798],[-0.104231,48.568001],[-0.104166,48.568195],[-0.103673,48.568886],[-0.10363,48.569057],[-0.103764,48.569134],[-0.104113,48.569118],[-0.104477,48.569191],[-0.104982,48.569332],[-0.105861,48.569408],[-0.106312,48.569434],[-0.107039,48.569354],[-0.10708,48.569456],[-0.106655,48.569537],[-0.106731,48.569839],[-0.107407,48.570553],[-0.107841,48.570945],[-0.108388,48.571726],[-0.108656,48.572248],[-0.108817,48.572445],[-0.109633,48.573219],[-0.110105,48.573608],[-0.110909,48.574272],[-0.111543,48.574777],[-0.112239,48.575146],[-0.112997,48.575413],[-0.113608,48.575581],[-0.114053,48.575611],[-0.114579,48.575576],[-0.114895,48.575674],[-0.115222,48.575916],[-0.116161,48.576266],[-0.116338,48.576012],[-0.116665,48.575641],[-0.116826,48.57527],[-0.117454,48.574954],[-0.11777,48.574845],[-0.119809,48.574536],[-0.120662,48.574403],[-0.120635,48.574152],[-0.120463,48.573771],[-0.120157,48.573465],[-0.120088,48.573216],[-0.120045,48.572498],[-0.120174,48.572136],[-0.120468,48.571939],[-0.120807,48.571787],[-0.121258,48.571686],[-0.122889,48.571446],[-0.123994,48.571344],[-0.126289,48.571234],[-0.127494,48.571233],[-0.128419,48.571154],[-0.130205,48.570602],[-0.130812,48.570018],[-0.131584,48.569682],[-0.132609,48.569462],[-0.134309,48.568623],[-0.134953,48.568627],[-0.135554,48.568415],[-0.136015,48.568334],[-0.136337,48.568211],[-0.13755,48.567965],[-0.138788,48.567673],[-0.138959,48.567124],[-0.139861,48.567216],[-0.14066,48.567245],[-0.141948,48.567176],[-0.142543,48.567188],[-0.143874,48.56753],[-0.14431,48.567692],[-0.145298,48.568243],[-0.14661,48.568729],[-0.147568,48.568946],[-0.14939,48.569012],[-0.150363,48.569697],[-0.150499,48.569675],[-0.15101,48.569851],[-0.1515,48.569891],[-0.152173,48.569853],[-0.153954,48.570228],[-0.15553,48.570447],[-0.156555,48.570565],[-0.157178,48.570603],[-0.159825,48.571527],[-0.160466,48.571838],[-0.160501,48.571537],[-0.160315,48.56741],[-0.160214,48.567302],[-0.16001,48.567211],[-0.159905,48.567072],[-0.16083,48.566765],[-0.161512,48.566643],[-0.163416,48.566658],[-0.164564,48.566841],[-0.166007,48.566891],[-0.167767,48.566507],[-0.168893,48.566355],[-0.169488,48.566232],[-0.169917,48.565891],[-0.170374,48.565715],[-0.170937,48.565647],[-0.171508,48.565644],[-0.172005,48.565705],[-0.172161,48.565792],[-0.17274,48.565716],[-0.172986,48.565445],[-0.173442,48.565216],[-0.173786,48.565189],[-0.174091,48.565285],[-0.17429,48.565551],[-0.177235,48.565255],[-0.178034,48.565262],[-0.178818,48.565313],[-0.179837,48.56547],[-0.180663,48.565447],[-0.181532,48.565374],[-0.182144,48.565272],[-0.183399,48.565265],[-0.184483,48.565083],[-0.185743,48.565065],[-0.18606,48.564987],[-0.18687,48.564644],[-0.18718,48.564678],[-0.187529,48.564949],[-0.188017,48.56507],[-0.189418,48.565075],[-0.190089,48.564973],[-0.190477,48.564806],[-0.192132,48.563736],[-0.192754,48.563396],[-0.192599,48.563041],[-0.192701,48.562595],[-0.192781,48.562122],[-0.193039,48.561844],[-0.193066,48.561353],[-0.194125,48.56004],[-0.194498,48.559757],[-0.194404,48.559442],[-0.193559,48.558069],[-0.194262,48.557358],[-0.193881,48.556339],[-0.193827,48.555772],[-0.193975,48.55534],[-0.194337,48.555011],[-0.195742,48.555794],[-0.196006,48.555893],[-0.196703,48.556396],[-0.196917,48.556484],[-0.197293,48.556751],[-0.197609,48.557041],[-0.198011,48.557587],[-0.19843,48.557827],[-0.198907,48.557953],[-0.199272,48.55814],[-0.201021,48.558533],[-0.201378,48.558588],[-0.202264,48.558846],[-0.202482,48.558986],[-0.203279,48.559246],[-0.203891,48.55965],[-0.20483,48.560238],[-0.205645,48.561008],[-0.205913,48.561375],[-0.206123,48.561555],[-0.207152,48.56081],[-0.207823,48.560375],[-0.210296,48.558788],[-0.210945,48.558395],[-0.213879,48.557566],[-0.215012,48.556664],[-0.215564,48.553974],[-0.215865,48.554223],[-0.219732,48.554344],[-0.221647,48.554404],[-0.222124,48.554333],[-0.222908,48.554176],[-0.223385,48.554123],[-0.223686,48.55357],[-0.223267,48.553311],[-0.222666,48.552782],[-0.223031,48.551788],[-0.224796,48.550858],[-0.225729,48.549828],[-0.226196,48.549053],[-0.226636,48.548589],[-0.227398,48.548218],[-0.227462,48.547932],[-0.228207,48.54773],[-0.228969,48.547089],[-0.229184,48.547124],[-0.229294,48.546926],[-0.229522,48.546755],[-0.230096,48.546801],[-0.229968,48.545607],[-0.230692,48.545681],[-0.231389,48.545634],[-0.231582,48.545781],[-0.232327,48.545969],[-0.233931,48.546165],[-0.234801,48.54636],[-0.235713,48.546631],[-0.236941,48.547131],[-0.237285,48.547645],[-0.237789,48.547877],[-0.238464,48.54854],[-0.238942,48.548097],[-0.239312,48.547944],[-0.239446,48.547775],[-0.239741,48.546762],[-0.239918,48.54647],[-0.240202,48.546211],[-0.240626,48.545631],[-0.241018,48.544457],[-0.240981,48.544228],[-0.243228,48.544266],[-0.244644,48.544384],[-0.243786,48.543061],[-0.243297,48.542391],[-0.242391,48.541499],[-0.241667,48.541027],[-0.240487,48.540108],[-0.241238,48.539775],[-0.242734,48.539333],[-0.24333,48.539121],[-0.24413,48.538689],[-0.245862,48.538189],[-0.246951,48.537815],[-0.248743,48.536728],[-0.250009,48.536337],[-0.250427,48.536439],[-0.253602,48.537674],[-0.254252,48.537729],[-0.255534,48.538021],[-0.257262,48.538311],[-0.258007,48.538452],[-0.260561,48.538589],[-0.261623,48.538593],[-0.262953,48.538723],[-0.264986,48.539153],[-0.266413,48.539565],[-0.267674,48.539719],[-0.270887,48.539818],[-0.27089,48.539902],[-0.271316,48.540153],[-0.271866,48.540393],[-0.272561,48.540842],[-0.272974,48.541638],[-0.273468,48.542398],[-0.273585,48.542259],[-0.274937,48.542215],[-0.276616,48.54144],[-0.278209,48.54076],[-0.278912,48.540593],[-0.279534,48.540537],[-0.279572,48.540391],[-0.27913,48.540325],[-0.279106,48.540231],[-0.279487,48.539537],[-0.279597,48.539098],[-0.279878,48.538488],[-0.280328,48.538302],[-0.280801,48.538066],[-0.281053,48.537663],[-0.281404,48.537386],[-0.281777,48.537209],[-0.282635,48.537198],[-0.283059,48.537329],[-0.283397,48.537321],[-0.284797,48.536844],[-0.285275,48.536918],[-0.28551,48.53661],[-0.285757,48.536224],[-0.286009,48.536084],[-0.286427,48.536055],[-0.286953,48.536175],[-0.287157,48.536032],[-0.287367,48.535603],[-0.287587,48.535482],[-0.288337,48.534497],[-0.288193,48.534298],[-0.287758,48.533886],[-0.287908,48.533558],[-0.287973,48.533233],[-0.288058,48.533137],[-0.288605,48.532953],[-0.289062,48.532867],[-0.289993,48.532791],[-0.290505,48.532794],[-0.291003,48.532595],[-0.291428,48.532527],[-0.291916,48.532658],[-0.292726,48.532756],[-0.293697,48.53294],[-0.294201,48.532883],[-0.294694,48.532709],[-0.295043,48.532665],[-0.295558,48.532487],[-0.296465,48.532518],[-0.297095,48.532529],[-0.297382,48.532703],[-0.297784,48.532829],[-0.298401,48.532812],[-0.300761,48.534973],[-0.3014,48.535542],[-0.302086,48.536018],[-0.303192,48.536455],[-0.303881,48.536673],[-0.304688,48.536777],[-0.305708,48.536785],[-0.307854,48.536545],[-0.308749,48.536568],[-0.309479,48.536797],[-0.310589,48.537475],[-0.311002,48.537828],[-0.311426,48.538338],[-0.312053,48.539204],[-0.313668,48.538803],[-0.313963,48.538659],[-0.316538,48.536907],[-0.319,48.536446],[-0.318791,48.536243],[-0.31877,48.536068],[-0.319049,48.534739],[-0.31929,48.53447],[-0.320132,48.534099],[-0.320905,48.533847],[-0.32135,48.533843],[-0.321957,48.533817],[-0.322681,48.533677],[-0.323662,48.533722],[-0.324075,48.533676],[-0.325931,48.533745],[-0.326489,48.533582],[-0.327782,48.532903],[-0.328227,48.532701],[-0.328667,48.532367],[-0.328732,48.532197],[-0.328995,48.533197],[-0.32923,48.533604],[-0.329837,48.534269],[-0.33188,48.535313],[-0.336628,48.534645],[-0.340898,48.53405],[-0.34519,48.533485],[-0.345506,48.533471],[-0.346134,48.533731],[-0.347609,48.534243],[-0.348586,48.534479],[-0.349744,48.534859],[-0.350442,48.535228],[-0.351991,48.536208],[-0.352389,48.536385],[-0.353509,48.537029],[-0.354411,48.537418],[-0.355124,48.537779],[-0.355865,48.538239],[-0.35705,48.538531],[-0.357216,48.538617],[-0.357689,48.538759],[-0.357807,48.538851],[-0.358204,48.538904],[-0.358799,48.538883],[-0.35948,48.538955],[-0.361288,48.539168],[-0.363321,48.538679],[-0.364818,48.538398],[-0.365923,48.53824],[-0.367012,48.538196],[-0.368551,48.538276],[-0.369501,48.538438],[-0.370789,48.538794],[-0.371701,48.539181],[-0.372682,48.539604],[-0.373653,48.540185],[-0.374174,48.540474],[-0.375037,48.540871],[-0.376073,48.541309],[-0.377086,48.541786],[-0.37828,48.542466],[-0.379077,48.542819],[-0.378728,48.543358],[-0.378798,48.543442],[-0.379602,48.543837],[-0.377044,48.546375],[-0.379077,48.547269],[-0.392842,48.553325],[-0.392933,48.553067],[-0.399048,48.551599],[-0.40018,48.553726],[-0.401156,48.55566],[-0.402052,48.55551],[-0.406575,48.554398],[-0.406317,48.555697],[-0.4062,48.556045],[-0.406177,48.556328],[-0.406398,48.556375],[-0.407154,48.556334],[-0.407433,48.556518],[-0.408479,48.556521],[-0.409881,48.556687],[-0.410296,48.556775],[-0.410718,48.556795],[-0.411756,48.556962],[-0.412199,48.55719],[-0.412326,48.556999],[-0.413838,48.557188],[-0.414734,48.557213],[-0.415533,48.557094],[-0.416093,48.556902],[-0.41674,48.556844],[-0.416821,48.556673],[-0.417127,48.55641],[-0.417512,48.556169],[-0.417679,48.555898],[-0.4177,48.555588],[-0.417754,48.555237],[-0.417497,48.555056],[-0.417529,48.554928],[-0.417845,48.55479]]],"type":"MultiLineString"},"properties":{"geo_point":{"lon":0.013307201494867084,"lat":48.484899290434804},"name":"GR22 De La Perrière à Bagnoles-de-l'Orne (Orne) (2019)","code_gr":"GR22"}},{"type":"Feature","geometry":{"coordinates":[[[2.287858,48.8557],[2.28003,48.850246],[2.281626,48.849337],[2.277705,48.846576],[2.276937,48.846089],[2.27606,48.84526],[2.27454,48.843547],[2.27455,48.84347],[2.273844,48.84275],[2.274184,48.842565],[2.273767,48.841888],[2.276286,48.840892],[2.275746,48.840246],[2.276685,48.838838],[2.275827,48.837948],[2.275891,48.8378],[2.276471,48.837595],[2.276857,48.8378],[2.277544,48.837461],[2.277286,48.837157],[2.278659,48.836839],[2.277029,48.833704],[2.276374,48.833584],[2.276256,48.833463],[2.276278,48.833255],[2.276642,48.833139],[2.276052,48.832588],[2.275312,48.832552],[2.275001,48.832468],[2.274432,48.832178],[2.273982,48.832058],[2.273789,48.831747],[2.273274,48.831663],[2.273316,48.831451],[2.27353,48.831042],[2.273464,48.83092],[2.272936,48.830885],[2.272685,48.83065],[2.272923,48.830276],[2.273293,48.830216],[2.273715,48.830303],[2.272812,48.82989],[2.271246,48.829621],[2.270532,48.829766],[2.26984,48.830052],[2.26962,48.82965],[2.269457,48.829561],[2.269443,48.82936],[2.269669,48.82929],[2.26969,48.828965],[2.269175,48.828495],[2.268397,48.828101],[2.268338,48.827866],[2.267287,48.827827],[2.26572,48.828428],[2.263741,48.829159],[2.262872,48.829328],[2.262513,48.82947],[2.260742,48.829833],[2.259868,48.830204],[2.259562,48.829918],[2.259643,48.829805],[2.259559,48.829593],[2.259326,48.829293],[2.259305,48.828837],[2.258857,48.828615],[2.258657,48.828311],[2.25931,48.82782],[2.259337,48.827566],[2.259111,48.827181],[2.258296,48.826544],[2.258138,48.826383],[2.257915,48.826264],[2.257325,48.825841],[2.257153,48.825885],[2.256944,48.825709],[2.256032,48.825225],[2.255421,48.824811],[2.254549,48.824198],[2.254114,48.824329],[2.253651,48.824007],[2.252142,48.823377],[2.252041,48.823166],[2.251681,48.822916],[2.250405,48.822505],[2.250126,48.822555],[2.249906,48.822512],[2.250228,48.821915],[2.246776,48.82082],[2.243893,48.820279],[2.243613,48.820042],[2.242912,48.820121],[2.242841,48.820361],[2.240695,48.820238],[2.238786,48.820492],[2.236511,48.821008],[2.235564,48.821299],[2.234361,48.821586],[2.233228,48.821975],[2.232343,48.822442],[2.232059,48.822261],[2.232241,48.822159],[2.232139,48.822067],[2.232847,48.821061],[2.232933,48.820926],[2.233019,48.820552],[2.233384,48.820266],[2.233652,48.820026],[2.2339,48.819689],[2.233558,48.819705],[2.232882,48.820208],[2.232595,48.820315],[2.232688,48.819909],[2.232843,48.819871],[2.232965,48.819679],[2.233185,48.819478],[2.232871,48.819024],[2.23186,48.81885],[2.231249,48.818537],[2.229688,48.819117],[2.229487,48.81885],[2.229734,48.817739],[2.229574,48.817505],[2.231035,48.811617],[2.230404,48.811574],[2.230106,48.811996],[2.230257,48.810325],[2.225418,48.809846],[2.22177,48.812065],[2.221422,48.81383],[2.221615,48.814436],[2.221755,48.81464],[2.221894,48.814707],[2.221937,48.815242],[2.220654,48.815181],[2.220177,48.815732],[2.219184,48.815023],[2.218755,48.815],[2.218476,48.815285],[2.217575,48.815417],[2.217631,48.815628],[2.217661,48.816029],[2.217495,48.81662],[2.216169,48.816603],[2.215236,48.816959],[2.215167,48.816694],[2.215081,48.816512],[2.209894,48.816645],[2.209786,48.816264],[2.209566,48.815888],[2.209222,48.815643],[2.208996,48.815553],[2.208813,48.81533],[2.208072,48.814978],[2.207697,48.814877],[2.207194,48.814518],[2.206781,48.813974],[2.206455,48.813883],[2.201053,48.812267],[2.200334,48.81015],[2.200039,48.810004],[2.199615,48.809625],[2.199529,48.809448],[2.199368,48.809359],[2.199073,48.809372],[2.19884,48.809316],[2.198268,48.809341],[2.19792,48.809426],[2.197679,48.809393],[2.197148,48.809183],[2.196917,48.808966],[2.196638,48.808814],[2.195828,48.808635],[2.195736,48.808369],[2.196224,48.808066],[2.196718,48.807673],[2.19774,48.807302],[2.198579,48.807118],[2.199207,48.80704],[2.200503,48.805908],[2.202292,48.804528],[2.2044,48.805768],[2.20419,48.805377],[2.204588,48.804472],[2.204539,48.804125],[2.204301,48.803641],[2.20428,48.80306],[2.204132,48.802726],[2.203874,48.802475],[2.203912,48.802168],[2.203091,48.801578],[2.203246,48.801278],[2.204255,48.800875],[2.204405,48.80067],[2.20463,48.799836],[2.204582,48.799488],[2.204445,48.799353],[2.204437,48.799239],[2.203536,48.79879],[2.202549,48.798444],[2.203107,48.797808],[2.204384,48.797214],[2.204673,48.796564],[2.204416,48.795921],[2.204512,48.795786],[2.204952,48.79556],[2.205596,48.795129],[2.207066,48.794896],[2.20992,48.793821],[2.208493,48.79238],[2.208128,48.792295],[2.20698,48.792698],[2.206369,48.792415],[2.20654,48.791539],[2.206433,48.790987],[2.204459,48.791341],[2.203987,48.790606],[2.203987,48.788796],[2.202828,48.787552],[2.200929,48.786746],[2.199148,48.786174],[2.197936,48.787198],[2.193269,48.78869],[2.191413,48.788315],[2.190726,48.788372],[2.188902,48.789234],[2.188151,48.789333],[2.187614,48.789602],[2.187024,48.790224],[2.186574,48.790825],[2.185748,48.790931],[2.184696,48.790775],[2.184031,48.791185],[2.18298,48.791157],[2.181209,48.789996],[2.180233,48.788604],[2.180268,48.788327],[2.179182,48.788363],[2.176789,48.791184],[2.174739,48.791625],[2.173786,48.791157],[2.17283,48.792173],[2.16929,48.791247],[2.168378,48.791021],[2.167552,48.790251],[2.167412,48.789657],[2.167616,48.789127],[2.168324,48.788229],[2.168265,48.787982],[2.167691,48.787734],[2.167326,48.787699],[2.16679,48.787448],[2.16664,48.787231],[2.166168,48.787013],[2.165331,48.786865],[2.164859,48.786586],[2.164354,48.785819],[2.164483,48.78538],[2.163606,48.78392],[2.162616,48.782948],[2.162765,48.782714],[2.164558,48.782333],[2.16434,48.781377],[2.16455,48.781133],[2.16525,48.780905],[2.164397,48.778643],[2.161468,48.779138],[2.159698,48.779435],[2.153314,48.771134],[2.152413,48.771134],[2.151737,48.770505],[2.151362,48.7703],[2.151169,48.770031],[2.150568,48.77001],[2.149806,48.770137],[2.148551,48.770646],[2.14795,48.770958],[2.147762,48.7712],[2.147789,48.771569],[2.147574,48.771594],[2.147301,48.771074],[2.146469,48.770583],[2.145418,48.77088],[2.144871,48.770781],[2.144131,48.77088],[2.142242,48.771389],[2.141073,48.771757],[2.140933,48.77211],[2.140848,48.772633],[2.140901,48.773213],[2.140617,48.773425],[2.139946,48.773616],[2.13971,48.773797],[2.139614,48.774353],[2.139088,48.775122],[2.138948,48.775044],[2.138315,48.775158],[2.137629,48.774984],[2.136931,48.774995],[2.13529,48.775638],[2.134464,48.775667],[2.1339,48.77583],[2.133628,48.776342],[2.132286,48.777031],[2.132189,48.777243],[2.134517,48.779838],[2.133262,48.780361],[2.133209,48.780771],[2.132844,48.781089],[2.133305,48.784193],[2.134003,48.784963],[2.133788,48.787819],[2.133268,48.787688],[2.132769,48.78784],[2.131642,48.787678],[2.1294,48.787508],[2.12763,48.783762],[2.126643,48.783295],[2.124904,48.78222],[2.125634,48.781683],[2.126793,48.781711],[2.124572,48.77993],[2.123048,48.780064],[2.122233,48.779767],[2.121589,48.778926],[2.119433,48.778276],[2.119186,48.777936],[2.11924,48.777668],[2.117995,48.777696],[2.117609,48.777441],[2.11645,48.777364],[2.115345,48.776961],[2.114615,48.776876],[2.114004,48.777074],[2.113468,48.777038],[2.112427,48.77713],[2.111086,48.776911],[2.10909,48.776193],[2.106737,48.775302],[2.105539,48.775921],[2.104482,48.776186],[2.103146,48.776254],[2.10202,48.776169],[2.10084,48.776261],[2.100523,48.77614],[2.100181,48.776423],[2.100255,48.777893],[2.099971,48.778169],[2.099232,48.778283],[2.098824,48.778455],[2.098874,48.778924],[2.099269,48.779599],[2.099059,48.780208],[2.098468,48.780581],[2.097479,48.780671],[2.096483,48.780346],[2.095744,48.780305],[2.095534,48.780524],[2.095226,48.780451],[2.095584,48.779972],[2.095497,48.779631],[2.095014,48.7794],[2.092509,48.779053],[2.092208,48.779128],[2.091892,48.779506],[2.090572,48.780043],[2.089875,48.780623],[2.088877,48.78075],[2.088276,48.78051],[2.088051,48.780319],[2.087498,48.780266],[2.086098,48.780743],[2.08509,48.781252],[2.084693,48.781181],[2.08392,48.781351],[2.08406,48.782228],[2.08362,48.782475],[2.085056,48.783524],[2.083577,48.784228],[2.083105,48.785359],[2.082923,48.785649],[2.082719,48.786314],[2.082214,48.786826],[2.082107,48.787183],[2.082365,48.787734],[2.082231,48.787946],[2.082024,48.788024],[2.081764,48.788236],[2.080841,48.788321],[2.077708,48.787798],[2.076775,48.787876],[2.075809,48.787777],[2.074651,48.787586],[2.07229,48.788215],[2.070466,48.788406],[2.069833,48.788671],[2.070026,48.789367],[2.071582,48.790505],[2.071657,48.790781],[2.070627,48.791106],[2.070477,48.790632],[2.070085,48.790435],[2.068986,48.789657],[2.066636,48.790223],[2.065853,48.790279],[2.065681,48.790774],[2.064544,48.791382],[2.064844,48.791898],[2.064254,48.792831],[2.063257,48.793149],[2.063814,48.794258],[2.064222,48.795241],[2.057731,48.79623],[2.057774,48.797262],[2.057195,48.797135],[2.056712,48.798054],[2.055553,48.799213],[2.055274,48.799283],[2.053965,48.799297],[2.053279,48.799531],[2.052742,48.799919],[2.052077,48.800683],[2.052356,48.80088],[2.052088,48.801149],[2.051069,48.80146],[2.04903,48.802774],[2.049014,48.802898],[2.049221,48.802939],[2.049217,48.803037],[2.049406,48.803092],[2.049867,48.804075],[2.049116,48.804499],[2.048075,48.804901],[2.047528,48.804986],[2.04711,48.805297],[2.045275,48.805869],[2.044342,48.805933],[2.042292,48.806364],[2.042099,48.806138],[2.041906,48.806081],[2.038677,48.806364],[2.038403,48.806173],[2.037625,48.806032],[2.036488,48.805898],[2.036413,48.805982],[2.037239,48.806173],[2.037658,48.806562],[2.03784,48.807297],[2.036842,48.807367],[2.035737,48.807565],[2.035195,48.807834],[2.035211,48.807968],[2.033377,48.808215],[2.031907,48.80866],[2.031145,48.808975],[2.02982,48.80933],[2.028173,48.809664],[2.026607,48.8103],[2.025963,48.810837],[2.024815,48.811197],[2.024161,48.811091],[2.023742,48.811204],[2.023447,48.811193],[2.022989,48.811273],[2.022466,48.811197],[2.022079,48.810886],[2.021596,48.810738],[2.021092,48.810441],[2.020996,48.81018],[2.017337,48.810808],[2.014,48.814472],[2.013882,48.814779],[2.012595,48.815281],[2.012541,48.815026],[2.012659,48.814532],[2.012177,48.813967],[2.01201,48.813338],[2.012187,48.812709],[2.012316,48.812172],[2.013164,48.810088],[2.011855,48.81001],[2.009355,48.810724],[2.006866,48.810946],[2.005117,48.81105],[2.003765,48.811211],[1.99647,48.811458],[1.995316,48.811377],[1.993036,48.811444],[1.99272,48.811547],[1.991931,48.812229],[1.991545,48.812327],[1.990665,48.812151],[1.990107,48.811988],[1.988262,48.812052],[1.985998,48.812384],[1.985741,48.812751],[1.980827,48.814821],[1.965841,48.813734],[1.965953,48.814276],[1.96627,48.814694],[1.965563,48.814978],[1.964253,48.815727],[1.964328,48.816736],[1.962441,48.816551],[1.962235,48.818482],[1.957171,48.819311],[1.957136,48.819639],[1.955445,48.820001],[1.955014,48.819952],[1.953288,48.820241],[1.953042,48.819977],[1.95229,48.820147],[1.951748,48.819084],[1.951961,48.818298],[1.952475,48.818135],[1.952266,48.817899],[1.951849,48.817142],[1.950904,48.817329],[1.950539,48.816651],[1.950003,48.816665],[1.948876,48.816644],[1.948501,48.816694],[1.947846,48.81615],[1.947492,48.815266],[1.946849,48.814758],[1.946462,48.814221],[1.944059,48.814235],[1.943909,48.813726],[1.942911,48.811826],[1.941034,48.812243],[1.939178,48.812801],[1.937815,48.813345],[1.937482,48.813345],[1.936506,48.81309],[1.935723,48.813324],[1.935777,48.81343],[1.935498,48.813617],[1.935154,48.814002],[1.934618,48.814129],[1.93377,48.813543],[1.932837,48.813225],[1.930713,48.813115],[1.929715,48.812963],[1.927108,48.813006],[1.925756,48.812879],[1.925514,48.81273],[1.92553,48.812094],[1.925257,48.811893],[1.923996,48.811635],[1.923438,48.811388],[1.921454,48.809862],[1.921303,48.809169],[1.920756,48.808321],[1.920445,48.807382],[1.915864,48.805672],[1.914705,48.806491],[1.913632,48.806696],[1.913064,48.806915],[1.912779,48.807113],[1.912345,48.807141],[1.912044,48.807346],[1.912012,48.807615],[1.909775,48.807972],[1.909577,48.807827],[1.908107,48.809367],[1.907785,48.809219],[1.907249,48.809381],[1.906216,48.808871],[1.905612,48.808756],[1.905331,48.808599],[1.904523,48.808357],[1.903043,48.80866],[1.902404,48.808671],[1.901026,48.808385],[1.900693,48.808795],[1.900661,48.809261],[1.900661,48.809261],[1.90051,48.809421],[1.900767,48.809923],[1.901411,48.809881],[1.901615,48.810389],[1.901668,48.810792],[1.900789,48.812198],[1.900102,48.812368],[1.899598,48.812403],[1.899415,48.812587],[1.89978,48.812749],[1.900327,48.813293],[1.899834,48.813519],[1.899576,48.813378],[1.899072,48.813837],[1.899319,48.814099],[1.899394,48.814417],[1.898332,48.814586],[1.897956,48.815038],[1.897774,48.815123],[1.897645,48.815243],[1.897355,48.815384],[1.897259,48.815724],[1.896776,48.815964],[1.896315,48.815858],[1.89595,48.816162],[1.895456,48.816303],[1.893997,48.816041],[1.893579,48.816049],[1.893117,48.816147],[1.89257,48.816098],[1.89183,48.816147],[1.891176,48.816352],[1.890639,48.816748],[1.890339,48.817228],[1.890017,48.817235],[1.889802,48.817546],[1.889523,48.81768],[1.888998,48.817589],[1.888955,48.818337],[1.889148,48.819051],[1.888686,48.818938],[1.888322,48.818719],[1.887968,48.818486],[1.886433,48.819793],[1.880887,48.821107],[1.87969,48.821242],[1.879733,48.819038],[1.879454,48.818572],[1.878918,48.818403],[1.877819,48.818375],[1.877208,48.818297],[1.875067,48.817584],[1.872605,48.81663],[1.871833,48.816178],[1.870889,48.815768],[1.869687,48.815528],[1.868818,48.8161],[1.868104,48.816234],[1.867423,48.816143],[1.865202,48.815231],[1.864451,48.815175],[1.864001,48.815249],[1.863679,48.814284],[1.861608,48.813896],[1.860632,48.812546],[1.859162,48.810907],[1.858186,48.809275],[1.857703,48.807579],[1.857182,48.806576],[1.856429,48.80565],[1.855643,48.804527],[1.85457,48.803679],[1.853765,48.802965],[1.853046,48.802629],[1.850938,48.801932],[1.85041,48.801844],[1.850311,48.801728],[1.848809,48.801509],[1.847897,48.801121],[1.848229,48.800774],[1.8481,48.800647],[1.847553,48.800686],[1.846212,48.799721],[1.845568,48.799552],[1.844925,48.799594],[1.842275,48.800138],[1.842055,48.800142],[1.843927,48.797623],[1.839335,48.798216],[1.838305,48.795622],[1.83691,48.793347],[1.835655,48.791353],[1.833863,48.790519],[1.831347,48.789714],[1.83039,48.789339],[1.828703,48.789021],[1.826729,48.788597],[1.822619,48.788519],[1.821847,48.788639],[1.821413,48.788554],[1.820849,48.788116],[1.820817,48.787685],[1.820366,48.787035],[1.821879,48.786179],[1.822652,48.786003],[1.822319,48.785684],[1.821756,48.785479],[1.819143,48.784822],[1.817958,48.784419],[1.816678,48.783617],[1.815614,48.783118],[1.813275,48.783776],[1.81277,48.783719],[1.812432,48.783634],[1.81159,48.783521],[1.809069,48.782093],[1.809337,48.781697],[1.80776,48.780418],[1.807492,48.77975],[1.807503,48.779082],[1.806119,48.778092],[1.805464,48.778191],[1.804262,48.777434],[1.804284,48.77699],[1.804933,48.776976],[1.805679,48.776849],[1.805518,48.776333],[1.805764,48.775739],[1.806065,48.775951],[1.806312,48.77564],[1.806161,48.775449],[1.805335,48.774975],[1.805335,48.774282],[1.804901,48.773473],[1.804144,48.772663],[1.803887,48.771602],[1.803125,48.770549],[1.803077,48.770262],[1.803951,48.769283],[1.807706,48.766278],[1.80835,48.765606],[1.80879,48.764397],[1.808377,48.764124],[1.808449,48.764023],[1.807835,48.763541],[1.807621,48.762841],[1.807149,48.759177],[1.80665,48.758655],[1.806514,48.758256],[1.805735,48.758154],[1.805593,48.757504],[1.805078,48.75743],[1.805593,48.757184],[1.805727,48.75693],[1.805389,48.756535],[1.802176,48.75222],[1.799263,48.748245],[1.789035,48.746637],[1.787335,48.747007],[1.772858,48.74256],[1.767709,48.741996],[1.765596,48.74238],[1.765091,48.742337],[1.764351,48.742068],[1.763132,48.742436],[1.76275,48.742507],[1.761964,48.743002],[1.76168,48.743597],[1.761366,48.744635],[1.760795,48.745815],[1.760642,48.746683],[1.760038,48.747431],[1.759545,48.747703],[1.758761,48.747755],[1.757903,48.747646],[1.757238,48.747495],[1.756567,48.747587],[1.755017,48.74816],[1.753874,48.748238],[1.752539,48.747962],[1.751592,48.747558],[1.751096,48.747452],[1.750661,48.747495],[1.749696,48.747884],[1.748644,48.7484],[1.74697,48.748917],[1.745694,48.749457],[1.744379,48.749892],[1.742263,48.750456],[1.741284,48.750872],[1.740383,48.750921],[1.739836,48.751105],[1.73953,48.751402],[1.73876,48.752573],[1.738763,48.752895],[1.738151,48.752615],[1.738012,48.752407],[1.7368,48.752117],[1.736349,48.753708],[1.73593,48.754005],[1.73394,48.754791],[1.731993,48.75583],[1.731639,48.755993],[1.72842,48.757846],[1.725384,48.760923],[1.722884,48.762408],[1.7223,48.762521],[1.720942,48.762436],[1.71517,48.763582],[1.714189,48.763992],[1.713271,48.764275],[1.711361,48.765399],[1.710476,48.76623],[1.70898,48.767344],[1.704431,48.770427],[1.704618,48.770738],[1.704688,48.773729],[1.705557,48.774733],[1.702553,48.776077],[1.702575,48.776377],[1.702306,48.776664],[1.701732,48.776494],[1.701276,48.776268],[1.700552,48.776317],[1.699313,48.776953],[1.697875,48.77783],[1.696502,48.778378],[1.694088,48.779753],[1.691846,48.780354],[1.690977,48.780962],[1.690446,48.78162],[1.690244,48.782231],[1.690054,48.782461],[1.689255,48.783012],[1.688927,48.783415],[1.688772,48.783859],[1.687543,48.786409],[1.685044,48.791551],[1.685183,48.792025],[1.684947,48.792788],[1.685848,48.79317],[1.683788,48.794675],[1.682828,48.795064],[1.682222,48.795516],[1.683939,48.796527],[1.684352,48.79664],[1.68528,48.796654],[1.685172,48.797481],[1.685848,48.797806],[1.68639,48.798368],[1.686564,48.798812],[1.686599,48.799644],[1.688069,48.801453],[1.689523,48.803198],[1.689518,48.803446],[1.693165,48.805975],[1.694056,48.806201],[1.696856,48.810293],[1.697612,48.811098],[1.701523,48.813578],[1.701706,48.814638],[1.702178,48.815429],[1.702719,48.81693],[1.703057,48.81846],[1.703202,48.818693],[1.702929,48.819004],[1.702886,48.820847],[1.70273,48.821243],[1.701909,48.821928],[1.701711,48.822967],[1.701545,48.823503],[1.701716,48.824054],[1.702081,48.824775],[1.702381,48.826555],[1.701062,48.826717],[1.701593,48.827763],[1.702274,48.828751],[1.703208,48.828624],[1.704023,48.829281],[1.704613,48.83027],[1.706963,48.834684],[1.707488,48.835666],[1.707435,48.835828],[1.707789,48.836824],[1.708325,48.837791],[1.709355,48.839016],[1.710364,48.840171],[1.710954,48.841696],[1.711415,48.842565],[1.712263,48.843313],[1.712826,48.844284],[1.713164,48.845452],[1.713046,48.84666],[1.713464,48.847895],[1.714612,48.849329],[1.715149,48.850518],[1.715353,48.851298],[1.715315,48.851821],[1.715481,48.852993],[1.715347,48.853529],[1.714355,48.854623],[1.712456,48.85624],[1.71163,48.857997],[1.710203,48.85888],[1.71002,48.859169],[1.709108,48.859783],[1.708518,48.860553],[1.705096,48.85979],[1.703642,48.859667],[1.702475,48.859796],[1.701362,48.859734],[1.698294,48.85883],[1.696996,48.858753],[1.696202,48.858463],[1.696395,48.857765],[1.690966,48.857637],[1.69043,48.857525],[1.683263,48.853861],[1.682984,48.853981],[1.6816,48.853423],[1.681551,48.853271],[1.680151,48.852498],[1.678982,48.853254],[1.678402,48.852096],[1.677807,48.851514],[1.677075,48.851282],[1.675892,48.851051],[1.675184,48.851072],[1.67365,48.850444],[1.672716,48.849904],[1.671193,48.847662],[1.671042,48.847052],[1.67057,48.84606],[1.670409,48.844768],[1.670173,48.844425],[1.669009,48.843796],[1.668124,48.843491],[1.666456,48.842608],[1.665185,48.842183],[1.663854,48.840926],[1.663168,48.840651],[1.661682,48.841654],[1.66114,48.842169],[1.660335,48.842688],[1.659262,48.843101],[1.659091,48.84164],[1.656162,48.842678],[1.655271,48.843211],[1.654509,48.844245],[1.65334,48.844859],[1.652111,48.845212],[1.651419,48.844054],[1.650529,48.842212],[1.650207,48.841202],[1.649156,48.839472],[1.64915,48.83903],[1.649402,48.838639],[1.650057,48.838363],[1.650588,48.837883],[1.65172,48.836259],[1.653082,48.836412],[1.655024,48.836388],[1.657154,48.836129],[1.656313,48.835207],[1.654688,48.83426],[1.651248,48.832947],[1.646955,48.829416],[1.647945,48.828137],[1.649215,48.826538],[1.649122,48.826292],[1.639968,48.822037],[1.638169,48.822954],[1.637268,48.823053],[1.636818,48.82318]]],"type":"MultiLineString"},"properties":{"geo_point":{"lon":1.9500239074371075,"lat":48.80236259841969},"name":"GR22 De Paris (Ile de France) à Richebourg (Yvelines) (2019)","code_gr":"GR22"}},{"type":"Feature","geometry":{"coordinates":[[[2.287858,48.8557],[2.28003,48.850246],[2.281626,48.849337],[2.277705,48.846576],[2.276937,48.846089],[2.27606,48.84526],[2.27454,48.843547],[2.27455,48.84347],[2.273844,48.84275],[2.274184,48.842565],[2.273767,48.841888],[2.276286,48.840892],[2.275746,48.840246],[2.276685,48.838838],[2.275827,48.837948],[2.275891,48.8378],[2.276471,48.837595],[2.276857,48.8378],[2.277544,48.837461],[2.277286,48.837157],[2.278659,48.836839],[2.277029,48.833704],[2.276374,48.833584],[2.276256,48.833463],[2.276278,48.833255],[2.276642,48.833139],[2.276052,48.832588],[2.275312,48.832552],[2.275001,48.832468],[2.274432,48.832178],[2.273982,48.832058],[2.273789,48.831747],[2.273274,48.831663],[2.273316,48.831451],[2.27353,48.831042],[2.273464,48.83092],[2.272936,48.830885],[2.272685,48.83065],[2.272923,48.830276],[2.273293,48.830216],[2.273715,48.830303],[2.272812,48.82989],[2.271246,48.829621],[2.270532,48.829766],[2.26984,48.830052],[2.26962,48.82965],[2.269457,48.829561],[2.269443,48.82936],[2.269669,48.82929],[2.26969,48.828965],[2.269175,48.828495],[2.268397,48.828101],[2.268338,48.827866],[2.267287,48.827827],[2.26572,48.828428],[2.263741,48.829159],[2.262872,48.829328],[2.262513,48.82947],[2.260742,48.829833],[2.259868,48.830204],[2.259562,48.829918],[2.259643,48.829805],[2.259559,48.829593],[2.259326,48.829293],[2.259305,48.828837],[2.258857,48.828615],[2.258657,48.828311],[2.25931,48.82782],[2.259337,48.827566],[2.259111,48.827181],[2.258296,48.826544],[2.258138,48.826383],[2.257915,48.826264],[2.257325,48.825841],[2.257153,48.825885],[2.256944,48.825709],[2.256032,48.825225],[2.255421,48.824811],[2.254549,48.824198],[2.254114,48.824329],[2.253651,48.824007],[2.252142,48.823377],[2.252041,48.823166],[2.251681,48.822916],[2.250405,48.822505],[2.250126,48.822555],[2.249906,48.822512],[2.250228,48.821915],[2.246776,48.82082],[2.243893,48.820279],[2.243613,48.820042],[2.242912,48.820121],[2.242841,48.820361],[2.240695,48.820238],[2.238786,48.820492],[2.236511,48.821008],[2.235564,48.821299],[2.234361,48.821586],[2.233228,48.821975],[2.232343,48.822442],[2.232059,48.822261],[2.232241,48.822159],[2.232139,48.822067],[2.232847,48.821061],[2.232933,48.820926],[2.233019,48.820552],[2.233384,48.820266],[2.233652,48.820026],[2.2339,48.819689],[2.233558,48.819705],[2.232882,48.820208],[2.232595,48.820315],[2.232688,48.819909],[2.232843,48.819871],[2.232965,48.819679],[2.233185,48.819478],[2.232871,48.819024],[2.23186,48.81885],[2.231249,48.818537],[2.229688,48.819117],[2.229487,48.81885],[2.229734,48.817739],[2.229574,48.817505],[2.231035,48.811617],[2.230404,48.811574],[2.230106,48.811996],[2.230257,48.810325],[2.225418,48.809846],[2.22177,48.812065],[2.221422,48.81383],[2.221615,48.814436],[2.221755,48.81464],[2.221894,48.814707],[2.221937,48.815242],[2.220654,48.815181],[2.220177,48.815732],[2.219184,48.815023],[2.218755,48.815],[2.218476,48.815285],[2.217575,48.815417],[2.217631,48.815628],[2.217661,48.816029],[2.217495,48.81662],[2.216169,48.816603],[2.215236,48.816959],[2.215167,48.816694],[2.215081,48.816512],[2.209894,48.816645],[2.209786,48.816264],[2.209566,48.815888],[2.209222,48.815643],[2.208996,48.815553],[2.208813,48.81533],[2.208072,48.814978],[2.207697,48.814877],[2.207194,48.814518],[2.206781,48.813974],[2.206455,48.813883],[2.201053,48.812267],[2.200334,48.81015],[2.200039,48.810004],[2.199615,48.809625],[2.199529,48.809448],[2.199368,48.809359],[2.199073,48.809372],[2.19884,48.809316],[2.198268,48.809341],[2.19792,48.809426],[2.197679,48.809393],[2.197148,48.809183],[2.196917,48.808966],[2.196638,48.808814],[2.195828,48.808635],[2.195736,48.808369],[2.196224,48.808066],[2.196718,48.807673],[2.19774,48.807302],[2.198579,48.807118],[2.199207,48.80704],[2.200503,48.805908],[2.202292,48.804528],[2.2044,48.805768],[2.20419,48.805377],[2.204588,48.804472],[2.204539,48.804125],[2.204301,48.803641],[2.20428,48.80306],[2.204132,48.802726],[2.203874,48.802475],[2.203912,48.802168],[2.203091,48.801578],[2.203246,48.801278],[2.204255,48.800875],[2.204405,48.80067],[2.20463,48.799836],[2.204582,48.799488],[2.204445,48.799353],[2.204437,48.799239],[2.203536,48.79879],[2.202549,48.798444],[2.203107,48.797808],[2.204384,48.797214],[2.204673,48.796564],[2.204416,48.795921],[2.204512,48.795786],[2.204952,48.79556],[2.205596,48.795129],[2.207066,48.794896],[2.20992,48.793821],[2.208493,48.79238],[2.208128,48.792295],[2.20698,48.792698],[2.206369,48.792415],[2.20654,48.791539],[2.206433,48.790987],[2.204459,48.791341],[2.203987,48.790606],[2.203987,48.788796],[2.202828,48.787552],[2.200929,48.786746],[2.199148,48.786174],[2.197936,48.787198],[2.193269,48.78869],[2.191413,48.788315],[2.190726,48.788372],[2.188902,48.789234],[2.188151,48.789333],[2.187614,48.789602],[2.187024,48.790224],[2.186574,48.790825],[2.185748,48.790931],[2.184696,48.790775],[2.184031,48.791185],[2.18298,48.791157],[2.181209,48.789996],[2.180233,48.788604],[2.180268,48.788327],[2.179182,48.788363],[2.176789,48.791184],[2.174739,48.791625],[2.173786,48.791157],[2.17283,48.792173],[2.16929,48.791247],[2.168378,48.791021],[2.167552,48.790251],[2.167412,48.789657],[2.167616,48.789127],[2.168324,48.788229],[2.168265,48.787982],[2.167691,48.787734],[2.167326,48.787699],[2.16679,48.787448],[2.16664,48.787231],[2.166168,48.787013],[2.165331,48.786865],[2.164859,48.786586],[2.164354,48.785819],[2.164483,48.78538],[2.163606,48.78392],[2.162616,48.782948],[2.162765,48.782714],[2.164558,48.782333],[2.16434,48.781377],[2.16455,48.781133],[2.16525,48.780905],[2.164397,48.778643],[2.161468,48.779138],[2.159698,48.779435],[2.153314,48.771134],[2.152413,48.771134],[2.151737,48.770505],[2.151362,48.7703],[2.151169,48.770031],[2.150568,48.77001],[2.149806,48.770137],[2.148551,48.770646],[2.14795,48.770958],[2.147762,48.7712],[2.147789,48.771569],[2.147574,48.771594],[2.147301,48.771074],[2.146469,48.770583],[2.145418,48.77088],[2.144871,48.770781],[2.144131,48.77088],[2.142242,48.771389],[2.141073,48.771757],[2.140933,48.77211],[2.140848,48.772633],[2.140901,48.773213],[2.140617,48.773425],[2.139946,48.773616],[2.13971,48.773797],[2.139614,48.774353],[2.139088,48.775122],[2.138948,48.775044],[2.138315,48.775158],[2.137629,48.774984],[2.136931,48.774995],[2.13529,48.775638],[2.134464,48.775667],[2.1339,48.77583],[2.133628,48.776342],[2.132286,48.777031],[2.132189,48.777243],[2.134517,48.779838],[2.133262,48.780361],[2.133209,48.780771],[2.132844,48.781089],[2.133305,48.784193],[2.134003,48.784963],[2.133788,48.787819],[2.133268,48.787688],[2.132769,48.78784],[2.131642,48.787678],[2.1294,48.787508],[2.12763,48.783762],[2.126643,48.783295],[2.124904,48.78222],[2.125634,48.781683],[2.126793,48.781711],[2.124572,48.77993],[2.123048,48.780064],[2.122233,48.779767],[2.121589,48.778926],[2.119433,48.778276],[2.119186,48.777936],[2.11924,48.777668],[2.117995,48.777696],[2.117609,48.777441],[2.11645,48.777364],[2.115345,48.776961],[2.114615,48.776876],[2.114004,48.777074],[2.113468,48.777038],[2.112427,48.77713],[2.111086,48.776911],[2.10909,48.776193],[2.106737,48.775302],[2.105539,48.775921],[2.104482,48.776186],[2.103146,48.776254],[2.10202,48.776169],[2.10084,48.776261],[2.100523,48.77614],[2.100181,48.776423],[2.100255,48.777893],[2.099971,48.778169],[2.099232,48.778283],[2.098824,48.778455],[2.098874,48.778924],[2.099269,48.779599],[2.099059,48.780208],[2.098468,48.780581],[2.097479,48.780671],[2.096483,48.780346],[2.095744,48.780305],[2.095534,48.780524],[2.095226,48.780451],[2.095584,48.779972],[2.095497,48.779631],[2.095014,48.7794],[2.092509,48.779053],[2.092208,48.779128],[2.091892,48.779506],[2.090572,48.780043],[2.089875,48.780623],[2.088877,48.78075],[2.088276,48.78051],[2.088051,48.780319],[2.087498,48.780266],[2.086098,48.780743],[2.08509,48.781252],[2.084693,48.781181],[2.08392,48.781351],[2.08406,48.782228],[2.08362,48.782475],[2.085056,48.783524],[2.083577,48.784228],[2.083105,48.785359],[2.082923,48.785649],[2.082719,48.786314],[2.082214,48.786826],[2.082107,48.787183],[2.082365,48.787734],[2.082231,48.787946],[2.082024,48.788024],[2.081764,48.788236],[2.080841,48.788321],[2.077708,48.787798],[2.076775,48.787876],[2.075809,48.787777],[2.074651,48.787586],[2.07229,48.788215],[2.070466,48.788406],[2.069833,48.788671],[2.070026,48.789367],[2.071582,48.790505],[2.071657,48.790781],[2.070627,48.791106],[2.070477,48.790632],[2.070085,48.790435],[2.068986,48.789657],[2.066636,48.790223],[2.065853,48.790279],[2.065681,48.790774],[2.064544,48.791382],[2.064844,48.791898],[2.064254,48.792831],[2.063257,48.793149],[2.063814,48.794258],[2.064222,48.795241],[2.057731,48.79623],[2.057774,48.797262],[2.057195,48.797135],[2.056712,48.798054],[2.055553,48.799213],[2.055274,48.799283],[2.053965,48.799297],[2.053279,48.799531],[2.052742,48.799919],[2.052077,48.800683],[2.052356,48.80088],[2.052088,48.801149],[2.051069,48.80146],[2.04903,48.802774],[2.049014,48.802898],[2.049221,48.802939],[2.049217,48.803037],[2.049406,48.803092],[2.049867,48.804075],[2.049116,48.804499],[2.048075,48.804901],[2.047528,48.804986],[2.04711,48.805297],[2.045275,48.805869],[2.044342,48.805933],[2.042292,48.806364],[2.042099,48.806138],[2.041906,48.806081],[2.038677,48.806364],[2.038403,48.806173],[2.037625,48.806032],[2.036488,48.805898],[2.036413,48.805982],[2.037239,48.806173],[2.037658,48.806562],[2.03784,48.807297],[2.036842,48.807367],[2.035737,48.807565],[2.035195,48.807834],[2.035211,48.807968],[2.033377,48.808215],[2.031907,48.80866],[2.031145,48.808975],[2.02982,48.80933],[2.028173,48.809664],[2.026607,48.8103],[2.025963,48.810837],[2.024815,48.811197],[2.024161,48.811091],[2.023742,48.811204],[2.023447,48.811193],[2.022989,48.811273],[2.022466,48.811197],[2.022079,48.810886],[2.021596,48.810738],[2.021092,48.810441],[2.020996,48.81018],[2.017337,48.810808],[2.014,48.814472],[2.013882,48.814779],[2.012595,48.815281],[2.012541,48.815026],[2.012659,48.814532],[2.012177,48.813967],[2.01201,48.813338],[2.012187,48.812709],[2.012316,48.812172],[2.013164,48.810088],[2.011855,48.81001],[2.009355,48.810724],[2.006866,48.810946],[2.005117,48.81105],[2.003765,48.811211],[1.99647,48.811458],[1.995316,48.811377],[1.993036,48.811444],[1.99272,48.811547],[1.991931,48.812229],[1.991545,48.812327],[1.990665,48.812151],[1.990107,48.811988],[1.988262,48.812052],[1.985998,48.812384],[1.985741,48.812751],[1.980827,48.814821],[1.965841,48.813734],[1.965953,48.814276],[1.96627,48.814694],[1.965563,48.814978],[1.964253,48.815727],[1.964328,48.816736],[1.962441,48.816551],[1.962235,48.818482],[1.957171,48.819311],[1.957136,48.819639],[1.955445,48.820001],[1.955014,48.819952],[1.953288,48.820241],[1.953042,48.819977],[1.95229,48.820147],[1.951748,48.819084],[1.951961,48.818298],[1.952475,48.818135],[1.952266,48.817899],[1.951849,48.817142],[1.950904,48.817329],[1.950539,48.816651],[1.950003,48.816665],[1.948876,48.816644],[1.948501,48.816694],[1.947846,48.81615],[1.947492,48.815266],[1.946849,48.814758],[1.946462,48.814221],[1.944059,48.814235],[1.943909,48.813726],[1.942911,48.811826],[1.941034,48.812243],[1.939178,48.812801],[1.937815,48.813345],[1.937482,48.813345],[1.936506,48.81309],[1.935723,48.813324],[1.935777,48.81343],[1.935498,48.813617],[1.935154,48.814002],[1.934618,48.814129],[1.93377,48.813543],[1.932837,48.813225],[1.930713,48.813115],[1.929715,48.812963],[1.927108,48.813006],[1.925756,48.812879],[1.925514,48.81273],[1.92553,48.812094],[1.925257,48.811893],[1.923996,48.811635],[1.923438,48.811388],[1.921454,48.809862],[1.921303,48.809169],[1.920756,48.808321],[1.920445,48.807382],[1.915864,48.805672],[1.914705,48.806491],[1.913632,48.806696],[1.913064,48.806915],[1.912779,48.807113],[1.912345,48.807141],[1.912044,48.807346],[1.912012,48.807615],[1.909775,48.807972],[1.909577,48.807827],[1.908107,48.809367],[1.907785,48.809219],[1.907249,48.809381],[1.906216,48.808871],[1.905612,48.808756],[1.905331,48.808599],[1.904523,48.808357],[1.903043,48.80866],[1.902404,48.808671],[1.901026,48.808385],[1.900693,48.808795],[1.900661,48.809261],[1.900661,48.809261],[1.90051,48.809421],[1.900767,48.809923],[1.901411,48.809881],[1.901615,48.810389],[1.901668,48.810792],[1.900789,48.812198],[1.900102,48.812368],[1.899598,48.812403],[1.899415,48.812587],[1.89978,48.812749],[1.900327,48.813293],[1.899834,48.813519],[1.899576,48.813378],[1.899072,48.813837],[1.899319,48.814099],[1.899394,48.814417],[1.898332,48.814586],[1.897956,48.815038],[1.897774,48.815123],[1.897645,48.815243],[1.897355,48.815384],[1.897259,48.815724],[1.896776,48.815964],[1.896315,48.815858],[1.89595,48.816162],[1.895456,48.816303],[1.893997,48.816041],[1.893579,48.816049],[1.893117,48.816147],[1.89257,48.816098],[1.89183,48.816147],[1.891176,48.816352],[1.890639,48.816748],[1.890339,48.817228],[1.890017,48.817235],[1.889802,48.817546],[1.889523,48.81768],[1.888998,48.817589],[1.888955,48.818337],[1.889148,48.819051],[1.888686,48.818938],[1.888322,48.818719],[1.887968,48.818486],[1.886433,48.819793],[1.880887,48.821107],[1.87969,48.821242],[1.879733,48.819038],[1.879454,48.818572],[1.878918,48.818403],[1.877819,48.818375],[1.877208,48.818297],[1.875067,48.817584],[1.872605,48.81663],[1.871833,48.816178],[1.870889,48.815768],[1.869687,48.815528],[1.868818,48.8161],[1.868104,48.816234],[1.867423,48.816143],[1.865202,48.815231],[1.864451,48.815175],[1.864001,48.815249],[1.863679,48.814284],[1.861608,48.813896],[1.860632,48.812546],[1.859162,48.810907],[1.858186,48.809275],[1.857703,48.807579],[1.857182,48.806576],[1.856429,48.80565],[1.855643,48.804527],[1.85457,48.803679],[1.853765,48.802965],[1.853046,48.802629],[1.850938,48.801932],[1.85041,48.801844],[1.850311,48.801728],[1.848809,48.801509],[1.847897,48.801121],[1.848229,48.800774],[1.8481,48.800647],[1.847553,48.800686],[1.846212,48.799721],[1.845568,48.799552],[1.844925,48.799594],[1.842275,48.800138],[1.842055,48.800142],[1.843927,48.797623],[1.839335,48.798216],[1.838305,48.795622],[1.83691,48.793347],[1.835655,48.791353],[1.833863,48.790519],[1.831347,48.789714],[1.83039,48.789339],[1.828703,48.789021],[1.826729,48.788597],[1.822619,48.788519],[1.821847,48.788639],[1.821413,48.788554],[1.820849,48.788116],[1.820817,48.787685],[1.820366,48.787035],[1.821879,48.786179],[1.822652,48.786003],[1.822319,48.785684],[1.821756,48.785479],[1.819143,48.784822],[1.817958,48.784419],[1.816678,48.783617],[1.815614,48.783118],[1.813275,48.783776],[1.81277,48.783719],[1.812432,48.783634],[1.81159,48.783521],[1.809069,48.782093],[1.809337,48.781697],[1.80776,48.780418],[1.807492,48.77975],[1.807503,48.779082],[1.806119,48.778092],[1.805464,48.778191],[1.804262,48.777434],[1.804284,48.77699],[1.804933,48.776976],[1.805679,48.776849],[1.805518,48.776333],[1.805764,48.775739],[1.806065,48.775951],[1.806312,48.77564],[1.806161,48.775449],[1.805335,48.774975],[1.805335,48.774282],[1.804901,48.773473],[1.804144,48.772663],[1.803887,48.771602],[1.803125,48.770549],[1.803077,48.770262],[1.803951,48.769283],[1.807706,48.766278],[1.80835,48.765606],[1.80879,48.764397],[1.808377,48.764124],[1.808449,48.764023],[1.807835,48.763541],[1.807621,48.762841],[1.807149,48.759177],[1.80665,48.758655],[1.806514,48.758256],[1.805735,48.758154],[1.805593,48.757504],[1.805078,48.75743],[1.805593,48.757184],[1.805727,48.75693],[1.805389,48.756535],[1.802176,48.75222],[1.799263,48.748245],[1.789035,48.746637],[1.787335,48.747007],[1.772858,48.74256],[1.767709,48.741996],[1.765596,48.74238],[1.765091,48.742337],[1.764351,48.742068],[1.763132,48.742436],[1.76275,48.742507],[1.761964,48.743002],[1.76168,48.743597],[1.761366,48.744635],[1.760795,48.745815],[1.760642,48.746683],[1.760038,48.747431],[1.759545,48.747703],[1.758761,48.747755],[1.757903,48.747646],[1.757238,48.747495],[1.756567,48.747587],[1.755017,48.74816],[1.753874,48.748238],[1.752539,48.747962],[1.751592,48.747558],[1.751096,48.747452],[1.750661,48.747495],[1.749696,48.747884],[1.748644,48.7484],[1.74697,48.748917],[1.745694,48.749457],[1.744379,48.749892],[1.742263,48.750456],[1.741284,48.750872],[1.740383,48.750921],[1.739836,48.751105],[1.73953,48.751402],[1.73876,48.752573],[1.738763,48.752895],[1.738151,48.752615],[1.738012,48.752407],[1.7368,48.752117],[1.736349,48.753708],[1.73593,48.754005],[1.73394,48.754791],[1.731993,48.75583],[1.731639,48.755993],[1.72842,48.757846],[1.725384,48.760923],[1.722884,48.762408],[1.7223,48.762521],[1.720942,48.762436],[1.71517,48.763582],[1.714189,48.763992],[1.713271,48.764275],[1.711361,48.765399],[1.710476,48.76623],[1.70898,48.767344],[1.704431,48.770427],[1.704618,48.770738],[1.704688,48.773729],[1.705557,48.774733],[1.702553,48.776077],[1.702575,48.776377],[1.702306,48.776664],[1.701732,48.776494],[1.701276,48.776268],[1.700552,48.776317],[1.699313,48.776953],[1.697875,48.77783],[1.696502,48.778378],[1.694088,48.779753],[1.691846,48.780354],[1.690977,48.780962],[1.690446,48.78162],[1.690244,48.782231],[1.690054,48.782461],[1.689255,48.783012],[1.688927,48.783415],[1.688772,48.783859],[1.687543,48.786409],[1.685044,48.791551],[1.685183,48.792025],[1.684947,48.792788],[1.685848,48.79317],[1.683788,48.794675],[1.682828,48.795064],[1.682222,48.795516],[1.683939,48.796527],[1.684352,48.79664],[1.68528,48.796654],[1.685172,48.797481],[1.685848,48.797806],[1.68639,48.798368],[1.686564,48.798812],[1.686599,48.799644],[1.688069,48.801453],[1.689523,48.803198],[1.689518,48.803446],[1.693165,48.805975],[1.694056,48.806201],[1.696856,48.810293],[1.697612,48.811098],[1.701523,48.813578],[1.701706,48.814638],[1.702178,48.815429],[1.702719,48.81693],[1.703057,48.81846],[1.703202,48.818693],[1.702929,48.819004],[1.702886,48.820847],[1.70273,48.821243],[1.701909,48.821928],[1.701711,48.822967],[1.701545,48.823503],[1.701716,48.824054],[1.702081,48.824775],[1.702381,48.826555],[1.701062,48.826717],[1.701593,48.827763],[1.702274,48.828751],[1.703208,48.828624],[1.704023,48.829281],[1.704613,48.83027],[1.706963,48.834684],[1.707488,48.835666],[1.707435,48.835828],[1.707789,48.836824],[1.708325,48.837791],[1.709355,48.839016],[1.710364,48.840171],[1.710954,48.841696],[1.711415,48.842565],[1.712263,48.843313],[1.712826,48.844284],[1.713164,48.845452],[1.713046,48.84666],[1.713464,48.847895],[1.714612,48.849329],[1.715149,48.850518],[1.715353,48.851298],[1.715315,48.851821],[1.715481,48.852993],[1.715347,48.853529],[1.714355,48.854623],[1.712456,48.85624],[1.71163,48.857997],[1.710203,48.85888],[1.71002,48.859169],[1.709108,48.859783],[1.708518,48.860553],[1.705096,48.85979],[1.703642,48.859667],[1.702475,48.859796],[1.701362,48.859734],[1.698294,48.85883],[1.696996,48.858753],[1.696202,48.858463],[1.696395,48.857765],[1.690966,48.857637],[1.69043,48.857525],[1.683263,48.853861],[1.682984,48.853981],[1.6816,48.853423],[1.681551,48.853271],[1.680151,48.852498],[1.678982,48.853254],[1.678402,48.852096],[1.677807,48.851514],[1.677075,48.851282],[1.675892,48.851051],[1.675184,48.851072],[1.67365,48.850444],[1.672716,48.849904],[1.671193,48.847662],[1.671042,48.847052],[1.67057,48.84606],[1.670409,48.844768],[1.670173,48.844425],[1.669009,48.843796],[1.668124,48.843491],[1.666456,48.842608],[1.665185,48.842183],[1.663854,48.840926],[1.663168,48.840651],[1.661682,48.841654],[1.66114,48.842169],[1.660335,48.842688],[1.659262,48.843101],[1.659091,48.84164],[1.656162,48.842678],[1.655271,48.843211],[1.654509,48.844245],[1.65334,48.844859],[1.652111,48.845212],[1.651419,48.844054],[1.650529,48.842212],[1.650207,48.841202],[1.649156,48.839472],[1.64915,48.83903],[1.649402,48.838639],[1.650057,48.838363],[1.650588,48.837883],[1.65172,48.836259],[1.653082,48.836412],[1.655024,48.836388],[1.657154,48.836129],[1.656313,48.835207],[1.654688,48.83426],[1.651248,48.832947],[1.646955,48.829416],[1.647945,48.828137],[1.649215,48.826538],[1.649122,48.826292],[1.639968,48.822037],[1.638169,48.822954],[1.637268,48.823053],[1.636818,48.82318],[1.636715,48.823106],[1.636715,48.823106],[1.635536,48.822973],[1.632376,48.823246],[1.63147,48.823441],[1.63146,48.823992],[1.63088,48.823849],[1.62889,48.823669],[1.62728,48.82383],[1.6261,48.824131],[1.62512,48.82412],[1.62419,48.824291],[1.62077,48.822262],[1.61925,48.821522],[1.61733,48.821091],[1.61627,48.82093],[1.612997,48.820752],[1.61004,48.820179],[1.60916,48.819981],[1.60833,48.819698],[1.60767,48.819389],[1.60562,48.818161],[1.60499,48.817928],[1.60426,48.817799],[1.60315,48.81776],[1.59938,48.817329],[1.59861,48.817291],[1.59783,48.81731],[1.59588,48.81744],[1.59497,48.81731],[1.59384,48.817039],[1.59341,48.817001],[1.59192,48.817081],[1.59029,48.817429],[1.58652,48.817581],[1.58566,48.81768],[1.58405,48.81802],[1.58242,48.818169],[1.58122,48.81818],[1.58007,48.81831],[1.57903,48.81826],[1.57795,48.818291],[1.57645,48.81823],[1.57553,48.81815],[1.57473,48.818161],[1.573957,48.81819],[1.57316,48.818619],[1.57295,48.817421],[1.57319,48.81694],[1.57378,48.816399],[1.573869,48.816067],[1.57398,48.814999],[1.57408,48.814789],[1.57104,48.81583],[1.56995,48.815819],[1.56857,48.815899],[1.56629,48.816311],[1.565779,48.816451],[1.565476,48.81671],[1.56522,48.817494],[1.56452,48.81714],[1.562298,48.816487],[1.56193,48.816776],[1.56202,48.81741],[1.561991,48.818091],[1.56224,48.819425],[1.56205,48.81995],[1.561522,48.820365],[1.55844,48.821353],[1.557947,48.82142],[1.55739,48.82143],[1.55711,48.821579],[1.55635,48.822441],[1.555048,48.823554],[1.55461,48.824249],[1.55068,48.824245],[1.549444,48.824409],[1.546022,48.823742],[1.54466,48.823344],[1.54492,48.823841],[1.54545,48.825218],[1.545936,48.825726],[1.551103,48.828478],[1.550177,48.828796],[1.542696,48.832294],[1.54248,48.832369],[1.543561,48.83717],[1.544607,48.838127],[1.543761,48.838301],[1.542839,48.838701],[1.542555,48.839213],[1.542136,48.839675],[1.541659,48.840034],[1.541371,48.840497],[1.541379,48.840979],[1.54174,48.84132],[1.54201,48.841919],[1.54263,48.842239],[1.542235,48.842607],[1.541274,48.84288],[1.54141,48.843182],[1.542212,48.843611],[1.54194,48.843788],[1.54096,48.844158],[1.54022,48.843109],[1.539138,48.843215],[1.538228,48.843542],[1.53677,48.843842],[1.5357,48.84444],[1.53457,48.845211],[1.5331,48.84605],[1.53162,48.846458],[1.53039,48.84639],[1.528414,48.846433],[1.526481,48.846561],[1.526297,48.846167],[1.525874,48.846231],[1.52551,48.846699],[1.52476,48.846661],[1.52457,48.84676],[1.52441,48.84803],[1.52418,48.84856],[1.5239,48.8489],[1.52284,48.849331],[1.52243,48.849607],[1.521342,48.849545],[1.520288,48.849275],[1.519347,48.849117],[1.517592,48.848685],[1.516879,48.848508],[1.51532,48.84824],[1.514689,48.847901],[1.512496,48.848428],[1.511784,48.848544],[1.508322,48.84968],[1.507899,48.849777],[1.507479,48.849796],[1.50715,48.848289],[1.50697,48.847851],[1.506067,48.846809],[1.504636,48.845653],[1.5052,48.845718],[1.507129,48.843646],[1.50827,48.84277],[1.50853,48.842468],[1.50878,48.841721],[1.50889,48.840839],[1.509861,48.838985],[1.51004,48.838041],[1.506847,48.837805],[1.498705,48.836985],[1.495989,48.836472],[1.4937,48.837255],[1.489832,48.838862],[1.48968,48.838981],[1.489388,48.839013],[1.488881,48.839425],[1.488406,48.83952],[1.487746,48.83949],[1.48721,48.8396],[1.487407,48.840281],[1.486987,48.840743],[1.486125,48.840901],[1.485454,48.84091],[1.484653,48.840756],[1.483209,48.840255],[1.482913,48.840446],[1.48222,48.84068],[1.480978,48.840757],[1.480079,48.840535],[1.479144,48.840244],[1.478656,48.840276],[1.478009,48.840495],[1.477436,48.840771],[1.476591,48.841405],[1.475813,48.842106],[1.47515,48.843159],[1.474336,48.844048],[1.473447,48.844714],[1.472169,48.84523],[1.471175,48.845536],[1.470325,48.846321],[1.469822,48.846807],[1.468791,48.847601],[1.468561,48.847623],[1.46823,48.847271],[1.467827,48.847184],[1.467281,48.847211],[1.46582,48.84763],[1.464157,48.84797],[1.463072,48.847998],[1.46292,48.84787],[1.46291,48.847328],[1.46279,48.847111],[1.461926,48.846793],[1.461757,48.846996],[1.461338,48.84726],[1.460657,48.847469],[1.459046,48.847776],[1.457679,48.848028],[1.456398,48.848252],[1.455541,48.848554],[1.454298,48.849339],[1.453052,48.850048],[1.45137,48.850653],[1.45206,48.8526],[1.452663,48.853743],[1.450029,48.855091],[1.447069,48.854578],[1.446744,48.854107],[1.445703,48.854107],[1.444956,48.858238],[1.440181,48.857891],[1.44006,48.858181],[1.43998,48.858238],[1.43827,48.858101],[1.437985,48.858023],[1.439279,48.856364],[1.440248,48.855073],[1.439149,48.854749],[1.438254,48.854532],[1.43861,48.853699],[1.43768,48.853489],[1.43755,48.85339],[1.43752,48.853291],[1.43754,48.853039],[1.438229,48.851372],[1.438319,48.850505],[1.438823,48.849168],[1.4387,48.847301],[1.43856,48.846809],[1.43827,48.846142],[1.43919,48.84626],[1.44022,48.846531],[1.44144,48.847012],[1.44207,48.84729],[1.44257,48.847599],[1.44299,48.8479],[1.44338,48.848282],[1.44351,48.84816],[1.44354,48.848019],[1.44659,48.8428],[1.44457,48.835388],[1.44411,48.833542],[1.431795,48.824384],[1.43116,48.823865],[1.42409,48.81871],[1.41393,48.811131],[1.406715,48.805818],[1.401269,48.81271],[1.392805,48.811564],[1.391011,48.808837],[1.383269,48.810365],[1.38433,48.813431],[1.38363,48.813789],[1.3827,48.814159],[1.38201,48.814281],[1.381159,48.814418],[1.379793,48.814895],[1.379744,48.815515],[1.380568,48.816509],[1.3782,48.816702],[1.37753,48.817074],[1.376595,48.81738],[1.37596,48.817799],[1.375882,48.818508],[1.36316,48.819141],[1.36247,48.818539],[1.36194,48.817921],[1.36238,48.814812],[1.362765,48.814341],[1.36255,48.813751],[1.36264,48.812908],[1.3635,48.811489],[1.365047,48.809495],[1.36687,48.808731],[1.366888,48.808615],[1.367777,48.808204],[1.36844,48.807624],[1.368519,48.806269],[1.36784,48.806252],[1.36758,48.806171],[1.367403,48.805865],[1.36792,48.80545],[1.369263,48.804227],[1.370392,48.802991],[1.370559,48.802856],[1.370943,48.803051],[1.371756,48.80316],[1.372127,48.803443],[1.37252,48.803471],[1.372493,48.80315],[1.372746,48.802707],[1.372574,48.801359],[1.37299,48.8009],[1.37325,48.80051],[1.37366,48.800098],[1.37875,48.798809],[1.37823,48.797371],[1.37749,48.795631],[1.37854,48.794151],[1.38,48.793869],[1.383302,48.793926],[1.38399,48.793725],[1.384977,48.792916],[1.38582,48.792452],[1.386254,48.792341],[1.386952,48.791114],[1.38631,48.790649],[1.38644,48.790489],[1.38576,48.790161],[1.385285,48.789807],[1.384424,48.790145],[1.380053,48.790588],[1.380353,48.788683],[1.379961,48.785824],[1.37998,48.783539],[1.38005,48.783031],[1.38,48.782009],[1.38015,48.781422],[1.37983,48.780689],[1.3799,48.77969],[1.38071,48.77911],[1.38065,48.77903],[1.3802,48.778999],[1.37997,48.778782],[1.37984,48.778419],[1.37998,48.777691],[1.38019,48.777168],[1.379887,48.776977],[1.379969,48.776859],[1.3786,48.77623],[1.376041,48.776859],[1.374395,48.777147],[1.372008,48.777413],[1.370094,48.777847],[1.368257,48.778102],[1.367623,48.77834],[1.367093,48.778264],[1.366702,48.777967],[1.366376,48.777868],[1.366547,48.777323],[1.365782,48.777109],[1.36538,48.777271],[1.364142,48.777335],[1.363894,48.77762],[1.36331,48.777641],[1.36269,48.777328],[1.36224,48.776852],[1.36169,48.776749],[1.36044,48.77636],[1.35978,48.775799],[1.35928,48.774921],[1.35911,48.774391],[1.35905,48.773932],[1.359508,48.772751],[1.358716,48.772432],[1.35793,48.771588],[1.357605,48.770821],[1.35923,48.767407],[1.359245,48.766905],[1.358939,48.766249],[1.358979,48.765736],[1.357837,48.766176],[1.35728,48.767096],[1.356937,48.767414],[1.3555,48.768015],[1.351886,48.768352],[1.351771,48.769175],[1.351463,48.769693],[1.350196,48.770639],[1.349662,48.771346],[1.349659,48.772152],[1.34935,48.772411],[1.34882,48.772621],[1.3486,48.772888],[1.348316,48.773422],[1.3479,48.7738],[1.34749,48.77359],[1.34643,48.773201],[1.3455,48.773071],[1.34389,48.77269],[1.34334,48.772518],[1.3423,48.772129],[1.34124,48.771599],[1.34044,48.770981],[1.33933,48.77002],[1.33846,48.769009],[1.336618,48.766336],[1.33577,48.765511],[1.33412,48.763432],[1.33383,48.762951],[1.33307,48.76215],[1.33288,48.761749],[1.33085,48.76062],[1.33026,48.760441],[1.32912,48.76017],[1.328143,48.760052],[1.327775,48.76008],[1.327281,48.760276],[1.326862,48.760347],[1.32588,48.760391],[1.323,48.7603],[1.32104,48.760471],[1.319381,48.760703],[1.31688,48.760632],[1.31536,48.760601],[1.31472,48.76054],[1.31366,48.76033],[1.31283,48.76012],[1.311893,48.759779],[1.311506,48.760473],[1.311455,48.76093],[1.31179,48.762249],[1.31235,48.76334],[1.31285,48.763851],[1.31365,48.764351],[1.313849,48.764737],[1.31333,48.765449],[1.313239,48.765816],[1.312833,48.766092],[1.312469,48.766522],[1.313024,48.767473],[1.3133,48.768311],[1.313007,48.768921],[1.31252,48.769588],[1.30916,48.769027],[1.308839,48.769349],[1.307536,48.769313],[1.30634,48.769161],[1.30566,48.769112],[1.304982,48.769853],[1.304421,48.77042],[1.30427,48.770699],[1.30399,48.770611],[1.3034,48.77055],[1.30286,48.770538],[1.30186,48.770378],[1.30139,48.77005],[1.30117,48.769588],[1.301453,48.768712],[1.30109,48.768512],[1.300528,48.76838],[1.299424,48.768119],[1.297177,48.768429],[1.296582,48.768334],[1.29202,48.766762],[1.29137,48.76709],[1.29032,48.767479],[1.289834,48.767927],[1.289567,48.768456],[1.28924,48.769036],[1.288896,48.769163],[1.288402,48.769121],[1.288579,48.769348],[1.287963,48.769794],[1.28772,48.770409],[1.28743,48.770538],[1.286783,48.770524],[1.284836,48.770215],[1.28321,48.770081],[1.28222,48.769939],[1.28102,48.769711],[1.28049,48.769562],[1.27899,48.769539],[1.27756,48.769388],[1.276879,48.769289],[1.276091,48.769112],[1.27534,48.769084],[1.273609,48.768784],[1.272796,48.768327],[1.271459,48.768132],[1.271327,48.767596],[1.270572,48.767571],[1.270085,48.76764],[1.26911,48.767658],[1.26896,48.767792],[1.269,48.76844],[1.26895,48.769051],[1.268787,48.769133],[1.26765,48.769161],[1.266108,48.769077],[1.266049,48.769548],[1.265834,48.7696],[1.2642,48.769348],[1.2634,48.769119],[1.26349,48.768589],[1.263837,48.76807],[1.263839,48.76764],[1.26384,48.766998],[1.26361,48.766781],[1.26321,48.766579],[1.261968,48.765619],[1.26164,48.765499],[1.261332,48.765331],[1.261353,48.765183],[1.26176,48.765049],[1.26155,48.764809],[1.260768,48.76442],[1.26118,48.764011],[1.26016,48.762939],[1.25845,48.761749],[1.25816,48.761341],[1.25726,48.758781],[1.257383,48.758656],[1.25772,48.75853],[1.25754,48.758228],[1.25681,48.75808],[1.25619,48.757641],[1.25575,48.75771],[1.2552,48.75774],[1.2547,48.757641],[1.254328,48.757346],[1.25372,48.757301],[1.25369,48.757038],[1.25351,48.756721],[1.252577,48.755874],[1.25162,48.755699],[1.25113,48.75536],[1.25074,48.755531],[1.24995,48.754761],[1.24933,48.754471],[1.24653,48.754631],[1.24624,48.754509],[1.24601,48.754211],[1.246147,48.753773],[1.24514,48.754391],[1.24458,48.753551],[1.24426,48.752918],[1.244,48.752701],[1.24372,48.752331],[1.24353,48.751572],[1.2436,48.751049],[1.24352,48.750568],[1.24317,48.74995],[1.24229,48.749222],[1.241866,48.748729],[1.242148,48.748363],[1.242433,48.74818],[1.242519,48.747967],[1.242734,48.747825],[1.242889,48.747269],[1.243023,48.745828],[1.24286,48.74535],[1.24244,48.744801],[1.24177,48.744141],[1.24109,48.74361],[1.2404,48.74332],[1.23993,48.743191],[1.23843,48.742359],[1.23792,48.742329],[1.23731,48.7425],[1.23648,48.742538],[1.235746,48.742878],[1.235246,48.743167],[1.234915,48.742914],[1.23439,48.742279],[1.23335,48.742298],[1.23319,48.74247],[1.23325,48.742859],[1.23321,48.74324],[1.23239,48.743271],[1.232228,48.743564],[1.2323,48.74379],[1.23193,48.744301],[1.23034,48.744629],[1.22952,48.744621],[1.22866,48.744209],[1.2281,48.744099],[1.22758,48.74419],[1.22681,48.744171],[1.2262,48.74403],[1.22554,48.743488],[1.22516,48.742592],[1.22442,48.743019],[1.22405,48.742981],[1.22375,48.743038],[1.22348,48.74324],[1.2233,48.74358],[1.22257,48.74448],[1.22152,48.745121],[1.220557,48.745748],[1.2192,48.746948],[1.218034,48.747824],[1.217361,48.748488],[1.21668,48.748981],[1.21616,48.749519],[1.21578,48.750092],[1.21535,48.751179],[1.215201,48.751918],[1.2156,48.75259],[1.215781,48.753562],[1.216029,48.753983],[1.21594,48.754711],[1.21578,48.754975],[1.2158,48.755299],[1.214603,48.755614],[1.21401,48.755032],[1.21364,48.754841],[1.21309,48.755001],[1.21277,48.754768],[1.21231,48.754662],[1.21127,48.754711],[1.21082,48.754532],[1.210492,48.754814],[1.21048,48.754822],[1.209548,48.755451],[1.208925,48.755589],[1.20856,48.755638],[1.207322,48.756326],[1.206541,48.756611],[1.205642,48.756704],[1.204558,48.756474],[1.20424,48.756939],[1.20325,48.7565],[1.20288,48.75629],[1.201789,48.755829],[1.201715,48.756298],[1.201458,48.757065],[1.201307,48.757071],[1.20099,48.757809],[1.200787,48.758599],[1.200581,48.75959],[1.200588,48.759803],[1.200397,48.760059],[1.20002,48.760368],[1.199505,48.760914],[1.198544,48.76218],[1.198464,48.762661],[1.198166,48.762946],[1.197679,48.763233],[1.197657,48.763363],[1.19812,48.764278],[1.197628,48.764999],[1.197649,48.765228],[1.19671,48.765652],[1.195611,48.766247],[1.195217,48.7668],[1.194234,48.767311],[1.193572,48.767419],[1.192982,48.767073],[1.192194,48.767394],[1.1915,48.76746],[1.19092,48.767559],[1.186309,48.768955],[1.18597,48.769447],[1.185287,48.769642],[1.18605,48.770679],[1.185573,48.770981],[1.184641,48.771198],[1.183776,48.771295],[1.181381,48.771377],[1.179687,48.771198],[1.17877,48.770981],[1.17835,48.770969],[1.17745,48.770823],[1.177477,48.770974],[1.176252,48.77076],[1.174667,48.770604],[1.173563,48.770114],[1.173539,48.770027],[1.173128,48.769799],[1.172694,48.769441],[1.171954,48.769165],[1.170384,48.768335],[1.169282,48.767624],[1.168263,48.767086],[1.166804,48.76659],[1.162963,48.76614],[1.161815,48.766154],[1.160978,48.766289],[1.160109,48.766396],[1.158371,48.766246],[1.157663,48.769012],[1.157681,48.769607],[1.155557,48.769701],[1.153949,48.769608],[1.153404,48.769633],[1.152783,48.769546],[1.151418,48.769555],[1.150754,48.769484],[1.149563,48.769151],[1.14868,48.768749],[1.148802,48.76857],[1.148779,48.767857],[1.148908,48.767223],[1.148179,48.766098],[1.14788,48.76545],[1.148039,48.764923],[1.148657,48.764357],[1.148781,48.764174],[1.149409,48.764278],[1.149024,48.763988],[1.148871,48.763779],[1.148567,48.763521],[1.148173,48.763396],[1.147748,48.763059],[1.14728,48.762589],[1.146998,48.762536],[1.146548,48.762548],[1.144627,48.762074],[1.14404,48.761951],[1.142331,48.761226],[1.141704,48.761141],[1.141196,48.760978],[1.141257,48.761147],[1.14001,48.760921],[1.139284,48.761028],[1.138534,48.761134],[1.137913,48.760971],[1.13678,48.760471],[1.135798,48.760193],[1.134821,48.75988],[1.133834,48.759838],[1.133384,48.760235],[1.13385,48.760761],[1.134231,48.760757],[1.13449,48.761292],[1.134421,48.761753],[1.13446,48.762058],[1.13438,48.762211],[1.133789,48.762732],[1.133757,48.762947],[1.134084,48.763718],[1.134379,48.76415],[1.1344,48.764381],[1.134199,48.764584],[1.13342,48.764641],[1.13274,48.764721],[1.13249,48.76487],[1.13188,48.764938],[1.13098,48.764938],[1.13025,48.764992],[1.12952,48.76511],[1.12797,48.765591],[1.12727,48.7658],[1.12418,48.766811],[1.12167,48.76775],[1.1206,48.768101],[1.1201,48.7682],[1.11886,48.768559],[1.11734,48.768909],[1.11527,48.7691],[1.11292,48.76907],[1.11089,48.768761],[1.10958,48.768711],[1.107894,48.768959],[1.107451,48.768969],[1.10612,48.768761],[1.10373,48.767738],[1.10318,48.767311],[1.10291,48.767159],[1.10157,48.76622],[1.101379,48.765858],[1.10117,48.765759],[1.10036,48.765301],[1.09838,48.764332],[1.09786,48.76424],[1.09643,48.764332],[1.091884,48.764359],[1.09171,48.76437],[1.08977,48.7644],[1.08909,48.764339],[1.08795,48.764141],[1.08318,48.762482],[1.08264,48.762218],[1.0826,48.761829],[1.083048,48.761504],[1.083516,48.760689],[1.08488,48.759369],[1.085147,48.759224],[1.08601,48.758549],[1.085945,48.758212],[1.086012,48.757675],[1.085844,48.757435],[1.084878,48.757088],[1.08401,48.756439],[1.083398,48.755722],[1.082979,48.755489],[1.082733,48.755108],[1.082507,48.754195],[1.08184,48.753349],[1.081529,48.753191],[1.08103,48.753094],[1.08053,48.752869],[1.08006,48.75246],[1.079149,48.751484],[1.078624,48.75116],[1.078184,48.750786],[1.077239,48.74988],[1.07592,48.749348],[1.074783,48.749016],[1.07434,48.748852],[1.073935,48.748684],[1.072966,48.748505],[1.07256,48.748329],[1.0722,48.748199],[1.071575,48.748196],[1.068207,48.748789],[1.06716,48.748871],[1.066725,48.749107],[1.066114,48.749645],[1.065234,48.750841],[1.064742,48.751207],[1.06159,48.752586],[1.06127,48.753724],[1.05933,48.75108],[1.05906,48.750912],[1.05818,48.750599],[1.05778,48.750111],[1.05753,48.749989],[1.057037,48.749836],[1.05676,48.749649],[1.05655,48.749321],[1.05586,48.74884],[1.054637,48.747926],[1.05417,48.747192],[1.053472,48.74655],[1.053098,48.74621],[1.052604,48.746401],[1.05221,48.746078],[1.052145,48.745838],[1.051276,48.746024],[1.050637,48.746123],[1.05024,48.746311],[1.04968,48.746189],[1.04942,48.746208],[1.04891,48.746342],[1.048291,48.745661],[1.047591,48.745081],[1.046692,48.744756],[1.046367,48.744549],[1.045568,48.74463],[1.044409,48.744701],[1.043959,48.744907],[1.043376,48.745037],[1.04283,48.744993],[1.042248,48.744911],[1.04203,48.744831],[1.04156,48.744431],[1.04089,48.743969],[1.040568,48.743931],[1.039968,48.744282],[1.03973,48.744549],[1.039356,48.744169],[1.035747,48.742221],[1.034308,48.741298],[1.033636,48.741393],[1.033284,48.741501],[1.03222,48.741211],[1.03208,48.74093],[1.029744,48.739945],[1.02841,48.739491],[1.02714,48.7388],[1.02569,48.73822],[1.023041,48.737427],[1.02223,48.737141],[1.02134,48.736671],[1.01929,48.735451],[1.017963,48.735306],[1.01715,48.73497],[1.018199,48.734121],[1.01828,48.733238],[1.01852,48.732689],[1.018723,48.732096],[1.019272,48.731548],[1.01955,48.731547],[1.019582,48.731358],[1.0191,48.731201],[1.018609,48.730919],[1.018199,48.730282],[1.01702,48.728329],[1.01613,48.727261],[1.01579,48.727032],[1.01537,48.726849],[1.013274,48.72641],[1.01213,48.726391],[1.01165,48.726292],[1.010849,48.727561],[1.01069,48.72847],[1.01046,48.72908],[1.01016,48.72934],[1.00968,48.729404],[1.00896,48.729431],[1.007609,48.729565],[1.00733,48.729305],[1.006236,48.729027],[1.00447,48.729038],[1.00358,48.729252],[1.00272,48.729519],[1.00226,48.729839],[1.001784,48.729904],[0.99963,48.729939],[0.99758,48.729931],[0.99733,48.730751],[0.997351,48.731826],[0.994437,48.731895],[0.992841,48.7323],[0.992688,48.731758],[0.99255,48.73167],[0.991666,48.731606],[0.990883,48.731426],[0.989928,48.731506],[0.989445,48.731647],[0.988737,48.731895],[0.988287,48.732227],[0.987557,48.732883],[0.986924,48.733559],[0.98612,48.733891],[0.98509,48.734158],[0.984437,48.733942],[0.983159,48.733676],[0.982364,48.7337],[0.979811,48.734334],[0.97951,48.734669],[0.979137,48.735877],[0.979,48.736759],[0.978684,48.737434],[0.977933,48.737244],[0.97757,48.737061],[0.977,48.73661],[0.975986,48.73592],[0.975616,48.735813],[0.97531,48.73608],[0.974286,48.736884],[0.97289,48.736229],[0.971247,48.735583],[0.970591,48.735752],[0.969606,48.735566],[0.968299,48.735491],[0.966893,48.735516],[0.96569,48.735699],[0.962875,48.736288],[0.962222,48.73621],[0.960879,48.735729],[0.959944,48.735491],[0.958219,48.735095],[0.957044,48.734787],[0.95603,48.734451],[0.954472,48.734001],[0.953166,48.734098],[0.952794,48.734162],[0.9523,48.734402],[0.951864,48.73444],[0.95139,48.734382],[0.950392,48.734215],[0.947354,48.733945],[0.946588,48.734043],[0.944128,48.734008],[0.943287,48.733888],[0.941571,48.733578],[0.939601,48.732988],[0.9384,48.732449],[0.937444,48.731866],[0.93709,48.731781],[0.93696,48.732002],[0.937092,48.732951],[0.937271,48.733205],[0.937471,48.73331],[0.937409,48.733707],[0.937164,48.733917],[0.935875,48.734119],[0.935277,48.734323],[0.9347,48.734711],[0.933633,48.735548],[0.932696,48.735357],[0.932291,48.735222],[0.932019,48.73518],[0.931639,48.735286],[0.93118,48.735321],[0.931015,48.735359],[0.931015,48.735359],[0.930776,48.735307],[0.930758,48.735215],[0.930302,48.735089],[0.930076,48.734936],[0.929899,48.734901],[0.929513,48.734561],[0.929489,48.734471],[0.928651,48.734402],[0.928526,48.7347],[0.927786,48.734781],[0.926938,48.734665],[0.926263,48.734452],[0.925464,48.733939],[0.924777,48.733422],[0.924334,48.733208],[0.92402,48.733245],[0.922953,48.734032],[0.921579,48.736207],[0.922138,48.736379],[0.921451,48.737329],[0.921269,48.738012],[0.920726,48.737985],[0.920437,48.738045],[0.919369,48.738038],[0.917905,48.738155],[0.91806,48.737488],[0.917939,48.737388],[0.917572,48.737351],[0.915657,48.736977],[0.915072,48.73691],[0.91305,48.736904],[0.911623,48.737068],[0.910137,48.7369],[0.909316,48.736874],[0.906768,48.736916],[0.905862,48.737007],[0.90532,48.737015],[0.904622,48.736996],[0.904113,48.737128],[0.902895,48.737675],[0.902176,48.737892],[0.901141,48.737911],[0.900604,48.737827],[0.899435,48.737503],[0.898394,48.737324],[0.89738,48.737311],[0.897338,48.737228],[0.897547,48.736954],[0.896919,48.736439],[0.895889,48.736112],[0.894419,48.735275],[0.893727,48.734784],[0.893384,48.734693],[0.89274,48.73435],[0.892397,48.734251],[0.89171,48.733679],[0.891168,48.733079],[0.89251,48.730746],[0.892027,48.730658],[0.890541,48.730245],[0.889007,48.730103],[0.888309,48.72979],[0.886593,48.729305],[0.88456,48.728611],[0.882537,48.728367],[0.881684,48.72826],[0.880199,48.72815],[0.878975,48.72792],[0.877645,48.727726],[0.876331,48.727415],[0.875773,48.727081],[0.875214,48.726677],[0.874866,48.726581],[0.873771,48.725955],[0.872677,48.725266],[0.871213,48.724648],[0.869947,48.724289],[0.869582,48.724098],[0.868992,48.72401],[0.868225,48.723984],[0.867887,48.723927],[0.866589,48.723495],[0.865994,48.723452],[0.86506,48.723637],[0.864743,48.723803],[0.864325,48.723853],[0.863936,48.723819],[0.863365,48.723714],[0.862914,48.723705],[0.862608,48.723807],[0.861573,48.723381],[0.860438,48.723075],[0.860119,48.723017],[0.859706,48.722646],[0.858623,48.722571],[0.857668,48.722391],[0.857238,48.72225],[0.856471,48.721909],[0.85572,48.721676],[0.854991,48.721578],[0.854175,48.721643],[0.853803,48.721614],[0.853441,48.721486],[0.852384,48.721322],[0.850104,48.720741],[0.846939,48.720024],[0.841553,48.718704],[0.832691,48.71659],[0.831273,48.715333],[0.83103,48.715221],[0.83086,48.714963],[0.830271,48.71442],[0.830036,48.71423],[0.830009,48.714036],[0.829698,48.713998],[0.828797,48.71401],[0.828233,48.713884],[0.827155,48.713251],[0.826396,48.712869],[0.825583,48.712551],[0.824805,48.712429],[0.822628,48.712363],[0.821474,48.712436],[0.820599,48.712566],[0.819564,48.712769],[0.81876,48.712848],[0.817976,48.712807],[0.817494,48.712708],[0.816496,48.712429],[0.815734,48.712288],[0.814994,48.7122],[0.81346,48.712112],[0.812,48.711948],[0.810949,48.711723],[0.810139,48.711452],[0.808911,48.710932],[0.807661,48.710583],[0.806287,48.710411],[0.805375,48.710377],[0.802613,48.710308],[0.800751,48.710297],[0.79853,48.710049],[0.797656,48.710007],[0.796819,48.709896],[0.795913,48.709675],[0.794775,48.709217],[0.793864,48.708651],[0.793665,48.708096],[0.793633,48.707745],[0.793853,48.707027],[0.794244,48.706628],[0.79425,48.706291],[0.794003,48.705842],[0.793853,48.705401],[0.793659,48.705322],[0.792984,48.704918],[0.792646,48.704811],[0.791439,48.704494],[0.790119,48.704014],[0.789706,48.703915],[0.788671,48.703727],[0.787933,48.704193],[0.787501,48.704536],[0.786686,48.704972],[0.786063,48.705051],[0.785535,48.705238],[0.784899,48.705368],[0.784267,48.705408],[0.783601,48.70512],[0.782974,48.70472],[0.78273,48.704703],[0.782394,48.704793],[0.781998,48.705012],[0.781595,48.705311],[0.780093,48.706128],[0.779508,48.706394],[0.779079,48.706516],[0.778526,48.706612],[0.777936,48.706664],[0.777513,48.70673],[0.777282,48.70682],[0.777008,48.70709],[0.776922,48.707206],[0.776606,48.707427],[0.775994,48.707233],[0.776123,48.707059],[0.775243,48.70655],[0.776074,48.705107],[0.776177,48.704479],[0.776161,48.703945],[0.775839,48.702801],[0.775941,48.702377],[0.776332,48.70158],[0.772395,48.700282],[0.771359,48.699732],[0.772663,48.69886],[0.772814,48.698693],[0.772861,48.698329],[0.772835,48.697006],[0.773087,48.696669],[0.773489,48.696478],[0.773548,48.696069],[0.773651,48.695779],[0.773881,48.695552],[0.771762,48.695],[0.770206,48.694227],[0.771831,48.692744],[0.773071,48.692215],[0.773462,48.691638],[0.773843,48.691345],[0.774562,48.690359],[0.775083,48.689875],[0.776171,48.689217],[0.777475,48.688267],[0.778328,48.687527],[0.778988,48.686821],[0.779658,48.685875],[0.780039,48.684956],[0.780592,48.683381],[0.780522,48.683232],[0.779819,48.682884],[0.779068,48.682491],[0.778188,48.682133],[0.777395,48.681843],[0.779003,48.679899],[0.779852,48.679197],[0.780093,48.678819],[0.780522,48.67824],[0.780785,48.677958],[0.78152,48.677265],[0.781724,48.676968],[0.778484,48.676121],[0.777995,48.676048],[0.774879,48.675587],[0.774219,48.675571],[0.773033,48.675697],[0.772475,48.675686],[0.771558,48.675526],[0.770818,48.67532],[0.769917,48.674942],[0.768468,48.674549],[0.767717,48.674412],[0.766543,48.674337],[0.766087,48.674194],[0.765174,48.673816],[0.76408,48.673625],[0.762991,48.673256],[0.762267,48.673119],[0.759681,48.672401],[0.759869,48.671632],[0.759547,48.671079],[0.754258,48.667496],[0.753292,48.666946],[0.752289,48.666471],[0.75165,48.666097],[0.750599,48.665322],[0.749644,48.664902],[0.74877,48.664681],[0.747837,48.664551],[0.736486,48.659323],[0.73707,48.658827],[0.73715,48.658649],[0.736965,48.657159],[0.736898,48.655881],[0.736989,48.655608],[0.73832,48.653663],[0.739838,48.650441],[0.741292,48.650842],[0.742276,48.651005],[0.743067,48.651044],[0.748743,48.646584],[0.749676,48.645753],[0.750663,48.64548],[0.751307,48.646068],[0.753565,48.648783],[0.756323,48.648131],[0.755931,48.647787],[0.756816,48.647379],[0.756712,48.647261],[0.756746,48.647011],[0.756242,48.646171],[0.756274,48.645933],[0.758109,48.645217],[0.75878,48.645021],[0.762744,48.643158],[0.764299,48.642584],[0.765528,48.642222],[0.765356,48.642038],[0.764369,48.640205],[0.764037,48.639847],[0.762465,48.640351],[0.762164,48.640266],[0.761328,48.639401],[0.759675,48.638238],[0.759547,48.63777],[0.759182,48.637536],[0.758023,48.636962],[0.757047,48.636554],[0.756274,48.636446],[0.756135,48.636346],[0.755813,48.63626],[0.755802,48.63587],[0.755926,48.635702],[0.756156,48.63559],[0.758023,48.634239],[0.761242,48.632481],[0.764868,48.631006],[0.766402,48.630715],[0.767674,48.630566],[0.769353,48.630183],[0.771751,48.630063],[0.773505,48.630151],[0.774476,48.629955],[0.777263,48.629693],[0.779878,48.629371],[0.780226,48.628687],[0.78032,48.628045],[0.780307,48.627074],[0.780656,48.625546],[0.780505,48.625134],[0.78028,48.624867],[0.77858,48.623833],[0.77822,48.623487],[0.778108,48.622922],[0.77822,48.622471],[0.778783,48.622039],[0.781712,48.621312],[0.782249,48.621039],[0.784094,48.619432],[0.786047,48.614737],[0.786589,48.61396],[0.787586,48.612194],[0.790703,48.608906],[0.789287,48.608339],[0.788085,48.607182],[0.787951,48.606934],[0.787999,48.606551],[0.785049,48.606186],[0.781643,48.605072],[0.7805,48.604565],[0.774159,48.600716],[0.77152,48.599964],[0.770603,48.599765],[0.77064,48.599389],[0.769707,48.599265],[0.769186,48.599052],[0.764541,48.596551],[0.763358,48.596074],[0.762202,48.595834],[0.761671,48.594607],[0.761317,48.594349],[0.760442,48.594099],[0.759536,48.593521],[0.758876,48.592872],[0.758329,48.592676],[0.757299,48.592676],[0.756824,48.592778],[0.755592,48.593312],[0.755271,48.593351],[0.75327,48.593195],[0.752825,48.593226],[0.752675,48.592808],[0.75246,48.592499],[0.753037,48.590525],[0.753635,48.588834],[0.754021,48.588412],[0.754397,48.588145],[0.755684,48.587663],[0.755303,48.586967],[0.75529,48.586517],[0.7554,48.58618],[0.754933,48.586187],[0.754493,48.586921],[0.754032,48.587223],[0.753479,48.587329],[0.751302,48.587393],[0.750019,48.587411],[0.748614,48.587143],[0.747552,48.587024],[0.745519,48.586549],[0.744368,48.586424],[0.742928,48.586428],[0.740138,48.586091],[0.740004,48.586016],[0.738,48.585715],[0.736673,48.585729],[0.735627,48.585715],[0.730973,48.586121],[0.72728,48.586566],[0.725952,48.586632],[0.724485,48.586513],[0.722092,48.585974],[0.719432,48.585363],[0.717763,48.585221],[0.716057,48.585264],[0.713048,48.585161],[0.711626,48.585039],[0.710017,48.584991],[0.707919,48.585264],[0.707292,48.585285],[0.706493,48.585211],[0.705023,48.584765],[0.703735,48.584459],[0.701074,48.583248],[0.699546,48.581815],[0.698974,48.581399],[0.698359,48.580686],[0.697947,48.580498],[0.696705,48.5804],[0.696214,48.580452],[0.696847,48.579763],[0.697282,48.579568],[0.697722,48.579235],[0.697743,48.578887],[0.697504,48.578622],[0.696005,48.577776],[0.695879,48.577524],[0.696316,48.576065],[0.695678,48.573485],[0.696284,48.571831],[0.696354,48.570663],[0.695951,48.569882],[0.694337,48.567759],[0.694884,48.567784],[0.695753,48.567532],[0.695785,48.567298],[0.695002,48.566386],[0.694659,48.565903],[0.694659,48.565159],[0.694916,48.564501],[0.694648,48.56439],[0.694117,48.563945],[0.693709,48.563553],[0.693368,48.563491],[0.692915,48.563613],[0.691483,48.564337],[0.69092,48.564863],[0.689627,48.565115],[0.689064,48.565315],[0.688165,48.566008],[0.687304,48.566513],[0.686687,48.567081],[0.686081,48.56739],[0.68529,48.568079],[0.685158,48.568281],[0.68449,48.568762],[0.683785,48.569229],[0.683165,48.569424],[0.682319,48.569483],[0.681746,48.569595],[0.681143,48.569845],[0.680722,48.56996],[0.680845,48.570205],[0.680953,48.570951],[0.680824,48.571199],[0.681006,48.571373],[0.680918,48.5716],[0.68055,48.572023],[0.680588,48.572269],[0.68095,48.572744],[0.681355,48.573013],[0.679477,48.573549],[0.677825,48.573389],[0.675867,48.572747],[0.675041,48.572534],[0.674255,48.572503],[0.673619,48.572661],[0.672616,48.573109],[0.671997,48.573171],[0.671388,48.573123],[0.67076,48.572986],[0.670299,48.57302],[0.670218,48.572626],[0.67032,48.572395],[0.670621,48.571976],[0.670938,48.571976],[0.671281,48.571854],[0.671748,48.571995],[0.672145,48.572024],[0.673368,48.57114],[0.674092,48.569972],[0.674258,48.569773],[0.674846,48.568765],[0.675192,48.568325],[0.675556,48.56803],[0.676206,48.567726],[0.677273,48.566895],[0.677761,48.566818],[0.678703,48.566766],[0.679821,48.566617],[0.680529,48.566416],[0.681259,48.566132],[0.682015,48.565613],[0.682069,48.564451],[0.682986,48.561709],[0.68216,48.561298],[0.679553,48.560449],[0.678797,48.560363],[0.679628,48.559475],[0.680347,48.558582],[0.680674,48.55806],[0.681195,48.556533],[0.681226,48.555965],[0.681125,48.555325],[0.681125,48.554337],[0.681302,48.55397],[0.68194,48.553268],[0.682611,48.552814],[0.683919,48.552295],[0.683716,48.551915],[0.6837,48.5517],[0.68403,48.551451],[0.685143,48.551068],[0.685797,48.550911],[0.686843,48.550764],[0.687068,48.550491],[0.686645,48.550465],[0.685486,48.550632],[0.68408,48.550714],[0.683635,48.550808],[0.683169,48.550804],[0.682283,48.550529],[0.68268,48.550016],[0.683437,48.549824],[0.684129,48.549583],[0.684955,48.549072],[0.685497,48.548277],[0.686087,48.547722],[0.686484,48.547138],[0.686468,48.545902],[0.686339,48.545233],[0.686205,48.545077],[0.685072,48.544288],[0.684671,48.544098],[0.68061,48.543591],[0.679912,48.543385],[0.679837,48.543102],[0.67973,48.542919],[0.679875,48.542625],[0.680213,48.542206],[0.680272,48.542],[0.680175,48.541782],[0.679944,48.541691],[0.67892,48.540911],[0.678695,48.540729],[0.677895,48.540318],[0.677418,48.540199],[0.676618,48.540001],[0.675916,48.539417],[0.675514,48.539223],[0.674966,48.538979],[0.674414,48.538185],[0.673829,48.537891],[0.673319,48.537727],[0.671849,48.536921],[0.670777,48.537329],[0.669849,48.536163],[0.669538,48.53603],[0.665906,48.535496],[0.659946,48.534649],[0.66112,48.531237],[0.663588,48.524058],[0.663577,48.523881],[0.662988,48.523628],[0.662934,48.523431],[0.663133,48.52307],[0.663492,48.522711],[0.664339,48.522182],[0.665139,48.52179],[0.665471,48.521542],[0.665412,48.521339],[0.664897,48.520934],[0.664382,48.52039],[0.663165,48.520031],[0.662687,48.519806],[0.663438,48.519444],[0.664012,48.519238],[0.664162,48.519043],[0.664168,48.518635],[0.663905,48.518429],[0.663293,48.518177],[0.662918,48.517929],[0.662709,48.517635],[0.662526,48.517185],[0.662414,48.516708],[0.66243,48.516125],[0.662666,48.515797],[0.662719,48.515366],[0.662966,48.515072],[0.663079,48.51442],[0.663122,48.513877],[0.662854,48.513593],[0.662719,48.513367],[0.662698,48.513153],[0.662725,48.512768],[0.662231,48.512365],[0.66192,48.512275],[0.662006,48.512122],[0.662414,48.511932],[0.662671,48.5117],[0.66272,48.51153],[0.662285,48.510647],[0.661673,48.510429],[0.6614,48.510223],[0.661335,48.509926],[0.661797,48.508995],[0.661759,48.508423],[0.661588,48.508044],[0.660955,48.507576],[0.660783,48.507265],[0.661131,48.506744],[0.66148,48.506542],[0.662087,48.506607],[0.662046,48.506702],[0.661459,48.507095],[0.661537,48.507334],[0.661818,48.507394],[0.662221,48.507111],[0.662851,48.507176],[0.663438,48.507093],[0.66376,48.506725],[0.663621,48.506639],[0.663942,48.504325],[0.663819,48.50423],[0.6628,48.503671],[0.662478,48.503277],[0.662414,48.502964],[0.662446,48.502029],[0.662902,48.501415],[0.663004,48.500816],[0.662183,48.49966],[0.659581,48.498096],[0.659023,48.49728],[0.658734,48.497047],[0.658551,48.496398],[0.658406,48.496397],[0.658374,48.495764],[0.658235,48.495472],[0.657865,48.495095],[0.657028,48.494354],[0.656684,48.493862],[0.656577,48.49334],[0.656582,48.492931],[0.656771,48.49231],[0.655509,48.492153],[0.655204,48.492043],[0.655096,48.491833],[0.654877,48.490566],[0.654061,48.490639],[0.653691,48.490578],[0.653423,48.490486],[0.653004,48.490546],[0.652254,48.490916],[0.651674,48.491053],[0.651523,48.490881],[0.651213,48.490668],[0.64999,48.489496],[0.64933,48.489368],[0.64918,48.488537],[0.649496,48.48814],[0.650225,48.487445],[0.65067,48.486905],[0.650826,48.486188],[0.651803,48.485487],[0.65199,48.485197],[0.652124,48.485205],[0.652345,48.484866],[0.652426,48.484428],[0.652661,48.484106],[0.652924,48.48396],[0.653181,48.483918],[0.653385,48.483987],[0.653514,48.483807],[0.654072,48.483894],[0.654968,48.483929],[0.656067,48.483921],[0.656781,48.483559],[0.657204,48.483222],[0.657358,48.48325],[0.658138,48.483082],[0.65824,48.483184],[0.66001,48.48304],[0.660337,48.482693],[0.660788,48.481951],[0.660976,48.481445],[0.66148,48.481002],[0.662134,48.480591],[0.663197,48.479675],[0.663588,48.479446],[0.664688,48.478981],[0.666974,48.478161],[0.667499,48.478092],[0.667633,48.478329],[0.667563,48.47916],[0.667698,48.479649],[0.668792,48.480562],[0.669194,48.481316],[0.669269,48.481583],[0.669779,48.481686],[0.670509,48.481792],[0.670975,48.481983],[0.671335,48.482031],[0.671292,48.482169],[0.671866,48.483121],[0.671801,48.483223],[0.672478,48.483961],[0.672729,48.484298],[0.672987,48.484547],[0.673711,48.484328],[0.674484,48.48431],[0.675127,48.48436],[0.67576,48.484482],[0.676173,48.484638],[0.676983,48.485294],[0.677536,48.485522],[0.677858,48.485642],[0.678298,48.486099],[0.678341,48.486379],[0.678437,48.486485],[0.678534,48.486813],[0.678818,48.487083],[0.678882,48.487249],[0.682203,48.484741],[0.682729,48.484925],[0.684424,48.485386],[0.68672,48.485962],[0.687009,48.484798],[0.687041,48.484123],[0.686886,48.483717],[0.685712,48.482011],[0.685142,48.481593],[0.686617,48.480612],[0.687745,48.480034],[0.6851,48.476673],[0.683515,48.474623],[0.681661,48.472366],[0.678121,48.468063],[0.6762,48.46574],[0.676602,48.464893],[0.676608,48.46489],[0.67672,48.464245],[0.677632,48.463486],[0.678062,48.463184],[0.679145,48.462662],[0.679628,48.462319],[0.683045,48.460976],[0.68341,48.460552],[0.68437,48.45993],[0.684896,48.459746],[0.686682,48.458931],[0.689944,48.457817],[0.69291,48.457302],[0.694992,48.456512],[0.696274,48.45583],[0.696923,48.455433],[0.698323,48.454746],[0.698854,48.45442],[0.699015,48.454095],[0.698881,48.45369],[0.698961,48.453197],[0.699079,48.452948],[0.699144,48.452589],[0.69923,48.452333],[0.700318,48.451848],[0.700619,48.451797],[0.701788,48.451885],[0.703027,48.452023],[0.703146,48.451497],[0.703258,48.451221],[0.703279,48.45084],[0.703229,48.450522],[0.703306,48.44876],[0.703178,48.448326],[0.703302,48.448208],[0.702926,48.447727],[0.702175,48.447338],[0.701842,48.446865],[0.701598,48.446713],[0.700721,48.446396],[0.699825,48.446281],[0.698205,48.446416],[0.696971,48.446472],[0.696633,48.446331],[0.696456,48.446037],[0.696387,48.445497],[0.696451,48.445322],[0.696171,48.44483],[0.696783,48.444229],[0.697561,48.443001],[0.696135,48.442653],[0.695507,48.44199],[0.695501,48.44126],[0.695314,48.441147],[0.695158,48.441166],[0.695034,48.441274],[0.694745,48.441586],[0.693999,48.441757],[0.693693,48.441674],[0.693415,48.441563],[0.692572,48.441414],[0.691703,48.441404],[0.691145,48.441788],[0.690668,48.44202],[0.690512,48.442032],[0.690148,48.441685],[0.689767,48.44149],[0.688785,48.441216],[0.688576,48.441104],[0.688571,48.440905],[0.688962,48.440258],[0.688967,48.440063],[0.688753,48.439598],[0.68841,48.439115],[0.688168,48.438515],[0.687889,48.438255],[0.687015,48.437762],[0.686902,48.437576],[0.686886,48.437344],[0.687036,48.43705],[0.684789,48.435238],[0.684359,48.435089],[0.683077,48.434376],[0.682541,48.433929],[0.681388,48.433575],[0.680578,48.433086],[0.679875,48.432476],[0.679242,48.431858],[0.679295,48.431011],[0.679113,48.430843],[0.677343,48.430305],[0.676586,48.430355],[0.676297,48.430199],[0.676152,48.429863],[0.675862,48.429691],[0.675556,48.429695],[0.674913,48.429787],[0.674773,48.428726],[0.674408,48.428402],[0.673003,48.42767],[0.67207,48.427319],[0.671592,48.427052],[0.671404,48.4268],[0.671313,48.426456],[0.671313,48.426456],[0.670674,48.426724],[0.669837,48.426778],[0.669062,48.426706],[0.667842,48.426504],[0.66623,48.426078],[0.664918,48.425653],[0.664162,48.425539],[0.663159,48.424955],[0.662858,48.424603],[0.662665,48.424243],[0.662853,48.423873],[0.66318,48.423631],[0.664232,48.42309],[0.66517,48.42242],[0.666506,48.42178],[0.666911,48.421335],[0.667167,48.420863],[0.667322,48.420831],[0.667606,48.420513],[0.667987,48.420186],[0.668293,48.419975],[0.668448,48.419803],[0.667842,48.419686],[0.667429,48.41946],[0.667054,48.419113],[0.665745,48.417892],[0.665648,48.417703],[0.6653,48.417499],[0.664238,48.416768],[0.662794,48.416157],[0.661882,48.41582],[0.661882,48.415647],[0.662134,48.415432],[0.662567,48.414998],[0.662698,48.414941],[0.664023,48.413624],[0.662167,48.413708],[0.661644,48.413555],[0.661425,48.413407],[0.661003,48.413266],[0.660163,48.413201],[0.659818,48.413028],[0.659544,48.412952],[0.658621,48.412463],[0.658208,48.41217],[0.657022,48.411617],[0.655939,48.411148],[0.655333,48.410789],[0.654941,48.410501],[0.653439,48.412016],[0.653219,48.412402],[0.652189,48.412437],[0.649689,48.412364],[0.648869,48.412476],[0.647952,48.412433],[0.646951,48.412322],[0.646379,48.412212],[0.64573,48.411831],[0.644765,48.411495],[0.644298,48.411259],[0.644073,48.410992],[0.643847,48.410336],[0.643665,48.41013],[0.64183,48.409569],[0.640983,48.409523],[0.640039,48.409389],[0.639229,48.4091],[0.638338,48.408543],[0.63807,48.408482],[0.637668,48.407875],[0.635157,48.407993],[0.633022,48.408131],[0.631456,48.408356],[0.630619,48.408306],[0.629776,48.408478],[0.626536,48.408752],[0.625936,48.408741],[0.622551,48.408516],[0.620721,48.408054],[0.620158,48.407997],[0.61974,48.408043],[0.619262,48.40818],[0.617658,48.40881],[0.617111,48.408928],[0.616279,48.408871],[0.614762,48.408773],[0.61297,48.408726],[0.610513,48.408318],[0.608855,48.408325],[0.605438,48.408787],[0.604896,48.408791],[0.601012,48.408653],[0.599446,48.408886],[0.599038,48.409038],[0.597869,48.410449],[0.59715,48.411018],[0.596179,48.411596],[0.594055,48.412098],[0.592692,48.412462],[0.592263,48.412868],[0.59163,48.413147],[0.591276,48.413162],[0.590622,48.413054],[0.589077,48.413498],[0.588685,48.413536],[0.588336,48.413227],[0.588116,48.413138],[0.587902,48.412956],[0.587258,48.413084],[0.586914,48.412925],[0.586142,48.412663],[0.585681,48.412346],[0.585289,48.4118],[0.584469,48.410912],[0.583868,48.410164],[0.582468,48.408352],[0.582119,48.408438],[0.57787,48.404354],[0.577181,48.404736],[0.574158,48.406144],[0.573976,48.406029],[0.572549,48.404679],[0.5691,48.40414],[0.564631,48.403336],[0.560066,48.402813],[0.558891,48.402386],[0.558483,48.402164],[0.556976,48.401926],[0.556188,48.401888],[0.555614,48.402022],[0.555128,48.402402],[0.554728,48.402576],[0.554012,48.402789],[0.553573,48.403162],[0.553397,48.403393],[0.55299,48.403383],[0.552577,48.403246],[0.55195,48.402891],[0.550933,48.403071],[0.550517,48.403065],[0.550061,48.40289],[0.550216,48.402447],[0.55005,48.402456],[0.549037,48.403701],[0.548771,48.403818],[0.541854,48.402582],[0.545159,48.397092],[0.545539,48.39615],[0.545775,48.39443],[0.545823,48.3935],[0.546129,48.391623],[0.546247,48.390981],[0.541355,48.390102],[0.541113,48.390422],[0.539686,48.391415],[0.535722,48.390198],[0.534891,48.389832],[0.532432,48.387964],[0.532955,48.387058],[0.531554,48.38686],[0.530363,48.385061],[0.531967,48.384275],[0.529676,48.383867],[0.527793,48.383615],[0.526833,48.383457],[0.525411,48.383197],[0.521329,48.383778],[0.518846,48.383309],[0.518781,48.382824],[0.518851,48.382511],[0.516217,48.383623],[0.511588,48.382479],[0.510359,48.382376],[0.509769,48.382234],[0.508423,48.382179],[0.504244,48.382217],[0.503922,48.382289],[0.503959,48.382856],[0.496663,48.383124],[0.496567,48.383315],[0.485334,48.383544],[0.485345,48.382719],[0.483124,48.382692],[0.480699,48.384224],[0.479063,48.384789],[0.477545,48.385036],[0.476649,48.385014],[0.475844,48.3848],[0.47548,48.384363],[0.473935,48.384309],[0.47335,48.384247],[0.472014,48.384322],[0.469321,48.38426],[0.468243,48.384499],[0.467589,48.384537],[0.466141,48.384372],[0.464509,48.384271],[0.464461,48.389988],[0.46438,48.391609],[0.464051,48.39188],[0.461913,48.394003],[0.460672,48.393749],[0.459687,48.393444],[0.459172,48.393441],[0.458598,48.393185],[0.457278,48.393483],[0.456056,48.393529],[0.454931,48.393526],[0.454644,48.393719],[0.454245,48.393566],[0.451909,48.393096],[0.451474,48.392946],[0.450621,48.392608],[0.450495,48.392417],[0.450036,48.392255],[0.448904,48.392254],[0.447971,48.392175],[0.447553,48.392053],[0.446872,48.391744],[0.446302,48.391698],[0.446002,48.391635],[0.445418,48.39133],[0.444611,48.391129],[0.443492,48.3908],[0.44288,48.390553],[0.442601,48.390365],[0.442408,48.390162],[0.442454,48.38999],[0.442467,48.389434],[0.441394,48.389332],[0.440347,48.389045],[0.439866,48.388686],[0.439466,48.388646],[0.438865,48.388992],[0.43839,48.389042],[0.4377,48.38905],[0.437239,48.389193],[0.437016,48.389428],[0.436459,48.390312],[0.43623,48.390388],[0.43597,48.390308],[0.43578,48.390481],[0.43548,48.390591],[0.435282,48.3908],[0.435123,48.391168],[0.435047,48.391711],[0.435155,48.391969],[0.435877,48.392359],[0.436557,48.392617],[0.437091,48.392932],[0.437237,48.39315],[0.43665,48.393341],[0.436387,48.39367],[0.436338,48.393865],[0.436183,48.394018],[0.435406,48.394431],[0.434447,48.394712],[0.434502,48.394923],[0.434415,48.395103],[0.433756,48.395629],[0.433295,48.396195],[0.433029,48.396409],[0.431172,48.397195],[0.430396,48.397513],[0.42917,48.398201],[0.428303,48.398627],[0.427174,48.398981],[0.426731,48.399023],[0.426155,48.398932],[0.424318,48.398418],[0.424151,48.398436],[0.424726,48.400054],[0.425073,48.401047],[0.425524,48.401873],[0.42606,48.40246],[0.426878,48.403125],[0.423217,48.405371],[0.422861,48.40551],[0.421669,48.405814],[0.421163,48.406059],[0.42052,48.406601],[0.41971,48.407169],[0.41897,48.4076],[0.418213,48.407977],[0.417195,48.408339],[0.4156,48.40876],[0.415099,48.408851],[0.41452,48.40884],[0.412207,48.408655],[0.41168,48.408681],[0.411348,48.408862],[0.410998,48.409099],[0.410564,48.409229],[0.409889,48.409192],[0.40809,48.408755],[0.407511,48.408681],[0.40712,48.408699],[0.406982,48.408469],[0.40615,48.407937],[0.405575,48.407788],[0.404506,48.407618],[0.403448,48.407626],[0.40284,48.407756],[0.40292,48.407261],[0.402609,48.406914],[0.40175,48.406655],[0.401447,48.405795],[0.401977,48.405422],[0.401681,48.405244],[0.400722,48.404328],[0.399702,48.403582],[0.39931,48.403351],[0.398527,48.403054],[0.396542,48.402637],[0.394903,48.402475],[0.393736,48.402565],[0.390754,48.40312],[0.390111,48.403157],[0.388841,48.403129],[0.38717,48.40329],[0.387037,48.403496],[0.386994,48.403831],[0.386622,48.404473],[0.38605,48.405571],[0.38548,48.407051],[0.3846,48.4077],[0.3835,48.408169],[0.382724,48.408381],[0.381852,48.408419],[0.38076,48.40881],[0.379293,48.40956],[0.3774,48.411098],[0.374865,48.412477],[0.374423,48.412468],[0.372899,48.412875],[0.37249,48.412856],[0.371361,48.412563],[0.37097,48.411999],[0.37054,48.411659],[0.36923,48.410969],[0.368828,48.410498],[0.368505,48.410442],[0.367539,48.410619],[0.367141,48.410661],[0.36577,48.410728],[0.364748,48.410741],[0.36383,48.410789],[0.36271,48.410851],[0.361751,48.410972],[0.359927,48.411348],[0.359292,48.411368],[0.35822,48.41119],[0.356602,48.410753],[0.35495,48.410389],[0.3539,48.41024],[0.353478,48.410085],[0.353278,48.409928],[0.35295,48.40955],[0.352466,48.410121],[0.352055,48.410424],[0.351147,48.410667],[0.350036,48.410899],[0.34811,48.41151],[0.346909,48.411776],[0.344594,48.410907],[0.344277,48.409752],[0.344251,48.409288],[0.344456,48.408871],[0.344514,48.408408],[0.344538,48.408012],[0.344718,48.407809],[0.344106,48.407337],[0.342996,48.40661],[0.342483,48.40615],[0.34174,48.405651],[0.341338,48.40506],[0.340482,48.404059],[0.339567,48.403155],[0.339068,48.403032],[0.338481,48.402715],[0.338118,48.402445],[0.337701,48.402365],[0.337302,48.402363],[0.334747,48.403007],[0.331485,48.404013],[0.331292,48.40403],[0.33127,48.404099],[0.330142,48.40431],[0.3293,48.404289],[0.326625,48.404188],[0.325948,48.404675],[0.324388,48.40548],[0.324122,48.405725],[0.323576,48.406045],[0.32287,48.4063],[0.321331,48.406781],[0.320232,48.407124],[0.317423,48.409851],[0.318002,48.41076],[0.318125,48.411184],[0.317993,48.411587],[0.31781,48.411826],[0.317618,48.412449],[0.317672,48.412874],[0.317473,48.413438],[0.31388,48.41457],[0.313549,48.414562],[0.313239,48.414617],[0.31318,48.414829],[0.309909,48.415819],[0.306542,48.416766],[0.30221,48.418098],[0.299889,48.418887],[0.299551,48.418744],[0.299393,48.418965],[0.298853,48.419207],[0.2971,48.41972],[0.29765,48.420052],[0.29765,48.420052],[0.293009,48.421495],[0.292183,48.420416],[0.291419,48.420523],[0.290703,48.420544],[0.28986,48.420843],[0.289045,48.420929],[0.288329,48.421148],[0.288106,48.421089],[0.287763,48.420754],[0.287455,48.420639],[0.287194,48.420623],[0.286052,48.419508],[0.284051,48.418999],[0.283037,48.418494],[0.283976,48.418202],[0.281546,48.414659],[0.280237,48.415086],[0.279995,48.414883],[0.278885,48.414403],[0.278424,48.41405],[0.277753,48.413904],[0.277286,48.41347],[0.276836,48.413254],[0.276117,48.413034],[0.274819,48.412743],[0.274545,48.412599],[0.273381,48.410888],[0.273113,48.410735],[0.272426,48.410514],[0.271729,48.409863],[0.27131,48.409678],[0.270758,48.409653],[0.268194,48.402943],[0.267663,48.403043],[0.267094,48.403041],[0.266477,48.402894],[0.260657,48.400436],[0.2599,48.400272],[0.25894,48.399934],[0.258607,48.399738],[0.257298,48.398408],[0.256676,48.397861],[0.256408,48.397922],[0.254761,48.397202],[0.253618,48.397822],[0.253452,48.39761],[0.252342,48.396921],[0.252792,48.396273],[0.253677,48.395257],[0.253986,48.394793],[0.254048,48.394524],[0.25394,48.393761],[0.25438,48.392134],[0.254608,48.391576],[0.254852,48.391186],[0.253962,48.390203],[0.252755,48.388108],[0.252621,48.387723],[0.25224,48.387709],[0.250378,48.388254],[0.249252,48.388505],[0.248431,48.388568],[0.247667,48.38858],[0.247247,48.388675],[0.246296,48.389017],[0.245373,48.389604],[0.244451,48.389758],[0.243788,48.389731],[0.243362,48.389747],[0.242393,48.390035],[0.241661,48.390335],[0.241074,48.390539],[0.239982,48.391346],[0.239607,48.391792],[0.239014,48.392269],[0.238657,48.392668],[0.238558,48.392967],[0.238754,48.39364],[0.238746,48.39402],[0.238056,48.395158],[0.237799,48.395389],[0.237442,48.395553],[0.236286,48.39582],[0.235197,48.396871],[0.234996,48.397181],[0.234902,48.397541],[0.234945,48.398281],[0.234848,48.398531],[0.234524,48.398695],[0.233475,48.399012],[0.232898,48.399131],[0.231657,48.399154],[0.230417,48.399428],[0.229098,48.400668],[0.228588,48.400885],[0.227928,48.401008],[0.227566,48.401016],[0.226543,48.401169],[0.226228,48.401273],[0.219699,48.398096],[0.211921,48.403641],[0.20771,48.404112],[0.200859,48.40347],[0.200157,48.403267],[0.199518,48.403211],[0.199052,48.403267],[0.198746,48.403478],[0.198306,48.404062],[0.197896,48.404384],[0.197297,48.40461],[0.19649,48.404605],[0.195795,48.40455],[0.1952,48.404671],[0.194889,48.40456],[0.194395,48.404637],[0.1938,48.404821],[0.193408,48.404785],[0.180437,48.400725],[0.177353,48.404535],[0.169947,48.401829],[0.163453,48.399521],[0.1637,48.399186],[0.16156,48.398645],[0.160664,48.398353],[0.156415,48.40023],[0.155584,48.400719],[0.151845,48.403136],[0.150343,48.404072],[0.149978,48.404222],[0.149222,48.404446],[0.148929,48.404626],[0.148127,48.405554],[0.147888,48.405728],[0.14756,48.405848],[0.146995,48.405974],[0.146099,48.405931],[0.13871,48.406782],[0.132232,48.407584],[0.130977,48.407822],[0.127421,48.408465],[0.126611,48.408563],[0.125784,48.408743],[0.121294,48.410047],[0.119712,48.410373],[0.118956,48.410707],[0.118787,48.410691],[0.117856,48.409763],[0.117647,48.409656],[0.117335,48.409589],[0.117302,48.40973],[0.116185,48.410926],[0.115082,48.412017],[0.114801,48.412165],[0.114374,48.412313],[0.113929,48.412708],[0.113326,48.413137],[0.11181,48.414111],[0.105947,48.416902],[0.105882,48.417162],[0.097718,48.418251],[0.095454,48.420509],[0.096377,48.420049],[0.096838,48.419919],[0.097771,48.420843],[0.09871,48.421552],[0.098716,48.423065],[0.09819,48.42336],[0.097471,48.423946],[0.097063,48.424321],[0.096704,48.424757],[0.096079,48.425755],[0.095374,48.426671],[0.094934,48.4275],[0.094928,48.427899],[0.093871,48.428561],[0.091822,48.429401],[0.090824,48.429643],[0.089516,48.429693],[0.089494,48.430006],[0.088791,48.43017],[0.088625,48.430028],[0.087263,48.430757],[0.087173,48.430763],[0.087104,48.430901],[0.08636,48.431187],[0.085664,48.431505],[0.084559,48.432395],[0.084334,48.4328],[0.084256,48.43282],[0.083895,48.433509],[0.083465,48.434117],[0.082775,48.434973],[0.08215,48.435665],[0.081657,48.435989],[0.080959,48.436352],[0.081051,48.436436],[0.080927,48.436954],[0.080514,48.437594],[0.079924,48.43821],[0.079103,48.438826],[0.078476,48.439431],[0.076829,48.440947],[0.076394,48.441427],[0.075987,48.442538],[0.075922,48.443584],[0.075721,48.44424],[0.074962,48.445616],[0.074704,48.446011],[0.074688,48.446637],[0.073404,48.447518],[0.073063,48.447591],[0.072977,48.447845],[0.072687,48.448512],[0.072328,48.451202],[0.072569,48.452821],[0.072408,48.453785],[0.071969,48.45434],[0.070327,48.455365],[0.069399,48.456151],[0.068433,48.457304],[0.06912,48.457698],[0.07018,48.45815],[0.070923,48.45836],[0.070695,48.458951],[0.069329,48.460498],[0.068905,48.460836],[0.068036,48.46142],[0.067572,48.4619],[0.066942,48.462835],[0.066722,48.463444],[0.066658,48.46493],[0.066368,48.46558],[0.065848,48.466183],[0.064678,48.467139],[0.064678,48.467673],[0.06434,48.468256],[0.064421,48.468555],[0.064305,48.468779],[0.063997,48.469124],[0.06353,48.469448],[0.063074,48.46985],[0.063096,48.470027],[0.06271,48.470778],[0.062109,48.471265],[0.06124,48.471774],[0.060998,48.472058],[0.061138,48.472503],[0.06007,48.473047],[0.059781,48.473315],[0.059314,48.473954],[0.059566,48.473997],[0.060907,48.475081],[0.061245,48.475167],[0.062326,48.474738],[0.062592,48.474758],[0.063166,48.475323],[0.063453,48.475748],[0.063591,48.476163],[0.063997,48.477759],[0.064174,48.478083],[0.065478,48.479466],[0.063337,48.480323],[0.064249,48.481482],[0.064914,48.48192],[0.066703,48.482595],[0.071094,48.484441],[0.071003,48.484697],[0.070681,48.485018],[0.070053,48.485368],[0.068817,48.485877],[0.067935,48.486339],[0.067312,48.48729],[0.066701,48.48811],[0.065649,48.492664],[0.06448,48.492629],[0.064281,48.491342],[0.059872,48.491548],[0.059802,48.491807],[0.05844,48.493005],[0.058203,48.492835],[0.057039,48.492874],[0.055929,48.492991],[0.055087,48.492739],[0.053928,48.492849],[0.053346,48.492824],[0.052497,48.49262],[0.051461,48.492482],[0.047925,48.491825],[0.047373,48.491797],[0.046557,48.491649],[0.045957,48.49148],[0.044294,48.491189],[0.042765,48.491068],[0.041893,48.490841],[0.040946,48.490686],[0.039685,48.490439],[0.039047,48.490179],[0.037832,48.489911],[0.036944,48.489788],[0.036341,48.489594],[0.035819,48.489344],[0.035201,48.48913],[0.033758,48.489008],[0.032293,48.48892],[0.031929,48.488643],[0.031301,48.488369],[0.031124,48.487957],[0.02982,48.487545],[0.02938,48.487267],[0.028004,48.487001],[0.026532,48.486652],[0.025153,48.486145],[0.023764,48.485689],[0.023109,48.485351],[0.020776,48.484604],[0.020411,48.485169],[0.01959,48.486073],[0.019102,48.487168],[0.019086,48.488782],[0.018936,48.489806],[0.018625,48.490396],[0.018367,48.491143],[0.017986,48.491861],[0.017761,48.492995],[0.01753,48.493332],[0.017085,48.493791],[0.016565,48.493933],[0.014811,48.49404],[0.014242,48.493876],[0.013995,48.493741],[0.012767,48.494173],[0.011935,48.494534],[0.010951,48.49484],[0.009618,48.495128],[0.008532,48.49509],[0.007638,48.495131],[0.006845,48.495018],[0.005517,48.494742],[0.00494,48.494566],[0.004538,48.497129],[0.004645,48.497243],[0.004591,48.498242],[0.003996,48.49913],[0.003899,48.499948],[0.0035,48.500469],[0.003122,48.500812],[0.00236,48.503289],[0.001646,48.505596],[-0.006164,48.504523],[-0.006435,48.504448],[-0.00656,48.504297],[-0.00669,48.503854],[-0.006832,48.503662],[-0.008561,48.502653],[-0.00904,48.50228],[-0.009823,48.501921],[-0.010043,48.501782],[-0.010402,48.501423],[-0.011684,48.500883],[-0.012215,48.500755],[-0.013293,48.500712],[-0.015246,48.500968],[-0.016603,48.501011],[-0.018371,48.501146],[-0.0206,48.5011],[-0.023202,48.50272],[-0.023692,48.5029],[-0.024838,48.50309],[-0.025143,48.503245],[-0.026176,48.504356],[-0.027193,48.505539],[-0.027346,48.505873],[-0.027343,48.506289],[-0.027185,48.506717],[-0.026764,48.507366],[-0.026589,48.507981],[-0.02657,48.508546],[-0.026718,48.509132],[-0.026647,48.509415],[-0.026853,48.509552],[-0.026356,48.510493],[-0.026147,48.510461],[-0.025975,48.51055],[-0.025578,48.511129],[-0.025149,48.511378],[-0.024854,48.511426],[-0.024124,48.511396],[-0.023832,48.511495],[-0.023314,48.511915],[-0.022392,48.512142],[-0.024387,48.513351],[-0.023717,48.51355],[-0.023435,48.513741],[-0.023019,48.514591],[-0.023223,48.515053],[-0.023151,48.515293],[-0.022921,48.515491],[-0.022531,48.515721],[-0.022456,48.515968],[-0.022515,48.516257],[-0.023384,48.517416],[-0.024371,48.518151],[-0.024336,48.518206],[-0.02465,48.518571],[-0.025546,48.51931],[-0.026407,48.519093],[-0.027375,48.51894],[-0.030242,48.518698],[-0.031189,48.518567],[-0.031227,48.518823],[-0.031364,48.518958],[-0.033689,48.519793],[-0.034966,48.520798],[-0.034343,48.521346],[-0.033995,48.522117],[-0.033823,48.522817],[-0.033128,48.523868],[-0.032756,48.524305],[-0.032326,48.524977],[-0.031441,48.527609],[-0.026356,48.529261],[-0.026361,48.529936],[-0.026013,48.530455],[-0.026063,48.530664],[-0.026297,48.530888],[-0.026291,48.531087],[-0.025219,48.531808],[-0.024323,48.532522],[-0.022992,48.533148],[-0.022456,48.533872],[-0.022177,48.534597],[-0.020568,48.535861],[-0.019366,48.536607],[-0.019264,48.536756],[-0.018746,48.537083],[-0.018154,48.537332],[-0.014651,48.540159],[-0.015305,48.540735],[-0.016507,48.54283],[-0.016796,48.543103],[-0.017451,48.543491],[-0.017802,48.543597],[-0.01943,48.54376],[-0.020407,48.543966],[-0.021968,48.544538],[-0.023706,48.545],[-0.025224,48.545153],[-0.032729,48.546332],[-0.035451,48.546836],[-0.042261,48.548235],[-0.052754,48.554256],[-0.055254,48.555691],[-0.058815,48.55648],[-0.063697,48.557602],[-0.068402,48.558609],[-0.0714,48.559321],[-0.074506,48.559998],[-0.078803,48.560974],[-0.079506,48.560966],[-0.080311,48.560902],[-0.080874,48.560825],[-0.086802,48.560337],[-0.089892,48.560047],[-0.091023,48.559905],[-0.09229,48.559464],[-0.092976,48.559307],[-0.09377,48.559113],[-0.094784,48.558877],[-0.094639,48.559123],[-0.094682,48.559586],[-0.09494,48.559811],[-0.095438,48.559656],[-0.096999,48.558943],[-0.097198,48.558941],[-0.097584,48.55942],[-0.098115,48.559614],[-0.098375,48.559782],[-0.098593,48.560124],[-0.099738,48.560603],[-0.100566,48.560866],[-0.101157,48.561329],[-0.101457,48.561523],[-0.101307,48.562078],[-0.101725,48.562839],[-0.10209,48.563735],[-0.102048,48.564012],[-0.10191,48.564191],[-0.101548,48.564392],[-0.101114,48.564795],[-0.101173,48.565144],[-0.101881,48.565933],[-0.102069,48.566208],[-0.102155,48.566742],[-0.103308,48.566954],[-0.104831,48.566186],[-0.104456,48.567255],[-0.104381,48.567798],[-0.104231,48.568001],[-0.104166,48.568195],[-0.103673,48.568886],[-0.10363,48.569057],[-0.103764,48.569134],[-0.104113,48.569118],[-0.104477,48.569191],[-0.104982,48.569332],[-0.105861,48.569408],[-0.106312,48.569434],[-0.107039,48.569354],[-0.10708,48.569456],[-0.106655,48.569537],[-0.106731,48.569839],[-0.107407,48.570553],[-0.107841,48.570945],[-0.108388,48.571726],[-0.108656,48.572248],[-0.108817,48.572445],[-0.109633,48.573219],[-0.110105,48.573608],[-0.110909,48.574272],[-0.111543,48.574777],[-0.112239,48.575146],[-0.112997,48.575413],[-0.113608,48.575581],[-0.114053,48.575611],[-0.114579,48.575576],[-0.114895,48.575674],[-0.115222,48.575916],[-0.116161,48.576266],[-0.116338,48.576012],[-0.116665,48.575641],[-0.116826,48.57527],[-0.117454,48.574954],[-0.11777,48.574845],[-0.119809,48.574536],[-0.120662,48.574403],[-0.120635,48.574152],[-0.120463,48.573771],[-0.120157,48.573465],[-0.120088,48.573216],[-0.120045,48.572498],[-0.120174,48.572136],[-0.120468,48.571939],[-0.120807,48.571787],[-0.121258,48.571686],[-0.122889,48.571446],[-0.123994,48.571344],[-0.126289,48.571234],[-0.127494,48.571233],[-0.128419,48.571154],[-0.130205,48.570602],[-0.130812,48.570018],[-0.131584,48.569682],[-0.132609,48.569462],[-0.134309,48.568623],[-0.134953,48.568627],[-0.135554,48.568415],[-0.136015,48.568334],[-0.136337,48.568211],[-0.13755,48.567965],[-0.138788,48.567673],[-0.138959,48.567124],[-0.139861,48.567216],[-0.14066,48.567245],[-0.141948,48.567176],[-0.142543,48.567188],[-0.143874,48.56753],[-0.14431,48.567692],[-0.145298,48.568243],[-0.14661,48.568729],[-0.147568,48.568946],[-0.14939,48.569012],[-0.150363,48.569697],[-0.150499,48.569675],[-0.15101,48.569851],[-0.1515,48.569891],[-0.152173,48.569853],[-0.153954,48.570228],[-0.15553,48.570447],[-0.156555,48.570565],[-0.157178,48.570603],[-0.159825,48.571527],[-0.160466,48.571838],[-0.160501,48.571537],[-0.160315,48.56741],[-0.160214,48.567302],[-0.16001,48.567211],[-0.159905,48.567072],[-0.16083,48.566765],[-0.161512,48.566643],[-0.163416,48.566658],[-0.164564,48.566841],[-0.166007,48.566891],[-0.167767,48.566507],[-0.168893,48.566355],[-0.169488,48.566232],[-0.169917,48.565891],[-0.170374,48.565715],[-0.170937,48.565647],[-0.171508,48.565644],[-0.172005,48.565705],[-0.172161,48.565792],[-0.17274,48.565716],[-0.172986,48.565445],[-0.173442,48.565216],[-0.173786,48.565189],[-0.174091,48.565285],[-0.17429,48.565551],[-0.177235,48.565255],[-0.178034,48.565262],[-0.178818,48.565313],[-0.179837,48.56547],[-0.180663,48.565447],[-0.181532,48.565374],[-0.182144,48.565272],[-0.183399,48.565265],[-0.184483,48.565083],[-0.185743,48.565065],[-0.18606,48.564987],[-0.18687,48.564644],[-0.18718,48.564678],[-0.187529,48.564949],[-0.188017,48.56507],[-0.189418,48.565075],[-0.190089,48.564973],[-0.190477,48.564806],[-0.192132,48.563736],[-0.192754,48.563396],[-0.192599,48.563041],[-0.192701,48.562595],[-0.192781,48.562122],[-0.193039,48.561844],[-0.193066,48.561353],[-0.194125,48.56004],[-0.194498,48.559757],[-0.194404,48.559442],[-0.193559,48.558069],[-0.194262,48.557358],[-0.193881,48.556339],[-0.193827,48.555772],[-0.193975,48.55534],[-0.194337,48.555011],[-0.195742,48.555794],[-0.196006,48.555893],[-0.196703,48.556396],[-0.196917,48.556484],[-0.197293,48.556751],[-0.197609,48.557041],[-0.198011,48.557587],[-0.19843,48.557827],[-0.198907,48.557953],[-0.199272,48.55814],[-0.201021,48.558533],[-0.201378,48.558588],[-0.202264,48.558846],[-0.202482,48.558986],[-0.203279,48.559246],[-0.203891,48.55965],[-0.20483,48.560238],[-0.205645,48.561008],[-0.205913,48.561375],[-0.206123,48.561555],[-0.207152,48.56081],[-0.207823,48.560375],[-0.210296,48.558788],[-0.210945,48.558395],[-0.213879,48.557566],[-0.215012,48.556664],[-0.215564,48.553974],[-0.215865,48.554223],[-0.219732,48.554344],[-0.221647,48.554404],[-0.222124,48.554333],[-0.222908,48.554176],[-0.223385,48.554123],[-0.223686,48.55357],[-0.223267,48.553311],[-0.222666,48.552782],[-0.223031,48.551788],[-0.224796,48.550858],[-0.225729,48.549828],[-0.226196,48.549053],[-0.226636,48.548589],[-0.227398,48.548218],[-0.227462,48.547932],[-0.228207,48.54773],[-0.228969,48.547089],[-0.229184,48.547124],[-0.229294,48.546926],[-0.229522,48.546755],[-0.230096,48.546801],[-0.229968,48.545607],[-0.230692,48.545681],[-0.231389,48.545634],[-0.231582,48.545781],[-0.232327,48.545969],[-0.233931,48.546165],[-0.234801,48.54636],[-0.235713,48.546631],[-0.236941,48.547131],[-0.237285,48.547645],[-0.237789,48.547877],[-0.238464,48.54854],[-0.238942,48.548097],[-0.239312,48.547944],[-0.239446,48.547775],[-0.239741,48.546762],[-0.239918,48.54647],[-0.240202,48.546211],[-0.240626,48.545631],[-0.241018,48.544457],[-0.240981,48.544228],[-0.243228,48.544266],[-0.244644,48.544384],[-0.243786,48.543061],[-0.243297,48.542391],[-0.242391,48.541499],[-0.241667,48.541027],[-0.240487,48.540108],[-0.241238,48.539775],[-0.242734,48.539333],[-0.24333,48.539121],[-0.24413,48.538689],[-0.245862,48.538189],[-0.246951,48.537815],[-0.248743,48.536728],[-0.250009,48.536337],[-0.250427,48.536439],[-0.253602,48.537674],[-0.254252,48.537729],[-0.255534,48.538021],[-0.257262,48.538311],[-0.258007,48.538452],[-0.260561,48.538589],[-0.261623,48.538593],[-0.262953,48.538723],[-0.264986,48.539153],[-0.266413,48.539565],[-0.267674,48.539719],[-0.270887,48.539818],[-0.27089,48.539902],[-0.271316,48.540153],[-0.271866,48.540393],[-0.272561,48.540842],[-0.272974,48.541638],[-0.273468,48.542398],[-0.273585,48.542259],[-0.274937,48.542215],[-0.276616,48.54144],[-0.278209,48.54076],[-0.278912,48.540593],[-0.279534,48.540537],[-0.279572,48.540391],[-0.27913,48.540325],[-0.279106,48.540231],[-0.279487,48.539537],[-0.279597,48.539098],[-0.279878,48.538488],[-0.280328,48.538302],[-0.280801,48.538066],[-0.281053,48.537663],[-0.281404,48.537386],[-0.281777,48.537209],[-0.282635,48.537198],[-0.283059,48.537329],[-0.283397,48.537321],[-0.284797,48.536844],[-0.285275,48.536918],[-0.28551,48.53661],[-0.285757,48.536224],[-0.286009,48.536084],[-0.286427,48.536055],[-0.286953,48.536175],[-0.287157,48.536032],[-0.287367,48.535603],[-0.287587,48.535482],[-0.288337,48.534497],[-0.288193,48.534298],[-0.287758,48.533886],[-0.287908,48.533558],[-0.287973,48.533233],[-0.288058,48.533137],[-0.288605,48.532953],[-0.289062,48.532867],[-0.289993,48.532791],[-0.290505,48.532794],[-0.291003,48.532595],[-0.291428,48.532527],[-0.291916,48.532658],[-0.292726,48.532756],[-0.293697,48.53294],[-0.294201,48.532883],[-0.294694,48.532709],[-0.295043,48.532665],[-0.295558,48.532487],[-0.296465,48.532518],[-0.297095,48.532529],[-0.297382,48.532703],[-0.297784,48.532829],[-0.298401,48.532812],[-0.300761,48.534973],[-0.3014,48.535542],[-0.302086,48.536018],[-0.303192,48.536455],[-0.303881,48.536673],[-0.304688,48.536777],[-0.305708,48.536785],[-0.307854,48.536545],[-0.308749,48.536568],[-0.309479,48.536797],[-0.310589,48.537475],[-0.311002,48.537828],[-0.311426,48.538338],[-0.312053,48.539204],[-0.313668,48.538803],[-0.313963,48.538659],[-0.316538,48.536907],[-0.319,48.536446],[-0.318791,48.536243],[-0.31877,48.536068],[-0.319049,48.534739],[-0.31929,48.53447],[-0.320132,48.534099],[-0.320905,48.533847],[-0.32135,48.533843],[-0.321957,48.533817],[-0.322681,48.533677],[-0.323662,48.533722],[-0.324075,48.533676],[-0.325931,48.533745],[-0.326489,48.533582],[-0.327782,48.532903],[-0.328227,48.532701],[-0.328667,48.532367],[-0.328732,48.532197],[-0.328995,48.533197],[-0.32923,48.533604],[-0.329837,48.534269],[-0.33188,48.535313],[-0.336628,48.534645],[-0.340898,48.53405],[-0.34519,48.533485],[-0.345506,48.533471],[-0.346134,48.533731],[-0.347609,48.534243],[-0.348586,48.534479],[-0.349744,48.534859],[-0.350442,48.535228],[-0.351991,48.536208],[-0.352389,48.536385],[-0.353509,48.537029],[-0.354411,48.537418],[-0.355124,48.537779],[-0.355865,48.538239],[-0.35705,48.538531],[-0.357216,48.538617],[-0.357689,48.538759],[-0.357807,48.538851],[-0.358204,48.538904],[-0.358799,48.538883],[-0.35948,48.538955],[-0.361288,48.539168],[-0.363321,48.538679],[-0.364818,48.538398],[-0.365923,48.53824],[-0.367012,48.538196],[-0.368551,48.538276],[-0.369501,48.538438],[-0.370789,48.538794],[-0.371701,48.539181],[-0.372682,48.539604],[-0.373653,48.540185],[-0.374174,48.540474],[-0.375037,48.540871],[-0.376073,48.541309],[-0.377086,48.541786],[-0.37828,48.542466],[-0.379077,48.542819],[-0.378728,48.543358],[-0.378798,48.543442],[-0.379602,48.543837],[-0.377044,48.546375],[-0.379077,48.547269],[-0.392842,48.553325],[-0.392933,48.553067],[-0.399048,48.551599],[-0.40018,48.553726],[-0.401156,48.55566],[-0.402052,48.55551],[-0.406575,48.554398],[-0.406317,48.555697],[-0.4062,48.556045],[-0.406177,48.556328],[-0.406398,48.556375],[-0.407154,48.556334],[-0.407433,48.556518],[-0.408479,48.556521],[-0.409881,48.556687],[-0.410296,48.556775],[-0.410718,48.556795],[-0.411756,48.556962],[-0.412199,48.55719],[-0.412326,48.556999],[-0.413838,48.557188],[-0.414734,48.557213],[-0.415533,48.557094],[-0.416093,48.556902],[-0.41674,48.556844],[-0.416821,48.556673],[-0.417127,48.55641],[-0.417512,48.556169],[-0.417679,48.555898],[-0.4177,48.555588],[-0.417754,48.555237],[-0.417497,48.555056],[-0.417529,48.554928],[-0.417915,48.55475],[-0.417915,48.55475],[-0.417168,48.554032],[-0.417322,48.55396],[-0.41777,48.554136],[-0.417547,48.553786],[-0.417507,48.553479],[-0.417572,48.553433],[-0.41814,48.553927],[-0.41858,48.554175],[-0.418612,48.554413],[-0.418714,48.554608],[-0.419256,48.554481],[-0.419739,48.554761],[-0.419867,48.554914],[-0.420087,48.554552],[-0.420382,48.554344],[-0.42116,48.5542],[-0.421305,48.554097],[-0.421297,48.553896],[-0.421015,48.553486],[-0.421042,48.553135],[-0.421552,48.553149],[-0.421718,48.55328],[-0.423606,48.553731],[-0.424282,48.553632],[-0.424009,48.554502],[-0.424081,48.554774],[-0.424803,48.555972],[-0.429228,48.556899],[-0.430451,48.557037],[-0.431353,48.557239],[-0.432796,48.557452],[-0.43389,48.55741],[-0.435328,48.55714],[-0.436028,48.557062],[-0.436497,48.557076],[-0.437744,48.557474],[-0.439319,48.557836],[-0.440714,48.558148],[-0.441229,48.558358],[-0.44169,48.558425],[-0.444828,48.55839],[-0.446368,48.558287],[-0.447328,48.558411],[-0.448025,48.558319],[-0.446807,48.560223],[-0.446333,48.560887],[-0.44631,48.561049],[-0.446143,48.561105],[-0.446233,48.561253],[-0.468035,48.566172],[-0.473308,48.567692],[-0.478093,48.569106],[-0.483995,48.569779],[-0.49112,48.570537],[-0.497901,48.571282],[-0.502301,48.571741],[-0.511502,48.572761],[-0.515813,48.573289],[-0.527725,48.574814],[-0.535511,48.575782],[-0.542783,48.576786],[-0.543083,48.577291],[-0.543491,48.577693],[-0.544499,48.577152],[-0.545009,48.577142],[-0.547026,48.577402],[-0.548592,48.577848],[-0.55209,48.578772],[-0.554778,48.579034],[-0.556435,48.579319],[-0.558087,48.579414],[-0.558264,48.579526],[-0.560861,48.579946],[-0.564407,48.580621],[-0.5677,48.581336],[-0.571579,48.582228],[-0.574079,48.582663],[-0.581326,48.585014],[-0.582871,48.58543],[-0.585022,48.585791],[-0.587628,48.585832],[-0.587676,48.585653],[-0.587889,48.585494],[-0.588112,48.585133],[-0.588606,48.585227],[-0.589019,48.585485],[-0.589234,48.585965],[-0.590011,48.585843],[-0.590568,48.585834],[-0.591079,48.585874],[-0.595729,48.586932],[-0.596394,48.587042],[-0.597354,48.587291],[-0.598787,48.587553],[-0.600334,48.587916],[-0.602215,48.588291],[-0.604366,48.58858],[-0.607721,48.588905],[-0.608423,48.588918],[-0.609601,48.589063],[-0.610876,48.589425],[-0.611753,48.589716],[-0.612482,48.590129],[-0.614647,48.590425],[-0.616366,48.59072],[-0.628528,48.591507],[-0.628165,48.592699],[-0.627834,48.593721],[-0.627819,48.594022],[-0.627927,48.595325],[-0.628071,48.595519],[-0.628348,48.595834],[-0.628416,48.596122],[-0.628343,48.596352],[-0.628286,48.596812],[-0.628613,48.59736],[-0.629139,48.597864],[-0.629166,48.598069],[-0.62864,48.599387],[-0.628774,48.599686],[-0.628152,48.600853],[-0.627809,48.601206],[-0.627058,48.602279],[-0.626574,48.602868],[-0.626379,48.603393],[-0.626484,48.603506],[-0.626371,48.603956],[-0.626462,48.604259],[-0.626655,48.604467],[-0.626618,48.604601],[-0.626183,48.60484],[-0.625733,48.604922],[-0.625426,48.605152],[-0.624467,48.605223],[-0.623812,48.605391],[-0.623839,48.605748],[-0.624579,48.605899],[-0.625073,48.605965],[-0.625738,48.606217],[-0.626537,48.606683],[-0.627009,48.607179],[-0.627444,48.607982],[-0.627723,48.608673],[-0.627731,48.608965],[-0.627407,48.609764],[-0.627154,48.610566],[-0.626929,48.611106],[-0.626829,48.61196],[-0.626914,48.612142],[-0.626757,48.612218],[-0.626765,48.612656],[-0.626666,48.613335],[-0.627063,48.615863],[-0.627589,48.61846],[-0.627771,48.618951],[-0.628554,48.620315],[-0.629697,48.622649],[-0.630788,48.624353],[-0.631869,48.62571],[-0.63236,48.626515],[-0.632905,48.627681],[-0.634348,48.630531],[-0.634667,48.631457],[-0.634793,48.632368],[-0.635597,48.632476],[-0.637443,48.632408],[-0.637974,48.632471],[-0.640195,48.633114],[-0.642453,48.633345],[-0.644438,48.633106],[-0.645205,48.633569],[-0.645538,48.634216],[-0.645742,48.634121],[-0.645892,48.633743],[-0.646268,48.633337],[-0.647491,48.633209],[-0.648698,48.633446],[-0.650119,48.633604],[-0.651959,48.63399],[-0.652836,48.634054],[-0.653767,48.634055],[-0.653912,48.634121],[-0.65411,48.634388],[-0.654561,48.634755],[-0.654657,48.635094],[-0.655499,48.635071],[-0.656358,48.635784],[-0.656819,48.635964],[-0.657307,48.636032],[-0.660091,48.635926],[-0.66006,48.637058],[-0.659947,48.637575],[-0.661304,48.637398],[-0.664496,48.637791],[-0.664635,48.637948],[-0.665035,48.63798],[-0.666089,48.63819],[-0.66993,48.636255],[-0.670976,48.635796],[-0.672054,48.6354],[-0.673459,48.635329],[-0.673065,48.634856],[-0.672253,48.634162],[-0.671684,48.633582],[-0.673239,48.633083],[-0.673948,48.632672],[-0.674404,48.632351],[-0.67483,48.632318],[-0.675321,48.632445],[-0.676064,48.633055],[-0.67626,48.633339],[-0.67663,48.633591],[-0.677285,48.633884],[-0.678057,48.634445],[-0.67844,48.634555],[-0.679382,48.634414],[-0.679854,48.634499],[-0.680777,48.635291],[-0.681501,48.635712],[-0.681957,48.635862],[-0.682338,48.63585],[-0.684291,48.635756],[-0.6845,48.635815],[-0.684639,48.635987],[-0.685031,48.636862],[-0.685466,48.637156],[-0.686334,48.637508],[-0.688372,48.639037],[-0.688681,48.639152],[-0.68913,48.639193],[-0.689532,48.63931],[-0.689768,48.639495],[-0.689886,48.639864],[-0.689778,48.640173],[-0.689805,48.640349],[-0.689698,48.640517],[-0.689749,48.640646],[-0.689928,48.640703],[-0.690465,48.640607],[-0.690744,48.64072],[-0.690908,48.640903],[-0.69105,48.641441],[-0.691602,48.642235],[-0.692536,48.642692],[-0.692761,48.643093],[-0.693,48.643229],[-0.694161,48.643626],[-0.694445,48.643807],[-0.694638,48.644276],[-0.6951,48.644653],[-0.695272,48.644981],[-0.695476,48.64572],[-0.695835,48.646302],[-0.695636,48.64735],[-0.696687,48.647326],[-0.697111,48.647453],[-0.697948,48.648424],[-0.69802,48.64871],[-0.698071,48.650956],[-0.699649,48.650498],[-0.700696,48.650317],[-0.70096,48.650334],[-0.703243,48.65017],[-0.70453,48.649797],[-0.706258,48.64978],[-0.706698,48.649967],[-0.706963,48.649959],[-0.707557,48.649647],[-0.708162,48.649455],[-0.708698,48.649583],[-0.708902,48.648818],[-0.70959,48.647643],[-0.709664,48.647244],[-0.709876,48.646769],[-0.71019,48.646573],[-0.71052,48.646225],[-0.710497,48.645825],[-0.710169,48.645562],[-0.713805,48.642895],[-0.71417,48.641921],[-0.714192,48.64148],[-0.714063,48.640656],[-0.71424,48.64035],[-0.714589,48.639952],[-0.715123,48.639646],[-0.716638,48.639279],[-0.716016,48.638781],[-0.715933,48.638508],[-0.716043,48.638101],[-0.716933,48.636941],[-0.716979,48.636464],[-0.71726,48.635962],[-0.717662,48.635652],[-0.717931,48.635293],[-0.718132,48.634779],[-0.718532,48.634179],[-0.719109,48.633706],[-0.719417,48.633317],[-0.719406,48.632577],[-0.719722,48.631915],[-0.719698,48.631664],[-0.718837,48.631413],[-0.71814,48.631339],[-0.717797,48.631378],[-0.715984,48.631243],[-0.713897,48.630895],[-0.713645,48.630763],[-0.713687,48.630571],[-0.714219,48.62962],[-0.71534,48.628214],[-0.715157,48.627488],[-0.714159,48.626843],[-0.714079,48.626627],[-0.714465,48.626356],[-0.71465,48.626128],[-0.714652,48.625808],[-0.714278,48.62563],[-0.714557,48.625297],[-0.714981,48.625188],[-0.714964,48.624331],[-0.715064,48.624169],[-0.715539,48.623926],[-0.715522,48.623714],[-0.715271,48.62349],[-0.715233,48.622682],[-0.715077,48.622519],[-0.715072,48.622267],[-0.71571,48.621597],[-0.714862,48.620937],[-0.714739,48.620706],[-0.714519,48.620595],[-0.713886,48.62048],[-0.714573,48.619203],[-0.715646,48.619865],[-0.716761,48.620417],[-0.717319,48.62061],[-0.718494,48.620522],[-0.719326,48.620702],[-0.720683,48.620867],[-0.725006,48.620817],[-0.7308,48.621222],[-0.736057,48.621532],[-0.737071,48.621471],[-0.738112,48.621657],[-0.738455,48.621648],[-0.738949,48.621785],[-0.74052,48.621914],[-0.741555,48.6218],[-0.743922,48.621872],[-0.745836,48.622058],[-0.74699,48.622096],[-0.74758,48.622234],[-0.747612,48.622422],[-0.747896,48.622467],[-0.748089,48.622635],[-0.748567,48.622342],[-0.749533,48.622349],[-0.749865,48.622492],[-0.750589,48.622429],[-0.750809,48.622234],[-0.751209,48.622265],[-0.75164,48.622507],[-0.752404,48.623083],[-0.752559,48.623285],[-0.752368,48.623454],[-0.752134,48.623734],[-0.754044,48.624243],[-0.754704,48.624302],[-0.755911,48.624339],[-0.756458,48.624422],[-0.756967,48.624553],[-0.757348,48.624577],[-0.758792,48.624515],[-0.759752,48.624683],[-0.760771,48.624638],[-0.763158,48.624616],[-0.763464,48.624654],[-0.764784,48.624581],[-0.765331,48.624953],[-0.765658,48.625073],[-0.768561,48.625456],[-0.772777,48.625656],[-0.774266,48.625591],[-0.775738,48.625654],[-0.778608,48.625515],[-0.779208,48.625362],[-0.780276,48.624977],[-0.781,48.624826],[-0.781824,48.624576],[-0.78232,48.624487],[-0.783001,48.624206],[-0.783581,48.624398],[-0.784718,48.62432],[-0.785844,48.624331],[-0.786757,48.624236],[-0.788141,48.624295],[-0.78932,48.624883],[-0.789862,48.624855],[-0.79065,48.625118],[-0.790962,48.625134],[-0.791418,48.624942],[-0.791932,48.625041],[-0.793687,48.625023],[-0.79492,48.625553],[-0.79523,48.625592],[-0.795738,48.625519],[-0.796043,48.625637],[-0.79625,48.625541],[-0.796876,48.625679],[-0.797226,48.62559],[-0.798408,48.625586],[-0.79976,48.626276],[-0.799936,48.626851],[-0.800564,48.627033],[-0.800892,48.627237],[-0.801329,48.627348],[-0.801612,48.627733],[-0.801916,48.627842],[-0.802501,48.627773],[-0.804019,48.627448],[-0.803595,48.631808],[-0.80345,48.632212],[-0.80315,48.632617],[-0.802169,48.633712],[-0.802774,48.633774],[-0.802925,48.633945],[-0.803235,48.634625],[-0.803536,48.635594],[-0.804115,48.638023],[-0.804799,48.638045],[-0.805193,48.638117],[-0.805419,48.637919],[-0.807442,48.637975],[-0.808204,48.637783],[-0.808429,48.637795],[-0.808804,48.63797],[-0.810086,48.639408],[-0.810563,48.640276],[-0.811229,48.643047],[-0.80992,48.643326],[-0.809497,48.643854],[-0.80977,48.64412],[-0.810145,48.644794],[-0.81081,48.645168],[-0.811068,48.645553],[-0.81323,48.646271],[-0.814876,48.646367],[-0.816051,48.645955],[-0.819554,48.645744],[-0.81986,48.64561],[-0.82166,48.645267],[-0.823106,48.644905],[-0.823744,48.64469],[-0.82427,48.644665],[-0.824554,48.644574],[-0.824881,48.644547],[-0.825944,48.644199],[-0.826565,48.644165],[-0.827676,48.643979],[-0.828073,48.64383],[-0.828647,48.643447],[-0.829414,48.643283],[-0.831048,48.643091],[-0.831677,48.643111],[-0.832091,48.643405],[-0.832161,48.643802],[-0.834484,48.647341],[-0.834569,48.647685],[-0.83446,48.64821],[-0.834377,48.648884],[-0.834537,48.649183],[-0.835454,48.649698],[-0.836044,48.649824],[-0.836205,48.64989],[-0.83689,48.649875],[-0.838362,48.650136],[-0.83922,48.650346],[-0.8404,48.650831],[-0.841146,48.651433],[-0.843807,48.650382],[-0.844649,48.649685],[-0.845078,48.649368],[-0.845851,48.64896],[-0.847519,48.64826],[-0.847777,48.647692],[-0.848082,48.647373],[-0.849262,48.646828],[-0.849638,48.647116],[-0.850545,48.646921],[-0.851719,48.646534],[-0.85283,48.646156],[-0.854069,48.645604],[-0.856081,48.645205],[-0.856284,48.645341],[-0.856773,48.646584],[-0.857277,48.647469],[-0.857218,48.647991],[-0.857234,48.648429],[-0.858693,48.648299],[-0.859487,48.647837],[-0.859862,48.64782],[-0.860254,48.64775],[-0.861107,48.647663],[-0.861354,48.647686],[-0.861423,48.647523],[-0.861456,48.646694],[-0.861124,48.646063],[-0.861933,48.644966],[-0.861761,48.64488],[-0.863602,48.642086],[-0.864568,48.63929],[-0.865388,48.639498],[-0.866976,48.640034],[-0.866536,48.640582],[-0.868268,48.641006],[-0.869406,48.640965],[-0.870914,48.640958],[-0.870961,48.641809],[-0.87108,48.642508],[-0.871386,48.643],[-0.871568,48.643451],[-0.871895,48.643265],[-0.874454,48.642902],[-0.874963,48.642864],[-0.875661,48.642872],[-0.876637,48.643032],[-0.877361,48.643379],[-0.877571,48.643505],[-0.877793,48.643491],[-0.877967,48.643296],[-0.878321,48.641813],[-0.878552,48.641606],[-0.880204,48.640965],[-0.880853,48.640666],[-0.881342,48.640337],[-0.881444,48.64009],[-0.882055,48.637952],[-0.882232,48.637645],[-0.882672,48.63728],[-0.883375,48.636887],[-0.88471,48.636345],[-0.885579,48.636282],[-0.886491,48.635925],[-0.887436,48.635344],[-0.891824,48.633761],[-0.89265,48.633262],[-0.893009,48.63295],[-0.893184,48.63245],[-0.893149,48.632019],[-0.893476,48.63166],[-0.894115,48.631393],[-0.894382,48.63103],[-0.894886,48.630046],[-0.895037,48.629491],[-0.895193,48.629234],[-0.896796,48.627591],[-0.898197,48.626849],[-0.899597,48.626292],[-0.900487,48.62624],[-0.901324,48.62632],[-0.902619,48.626758],[-0.90281,48.626725],[-0.903454,48.627386],[-0.903771,48.628065],[-0.904344,48.628437],[-0.905138,48.629064],[-0.905744,48.629383],[-0.906372,48.629825],[-0.90745,48.630246],[-0.908695,48.630527],[-0.911548,48.630843],[-0.911592,48.63092],[-0.911275,48.631855],[-0.911173,48.635202],[-0.911283,48.636834],[-0.911436,48.63736],[-0.911372,48.638217],[-0.910814,48.639783],[-0.912182,48.640677],[-0.912656,48.640824],[-0.913045,48.6409],[-0.913459,48.641188],[-0.913856,48.641213],[-0.914419,48.641164],[-0.915095,48.63972],[-0.915341,48.639576],[-0.91577,48.639631],[-0.916388,48.639889],[-0.917235,48.640559],[-0.917718,48.640663],[-0.9187,48.640674],[-0.921468,48.641212],[-0.922042,48.641186],[-0.923345,48.640942],[-0.924364,48.640868],[-0.926017,48.641035],[-0.927352,48.641259],[-0.928618,48.641398],[-0.928506,48.642018],[-0.92849,48.644151],[-0.930732,48.644084],[-0.930834,48.643579],[-0.931263,48.643268],[-0.932561,48.642759],[-0.933329,48.642784],[-0.932462,48.643312],[-0.933076,48.64367],[-0.933425,48.646857],[-0.933248,48.647086],[-0.933269,48.647186],[-0.933753,48.646922],[-0.934149,48.646534],[-0.9346,48.646346],[-0.9346,48.646346],[-0.9346,48.646346],[-0.933961,48.647231],[-0.933832,48.647867],[-0.933822,48.648269],[-0.934026,48.64846],[-0.934187,48.648817],[-0.934256,48.649446],[-0.934433,48.649779],[-0.934806,48.650837],[-0.935057,48.65171],[-0.935196,48.651902],[-0.935289,48.652349],[-0.935217,48.653027],[-0.935415,48.653766],[-0.935747,48.65416],[-0.936037,48.654592],[-0.937325,48.654819],[-0.937325,48.654819],[-0.93719,48.655115],[-0.940307,48.659563],[-0.941289,48.659282],[-0.941653,48.659012],[-0.942501,48.657822],[-0.943526,48.657934],[-0.943934,48.657728],[-0.944003,48.657377],[-0.944551,48.65711],[-0.945173,48.657393],[-0.945371,48.657253],[-0.944916,48.656957],[-0.944052,48.655964],[-0.943365,48.655831],[-0.942807,48.655518],[-0.942732,48.655148],[-0.943123,48.654899],[-0.943215,48.654633],[-0.944116,48.654255],[-0.944738,48.654163],[-0.945414,48.654167],[-0.947136,48.653595],[-0.946927,48.652865],[-0.947731,48.65281],[-0.948413,48.652714],[-0.948574,48.653416],[-0.949067,48.653905],[-0.950007,48.65451],[-0.950393,48.654872],[-0.950773,48.655365],[-0.951315,48.655736],[-0.951503,48.655703],[-0.951718,48.656382],[-0.952313,48.656353],[-0.952563,48.656397],[-0.953257,48.65642],[-0.953568,48.656287],[-0.954486,48.656769],[-0.954797,48.657282],[-0.955065,48.657324],[-0.955531,48.657179],[-0.955936,48.657216],[-0.9564,48.657377],[-0.956886,48.657388],[-0.957645,48.657254],[-0.958037,48.65828],[-0.958578,48.658435],[-0.959598,48.658951],[-0.96058,48.65966],[-0.960939,48.660294],[-0.961593,48.661039],[-0.963364,48.662117],[-0.964614,48.662842],[-0.965494,48.663495],[-0.966341,48.664002],[-0.967098,48.664464],[-0.96742,48.664753],[-0.967392,48.665131],[-0.96772,48.665504],[-0.968728,48.666289],[-0.969286,48.666667],[-0.969758,48.667483],[-0.971089,48.668817],[-0.971933,48.668576],[-0.972923,48.668544],[-0.972311,48.669627],[-0.972016,48.670879],[-0.972033,48.671183],[-0.972553,48.671843],[-0.971604,48.6721],[-0.971684,48.672687],[-0.971692,48.673237],[-0.971793,48.673583],[-0.971888,48.674638],[-0.971802,48.675039],[-0.971775,48.676358],[-0.971946,48.677017],[-0.972279,48.677807],[-0.972349,48.67839],[-0.972569,48.678827],[-0.968519,48.681684],[-0.969087,48.682011],[-0.970284,48.682522],[-0.97141,48.683172],[-0.971791,48.683475],[-0.972376,48.683812],[-0.973105,48.684491],[-0.973446,48.684959],[-0.97354,48.685395],[-0.973438,48.685671],[-0.973111,48.686115],[-0.973003,48.687178],[-0.973282,48.687723],[-0.973138,48.687754],[-0.973245,48.68811],[-0.973636,48.688486],[-0.974039,48.689109],[-0.974543,48.690566],[-0.97508,48.691196],[-0.976491,48.692412],[-0.976872,48.692627],[-0.978175,48.693894],[-0.979446,48.695012],[-0.9806,48.696245],[-0.981281,48.696953],[-0.982059,48.697619],[-0.982203,48.697648],[-0.982423,48.698033],[-0.983598,48.699123],[-0.98414,48.699956],[-0.984676,48.700483],[-0.985036,48.700998],[-0.983748,48.701492],[-0.983206,48.701372],[-0.982821,48.701373],[-0.98252,48.701416],[-0.982037,48.70137],[-0.981581,48.701381],[-0.981527,48.701235],[-0.981251,48.701032],[-0.980621,48.700899],[-0.979634,48.700535],[-0.978599,48.700438],[-0.978357,48.700376],[-0.978258,48.70041],[-0.978319,48.700558],[-0.978534,48.700772],[-0.978545,48.701125],[-0.9778,48.701655],[-0.977541,48.701978],[-0.977054,48.702076],[-0.976775,48.702241],[-0.97664,48.70252],[-0.976346,48.702621],[-0.975948,48.703346],[-0.976035,48.703559],[-0.975412,48.704203],[-0.974409,48.707107],[-0.974581,48.707314],[-0.974865,48.707419],[-0.974956,48.7075],[-0.974752,48.707681],[-0.97442,48.708187],[-0.974414,48.708526],[-0.974178,48.708966],[-0.973277,48.709041],[-0.972633,48.708999],[-0.971131,48.708771],[-0.970128,48.70873],[-0.969607,48.708619],[-0.968577,48.707982],[-0.968218,48.707863],[-0.966426,48.707592],[-0.965353,48.707324],[-0.965209,48.707621],[-0.965274,48.707785],[-0.96743,48.710221],[-0.967677,48.711183],[-0.968336,48.711302],[-0.968674,48.71147],[-0.969393,48.712042],[-0.970729,48.712525],[-0.971282,48.712859],[-0.971732,48.71339],[-0.973111,48.714382],[-0.974028,48.714665],[-0.974409,48.715443],[-0.975734,48.716881],[-0.976662,48.717859],[-0.977738,48.718478],[-0.978996,48.719105],[-0.979988,48.719791],[-0.9809,48.720581],[-0.981468,48.720954],[-0.983014,48.721683],[-0.983679,48.722125],[-0.984135,48.722574],[-0.984714,48.723019],[-0.984859,48.7234],[-0.984658,48.723962],[-0.984317,48.724573],[-0.984765,48.724545],[-0.985213,48.724601],[-0.986323,48.724363],[-0.987809,48.724136],[-0.988774,48.723687],[-0.989853,48.723459],[-0.991666,48.723017],[-0.992235,48.722972],[-0.994413,48.723182],[-0.994912,48.72328],[-0.996081,48.723333],[-0.997642,48.723297],[-1.000566,48.722675],[-1.000995,48.722505],[-1.001816,48.722458],[-1.002481,48.722518],[-1.002835,48.722309],[-1.003382,48.722127],[-1.004122,48.721741],[-1.004621,48.721943],[-1.005576,48.721188],[-1.006177,48.720314],[-1.006848,48.719799],[-1.007282,48.71938],[-1.007872,48.719649],[-1.008355,48.720177],[-1.009187,48.720753],[-1.009858,48.721167],[-1.009385,48.721637],[-1.007486,48.725074],[-1.007218,48.725348],[-1.007035,48.725449],[-1.006829,48.725942],[-1.006596,48.726735],[-1.006767,48.727354],[-1.006799,48.727844],[-1.006338,48.728981],[-1.006059,48.730264],[-1.005769,48.730641],[-1.005035,48.731129],[-1.004335,48.731749],[-1.003656,48.73251],[-1.003232,48.733142],[-1.003698,48.73292],[-1.005678,48.732159],[-1.007684,48.731304],[-1.008854,48.730556],[-1.00952,48.731113],[-1.009986,48.731174],[-1.010941,48.731479],[-1.012207,48.732048],[-1.013392,48.732438],[-1.01365,48.732778],[-1.013901,48.7328],[-1.015162,48.732301],[-1.015286,48.732351],[-1.014943,48.732713],[-1.015807,48.732645],[-1.017019,48.732443],[-1.017282,48.732537],[-1.017169,48.732684],[-1.0171,48.733015],[-1.016606,48.733347],[-1.014776,48.734168],[-1.014508,48.734524],[-1.014534,48.73563],[-1.014369,48.736117],[-1.013725,48.736721],[-1.013041,48.737026],[-1.012207,48.737339],[-1.011751,48.737719],[-1.011805,48.738241],[-1.012437,48.738799],[-1.012716,48.739314],[-1.012947,48.739589],[-1.013119,48.740281],[-1.013398,48.740462],[-1.014046,48.740581],[-1.014706,48.74054],[-1.015779,48.74013],[-1.016705,48.740084],[-1.017003,48.740179],[-1.017378,48.741219],[-1.017963,48.742116],[-1.018188,48.742173],[-1.018741,48.742032],[-1.01896,48.741821],[-1.018981,48.741626],[-1.01983,48.741348],[-1.020382,48.741379],[-1.021015,48.741576],[-1.021595,48.741926],[-1.021948,48.741894],[-1.022453,48.742023],[-1.02308,48.742229],[-1.02345,48.742432],[-1.023955,48.74258],[-1.024759,48.742771],[-1.024984,48.742811],[-1.023939,48.744074],[-1.023396,48.744509],[-1.022839,48.744929],[-1.022753,48.745106],[-1.022657,48.745422],[-1.022527,48.745841],[-1.022238,48.746025],[-1.02175,48.746104],[-1.021117,48.74602],[-1.020859,48.746078],[-1.020661,48.746479],[-1.020243,48.747765],[-1.019599,48.747754],[-1.019298,48.748291],[-1.019256,48.748688],[-1.01947,48.749008],[-1.019658,48.749162],[-1.019272,48.7492],[-1.020532,48.750221],[-1.021225,48.75077],[-1.020865,48.750841],[-1.020517,48.751277],[-1.020628,48.751549],[-1.020409,48.751904],[-1.021165,48.752151],[-1.021873,48.752806],[-1.022834,48.753376],[-1.023681,48.753799],[-1.024513,48.754063],[-1.025382,48.754086],[-1.025972,48.754753],[-1.026197,48.755096],[-1.02661,48.75668],[-1.026664,48.758717],[-1.026996,48.76019],[-1.027377,48.760624],[-1.028231,48.7612],[-1.028638,48.761606],[-1.028804,48.761996],[-1.030081,48.761837],[-1.030253,48.761501],[-1.030789,48.760989],[-1.031647,48.760635],[-1.032575,48.759163],[-1.032806,48.758573],[-1.033155,48.758293],[-1.03346,48.757772],[-1.033954,48.757313],[-1.034774,48.756741],[-1.035032,48.755331],[-1.034791,48.755146],[-1.034791,48.754868],[-1.03581,48.753747],[-1.035974,48.753428],[-1.036029,48.753028],[-1.036207,48.752645],[-1.037065,48.752144],[-1.038203,48.751961],[-1.03905,48.751717],[-1.039774,48.751705],[-1.040305,48.751762],[-1.041009,48.751724],[-1.041738,48.751804],[-1.041915,48.751702],[-1.04185,48.751205],[-1.041979,48.751061],[-1.043369,48.750631],[-1.044189,48.750278],[-1.044618,48.749962],[-1.044887,48.749599],[-1.046072,48.749068],[-1.046515,48.748777],[-1.047054,48.748337],[-1.047124,48.748172],[-1.049887,48.747041],[-1.050964,48.746347],[-1.055519,48.747042],[-1.055862,48.747168],[-1.056227,48.747468],[-1.057353,48.748776],[-1.057504,48.749128],[-1.057525,48.749548],[-1.057332,48.75027],[-1.057032,48.750743],[-1.056554,48.751294],[-1.056897,48.751646],[-1.056893,48.751919],[-1.057059,48.752056],[-1.057579,48.752077],[-1.058936,48.751769],[-1.059183,48.751788],[-1.059548,48.752421],[-1.061833,48.751656],[-1.063346,48.751232],[-1.066435,48.750471],[-1.066795,48.750101],[-1.067213,48.749509],[-1.067647,48.749685],[-1.067933,48.749918],[-1.068313,48.75],[-1.069011,48.750018],[-1.069424,48.750116],[-1.069998,48.750431],[-1.070459,48.750591],[-1.07224,48.750793],[-1.072843,48.750908],[-1.073168,48.751136],[-1.073801,48.750706],[-1.074622,48.750684],[-1.074327,48.750149],[-1.075201,48.750126],[-1.075472,48.749758],[-1.075528,48.749532],[-1.076339,48.749266],[-1.077127,48.748797],[-1.078154,48.74773],[-1.078586,48.747452],[-1.078369,48.747118],[-1.079278,48.746865],[-1.079524,48.746725],[-1.079879,48.746212],[-1.080357,48.745942],[-1.080517,48.74606],[-1.080973,48.746136],[-1.081874,48.746194],[-1.082947,48.746048],[-1.084159,48.745789],[-1.084862,48.74556],[-1.086284,48.745293],[-1.087228,48.745098],[-1.087539,48.744995],[-1.088569,48.744862],[-1.09034,48.744542],[-1.091434,48.744413],[-1.092351,48.744368],[-1.092244,48.74297],[-1.092496,48.741394],[-1.093006,48.739807],[-1.093612,48.738739],[-1.093628,48.737809],[-1.093977,48.736208],[-1.094127,48.735901],[-1.094915,48.734975],[-1.094964,48.734768],[-1.094717,48.733754],[-1.094738,48.733489],[-1.09528,48.732478],[-1.095253,48.732023],[-1.095372,48.731865],[-1.097297,48.730859],[-1.096707,48.729947],[-1.096219,48.7295],[-1.095951,48.729337],[-1.096229,48.728884],[-1.096449,48.728024],[-1.096771,48.727438],[-1.097077,48.726646],[-1.098526,48.724594],[-1.099137,48.7239],[-1.100548,48.72274],[-1.101186,48.721854],[-1.101937,48.720684],[-1.102694,48.719559],[-1.104072,48.71793],[-1.105373,48.718357],[-1.107174,48.718621],[-1.107446,48.717913],[-1.107711,48.716675],[-1.107816,48.715787],[-1.108688,48.713381],[-1.106299,48.713077],[-1.106065,48.712919],[-1.105789,48.712521],[-1.104888,48.711958],[-1.104313,48.711441],[-1.103938,48.710941],[-1.103477,48.710103],[-1.103192,48.709856],[-1.101738,48.709335],[-1.099244,48.706985],[-1.098102,48.706312],[-1.097732,48.706043],[-1.097393,48.705714],[-1.097024,48.705223],[-1.096879,48.704838],[-1.096584,48.70402],[-1.095752,48.703711],[-1.096283,48.703033],[-1.096476,48.70269],[-1.096643,48.701984],[-1.096857,48.701437],[-1.096927,48.700581],[-1.097147,48.700151],[-1.097345,48.699888],[-1.09749,48.699429],[-1.09758,48.699009],[-1.097406,48.698218],[-1.097123,48.69781],[-1.09715,48.69717],[-1.097502,48.697116],[-1.097503,48.696804],[-1.097304,48.696448],[-1.097318,48.695803],[-1.097901,48.695736],[-1.098144,48.6956],[-1.09805,48.695276],[-1.097513,48.694789],[-1.097162,48.694668],[-1.096825,48.694358],[-1.096463,48.693943],[-1.095135,48.692957],[-1.095157,48.692679],[-1.097456,48.692859],[-1.098359,48.69282],[-1.099444,48.69261],[-1.099852,48.692623],[-1.101078,48.692375],[-1.102034,48.692305],[-1.102262,48.691773],[-1.102621,48.691259],[-1.103654,48.690992],[-1.10198,48.689841],[-1.100151,48.68903],[-1.098761,48.687627],[-1.097399,48.686481],[-1.098966,48.686369],[-1.100167,48.686084],[-1.101525,48.685148],[-1.102999,48.684682],[-1.104716,48.684412],[-1.106233,48.683853],[-1.107895,48.683606],[-1.110044,48.683076],[-1.111799,48.683076],[-1.11363,48.683236],[-1.114007,48.683123],[-1.115638,48.683208],[-1.115681,48.682741],[-1.117891,48.683052],[-1.118151,48.682644],[-1.118599,48.682471],[-1.11935,48.682415],[-1.119832,48.68209],[-1.120971,48.683286],[-1.122036,48.684124],[-1.123101,48.686024],[-1.12332,48.687118],[-1.123642,48.687401],[-1.124521,48.687387],[-1.125744,48.687274],[-1.126453,48.687288],[-1.126743,48.687516],[-1.128275,48.687516],[-1.130293,48.688712],[-1.131731,48.689156],[-1.132441,48.68976],[-1.132814,48.690438],[-1.133954,48.691548],[-1.135093,48.692263],[-1.135654,48.694113],[-1.136859,48.69413],[-1.137546,48.695206],[-1.138083,48.695546],[-1.138437,48.695556],[-1.138493,48.694828],[-1.138418,48.693768],[-1.139371,48.693842],[-1.139838,48.694027],[-1.140847,48.694877],[-1.141277,48.69484],[-1.141258,48.694249],[-1.141575,48.694224],[-1.141986,48.694729],[-1.143817,48.693718],[-1.142827,48.691474],[-1.142953,48.690702],[-1.143447,48.690376],[-1.145498,48.690266],[-1.146526,48.690377],[-1.14703,48.69029],[-1.148506,48.689477],[-1.148805,48.688971],[-1.149477,48.688576],[-1.150112,48.688428],[-1.152223,48.688515],[-1.15402,48.688751],[-1.15406,48.6889],[-1.15399,48.68956],[-1.15473,48.689621],[-1.15534,48.689899],[-1.15568,48.689968],[-1.15612,48.689869],[-1.1566,48.689919],[-1.15663,48.69014],[-1.15706,48.69075],[-1.15781,48.691238],[-1.15869,48.69157],[-1.15891,48.691769],[-1.15933,48.693218],[-1.159153,48.694273],[-1.158271,48.695047],[-1.15854,48.695229],[-1.15994,48.695259],[-1.16016,48.695469],[-1.16059,48.69558],[-1.16168,48.695728],[-1.16314,48.695831],[-1.1645,48.695808],[-1.16391,48.694618],[-1.16369,48.693932],[-1.16363,48.693352],[-1.165037,48.693385],[-1.166214,48.693447],[-1.16885,48.693291],[-1.17138,48.693691],[-1.17178,48.69392],[-1.17344,48.69405],[-1.17526,48.694469],[-1.17637,48.694511],[-1.17664,48.694309],[-1.17684,48.69445],[-1.17771,48.69474],[-1.17778,48.695728],[-1.17973,48.696011],[-1.18161,48.696651],[-1.18274,48.696709],[-1.18289,48.69698],[-1.18328,48.697231],[-1.18387,48.69751],[-1.18488,48.697891],[-1.18516,48.697868],[-1.18493,48.69743],[-1.185828,48.696345],[-1.18665,48.69579],[-1.186239,48.696542],[-1.186428,48.696853],[-1.186907,48.69725],[-1.187771,48.697652],[-1.188331,48.698194],[-1.18919,48.697979],[-1.19018,48.697899],[-1.1908,48.69936],[-1.190754,48.699896],[-1.190912,48.700411],[-1.190767,48.700794],[-1.190899,48.701256],[-1.191348,48.70157],[-1.19144,48.70211],[-1.191824,48.702259],[-1.193845,48.701692],[-1.193964,48.701509],[-1.19417,48.70153],[-1.19488,48.70145],[-1.19494,48.70108],[-1.19521,48.700802],[-1.1956,48.70052],[-1.19591,48.700569],[-1.1961,48.700859],[-1.19641,48.701],[-1.19687,48.701019],[-1.19697,48.70113],[-1.19695,48.701271],[-1.19716,48.701778],[-1.19729,48.70187],[-1.19813,48.701801],[-1.20001,48.701771],[-1.20092,48.701012],[-1.20266,48.700062],[-1.20277,48.700199],[-1.203315,48.700463],[-1.207384,48.701126],[-1.207503,48.701431],[-1.208044,48.701657],[-1.2111,48.701832],[-1.21126,48.701351],[-1.21106,48.701],[-1.21019,48.699982],[-1.210224,48.699426],[-1.210052,48.698301],[-1.21021,48.69775],[-1.21064,48.697128],[-1.21115,48.697029],[-1.21244,48.6978],[-1.213444,48.698778],[-1.2154,48.699291],[-1.21718,48.699551],[-1.21794,48.69973],[-1.2183,48.699902],[-1.2188,48.700291],[-1.219331,48.699495],[-1.218798,48.699267],[-1.218957,48.699069],[-1.219536,48.698928],[-1.220209,48.698959],[-1.22104,48.699267],[-1.221526,48.699402],[-1.222208,48.699667],[-1.22285,48.699821],[-1.22432,48.699871],[-1.22512,48.69976],[-1.22587,48.699848],[-1.22642,48.700111],[-1.22776,48.700539],[-1.228697,48.701366],[-1.228655,48.701123],[-1.229787,48.701039],[-1.230708,48.701188],[-1.231939,48.701151],[-1.23296,48.700771],[-1.23493,48.70071],[-1.23495,48.700291],[-1.23509,48.699909],[-1.23509,48.699451],[-1.23484,48.699291],[-1.23478,48.69899],[-1.2375,48.698872],[-1.238381,48.698559],[-1.239041,48.697803],[-1.238692,48.696638],[-1.238154,48.695554],[-1.237559,48.695059],[-1.236625,48.694648],[-1.236064,48.693474],[-1.23707,48.69315],[-1.23761,48.69334],[-1.239442,48.694339],[-1.239711,48.694321],[-1.240235,48.694022],[-1.24049,48.694134],[-1.24066,48.69447],[-1.240957,48.694694],[-1.2409,48.695059],[-1.241127,48.695433],[-1.241821,48.695919],[-1.241863,48.696722],[-1.24312,48.69809],[-1.2439,48.698879],[-1.243665,48.699416],[-1.244245,48.700733],[-1.245039,48.700322],[-1.246541,48.700053],[-1.250854,48.700138],[-1.250811,48.699487],[-1.251068,48.698906],[-1.252334,48.69875],[-1.254394,48.697929],[-1.25223,48.69593],[-1.25328,48.694939],[-1.25361,48.694679],[-1.25421,48.694698],[-1.25495,48.694832],[-1.25638,48.694881],[-1.25745,48.694839],[-1.26024,48.694832],[-1.26084,48.694889],[-1.26171,48.695099],[-1.26262,48.69524],[-1.26316,48.69521],[-1.2646,48.69482],[-1.265809,48.694742],[-1.26773,48.694649],[-1.268,48.6945],[-1.26925,48.6945],[-1.27135,48.694302],[-1.27215,48.694149],[-1.27329,48.69379],[-1.27404,48.693642],[-1.27511,48.693508],[-1.275881,48.693381],[-1.2807,48.69281],[-1.28087,48.691929],[-1.28287,48.691921],[-1.284897,48.692136],[-1.28625,48.692108],[-1.28749,48.692291],[-1.28954,48.69228],[-1.289526,48.692437],[-1.29197,48.692619],[-1.29213,48.692719],[-1.29217,48.692951],[-1.29236,48.693069],[-1.29417,48.6931],[-1.29685,48.69331],[-1.29888,48.69342],[-1.298821,48.693781],[-1.29889,48.694199],[-1.299834,48.694154],[-1.30082,48.694279],[-1.30105,48.694359],[-1.3029,48.69455],[-1.303994,48.694771],[-1.30542,48.695629],[-1.305914,48.696096],[-1.30615,48.696548],[-1.30651,48.69849],[-1.308213,48.69813],[-1.308395,48.698304],[-1.309038,48.700489],[-1.31094,48.70042],[-1.31184,48.700069],[-1.312333,48.699912],[-1.313231,48.699473],[-1.31458,48.699501],[-1.3166,48.699108],[-1.31729,48.697941],[-1.31994,48.697071],[-1.32062,48.69669],[-1.32132,48.696529],[-1.320655,48.694034],[-1.321256,48.693793],[-1.323659,48.692632],[-1.322973,48.692306],[-1.322414,48.692223],[-1.322337,48.691986],[-1.32234,48.69125],[-1.32256,48.69088],[-1.32257,48.690159],[-1.32276,48.689129],[-1.32256,48.688519],[-1.32256,48.688],[-1.32269,48.68774],[-1.325809,48.688181],[-1.32705,48.688127],[-1.326685,48.68868],[-1.326685,48.689926],[-1.326494,48.690288],[-1.326828,48.690776],[-1.327011,48.691384],[-1.328306,48.692761],[-1.329725,48.692494],[-1.33125,48.69207],[-1.332789,48.691867],[-1.333403,48.691437],[-1.33363,48.69112],[-1.33362,48.690819],[-1.33438,48.69006],[-1.33492,48.689949],[-1.335164,48.689067],[-1.33577,48.687981],[-1.33788,48.687618],[-1.338832,48.688162],[-1.33949,48.688599],[-1.33935,48.688862],[-1.3396,48.6894],[-1.33978,48.689621],[-1.339774,48.690123],[-1.340018,48.691048],[-1.340583,48.692176],[-1.341252,48.692441],[-1.341799,48.692888],[-1.342572,48.692853],[-1.34416,48.692589],[-1.344735,48.692012],[-1.345865,48.691422],[-1.34626,48.69112],[-1.34698,48.690868],[-1.34773,48.690922],[-1.34907,48.690948],[-1.349899,48.69117],[-1.35095,48.691158],[-1.35274,48.690739],[-1.353364,48.6912],[-1.35386,48.690899],[-1.35493,48.690479],[-1.35584,48.690189],[-1.35625,48.689751],[-1.356655,48.68945],[-1.35764,48.689079],[-1.35807,48.689011],[-1.3579,48.688461],[-1.35877,48.688461],[-1.35919,48.68853],[-1.3592,48.688801],[-1.35949,48.68906],[-1.3598,48.688751],[-1.36024,48.688568],[-1.360832,48.688527],[-1.360502,48.68817],[-1.360897,48.687325],[-1.36199,48.68701],[-1.362027,48.686893],[-1.362943,48.687053],[-1.363017,48.686961],[-1.364699,48.687356],[-1.364839,48.687288],[-1.36552,48.687901],[-1.366878,48.688441],[-1.368483,48.688355],[-1.369051,48.688403],[-1.36964,48.688679],[-1.369827,48.688848],[-1.369728,48.688908],[-1.370127,48.689646],[-1.368645,48.690928],[-1.368895,48.691034],[-1.369826,48.691186],[-1.370347,48.690598],[-1.371508,48.68991],[-1.372629,48.69036],[-1.37345,48.689065],[-1.373981,48.688377],[-1.375242,48.686963],[-1.375492,48.686606],[-1.375762,48.685853],[-1.375712,48.685463],[-1.375943,48.684439],[-1.376313,48.684101],[-1.378527,48.682603],[-1.379235,48.682461],[-1.37996,48.682269],[-1.380413,48.682083],[-1.380557,48.682101],[-1.38112,48.682561],[-1.381293,48.682569],[-1.381703,48.682261],[-1.382154,48.681601],[-1.382916,48.680158],[-1.383501,48.679887],[-1.384858,48.6778],[-1.38635,48.67567],[-1.386635,48.67503],[-1.38674,48.674466],[-1.386802,48.673395],[-1.387,48.672895],[-1.387386,48.672306],[-1.387763,48.671972],[-1.389234,48.670434],[-1.389876,48.670012],[-1.392536,48.668713],[-1.393372,48.66824],[-1.39474,48.66737],[-1.396504,48.665681],[-1.396919,48.665463],[-1.397796,48.664618],[-1.39802,48.664587],[-1.398869,48.663613],[-1.399222,48.663111],[-1.399349,48.662294],[-1.399572,48.661681],[-1.399455,48.661384],[-1.399633,48.660933],[-1.400032,48.660615],[-1.400612,48.659849],[-1.400873,48.658943],[-1.400856,48.65836],[-1.400673,48.657895],[-1.400092,48.656876],[-1.399945,48.656287],[-1.399376,48.655089],[-1.398863,48.654482],[-1.397259,48.65324],[-1.395688,48.652077],[-1.395129,48.651632],[-1.394367,48.651227],[-1.393483,48.650834],[-1.39287,48.65073],[-1.391931,48.650456],[-1.391242,48.650355],[-1.390501,48.650434],[-1.389813,48.650686],[-1.387719,48.651363],[-1.3864,48.651611],[-1.38461,48.651718],[-1.381231,48.651568],[-1.379575,48.651423],[-1.378229,48.65088],[-1.376893,48.65021],[-1.376673,48.649987],[-1.376263,48.649443],[-1.375506,48.648874],[-1.374812,48.648048],[-1.374213,48.647148],[-1.373848,48.646823],[-1.373309,48.646605],[-1.372574,48.646505],[-1.370592,48.64644],[-1.370223,48.646466],[-1.370022,48.646419],[-1.369145,48.646357],[-1.368255,48.646454],[-1.368038,48.646445],[-1.3678,48.646392],[-1.367338,48.646798],[-1.366269,48.647035],[-1.36524,48.64732],[-1.36473,48.647301],[-1.363791,48.64707],[-1.363623,48.646871],[-1.363241,48.645931],[-1.363318,48.645508],[-1.362788,48.644443],[-1.362017,48.642048],[-1.361294,48.641001],[-1.360915,48.640199],[-1.360217,48.639263],[-1.359208,48.638019],[-1.35834,48.636358],[-1.357975,48.635833],[-1.357495,48.635514],[-1.355929,48.634828],[-1.353078,48.633313],[-1.352895,48.632857],[-1.352727,48.632748],[-1.351683,48.632708],[-1.350644,48.632611],[-1.350607,48.631202],[-1.352078,48.63122],[-1.352881,48.631405],[-1.353529,48.631802],[-1.354148,48.631873],[-1.354533,48.632171],[-1.354848,48.632331],[-1.355176,48.632641],[-1.35622,48.633072],[-1.357774,48.633538],[-1.359956,48.634192],[-1.362699,48.634239],[-1.36409,48.634497],[-1.365241,48.635119],[-1.365722,48.635595],[-1.366623,48.636455],[-1.366583,48.6366],[-1.366953,48.637169],[-1.367103,48.637189],[-1.367414,48.63791],[-1.367697,48.637931],[-1.367784,48.638669],[-1.36809,48.639656],[-1.368152,48.640314],[-1.368248,48.640679],[-1.36844,48.640831],[-1.369456,48.641134],[-1.370413,48.641339],[-1.371352,48.641673],[-1.372462,48.641881],[-1.37349,48.642276],[-1.374317,48.642491],[-1.37515,48.642612],[-1.375375,48.642514],[-1.37589,48.641891],[-1.37774,48.64098],[-1.379234,48.639936],[-1.380009,48.639516],[-1.380236,48.639698],[-1.38049,48.639809],[-1.384047,48.640279],[-1.384319,48.640415],[-1.386313,48.642019],[-1.388263,48.643437],[-1.388406,48.643863],[-1.388759,48.644127],[-1.390276,48.644432],[-1.392125,48.644673],[-1.392613,48.644578],[-1.393133,48.644575],[-1.39414,48.644359],[-1.395139,48.644086],[-1.396189,48.643545],[-1.396538,48.643259],[-1.397092,48.642487],[-1.397281,48.642179],[-1.397851,48.641562],[-1.398782,48.640986],[-1.39976,48.640559],[-1.401611,48.640127],[-1.402467,48.639996],[-1.404444,48.639563],[-1.406508,48.639353],[-1.409533,48.638945],[-1.412843,48.638314],[-1.416456,48.637598],[-1.417981,48.637596],[-1.419065,48.637702],[-1.42002,48.637978],[-1.42075,48.638397],[-1.421458,48.6393],[-1.421855,48.640088],[-1.422194,48.641507],[-1.422536,48.642197],[-1.422821,48.64241],[-1.423127,48.642516],[-1.423459,48.642523],[-1.424704,48.643061],[-1.42539,48.64345],[-1.425573,48.643599],[-1.425766,48.643627],[-1.426238,48.643436],[-1.427059,48.643153],[-1.427271,48.642987],[-1.427449,48.642643],[-1.428943,48.641762],[-1.429748,48.64126],[-1.429114,48.635533],[-1.429129,48.635391],[-1.429425,48.63513],[-1.430331,48.634632],[-1.431533,48.634109],[-1.433635,48.632645],[-1.436312,48.631077],[-1.439573,48.629861],[-1.440802,48.629101],[-1.444906,48.626995],[-1.445544,48.626587],[-1.447208,48.624645],[-1.448125,48.623783],[-1.449562,48.622908],[-1.451971,48.622562],[-1.454009,48.624313],[-1.453092,48.624777],[-1.454256,48.625774],[-1.464438,48.622066],[-1.471803,48.620392],[-1.476046,48.619095],[-1.476089,48.6189],[-1.476315,48.618694],[-1.4797,48.618214],[-1.48095,48.620041],[-1.481137,48.620113],[-1.482849,48.620148],[-1.484399,48.620529],[-1.487848,48.619766],[-1.489618,48.618343],[-1.490289,48.617887],[-1.489979,48.617107],[-1.489189,48.616479],[-1.489015,48.616183],[-1.489221,48.616058],[-1.495401,48.620518],[-1.502938,48.619461],[-1.510926,48.619134],[-1.510684,48.620002],[-1.509955,48.621392],[-1.50914,48.622541],[-1.507487,48.624697],[-1.506543,48.626385],[-1.506157,48.627832],[-1.506286,48.628895],[-1.506865,48.630214],[-1.507723,48.63115],[-1.509161,48.632455],[-1.511307,48.634128],[-1.511564,48.634667],[-1.511199,48.63505]]],"type":"MultiLineString"},"properties":{"geo_point":{"lon":0.40223580276845083,"lat":48.65306978800753},"name":"GR22 Sentier du Mont Saint-Michel (2020)","code_gr":"GR22"}}]}