{"type":"FeatureCollection","features":[{"type":"Feature","geometry":{"coordinates":[[[0.814696,46.760065],[0.814696,46.760065],[0.813752,46.758948],[0.81313,46.757801],[0.811048,46.750907],[0.810576,46.750098],[0.809632,46.749289],[0.807186,46.747893],[0.803624,46.745981],[0.802379,46.745511],[0.800813,46.74529],[0.799633,46.746187],[0.799633,46.746187],[0.798131,46.746687],[0.7965,46.746393],[0.796414,46.746099],[0.795363,46.745834],[0.794762,46.745805],[0.795019,46.745011],[0.79562,46.744158],[0.794934,46.743776],[0.79356,46.74257],[0.792702,46.741952],[0.791543,46.741393],[0.788754,46.740452],[0.788625,46.74057],[0.787702,46.740438],[0.787123,46.740394],[0.786243,46.740291],[0.785127,46.74007],[0.784763,46.73932],[0.78399,46.739041],[0.783861,46.738497],[0.783883,46.738055],[0.783411,46.737776],[0.783389,46.737614],[0.78369,46.737467],[0.784033,46.737173],[0.784677,46.737247],[0.784999,46.736791],[0.784376,46.735908],[0.785042,46.733717],[0.781716,46.732585],[0.780214,46.731776],[0.779312,46.73157],[0.77648,46.73082],[0.775257,46.730599],[0.774141,46.731702],[0.773733,46.731437],[0.772146,46.730746],[0.771867,46.730364],[0.772618,46.72979],[0.773412,46.729717],[0.774892,46.728408],[0.774484,46.727746],[0.774592,46.727157],[0.774184,46.726554],[0.773562,46.726157],[0.772682,46.725848],[0.771995,46.725819],[0.771695,46.725407],[0.77118,46.724892],[0.771116,46.72423],[0.770107,46.723083],[0.770021,46.722906],[0.769485,46.722539],[0.769442,46.722156],[0.769721,46.721774],[0.769485,46.721465],[0.766717,46.719258],[0.766502,46.71864],[0.766137,46.718405],[0.764528,46.717831],[0.76264,46.716743],[0.760001,46.714565],[0.758799,46.712314],[0.756975,46.713418],[0.75425,46.710872],[0.752791,46.709048],[0.752769,46.708518],[0.752211,46.708474],[0.751525,46.708577],[0.75043,46.708621],[0.748306,46.708533],[0.746697,46.707871],[0.745667,46.707738],[0.744251,46.707694],[0.740431,46.708327],[0.739551,46.708283],[0.738371,46.708092],[0.737062,46.707665],[0.735238,46.707356],[0.733586,46.707341],[0.732449,46.707032],[0.732835,46.706355],[0.733629,46.705781],[0.733651,46.70534],[0.733221,46.705119],[0.732449,46.704972],[0.73202,46.704987],[0.731526,46.704899],[0.732234,46.704236],[0.733264,46.704236],[0.733929,46.703486],[0.734337,46.703162],[0.734766,46.702956],[0.734938,46.702574],[0.735753,46.702103],[0.736826,46.70172],[0.73747,46.701323],[0.734852,46.699704],[0.733908,46.698762],[0.733221,46.698865],[0.732384,46.698821],[0.731719,46.698424],[0.731118,46.698174],[0.730861,46.697791],[0.729166,46.697482],[0.727921,46.69704],[0.725647,46.696643],[0.725432,46.696422],[0.725776,46.69604],[0.725754,46.69576],[0.725175,46.695657],[0.724681,46.695701],[0.724552,46.695333],[0.72466,46.694936],[0.72451,46.694774],[0.724123,46.69473],[0.722278,46.695495],[0.721827,46.695848],[0.720754,46.695937],[0.720003,46.69626],[0.719209,46.696187],[0.718673,46.695804],[0.716356,46.694995],[0.715841,46.695701],[0.715905,46.696172],[0.715454,46.697482],[0.715154,46.697703],[0.714854,46.698335],[0.714596,46.700116],[0.714296,46.700234],[0.713545,46.700293],[0.713223,46.700469],[0.71185,46.70069],[0.710541,46.700675],[0.709961,46.700793],[0.709747,46.700911],[0.70936,46.700925],[0.708288,46.701426],[0.707622,46.70172],[0.706871,46.701808],[0.705992,46.701661],[0.705391,46.701661],[0.704597,46.701411],[0.70391,46.701485],[0.703502,46.701647],[0.702945,46.702029],[0.702387,46.702117],[0.701335,46.702426],[0.700455,46.702529],[0.699898,46.702559],[0.699726,46.702147],[0.699254,46.701632],[0.698889,46.700984],[0.69861,46.700881],[0.697602,46.701279],[0.698438,46.700499],[0.698589,46.699851],[0.698524,46.699366],[0.698202,46.699469],[0.694941,46.699056],[0.694876,46.698939],[0.693954,46.698762],[0.693718,46.698968],[0.690864,46.698895],[0.689941,46.699233],[0.687173,46.699792],[0.68595,46.700337],[0.685564,46.700705],[0.685435,46.700602],[0.684727,46.700484],[0.684105,46.699954],[0.683654,46.700057],[0.682967,46.700028],[0.681186,46.700263],[0.680521,46.700307],[0.680521,46.699895],[0.679599,46.698747],[0.678569,46.698394],[0.678032,46.697688],[0.677775,46.697232],[0.676187,46.695878],[0.675865,46.695539],[0.675371,46.694803],[0.674964,46.6947],[0.673612,46.692655],[0.673161,46.692522],[0.672432,46.69108],[0.672088,46.690712],[0.671509,46.690373],[0.67093,46.68977],[0.670672,46.688828],[0.670393,46.688313],[0.670501,46.687812],[0.668033,46.685737],[0.667432,46.684706],[0.666424,46.683749],[0.666316,46.683367],[0.666552,46.682837],[0.66505,46.681924],[0.664256,46.681262],[0.663291,46.680805],[0.660909,46.68001],[0.660437,46.679775],[0.659707,46.680629],[0.659343,46.682204],[0.65975,46.682542],[0.659664,46.682793],[0.658484,46.68319],[0.657433,46.684809],[0.65724,46.685648],[0.656875,46.686502],[0.656296,46.686679],[0.655695,46.68662],[0.65503,46.686031],[0.653549,46.685707],[0.652219,46.685722],[0.651146,46.685898],[0.649644,46.686502],[0.644816,46.687238],[0.644601,46.686311],[0.643764,46.684898],[0.643249,46.68425],[0.642949,46.683146],[0.642412,46.682734],[0.641468,46.682189],[0.640031,46.681085],[0.636597,46.682424],[0.634924,46.683529],[0.632392,46.681453],[0.631405,46.681512],[0.630911,46.681144],[0.63031,46.681541],[0.62971,46.681571],[0.629388,46.681262],[0.628787,46.681438],[0.628444,46.681276],[0.627414,46.680172],[0.627435,46.679362],[0.62722,46.678509],[0.625976,46.676286],[0.624624,46.675255],[0.624066,46.675299],[0.62368,46.674254],[0.623594,46.673518],[0.62619,46.672163],[0.626984,46.671412],[0.625976,46.670308],[0.626255,46.669866],[0.626341,46.6691],[0.623766,46.667451],[0.624774,46.666288],[0.620848,46.665316],[0.611556,46.663961],[0.602523,46.66134],[0.598446,46.659676],[0.597223,46.659352],[0.593661,46.657703],[0.592373,46.657379],[0.591708,46.657069],[0.59115,46.656672],[0.590785,46.655891],[0.590485,46.65567],[0.589691,46.655655],[0.589648,46.655302],[0.589755,46.655199],[0.589798,46.654551],[0.590571,46.653004],[0.589433,46.652503],[0.589283,46.652268],[0.589326,46.652091],[0.588575,46.65159],[0.588511,46.650427],[0.58864,46.649558],[0.588897,46.649116],[0.589283,46.648851],[0.589476,46.648276],[0.589391,46.647849],[0.589047,46.647937],[0.588232,46.647819],[0.587116,46.647422],[0.586429,46.646877],[0.586086,46.646391],[0.585357,46.645978],[0.584262,46.645683],[0.584026,46.645374],[0.582739,46.645124],[0.581258,46.645138],[0.580335,46.644991],[0.579713,46.645021],[0.579091,46.645492],[0.578039,46.645801],[0.57937,46.646081],[0.579928,46.646626],[0.57982,46.647702],[0.579069,46.650103],[0.578039,46.651031],[0.570014,46.650368],[0.569242,46.649145],[0.568405,46.648364],[0.568491,46.648026],[0.568405,46.647377],[0.567268,46.645227],[0.563834,46.646243],[0.563684,46.646052],[0.562654,46.646096],[0.56186,46.645993],[0.561453,46.646155],[0.559843,46.645669],[0.558706,46.645993],[0.558255,46.646317],[0.556517,46.646891],[0.55641,46.64614],[0.556024,46.64617],[0.555702,46.645271],[0.554608,46.645595],[0.553213,46.645448],[0.551282,46.645035],[0.549415,46.644299],[0.54772,46.643135],[0.54154,46.644549],[0.542227,46.645536],[0.542033,46.646155],[0.541519,46.646199],[0.540381,46.646066],[0.539609,46.646155],[0.539695,46.645801],[0.539416,46.64558],[0.53654,46.645286],[0.535253,46.645242],[0.534566,46.645345],[0.533,46.645654],[0.531412,46.645713],[0.529331,46.645242],[0.528687,46.64533],[0.527979,46.645551],[0.526563,46.645728],[0.524481,46.645787],[0.523279,46.645904],[0.51976,46.64667],[0.518816,46.647024],[0.517636,46.647274],[0.515984,46.647864],[0.514289,46.648188],[0.512701,46.648924],[0.510877,46.649337],[0.507744,46.649381],[0.502873,46.64997],[0.500899,46.650456],[0.499504,46.650456],[0.497552,46.650839],[0.496393,46.651281],[0.494998,46.652297],[0.493797,46.652636],[0.492338,46.652857],[0.49135,46.652931],[0.490578,46.652901],[0.489548,46.653004],[0.488904,46.652857],[0.488261,46.652872],[0.486887,46.65324],[0.485171,46.653431],[0.482488,46.653358],[0.481695,46.653299],[0.480579,46.653593],[0.479141,46.653814],[0.477145,46.654477],[0.475472,46.654727],[0.474206,46.654757],[0.473369,46.655051],[0.472554,46.65539],[0.470794,46.656186],[0.469807,46.65673],[0.468992,46.657452],[0.466889,46.658689],[0.465945,46.658954],[0.463649,46.659352],[0.460494,46.66025],[0.4591,46.660574],[0.45734,46.66078],[0.458134,46.659485],[0.45807,46.659057],[0.457619,46.658247],[0.457598,46.65732],[0.458005,46.656392],[0.458778,46.655155],[0.457469,46.654256],[0.455516,46.651914],[0.454422,46.650824],[0.455988,46.650471],[0.454336,46.649499],[0.45322,46.649086],[0.450624,46.648556],[0.446997,46.649322],[0.445431,46.649351],[0.440002,46.648747],[0.437878,46.648571],[0.435882,46.648762],[0.433737,46.649499],[0.432385,46.650235],[0.431462,46.650618],[0.430218,46.651251],[0.428758,46.651679],[0.428866,46.652062],[0.426484,46.65271],[0.42024,46.651811],[0.417987,46.64804],[0.413974,46.648232],[0.411936,46.647451],[0.408095,46.644829],[0.40449,46.642133],[0.404168,46.641588],[0.40228,46.639614],[0.401228,46.638951],[0.399233,46.638597],[0.397902,46.63848],[0.397752,46.638111],[0.397216,46.637861],[0.397173,46.635592],[0.396701,46.63515],[0.395971,46.63484],[0.393697,46.634619],[0.392259,46.634782],[0.391315,46.635179],[0.3908,46.635798],[0.389469,46.638052],[0.388332,46.638435],[0.387967,46.63876],[0.387688,46.639157],[0.38741,46.639231],[0.385607,46.63901],[0.385221,46.639172],[0.385006,46.63957],[0.385071,46.640262],[0.385693,46.641352],[0.386251,46.6434],[0.385779,46.64368],[0.385629,46.643945],[0.385457,46.644019],[0.385028,46.643547],[0.384684,46.642885],[0.384212,46.64231],[0.383182,46.640248],[0.382689,46.638966],[0.382624,46.637905],[0.382324,46.636888],[0.380393,46.631864],[0.378676,46.628357],[0.377839,46.626235],[0.37623,46.623141],[0.375651,46.622507],[0.374943,46.621505],[0.373612,46.62034],[0.372861,46.619456],[0.372647,46.618926],[0.37284,46.618218],[0.371767,46.617717],[0.370823,46.617157],[0.370394,46.616656],[0.369106,46.615978],[0.368655,46.615388],[0.368312,46.615197],[0.368055,46.615079],[0.366982,46.61415],[0.366724,46.613399],[0.366832,46.612676],[0.367196,46.612131],[0.367454,46.612057],[0.36799,46.612337],[0.369256,46.611777],[0.371059,46.611276],[0.370673,46.610451],[0.37005,46.607311],[0.369299,46.605748],[0.368312,46.604436],[0.367754,46.603271],[0.367068,46.60218],[0.366832,46.601414],[0.366875,46.600632],[0.365029,46.598229],[0.364385,46.597138],[0.363956,46.595929],[0.363549,46.595443],[0.363463,46.595045],[0.363634,46.594499],[0.363291,46.593526],[0.362261,46.591756],[0.361381,46.590827],[0.360394,46.589972],[0.358163,46.587244],[0.357798,46.587347],[0.356897,46.586861],[0.356489,46.586345],[0.356274,46.585873],[0.355631,46.585356],[0.355395,46.584339],[0.354322,46.584059],[0.354064,46.583528],[0.354043,46.582731],[0.353978,46.582112],[0.354107,46.580947],[0.354129,46.579221],[0.353657,46.57782],[0.353635,46.576994],[0.353335,46.57633],[0.351811,46.577451],[0.35182,46.577419],[0.35182,46.577419],[0.35134,46.57711],[0.35134,46.576859],[0.34919,46.576111],[0.34641,46.575321],[0.34615,46.574551],[0.33465,46.57156],[0.33417,46.571339],[0.33395,46.570911],[0.33376,46.569939],[0.33348,46.569672],[0.33294,46.56942],[0.33322,46.569038],[0.33016,46.567669],[0.32966,46.566872],[0.32933,46.56662],[0.32924,46.566479],[0.32933,46.566299],[0.3305,46.56583],[0.33045,46.564781],[0.32981,46.563911],[0.33069,46.563709],[0.33178,46.563831],[0.33306,46.563641],[0.33465,46.563019],[0.33707,46.563179],[0.33717,46.562141],[0.33697,46.561939],[0.33694,46.561401],[0.3372,46.561062],[0.33736,46.560341],[0.33838,46.559319],[0.33881,46.55872],[0.33906,46.558231],[0.33851,46.557529],[0.339,46.55719],[0.33927,46.556759],[0.33925,46.556122],[0.3387,46.555511],[0.33845,46.55537],[0.33787,46.554878],[0.33766,46.554352],[0.33769,46.55336],[0.33757,46.553242],[0.33737,46.5532],[0.33743,46.552311],[0.3374,46.55135],[0.337207,46.550064],[0.336236,46.55022],[0.335829,46.550159],[0.334053,46.54982],[0.333635,46.549618],[0.33195,46.548466],[0.331473,46.54829],[0.330094,46.548126],[0.329069,46.548164],[0.328458,46.547989],[0.327374,46.548073],[0.326554,46.548332],[0.325894,46.548463],[0.325127,46.548435],[0.325014,46.547835],[0.324387,46.547235],[0.326039,46.546524],[0.326049,46.546238],[0.326532,46.545731],[0.326661,46.545425],[0.326736,46.544956],[0.326934,46.544621],[0.327055,46.544167],[0.327004,46.543552],[0.327103,46.543053],[0.327256,46.542702],[0.327039,46.542027],[0.327605,46.542023],[0.327873,46.541439],[0.329343,46.539574],[0.329976,46.538948],[0.330338,46.538757],[0.331315,46.538689],[0.33224,46.538441],[0.333157,46.538101],[0.336301,46.537228],[0.336596,46.536995],[0.336676,46.536823],[0.335121,46.535313],[0.334455,46.534904],[0.333865,46.534714],[0.333047,46.534515],[0.332658,46.534557],[0.332009,46.534424],[0.331564,46.534355],[0.331398,46.534294],[0.331288,46.534138],[0.331379,46.533886],[0.331526,46.53373],[0.33173,46.533363],[0.331899,46.533028],[0.332125,46.53231],[0.332235,46.532227],[0.332519,46.532104],[0.331787,46.531864],[0.329901,46.531826],[0.328705,46.531528],[0.32761,46.531086],[0.326406,46.530437],[0.326092,46.530155],[0.325969,46.52998],[0.325867,46.529957],[0.325636,46.529556],[0.325371,46.529415],[0.324925,46.52948],[0.322305,46.530155],[0.321779,46.530228],[0.321468,46.530052],[0.32105,46.52998],[0.320535,46.529343],[0.32003,46.529003],[0.319365,46.528236],[0.31781,46.527344],[0.317316,46.526909],[0.316232,46.52557],[0.315202,46.524738],[0.314097,46.524162],[0.313314,46.523949],[0.31222,46.523941],[0.311598,46.52417],[0.31104,46.524818],[0.30928,46.525345],[0.308486,46.525631],[0.308143,46.525608],[0.307328,46.525757],[0.30707,46.525651],[0.306357,46.526075],[0.305664,46.526339],[0.30449,46.526358],[0.303004,46.526211],[0.302161,46.525616],[0.302317,46.525133],[0.302323,46.524647],[0.302585,46.524052],[0.302467,46.523827],[0.302639,46.523056],[0.30236,46.522747],[0.301625,46.522606],[0.300938,46.522297],[0.300601,46.52203],[0.300322,46.52169],[0.300166,46.521381],[0.299512,46.521778],[0.299174,46.521919],[0.298959,46.52182],[0.298417,46.52179],[0.297537,46.521435],[0.296738,46.520882],[0.296137,46.520214],[0.294667,46.519158],[0.29426,46.518816],[0.293551,46.518534],[0.294147,46.518493],[0.294962,46.518139],[0.296379,46.517536],[0.296974,46.51722],[0.296985,46.517006],[0.297339,46.516628],[0.297698,46.516212],[0.297849,46.514542],[0.297425,46.514351],[0.296561,46.513725],[0.295944,46.513187],[0.29463,46.512253],[0.295236,46.511868],[0.295252,46.51173],[0.294694,46.511169],[0.294281,46.510612],[0.294276,46.510349],[0.295161,46.508526],[0.295161,46.50827],[0.295038,46.507828],[0.294775,46.507252],[0.294496,46.506748],[0.294287,46.505909],[0.294297,46.504517],[0.294319,46.503975],[0.294126,46.503593],[0.293557,46.502682],[0.292876,46.502033],[0.291932,46.50095],[0.291529,46.499821],[0.291245,46.498081],[0.290934,46.497196],[0.290859,46.496601],[0.290456,46.49453],[0.290279,46.494225],[0.289673,46.493839],[0.289314,46.493347],[0.288788,46.491859],[0.288595,46.491177],[0.288177,46.490097],[0.287399,46.48945],[0.287146,46.488858],[0.286492,46.488792],[0.285403,46.488731],[0.284566,46.488667],[0.284818,46.488232],[0.285446,46.487797],[0.287152,46.487026],[0.287973,46.486858],[0.28874,46.486832],[0.290054,46.486679],[0.290612,46.486443],[0.29191,46.48579],[0.292114,46.485847],[0.29287,46.486752],[0.293262,46.48735],[0.294512,46.487659],[0.29492,46.487572],[0.296545,46.486511],[0.296711,46.486458],[0.296641,46.4858],[0.296121,46.484039],[0.296373,46.483315],[0.295917,46.482967],[0.29552,46.482922],[0.294791,46.483074],[0.294238,46.48246],[0.29426,46.481468],[0.294431,46.48106],[0.294839,46.480743],[0.296041,46.480316],[0.296604,46.480194],[0.29684,46.480022],[0.29684,46.479561],[0.296212,46.479252],[0.294791,46.47892],[0.29353,46.478741],[0.2922,46.478451],[0.291722,46.478157],[0.291529,46.477776],[0.29146,46.477268],[0.290596,46.477089],[0.290473,46.476738],[0.290183,46.476452],[0.289748,46.476181],[0.288557,46.475121],[0.289786,46.474918],[0.289743,46.4744],[0.290188,46.474228],[0.289362,46.473923],[0.288777,46.473446],[0.288439,46.472984],[0.288305,46.472458],[0.287624,46.47192],[0.287163,46.47134],[0.286734,46.471004],[0.288096,46.470078],[0.288793,46.469372],[0.289212,46.468853],[0.288552,46.468616],[0.28742,46.46859],[0.286626,46.468468],[0.285655,46.468109],[0.284867,46.467884],[0.284325,46.467804],[0.283322,46.466946],[0.282705,46.466228],[0.28256,46.465843],[0.282362,46.464645],[0.281643,46.463551],[0.281079,46.46246],[0.280784,46.461428],[0.280382,46.46093],[0.280693,46.46043],[0.281922,46.459049],[0.283617,46.45903],[0.284293,46.45916],[0.285189,46.459068],[0.286514,46.45879],[0.287045,46.458843],[0.287908,46.458576],[0.288697,46.458443],[0.289078,46.458462],[0.289689,46.45808],[0.289255,46.457809],[0.289721,46.457397],[0.290671,46.456825],[0.290859,46.456787],[0.290966,46.456612],[0.290762,46.456337],[0.290832,46.456207],[0.291567,46.4557],[0.292216,46.455009],[0.292355,46.454716],[0.292329,46.454464],[0.292527,46.454182],[0.293015,46.453918],[0.293654,46.453735],[0.294152,46.453697],[0.295,46.453938],[0.296057,46.453838],[0.296797,46.453709],[0.297318,46.453899],[0.297752,46.453983],[0.298133,46.454025],[0.300032,46.454357],[0.300874,46.454628],[0.301732,46.45565],[0.302033,46.455551],[0.302553,46.455143],[0.302945,46.454662],[0.302988,46.454483],[0.302827,46.454208],[0.302033,46.453899],[0.301234,46.453487],[0.298283,46.452477],[0.296625,46.451942],[0.294651,46.451553],[0.293836,46.45108],[0.29323,46.450573],[0.291283,46.449757],[0.289684,46.449039],[0.288944,46.448616],[0.288455,46.448158],[0.288101,46.447643],[0.287806,46.447365],[0.287254,46.446632],[0.286766,46.446381],[0.286154,46.446316],[0.285746,46.44635],[0.285049,46.445774],[0.284405,46.445297],[0.283949,46.444794],[0.282903,46.444504],[0.282506,46.444244],[0.282158,46.44368],[0.281332,46.442612],[0.280806,46.441456],[0.282876,46.440754],[0.283483,46.440746],[0.284706,46.441132],[0.285387,46.441051],[0.286878,46.440426],[0.287066,46.44014],[0.287431,46.438553],[0.287586,46.437733],[0.287806,46.437489],[0.288101,46.437424],[0.288391,46.437496],[0.288734,46.436337],[0.288944,46.435196],[0.288863,46.434906],[0.288616,46.434803],[0.287152,46.434578],[0.286782,46.434559],[0.285993,46.43391],[0.284942,46.433189],[0.284561,46.433094],[0.283858,46.432568],[0.284041,46.432358],[0.284094,46.432148],[0.283649,46.431217],[0.283059,46.430454],[0.282764,46.429634],[0.282233,46.428986],[0.28226,46.428604],[0.282077,46.428253],[0.282168,46.427402],[0.282313,46.427059],[0.282592,46.426498],[0.282565,46.426224],[0.282179,46.425362],[0.282345,46.425259],[0.28352,46.424877],[0.283504,46.424789],[0.282319,46.42469],[0.281487,46.424549],[0.280055,46.424427],[0.279561,46.424244],[0.279137,46.424011],[0.278585,46.423836],[0.277786,46.423519],[0.276327,46.423454],[0.275216,46.423496],[0.274959,46.423405],[0.27468,46.423107],[0.270699,46.425896],[0.269777,46.425438],[0.268071,46.424568],[0.266719,46.423683],[0.266354,46.423573],[0.265238,46.422806],[0.26527,46.423416],[0.263865,46.422638],[0.26276,46.42223],[0.261692,46.422138],[0.260931,46.421927],[0.25996,46.421322],[0.259434,46.421715],[0.259241,46.422153],[0.259289,46.422581],[0.259713,46.423306],[0.259493,46.423435],[0.258855,46.423534],[0.25842,46.423717],[0.258007,46.424091],[0.258141,46.424416],[0.258168,46.42468],[0.258061,46.424904],[0.257508,46.425316],[0.258833,46.426285],[0.258104,46.42664],[0.257851,46.426899],[0.257567,46.427055],[0.257755,46.427357],[0.257192,46.427586],[0.256816,46.427624],[0.256092,46.427845],[0.255164,46.42828],[0.25466,46.428387],[0.252868,46.428265],[0.252246,46.428143],[0.251543,46.427937],[0.251157,46.427944],[0.249735,46.427467],[0.248528,46.426979],[0.247461,46.426662],[0.246028,46.426113],[0.245411,46.425735],[0.244805,46.425549],[0.244237,46.425491],[0.242794,46.425419],[0.240857,46.425182],[0.240739,46.426609],[0.240653,46.427788],[0.240476,46.428371],[0.239747,46.429203],[0.238926,46.429829],[0.237477,46.430393],[0.235874,46.430356],[0.235809,46.430003],[0.235288,46.429668],[0.233868,46.429266],[0.231722,46.428672],[0.230562,46.428571],[0.228567,46.428039],[0.227881,46.428009],[0.22757,46.428253],[0.227473,46.429133],[0.226893,46.428436],[0.225971,46.428143],[0.225477,46.428158],[0.224769,46.427814],[0.224812,46.427631],[0.224404,46.427372],[0.223374,46.427799],[0.222849,46.427853],[0.222462,46.428562],[0.22176,46.428864],[0.221137,46.429165],[0.220445,46.429649],[0.21993,46.430073],[0.219297,46.43029],[0.218691,46.43029],[0.218943,46.429199],[0.21875,46.428844],[0.217109,46.426781],[0.216873,46.426392],[0.216465,46.425606],[0.216106,46.425259],[0.215381,46.424847],[0.214775,46.424721],[0.213981,46.424637],[0.213359,46.424446],[0.21286,46.424129],[0.211599,46.423183],[0.211192,46.422775],[0.211031,46.422485],[0.209749,46.421951],[0.207678,46.421329],[0.20609,46.421356],[0.20579,46.421371],[0.205033,46.42112],[0.204535,46.420944],[0.20432,46.420959],[0.203859,46.4212],[0.203177,46.421391],[0.202314,46.421455],[0.201182,46.42136],[0.200511,46.421181],[0.197738,46.419712],[0.196745,46.419708],[0.197228,46.420731],[0.197459,46.421631],[0.197437,46.421959],[0.197255,46.422607],[0.197201,46.423344],[0.19704,46.423664],[0.197314,46.424908],[0.197266,46.425877],[0.19729,46.425861],[0.19729,46.426498],[0.1976,46.42778],[0.19763,46.428558],[0.19678,46.42905],[0.19585,46.429359],[0.19609,46.43055],[0.19642,46.431351],[0.19554,46.43074],[0.19514,46.42992],[0.1944,46.429451],[0.19404,46.428951],[0.19354,46.428631],[0.19301,46.427879],[0.19211,46.427151],[0.19088,46.426701],[0.18904,46.426189],[0.1881,46.426208],[0.18766,46.426441],[0.18729,46.42601],[0.18646,46.426048],[0.18181,46.427349],[0.18091,46.42778],[0.18012,46.428341],[0.18013,46.42878],[0.17992,46.428989],[0.1796,46.429562],[0.17921,46.429798],[0.17888,46.429901],[0.17832,46.42955],[0.17624,46.42918],[0.17466,46.4286],[0.17388,46.429062],[0.17313,46.429211],[0.17263,46.42905],[0.17261,46.428741],[0.17158,46.42783],[0.17025,46.426979],[0.16983,46.42635],[0.16938,46.425968],[0.16841,46.425678],[0.16786,46.4249],[0.16755,46.424278],[0.16636,46.423569],[0.16577,46.422729],[0.16434,46.42181],[0.16079,46.42252],[0.15959,46.422699],[0.15844,46.423031],[0.1573,46.423229],[0.15611,46.42374],[0.15577,46.42408],[0.1552,46.424389],[0.15452,46.424881],[0.15359,46.424969],[0.15322,46.42522],[0.15238,46.42606],[0.15137,46.426449],[0.14961,46.426868],[0.14835,46.427292],[0.1481,46.42749],[0.14876,46.42804],[0.14905,46.428619],[0.14916,46.429291],[0.1495,46.429668],[0.15039,46.430119],[0.15083,46.430569],[0.15097,46.431],[0.15213,46.431431],[0.15423,46.4328],[0.15551,46.43433],[0.1545,46.434551],[0.1538,46.434509],[0.153,46.434582],[0.15278,46.434711],[0.15162,46.434921],[0.14986,46.435349],[0.14949,46.435539],[0.14942,46.435902],[0.1492,46.43618],[0.14897,46.437321],[0.14872,46.437988],[0.14838,46.438339],[0.14714,46.439159],[0.14595,46.440708],[0.14595,46.441422],[0.14581,46.441631],[0.14483,46.441841],[0.14276,46.44157],[0.13978,46.44165],[0.13918,46.439911],[0.13904,46.438911],[0.13818,46.439079],[0.13823,46.43935],[0.13843,46.439522],[0.13856,46.44009],[0.1381,46.440029],[0.13593,46.43948],[0.13463,46.439281],[0.134,46.439308],[0.13346,46.439468],[0.13346,46.439548],[0.13208,46.439869],[0.13136,46.43993],[0.1304,46.43858],[0.13018,46.438721],[0.13002,46.43898],[0.12972,46.439072],[0.12907,46.438641],[0.127942,46.438157],[0.127661,46.437875],[0.127661,46.437603],[0.126857,46.436981],[0.126956,46.436871],[0.126273,46.436562],[0.125712,46.436526],[0.124498,46.436207],[0.124574,46.436013],[0.124119,46.435877],[0.12372,46.435631],[0.12372,46.435631],[0.12355,46.435871],[0.122911,46.435932],[0.122702,46.436076],[0.122794,46.436322],[0.122954,46.436386],[0.122819,46.436513],[0.1222,46.436642],[0.123275,46.436709],[0.12162,46.437309],[0.12072,46.437752],[0.12037,46.437618],[0.119658,46.43797],[0.119386,46.438216],[0.118807,46.438645],[0.117938,46.439511],[0.117408,46.440335],[0.1173,46.441212],[0.11761,46.442909],[0.11836,46.444649],[0.11975,46.446152],[0.12005,46.44677],[0.12067,46.447392],[0.11947,46.446579],[0.11808,46.445961],[0.11728,46.4459],[0.11621,46.446301],[0.11612,46.447361],[0.11565,46.448029],[0.11606,46.448711],[0.11585,46.4491],[0.11134,46.449711],[0.107331,46.451015],[0.10693,46.450974],[0.104991,46.452226],[0.10397,46.452627],[0.102048,46.453945],[0.101563,46.453992],[0.10022,46.454571],[0.09894,46.454189],[0.09701,46.454659],[0.09662,46.454681],[0.09617,46.45491],[0.09385,46.45583],[0.09329,46.454262],[0.09203,46.45475],[0.09186,46.454342],[0.0928,46.45332],[0.09295,46.452888],[0.09228,46.452122],[0.09209,46.451221],[0.09113,46.451099],[0.08988,46.449749],[0.088806,46.448423],[0.087457,46.449413],[0.08383,46.451199],[0.08059,46.453289],[0.07892,46.453609],[0.07823,46.454262],[0.079,46.455589],[0.07939,46.456821],[0.08003,46.458111],[0.08001,46.45871],[0.08096,46.45966],[0.08121,46.460629],[0.08061,46.46117],[0.08081,46.462318],[0.0799,46.463219],[0.07973,46.464321],[0.07978,46.46492],[0.08016,46.465439],[0.07872,46.465599],[0.07797,46.46582],[0.07769,46.466099],[0.07699,46.465969],[0.07621,46.466301],[0.076083,46.466579],[0.07574,46.466559],[0.07529,46.46649],[0.07591,46.4678],[0.074666,46.466433],[0.073048,46.4653],[0.072116,46.464862],[0.07166,46.464291],[0.071156,46.464229],[0.070866,46.463946],[0.069776,46.46455],[0.07005,46.465],[0.06973,46.466068],[0.06952,46.466251],[0.06922,46.467178],[0.06799,46.468281],[0.067006,46.468878],[0.066366,46.469149],[0.06566,46.46899],[0.06484,46.469269],[0.0642,46.469952],[0.06257,46.470692],[0.06207,46.470852],[0.06482,46.47411],[0.064862,46.474643],[0.065205,46.475323],[0.065076,46.475515],[0.064516,46.475709],[0.063163,46.475767],[0.06214,46.476151],[0.06197,46.476631],[0.061,46.4771],[0.05913,46.47617],[0.058106,46.475794],[0.057717,46.476012],[0.0575,46.476349],[0.058587,46.476864],[0.06006,46.477409],[0.059759,46.477631],[0.059,46.477669],[0.05849,46.478008],[0.05875,46.47834],[0.05947,46.480214],[0.05965,46.4809],[0.06091,46.481609],[0.060882,46.482291],[0.061143,46.482747],[0.061893,46.483551],[0.06214,46.484711],[0.062572,46.485411],[0.062869,46.486743],[0.061823,46.488159],[0.06179,46.488659],[0.06015,46.490238],[0.05918,46.490292],[0.05791,46.490601],[0.05747,46.490528],[0.056525,46.490223],[0.0552,46.490978],[0.05392,46.491161],[0.05262,46.491279],[0.051836,46.491231],[0.05114,46.491562],[0.05079,46.491852],[0.05003,46.49168],[0.04894,46.491249],[0.04779,46.491131],[0.04701,46.491249],[0.0463,46.491581],[0.04581,46.491611],[0.0452,46.49128],[0.04424,46.49234],[0.043593,46.492494],[0.041977,46.493224],[0.041179,46.493661],[0.040832,46.493685],[0.03915,46.494862],[0.038506,46.495269],[0.038359,46.495077],[0.03851,46.494469],[0.03822,46.494129],[0.0382,46.49456],[0.03641,46.49667],[0.03644,46.496078],[0.03575,46.495762],[0.03444,46.495571],[0.03398,46.495941],[0.0335,46.495972],[0.03283,46.496159],[0.03232,46.496792],[0.03172,46.49786],[0.03158,46.49831],[0.03052,46.499779],[0.02973,46.499512],[0.02922,46.499561],[0.02592,46.500938],[0.02405,46.501572],[0.02346,46.501431],[0.02247,46.50074],[0.02203,46.499771],[0.02169,46.499741],[0.02095,46.499969],[0.02051,46.500031],[0.01939,46.499451],[0.01708,46.49897],[0.01602,46.499001],[0.01475,46.499249],[0.0136,46.49966],[0.0124,46.500542],[0.01154,46.500778],[0.01113,46.50082],[0.01047,46.500679],[0.00981,46.500702],[0.00694,46.501469],[0.00652,46.501362],[0.00553,46.499741],[0.00553,46.498989],[0.00437,46.49942],[0.00339,46.499458],[0.00186,46.49876],[0.00046,46.49979],[-0.00197,46.50053],[-0.00321,46.498772],[-0.0036,46.498482],[-0.00425,46.49818],[-0.005802,46.49711],[-0.00622,46.496609],[-0.006673,46.49555],[-0.006638,46.494926],[-0.006743,46.494506],[-0.00587,46.493919],[-0.00629,46.493519],[-0.00643,46.493191],[-0.006133,46.493031],[-0.007022,46.491087],[-0.00738,46.49073],[-0.00651,46.48941],[-0.00662,46.48909],[-0.008956,46.487727],[-0.01062,46.487381],[-0.01086,46.487598],[-0.01203,46.48777],[-0.01548,46.488861],[-0.01658,46.489689],[-0.01772,46.489861],[-0.01786,46.490479],[-0.01786,46.49155],[-0.01822,46.491779],[-0.01894,46.491928],[-0.01954,46.492241],[-0.0199,46.49234],[-0.01934,46.493172],[-0.01914,46.494362],[-0.02232,46.493488],[-0.02303,46.493031],[-0.02341,46.49258],[-0.02387,46.492241],[-0.02438,46.492039],[-0.026054,46.490955],[-0.027083,46.490511],[-0.02824,46.490299],[-0.0298,46.49017],[-0.03201,46.489491],[-0.03329,46.488892],[-0.03842,46.486141],[-0.04031,46.486752],[-0.04274,46.487091],[-0.04442,46.486912],[-0.04555,46.48687],[-0.04689,46.48658],[-0.04804,46.48653],[-0.04991,46.486118],[-0.05038,46.48616],[-0.05119,46.486431],[-0.05373,46.486881],[-0.05417,46.486809],[-0.05553,46.48621],[-0.05629,46.485981],[-0.05751,46.486038],[-0.0581,46.485901],[-0.05921,46.485161],[-0.05965,46.483952],[-0.05971,46.4832],[-0.06036,46.483101],[-0.06201,46.482391],[-0.06257,46.482349],[-0.06331,46.482471],[-0.06347,46.48259],[-0.06381,46.482601],[-0.06445,46.482761],[-0.06547,46.48317],[-0.06698,46.483509],[-0.06773,46.48381],[-0.06865,46.483929],[-0.06984,46.484509],[-0.07076,46.48476],[-0.07082,46.4851],[-0.07017,46.485851],[-0.07084,46.487301],[-0.0715,46.487701],[-0.07195,46.48811],[-0.0728,46.4884],[-0.07353,46.48822],[-0.07408,46.48843],[-0.07446,46.488361],[-0.07488,46.488468],[-0.07503,46.489208],[-0.07489,46.489731],[-0.07471,46.490044],[-0.07542,46.490318],[-0.07621,46.490349],[-0.077523,46.490066],[-0.07819,46.490388],[-0.078466,46.491092],[-0.079053,46.49155],[-0.080091,46.491949],[-0.082011,46.492323],[-0.084275,46.49246],[-0.085713,46.49212],[-0.086957,46.492075],[-0.087472,46.491898],[-0.088427,46.49173],[-0.08936,46.491123],[-0.090026,46.491264],[-0.089929,46.490963],[-0.089811,46.490749],[-0.090702,46.489758],[-0.09112,46.489079],[-0.091989,46.4879],[-0.092402,46.487473],[-0.093255,46.48695],[-0.094543,46.486042],[-0.096763,46.486546],[-0.097096,46.486744],[-0.097289,46.486755],[-0.098485,46.486446],[-0.099558,46.486057],[-0.101151,46.485687],[-0.101645,46.485508],[-0.102755,46.485241],[-0.103136,46.484814],[-0.10363,46.484463],[-0.10393,46.483173],[-0.104257,46.483009],[-0.104622,46.482979],[-0.105212,46.483139],[-0.105883,46.483238],[-0.106816,46.483402],[-0.108195,46.483513],[-0.109912,46.483837],[-0.110598,46.483814],[-0.112202,46.48344],[-0.112545,46.483425],[-0.114782,46.484154],[-0.11534,46.484352],[-0.115791,46.484592],[-0.116145,46.484501],[-0.117052,46.484867],[-0.117604,46.485252],[-0.11762,46.485352],[-0.119551,46.486347],[-0.12137,46.487225],[-0.122352,46.487648],[-0.122867,46.487782],[-0.123768,46.487843],[-0.124653,46.487938],[-0.126697,46.488583],[-0.128494,46.489613],[-0.129637,46.490562],[-0.131321,46.491604],[-0.133241,46.49213],[-0.133515,46.492371],[-0.133697,46.492752],[-0.134513,46.49165],[-0.134615,46.490894],[-0.134459,46.490192],[-0.133842,46.489136],[-0.133869,46.488468],[-0.134116,46.488121],[-0.134014,46.487923],[-0.134196,46.487316],[-0.135103,46.486023],[-0.136031,46.484959],[-0.136154,46.484608],[-0.136117,46.483963],[-0.135446,46.482845],[-0.137436,46.481979],[-0.13962,46.481289],[-0.1425,46.482578],[-0.143305,46.483147],[-0.144389,46.483986],[-0.146422,46.483101],[-0.146518,46.48317],[-0.148906,46.482403],[-0.151062,46.481583],[-0.152548,46.481037],[-0.153063,46.481758],[-0.153406,46.481731],[-0.154694,46.480988],[-0.15744,46.480583],[-0.159457,46.480114],[-0.160761,46.480007],[-0.161587,46.479725],[-0.162531,46.47924],[-0.16311,46.478954],[-0.163765,46.477909],[-0.165299,46.47691],[-0.1656,46.476463],[-0.166436,46.475628],[-0.167955,46.475403],[-0.168228,46.475513],[-0.168507,46.475842],[-0.168512,46.476292],[-0.168748,46.476498],[-0.169306,46.476719],[-0.170154,46.476768],[-0.171055,46.476303],[-0.172107,46.476261],[-0.172471,46.476494],[-0.173576,46.477825],[-0.175744,46.479263],[-0.176387,46.478832],[-0.177611,46.478745],[-0.180566,46.478027],[-0.183281,46.478119],[-0.18401,46.479309],[-0.184488,46.479568],[-0.185099,46.479671],[-0.189471,46.480206],[-0.190619,46.480396],[-0.191563,46.480797],[-0.193065,46.480804],[-0.193473,46.480869],[-0.194299,46.481571],[-0.194868,46.481846],[-0.195544,46.48259],[-0.196606,46.484421],[-0.196708,46.484566],[-0.195538,46.486366],[-0.195866,46.486618],[-0.196418,46.488331],[-0.196531,46.48914],[-0.197191,46.490528],[-0.197486,46.491493],[-0.197722,46.492519],[-0.197861,46.493511],[-0.197808,46.494167],[-0.199361,46.493195],[-0.199787,46.493263],[-0.200213,46.493465],[-0.200747,46.493614],[-0.20153,46.49379],[-0.202131,46.493851],[-0.202609,46.49411],[-0.203319,46.494652],[-0.204044,46.494297],[-0.204835,46.494846],[-0.204964,46.494995],[-0.205157,46.495789],[-0.205076,46.496166],[-0.204889,46.496506],[-0.204856,46.496857],[-0.204996,46.497292],[-0.205457,46.497883],[-0.206063,46.498455],[-0.206246,46.498711],[-0.206959,46.499435],[-0.20807,46.499626],[-0.208901,46.499752],[-0.209856,46.499027],[-0.210468,46.498734],[-0.211337,46.498798],[-0.211964,46.498959],[-0.212479,46.49918],[-0.212919,46.499172],[-0.213826,46.498951],[-0.214298,46.498981],[-0.214915,46.499416],[-0.215397,46.499588],[-0.215982,46.499668],[-0.216551,46.499664],[-0.217382,46.499516],[-0.219088,46.499168],[-0.220306,46.499485],[-0.221089,46.499531],[-0.222033,46.499401],[-0.222371,46.499432],[-0.22279,46.499538],[-0.223138,46.499687],[-0.223787,46.500275],[-0.223863,46.50061],[-0.224345,46.500996],[-0.225338,46.501507],[-0.225762,46.501591],[-0.227596,46.500973],[-0.228288,46.500511],[-0.229715,46.500336],[-0.229774,46.500465],[-0.231324,46.50045],[-0.232236,46.500366],[-0.232226,46.50111],[-0.232805,46.502254],[-0.233336,46.50293],[-0.23398,46.503288],[-0.234168,46.503487],[-0.234447,46.503597],[-0.234586,46.503471],[-0.234527,46.502895],[-0.233862,46.502373],[-0.233497,46.501732],[-0.233293,46.501602],[-0.233229,46.501274],[-0.233261,46.5009],[-0.233674,46.500263],[-0.233856,46.50021],[-0.234157,46.50024],[-0.234488,46.500133],[-0.235316,46.500587],[-0.236324,46.501003],[-0.23972,46.502178],[-0.239859,46.502064],[-0.240852,46.502041],[-0.241286,46.502102],[-0.241801,46.502068],[-0.242761,46.502407],[-0.243577,46.502426],[-0.245293,46.502518],[-0.246093,46.502289],[-0.24664,46.502281],[-0.247096,46.502537],[-0.247369,46.502895],[-0.24834,46.503834],[-0.248619,46.503891],[-0.249059,46.503723],[-0.249681,46.503475],[-0.250432,46.503441],[-0.251758,46.503235],[-0.252342,46.502956],[-0.253147,46.502483],[-0.253721,46.502224],[-0.254858,46.501598],[-0.258951,46.499794],[-0.25893,46.500954],[-0.259112,46.500999],[-0.260142,46.502129],[-0.260485,46.502182],[-0.261118,46.502594],[-0.261419,46.502956],[-0.261462,46.503265],[-0.262159,46.503983],[-0.262116,46.504181],[-0.262213,46.504314],[-0.262502,46.505016],[-0.262803,46.50518],[-0.263135,46.505718],[-0.263511,46.505856],[-0.264192,46.506271],[-0.264654,46.506485],[-0.264911,46.506111],[-0.265469,46.506023],[-0.265807,46.506081],[-0.266445,46.506233],[-0.26711,46.506302],[-0.268929,46.505604],[-0.269396,46.506207],[-0.269476,46.506393],[-0.269669,46.507202],[-0.26968,46.508846],[-0.269589,46.509296],[-0.269659,46.509529],[-0.269862,46.50972],[-0.267448,46.510563],[-0.266461,46.510548],[-0.265903,46.510223],[-0.265024,46.510265],[-0.263393,46.510723],[-0.26217,46.510681],[-0.261805,46.510826],[-0.261805,46.511211],[-0.261612,46.511433],[-0.26159,46.512127],[-0.260667,46.512897],[-0.260283,46.513329],[-0.259616,46.51376],[-0.259466,46.514622],[-0.259069,46.515198],[-0.25879,46.515228],[-0.258275,46.515583],[-0.258522,46.5163],[-0.258468,46.516514],[-0.258833,46.516815],[-0.259702,46.516876],[-0.260518,46.517208],[-0.261848,46.517952],[-0.262556,46.518543],[-0.263039,46.518604],[-0.263736,46.518559],[-0.264187,46.518581],[-0.26467,46.518368],[-0.265303,46.518616],[-0.266161,46.519173],[-0.266526,46.51963],[-0.266955,46.519909],[-0.267481,46.520309],[-0.267588,46.520737],[-0.268264,46.521202],[-0.268564,46.521584],[-0.269777,46.520927],[-0.270292,46.520241],[-0.270603,46.5201],[-0.270892,46.519829],[-0.271472,46.519703],[-0.271794,46.519753],[-0.272684,46.52013],[-0.272952,46.520138],[-0.273339,46.520042],[-0.274465,46.520287],[-0.27542,46.520634],[-0.274647,46.521614],[-0.273103,46.522591],[-0.272394,46.522709],[-0.272899,46.523041],[-0.271214,46.525379],[-0.27056,46.525135],[-0.269374,46.524445],[-0.268924,46.525383],[-0.268403,46.52779],[-0.268752,46.528057],[-0.268924,46.528236],[-0.269659,46.529106],[-0.270538,46.529823],[-0.271032,46.53009],[-0.271418,46.530186],[-0.272158,46.530788],[-0.272491,46.531025],[-0.271837,46.531151],[-0.271354,46.531151],[-0.270978,46.531109],[-0.270506,46.531189],[-0.270195,46.531528],[-0.269905,46.531521],[-0.269262,46.53141],[-0.268489,46.531448],[-0.26791,46.531418],[-0.267599,46.531815],[-0.267137,46.532162],[-0.26733,46.532516],[-0.26776,46.532784],[-0.268199,46.53302],[-0.268285,46.533417],[-0.268822,46.534275],[-0.269122,46.535336],[-0.269541,46.536407],[-0.269004,46.537537],[-0.26909,46.537922],[-0.269004,46.538128],[-0.26924,46.53854],[-0.269862,46.538761],[-0.270281,46.539062],[-0.270313,46.539368],[-0.270131,46.539726],[-0.26953,46.540253],[-0.26909,46.541359],[-0.268435,46.541992],[-0.268242,46.54203],[-0.267652,46.541965],[-0.267148,46.542355],[-0.266708,46.542583],[-0.266676,46.543758],[-0.265968,46.543476],[-0.265356,46.543049],[-0.263822,46.54343],[-0.262706,46.543785],[-0.261666,46.544312],[-0.261494,46.544437],[-0.261387,46.544754],[-0.260217,46.545979],[-0.259788,46.546131],[-0.25952,46.546486],[-0.25923,46.547005],[-0.259595,46.547157],[-0.260153,46.54755],[-0.258511,46.548775],[-0.257803,46.549549],[-0.258104,46.549747],[-0.259241,46.549889],[-0.258404,46.551018],[-0.257524,46.551453],[-0.25526,46.55217],[-0.254499,46.552494],[-0.251945,46.553989],[-0.253286,46.554344],[-0.25422,46.554832],[-0.257052,46.554832],[-0.257878,46.554787],[-0.259262,46.554565],[-0.259863,46.554516],[-0.265399,46.554485],[-0.265828,46.555252],[-0.268403,46.554794],[-0.268629,46.554848],[-0.269895,46.555298],[-0.271322,46.555408],[-0.271869,46.555386],[-0.272352,46.555275],[-0.27306,46.555103],[-0.273628,46.555077],[-0.274755,46.555],[-0.274991,46.55529],[-0.275248,46.555401],[-0.275946,46.555859],[-0.277265,46.557117],[-0.278252,46.558041],[-0.279754,46.558647],[-0.281299,46.559185],[-0.282565,46.559464],[-0.283649,46.559689],[-0.284185,46.559525],[-0.284797,46.559738],[-0.284969,46.559589],[-0.285451,46.559368],[-0.285923,46.559635],[-0.287275,46.560211],[-0.286803,46.561493],[-0.285988,46.562805],[-0.285666,46.563808],[-0.285366,46.56443],[-0.284754,46.564938],[-0.284314,46.565662],[-0.28352,46.565655],[-0.283295,46.566044],[-0.283145,46.566113],[-0.282748,46.565884],[-0.282555,46.565712],[-0.281503,46.566357],[-0.279078,46.568081],[-0.279207,46.568371],[-0.278853,46.569138],[-0.279164,46.569576],[-0.279765,46.57019],[-0.281074,46.570389],[-0.281686,46.570358],[-0.283016,46.570698],[-0.284765,46.570847],[-0.287232,46.570663],[-0.287769,46.570538],[-0.289207,46.569786],[-0.292329,46.56926],[-0.297264,46.569336],[-0.296985,46.567749],[-0.296963,46.56559],[-0.29883,46.565567],[-0.299217,46.565475],[-0.299667,46.565712],[-0.300064,46.566257],[-0.30074,46.566811],[-0.301223,46.566975],[-0.302848,46.567425],[-0.303943,46.567978],[-0.304597,46.568233],[-0.30493,46.568344],[-0.305246,46.568584],[-0.305423,46.569096],[-0.304978,46.569733],[-0.304683,46.569843],[-0.304517,46.570133],[-0.305037,46.570423],[-0.305965,46.571358],[-0.30619,46.571461],[-0.30619,46.571461],[-0.308089,46.571835],[-0.310589,46.571888],[-0.310707,46.571674],[-0.311286,46.571281],[-0.311705,46.570847],[-0.312338,46.569771],[-0.312874,46.569138],[-0.312907,46.568478],[-0.313175,46.568127],[-0.313711,46.567631],[-0.314119,46.567448],[-0.315213,46.566494],[-0.316383,46.565609],[-0.316951,46.565575],[-0.318561,46.565079],[-0.319827,46.564945],[-0.322927,46.564911],[-0.323721,46.56522],[-0.324365,46.565773],[-0.325148,46.565933],[-0.325749,46.56591],[-0.327004,46.565765],[-0.327541,46.565781],[-0.328689,46.566074],[-0.329944,46.566628],[-0.330534,46.566811],[-0.331242,46.567093],[-0.332251,46.567307],[-0.332937,46.567276],[-0.333731,46.56715],[-0.334718,46.566826],[-0.335362,46.566753],[-0.334278,46.565704],[-0.333924,46.565132],[-0.333656,46.564415],[-0.333828,46.563583],[-0.334757,46.563023],[-0.335437,46.561969],[-0.336875,46.560299],[-0.336982,46.559864],[-0.337111,46.558933],[-0.338838,46.558212],[-0.339439,46.557487],[-0.340523,46.556595],[-0.34152,46.555984],[-0.343537,46.555283],[-0.343472,46.555101],[-0.348569,46.555988],[-0.35005,46.557178],[-0.352153,46.558033],[-0.353118,46.558228],[-0.354084,46.558315],[-0.3555,46.558704],[-0.357431,46.55962],[-0.357667,46.559937],[-0.358225,46.561256],[-0.358515,46.561531],[-0.358729,46.562668],[-0.36212,46.563278],[-0.363847,46.563751],[-0.364212,46.563759],[-0.364963,46.563957],[-0.366304,46.563705],[-0.36845,46.56308],[-0.36904,46.56337],[-0.369759,46.563988],[-0.371035,46.564812],[-0.372065,46.565758],[-0.374275,46.566437],[-0.375885,46.566872],[-0.376893,46.567253],[-0.378106,46.56778],[-0.380455,46.568783],[-0.382311,46.569424],[-0.384092,46.570389],[-0.385391,46.57143],[-0.387,46.572315],[-0.388362,46.57317],[-0.389371,46.573563],[-0.390176,46.574135],[-0.391109,46.574749],[-0.391645,46.574917],[-0.392257,46.574963],[-0.393502,46.575382],[-0.396312,46.576881],[-0.396945,46.577137],[-0.39804,46.577438],[-0.399048,46.577579],[-0.399724,46.577885],[-0.40099,46.578671],[-0.402181,46.578983],[-0.402482,46.579639],[-0.403833,46.579552],[-0.405797,46.579475],[-0.406387,46.579342],[-0.407009,46.579933],[-0.408887,46.5812],[-0.409498,46.581413],[-0.411333,46.581547],[-0.412406,46.581482],[-0.41483,46.580936],[-0.415024,46.581902],[-0.414927,46.582195],[-0.414895,46.582527],[-0.414648,46.583286],[-0.414702,46.583733],[-0.414895,46.584549],[-0.415013,46.58522],[-0.414004,46.585609],[-0.412856,46.586052],[-0.412792,46.586327],[-0.412298,46.58625],[-0.411472,46.586887],[-0.408897,46.588238],[-0.410314,46.589466],[-0.411043,46.590359],[-0.411472,46.590534],[-0.412234,46.590508],[-0.413039,46.590706],[-0.412867,46.591194],[-0.412406,46.591774],[-0.412298,46.592239],[-0.411623,46.592712],[-0.411108,46.592941],[-0.410743,46.592976],[-0.410002,46.593418],[-0.409927,46.593693],[-0.410099,46.593853],[-0.410646,46.593567],[-0.410904,46.59383],[-0.410678,46.59481],[-0.41114,46.595093],[-0.410303,46.595924],[-0.409176,46.596619],[-0.408307,46.597347],[-0.406923,46.598652],[-0.408264,46.59948],[-0.409445,46.600517],[-0.408844,46.601528],[-0.410764,46.602398],[-0.41232,46.603333],[-0.412985,46.603813],[-0.414262,46.604397],[-0.415002,46.604534],[-0.416011,46.604855],[-0.416011,46.604683],[-0.41674,46.604115],[-0.417545,46.603695],[-0.417856,46.603085],[-0.418618,46.602501],[-0.41909,46.601379],[-0.419551,46.600864],[-0.420688,46.600334],[-0.42116,46.599552],[-0.421547,46.599274],[-0.422008,46.59914],[-0.422351,46.598866],[-0.422823,46.598492],[-0.423059,46.598057],[-0.423532,46.597694],[-0.423907,46.597519],[-0.423993,46.596809],[-0.424207,46.59639],[-0.424272,46.595814],[-0.425613,46.595646],[-0.426117,46.595528],[-0.427845,46.595497],[-0.429379,46.595638],[-0.429862,46.594578],[-0.430312,46.593884],[-0.430591,46.592579],[-0.430881,46.592121],[-0.431419,46.592183],[-0.43243,46.59253],[-0.433209,46.592911],[-0.433606,46.592911],[-0.43425,46.593102],[-0.435709,46.593204],[-0.436943,46.592823],[-0.438026,46.592941],[-0.438766,46.592697],[-0.440784,46.593132],[-0.441009,46.592728],[-0.441438,46.592201],[-0.441813,46.592121],[-0.442243,46.591812],[-0.44252,46.591579],[-0.442927,46.591613],[-0.446366,46.590987],[-0.448734,46.590214],[-0.449334,46.589584],[-0.450289,46.588982],[-0.450718,46.588436],[-0.45206,46.587624],[-0.454195,46.586399],[-0.454838,46.58606],[-0.455149,46.585575],[-0.456179,46.584705],[-0.456609,46.584602],[-0.457263,46.584564],[-0.458057,46.58466],[-0.45869,46.584408],[-0.460063,46.583088],[-0.460449,46.582596],[-0.460782,46.582619],[-0.462949,46.583385],[-0.463357,46.583614],[-0.463915,46.583694],[-0.46443,46.583626],[-0.46502,46.583324],[-0.465181,46.583164],[-0.465524,46.583107],[-0.466136,46.582958],[-0.467042,46.582855],[-0.47091,46.582611],[-0.471157,46.58247],[-0.471489,46.581924],[-0.472122,46.581245],[-0.47238,46.580441],[-0.472852,46.579655],[-0.473925,46.578148],[-0.475867,46.578526],[-0.476339,46.578438],[-0.4768,46.578007],[-0.477358,46.577721],[-0.478195,46.57769],[-0.479,46.577919],[-0.479429,46.578297],[-0.479053,46.57859],[-0.47901,46.578968],[-0.479257,46.5793],[-0.480523,46.580338],[-0.480974,46.580898],[-0.480995,46.581284],[-0.48092,46.581837],[-0.481339,46.582146],[-0.482358,46.582375],[-0.482368,46.582619],[-0.482959,46.582836],[-0.483978,46.582676],[-0.484943,46.582729],[-0.486553,46.582508],[-0.487819,46.582611],[-0.488892,46.582478],[-0.489557,46.58247],[-0.492132,46.582073],[-0.492185,46.581127],[-0.492572,46.581024],[-0.493838,46.581158],[-0.495125,46.58157],[-0.495822,46.581989],[-0.496209,46.582058],[-0.496402,46.581879],[-0.496488,46.581631],[-0.497121,46.581173],[-0.497743,46.581223],[-0.498977,46.581135],[-0.498966,46.581799],[-0.499631,46.581623],[-0.500607,46.581696],[-0.500457,46.580803],[-0.501004,46.580296],[-0.501562,46.580235],[-0.503247,46.580589],[-0.503794,46.580738],[-0.50609,46.580528],[-0.506895,46.581039],[-0.507796,46.581379],[-0.509384,46.582294],[-0.509695,46.582581],[-0.510349,46.582787],[-0.511476,46.58371],[-0.512302,46.583672],[-0.514061,46.584255],[-0.515682,46.584171],[-0.516969,46.584469],[-0.51831,46.58429],[-0.51875,46.584541],[-0.519372,46.584579],[-0.519823,46.584721],[-0.52007,46.584991],[-0.520198,46.585972],[-0.519681,46.586702],[-0.519233,46.586933],[-0.518664,46.587433],[-0.518728,46.588097],[-0.518063,46.588825],[-0.517505,46.58926],[-0.518771,46.590942],[-0.519415,46.591496],[-0.520456,46.591732],[-0.522441,46.591347],[-0.523481,46.591309],[-0.524018,46.591236],[-0.524511,46.591316],[-0.525295,46.591179],[-0.526464,46.590714],[-0.526721,46.590714],[-0.527129,46.590546],[-0.527601,46.590626],[-0.527966,46.590855],[-0.528674,46.591663],[-0.529747,46.592461],[-0.530294,46.592491],[-0.531721,46.592785],[-0.531818,46.593307],[-0.53214,46.593567],[-0.531625,46.593788],[-0.531152,46.594288],[-0.531077,46.594589],[-0.531271,46.594692],[-0.53185,46.595352],[-0.533545,46.595932],[-0.534854,46.596596],[-0.536163,46.596973],[-0.536377,46.597099],[-0.537654,46.59737],[-0.537257,46.5979],[-0.537107,46.598389],[-0.537397,46.598675],[-0.538384,46.599133],[-0.539145,46.599464],[-0.539478,46.599751],[-0.540916,46.599915],[-0.541602,46.60004],[-0.541967,46.600208],[-0.542407,46.600563],[-0.543061,46.600754],[-0.543276,46.600975],[-0.543405,46.60133],[-0.544338,46.60183],[-0.544918,46.602463],[-0.545111,46.602974],[-0.544295,46.604595],[-0.543973,46.605499],[-0.544682,46.605797],[-0.545572,46.60606],[-0.546731,46.60677],[-0.547299,46.607796],[-0.548222,46.609016],[-0.549284,46.609974],[-0.54951,46.610374],[-0.549585,46.611816],[-0.549939,46.612724],[-0.550797,46.613632],[-0.551441,46.614094],[-0.55202,46.614662],[-0.554305,46.61618],[-0.555614,46.61657],[-0.555722,46.617107],[-0.556118,46.617966],[-0.558103,46.621834],[-0.558114,46.623173],[-0.558822,46.623726],[-0.559509,46.624058],[-0.560206,46.624119],[-0.560732,46.624397],[-0.561054,46.624786],[-0.561397,46.625458],[-0.563253,46.626423],[-0.564069,46.626614],[-0.566611,46.627647],[-0.567362,46.628441],[-0.567899,46.629288],[-0.568478,46.63018],[-0.569444,46.631027],[-0.570238,46.631176],[-0.57175,46.63113],[-0.572973,46.63142],[-0.575495,46.631729],[-0.57645,46.631809],[-0.57719,46.63197],[-0.5769,46.632877],[-0.577083,46.633363],[-0.576278,46.633923],[-0.576482,46.634411],[-0.572855,46.635494],[-0.572094,46.635574],[-0.570892,46.636089],[-0.569787,46.636642],[-0.568714,46.638542],[-0.568392,46.639263],[-0.56821,46.639999],[-0.566804,46.640842],[-0.56586,46.641216],[-0.565313,46.641239],[-0.565506,46.641476],[-0.565925,46.64159],[-0.566751,46.641708],[-0.568146,46.642967],[-0.568457,46.643505],[-0.568864,46.643764],[-0.569251,46.644207],[-0.569127,46.644455],[-0.569575,46.645198],[-0.570023,46.646904],[-0.570005,46.647237],[-0.570388,46.648178],[-0.570817,46.648708],[-0.5713,46.648819],[-0.575978,46.648884],[-0.580709,46.647827],[-0.581524,46.647182],[-0.582286,46.646519],[-0.583209,46.646591],[-0.585591,46.645504],[-0.586299,46.645306],[-0.587243,46.644604],[-0.588434,46.643963],[-0.58955,46.643631],[-0.59029,46.643597],[-0.591438,46.643345],[-0.593015,46.642735],[-0.593616,46.642616],[-0.594367,46.642563],[-0.594678,46.642433],[-0.596652,46.643669],[-0.597306,46.643867],[-0.596974,46.644428],[-0.597285,46.644699],[-0.5978,46.644928],[-0.598422,46.645054],[-0.598787,46.64492],[-0.599002,46.644588],[-0.599291,46.64439],[-0.601491,46.64537],[-0.602306,46.64529],[-0.602993,46.644974],[-0.602993,46.644981],[-0.603637,46.64415],[-0.604098,46.644016],[-0.604559,46.644024],[-0.605686,46.643463],[-0.606662,46.642853],[-0.607177,46.642426],[-0.607595,46.642014],[-0.608261,46.641586],[-0.608271,46.641392],[-0.608582,46.640614],[-0.608186,46.640392],[-0.60766,46.640236],[-0.607252,46.640102],[-0.607123,46.639816],[-0.606898,46.638897],[-0.606308,46.63818],[-0.605375,46.637394],[-0.605471,46.636921],[-0.605782,46.636208],[-0.606329,46.635456],[-0.60678,46.634918],[-0.606716,46.634689],[-0.604409,46.632729],[-0.604527,46.632538],[-0.604624,46.632282],[-0.604613,46.631809],[-0.604452,46.631104],[-0.604699,46.630669],[-0.605074,46.63036],[-0.60605,46.630386],[-0.606973,46.630829],[-0.607628,46.631035],[-0.609012,46.631683],[-0.609988,46.631817],[-0.610106,46.631817],[-0.610685,46.632046],[-0.611007,46.632244],[-0.61237,46.63343],[-0.612735,46.633297],[-0.613754,46.633099],[-0.614387,46.632729],[-0.614955,46.632568],[-0.615224,46.632767],[-0.61591,46.632816],[-0.616629,46.633003],[-0.617133,46.633446],[-0.617391,46.634335],[-0.617265,46.63522],[-0.61649,46.636074],[-0.617166,46.636681],[-0.617369,46.636566],[-0.618088,46.636566],[-0.618807,46.636459],[-0.619054,46.636471],[-0.619472,46.636597],[-0.619676,46.636532],[-0.620234,46.636066],[-0.620583,46.636002],[-0.622112,46.635979],[-0.622541,46.636024],[-0.62349,46.636055],[-0.624783,46.636387],[-0.62591,46.636581],[-0.628189,46.6371],[-0.628291,46.637028],[-0.628018,46.636688],[-0.627905,46.636086],[-0.627728,46.634972],[-0.627851,46.634785],[-0.627637,46.634277],[-0.627835,46.63377],[-0.627975,46.633213],[-0.627905,46.632923],[-0.628061,46.632641],[-0.628506,46.632195],[-0.628871,46.631531],[-0.629069,46.630363],[-0.629209,46.62991],[-0.628957,46.628429],[-0.629117,46.627708],[-0.628994,46.627445],[-0.628619,46.627205],[-0.628307,46.626904],[-0.628002,46.626331],[-0.628023,46.624928],[-0.629171,46.624207],[-0.629455,46.62402],[-0.629547,46.623814],[-0.629665,46.623249],[-0.629842,46.622654],[-0.629772,46.62196],[-0.629611,46.621307],[-0.629665,46.621059],[-0.630019,46.620457],[-0.630485,46.619804],[-0.630641,46.619473],[-0.630705,46.619144],[-0.630743,46.618805],[-0.631767,46.61754],[-0.63103,46.617328],[-0.631022,46.617056],[-0.631392,46.616867],[-0.6318,46.616852],[-0.633152,46.615036],[-0.635136,46.613976],[-0.637003,46.612663],[-0.635952,46.612003],[-0.635126,46.611843],[-0.634766,46.61158],[-0.635061,46.610985],[-0.635195,46.610153],[-0.634927,46.609985],[-0.634793,46.609726],[-0.634664,46.609505],[-0.634224,46.609333],[-0.633291,46.609379],[-0.631853,46.609333],[-0.631628,46.609371],[-0.630834,46.609222],[-0.630062,46.608967],[-0.628817,46.608974],[-0.628313,46.608906],[-0.628173,46.608604],[-0.628302,46.608288],[-0.628173,46.606876],[-0.627894,46.605663],[-0.626081,46.603298],[-0.625802,46.60265],[-0.625073,46.600967],[-0.624998,46.599995],[-0.624171,46.59911],[-0.623839,46.598896],[-0.62386,46.597866],[-0.623721,46.597313],[-0.624343,46.596691],[-0.625437,46.595821],[-0.625813,46.595245],[-0.625995,46.59454],[-0.626006,46.593929],[-0.626156,46.593735],[-0.626135,46.593472],[-0.62665,46.593464],[-0.62739,46.593544],[-0.627959,46.593281],[-0.62857,46.592491],[-0.628903,46.5919],[-0.629042,46.591053],[-0.63063,46.591236],[-0.632374,46.590595],[-0.633055,46.590271],[-0.633999,46.589771],[-0.635485,46.589432],[-0.636268,46.589466],[-0.637169,46.589321],[-0.637035,46.588734],[-0.637003,46.588089],[-0.637089,46.588047],[-0.63695,46.587955],[-0.63732,46.587608],[-0.637867,46.587406],[-0.638199,46.587147],[-0.638956,46.586712],[-0.64019,46.585743],[-0.640705,46.585037],[-0.640962,46.58429],[-0.641102,46.5839],[-0.642035,46.582264],[-0.641123,46.581829],[-0.639653,46.581562],[-0.639954,46.581268],[-0.640503,46.581091],[-0.641048,46.581055],[-0.641456,46.580746],[-0.64181,46.580399],[-0.642046,46.580242],[-0.642046,46.580124],[-0.642078,46.579357],[-0.642228,46.579285],[-0.642679,46.579239],[-0.642786,46.579121],[-0.642786,46.578987],[-0.640951,46.578266],[-0.640887,46.578163],[-0.640876,46.57745],[-0.640522,46.576473],[-0.64064,46.574852],[-0.640265,46.573406],[-0.638001,46.571045],[-0.636638,46.570118],[-0.635426,46.569046],[-0.635673,46.568958],[-0.637497,46.568863],[-0.639246,46.568863],[-0.640082,46.568729],[-0.64063,46.568714],[-0.642529,46.568981],[-0.644277,46.568626],[-0.645887,46.567921],[-0.64829,46.567173],[-0.649813,46.566635],[-0.650457,46.566429],[-0.65153,46.566288],[-0.653493,46.566208],[-0.653847,46.566216],[-0.65432,46.566074],[-0.657409,46.567078],[-0.660416,46.568507],[-0.661776,46.56749],[-0.661411,46.567047],[-0.662452,46.566769],[-0.664608,46.567284],[-0.664684,46.567703],[-0.665166,46.567699],[-0.665703,46.56744],[-0.667194,46.567219],[-0.667516,46.56702],[-0.668052,46.566437],[-0.668567,46.565807],[-0.669308,46.564255],[-0.670155,46.563412],[-0.668267,46.562781],[-0.668433,46.562401],[-0.668444,46.562195],[-0.668444,46.562195],[-0.668294,46.562023],[-0.667143,46.56139],[-0.667623,46.560963],[-0.66802,46.560764],[-0.671185,46.559807],[-0.671652,46.560081],[-0.672805,46.560513],[-0.673873,46.561157],[-0.674468,46.561237],[-0.676003,46.561035],[-0.676914,46.561066],[-0.67736,46.561058],[-0.67832,46.560921],[-0.679908,46.560371],[-0.681163,46.559963],[-0.681608,46.559895],[-0.682349,46.55957],[-0.685015,46.559189],[-0.685739,46.55901],[-0.686769,46.558453],[-0.687236,46.558182],[-0.687976,46.557781],[-0.688711,46.557384],[-0.689478,46.557102],[-0.690154,46.556797],[-0.690899,46.556587],[-0.691608,46.556507],[-0.692927,46.556557],[-0.693249,46.55666],[-0.694757,46.556889],[-0.694864,46.556988],[-0.696521,46.557148],[-0.69768,46.557175],[-0.698866,46.557289],[-0.700529,46.557381],[-0.705281,46.557739],[-0.704702,46.558468],[-0.704498,46.560314],[-0.709927,46.56041],[-0.709949,46.562393],[-0.715141,46.562668],[-0.71527,46.561825],[-0.716085,46.562164],[-0.716965,46.56255],[-0.717974,46.56271],[-0.721343,46.561665],[-0.725226,46.560719],[-0.730054,46.559319],[-0.732973,46.557636],[-0.733294,46.557636],[-0.735891,46.555866],[-0.736792,46.555483],[-0.738101,46.555037],[-0.739066,46.554892],[-0.740097,46.554863],[-0.741448,46.555599],[-0.742178,46.554863],[-0.74235,46.554317],[-0.743487,46.554375],[-0.74398,46.553577],[-0.74441,46.553299],[-0.745246,46.553917],[-0.746019,46.552765],[-0.746405,46.552635],[-0.747199,46.551823],[-0.748422,46.551849],[-0.752156,46.551067],[-0.752349,46.550949],[-0.752242,46.547647],[-0.752017,46.54699],[-0.752295,46.546435],[-0.752767,46.54612],[-0.753207,46.545877],[-0.753604,46.545551],[-0.754119,46.544746],[-0.754795,46.544147],[-0.755224,46.544067],[-0.755535,46.543903],[-0.756158,46.542553],[-0.756243,46.54229],[-0.756898,46.541542],[-0.758185,46.540878],[-0.758529,46.540497],[-0.75869,46.54015],[-0.758657,46.539639],[-0.758775,46.53933],[-0.758851,46.538933],[-0.759012,46.538605],[-0.759108,46.537964],[-0.760041,46.536724],[-0.760192,46.536385],[-0.761061,46.535839],[-0.761168,46.535003],[-0.760632,46.534061],[-0.760717,46.533733],[-0.76238,46.532009],[-0.76238,46.531654],[-0.761136,46.531048],[-0.760975,46.530437],[-0.761393,46.529625],[-0.761286,46.529198],[-0.761404,46.529114],[-0.762509,46.529507],[-0.763196,46.529518],[-0.764183,46.529373],[-0.765738,46.528576],[-0.767144,46.527225],[-0.767616,46.526909],[-0.768067,46.526997],[-0.76811,46.527367],[-0.767884,46.527897],[-0.767198,46.528385],[-0.766919,46.529011],[-0.766897,46.52927],[-0.766575,46.529446],[-0.766168,46.529484],[-0.76547,46.52998],[-0.766404,46.53067],[-0.766962,46.531528],[-0.766972,46.531811],[-0.767251,46.53157],[-0.768689,46.53104],[-0.769043,46.53082],[-0.769182,46.530355],[-0.769579,46.530201],[-0.770169,46.530186],[-0.771779,46.530441],[-0.772015,46.530769],[-0.772294,46.532791],[-0.77283,46.533382],[-0.773613,46.533836],[-0.774268,46.533249],[-0.775437,46.532715],[-0.775352,46.532503],[-0.774418,46.532709],[-0.773989,46.532761],[-0.773774,46.532627],[-0.774579,46.532024],[-0.774697,46.531689],[-0.774858,46.531425],[-0.775244,46.531235],[-0.776135,46.530415],[-0.77769,46.529564],[-0.778581,46.529675],[-0.779182,46.529652],[-0.780287,46.529579],[-0.781006,46.529675],[-0.782175,46.53017],[-0.782593,46.530296],[-0.783259,46.530422],[-0.784246,46.530804],[-0.78519,46.531483],[-0.785705,46.530811],[-0.785458,46.530415],[-0.785801,46.529411],[-0.788977,46.530327],[-0.791509,46.530857],[-0.790737,46.532887],[-0.791273,46.538879],[-0.79432,46.541595],[-0.797603,46.543987],[-0.800543,46.54549],[-0.801927,46.546684],[-0.802377,46.546974],[-0.803279,46.547226],[-0.803397,46.547329],[-0.805178,46.547676],[-0.805328,46.548058],[-0.805736,46.548031],[-0.808665,46.549603],[-0.809448,46.549793],[-0.812387,46.549881],[-0.81198,46.550316],[-0.811079,46.552391],[-0.810102,46.553089],[-0.809437,46.55368],[-0.809298,46.554226],[-0.809308,46.554604],[-0.80815,46.556183],[-0.808182,46.556396],[-0.808825,46.556927],[-0.807753,46.557438],[-0.806261,46.558655],[-0.806819,46.558758],[-0.807313,46.558807],[-0.808675,46.559341],[-0.809791,46.559258],[-0.810285,46.559296],[-0.810939,46.559444],[-0.812602,46.560345],[-0.814769,46.561287],[-0.815499,46.561459],[-0.81713,46.563702],[-0.817119,46.564053],[-0.816754,46.564571],[-0.816894,46.564842],[-0.818803,46.567047],[-0.820198,46.568737],[-0.821003,46.569218],[-0.821131,46.569576],[-0.821078,46.569897],[-0.821528,46.570461],[-0.821528,46.570461],[-0.822564,46.570404],[-0.824549,46.570461],[-0.826324,46.570705],[-0.82736,46.570908],[-0.827483,46.57082],[-0.827901,46.564819],[-0.827343,46.563522],[-0.832547,46.55999],[-0.832869,46.559666],[-0.832955,46.559361],[-0.832965,46.559074],[-0.834285,46.557793],[-0.834725,46.557549],[-0.835744,46.55732],[-0.836388,46.556862],[-0.836624,46.556793],[-0.837375,46.556824],[-0.83774,46.55669],[-0.837922,46.556213],[-0.83848,46.555702],[-0.839016,46.55545],[-0.840937,46.555843],[-0.841312,46.556026],[-0.843458,46.557407],[-0.844156,46.558846],[-0.845057,46.558918],[-0.846226,46.559494],[-0.846602,46.559929],[-0.847986,46.560795],[-0.848265,46.561111],[-0.849499,46.561451],[-0.850679,46.561371],[-0.851043,46.561493],[-0.851816,46.561943],[-0.852631,46.562157],[-0.853232,46.562298],[-0.854284,46.562778],[-0.855217,46.563427],[-0.855689,46.564091],[-0.856848,46.564842],[-0.857084,46.564873],[-0.857213,46.563671],[-0.857384,46.563427],[-0.859766,46.561619],[-0.860174,46.561153],[-0.860828,46.560726],[-0.860968,46.560543],[-0.861139,46.559864],[-0.861365,46.558994],[-0.861053,46.557709],[-0.861161,46.557459],[-0.861471,46.557141],[-0.861933,46.557011],[-0.862566,46.557014],[-0.863092,46.55707],[-0.863736,46.557024],[-0.863189,46.555984],[-0.863489,46.555458],[-0.863682,46.555267],[-0.863757,46.555054],[-0.863972,46.554653],[-0.86395,46.55394],[-0.863972,46.553768],[-0.86454,46.5536],[-0.864648,46.553276],[-0.864444,46.552979],[-0.864347,46.552345],[-0.864894,46.552338],[-0.865967,46.552502],[-0.865892,46.552803],[-0.866364,46.553261],[-0.866944,46.553513],[-0.86748,46.553909],[-0.867459,46.554115],[-0.867684,46.554642],[-0.867995,46.554787],[-0.868392,46.554863],[-0.868778,46.554832],[-0.869626,46.554974],[-0.871225,46.555139],[-0.871922,46.555422],[-0.87352,46.556564],[-0.873767,46.556332],[-0.874454,46.556122],[-0.87484,46.556026],[-0.875205,46.555813],[-0.875344,46.555771],[-0.875591,46.555843],[-0.875376,46.556248],[-0.875677,46.556232],[-0.876921,46.556499],[-0.878692,46.557716],[-0.878735,46.557945],[-0.8797,46.557961],[-0.880183,46.558041],[-0.880612,46.558285],[-0.880687,46.558578],[-0.880859,46.558727],[-0.881095,46.558815],[-0.882168,46.559147],[-0.882565,46.559147],[-0.883015,46.55917],[-0.883852,46.559334],[-0.884657,46.55954],[-0.886256,46.560719],[-0.88676,46.560867],[-0.888026,46.561127],[-0.888734,46.561405],[-0.890032,46.561943],[-0.890762,46.562469],[-0.891083,46.562592],[-0.892671,46.563198],[-0.89442,46.563957],[-0.894785,46.564034],[-0.894839,46.564156],[-0.895965,46.564018],[-0.896727,46.563774],[-0.897263,46.563671],[-0.899581,46.563702],[-0.900536,46.563389],[-0.901405,46.563301],[-0.902392,46.562675],[-0.902703,46.562614],[-0.903475,46.562637],[-0.906458,46.562141],[-0.90767,46.56218],[-0.908003,46.562023],[-0.9084,46.561775],[-0.909119,46.561008],[-0.910406,46.560898],[-0.911028,46.561024],[-0.911543,46.561138],[-0.912423,46.561256],[-0.913217,46.561302],[-0.914869,46.562046],[-0.915223,46.561405],[-0.917165,46.561375],[-0.917755,46.561428],[-0.920867,46.561989],[-0.923367,46.564495],[-0.925984,46.565647],[-0.925534,46.566002],[-0.923978,46.567005],[-0.923989,46.568783],[-0.925448,46.570618],[-0.925716,46.571114],[-0.925727,46.57169],[-0.925266,46.572807],[-0.924246,46.57494],[-0.924386,46.575058],[-0.925105,46.575222],[-0.925126,46.575478],[-0.92459,46.577255],[-0.924675,46.577477],[-0.92607,46.579315],[-0.928227,46.581238],[-0.92886,46.582321],[-0.929546,46.583282],[-0.930104,46.585133],[-0.930029,46.585228],[-0.930587,46.585491],[-0.931102,46.585907],[-0.931542,46.586628],[-0.931606,46.587032],[-0.931767,46.587433],[-0.93195,46.587719],[-0.931864,46.587837],[-0.933216,46.589664],[-0.932271,46.59066],[-0.933784,46.591488],[-0.93372,46.591709],[-0.9324,46.592941],[-0.932733,46.593613],[-0.933838,46.594177],[-0.932754,46.595551],[-0.932636,46.596375],[-0.932572,46.596951],[-0.932121,46.597363],[-0.931896,46.597679],[-0.930716,46.598366],[-0.930662,46.598476],[-0.931209,46.59948],[-0.931896,46.600399],[-0.932121,46.600506],[-0.931005,46.601566],[-0.929804,46.602161],[-0.929096,46.602451],[-0.92857,46.602928],[-0.928602,46.60334],[-0.927358,46.605289],[-0.926714,46.606121],[-0.925394,46.60696],[-0.924643,46.607349],[-0.924697,46.607449],[-0.925491,46.607979],[-0.924772,46.609039],[-0.924461,46.609688],[-0.924665,46.609882],[-0.924767,46.609993],[-0.924756,46.610275],[-0.924933,46.610325],[-0.925856,46.610943],[-0.926489,46.611286],[-0.927626,46.611458],[-0.927958,46.611671],[-0.928366,46.61237],[-0.92842,46.612495],[-0.928967,46.612938],[-0.929375,46.613445],[-0.929793,46.613941],[-0.931231,46.61475],[-0.931478,46.614948],[-0.932883,46.616798],[-0.932926,46.617287],[-0.932829,46.617641],[-0.933355,46.61731],[-0.933908,46.617107],[-0.934305,46.616955],[-0.934492,46.61718],[-0.935592,46.617107],[-0.936633,46.617088],[-0.937368,46.617207],[-0.93799,46.617184],[-0.938762,46.617329],[-0.939417,46.617256],[-0.940007,46.61731],[-0.940114,46.616741],[-0.940855,46.616142],[-0.941294,46.615913],[-0.941348,46.615707],[-0.941434,46.615482],[-0.941691,46.615376],[-0.942432,46.614613],[-0.942389,46.613483],[-0.942292,46.613224],[-0.942421,46.612732],[-0.942947,46.613079],[-0.943955,46.613647],[-0.943751,46.61422],[-0.944105,46.614883],[-0.944652,46.615215],[-0.945533,46.615415],[-0.946315,46.615539],[-0.947742,46.61579],[-0.947978,46.616137],[-0.94918,46.61664],[-0.949791,46.617167],[-0.950167,46.617418],[-0.95065,46.61797],[-0.951133,46.618259],[-0.951691,46.618473],[-0.952259,46.618828],[-0.952678,46.61935],[-0.952957,46.619865],[-0.95345,46.620125],[-0.95492,46.620358],[-0.955102,46.620365],[-0.956111,46.620838],[-0.957162,46.62117],[-0.957935,46.621147],[-0.95875,46.620964],[-0.959029,46.620979],[-0.959308,46.621449],[-0.959512,46.621849],[-0.96037,46.62249],[-0.960628,46.623646],[-0.96125,46.624035],[-0.961776,46.62431],[-0.962055,46.62466],[-0.96272,46.624992],[-0.963278,46.625046],[-0.963921,46.625272],[-0.964651,46.625408],[-0.965767,46.625481],[-0.965933,46.626295],[-0.9661,46.626638],[-0.965788,46.627028],[-0.96552,46.627906],[-0.964994,46.629166],[-0.965059,46.63002],[-0.965424,46.630726],[-0.965402,46.63105],[-0.966121,46.631516],[-0.966346,46.631668],[-0.966733,46.631851],[-0.967398,46.633289],[-0.967484,46.63393],[-0.967677,46.634754],[-0.967387,46.634977],[-0.965853,46.635315],[-0.966529,46.635624],[-0.966958,46.635925],[-0.968953,46.637047],[-0.970327,46.6381],[-0.970402,46.638321],[-0.970799,46.638683],[-0.971067,46.639065],[-0.97111,46.639374],[-0.970981,46.639957],[-0.971324,46.639965],[-0.971571,46.64003],[-0.972043,46.640347],[-0.972322,46.640434],[-0.973814,46.640488],[-0.974178,46.640163],[-0.974833,46.639713],[-0.975777,46.639942],[-0.976281,46.639984],[-0.977408,46.63995],[-0.977912,46.640068],[-0.978738,46.640297],[-0.979693,46.640427],[-0.980262,46.640686],[-0.98098,46.6404],[-0.981646,46.640339],[-0.984467,46.641487],[-0.985014,46.64127],[-0.985873,46.640797],[-0.987396,46.639206],[-0.988008,46.639774],[-0.988169,46.640427],[-0.988287,46.6404],[-0.98951,46.640846],[-0.991602,46.641312],[-0.993233,46.641586],[-0.994531,46.641476],[-0.995293,46.641273],[-0.99569,46.641365],[-0.996494,46.641762],[-0.996838,46.641888],[-0.997567,46.64233],[-0.998254,46.642578],[-0.999466,46.642719],[-1.00144,46.642822],[-1.002223,46.64286],[-1.003704,46.643082],[-1.004004,46.643154],[-1.005646,46.644058],[-1.00629,46.644466],[-1.006858,46.644634],[-1.008596,46.644688],[-1.008511,46.644295],[-1.008532,46.643929],[-1.008178,46.642815],[-1.008167,46.642658],[-1.007931,46.642467],[-1.010174,46.639278],[-1.010463,46.63892],[-1.011332,46.63813],[-1.011643,46.638271],[-1.012448,46.638588],[-1.015248,46.638718],[-1.017898,46.639572],[-1.018488,46.63969],[-1.022007,46.641453],[-1.022125,46.641598],[-1.022222,46.642269],[-1.023595,46.642681],[-1.024915,46.642956],[-1.02543,46.642967],[-1.02528,46.644699],[-1.025307,46.64497],[-1.024325,46.646011],[-1.024089,46.646423],[-1.023488,46.646976],[-1.023687,46.64835],[-1.022501,46.6497],[-1.022544,46.64996],[-1.021889,46.650681],[-1.021128,46.651272],[-1.020688,46.651417],[-1.022619,46.652367],[-1.023542,46.652985],[-1.025827,46.654114],[-1.026556,46.654251],[-1.027393,46.65448],[-1.02779,46.654377],[-1.02838,46.654346],[-1.029292,46.654446],[-1.030108,46.654385],[-1.033055,46.654434],[-1.033047,46.654247],[-1.032436,46.653778],[-1.032211,46.65337],[-1.03224,46.653114],[-1.032313,46.652851],[-1.032404,46.652435],[-1.032372,46.651947],[-1.032629,46.65144],[-1.033155,46.650951],[-1.033959,46.650459],[-1.03485,46.649643],[-1.033981,46.647778],[-1.034115,46.64724],[-1.034764,46.646667],[-1.034968,46.645962],[-1.034823,46.644955],[-1.034265,46.644653],[-1.033777,46.644329],[-1.033584,46.644081],[-1.033554,46.643505],[-1.033133,46.64307],[-1.033377,46.642967],[-1.034397,46.642822],[-1.035421,46.642555],[-1.035773,46.642345],[-1.037382,46.641945],[-1.038015,46.641556],[-1.038927,46.642014],[-1.039603,46.642418],[-1.039935,46.642555],[-1.040311,46.642681],[-1.040491,46.642853],[-1.040542,46.643089],[-1.040796,46.643257],[-1.04133,46.64328],[-1.041837,46.643505],[-1.04221,46.643528],[-1.042532,46.643398],[-1.042529,46.64333],[-1.042811,46.64328],[-1.042829,46.643211],[-1.042939,46.643028],[-1.043411,46.642689],[-1.043615,46.642467],[-1.04413,46.642277],[-1.044254,46.642021],[-1.04427,46.641754],[-1.043476,46.640766],[-1.042929,46.640015],[-1.043615,46.640022],[-1.044313,46.639751],[-1.04486,46.639629],[-1.046249,46.639774],[-1.046727,46.639633],[-1.047306,46.639198],[-1.047317,46.638737],[-1.047671,46.638325],[-1.049248,46.638416],[-1.051608,46.63839],[-1.053153,46.637321],[-1.05354,46.63792],[-1.054097,46.638329],[-1.055535,46.636944],[-1.055449,46.636803],[-1.054752,46.636547],[-1.05473,46.636341],[-1.055213,46.635403],[-1.054591,46.63464],[-1.054333,46.634632],[-1.054226,46.63393],[-1.053872,46.633194],[-1.053861,46.632767],[-1.054054,46.63245],[-1.054323,46.632206],[-1.055074,46.631413],[-1.055771,46.63018],[-1.055857,46.629665],[-1.056361,46.627956],[-1.057681,46.62685],[-1.057853,46.626465],[-1.058362,46.625679],[-1.058443,46.625111],[-1.058872,46.624168],[-1.059065,46.62347],[-1.059376,46.622776],[-1.05936,46.621597],[-1.059864,46.618519],[-1.05966,46.617573],[-1.059033,46.617119],[-1.058298,46.616241],[-1.058416,46.615421],[-1.058099,46.615078],[-1.056769,46.614693],[-1.055439,46.613609],[-1.054886,46.613003],[-1.054151,46.611694],[-1.054033,46.611073],[-1.052037,46.609489],[-1.050128,46.608124],[-1.050128,46.608124],[-1.050747,46.607656],[-1.050532,46.606815],[-1.050535,46.606739],[-1.050535,46.606739],[-1.050283,46.606667],[-1.050256,46.60648],[-1.050364,46.60606],[-1.050305,46.605934],[-1.049618,46.605499],[-1.049302,46.605156],[-1.049307,46.604774],[-1.049532,46.60408],[-1.049538,46.602901],[-1.04935,46.602184],[-1.049125,46.601688],[-1.049318,46.601437],[-1.05001,46.599506],[-1.050128,46.599125],[-1.050342,46.597694],[-1.050417,46.597507],[-1.051818,46.597767],[-1.053609,46.598206],[-1.056367,46.598835],[-1.056983,46.599041],[-1.057456,46.599323],[-1.057928,46.599606],[-1.058882,46.60001],[-1.060331,46.599876],[-1.060653,46.599743],[-1.061393,46.600142],[-1.061983,46.600304],[-1.062594,46.600585],[-1.063764,46.600807],[-1.064633,46.600807],[-1.065481,46.601078],[-1.06606,46.601166],[-1.066543,46.601608],[-1.066833,46.601353],[-1.066833,46.601147],[-1.066532,46.600689],[-1.06636,46.599884],[-1.066468,46.599758],[-1.066639,46.599854],[-1.068528,46.599766],[-1.069086,46.599361],[-1.069729,46.59906],[-1.070116,46.598824],[-1.070513,46.598728],[-1.071682,46.598534],[-1.070985,46.597298],[-1.069794,46.597164],[-1.069096,46.596989],[-1.069075,46.596722],[-1.06944,46.596146],[-1.06944,46.595882],[-1.069171,46.594982],[-1.069429,46.594009],[-1.06959,46.593933],[-1.069493,46.593079],[-1.069493,46.592628],[-1.069472,46.592365],[-1.069322,46.591648],[-1.069515,46.590412],[-1.070491,46.590427],[-1.07136,46.590477],[-1.072057,46.590595],[-1.072476,46.590546],[-1.07372,46.589996],[-1.073989,46.589741],[-1.074343,46.589336],[-1.074568,46.589188],[-1.075759,46.588902],[-1.07636,46.588589],[-1.077433,46.588848],[-1.08005,46.588722],[-1.080544,46.588665],[-1.081123,46.588745],[-1.082014,46.588982],[-1.082904,46.589336],[-1.083709,46.589504],[-1.084771,46.589939],[-1.085018,46.589859],[-1.08638,46.588478],[-1.086735,46.588341],[-1.087335,46.588413],[-1.088955,46.589024],[-1.088827,46.58963],[-1.088462,46.590153],[-1.087646,46.590729],[-1.087132,46.59095],[-1.087035,46.591393],[-1.085715,46.592381],[-1.085007,46.592682],[-1.083816,46.593826],[-1.082797,46.594406],[-1.082239,46.594799],[-1.081585,46.5951],[-1.080812,46.595242],[-1.08093,46.59634],[-1.081327,46.596043],[-1.082658,46.595654],[-1.083366,46.595337],[-1.084514,46.594681],[-1.085629,46.593891],[-1.086777,46.593117],[-1.088784,46.590942],[-1.089503,46.590611],[-1.09035,46.589142],[-1.090876,46.588406],[-1.091101,46.58786],[-1.091337,46.587631],[-1.091734,46.587677],[-1.092045,46.58791],[-1.092389,46.588036],[-1.092603,46.588287],[-1.093099,46.588621],[-1.093508,46.58863],[-1.093426,46.588353],[-1.093735,46.588154],[-1.094411,46.588104],[-1.095698,46.588779],[-1.095897,46.588722],[-1.097984,46.588963],[-1.098252,46.589088],[-1.098483,46.589619],[-1.099303,46.589859],[-1.099926,46.59013],[-1.100816,46.591221],[-1.1011,46.591404],[-1.102211,46.5919],[-1.103214,46.59259],[-1.10389,46.592861],[-1.105301,46.593609],[-1.105435,46.593529],[-1.106004,46.592403],[-1.106926,46.591339],[-1.108192,46.590382],[-1.1089,46.59008],[-1.110188,46.589424],[-1.111894,46.589363],[-1.112398,46.589512],[-1.113954,46.589874],[-1.114694,46.591576],[-1.114651,46.592003],[-1.114265,46.593346],[-1.114211,46.594059],[-1.114039,46.594704],[-1.114565,46.595646],[-1.11479,46.595829],[-1.115263,46.595924],[-1.115327,46.59544],[-1.117473,46.596023],[-1.117891,46.595631],[-1.118599,46.595625],[-1.119275,46.595381],[-1.119758,46.595379],[-1.120499,46.596116],[-1.121593,46.59684],[-1.122172,46.596922],[-1.123127,46.596913],[-1.123888,46.597099],[-1.125337,46.597504],[-1.126775,46.598064],[-1.126893,46.598312],[-1.128051,46.598534],[-1.12862,46.598499],[-1.129113,46.598595],[-1.129704,46.598816],[-1.131034,46.599419],[-1.131238,46.599377],[-1.131645,46.598984],[-1.132557,46.599197],[-1.13319,46.599796],[-1.13274,46.600082],[-1.132225,46.600475],[-1.131839,46.60099],[-1.128502,46.604801],[-1.129339,46.605545],[-1.129661,46.605717],[-1.130487,46.606468],[-1.130594,46.606873],[-1.129167,46.609585],[-1.129178,46.609829],[-1.130219,46.610558],[-1.131163,46.610897],[-1.131678,46.611176],[-1.132922,46.611347],[-1.133898,46.611523],[-1.134886,46.611801],[-1.135722,46.612217],[-1.136634,46.613213],[-1.137986,46.614819],[-1.138448,46.615082],[-1.139928,46.615532],[-1.140422,46.61557],[-1.140615,46.615791],[-1.141902,46.617905],[-1.143211,46.620461],[-1.142642,46.621384],[-1.142739,46.621487],[-1.142857,46.621433],[-1.143179,46.620903],[-1.144499,46.620087],[-1.144938,46.619804],[-1.146258,46.618458],[-1.147406,46.617596],[-1.14747,46.617065],[-1.147782,46.616543],[-1.149069,46.615253],[-1.14967,46.614376],[-1.150357,46.613071],[-1.150357,46.612576],[-1.151633,46.612576],[-1.152309,46.612438],[-1.153554,46.612423],[-1.153876,46.612541],[-1.15438,46.612549],[-1.156644,46.612835],[-1.157223,46.613396],[-1.156998,46.614086],[-1.15835,46.616188],[-1.160721,46.617233],[-1.161504,46.617184],[-1.162952,46.617428],[-1.162866,46.617977],[-1.16219,46.618507],[-1.162577,46.618828],[-1.163102,46.619114],[-1.163424,46.619385],[-1.163532,46.619686],[-1.163199,46.620476],[-1.163596,46.621201],[-1.163929,46.621449],[-1.164937,46.622997],[-1.16528,46.623402],[-1.165248,46.623623],[-1.164991,46.624287],[-1.164937,46.624763],[-1.164476,46.625221],[-1.164014,46.625622],[-1.164025,46.626297],[-1.167764,46.62645],[-1.168054,46.626526],[-1.168494,46.626442],[-1.168456,46.626816],[-1.168697,46.627907],[-1.168665,46.62809],[-1.168247,46.628696],[-1.168075,46.628738],[-1.16778,46.628704],[-1.167598,46.629124],[-1.1669,46.629009],[-1.166434,46.628994],[-1.165463,46.628876],[-1.165913,46.629963],[-1.165946,46.630291],[-1.165806,46.63065],[-1.165602,46.63084],[-1.165522,46.631531],[-1.166756,46.632763],[-1.167013,46.632828],[-1.167464,46.633018],[-1.168612,46.633904],[-1.168976,46.634491],[-1.169357,46.634624],[-1.170318,46.63456],[-1.170232,46.63422],[-1.170382,46.634098],[-1.17197,46.633785],[-1.172302,46.633598],[-1.173724,46.632423],[-1.17514,46.631618],[-1.177565,46.630466],[-1.178863,46.630085],[-1.180151,46.629929],[-1.180944,46.630005],[-1.180644,46.629429],[-1.180311,46.628448],[-1.181073,46.62788],[-1.182489,46.627022],[-1.18265,46.626801],[-1.183197,46.625641],[-1.183487,46.625385],[-1.184142,46.624847],[-1.184603,46.623867],[-1.185011,46.623077],[-1.185386,46.622105],[-1.185536,46.621685],[-1.185386,46.621502],[-1.185429,46.621243],[-1.185933,46.620331],[-1.186641,46.619682],[-1.187317,46.619408],[-1.187714,46.61916],[-1.188079,46.619003],[-1.188229,46.618797],[-1.188508,46.618694],[-1.191695,46.618008],[-1.191941,46.617912],[-1.193358,46.616962],[-1.193905,46.616386],[-1.192306,46.615398],[-1.192092,46.614742],[-1.191866,46.614449],[-1.191105,46.614006],[-1.191008,46.61377],[-1.191337,46.613463],[-1.191663,46.613395],[-1.192456,46.613822],[-1.192753,46.613609],[-1.196491,46.610555],[-1.196952,46.610049],[-1.19736,46.60943],[-1.197875,46.608015],[-1.19854,46.606806],[-1.19869,46.606482],[-1.199849,46.605862],[-1.200364,46.605317],[-1.200922,46.60508],[-1.20252,46.604019],[-1.203797,46.603127],[-1.205074,46.601749],[-1.205943,46.600342],[-1.206865,46.599796],[-1.207885,46.599102],[-1.208947,46.598667],[-1.209741,46.598415],[-1.210749,46.598343],[-1.211307,46.598145],[-1.211897,46.598206],[-1.212434,46.597878],[-1.212927,46.597931],[-1.213324,46.597607],[-1.213528,46.596886],[-1.213109,46.596825],[-1.212884,46.593346],[-1.212316,46.592823],[-1.212798,46.592026],[-1.21326,46.590691],[-1.21473,46.588589],[-1.215202,46.587601],[-1.218613,46.588451],[-1.221972,46.590004],[-1.223795,46.588135],[-1.224085,46.58778],[-1.225104,46.585537],[-1.225426,46.585064],[-1.225866,46.584808],[-1.230619,46.583324],[-1.232861,46.584637],[-1.233934,46.585072],[-1.234964,46.585709],[-1.235147,46.586246],[-1.235468,46.586159],[-1.235629,46.585812],[-1.235522,46.585331],[-1.235179,46.585007],[-1.235082,46.584503],[-1.235372,46.584091],[-1.236241,46.583466],[-1.236413,46.583252],[-1.236241,46.582874],[-1.235468,46.582455],[-1.235307,46.582058],[-1.235822,46.581276],[-1.235865,46.580936],[-1.235447,46.580509],[-1.234857,46.580235],[-1.234717,46.579861],[-1.235157,46.579498],[-1.235297,46.579182],[-1.235157,46.578651],[-1.234846,46.578335],[-1.234792,46.578156],[-1.235393,46.578156],[-1.234932,46.577793],[-1.234911,46.577377],[-1.233807,46.577345],[-1.234474,46.577156],[-1.234635,46.576887],[-1.235003,46.575938],[-1.235348,46.575069],[-1.235463,46.574326],[-1.235739,46.574294],[-1.23567,46.573678],[-1.235279,46.572761],[-1.235762,46.572919],[-1.236521,46.572413],[-1.23659,46.572239],[-1.236728,46.572097],[-1.236636,46.571749],[-1.237395,46.571322],[-1.237717,46.570911],[-1.238016,46.570405],[-1.238338,46.570294],[-1.238614,46.570152],[-1.240362,46.570785],[-1.240592,46.570326],[-1.241328,46.570326],[-1.241774,46.570127],[-1.242334,46.570154],[-1.243145,46.570168],[-1.243516,46.570285],[-1.243656,46.570443],[-1.243616,46.57054],[-1.243135,46.570746],[-1.242825,46.571097],[-1.242765,46.571558],[-1.242815,46.572418],[-1.242925,46.572742],[-1.243085,46.572976],[-1.243405,46.573244],[-1.243546,46.57343],[-1.244096,46.573801],[-1.244757,46.574579],[-1.245197,46.574772],[-1.245568,46.575556],[-1.245428,46.575921],[-1.245488,46.576719],[-1.245578,46.576919],[-1.245818,46.577084],[-1.246108,46.576932],[-1.246423,46.576836],[-1.247957,46.57682],[-1.248322,46.576778],[-1.249566,46.576431],[-1.252077,46.575413],[-1.25257,46.575325],[-1.254748,46.575279],[-1.258396,46.574947],[-1.25904,46.575073],[-1.259319,46.57531],[-1.260563,46.57682],[-1.261443,46.577801],[-1.261572,46.577744],[-1.261754,46.577351],[-1.262269,46.577175],[-1.262966,46.576431],[-1.26316,46.576431],[-1.265284,46.577427],[-1.266024,46.577728],[-1.266453,46.577934],[-1.267215,46.578384],[-1.267719,46.57859],[-1.268996,46.579079],[-1.270723,46.579578],[-1.270959,46.579365],[-1.27156,46.578857],[-1.272354,46.577309],[-1.272612,46.576439],[-1.272676,46.575905],[-1.272869,46.575462],[-1.271217,46.57486],[-1.271818,46.573914],[-1.272215,46.572189],[-1.272794,46.572117],[-1.27332,46.571915],[-1.273792,46.571896],[-1.27426,46.572065],[-1.27449,46.571322],[-1.275755,46.569536],[-1.276399,46.568539],[-1.276882,46.568271],[-1.277572,46.567037],[-1.280286,46.567259],[-1.281298,46.567512],[-1.282103,46.567812],[-1.284724,46.568887],[-1.284864,46.568451],[-1.28525,46.567829],[-1.285293,46.566185],[-1.285819,46.565166],[-1.285819,46.564667],[-1.28672,46.564835],[-1.288329,46.564667],[-1.289864,46.564991],[-1.290668,46.562851],[-1.291355,46.562828],[-1.292127,46.562668],[-1.292621,46.562462],[-1.293082,46.562439],[-1.293125,46.56237],[-1.296526,46.563583],[-1.29732,46.563702],[-1.299359,46.563847],[-1.300507,46.564083],[-1.301193,46.564083],[-1.301934,46.564121],[-1.303843,46.564461],[-1.305109,46.564762],[-1.307309,46.564976],[-1.308231,46.565014],[-1.30924,46.565235],[-1.309959,46.565506],[-1.310774,46.565891],[-1.311933,46.566257],[-1.312405,46.566525],[-1.313821,46.567356],[-1.314937,46.568222],[-1.315151,46.56842],[-1.31557,46.569321],[-1.315709,46.569344],[-1.317834,46.570957],[-1.318799,46.571255],[-1.3197,46.571362],[-1.320451,46.571533],[-1.32117,46.571651],[-1.321911,46.571968],[-1.323305,46.570847],[-1.323713,46.570793],[-1.324958,46.570869],[-1.325676,46.570396],[-1.32544,46.569607],[-1.325537,46.569401],[-1.32543,46.569241],[-1.324829,46.568981],[-1.324818,46.568832],[-1.32514,46.568523],[-1.325397,46.568333],[-1.32573,46.567822],[-1.327683,46.565941],[-1.328455,46.566223],[-1.328777,46.566563],[-1.329453,46.566673],[-1.329882,46.566597],[-1.330698,46.566257],[-1.331513,46.565369],[-1.334141,46.564312],[-1.335118,46.563862],[-1.335933,46.563198],[-1.33677,46.563065],[-1.337156,46.563198],[-1.337188,46.563602],[-1.337553,46.564091],[-1.337875,46.563774],[-1.33809,46.56382],[-1.339152,46.563473],[-1.339592,46.563145],[-1.340321,46.56282],[-1.341598,46.562637],[-1.342269,46.562962],[-1.342765,46.563103],[-1.344173,46.563667],[-1.344538,46.563324],[-1.344784,46.562843],[-1.345106,46.562622],[-1.346169,46.562843],[-1.346855,46.563499],[-1.347295,46.563721],[-1.348422,46.562725],[-1.349527,46.562424],[-1.349752,46.561909],[-1.349677,46.56134],[-1.349258,46.560638],[-1.348432,46.559914],[-1.347885,46.559525],[-1.347606,46.55957],[-1.347413,46.559326],[-1.347166,46.558792],[-1.346726,46.558456],[-1.346265,46.55835],[-1.344774,46.557472],[-1.343991,46.557709],[-1.343594,46.557472],[-1.343164,46.557274],[-1.34266,46.556892],[-1.342671,46.556419],[-1.342542,46.556049],[-1.342328,46.555885],[-1.3428,46.555416],[-1.342542,46.555141],[-1.342317,46.554958],[-1.342199,46.554855],[-1.342177,46.554649],[-1.342016,46.55439],[-1.342016,46.554161],[-1.341888,46.553974],[-1.341705,46.553719],[-1.340976,46.554176],[-1.340815,46.554081],[-1.341147,46.553425],[-1.341115,46.552753],[-1.34133,46.552494],[-1.341233,46.551903],[-1.341405,46.550369],[-1.341394,46.549114],[-1.34104,46.548717],[-1.34074,46.548252],[-1.340665,46.547829],[-1.340493,46.547572],[-1.339785,46.547351],[-1.339152,46.547011],[-1.338948,46.546716],[-1.339045,46.546546],[-1.33942,46.546458],[-1.339313,46.546273],[-1.339377,46.546081],[-1.338347,46.545254],[-1.338605,46.544952],[-1.338004,46.544417],[-1.337607,46.544575],[-1.337419,46.544701],[-1.337366,46.544904],[-1.336454,46.544506],[-1.336287,46.544529],[-1.335971,46.544762],[-1.335842,46.544708],[-1.335568,46.544224],[-1.335375,46.54406],[-1.334426,46.543865],[-1.333852,46.543686],[-1.333621,46.543583],[-1.333224,46.543507],[-1.333374,46.543358],[-1.333412,46.543091],[-1.333348,46.5429],[-1.332736,46.542194],[-1.33258,46.541855],[-1.332189,46.54174],[-1.33184,46.541481],[-1.331599,46.541214],[-1.331416,46.540806],[-1.331432,46.540516],[-1.331706,46.54026],[-1.332977,46.539604],[-1.333224,46.539471],[-1.333374,46.539333],[-1.335037,46.538185],[-1.335225,46.537884],[-1.335343,46.537647],[-1.335343,46.537285],[-1.334517,46.536304],[-1.334415,46.535946],[-1.334644,46.535754],[-1.335673,46.535478],[-1.337189,46.533524],[-1.338061,46.53278],[-1.338688,46.53284],[-1.339176,46.53314],[-1.340535,46.533068],[-1.342231,46.532867],[-1.342193,46.532623],[-1.342413,46.531998],[-1.342472,46.531631],[-1.342451,46.530918],[-1.342349,46.530155],[-1.342397,46.528675],[-1.342118,46.528046],[-1.341952,46.527252],[-1.341764,46.526875],[-1.340895,46.525925],[-1.340386,46.525127],[-1.340439,46.524967],[-1.340252,46.524891],[-1.340112,46.524639],[-1.339216,46.523762],[-1.338766,46.523277],[-1.337848,46.522236],[-1.337457,46.521461],[-1.338122,46.520206],[-1.338261,46.520035],[-1.338519,46.519917],[-1.338733,46.519608],[-1.338369,46.519192],[-1.337693,46.51886],[-1.337661,46.518581],[-1.337714,46.517467],[-1.337553,46.517193],[-1.337725,46.516285],[-1.337725,46.515743],[-1.337864,46.515324],[-1.337832,46.51506],[-1.338894,46.514652],[-1.339763,46.514416],[-1.340482,46.514225],[-1.341244,46.514019],[-1.341619,46.51387],[-1.341877,46.513649],[-1.34427,46.513996],[-1.345643,46.514587],[-1.346115,46.514713],[-1.347928,46.515072],[-1.348325,46.514645],[-1.348486,46.51429],[-1.348786,46.514053],[-1.348711,46.513798],[-1.348604,46.513531],[-1.348711,46.512543],[-1.348947,46.511314],[-1.349301,46.510929],[-1.350374,46.510288],[-1.351994,46.509159],[-1.353464,46.510246],[-1.353722,46.510239],[-1.354194,46.510296],[-1.355857,46.510826],[-1.358163,46.51162],[-1.359934,46.512318],[-1.360803,46.512608],[-1.362637,46.513058],[-1.36445,46.513649],[-1.364794,46.514061],[-1.364933,46.515095],[-1.365137,46.515442],[-1.366285,46.516232],[-1.366682,46.516853],[-1.368088,46.517296],[-1.368839,46.517666],[-1.371961,46.51923],[-1.372079,46.519466],[-1.371961,46.521614],[-1.37298,46.521606],[-1.373634,46.521786],[-1.374224,46.522087],[-1.376617,46.521866],[-1.377261,46.521763],[-1.37857,46.521305],[-1.380576,46.519836],[-1.380919,46.519497],[-1.381305,46.51889],[-1.38182,46.51762],[-1.382711,46.517555],[-1.383709,46.51759],[-1.384492,46.517715],[-1.385618,46.517864],[-1.386026,46.517815],[-1.386874,46.517391],[-1.387432,46.516998],[-1.387711,46.516571],[-1.387914,46.516602],[-1.388108,46.516853],[-1.389674,46.517273],[-1.390543,46.517826],[-1.391144,46.517815],[-1.392453,46.517548],[-1.393397,46.517651],[-1.394684,46.51799],[-1.395886,46.518047],[-1.39801,46.517872],[-1.400381,46.517628],[-1.401207,46.517399],[-1.40154,46.517223],[-1.401808,46.51664],[-1.402345,46.516712],[-1.402624,46.517162],[-1.402881,46.517227],[-1.404045,46.517254],[-1.40448,46.517349],[-1.404657,46.517334],[-1.404904,46.51717],[-1.405118,46.517132],[-1.405435,46.517139],[-1.406389,46.517281],[-1.406599,46.51746],[-1.406894,46.517612],[-1.407167,46.517658],[-1.407645,46.517597],[-1.408943,46.517227],[-1.409764,46.517029],[-1.410268,46.516991],[-1.41096,46.516991],[-1.411416,46.517071],[-1.41221,46.517437],[-1.412553,46.517509],[-1.412644,46.517441],[-1.412778,46.517544],[-1.413175,46.517708],[-1.41368,46.517834],[-1.41391,46.518047],[-1.414726,46.51844],[-1.415026,46.518471],[-1.415466,46.518375],[-1.415847,46.518375],[-1.417826,46.518517],[-1.419098,46.518723],[-1.420788,46.515339],[-1.420927,46.514637],[-1.422086,46.51326],[-1.422386,46.513046],[-1.424425,46.511505],[-1.424548,46.511375],[-1.425476,46.510391],[-1.42554,46.510296],[-1.427246,46.509486],[-1.428491,46.509228],[-1.428255,46.508537],[-1.428555,46.508591],[-1.429693,46.50893],[-1.431404,46.508147],[-1.432725,46.507819],[-1.433016,46.50751],[-1.434627,46.506983],[-1.434889,46.506971],[-1.435804,46.506727],[-1.436383,46.506688],[-1.437709,46.50638],[-1.438288,46.505917],[-1.438531,46.505878],[-1.439521,46.506148],[-1.439839,46.505917],[-1.441202,46.505518],[-1.441146,46.504927],[-1.44294,46.504361],[-1.444583,46.507125],[-1.445256,46.508],[-1.446339,46.510237],[-1.445816,46.511715],[-1.446115,46.515417],[-1.447143,46.514852],[-1.447513,46.514725],[-1.448286,46.514416],[-1.449358,46.514194],[-1.449895,46.513988],[-1.451097,46.513885],[-1.452148,46.513561],[-1.452749,46.513233],[-1.453478,46.512867],[-1.453972,46.51263],[-1.454659,46.512527],[-1.455216,46.512306],[-1.456203,46.512821],[-1.456568,46.511864],[-1.457791,46.511078],[-1.458371,46.510815],[-1.459851,46.510193],[-1.461203,46.509926],[-1.46322,46.510033],[-1.463134,46.504257],[-1.461675,46.504139],[-1.461589,46.503723],[-1.461782,46.503342],[-1.461074,46.503281],[-1.460366,46.502602],[-1.459336,46.501789],[-1.458778,46.500919],[-1.457319,46.499809],[-1.457148,46.499161],[-1.457791,46.498451],[-1.457791,46.497875],[-1.457319,46.497021],[-1.456547,46.49622],[-1.456118,46.494846],[-1.456847,46.491554],[-1.45689,46.490993],[-1.456633,46.489616],[-1.455946,46.488422],[-1.455989,46.487549],[-1.455688,46.487518],[-1.454015,46.483425],[-1.454144,46.481506],[-1.454186,46.481018],[-1.452792,46.478642],[-1.452019,46.477352],[-1.450624,46.476025],[-1.450195,46.475891],[-1.450238,46.475021],[-1.450539,46.472672],[-1.450882,46.472389],[-1.453135,46.471886],[-1.453865,46.471119],[-1.454787,46.470009],[-1.455152,46.469315],[-1.455324,46.468472],[-1.45556,46.46809],[-1.455753,46.467766],[-1.455195,46.46735],[-1.455238,46.466965],[-1.455667,46.466743],[-1.457448,46.466316],[-1.458414,46.465679],[-1.461182,46.463463],[-1.461149,46.462391],[-1.46131,46.461926],[-1.463445,46.459621],[-1.464036,46.459301],[-1.464926,46.458813],[-1.465355,46.458275],[-1.465892,46.456951],[-1.465999,46.45636],[-1.46601,46.455547],[-1.466063,46.455067],[-1.46587,46.453411],[-1.465827,46.452984],[-1.466138,46.451897],[-1.466664,46.451103],[-1.467576,46.449818],[-1.467705,46.447025],[-1.467823,46.446545],[-1.468059,46.445545],[-1.467576,46.443817],[-1.468177,46.443882],[-1.4694,46.443764],[-1.470376,46.443623],[-1.471009,46.443573],[-1.471578,46.443424],[-1.472232,46.443329],[-1.473488,46.442905],[-1.47337,46.443504],[-1.473048,46.444187],[-1.473284,46.44471],[-1.473573,46.444954],[-1.473756,46.445316],[-1.473509,46.446095],[-1.47264,46.447296],[-1.471406,46.449036],[-1.471363,46.449879],[-1.471256,46.450188],[-1.469765,46.45219],[-1.468413,46.453205],[-1.467898,46.453545],[-1.467952,46.453743],[-1.474464,46.454807],[-1.475483,46.454887],[-1.475419,46.455303],[-1.47514,46.456123],[-1.474925,46.457352],[-1.474925,46.457363],[-1.474389,46.457607],[-1.472543,46.457787],[-1.471664,46.45874],[-1.471406,46.459251],[-1.471449,46.459499],[-1.473852,46.461159],[-1.474131,46.46154],[-1.474861,46.46217],[-1.475097,46.462952],[-1.475569,46.463535],[-1.476417,46.463848],[-1.478058,46.464268],[-1.480161,46.465149],[-1.482157,46.465893],[-1.484002,46.466457],[-1.485901,46.467152],[-1.486276,46.467674],[-1.486459,46.46817],[-1.487049,46.468563],[-1.487725,46.468731],[-1.489173,46.46888],[-1.491147,46.469353],[-1.491812,46.469288],[-1.492102,46.469551],[-1.492885,46.469131],[-1.493615,46.469646],[-1.494398,46.470047],[-1.494806,46.46973],[-1.495986,46.470222],[-1.497016,46.470558],[-1.498164,46.470196],[-1.499709,46.47023],[-1.500117,46.470127],[-1.50031,46.46899],[-1.500567,46.468685],[-1.501029,46.468525],[-1.501898,46.468555],[-1.502981,46.468193],[-1.504086,46.467667],[-1.507841,46.468334],[-1.513463,46.469669],[-1.514322,46.469788],[-1.515641,46.4697],[-1.520566,46.470985],[-1.520727,46.469761],[-1.521145,46.46917],[-1.522143,46.468082],[-1.52254,46.467278],[-1.523216,46.466591],[-1.523377,46.466087],[-1.52225,46.465511],[-1.522615,46.464794],[-1.522733,46.464203],[-1.522583,46.463581],[-1.523377,46.46228],[-1.523302,46.462093],[-1.523548,46.46188],[-1.524192,46.460823],[-1.524117,46.460335],[-1.523548,46.459412],[-1.522894,46.459057],[-1.522808,46.458118],[-1.522905,46.456738],[-1.523173,46.456318],[-1.523591,46.453381],[-1.52357,46.452141],[-1.524138,46.452496],[-1.525104,46.452267],[-1.525093,46.451645],[-1.525351,46.449871],[-1.525286,46.449139],[-1.525544,46.448185],[-1.525426,46.447777],[-1.525705,46.446152],[-1.527432,46.446373],[-1.529396,46.44701],[-1.533751,46.448475],[-1.534975,46.448082],[-1.537775,46.448601],[-1.538569,46.448856],[-1.540639,46.448399],[-1.541369,46.448967],[-1.54212,46.449406],[-1.542259,46.449722],[-1.542656,46.452229],[-1.543139,46.452393],[-1.545435,46.452763],[-1.546551,46.453167],[-1.547377,46.453697],[-1.547731,46.454784],[-1.547956,46.454838],[-1.55036,46.454437],[-1.551036,46.454475],[-1.553739,46.454269],[-1.554115,46.454411],[-1.556829,46.455013],[-1.561893,46.454659],[-1.562623,46.454727],[-1.563138,46.452103],[-1.564511,46.452503],[-1.565659,46.452583],[-1.567075,46.452427],[-1.571807,46.45274],[-1.572611,46.452892],[-1.573738,46.453247],[-1.574918,46.45322],[-1.575755,46.452396],[-1.576324,46.451813],[-1.576957,46.451466],[-1.580454,46.450596],[-1.582696,46.449951],[-1.582053,46.449478],[-1.580561,46.446388],[-1.579864,46.446419],[-1.578341,46.446114],[-1.577568,46.446056],[-1.577139,46.44593],[-1.576838,46.445732],[-1.576656,46.445457],[-1.575594,46.445267],[-1.575197,46.444923],[-1.575154,46.444416],[-1.57539,46.444126],[-1.575648,46.443943],[-1.57613,46.443275],[-1.576431,46.442146],[-1.576324,46.441811],[-1.575497,46.441311],[-1.575261,46.441021],[-1.574854,46.440357],[-1.574231,46.439934],[-1.573759,46.43927],[-1.573663,46.438316],[-1.573695,46.43671],[-1.573373,46.43581],[-1.573395,46.435158],[-1.573309,46.43462],[-1.573555,46.433914],[-1.573555,46.433414],[-1.573277,46.432983],[-1.572493,46.432148],[-1.572257,46.431526],[-1.572397,46.431004],[-1.574296,46.431038],[-1.575154,46.430935],[-1.575744,46.430744],[-1.576442,46.430744],[-1.577826,46.430294],[-1.579413,46.430138],[-1.579725,46.42976],[-1.580025,46.429703],[-1.579649,46.428146],[-1.588447,46.427299]]],"type":"MultiLineString"},"properties":{"geo_point":{"lon":-0.426169566969235,"lat":46.559378457784234},"name":"GR364 De Plein-Bois (Vienne) à Jard-sur-Mer (Vendée) (2020)","code_gr":"GR364"}},{"type":"Feature","geometry":{"coordinates":[[[0.814696,46.760065],[0.814696,46.760065],[0.813752,46.758948],[0.81313,46.757801],[0.811048,46.750907],[0.810576,46.750098],[0.809632,46.749289],[0.807186,46.747893],[0.803624,46.745981],[0.802379,46.745511],[0.800813,46.74529],[0.799633,46.746187],[0.799633,46.746187],[0.798131,46.746687],[0.7965,46.746393],[0.796414,46.746099],[0.795363,46.745834],[0.794762,46.745805],[0.795019,46.745011],[0.79562,46.744158],[0.794934,46.743776],[0.79356,46.74257],[0.792702,46.741952],[0.791543,46.741393],[0.788754,46.740452],[0.788625,46.74057],[0.787702,46.740438],[0.787123,46.740394],[0.786243,46.740291],[0.785127,46.74007],[0.784763,46.73932],[0.78399,46.739041],[0.783861,46.738497],[0.783883,46.738055],[0.783411,46.737776],[0.783389,46.737614],[0.78369,46.737467],[0.784033,46.737173],[0.784677,46.737247],[0.784999,46.736791],[0.784376,46.735908],[0.785042,46.733717],[0.781716,46.732585],[0.780214,46.731776],[0.779312,46.73157],[0.77648,46.73082],[0.775257,46.730599],[0.774141,46.731702],[0.773733,46.731437],[0.772146,46.730746],[0.771867,46.730364],[0.772618,46.72979],[0.773412,46.729717],[0.774892,46.728408],[0.774484,46.727746],[0.774592,46.727157],[0.774184,46.726554],[0.773562,46.726157],[0.772682,46.725848],[0.771995,46.725819],[0.771695,46.725407],[0.77118,46.724892],[0.771116,46.72423],[0.770107,46.723083],[0.770021,46.722906],[0.769485,46.722539],[0.769442,46.722156],[0.769721,46.721774],[0.769485,46.721465],[0.766717,46.719258],[0.766502,46.71864],[0.766137,46.718405],[0.764528,46.717831],[0.76264,46.716743],[0.760001,46.714565],[0.758799,46.712314],[0.756975,46.713418],[0.75425,46.710872],[0.752791,46.709048],[0.752769,46.708518],[0.752211,46.708474],[0.751525,46.708577],[0.75043,46.708621],[0.748306,46.708533],[0.746697,46.707871],[0.745667,46.707738],[0.744251,46.707694],[0.740431,46.708327],[0.739551,46.708283],[0.738371,46.708092],[0.737062,46.707665],[0.735238,46.707356],[0.733586,46.707341],[0.732449,46.707032],[0.732835,46.706355],[0.733629,46.705781],[0.733651,46.70534],[0.733221,46.705119],[0.732449,46.704972],[0.73202,46.704987],[0.731526,46.704899],[0.732234,46.704236],[0.733264,46.704236],[0.733929,46.703486],[0.734337,46.703162],[0.734766,46.702956],[0.734938,46.702574],[0.735753,46.702103],[0.736826,46.70172],[0.73747,46.701323],[0.734852,46.699704],[0.733908,46.698762],[0.733221,46.698865],[0.732384,46.698821],[0.731719,46.698424],[0.731118,46.698174],[0.730861,46.697791],[0.729166,46.697482],[0.727921,46.69704],[0.725647,46.696643],[0.725432,46.696422],[0.725776,46.69604],[0.725754,46.69576],[0.725175,46.695657],[0.724681,46.695701],[0.724552,46.695333],[0.72466,46.694936],[0.72451,46.694774],[0.724123,46.69473],[0.722278,46.695495],[0.721827,46.695848],[0.720754,46.695937],[0.720003,46.69626],[0.719209,46.696187],[0.718673,46.695804],[0.716356,46.694995],[0.715841,46.695701],[0.715905,46.696172],[0.715454,46.697482],[0.715154,46.697703],[0.714854,46.698335],[0.714596,46.700116],[0.714296,46.700234],[0.713545,46.700293],[0.713223,46.700469],[0.71185,46.70069],[0.710541,46.700675],[0.709961,46.700793],[0.709747,46.700911],[0.70936,46.700925],[0.708288,46.701426],[0.707622,46.70172],[0.706871,46.701808],[0.705992,46.701661],[0.705391,46.701661],[0.704597,46.701411],[0.70391,46.701485],[0.703502,46.701647],[0.702945,46.702029],[0.702387,46.702117],[0.701335,46.702426],[0.700455,46.702529],[0.699898,46.702559],[0.699726,46.702147],[0.699254,46.701632],[0.698889,46.700984],[0.69861,46.700881],[0.697602,46.701279],[0.698438,46.700499],[0.698589,46.699851],[0.698524,46.699366],[0.698202,46.699469],[0.694941,46.699056],[0.694876,46.698939],[0.693954,46.698762],[0.693718,46.698968],[0.690864,46.698895],[0.689941,46.699233],[0.687173,46.699792],[0.68595,46.700337],[0.685564,46.700705],[0.685435,46.700602],[0.684727,46.700484],[0.684105,46.699954],[0.683654,46.700057],[0.682967,46.700028],[0.681186,46.700263],[0.680521,46.700307],[0.680521,46.699895],[0.679599,46.698747],[0.678569,46.698394],[0.678032,46.697688],[0.677775,46.697232],[0.676187,46.695878],[0.675865,46.695539],[0.675371,46.694803],[0.674964,46.6947],[0.673612,46.692655],[0.673161,46.692522],[0.672432,46.69108],[0.672088,46.690712],[0.671509,46.690373],[0.67093,46.68977],[0.670672,46.688828],[0.670393,46.688313],[0.670501,46.687812],[0.668033,46.685737],[0.667432,46.684706],[0.666424,46.683749],[0.666316,46.683367],[0.666552,46.682837],[0.66505,46.681924],[0.664256,46.681262],[0.663291,46.680805],[0.660909,46.68001],[0.660437,46.679775],[0.659707,46.680629],[0.659343,46.682204],[0.65975,46.682542],[0.659664,46.682793],[0.658484,46.68319],[0.657433,46.684809],[0.65724,46.685648],[0.656875,46.686502],[0.656296,46.686679],[0.655695,46.68662],[0.65503,46.686031],[0.653549,46.685707],[0.652219,46.685722],[0.651146,46.685898],[0.649644,46.686502],[0.644816,46.687238],[0.644601,46.686311],[0.643764,46.684898],[0.643249,46.68425],[0.642949,46.683146],[0.642412,46.682734],[0.641468,46.682189],[0.640031,46.681085],[0.636597,46.682424],[0.634924,46.683529],[0.632392,46.681453],[0.631405,46.681512],[0.630911,46.681144],[0.63031,46.681541],[0.62971,46.681571],[0.629388,46.681262],[0.628787,46.681438],[0.628444,46.681276],[0.627414,46.680172],[0.627435,46.679362],[0.62722,46.678509],[0.625976,46.676286],[0.624624,46.675255],[0.624066,46.675299],[0.62368,46.674254],[0.623594,46.673518],[0.62619,46.672163],[0.626984,46.671412],[0.625976,46.670308],[0.626255,46.669866],[0.626341,46.6691],[0.623766,46.667451],[0.624774,46.666288],[0.620848,46.665316],[0.611556,46.663961],[0.602523,46.66134],[0.598446,46.659676],[0.597223,46.659352],[0.593661,46.657703],[0.592373,46.657379],[0.591708,46.657069],[0.59115,46.656672],[0.590785,46.655891],[0.590485,46.65567],[0.589691,46.655655],[0.589648,46.655302],[0.589755,46.655199],[0.589798,46.654551],[0.590571,46.653004],[0.589433,46.652503],[0.589283,46.652268],[0.589326,46.652091],[0.588575,46.65159],[0.588511,46.650427],[0.58864,46.649558],[0.588897,46.649116],[0.589283,46.648851],[0.589476,46.648276],[0.589391,46.647849],[0.589047,46.647937],[0.588232,46.647819],[0.587116,46.647422],[0.586429,46.646877],[0.586086,46.646391],[0.585357,46.645978],[0.584262,46.645683],[0.584026,46.645374],[0.582739,46.645124],[0.581258,46.645138],[0.580335,46.644991],[0.579713,46.645021],[0.579091,46.645492],[0.578039,46.645801],[0.57937,46.646081],[0.579928,46.646626],[0.57982,46.647702],[0.579069,46.650103],[0.578039,46.651031],[0.570014,46.650368],[0.569242,46.649145],[0.568405,46.648364],[0.568491,46.648026],[0.568405,46.647377],[0.567268,46.645227],[0.563834,46.646243],[0.563684,46.646052],[0.562654,46.646096],[0.56186,46.645993],[0.561453,46.646155],[0.559843,46.645669],[0.558706,46.645993],[0.558255,46.646317],[0.556517,46.646891],[0.55641,46.64614],[0.556024,46.64617],[0.555702,46.645271],[0.554608,46.645595],[0.553213,46.645448],[0.551282,46.645035],[0.549415,46.644299],[0.54772,46.643135],[0.54154,46.644549],[0.542227,46.645536],[0.542033,46.646155],[0.541519,46.646199],[0.540381,46.646066],[0.539609,46.646155],[0.539695,46.645801],[0.539416,46.64558],[0.53654,46.645286],[0.535253,46.645242],[0.534566,46.645345],[0.533,46.645654],[0.531412,46.645713],[0.529331,46.645242],[0.528687,46.64533],[0.527979,46.645551],[0.526563,46.645728],[0.524481,46.645787],[0.523279,46.645904],[0.51976,46.64667],[0.518816,46.647024],[0.517636,46.647274],[0.515984,46.647864],[0.514289,46.648188],[0.512701,46.648924],[0.510877,46.649337],[0.507744,46.649381],[0.502873,46.64997],[0.500899,46.650456],[0.499504,46.650456],[0.497552,46.650839],[0.496393,46.651281],[0.494998,46.652297],[0.493797,46.652636],[0.492338,46.652857],[0.49135,46.652931],[0.490578,46.652901],[0.489548,46.653004],[0.488904,46.652857],[0.488261,46.652872],[0.486887,46.65324],[0.485171,46.653431],[0.482488,46.653358],[0.481695,46.653299],[0.480579,46.653593],[0.479141,46.653814],[0.477145,46.654477],[0.475472,46.654727],[0.474206,46.654757],[0.473369,46.655051],[0.472554,46.65539],[0.470794,46.656186],[0.469807,46.65673],[0.468992,46.657452],[0.466889,46.658689],[0.465945,46.658954],[0.463649,46.659352],[0.460494,46.66025],[0.4591,46.660574],[0.45734,46.66078],[0.458134,46.659485],[0.45807,46.659057],[0.457619,46.658247],[0.457598,46.65732],[0.458005,46.656392],[0.458778,46.655155],[0.457469,46.654256],[0.455516,46.651914],[0.454422,46.650824],[0.455988,46.650471],[0.454336,46.649499],[0.45322,46.649086],[0.450624,46.648556],[0.446997,46.649322],[0.445431,46.649351],[0.440002,46.648747],[0.437878,46.648571],[0.435882,46.648762],[0.433737,46.649499],[0.432385,46.650235],[0.431462,46.650618],[0.430218,46.651251],[0.428758,46.651679],[0.428866,46.652062],[0.426484,46.65271],[0.42024,46.651811],[0.417987,46.64804],[0.413974,46.648232],[0.411936,46.647451],[0.408095,46.644829],[0.40449,46.642133],[0.404168,46.641588],[0.40228,46.639614],[0.401228,46.638951],[0.399233,46.638597],[0.397902,46.63848],[0.397752,46.638111],[0.397216,46.637861],[0.397173,46.635592],[0.396701,46.63515],[0.395971,46.63484],[0.393697,46.634619],[0.392259,46.634782],[0.391315,46.635179],[0.3908,46.635798],[0.389469,46.638052],[0.388332,46.638435],[0.387967,46.63876],[0.387688,46.639157],[0.38741,46.639231],[0.385607,46.63901],[0.385221,46.639172],[0.385006,46.63957],[0.385071,46.640262],[0.385693,46.641352],[0.386251,46.6434],[0.385779,46.64368],[0.385629,46.643945],[0.385457,46.644019],[0.385028,46.643547],[0.384684,46.642885],[0.384212,46.64231],[0.383182,46.640248],[0.382689,46.638966],[0.382624,46.637905],[0.382324,46.636888],[0.380393,46.631864],[0.378676,46.628357],[0.377839,46.626235],[0.37623,46.623141],[0.375651,46.622507],[0.374943,46.621505],[0.373612,46.62034],[0.372861,46.619456],[0.372647,46.618926],[0.37284,46.618218],[0.371767,46.617717],[0.370823,46.617157],[0.370394,46.616656],[0.369106,46.615978],[0.368655,46.615388],[0.368312,46.615197],[0.368055,46.615079],[0.366982,46.61415],[0.366724,46.613399],[0.366832,46.612676],[0.367196,46.612131],[0.367454,46.612057],[0.36799,46.612337],[0.369256,46.611777],[0.371059,46.611276],[0.370673,46.610451],[0.37005,46.607311],[0.369299,46.605748],[0.368312,46.604436],[0.367754,46.603271],[0.367068,46.60218],[0.366832,46.601414],[0.366875,46.600632],[0.365029,46.598229],[0.364385,46.597138],[0.363956,46.595929],[0.363549,46.595443],[0.363463,46.595045],[0.363634,46.594499],[0.363291,46.593526],[0.362261,46.591756],[0.361381,46.590827],[0.360394,46.589972],[0.358163,46.587244],[0.357798,46.587347],[0.356897,46.586861],[0.356489,46.586345],[0.356274,46.585873],[0.355631,46.585356],[0.355395,46.584339],[0.354322,46.584059],[0.354064,46.583528],[0.354043,46.582731],[0.353978,46.582112],[0.354107,46.580947],[0.354129,46.579221],[0.353657,46.57782],[0.353635,46.576994],[0.353335,46.57633],[0.351811,46.577451],[0.35182,46.577419],[0.35182,46.577419],[0.35134,46.57711],[0.35134,46.576859],[0.34919,46.576111],[0.34641,46.575321],[0.34615,46.574551],[0.33465,46.57156],[0.33417,46.571339],[0.33395,46.570911],[0.33376,46.569939],[0.33348,46.569672],[0.33294,46.56942],[0.33322,46.569038],[0.33016,46.567669],[0.32966,46.566872],[0.32933,46.56662],[0.32924,46.566479],[0.32933,46.566299],[0.3305,46.56583],[0.33045,46.564781],[0.32981,46.563911],[0.33069,46.563709],[0.33178,46.563831],[0.33306,46.563641],[0.33465,46.563019],[0.33707,46.563179],[0.33717,46.562141],[0.33697,46.561939],[0.33694,46.561401],[0.3372,46.561062],[0.33736,46.560341],[0.33838,46.559319],[0.33881,46.55872],[0.33906,46.558231],[0.33851,46.557529],[0.339,46.55719],[0.33927,46.556759],[0.33925,46.556122],[0.3387,46.555511],[0.33845,46.55537],[0.33787,46.554878],[0.33766,46.554352],[0.33769,46.55336],[0.33757,46.553242],[0.33737,46.5532],[0.33743,46.552311],[0.3374,46.55135],[0.337207,46.550064],[0.336236,46.55022],[0.335829,46.550159],[0.334053,46.54982],[0.333635,46.549618],[0.33195,46.548466],[0.331473,46.54829],[0.330094,46.548126],[0.329069,46.548164],[0.328458,46.547989],[0.327374,46.548073],[0.326554,46.548332],[0.325894,46.548463],[0.325127,46.548435],[0.325014,46.547835],[0.324387,46.547235],[0.326039,46.546524],[0.326049,46.546238],[0.326532,46.545731],[0.326661,46.545425],[0.326736,46.544956],[0.326934,46.544621],[0.327055,46.544167],[0.327004,46.543552],[0.327103,46.543053],[0.327256,46.542702],[0.327039,46.542027],[0.327605,46.542023],[0.327873,46.541439],[0.329343,46.539574],[0.329976,46.538948],[0.330338,46.538757],[0.331315,46.538689],[0.33224,46.538441],[0.333157,46.538101],[0.336301,46.537228],[0.336596,46.536995],[0.336676,46.536823],[0.335121,46.535313],[0.334455,46.534904],[0.333865,46.534714],[0.333047,46.534515],[0.332658,46.534557],[0.332009,46.534424],[0.331564,46.534355],[0.331398,46.534294],[0.331288,46.534138],[0.331379,46.533886],[0.331526,46.53373],[0.33173,46.533363],[0.331899,46.533028],[0.332125,46.53231],[0.332235,46.532227],[0.332519,46.532104],[0.331787,46.531864],[0.329901,46.531826],[0.328705,46.531528],[0.32761,46.531086],[0.326406,46.530437],[0.326092,46.530155],[0.325969,46.52998],[0.325867,46.529957],[0.325636,46.529556],[0.325371,46.529415],[0.324925,46.52948],[0.322305,46.530155],[0.321779,46.530228],[0.321468,46.530052],[0.32105,46.52998],[0.320535,46.529343],[0.32003,46.529003],[0.319365,46.528236],[0.31781,46.527344],[0.317316,46.526909],[0.316232,46.52557],[0.315202,46.524738],[0.314097,46.524162],[0.313314,46.523949],[0.31222,46.523941],[0.311598,46.52417],[0.31104,46.524818],[0.30928,46.525345],[0.308486,46.525631],[0.308143,46.525608],[0.307328,46.525757],[0.30707,46.525651],[0.306357,46.526075],[0.305664,46.526339],[0.30449,46.526358],[0.303004,46.526211],[0.302161,46.525616],[0.302317,46.525133],[0.302323,46.524647],[0.302585,46.524052],[0.302467,46.523827],[0.302639,46.523056],[0.30236,46.522747],[0.301625,46.522606],[0.300938,46.522297],[0.300601,46.52203],[0.300322,46.52169],[0.300166,46.521381],[0.299512,46.521778],[0.299174,46.521919],[0.298959,46.52182],[0.298417,46.52179],[0.297537,46.521435],[0.296738,46.520882],[0.296137,46.520214],[0.294667,46.519158],[0.29426,46.518816],[0.293551,46.518534],[0.294147,46.518493],[0.294962,46.518139],[0.296379,46.517536],[0.296974,46.51722],[0.296985,46.517006],[0.297339,46.516628],[0.297698,46.516212],[0.297849,46.514542],[0.297425,46.514351],[0.296561,46.513725],[0.295944,46.513187],[0.29463,46.512253],[0.295236,46.511868],[0.295252,46.51173],[0.294694,46.511169],[0.294281,46.510612],[0.294276,46.510349],[0.295161,46.508526],[0.295161,46.50827],[0.295038,46.507828],[0.294775,46.507252],[0.294496,46.506748],[0.294287,46.505909],[0.294297,46.504517],[0.294319,46.503975],[0.294126,46.503593],[0.293557,46.502682],[0.292876,46.502033],[0.291932,46.50095],[0.291529,46.499821],[0.291245,46.498081],[0.290934,46.497196],[0.290859,46.496601],[0.290456,46.49453],[0.290279,46.494225],[0.289673,46.493839],[0.289314,46.493347],[0.288788,46.491859],[0.288595,46.491177],[0.288177,46.490097],[0.287399,46.48945],[0.287146,46.488858],[0.286492,46.488792],[0.285403,46.488731],[0.284566,46.488667],[0.284818,46.488232],[0.285446,46.487797],[0.287152,46.487026],[0.287973,46.486858],[0.28874,46.486832],[0.290054,46.486679],[0.290612,46.486443],[0.29191,46.48579],[0.292114,46.485847],[0.29287,46.486752],[0.293262,46.48735],[0.294512,46.487659],[0.29492,46.487572],[0.296545,46.486511],[0.296711,46.486458],[0.296641,46.4858],[0.296121,46.484039],[0.296373,46.483315],[0.295917,46.482967],[0.29552,46.482922],[0.294791,46.483074],[0.294238,46.48246],[0.29426,46.481468],[0.294431,46.48106],[0.294839,46.480743],[0.296041,46.480316],[0.296604,46.480194],[0.29684,46.480022],[0.29684,46.479561],[0.296212,46.479252],[0.294791,46.47892],[0.29353,46.478741],[0.2922,46.478451],[0.291722,46.478157],[0.291529,46.477776],[0.29146,46.477268],[0.290596,46.477089],[0.290473,46.476738],[0.290183,46.476452],[0.289748,46.476181],[0.288557,46.475121],[0.289786,46.474918],[0.289743,46.4744],[0.290188,46.474228],[0.289362,46.473923],[0.288777,46.473446],[0.288439,46.472984],[0.288305,46.472458],[0.287624,46.47192],[0.287163,46.47134],[0.286734,46.471004],[0.288096,46.470078],[0.288793,46.469372],[0.289212,46.468853],[0.288552,46.468616],[0.28742,46.46859],[0.286626,46.468468],[0.285655,46.468109],[0.284867,46.467884],[0.284325,46.467804],[0.283322,46.466946],[0.282705,46.466228],[0.28256,46.465843],[0.282362,46.464645],[0.281643,46.463551],[0.281079,46.46246],[0.280784,46.461428],[0.280382,46.46093],[0.280693,46.46043],[0.281922,46.459049],[0.283617,46.45903],[0.284293,46.45916],[0.285189,46.459068],[0.286514,46.45879],[0.287045,46.458843],[0.287908,46.458576],[0.288697,46.458443],[0.289078,46.458462],[0.289689,46.45808],[0.289255,46.457809],[0.289721,46.457397],[0.290671,46.456825],[0.290859,46.456787],[0.290966,46.456612],[0.290762,46.456337],[0.290832,46.456207],[0.291567,46.4557],[0.292216,46.455009],[0.292355,46.454716],[0.292329,46.454464],[0.292527,46.454182],[0.293015,46.453918],[0.293654,46.453735],[0.294152,46.453697],[0.295,46.453938],[0.296057,46.453838],[0.296797,46.453709],[0.297318,46.453899],[0.297752,46.453983],[0.298133,46.454025],[0.300032,46.454357],[0.300874,46.454628],[0.301732,46.45565],[0.302033,46.455551],[0.302553,46.455143],[0.302945,46.454662],[0.302988,46.454483],[0.302827,46.454208],[0.302033,46.453899],[0.301234,46.453487],[0.298283,46.452477],[0.296625,46.451942],[0.294651,46.451553],[0.293836,46.45108],[0.29323,46.450573],[0.291283,46.449757],[0.289684,46.449039],[0.288944,46.448616],[0.288455,46.448158],[0.288101,46.447643],[0.287806,46.447365],[0.287254,46.446632],[0.286766,46.446381],[0.286154,46.446316],[0.285746,46.44635],[0.285049,46.445774],[0.284405,46.445297],[0.283949,46.444794],[0.282903,46.444504],[0.282506,46.444244],[0.282158,46.44368],[0.281332,46.442612],[0.280806,46.441456],[0.282876,46.440754],[0.283483,46.440746],[0.284706,46.441132],[0.285387,46.441051],[0.286878,46.440426],[0.287066,46.44014],[0.287431,46.438553],[0.287586,46.437733],[0.287806,46.437489],[0.288101,46.437424],[0.288391,46.437496],[0.288734,46.436337],[0.288944,46.435196],[0.288863,46.434906],[0.288616,46.434803],[0.287152,46.434578],[0.286782,46.434559],[0.285993,46.43391],[0.284942,46.433189],[0.284561,46.433094],[0.283858,46.432568],[0.284041,46.432358],[0.284094,46.432148],[0.283649,46.431217],[0.283059,46.430454],[0.282764,46.429634],[0.282233,46.428986],[0.28226,46.428604],[0.282077,46.428253],[0.282168,46.427402],[0.282313,46.427059],[0.282592,46.426498],[0.282565,46.426224],[0.282179,46.425362],[0.282345,46.425259],[0.28352,46.424877],[0.283504,46.424789],[0.282319,46.42469],[0.281487,46.424549],[0.280055,46.424427],[0.279561,46.424244],[0.279137,46.424011],[0.278585,46.423836],[0.277786,46.423519],[0.276327,46.423454],[0.275216,46.423496],[0.274959,46.423405],[0.27468,46.423107],[0.270699,46.425896],[0.269777,46.425438],[0.268071,46.424568],[0.266719,46.423683],[0.266354,46.423573],[0.265238,46.422806],[0.26527,46.423416],[0.263865,46.422638],[0.26276,46.42223],[0.261692,46.422138],[0.260931,46.421927],[0.25996,46.421322],[0.259434,46.421715],[0.259241,46.422153],[0.259289,46.422581],[0.259713,46.423306],[0.259493,46.423435],[0.258855,46.423534],[0.25842,46.423717],[0.258007,46.424091],[0.258141,46.424416],[0.258168,46.42468],[0.258061,46.424904],[0.257508,46.425316],[0.258833,46.426285],[0.258104,46.42664],[0.257851,46.426899],[0.257567,46.427055],[0.257755,46.427357],[0.257192,46.427586],[0.256816,46.427624],[0.256092,46.427845],[0.255164,46.42828],[0.25466,46.428387],[0.252868,46.428265],[0.252246,46.428143],[0.251543,46.427937],[0.251157,46.427944],[0.249735,46.427467],[0.248528,46.426979],[0.247461,46.426662],[0.246028,46.426113],[0.245411,46.425735],[0.244805,46.425549],[0.244237,46.425491],[0.242794,46.425419],[0.240857,46.425182],[0.240739,46.426609],[0.240653,46.427788],[0.240476,46.428371],[0.239747,46.429203],[0.238926,46.429829],[0.237477,46.430393],[0.235874,46.430356],[0.235809,46.430003],[0.235288,46.429668],[0.233868,46.429266],[0.231722,46.428672],[0.230562,46.428571],[0.228567,46.428039],[0.227881,46.428009],[0.22757,46.428253],[0.227473,46.429133],[0.226893,46.428436],[0.225971,46.428143],[0.225477,46.428158],[0.224769,46.427814],[0.224812,46.427631],[0.224404,46.427372],[0.223374,46.427799],[0.222849,46.427853],[0.222462,46.428562],[0.22176,46.428864],[0.221137,46.429165],[0.220445,46.429649],[0.21993,46.430073],[0.219297,46.43029],[0.218691,46.43029],[0.218943,46.429199],[0.21875,46.428844],[0.217109,46.426781],[0.216873,46.426392],[0.216465,46.425606],[0.216106,46.425259],[0.215381,46.424847],[0.214775,46.424721],[0.213981,46.424637],[0.213359,46.424446],[0.21286,46.424129],[0.211599,46.423183],[0.211192,46.422775],[0.211031,46.422485],[0.209749,46.421951],[0.207678,46.421329],[0.20609,46.421356],[0.20579,46.421371],[0.205033,46.42112],[0.204535,46.420944],[0.20432,46.420959],[0.203859,46.4212],[0.203177,46.421391],[0.202314,46.421455],[0.201182,46.42136],[0.200511,46.421181],[0.197738,46.419712],[0.196745,46.419708],[0.197228,46.420731],[0.197459,46.421631],[0.197437,46.421959],[0.197255,46.422607],[0.197201,46.423344],[0.19704,46.423664],[0.197314,46.424908],[0.197266,46.425877],[0.19729,46.425861],[0.19729,46.426498],[0.1976,46.42778],[0.19763,46.428558],[0.19678,46.42905],[0.19585,46.429359],[0.19609,46.43055],[0.19642,46.431351],[0.19554,46.43074],[0.19514,46.42992],[0.1944,46.429451],[0.19404,46.428951],[0.19354,46.428631],[0.19301,46.427879],[0.19211,46.427151],[0.19088,46.426701],[0.18904,46.426189],[0.1881,46.426208],[0.18766,46.426441],[0.18729,46.42601],[0.18646,46.426048],[0.18181,46.427349],[0.18091,46.42778],[0.18012,46.428341],[0.18013,46.42878],[0.17992,46.428989],[0.1796,46.429562],[0.17921,46.429798],[0.17888,46.429901],[0.17832,46.42955],[0.17624,46.42918],[0.17466,46.4286],[0.17388,46.429062],[0.17313,46.429211],[0.17263,46.42905],[0.17261,46.428741],[0.17158,46.42783],[0.17025,46.426979],[0.16983,46.42635],[0.16938,46.425968],[0.16841,46.425678],[0.16786,46.4249],[0.16755,46.424278],[0.16636,46.423569],[0.16577,46.422729],[0.16434,46.42181],[0.16079,46.42252],[0.15959,46.422699],[0.15844,46.423031],[0.1573,46.423229],[0.15611,46.42374],[0.15577,46.42408],[0.1552,46.424389],[0.15452,46.424881],[0.15359,46.424969],[0.15322,46.42522],[0.15238,46.42606],[0.15137,46.426449],[0.14961,46.426868],[0.14835,46.427292],[0.1481,46.42749],[0.14876,46.42804],[0.14905,46.428619],[0.14916,46.429291],[0.1495,46.429668],[0.15039,46.430119],[0.15083,46.430569],[0.15097,46.431],[0.15213,46.431431],[0.15423,46.4328],[0.15551,46.43433],[0.1545,46.434551],[0.1538,46.434509],[0.153,46.434582],[0.15278,46.434711],[0.15162,46.434921],[0.14986,46.435349],[0.14949,46.435539],[0.14942,46.435902],[0.1492,46.43618],[0.14897,46.437321],[0.14872,46.437988],[0.14838,46.438339],[0.14714,46.439159],[0.14595,46.440708],[0.14595,46.441422],[0.14581,46.441631],[0.14483,46.441841],[0.14276,46.44157],[0.13978,46.44165],[0.13918,46.439911],[0.13904,46.438911],[0.13818,46.439079],[0.13823,46.43935],[0.13843,46.439522],[0.13856,46.44009],[0.1381,46.440029],[0.13593,46.43948],[0.13463,46.439281],[0.134,46.439308],[0.13346,46.439468],[0.13346,46.439548],[0.13208,46.439869],[0.13136,46.43993],[0.1304,46.43858],[0.13018,46.438721],[0.13002,46.43898],[0.12972,46.439072],[0.12907,46.438641],[0.1278,46.438068],[0.12766,46.437519],[0.12705,46.437229],[0.12696,46.436909],[0.1263,46.436611],[0.12449,46.43626],[0.1246,46.435989],[0.12372,46.435631]]],"type":"MultiLineString"},"properties":{"geo_point":{"lon":0.4379540649489053,"lat":46.58115471321636},"name":"GR364 De Plein-Bois à Lusignan (Vienne) (2019)","code_gr":"GR364"}},{"type":"Feature","geometry":{"coordinates":[[[0.12372,46.435631],[0.12355,46.435871],[0.12263,46.436081],[0.12293,46.436432],[0.1222,46.436642],[0.12318,46.436741],[0.12162,46.437309],[0.12072,46.437752],[0.12037,46.437618],[0.11924,46.43824],[0.11827,46.43911],[0.11739,46.44017],[0.1173,46.441212],[0.11761,46.442909],[0.11836,46.444649],[0.11975,46.446152],[0.12005,46.44677],[0.12067,46.447392],[0.11947,46.446579],[0.11808,46.445961],[0.11728,46.4459],[0.11621,46.446301],[0.11612,46.447361],[0.11565,46.448029],[0.11606,46.448711],[0.11585,46.4491],[0.11134,46.449711],[0.107331,46.451015],[0.10693,46.450974],[0.104991,46.452226],[0.10397,46.452627],[0.102048,46.453945],[0.101563,46.453992],[0.10022,46.454571],[0.09894,46.454189],[0.09701,46.454659],[0.09662,46.454681],[0.09617,46.45491],[0.09385,46.45583],[0.09329,46.454262],[0.09203,46.45475],[0.09186,46.454342],[0.0928,46.45332],[0.09295,46.452888],[0.09228,46.452122],[0.09209,46.451221],[0.09113,46.451099],[0.08988,46.449749],[0.088806,46.448423],[0.087457,46.449413],[0.08383,46.451199],[0.08059,46.453289],[0.07892,46.453609],[0.07823,46.454262],[0.079,46.455589],[0.07939,46.456821],[0.08003,46.458111],[0.08001,46.45871],[0.08096,46.45966],[0.08121,46.460629],[0.08061,46.46117],[0.08081,46.462318],[0.0799,46.463219],[0.07973,46.464321],[0.07978,46.46492],[0.08016,46.465439],[0.07872,46.465599],[0.07797,46.46582],[0.07769,46.466099],[0.07699,46.465969],[0.07621,46.466301],[0.076083,46.466579],[0.07574,46.466559],[0.07529,46.46649],[0.07591,46.4678],[0.074666,46.466433],[0.073048,46.4653],[0.072116,46.464862],[0.07166,46.464291],[0.071156,46.464229],[0.070866,46.463946],[0.069776,46.46455],[0.07005,46.465],[0.06973,46.466068],[0.06952,46.466251],[0.06922,46.467178],[0.06799,46.468281],[0.067006,46.468878],[0.066366,46.469149],[0.06566,46.46899],[0.06484,46.469269],[0.0642,46.469952],[0.06257,46.470692],[0.06207,46.470852],[0.06482,46.47411],[0.064862,46.474643],[0.065205,46.475323],[0.065076,46.475515],[0.064516,46.475709],[0.063163,46.475767],[0.06214,46.476151],[0.06197,46.476631],[0.061,46.4771],[0.05913,46.47617],[0.058106,46.475794],[0.057717,46.476012],[0.0575,46.476349],[0.058587,46.476864],[0.06006,46.477409],[0.059759,46.477631],[0.059,46.477669],[0.05849,46.478008],[0.05875,46.47834],[0.05947,46.480214],[0.05965,46.4809],[0.06091,46.481609],[0.060882,46.482291],[0.061143,46.482747],[0.061893,46.483551],[0.06214,46.484711],[0.062572,46.485411],[0.062869,46.486743],[0.061823,46.488159],[0.06179,46.488659],[0.06015,46.490238],[0.05918,46.490292],[0.05791,46.490601],[0.05747,46.490528],[0.056525,46.490223],[0.0552,46.490978],[0.05392,46.491161],[0.05262,46.491279],[0.051836,46.491231],[0.05114,46.491562],[0.05079,46.491852],[0.05003,46.49168],[0.04894,46.491249],[0.04779,46.491131],[0.04701,46.491249],[0.0463,46.491581],[0.04581,46.491611],[0.0452,46.49128],[0.04424,46.49234],[0.043593,46.492494],[0.041977,46.493224],[0.041179,46.493661],[0.040832,46.493685],[0.03915,46.494862],[0.038506,46.495269],[0.038359,46.495077],[0.03851,46.494469],[0.03822,46.494129],[0.0382,46.49456],[0.03641,46.49667],[0.03644,46.496078],[0.03575,46.495762],[0.03444,46.495571],[0.03398,46.495941],[0.0335,46.495972],[0.03283,46.496159],[0.03232,46.496792],[0.03172,46.49786],[0.03158,46.49831],[0.03052,46.499779],[0.02973,46.499512],[0.02922,46.499561],[0.02592,46.500938],[0.02405,46.501572],[0.02346,46.501431],[0.02247,46.50074],[0.02203,46.499771],[0.02169,46.499741],[0.02095,46.499969],[0.02051,46.500031],[0.01939,46.499451],[0.01708,46.49897],[0.01602,46.499001],[0.01475,46.499249],[0.0136,46.49966],[0.0124,46.500542],[0.01154,46.500778],[0.01113,46.50082],[0.01047,46.500679],[0.00981,46.500702],[0.00694,46.501469],[0.00652,46.501362],[0.00553,46.499741],[0.00553,46.498989],[0.00437,46.49942],[0.00339,46.499458],[0.00186,46.49876],[0.00046,46.49979],[-0.00197,46.50053],[-0.00321,46.498772],[-0.0036,46.498482],[-0.00425,46.49818],[-0.005802,46.49711],[-0.00622,46.496609],[-0.006673,46.49555],[-0.006638,46.494926],[-0.006743,46.494506],[-0.00587,46.493919],[-0.00629,46.493519],[-0.00643,46.493191],[-0.006133,46.493031],[-0.007022,46.491087],[-0.00738,46.49073],[-0.00651,46.48941],[-0.00662,46.48909],[-0.008956,46.487727],[-0.01062,46.487381],[-0.01086,46.487598],[-0.01203,46.48777],[-0.01548,46.488861],[-0.01658,46.489689],[-0.01772,46.489861],[-0.01786,46.490479],[-0.01786,46.49155],[-0.01822,46.491779],[-0.01894,46.491928],[-0.01954,46.492241],[-0.0199,46.49234],[-0.01934,46.493172],[-0.01914,46.494362],[-0.02232,46.493488],[-0.02303,46.493031],[-0.02341,46.49258],[-0.02387,46.492241],[-0.02438,46.492039],[-0.026054,46.490955],[-0.027083,46.490511],[-0.02824,46.490299],[-0.0298,46.49017],[-0.03201,46.489491],[-0.03329,46.488892],[-0.03842,46.486141],[-0.04031,46.486752],[-0.04274,46.487091],[-0.04442,46.486912],[-0.04555,46.48687],[-0.04689,46.48658],[-0.04804,46.48653],[-0.04991,46.486118],[-0.05038,46.48616],[-0.05119,46.486431],[-0.05373,46.486881],[-0.05417,46.486809],[-0.05553,46.48621],[-0.05629,46.485981],[-0.05751,46.486038],[-0.0581,46.485901],[-0.05921,46.485161],[-0.05965,46.483952],[-0.05971,46.4832],[-0.06036,46.483101],[-0.06201,46.482391],[-0.06257,46.482349],[-0.06331,46.482471],[-0.06347,46.48259],[-0.06381,46.482601],[-0.06445,46.482761],[-0.06547,46.48317],[-0.06698,46.483509],[-0.06773,46.48381],[-0.06865,46.483929],[-0.06984,46.484509],[-0.07076,46.48476],[-0.07082,46.4851],[-0.07017,46.485851],[-0.07084,46.487301],[-0.0715,46.487701],[-0.07195,46.48811],[-0.0728,46.4884],[-0.07353,46.48822],[-0.07408,46.48843],[-0.07446,46.488361],[-0.07488,46.488468],[-0.07503,46.489208],[-0.07489,46.489731],[-0.07471,46.490044],[-0.07542,46.490318],[-0.07621,46.490349],[-0.077523,46.490066],[-0.07819,46.490388],[-0.078466,46.491092],[-0.079053,46.49155],[-0.080091,46.491949],[-0.082011,46.492323],[-0.084275,46.49246],[-0.085713,46.49212],[-0.086957,46.492075],[-0.087472,46.491898],[-0.088427,46.49173],[-0.08936,46.491123],[-0.090026,46.491264],[-0.089929,46.490963],[-0.089811,46.490749],[-0.090702,46.489758],[-0.09112,46.489079],[-0.091989,46.4879],[-0.092402,46.487473],[-0.093255,46.48695],[-0.094543,46.486042],[-0.096763,46.486546],[-0.097096,46.486744],[-0.097289,46.486755],[-0.098485,46.486446],[-0.099558,46.486057],[-0.101151,46.485687],[-0.101645,46.485508],[-0.102755,46.485241],[-0.103136,46.484814],[-0.10363,46.484463],[-0.10393,46.483173],[-0.104257,46.483009],[-0.104622,46.482979],[-0.105212,46.483139],[-0.105883,46.483238],[-0.106816,46.483402],[-0.108195,46.483513],[-0.109912,46.483837],[-0.110598,46.483814],[-0.112202,46.48344],[-0.112545,46.483425],[-0.114782,46.484154],[-0.11534,46.484352],[-0.115791,46.484592],[-0.116145,46.484501],[-0.117052,46.484867],[-0.117604,46.485252],[-0.11762,46.485352],[-0.119551,46.486347],[-0.12137,46.487225],[-0.122352,46.487648],[-0.122867,46.487782],[-0.123768,46.487843],[-0.124653,46.487938],[-0.126697,46.488583],[-0.128494,46.489613],[-0.129637,46.490562],[-0.131321,46.491604],[-0.133241,46.49213],[-0.133515,46.492371],[-0.133697,46.492752],[-0.134513,46.49165],[-0.134615,46.490894],[-0.134459,46.490192],[-0.133842,46.489136],[-0.133869,46.488468],[-0.134116,46.488121],[-0.134014,46.487923],[-0.134196,46.487316],[-0.135103,46.486023],[-0.136031,46.484959],[-0.136154,46.484608],[-0.136117,46.483963],[-0.135446,46.482845],[-0.137436,46.481979],[-0.13962,46.481289],[-0.1425,46.482578],[-0.143305,46.483147],[-0.144389,46.483986],[-0.146422,46.483101],[-0.146518,46.48317],[-0.148906,46.482403],[-0.151062,46.481583],[-0.152548,46.481037],[-0.153063,46.481758],[-0.153406,46.481731],[-0.154694,46.480988],[-0.15744,46.480583],[-0.159457,46.480114],[-0.160761,46.480007],[-0.161587,46.479725],[-0.162531,46.47924],[-0.16311,46.478954],[-0.163765,46.477909],[-0.165299,46.47691],[-0.1656,46.476463],[-0.166436,46.475628],[-0.167955,46.475403],[-0.168228,46.475513],[-0.168507,46.475842],[-0.168512,46.476292],[-0.168748,46.476498],[-0.169306,46.476719],[-0.170154,46.476768],[-0.171055,46.476303],[-0.172107,46.476261],[-0.172471,46.476494],[-0.173576,46.477825],[-0.175744,46.479263],[-0.176387,46.478832],[-0.177611,46.478745],[-0.180566,46.478027],[-0.183281,46.478119],[-0.18401,46.479309],[-0.184488,46.479568],[-0.185099,46.479671],[-0.189471,46.480206],[-0.190619,46.480396],[-0.191563,46.480797],[-0.193065,46.480804],[-0.193473,46.480869],[-0.194299,46.481571],[-0.194868,46.481846],[-0.195544,46.48259],[-0.196606,46.484421],[-0.196708,46.484566],[-0.195538,46.486366],[-0.195866,46.486618],[-0.196418,46.488331],[-0.196531,46.48914],[-0.197191,46.490528],[-0.197486,46.491493],[-0.197722,46.492519],[-0.197861,46.493511],[-0.197808,46.494167],[-0.199361,46.493195],[-0.199787,46.493263],[-0.200213,46.493465],[-0.200747,46.493614],[-0.20153,46.49379],[-0.202131,46.493851],[-0.202609,46.49411],[-0.203319,46.494652],[-0.204044,46.494297],[-0.204835,46.494846],[-0.204964,46.494995],[-0.205157,46.495789],[-0.205076,46.496166],[-0.204889,46.496506],[-0.204856,46.496857],[-0.204996,46.497292],[-0.205457,46.497883],[-0.206063,46.498455],[-0.206246,46.498711],[-0.206959,46.499435],[-0.20807,46.499626],[-0.208901,46.499752],[-0.209856,46.499027],[-0.210468,46.498734],[-0.211337,46.498798],[-0.211964,46.498959],[-0.212479,46.49918],[-0.212919,46.499172],[-0.213826,46.498951],[-0.214298,46.498981],[-0.214915,46.499416],[-0.215397,46.499588],[-0.215982,46.499668],[-0.216551,46.499664],[-0.217382,46.499516],[-0.219088,46.499168],[-0.220306,46.499485],[-0.221089,46.499531],[-0.222033,46.499401],[-0.222371,46.499432],[-0.22279,46.499538],[-0.223138,46.499687],[-0.223787,46.500275],[-0.223863,46.50061],[-0.224345,46.500996],[-0.225338,46.501507],[-0.225762,46.501591],[-0.227596,46.500973],[-0.228288,46.500511],[-0.229715,46.500336],[-0.229774,46.500465],[-0.231324,46.50045],[-0.232236,46.500366],[-0.232226,46.50111],[-0.232805,46.502254],[-0.233336,46.50293],[-0.23398,46.503288],[-0.234168,46.503487],[-0.234447,46.503597],[-0.234586,46.503471],[-0.234527,46.502895],[-0.233862,46.502373],[-0.233497,46.501732],[-0.233293,46.501602],[-0.233229,46.501274],[-0.233261,46.5009],[-0.233674,46.500263],[-0.233856,46.50021],[-0.234157,46.50024],[-0.234488,46.500133],[-0.235316,46.500587],[-0.236324,46.501003],[-0.23972,46.502178],[-0.239859,46.502064],[-0.240852,46.502041],[-0.241286,46.502102],[-0.241801,46.502068],[-0.242761,46.502407],[-0.243577,46.502426],[-0.245293,46.502518],[-0.246093,46.502289],[-0.24664,46.502281],[-0.247096,46.502537],[-0.247369,46.502895],[-0.24834,46.503834],[-0.248619,46.503891],[-0.249059,46.503723],[-0.249681,46.503475],[-0.250432,46.503441],[-0.251758,46.503235],[-0.252342,46.502956],[-0.253147,46.502483],[-0.253721,46.502224],[-0.254858,46.501598],[-0.258951,46.499794],[-0.25893,46.500954],[-0.259112,46.500999],[-0.260142,46.502129],[-0.260485,46.502182],[-0.261118,46.502594],[-0.261419,46.502956],[-0.261462,46.503265],[-0.262159,46.503983],[-0.262116,46.504181],[-0.262213,46.504314],[-0.262502,46.505016],[-0.262803,46.50518],[-0.263135,46.505718],[-0.263511,46.505856],[-0.264192,46.506271],[-0.264654,46.506485],[-0.264911,46.506111],[-0.265469,46.506023],[-0.265807,46.506081],[-0.266445,46.506233],[-0.26711,46.506302],[-0.268929,46.505604],[-0.269396,46.506207],[-0.269476,46.506393],[-0.269669,46.507202],[-0.26968,46.508846],[-0.269589,46.509296],[-0.269659,46.509529],[-0.269862,46.50972],[-0.267448,46.510563],[-0.266461,46.510548],[-0.265903,46.510223],[-0.265024,46.510265],[-0.263393,46.510723],[-0.26217,46.510681],[-0.261805,46.510826],[-0.261805,46.511211],[-0.261612,46.511433],[-0.26159,46.512127],[-0.260667,46.512897],[-0.260283,46.513329],[-0.259616,46.51376],[-0.259466,46.514622],[-0.259069,46.515198],[-0.25879,46.515228],[-0.258275,46.515583],[-0.258522,46.5163],[-0.258468,46.516514],[-0.258833,46.516815],[-0.259702,46.516876],[-0.260518,46.517208],[-0.261848,46.517952],[-0.262556,46.518543],[-0.263039,46.518604],[-0.263736,46.518559],[-0.264187,46.518581],[-0.26467,46.518368],[-0.265303,46.518616],[-0.266161,46.519173],[-0.266526,46.51963],[-0.266955,46.519909],[-0.267481,46.520309],[-0.267588,46.520737],[-0.268264,46.521202],[-0.268564,46.521584],[-0.269777,46.520927],[-0.270292,46.520241],[-0.270603,46.5201],[-0.270892,46.519829],[-0.271472,46.519703],[-0.271794,46.519753],[-0.272684,46.52013],[-0.272952,46.520138],[-0.273339,46.520042],[-0.274465,46.520287],[-0.27542,46.520634],[-0.274647,46.521614],[-0.273103,46.522591],[-0.272394,46.522709],[-0.272899,46.523041],[-0.271214,46.525379],[-0.27056,46.525135],[-0.269374,46.524445],[-0.268924,46.525383],[-0.268403,46.52779],[-0.268752,46.528057],[-0.268924,46.528236],[-0.269659,46.529106],[-0.270538,46.529823],[-0.271032,46.53009],[-0.271418,46.530186],[-0.272158,46.530788],[-0.272491,46.531025],[-0.271837,46.531151],[-0.271354,46.531151],[-0.270978,46.531109],[-0.270506,46.531189],[-0.270195,46.531528],[-0.269905,46.531521],[-0.269262,46.53141],[-0.268489,46.531448],[-0.26791,46.531418],[-0.267599,46.531815],[-0.267137,46.532162],[-0.26733,46.532516],[-0.26776,46.532784],[-0.268199,46.53302],[-0.268285,46.533417],[-0.268822,46.534275],[-0.269122,46.535336],[-0.269541,46.536407],[-0.269004,46.537537],[-0.26909,46.537922],[-0.269004,46.538128],[-0.26924,46.53854],[-0.269862,46.538761],[-0.270281,46.539062],[-0.270313,46.539368],[-0.270131,46.539726],[-0.26953,46.540253],[-0.26909,46.541359],[-0.268435,46.541992],[-0.268242,46.54203],[-0.267652,46.541965],[-0.267148,46.542355],[-0.266708,46.542583],[-0.266676,46.543758],[-0.265968,46.543476],[-0.265356,46.543049],[-0.263822,46.54343],[-0.262706,46.543785],[-0.261666,46.544312],[-0.261494,46.544437],[-0.261387,46.544754],[-0.260217,46.545979],[-0.259788,46.546131],[-0.25952,46.546486],[-0.25923,46.547005],[-0.259595,46.547157],[-0.260153,46.54755],[-0.258511,46.548775],[-0.257803,46.549549],[-0.258104,46.549747],[-0.259241,46.549889],[-0.258404,46.551018],[-0.257524,46.551453],[-0.25526,46.55217],[-0.254499,46.552494],[-0.251945,46.553989],[-0.253286,46.554344],[-0.25422,46.554832],[-0.257052,46.554832],[-0.257878,46.554787],[-0.259262,46.554565],[-0.259863,46.554516],[-0.265399,46.554485],[-0.265828,46.555252],[-0.268403,46.554794],[-0.268629,46.554848],[-0.269895,46.555298],[-0.271322,46.555408],[-0.271869,46.555386],[-0.272352,46.555275],[-0.27306,46.555103],[-0.273628,46.555077],[-0.274755,46.555],[-0.274991,46.55529],[-0.275248,46.555401],[-0.275946,46.555859],[-0.277265,46.557117],[-0.278252,46.558041],[-0.279754,46.558647],[-0.281299,46.559185],[-0.282565,46.559464],[-0.283649,46.559689],[-0.284185,46.559525],[-0.284797,46.559738],[-0.284969,46.559589],[-0.285451,46.559368],[-0.285923,46.559635],[-0.287275,46.560211],[-0.286803,46.561493],[-0.285988,46.562805],[-0.285666,46.563808],[-0.285366,46.56443],[-0.284754,46.564938],[-0.284314,46.565662],[-0.28352,46.565655],[-0.283295,46.566044],[-0.283145,46.566113],[-0.282748,46.565884],[-0.282555,46.565712],[-0.281503,46.566357],[-0.279078,46.568081],[-0.279207,46.568371],[-0.278853,46.569138],[-0.279164,46.569576],[-0.279765,46.57019],[-0.281074,46.570389],[-0.281686,46.570358],[-0.283016,46.570698],[-0.284765,46.570847],[-0.287232,46.570663],[-0.287769,46.570538],[-0.289207,46.569786],[-0.292329,46.56926],[-0.297264,46.569336],[-0.296985,46.567749],[-0.296963,46.56559],[-0.29883,46.565567],[-0.299217,46.565475],[-0.299667,46.565712],[-0.300064,46.566257],[-0.30074,46.566811],[-0.301223,46.566975],[-0.302848,46.567425],[-0.303943,46.567978],[-0.304597,46.568233],[-0.30493,46.568344],[-0.305246,46.568584],[-0.305423,46.569096],[-0.304978,46.569733],[-0.304683,46.569843],[-0.304517,46.570133],[-0.305037,46.570423],[-0.305965,46.571358],[-0.30619,46.571461],[-0.30619,46.571461],[-0.308089,46.571835],[-0.310589,46.571888],[-0.310707,46.571674],[-0.311286,46.571281],[-0.311705,46.570847],[-0.312338,46.569771],[-0.312874,46.569138],[-0.312907,46.568478],[-0.313175,46.568127],[-0.313711,46.567631],[-0.314119,46.567448],[-0.315213,46.566494],[-0.316383,46.565609],[-0.316951,46.565575],[-0.318561,46.565079],[-0.319827,46.564945],[-0.322927,46.564911],[-0.323721,46.56522],[-0.324365,46.565773],[-0.325148,46.565933],[-0.325749,46.56591],[-0.327004,46.565765],[-0.327541,46.565781],[-0.328689,46.566074],[-0.329944,46.566628],[-0.330534,46.566811],[-0.331242,46.567093],[-0.332251,46.567307],[-0.332937,46.567276],[-0.333731,46.56715],[-0.334718,46.566826],[-0.335362,46.566753],[-0.334278,46.565704],[-0.333924,46.565132],[-0.333656,46.564415],[-0.333828,46.563583],[-0.334757,46.563023],[-0.335437,46.561969],[-0.336875,46.560299],[-0.336982,46.559864],[-0.337111,46.558933],[-0.338838,46.558212],[-0.339439,46.557487],[-0.340523,46.556595],[-0.34152,46.555984],[-0.343537,46.555283],[-0.343472,46.555101],[-0.348569,46.555988],[-0.35005,46.557178],[-0.352153,46.558033],[-0.353118,46.558228],[-0.354084,46.558315],[-0.3555,46.558704],[-0.357431,46.55962],[-0.357667,46.559937],[-0.358225,46.561256],[-0.358515,46.561531],[-0.358729,46.562668],[-0.36212,46.563278],[-0.363847,46.563751],[-0.364212,46.563759],[-0.364963,46.563957],[-0.366304,46.563705],[-0.36845,46.56308],[-0.36904,46.56337],[-0.369759,46.563988],[-0.371035,46.564812],[-0.372065,46.565758],[-0.374275,46.566437],[-0.375885,46.566872],[-0.376893,46.567253],[-0.378106,46.56778],[-0.380455,46.568783],[-0.382311,46.569424],[-0.384092,46.570389],[-0.385391,46.57143],[-0.387,46.572315],[-0.388362,46.57317],[-0.389371,46.573563],[-0.390176,46.574135],[-0.391109,46.574749],[-0.391645,46.574917],[-0.392257,46.574963],[-0.393502,46.575382],[-0.396312,46.576881],[-0.396945,46.577137],[-0.39804,46.577438],[-0.399048,46.577579],[-0.399724,46.577885],[-0.40099,46.578671],[-0.402181,46.578983],[-0.402482,46.579639],[-0.403833,46.579552],[-0.405797,46.579475],[-0.406387,46.579342],[-0.407009,46.579933],[-0.408887,46.5812],[-0.409498,46.581413],[-0.411333,46.581547],[-0.412406,46.581482],[-0.41483,46.580936],[-0.415024,46.581902],[-0.414927,46.582195],[-0.414895,46.582527],[-0.414648,46.583286],[-0.414702,46.583733],[-0.414895,46.584549],[-0.415013,46.58522],[-0.414004,46.585609],[-0.412856,46.586052],[-0.412792,46.586327],[-0.412298,46.58625],[-0.411472,46.586887],[-0.408897,46.588238],[-0.410314,46.589466],[-0.411043,46.590359],[-0.411472,46.590534],[-0.412234,46.590508],[-0.413039,46.590706],[-0.412867,46.591194],[-0.412406,46.591774],[-0.412298,46.592239],[-0.411623,46.592712],[-0.411108,46.592941],[-0.410743,46.592976],[-0.410002,46.593418],[-0.409927,46.593693],[-0.410099,46.593853],[-0.410646,46.593567],[-0.410904,46.59383],[-0.410678,46.59481],[-0.41114,46.595093],[-0.410303,46.595924],[-0.409176,46.596619],[-0.408307,46.597347],[-0.406923,46.598652],[-0.408264,46.59948],[-0.409445,46.600517],[-0.408844,46.601528],[-0.410764,46.602398],[-0.41232,46.603333],[-0.412985,46.603813],[-0.414262,46.604397],[-0.415002,46.604534],[-0.416011,46.604855],[-0.416011,46.604683],[-0.41674,46.604115],[-0.417545,46.603695],[-0.417856,46.603085],[-0.418618,46.602501],[-0.41909,46.601379],[-0.419551,46.600864],[-0.420688,46.600334],[-0.42116,46.599552],[-0.421547,46.599274],[-0.422008,46.59914],[-0.422351,46.598866],[-0.422823,46.598492],[-0.423059,46.598057],[-0.423532,46.597694],[-0.423907,46.597519],[-0.423993,46.596809],[-0.424207,46.59639],[-0.424272,46.595814],[-0.425613,46.595646],[-0.426117,46.595528],[-0.427845,46.595497],[-0.429379,46.595638],[-0.429862,46.594578],[-0.430312,46.593884],[-0.430591,46.592579],[-0.430881,46.592121],[-0.431419,46.592183],[-0.43243,46.59253],[-0.433209,46.592911],[-0.433606,46.592911],[-0.43425,46.593102],[-0.435709,46.593204],[-0.436943,46.592823],[-0.438026,46.592941],[-0.438766,46.592697],[-0.440784,46.593132],[-0.441009,46.592728],[-0.441438,46.592201],[-0.441813,46.592121],[-0.442243,46.591812],[-0.44252,46.591579],[-0.442927,46.591613],[-0.446366,46.590987],[-0.448734,46.590214],[-0.449334,46.589584],[-0.450289,46.588982],[-0.450718,46.588436],[-0.45206,46.587624],[-0.454195,46.586399],[-0.454838,46.58606],[-0.455149,46.585575],[-0.456179,46.584705],[-0.456609,46.584602],[-0.457263,46.584564],[-0.458057,46.58466],[-0.45869,46.584408],[-0.460063,46.583088],[-0.460449,46.582596],[-0.460782,46.582619],[-0.462949,46.583385],[-0.463357,46.583614],[-0.463915,46.583694],[-0.46443,46.583626],[-0.46502,46.583324],[-0.465181,46.583164],[-0.465524,46.583107],[-0.466136,46.582958],[-0.467042,46.582855],[-0.47091,46.582611],[-0.471157,46.58247],[-0.471489,46.581924],[-0.472122,46.581245],[-0.47238,46.580441],[-0.472852,46.579655],[-0.473925,46.578148],[-0.475867,46.578526],[-0.476339,46.578438],[-0.4768,46.578007],[-0.477358,46.577721],[-0.478195,46.57769],[-0.479,46.577919],[-0.479429,46.578297],[-0.479053,46.57859],[-0.47901,46.578968],[-0.479257,46.5793],[-0.480523,46.580338],[-0.480974,46.580898],[-0.480995,46.581284],[-0.48092,46.581837],[-0.481339,46.582146],[-0.482358,46.582375],[-0.482368,46.582619],[-0.482959,46.582836],[-0.483978,46.582676],[-0.484943,46.582729],[-0.486553,46.582508],[-0.487819,46.582611],[-0.488892,46.582478],[-0.489557,46.58247],[-0.492132,46.582073],[-0.492185,46.581127],[-0.492572,46.581024],[-0.493838,46.581158],[-0.495125,46.58157],[-0.495822,46.581989],[-0.496209,46.582058],[-0.496402,46.581879],[-0.496488,46.581631],[-0.497121,46.581173],[-0.497743,46.581223],[-0.498977,46.581135],[-0.498966,46.581799],[-0.499631,46.581623],[-0.500607,46.581696],[-0.500457,46.580803],[-0.501004,46.580296],[-0.501562,46.580235],[-0.503247,46.580589],[-0.503794,46.580738],[-0.50609,46.580528],[-0.506895,46.581039],[-0.507796,46.581379],[-0.509384,46.582294],[-0.509695,46.582581],[-0.510349,46.582787],[-0.511476,46.58371],[-0.512302,46.583672],[-0.514061,46.584255],[-0.515682,46.584171],[-0.516969,46.584469],[-0.51831,46.58429],[-0.51875,46.584541],[-0.519372,46.584579],[-0.519823,46.584721],[-0.52007,46.584991],[-0.520198,46.585972],[-0.519681,46.586702],[-0.519233,46.586933],[-0.518664,46.587433],[-0.518728,46.588097],[-0.518063,46.588825],[-0.517505,46.58926],[-0.518771,46.590942],[-0.519415,46.591496],[-0.520456,46.591732],[-0.522441,46.591347],[-0.523481,46.591309],[-0.524018,46.591236],[-0.524511,46.591316],[-0.525295,46.591179],[-0.526464,46.590714],[-0.526721,46.590714],[-0.527129,46.590546],[-0.527601,46.590626],[-0.527966,46.590855],[-0.528674,46.591663],[-0.529747,46.592461],[-0.530294,46.592491],[-0.531721,46.592785],[-0.531818,46.593307],[-0.53214,46.593567],[-0.531625,46.593788],[-0.531152,46.594288],[-0.531077,46.594589],[-0.531271,46.594692],[-0.53185,46.595352],[-0.533545,46.595932],[-0.534854,46.596596],[-0.536163,46.596973],[-0.536377,46.597099],[-0.537654,46.59737],[-0.537257,46.5979],[-0.537107,46.598389],[-0.537397,46.598675],[-0.538384,46.599133],[-0.539145,46.599464],[-0.539478,46.599751],[-0.540916,46.599915],[-0.541602,46.60004],[-0.541967,46.600208],[-0.542407,46.600563],[-0.543061,46.600754],[-0.543276,46.600975],[-0.543405,46.60133],[-0.544338,46.60183],[-0.544918,46.602463],[-0.545111,46.602974],[-0.544295,46.604595],[-0.543973,46.605499],[-0.544682,46.605797],[-0.545572,46.60606],[-0.546731,46.60677],[-0.547299,46.607796],[-0.548222,46.609016],[-0.549284,46.609974],[-0.54951,46.610374],[-0.549585,46.611816],[-0.549939,46.612724],[-0.550797,46.613632],[-0.551441,46.614094],[-0.55202,46.614662],[-0.554305,46.61618],[-0.555614,46.61657],[-0.555722,46.617107],[-0.556118,46.617966],[-0.558103,46.621834],[-0.558114,46.623173],[-0.558822,46.623726],[-0.559509,46.624058],[-0.560206,46.624119],[-0.560732,46.624397],[-0.561054,46.624786],[-0.561397,46.625458],[-0.563253,46.626423],[-0.564069,46.626614],[-0.566611,46.627647],[-0.567362,46.628441],[-0.567899,46.629288],[-0.568478,46.63018],[-0.569444,46.631027],[-0.570238,46.631176],[-0.57175,46.63113],[-0.572973,46.63142],[-0.575495,46.631729],[-0.57645,46.631809],[-0.57719,46.63197],[-0.5769,46.632877],[-0.577083,46.633363],[-0.576278,46.633923],[-0.576482,46.634411],[-0.572855,46.635494],[-0.572094,46.635574],[-0.570892,46.636089],[-0.569787,46.636642],[-0.568714,46.638542],[-0.568392,46.639263],[-0.56821,46.639999],[-0.566804,46.640842],[-0.56586,46.641216],[-0.565313,46.641239],[-0.565506,46.641476],[-0.565925,46.64159],[-0.566751,46.641708],[-0.568146,46.642967],[-0.568457,46.643505],[-0.568864,46.643764],[-0.569251,46.644207],[-0.569127,46.644455],[-0.569575,46.645198],[-0.570023,46.646904],[-0.570005,46.647237],[-0.570388,46.648178],[-0.570817,46.648708],[-0.5713,46.648819],[-0.575978,46.648884],[-0.580709,46.647827],[-0.581524,46.647182],[-0.582286,46.646519],[-0.583209,46.646591],[-0.585591,46.645504],[-0.586299,46.645306],[-0.587243,46.644604],[-0.588434,46.643963],[-0.58955,46.643631],[-0.59029,46.643597],[-0.591438,46.643345],[-0.593015,46.642735],[-0.593616,46.642616],[-0.594367,46.642563],[-0.594678,46.642433],[-0.596652,46.643669],[-0.597306,46.643867],[-0.596974,46.644428],[-0.597285,46.644699],[-0.5978,46.644928],[-0.598422,46.645054],[-0.598787,46.64492],[-0.599002,46.644588],[-0.599291,46.64439],[-0.601491,46.64537],[-0.602306,46.64529],[-0.602993,46.644974],[-0.602993,46.644981],[-0.603637,46.64415],[-0.604098,46.644016],[-0.604559,46.644024],[-0.605686,46.643463],[-0.606662,46.642853],[-0.607177,46.642426],[-0.607595,46.642014],[-0.608261,46.641586],[-0.608271,46.641392],[-0.608582,46.640614],[-0.608186,46.640392],[-0.60766,46.640236],[-0.607252,46.640102],[-0.607123,46.639816],[-0.606898,46.638897],[-0.606308,46.63818],[-0.605375,46.637394],[-0.605471,46.636921],[-0.605782,46.636208],[-0.606329,46.635456],[-0.60678,46.634918],[-0.606716,46.634689],[-0.604409,46.632729],[-0.604527,46.632538],[-0.604624,46.632282],[-0.604613,46.631809],[-0.604452,46.631104],[-0.604699,46.630669],[-0.605074,46.63036],[-0.60605,46.630386],[-0.606973,46.630829],[-0.607628,46.631035],[-0.609012,46.631683],[-0.609988,46.631817],[-0.610106,46.631817],[-0.610685,46.632046],[-0.611007,46.632244],[-0.61237,46.63343],[-0.612735,46.633297],[-0.613754,46.633099],[-0.614387,46.632729],[-0.614955,46.632568],[-0.615224,46.632767],[-0.61591,46.632816],[-0.616629,46.633003],[-0.617133,46.633446],[-0.617391,46.634335],[-0.617265,46.63522],[-0.61649,46.636074],[-0.617166,46.636681],[-0.617369,46.636566],[-0.618088,46.636566],[-0.618807,46.636459],[-0.619054,46.636471],[-0.619472,46.636597],[-0.619676,46.636532],[-0.620234,46.636066],[-0.620583,46.636002],[-0.622112,46.635979],[-0.622541,46.636024],[-0.62349,46.636055],[-0.624783,46.636387],[-0.62591,46.636581],[-0.628189,46.6371],[-0.628291,46.637028],[-0.628018,46.636688],[-0.627905,46.636086],[-0.627728,46.634972],[-0.627851,46.634785],[-0.627637,46.634277],[-0.627835,46.63377],[-0.627975,46.633213],[-0.627905,46.632923],[-0.628061,46.632641],[-0.628506,46.632195],[-0.628871,46.631531],[-0.629069,46.630363],[-0.629209,46.62991],[-0.628957,46.628429],[-0.629117,46.627708],[-0.628994,46.627445],[-0.628619,46.627205],[-0.628307,46.626904],[-0.628002,46.626331],[-0.628023,46.624928],[-0.629171,46.624207],[-0.629455,46.62402],[-0.629547,46.623814],[-0.629665,46.623249],[-0.629842,46.622654],[-0.629772,46.62196],[-0.629611,46.621307],[-0.629665,46.621059],[-0.630019,46.620457],[-0.630485,46.619804],[-0.630641,46.619473],[-0.630705,46.619144],[-0.630743,46.618805],[-0.631767,46.61754],[-0.63103,46.617328],[-0.631022,46.617056],[-0.631392,46.616867],[-0.6318,46.616852],[-0.633152,46.615036],[-0.635136,46.613976],[-0.637003,46.612663],[-0.635952,46.612003],[-0.635126,46.611843],[-0.634766,46.61158],[-0.635061,46.610985],[-0.635195,46.610153],[-0.634927,46.609985],[-0.634793,46.609726],[-0.634664,46.609505],[-0.634224,46.609333],[-0.633291,46.609379],[-0.631853,46.609333],[-0.631628,46.609371],[-0.630834,46.609222],[-0.630062,46.608967],[-0.628817,46.608974],[-0.628313,46.608906],[-0.628173,46.608604],[-0.628302,46.608288],[-0.628173,46.606876],[-0.627894,46.605663],[-0.626081,46.603298],[-0.625802,46.60265],[-0.625073,46.600967],[-0.624998,46.599995],[-0.624171,46.59911],[-0.623839,46.598896],[-0.62386,46.597866],[-0.623721,46.597313],[-0.624343,46.596691],[-0.625437,46.595821],[-0.625813,46.595245],[-0.625995,46.59454],[-0.626006,46.593929],[-0.626156,46.593735],[-0.626135,46.593472],[-0.62665,46.593464],[-0.62739,46.593544],[-0.627959,46.593281],[-0.62857,46.592491],[-0.628903,46.5919],[-0.629042,46.591053],[-0.63063,46.591236],[-0.632374,46.590595],[-0.633055,46.590271],[-0.633999,46.589771],[-0.635485,46.589432],[-0.636268,46.589466],[-0.637169,46.589321],[-0.637035,46.588734],[-0.637003,46.588089],[-0.637089,46.588047],[-0.63695,46.587955],[-0.63732,46.587608],[-0.637867,46.587406],[-0.638199,46.587147],[-0.638956,46.586712],[-0.64019,46.585743],[-0.640705,46.585037],[-0.640962,46.58429],[-0.641102,46.5839],[-0.642035,46.582264],[-0.641123,46.581829],[-0.639653,46.581562],[-0.639954,46.581268],[-0.640503,46.581091],[-0.641048,46.581055],[-0.641456,46.580746],[-0.64181,46.580399],[-0.642046,46.580242],[-0.642046,46.580124],[-0.642078,46.579357],[-0.642228,46.579285],[-0.642679,46.579239],[-0.642786,46.579121],[-0.642786,46.578987],[-0.640951,46.578266],[-0.640887,46.578163],[-0.640876,46.57745],[-0.640522,46.576473],[-0.64064,46.574852],[-0.640265,46.573406],[-0.638001,46.571045],[-0.636638,46.570118],[-0.635426,46.569046],[-0.635673,46.568958],[-0.637497,46.568863],[-0.639246,46.568863],[-0.640082,46.568729],[-0.64063,46.568714],[-0.642529,46.568981],[-0.644277,46.568626],[-0.645887,46.567921],[-0.64829,46.567173],[-0.649813,46.566635],[-0.650457,46.566429],[-0.65153,46.566288],[-0.653493,46.566208],[-0.653847,46.566216],[-0.65432,46.566074],[-0.657409,46.567078],[-0.660416,46.568507],[-0.661776,46.56749],[-0.661411,46.567047],[-0.662452,46.566769],[-0.664608,46.567284],[-0.664684,46.567703],[-0.665166,46.567699],[-0.665703,46.56744],[-0.667194,46.567219],[-0.667516,46.56702],[-0.668052,46.566437],[-0.668567,46.565807],[-0.669308,46.564255],[-0.670155,46.563412],[-0.668208,46.562786],[-0.668326,46.562553],[-0.668372,46.562508],[-0.668444,46.562195]]],"type":"MultiLineString"},"properties":{"geo_point":{"lon":-0.2961902934672141,"lat":46.54365578324729},"name":"GR364 De Lusignan (Vienne) à Puy-de-Serre (Vendée) (2019)","code_gr":"GR364"}},{"type":"Feature","geometry":{"coordinates":[[[-0.668444,46.562195],[-0.668294,46.562023],[-0.667143,46.56139],[-0.667623,46.560963],[-0.66802,46.560764],[-0.671185,46.559807],[-0.671652,46.560081],[-0.672805,46.560513],[-0.673873,46.561157],[-0.674468,46.561237],[-0.676003,46.561035],[-0.676914,46.561066],[-0.67736,46.561058],[-0.67832,46.560921],[-0.679908,46.560371],[-0.681163,46.559963],[-0.681608,46.559895],[-0.682349,46.55957],[-0.685015,46.559189],[-0.685739,46.55901],[-0.686769,46.558453],[-0.687236,46.558182],[-0.687976,46.557781],[-0.688711,46.557384],[-0.689478,46.557102],[-0.690154,46.556797],[-0.690899,46.556587],[-0.691608,46.556507],[-0.692927,46.556557],[-0.693249,46.55666],[-0.694757,46.556889],[-0.694864,46.556988],[-0.696521,46.557148],[-0.69768,46.557175],[-0.698866,46.557289],[-0.700529,46.557381],[-0.705281,46.557739],[-0.704702,46.558468],[-0.704498,46.560314],[-0.709927,46.56041],[-0.709949,46.562393],[-0.715141,46.562668],[-0.71527,46.561825],[-0.716085,46.562164],[-0.716965,46.56255],[-0.717974,46.56271],[-0.721343,46.561665],[-0.725226,46.560719],[-0.730054,46.559319],[-0.732973,46.557636],[-0.733294,46.557636],[-0.735891,46.555866],[-0.736792,46.555483],[-0.738101,46.555037],[-0.739066,46.554892],[-0.740097,46.554863],[-0.741448,46.555599],[-0.742178,46.554863],[-0.74235,46.554317],[-0.743487,46.554375],[-0.74398,46.553577],[-0.74441,46.553299],[-0.745246,46.553917],[-0.746019,46.552765],[-0.746405,46.552635],[-0.747199,46.551823],[-0.748422,46.551849],[-0.752156,46.551067],[-0.752349,46.550949],[-0.752242,46.547647],[-0.752017,46.54699],[-0.752295,46.546435],[-0.752767,46.54612],[-0.753207,46.545877],[-0.753604,46.545551],[-0.754119,46.544746],[-0.754795,46.544147],[-0.755224,46.544067],[-0.755535,46.543903],[-0.756158,46.542553],[-0.756243,46.54229],[-0.756898,46.541542],[-0.758185,46.540878],[-0.758529,46.540497],[-0.75869,46.54015],[-0.758657,46.539639],[-0.758775,46.53933],[-0.758851,46.538933],[-0.759012,46.538605],[-0.759108,46.537964],[-0.760041,46.536724],[-0.760192,46.536385],[-0.761061,46.535839],[-0.761168,46.535003],[-0.760632,46.534061],[-0.760717,46.533733],[-0.76238,46.532009],[-0.76238,46.531654],[-0.761136,46.531048],[-0.760975,46.530437],[-0.761393,46.529625],[-0.761286,46.529198],[-0.761404,46.529114],[-0.762509,46.529507],[-0.763196,46.529518],[-0.764183,46.529373],[-0.765738,46.528576],[-0.767144,46.527225],[-0.767616,46.526909],[-0.768067,46.526997],[-0.76811,46.527367],[-0.767884,46.527897],[-0.767198,46.528385],[-0.766919,46.529011],[-0.766897,46.52927],[-0.766575,46.529446],[-0.766168,46.529484],[-0.76547,46.52998],[-0.766404,46.53067],[-0.766962,46.531528],[-0.766972,46.531811],[-0.767251,46.53157],[-0.768689,46.53104],[-0.769043,46.53082],[-0.769182,46.530355],[-0.769579,46.530201],[-0.770169,46.530186],[-0.771779,46.530441],[-0.772015,46.530769],[-0.772294,46.532791],[-0.77283,46.533382],[-0.773613,46.533836],[-0.774268,46.533249],[-0.775437,46.532715],[-0.775352,46.532503],[-0.774418,46.532709],[-0.773989,46.532761],[-0.773774,46.532627],[-0.774579,46.532024],[-0.774697,46.531689],[-0.774858,46.531425],[-0.775244,46.531235],[-0.776135,46.530415],[-0.77769,46.529564],[-0.778581,46.529675],[-0.779182,46.529652],[-0.780287,46.529579],[-0.781006,46.529675],[-0.782175,46.53017],[-0.782593,46.530296],[-0.783259,46.530422],[-0.784246,46.530804],[-0.78519,46.531483],[-0.785705,46.530811],[-0.785458,46.530415],[-0.785801,46.529411],[-0.788977,46.530327],[-0.791509,46.530857],[-0.790737,46.532887],[-0.791273,46.538879],[-0.79432,46.541595],[-0.797603,46.543987],[-0.800543,46.54549],[-0.801927,46.546684],[-0.802377,46.546974],[-0.803279,46.547226],[-0.803397,46.547329],[-0.805178,46.547676],[-0.805328,46.548058],[-0.805736,46.548031],[-0.808665,46.549603],[-0.809448,46.549793],[-0.812387,46.549881],[-0.81198,46.550316],[-0.811079,46.552391],[-0.810102,46.553089],[-0.809437,46.55368],[-0.809298,46.554226],[-0.809308,46.554604],[-0.80815,46.556183],[-0.808182,46.556396],[-0.808825,46.556927],[-0.807753,46.557438],[-0.806261,46.558655],[-0.806819,46.558758],[-0.807313,46.558807],[-0.808675,46.559341],[-0.809791,46.559258],[-0.810285,46.559296],[-0.810939,46.559444],[-0.812602,46.560345],[-0.814769,46.561287],[-0.815499,46.561459],[-0.81713,46.563702],[-0.817119,46.564053],[-0.816754,46.564571],[-0.816894,46.564842],[-0.818803,46.567047],[-0.820198,46.568737],[-0.821003,46.569218],[-0.821131,46.569576],[-0.821078,46.569897],[-0.821528,46.570461],[-0.821528,46.570461],[-0.822564,46.570404],[-0.824549,46.570461],[-0.826324,46.570705],[-0.82736,46.570908],[-0.827483,46.57082],[-0.827901,46.564819],[-0.827343,46.563522],[-0.832547,46.55999],[-0.832869,46.559666],[-0.832955,46.559361],[-0.832965,46.559074],[-0.834285,46.557793],[-0.834725,46.557549],[-0.835744,46.55732],[-0.836388,46.556862],[-0.836624,46.556793],[-0.837375,46.556824],[-0.83774,46.55669],[-0.837922,46.556213],[-0.83848,46.555702],[-0.839016,46.55545],[-0.840937,46.555843],[-0.841312,46.556026],[-0.843458,46.557407],[-0.844156,46.558846],[-0.845057,46.558918],[-0.846226,46.559494],[-0.846602,46.559929],[-0.847986,46.560795],[-0.848265,46.561111],[-0.849499,46.561451],[-0.850679,46.561371],[-0.851043,46.561493],[-0.851816,46.561943],[-0.852631,46.562157],[-0.853232,46.562298],[-0.854284,46.562778],[-0.855217,46.563427],[-0.855689,46.564091],[-0.856848,46.564842],[-0.857084,46.564873],[-0.857213,46.563671],[-0.857384,46.563427],[-0.859766,46.561619],[-0.860174,46.561153],[-0.860828,46.560726],[-0.860968,46.560543],[-0.861139,46.559864],[-0.861365,46.558994],[-0.861053,46.557709],[-0.861161,46.557459],[-0.861471,46.557141],[-0.861933,46.557011],[-0.862566,46.557014],[-0.863092,46.55707],[-0.863736,46.557024],[-0.863189,46.555984],[-0.863489,46.555458],[-0.863682,46.555267],[-0.863757,46.555054],[-0.863972,46.554653],[-0.86395,46.55394],[-0.863972,46.553768],[-0.86454,46.5536],[-0.864648,46.553276],[-0.864444,46.552979],[-0.864347,46.552345],[-0.864894,46.552338],[-0.865967,46.552502],[-0.865892,46.552803],[-0.866364,46.553261],[-0.866944,46.553513],[-0.86748,46.553909],[-0.867459,46.554115],[-0.867684,46.554642],[-0.867995,46.554787],[-0.868392,46.554863],[-0.868778,46.554832],[-0.869626,46.554974],[-0.871225,46.555139],[-0.871922,46.555422],[-0.87352,46.556564],[-0.873767,46.556332],[-0.874454,46.556122],[-0.87484,46.556026],[-0.875205,46.555813],[-0.875344,46.555771],[-0.875591,46.555843],[-0.875376,46.556248],[-0.875677,46.556232],[-0.876921,46.556499],[-0.878692,46.557716],[-0.878735,46.557945],[-0.8797,46.557961],[-0.880183,46.558041],[-0.880612,46.558285],[-0.880687,46.558578],[-0.880859,46.558727],[-0.881095,46.558815],[-0.882168,46.559147],[-0.882565,46.559147],[-0.883015,46.55917],[-0.883852,46.559334],[-0.884657,46.55954],[-0.886256,46.560719],[-0.88676,46.560867],[-0.888026,46.561127],[-0.888734,46.561405],[-0.890032,46.561943],[-0.890762,46.562469],[-0.891083,46.562592],[-0.892671,46.563198],[-0.89442,46.563957],[-0.894785,46.564034],[-0.894839,46.564156],[-0.895965,46.564018],[-0.896727,46.563774],[-0.897263,46.563671],[-0.899581,46.563702],[-0.900536,46.563389],[-0.901405,46.563301],[-0.902392,46.562675],[-0.902703,46.562614],[-0.903475,46.562637],[-0.906458,46.562141],[-0.90767,46.56218],[-0.908003,46.562023],[-0.9084,46.561775],[-0.909119,46.561008],[-0.910406,46.560898],[-0.911028,46.561024],[-0.911543,46.561138],[-0.912423,46.561256],[-0.913217,46.561302],[-0.914869,46.562046],[-0.915223,46.561405],[-0.917165,46.561375],[-0.917755,46.561428],[-0.920867,46.561989],[-0.923367,46.564495],[-0.925984,46.565647],[-0.925534,46.566002],[-0.923978,46.567005],[-0.923989,46.568783],[-0.925448,46.570618],[-0.925716,46.571114],[-0.925727,46.57169],[-0.925266,46.572807],[-0.924246,46.57494],[-0.924386,46.575058],[-0.925105,46.575222],[-0.925126,46.575478],[-0.92459,46.577255],[-0.924675,46.577477],[-0.92607,46.579315],[-0.928227,46.581238],[-0.92886,46.582321],[-0.929546,46.583282],[-0.930104,46.585133],[-0.930029,46.585228],[-0.930587,46.585491],[-0.931102,46.585907],[-0.931542,46.586628],[-0.931606,46.587032],[-0.931767,46.587433],[-0.93195,46.587719],[-0.931864,46.587837],[-0.933216,46.589664],[-0.932271,46.59066],[-0.933784,46.591488],[-0.93372,46.591709],[-0.9324,46.592941],[-0.932733,46.593613],[-0.933838,46.594177],[-0.932754,46.595551],[-0.932636,46.596375],[-0.932572,46.596951],[-0.932121,46.597363],[-0.931896,46.597679],[-0.930716,46.598366],[-0.930662,46.598476],[-0.931209,46.59948],[-0.931896,46.600399],[-0.932121,46.600506],[-0.931005,46.601566],[-0.929804,46.602161],[-0.929096,46.602451],[-0.92857,46.602928],[-0.928602,46.60334],[-0.927358,46.605289],[-0.926714,46.606121],[-0.925394,46.60696],[-0.924643,46.607349],[-0.924697,46.607449],[-0.925491,46.607979],[-0.924772,46.609039],[-0.924461,46.609688],[-0.924665,46.609882],[-0.924767,46.609993],[-0.924756,46.610275],[-0.924933,46.610325],[-0.925856,46.610943],[-0.926489,46.611286],[-0.927626,46.611458],[-0.927958,46.611671],[-0.928366,46.61237],[-0.92842,46.612495],[-0.928967,46.612938],[-0.929375,46.613445],[-0.929793,46.613941],[-0.931231,46.61475],[-0.931478,46.614948],[-0.932883,46.616798],[-0.932926,46.617287],[-0.932829,46.617641],[-0.933355,46.61731],[-0.933908,46.617107],[-0.934305,46.616955],[-0.934492,46.61718],[-0.935592,46.617107],[-0.936633,46.617088],[-0.937368,46.617207],[-0.93799,46.617184],[-0.938762,46.617329],[-0.939417,46.617256],[-0.940007,46.61731],[-0.940114,46.616741],[-0.940855,46.616142],[-0.941294,46.615913],[-0.941348,46.615707],[-0.941434,46.615482],[-0.941691,46.615376],[-0.942432,46.614613],[-0.942389,46.613483],[-0.942292,46.613224],[-0.942421,46.612732],[-0.942947,46.613079],[-0.943955,46.613647],[-0.943751,46.61422],[-0.944105,46.614883],[-0.944652,46.615215],[-0.945533,46.615415],[-0.946315,46.615539],[-0.947742,46.61579],[-0.947978,46.616137],[-0.94918,46.61664],[-0.949791,46.617167],[-0.950167,46.617418],[-0.95065,46.61797],[-0.951133,46.618259],[-0.951691,46.618473],[-0.952259,46.618828],[-0.952678,46.61935],[-0.952957,46.619865],[-0.95345,46.620125],[-0.95492,46.620358],[-0.955102,46.620365],[-0.956111,46.620838],[-0.957162,46.62117],[-0.957935,46.621147],[-0.95875,46.620964],[-0.959029,46.620979],[-0.959308,46.621449],[-0.959512,46.621849],[-0.96037,46.62249],[-0.960628,46.623646],[-0.96125,46.624035],[-0.961776,46.62431],[-0.962055,46.62466],[-0.96272,46.624992],[-0.963278,46.625046],[-0.963921,46.625272],[-0.964651,46.625408],[-0.965767,46.625481],[-0.965933,46.626295],[-0.9661,46.626638],[-0.965788,46.627028],[-0.96552,46.627906],[-0.964994,46.629166],[-0.965059,46.63002],[-0.965424,46.630726],[-0.965402,46.63105],[-0.966121,46.631516],[-0.966346,46.631668],[-0.966733,46.631851],[-0.967398,46.633289],[-0.967484,46.63393],[-0.967677,46.634754],[-0.967387,46.634977],[-0.965853,46.635315],[-0.966529,46.635624],[-0.966958,46.635925],[-0.968953,46.637047],[-0.970327,46.6381],[-0.970402,46.638321],[-0.970799,46.638683],[-0.971067,46.639065],[-0.97111,46.639374],[-0.970981,46.639957],[-0.971324,46.639965],[-0.971571,46.64003],[-0.972043,46.640347],[-0.972322,46.640434],[-0.973814,46.640488],[-0.974178,46.640163],[-0.974833,46.639713],[-0.975777,46.639942],[-0.976281,46.639984],[-0.977408,46.63995],[-0.977912,46.640068],[-0.978738,46.640297],[-0.979693,46.640427],[-0.980262,46.640686],[-0.98098,46.6404],[-0.981646,46.640339],[-0.984467,46.641487],[-0.985014,46.64127],[-0.985873,46.640797],[-0.987396,46.639206],[-0.988008,46.639774],[-0.988169,46.640427],[-0.988287,46.6404],[-0.98951,46.640846],[-0.991602,46.641312],[-0.993233,46.641586],[-0.994531,46.641476],[-0.995293,46.641273],[-0.99569,46.641365],[-0.996494,46.641762],[-0.996838,46.641888],[-0.997567,46.64233],[-0.998254,46.642578],[-0.999466,46.642719],[-1.00144,46.642822],[-1.002223,46.64286],[-1.003704,46.643082],[-1.004004,46.643154],[-1.005646,46.644058],[-1.00629,46.644466],[-1.006858,46.644634],[-1.008596,46.644688],[-1.008511,46.644295],[-1.008532,46.643929],[-1.008178,46.642815],[-1.008167,46.642658],[-1.007931,46.642467],[-1.010174,46.639278],[-1.010463,46.63892],[-1.011332,46.63813],[-1.011643,46.638271],[-1.012448,46.638588],[-1.015248,46.638718],[-1.017898,46.639572],[-1.018488,46.63969],[-1.022007,46.641453],[-1.022125,46.641598],[-1.022222,46.642269],[-1.023595,46.642681],[-1.024915,46.642956],[-1.02543,46.642967],[-1.02528,46.644699],[-1.025307,46.64497],[-1.024325,46.646011],[-1.024089,46.646423],[-1.023488,46.646976],[-1.023687,46.64835],[-1.022501,46.6497],[-1.022544,46.64996],[-1.021889,46.650681],[-1.021128,46.651272],[-1.020688,46.651417],[-1.022619,46.652367],[-1.023542,46.652985],[-1.025827,46.654114],[-1.026556,46.654251],[-1.027393,46.65448],[-1.02779,46.654377],[-1.02838,46.654346],[-1.029292,46.654446],[-1.030108,46.654385],[-1.033055,46.654434],[-1.033047,46.654247],[-1.032436,46.653778],[-1.032211,46.65337],[-1.03224,46.653114],[-1.032313,46.652851],[-1.032404,46.652435],[-1.032372,46.651947],[-1.032629,46.65144],[-1.033155,46.650951],[-1.033959,46.650459],[-1.03485,46.649643],[-1.033981,46.647778],[-1.034115,46.64724],[-1.034764,46.646667],[-1.034968,46.645962],[-1.034823,46.644955],[-1.034265,46.644653],[-1.033777,46.644329],[-1.033584,46.644081],[-1.033554,46.643505],[-1.033133,46.64307],[-1.033377,46.642967],[-1.034397,46.642822],[-1.035421,46.642555],[-1.035773,46.642345],[-1.037382,46.641945],[-1.038015,46.641556],[-1.038927,46.642014],[-1.039603,46.642418],[-1.039935,46.642555],[-1.040311,46.642681],[-1.040491,46.642853],[-1.040542,46.643089],[-1.040796,46.643257],[-1.04133,46.64328],[-1.041837,46.643505],[-1.04221,46.643528],[-1.042532,46.643398],[-1.042529,46.64333],[-1.042811,46.64328],[-1.042829,46.643211],[-1.042939,46.643028],[-1.043411,46.642689],[-1.043615,46.642467],[-1.04413,46.642277],[-1.044254,46.642021],[-1.04427,46.641754],[-1.043476,46.640766],[-1.042929,46.640015],[-1.043615,46.640022],[-1.044313,46.639751],[-1.04486,46.639629],[-1.046249,46.639774],[-1.046727,46.639633],[-1.047306,46.639198],[-1.047317,46.638737],[-1.047671,46.638325],[-1.049248,46.638416],[-1.051608,46.63839],[-1.053153,46.637321],[-1.05354,46.63792],[-1.054097,46.638329],[-1.055535,46.636944],[-1.055449,46.636803],[-1.054752,46.636547],[-1.05473,46.636341],[-1.055213,46.635403],[-1.054591,46.63464],[-1.054333,46.634632],[-1.054226,46.63393],[-1.053872,46.633194],[-1.053861,46.632767],[-1.054054,46.63245],[-1.054323,46.632206],[-1.055074,46.631413],[-1.055771,46.63018],[-1.055857,46.629665],[-1.056361,46.627956],[-1.057681,46.62685],[-1.057853,46.626465],[-1.058362,46.625679],[-1.058443,46.625111],[-1.058872,46.624168],[-1.059065,46.62347],[-1.059376,46.622776],[-1.05936,46.621597],[-1.059864,46.618519],[-1.05966,46.617573],[-1.059033,46.617119],[-1.058298,46.616241],[-1.058416,46.615421],[-1.058099,46.615078],[-1.056769,46.614693],[-1.055439,46.613609],[-1.054886,46.613003],[-1.054151,46.611694],[-1.054033,46.611073],[-1.052037,46.609489],[-1.050128,46.608124],[-1.050128,46.608124],[-1.050747,46.607656],[-1.050532,46.606815],[-1.050535,46.606739],[-1.050535,46.606739],[-1.050283,46.606667],[-1.050256,46.60648],[-1.050364,46.60606],[-1.050305,46.605934],[-1.049618,46.605499],[-1.049302,46.605156],[-1.049307,46.604774],[-1.049532,46.60408],[-1.049538,46.602901],[-1.04935,46.602184],[-1.049125,46.601688],[-1.049318,46.601437],[-1.05001,46.599506],[-1.050128,46.599125],[-1.050342,46.597694],[-1.050417,46.597507],[-1.051818,46.597767],[-1.053609,46.598206],[-1.056367,46.598835],[-1.056983,46.599041],[-1.057456,46.599323],[-1.057928,46.599606],[-1.058882,46.60001],[-1.060331,46.599876],[-1.060653,46.599743],[-1.061393,46.600142],[-1.061983,46.600304],[-1.062594,46.600585],[-1.063764,46.600807],[-1.064633,46.600807],[-1.065481,46.601078],[-1.06606,46.601166],[-1.066543,46.601608],[-1.066833,46.601353],[-1.066833,46.601147],[-1.066532,46.600689],[-1.06636,46.599884],[-1.066468,46.599758],[-1.066639,46.599854],[-1.068528,46.599766],[-1.069086,46.599361],[-1.069729,46.59906],[-1.070116,46.598824],[-1.070513,46.598728],[-1.071682,46.598534],[-1.070985,46.597298],[-1.069794,46.597164],[-1.069096,46.596989],[-1.069075,46.596722],[-1.06944,46.596146],[-1.06944,46.595882],[-1.069171,46.594982],[-1.069429,46.594009],[-1.06959,46.593933],[-1.069493,46.593079],[-1.069493,46.592628],[-1.069472,46.592365],[-1.069322,46.591648],[-1.069515,46.590412],[-1.070491,46.590427],[-1.07136,46.590477],[-1.072057,46.590595],[-1.072476,46.590546],[-1.07372,46.589996],[-1.073989,46.589741],[-1.074343,46.589336],[-1.074568,46.589188],[-1.075759,46.588902],[-1.07636,46.588589],[-1.077433,46.588848],[-1.08005,46.588722],[-1.080544,46.588665],[-1.081123,46.588745],[-1.082014,46.588982],[-1.082904,46.589336],[-1.083709,46.589504],[-1.084771,46.589939],[-1.085018,46.589859],[-1.08638,46.588478],[-1.086735,46.588341],[-1.087335,46.588413],[-1.088955,46.589024],[-1.088827,46.58963],[-1.088462,46.590153],[-1.087646,46.590729],[-1.087132,46.59095],[-1.087035,46.591393],[-1.085715,46.592381],[-1.085007,46.592682],[-1.083816,46.593826],[-1.082797,46.594406],[-1.082239,46.594799],[-1.081585,46.5951],[-1.080812,46.595242],[-1.08093,46.59634],[-1.081327,46.596043],[-1.082658,46.595654],[-1.083366,46.595337],[-1.084514,46.594681],[-1.085629,46.593891],[-1.086777,46.593117],[-1.088784,46.590942],[-1.089503,46.590611],[-1.09035,46.589142],[-1.090876,46.588406],[-1.091101,46.58786],[-1.091337,46.587631],[-1.091734,46.587677],[-1.092045,46.58791],[-1.092389,46.588036],[-1.092603,46.588287],[-1.093099,46.588621],[-1.093508,46.58863],[-1.093426,46.588353],[-1.093735,46.588154],[-1.094411,46.588104],[-1.095698,46.588779],[-1.095897,46.588722],[-1.097984,46.588963],[-1.098252,46.589088],[-1.098483,46.589619],[-1.099303,46.589859],[-1.099926,46.59013],[-1.100816,46.591221],[-1.1011,46.591404],[-1.102211,46.5919],[-1.103214,46.59259],[-1.10389,46.592861],[-1.105301,46.593609],[-1.105435,46.593529],[-1.106004,46.592403],[-1.106926,46.591339],[-1.108192,46.590382],[-1.1089,46.59008],[-1.110188,46.589424],[-1.111894,46.589363],[-1.112398,46.589512],[-1.113954,46.589874],[-1.114694,46.591576],[-1.114651,46.592003],[-1.114265,46.593346],[-1.114211,46.594059],[-1.114039,46.594704],[-1.114565,46.595646],[-1.11479,46.595829],[-1.115263,46.595924],[-1.115327,46.59544],[-1.117473,46.596023],[-1.117891,46.595631],[-1.118599,46.595625],[-1.119275,46.595381],[-1.119758,46.595379],[-1.120499,46.596116],[-1.121593,46.59684],[-1.122172,46.596922],[-1.123127,46.596913],[-1.123888,46.597099],[-1.125337,46.597504],[-1.126775,46.598064],[-1.126893,46.598312],[-1.128051,46.598534],[-1.12862,46.598499],[-1.129113,46.598595],[-1.129704,46.598816],[-1.131034,46.599419],[-1.131238,46.599377],[-1.131645,46.598984],[-1.132557,46.599197],[-1.13319,46.599796],[-1.13274,46.600082],[-1.132225,46.600475],[-1.131839,46.60099],[-1.128502,46.604801],[-1.129339,46.605545],[-1.129661,46.605717],[-1.130487,46.606468],[-1.130594,46.606873],[-1.129167,46.609585],[-1.129178,46.609829],[-1.130219,46.610558],[-1.131163,46.610897],[-1.131678,46.611176],[-1.132922,46.611347],[-1.133898,46.611523],[-1.134886,46.611801],[-1.135722,46.612217],[-1.136634,46.613213],[-1.137986,46.614819],[-1.138448,46.615082],[-1.139928,46.615532],[-1.140422,46.61557],[-1.140615,46.615791],[-1.141902,46.617905],[-1.143211,46.620461],[-1.142642,46.621384],[-1.142739,46.621487],[-1.142857,46.621433],[-1.143179,46.620903],[-1.144499,46.620087],[-1.144938,46.619804],[-1.146258,46.618458],[-1.147406,46.617596],[-1.14747,46.617065],[-1.147782,46.616543],[-1.149069,46.615253],[-1.14967,46.614376],[-1.150357,46.613071],[-1.150357,46.612576],[-1.151633,46.612576],[-1.152309,46.612438],[-1.153554,46.612423],[-1.153876,46.612541],[-1.15438,46.612549],[-1.156644,46.612835],[-1.157223,46.613396],[-1.156998,46.614086],[-1.15835,46.616188],[-1.160721,46.617233],[-1.161504,46.617184],[-1.162952,46.617428],[-1.162866,46.617977],[-1.16219,46.618507],[-1.162577,46.618828],[-1.163102,46.619114],[-1.163424,46.619385],[-1.163532,46.619686],[-1.163199,46.620476],[-1.163596,46.621201],[-1.163929,46.621449],[-1.164937,46.622997],[-1.16528,46.623402],[-1.165248,46.623623],[-1.164991,46.624287],[-1.164937,46.624763],[-1.164476,46.625221],[-1.164014,46.625622],[-1.164025,46.626297],[-1.167764,46.62645],[-1.168054,46.626526],[-1.168494,46.626442],[-1.168456,46.626816],[-1.168697,46.627907],[-1.168665,46.62809],[-1.168247,46.628696],[-1.168075,46.628738],[-1.16778,46.628704],[-1.167598,46.629124],[-1.1669,46.629009],[-1.166434,46.628994],[-1.165463,46.628876],[-1.165913,46.629963],[-1.165946,46.630291],[-1.165806,46.63065],[-1.165602,46.63084],[-1.165522,46.631531],[-1.166756,46.632763],[-1.167013,46.632828],[-1.167464,46.633018],[-1.168612,46.633904],[-1.168976,46.634491],[-1.169357,46.634624],[-1.170318,46.63456],[-1.170232,46.63422],[-1.170382,46.634098],[-1.17197,46.633785],[-1.172302,46.633598],[-1.173724,46.632423],[-1.17514,46.631618],[-1.177565,46.630466],[-1.178863,46.630085],[-1.180151,46.629929],[-1.180944,46.630005],[-1.180644,46.629429],[-1.180311,46.628448],[-1.181073,46.62788],[-1.182489,46.627022],[-1.18265,46.626801],[-1.183197,46.625641],[-1.183487,46.625385],[-1.184142,46.624847],[-1.184603,46.623867],[-1.185011,46.623077],[-1.185386,46.622105],[-1.185536,46.621685],[-1.185386,46.621502],[-1.185429,46.621243],[-1.185933,46.620331],[-1.186641,46.619682],[-1.187317,46.619408],[-1.187714,46.61916],[-1.188079,46.619003],[-1.188229,46.618797],[-1.188508,46.618694],[-1.191695,46.618008],[-1.191941,46.617912],[-1.193358,46.616962],[-1.193905,46.616386],[-1.192306,46.615398],[-1.192092,46.614742],[-1.191866,46.614449],[-1.191105,46.614006],[-1.191008,46.61377],[-1.191337,46.613463],[-1.191663,46.613395],[-1.192456,46.613822],[-1.192753,46.613609],[-1.196491,46.610555],[-1.196952,46.610049],[-1.19736,46.60943],[-1.197875,46.608015],[-1.19854,46.606806],[-1.19869,46.606482],[-1.199849,46.605862],[-1.200364,46.605317],[-1.200922,46.60508],[-1.20252,46.604019],[-1.203797,46.603127],[-1.205074,46.601749],[-1.205943,46.600342],[-1.206865,46.599796],[-1.207885,46.599102],[-1.208947,46.598667],[-1.209741,46.598415],[-1.210749,46.598343],[-1.211307,46.598145],[-1.211897,46.598206],[-1.212434,46.597878],[-1.212927,46.597931],[-1.213324,46.597607],[-1.213528,46.596886],[-1.213109,46.596825],[-1.212884,46.593346],[-1.212316,46.592823],[-1.212798,46.592026],[-1.21326,46.590691],[-1.21473,46.588589],[-1.215202,46.587601],[-1.218613,46.588451],[-1.221972,46.590004],[-1.223795,46.588135],[-1.224085,46.58778],[-1.225104,46.585537],[-1.225426,46.585064],[-1.225866,46.584808],[-1.230619,46.583324],[-1.232861,46.584637],[-1.233934,46.585072],[-1.234964,46.585709],[-1.235147,46.586246],[-1.235468,46.586159],[-1.235629,46.585812],[-1.235522,46.585331],[-1.235179,46.585007],[-1.235082,46.584503],[-1.235372,46.584091],[-1.236241,46.583466],[-1.236413,46.583252],[-1.236241,46.582874],[-1.235468,46.582455],[-1.235307,46.582058],[-1.235822,46.581276],[-1.235865,46.580936],[-1.235447,46.580509],[-1.234857,46.580235],[-1.234717,46.579861],[-1.235157,46.579498],[-1.235297,46.579182],[-1.235157,46.578651],[-1.234846,46.578335],[-1.234792,46.578156],[-1.235393,46.578156],[-1.234932,46.577793],[-1.234911,46.577377],[-1.233807,46.577345],[-1.234474,46.577156],[-1.234635,46.576887],[-1.235003,46.575938],[-1.235348,46.575069],[-1.235463,46.574326],[-1.235739,46.574294],[-1.23567,46.573678],[-1.235279,46.572761],[-1.235762,46.572919],[-1.236521,46.572413],[-1.23659,46.572239],[-1.236728,46.572097],[-1.236636,46.571749],[-1.237395,46.571322],[-1.237717,46.570911],[-1.238016,46.570405],[-1.238338,46.570294],[-1.238614,46.570152],[-1.240362,46.570785],[-1.240592,46.570326],[-1.241328,46.570326],[-1.241774,46.570127],[-1.242334,46.570154],[-1.243145,46.570168],[-1.243516,46.570285],[-1.243656,46.570443],[-1.243616,46.57054],[-1.243135,46.570746],[-1.242825,46.571097],[-1.242765,46.571558],[-1.242815,46.572418],[-1.242925,46.572742],[-1.243085,46.572976],[-1.243405,46.573244],[-1.243546,46.57343],[-1.244096,46.573801],[-1.244757,46.574579],[-1.245197,46.574772],[-1.245568,46.575556],[-1.245428,46.575921],[-1.245488,46.576719],[-1.245578,46.576919],[-1.245818,46.577084],[-1.246108,46.576932],[-1.246423,46.576836],[-1.247957,46.57682],[-1.248322,46.576778],[-1.249566,46.576431],[-1.252077,46.575413],[-1.25257,46.575325],[-1.254748,46.575279],[-1.258396,46.574947],[-1.25904,46.575073],[-1.259319,46.57531],[-1.260563,46.57682],[-1.261443,46.577801],[-1.261572,46.577744],[-1.261754,46.577351],[-1.262269,46.577175],[-1.262966,46.576431],[-1.26316,46.576431],[-1.265284,46.577427],[-1.266024,46.577728],[-1.266453,46.577934],[-1.267215,46.578384],[-1.267719,46.57859],[-1.268996,46.579079],[-1.270723,46.579578],[-1.270959,46.579365],[-1.27156,46.578857],[-1.272354,46.577309],[-1.272612,46.576439],[-1.272676,46.575905],[-1.272869,46.575462],[-1.271217,46.57486],[-1.271818,46.573914],[-1.272215,46.572189],[-1.272794,46.572117],[-1.27332,46.571915],[-1.273792,46.571896],[-1.27426,46.572065],[-1.27449,46.571322],[-1.275755,46.569536],[-1.276399,46.568539],[-1.276882,46.568271],[-1.277572,46.567037],[-1.280286,46.567259],[-1.281298,46.567512],[-1.282103,46.567812],[-1.284724,46.568887],[-1.284864,46.568451],[-1.28525,46.567829],[-1.285293,46.566185],[-1.285819,46.565166],[-1.285819,46.564667],[-1.28672,46.564835],[-1.288329,46.564667],[-1.289864,46.564991],[-1.290668,46.562851],[-1.291355,46.562828],[-1.292127,46.562668],[-1.292621,46.562462],[-1.293082,46.562439],[-1.293125,46.56237],[-1.296526,46.563583],[-1.29732,46.563702],[-1.299359,46.563847],[-1.300507,46.564083],[-1.301193,46.564083],[-1.301934,46.564121],[-1.303843,46.564461],[-1.305109,46.564762],[-1.307309,46.564976],[-1.308231,46.565014],[-1.30924,46.565235],[-1.309959,46.565506],[-1.310774,46.565891],[-1.311933,46.566257],[-1.312405,46.566525],[-1.313821,46.567356],[-1.314937,46.568222],[-1.315151,46.56842],[-1.31557,46.569321],[-1.315709,46.569344],[-1.317834,46.570957],[-1.318799,46.571255],[-1.3197,46.571362],[-1.320451,46.571533],[-1.32117,46.571651],[-1.321911,46.571968],[-1.323305,46.570847],[-1.323713,46.570793],[-1.324958,46.570869],[-1.325676,46.570396],[-1.32544,46.569607],[-1.325537,46.569401],[-1.32543,46.569241],[-1.324829,46.568981],[-1.324818,46.568832],[-1.32514,46.568523],[-1.325397,46.568333],[-1.32573,46.567822],[-1.327683,46.565941],[-1.328455,46.566223],[-1.328777,46.566563],[-1.329453,46.566673],[-1.329882,46.566597],[-1.330698,46.566257],[-1.331513,46.565369],[-1.334141,46.564312],[-1.335118,46.563862],[-1.335933,46.563198],[-1.33677,46.563065],[-1.337156,46.563198],[-1.337188,46.563602],[-1.337553,46.564091],[-1.337875,46.563774],[-1.33809,46.56382],[-1.339152,46.563473],[-1.339592,46.563145],[-1.340321,46.56282],[-1.341598,46.562637],[-1.342269,46.562962],[-1.342765,46.563103],[-1.344173,46.563667],[-1.344538,46.563324],[-1.344784,46.562843],[-1.345106,46.562622],[-1.346169,46.562843],[-1.346855,46.563499],[-1.347295,46.563721],[-1.348422,46.562725],[-1.349527,46.562424],[-1.349752,46.561909],[-1.349677,46.56134],[-1.349258,46.560638],[-1.348432,46.559914],[-1.347885,46.559525],[-1.347606,46.55957],[-1.347413,46.559326],[-1.347166,46.558792],[-1.346726,46.558456],[-1.346265,46.55835],[-1.344774,46.557472],[-1.343991,46.557709],[-1.343594,46.557472],[-1.343164,46.557274],[-1.34266,46.556892],[-1.342671,46.556419],[-1.342542,46.556049],[-1.342328,46.555885],[-1.3428,46.555416],[-1.342542,46.555141],[-1.342317,46.554958],[-1.342199,46.554855],[-1.342177,46.554649],[-1.342016,46.55439],[-1.342016,46.554161],[-1.341888,46.553974],[-1.341705,46.553719],[-1.340976,46.554176],[-1.340815,46.554081],[-1.341147,46.553425],[-1.341115,46.552753],[-1.34133,46.552494],[-1.341233,46.551903],[-1.341405,46.550369],[-1.341394,46.549114],[-1.34104,46.548717],[-1.34074,46.548252],[-1.340665,46.547829],[-1.340493,46.547572],[-1.339785,46.547351],[-1.339152,46.547011],[-1.338948,46.546716],[-1.339045,46.546546],[-1.33942,46.546458],[-1.339313,46.546273],[-1.339377,46.546081],[-1.338347,46.545254],[-1.338605,46.544952],[-1.338004,46.544417],[-1.337607,46.544575],[-1.337419,46.544701],[-1.337366,46.544904],[-1.336454,46.544506],[-1.336287,46.544529],[-1.335971,46.544762],[-1.335842,46.544708],[-1.335568,46.544224],[-1.335375,46.54406],[-1.334426,46.543865],[-1.333852,46.543686],[-1.333621,46.543583],[-1.333224,46.543507],[-1.333374,46.543358],[-1.333412,46.543091],[-1.333348,46.5429],[-1.332736,46.542194],[-1.33258,46.541855],[-1.332189,46.54174],[-1.33184,46.541481],[-1.331599,46.541214],[-1.331416,46.540806],[-1.331432,46.540516],[-1.331706,46.54026],[-1.332977,46.539604],[-1.333224,46.539471],[-1.333374,46.539333],[-1.335037,46.538185],[-1.335225,46.537884],[-1.335343,46.537647],[-1.335343,46.537285],[-1.334517,46.536304],[-1.334415,46.535946],[-1.334644,46.535754],[-1.335673,46.535478],[-1.337189,46.533524],[-1.338061,46.53278],[-1.338688,46.53284],[-1.339176,46.53314],[-1.340535,46.533068],[-1.342231,46.532867],[-1.342193,46.532623],[-1.342413,46.531998],[-1.342472,46.531631],[-1.342451,46.530918],[-1.342349,46.530155],[-1.342397,46.528675],[-1.342118,46.528046],[-1.341952,46.527252],[-1.341764,46.526875],[-1.340895,46.525925],[-1.340386,46.525127],[-1.340439,46.524967],[-1.340252,46.524891],[-1.340112,46.524639],[-1.339216,46.523762],[-1.338766,46.523277],[-1.337848,46.522236],[-1.337457,46.521461],[-1.338122,46.520206],[-1.338261,46.520035],[-1.338519,46.519917],[-1.338733,46.519608],[-1.338369,46.519192],[-1.337693,46.51886],[-1.337661,46.518581],[-1.337714,46.517467],[-1.337553,46.517193],[-1.337725,46.516285],[-1.337725,46.515743],[-1.337864,46.515324],[-1.337832,46.51506],[-1.338894,46.514652],[-1.339763,46.514416],[-1.340482,46.514225],[-1.341244,46.514019],[-1.341619,46.51387],[-1.341877,46.513649],[-1.34427,46.513996],[-1.345643,46.514587],[-1.346115,46.514713],[-1.347928,46.515072],[-1.348325,46.514645],[-1.348486,46.51429],[-1.348786,46.514053],[-1.348711,46.513798],[-1.348604,46.513531],[-1.348711,46.512543],[-1.348947,46.511314],[-1.349301,46.510929],[-1.350374,46.510288],[-1.351994,46.509159],[-1.353464,46.510246],[-1.353722,46.510239],[-1.354194,46.510296],[-1.355857,46.510826],[-1.358163,46.51162],[-1.359934,46.512318],[-1.360803,46.512608],[-1.362637,46.513058],[-1.36445,46.513649],[-1.364794,46.514061],[-1.364933,46.515095],[-1.365137,46.515442],[-1.366285,46.516232],[-1.366682,46.516853],[-1.368088,46.517296],[-1.368839,46.517666],[-1.371961,46.51923],[-1.372079,46.519466],[-1.371961,46.521614],[-1.37298,46.521606],[-1.373634,46.521786],[-1.374224,46.522087],[-1.376617,46.521866],[-1.377261,46.521763],[-1.37857,46.521305],[-1.380576,46.519836],[-1.380919,46.519497],[-1.381305,46.51889],[-1.38182,46.51762],[-1.382711,46.517555],[-1.383709,46.51759],[-1.384492,46.517715],[-1.385618,46.517864],[-1.386026,46.517815],[-1.386874,46.517391],[-1.387432,46.516998],[-1.387711,46.516571],[-1.387914,46.516602],[-1.388108,46.516853],[-1.389674,46.517273],[-1.390543,46.517826],[-1.391144,46.517815],[-1.392453,46.517548],[-1.393397,46.517651],[-1.394684,46.51799],[-1.395886,46.518047],[-1.39801,46.517872],[-1.400381,46.517628],[-1.401207,46.517399],[-1.40154,46.517223],[-1.401808,46.51664],[-1.402345,46.516712],[-1.402624,46.517162],[-1.402881,46.517227],[-1.404045,46.517254],[-1.40448,46.517349],[-1.404657,46.517334],[-1.404904,46.51717],[-1.405118,46.517132],[-1.405435,46.517139],[-1.406389,46.517281],[-1.406599,46.51746],[-1.406894,46.517612],[-1.407167,46.517658],[-1.407645,46.517597],[-1.408943,46.517227],[-1.409764,46.517029],[-1.410268,46.516991],[-1.41096,46.516991],[-1.411416,46.517071],[-1.41221,46.517437],[-1.412553,46.517509],[-1.412644,46.517441],[-1.412778,46.517544],[-1.413175,46.517708],[-1.41368,46.517834],[-1.41391,46.518047],[-1.414726,46.51844],[-1.415026,46.518471],[-1.415466,46.518375],[-1.415847,46.518375],[-1.417826,46.518517],[-1.419098,46.518723],[-1.420788,46.515339],[-1.420927,46.514637],[-1.422086,46.51326],[-1.422386,46.513046],[-1.424425,46.511505],[-1.424548,46.511375],[-1.425476,46.510391],[-1.42554,46.510296],[-1.427246,46.509486],[-1.428491,46.509228],[-1.428255,46.508537],[-1.428555,46.508591],[-1.429693,46.50893],[-1.431404,46.508147],[-1.432725,46.507819],[-1.433016,46.50751],[-1.434627,46.506983],[-1.434889,46.506971],[-1.435804,46.506727],[-1.436383,46.506688],[-1.437709,46.50638],[-1.438288,46.505917],[-1.438531,46.505878],[-1.439521,46.506148],[-1.439839,46.505917],[-1.441202,46.505518],[-1.441146,46.504927],[-1.44294,46.504361],[-1.444583,46.507125],[-1.445256,46.508],[-1.446339,46.510237],[-1.445816,46.511715],[-1.446115,46.515417],[-1.447143,46.514852],[-1.447513,46.514725],[-1.448286,46.514416],[-1.449358,46.514194],[-1.449895,46.513988],[-1.451097,46.513885],[-1.452148,46.513561],[-1.452749,46.513233],[-1.453478,46.512867],[-1.453972,46.51263],[-1.454659,46.512527],[-1.455216,46.512306],[-1.456203,46.512821],[-1.456568,46.511864],[-1.457791,46.511078],[-1.458371,46.510815],[-1.459851,46.510193],[-1.461203,46.509926],[-1.46322,46.510033],[-1.463134,46.504257],[-1.461675,46.504139],[-1.461589,46.503723],[-1.461782,46.503342],[-1.461074,46.503281],[-1.460366,46.502602],[-1.459336,46.501789],[-1.458778,46.500919],[-1.457319,46.499809],[-1.457148,46.499161],[-1.457791,46.498451],[-1.457791,46.497875],[-1.457319,46.497021],[-1.456547,46.49622],[-1.456118,46.494846],[-1.456847,46.491554],[-1.45689,46.490993],[-1.456633,46.489616],[-1.455946,46.488422],[-1.455989,46.487549],[-1.455688,46.487518],[-1.454015,46.483425],[-1.454144,46.481506],[-1.454186,46.481018],[-1.452792,46.478642],[-1.452019,46.477352],[-1.450624,46.476025],[-1.450195,46.475891],[-1.450238,46.475021],[-1.450539,46.472672],[-1.450882,46.472389],[-1.453135,46.471886],[-1.453865,46.471119],[-1.454787,46.470009],[-1.455152,46.469315],[-1.455324,46.468472],[-1.45556,46.46809],[-1.455753,46.467766],[-1.455195,46.46735],[-1.455238,46.466965],[-1.455667,46.466743],[-1.457448,46.466316],[-1.458414,46.465679],[-1.461182,46.463463],[-1.461149,46.462391],[-1.46131,46.461926],[-1.463445,46.459621],[-1.464036,46.459301],[-1.464926,46.458813],[-1.465355,46.458275],[-1.465892,46.456951],[-1.465999,46.45636],[-1.46601,46.455547],[-1.466063,46.455067],[-1.46587,46.453411],[-1.465827,46.452984],[-1.466138,46.451897],[-1.466664,46.451103],[-1.467576,46.449818],[-1.467705,46.447025],[-1.467823,46.446545],[-1.468059,46.445545],[-1.467576,46.443817],[-1.468177,46.443882],[-1.4694,46.443764],[-1.470376,46.443623],[-1.471009,46.443573],[-1.471578,46.443424],[-1.472232,46.443329],[-1.473488,46.442905],[-1.47337,46.443504],[-1.473048,46.444187],[-1.473284,46.44471],[-1.473573,46.444954],[-1.473756,46.445316],[-1.473509,46.446095],[-1.47264,46.447296],[-1.471406,46.449036],[-1.471363,46.449879],[-1.471256,46.450188],[-1.469765,46.45219],[-1.468413,46.453205],[-1.467898,46.453545],[-1.467952,46.453743],[-1.474464,46.454807],[-1.475483,46.454887],[-1.475419,46.455303],[-1.47514,46.456123],[-1.474925,46.457352],[-1.474925,46.457363],[-1.474389,46.457607],[-1.472543,46.457787],[-1.471664,46.45874],[-1.471406,46.459251],[-1.471449,46.459499],[-1.473852,46.461159],[-1.474131,46.46154],[-1.474861,46.46217],[-1.475097,46.462952],[-1.475569,46.463535],[-1.476417,46.463848],[-1.478058,46.464268],[-1.480161,46.465149],[-1.482157,46.465893],[-1.484002,46.466457],[-1.485901,46.467152],[-1.486276,46.467674],[-1.486459,46.46817],[-1.487049,46.468563],[-1.487725,46.468731],[-1.489173,46.46888],[-1.491147,46.469353],[-1.491812,46.469288],[-1.492102,46.469551],[-1.492885,46.469131],[-1.493615,46.469646],[-1.494398,46.470047],[-1.494806,46.46973],[-1.495986,46.470222],[-1.497016,46.470558],[-1.498164,46.470196],[-1.499709,46.47023],[-1.500117,46.470127],[-1.50031,46.46899],[-1.500567,46.468685],[-1.501029,46.468525],[-1.501898,46.468555],[-1.502981,46.468193],[-1.504086,46.467667],[-1.507841,46.468334],[-1.513463,46.469669],[-1.514322,46.469788],[-1.515641,46.4697],[-1.520566,46.470985],[-1.520727,46.469761],[-1.521145,46.46917],[-1.522143,46.468082],[-1.52254,46.467278],[-1.523216,46.466591],[-1.523377,46.466087],[-1.52225,46.465511],[-1.522615,46.464794],[-1.522733,46.464203],[-1.522583,46.463581],[-1.523377,46.46228],[-1.523302,46.462093],[-1.523548,46.46188],[-1.524192,46.460823],[-1.524117,46.460335],[-1.523548,46.459412],[-1.522894,46.459057],[-1.522808,46.458118],[-1.522905,46.456738],[-1.523173,46.456318],[-1.523591,46.453381],[-1.52357,46.452141],[-1.524138,46.452496],[-1.525104,46.452267],[-1.525093,46.451645],[-1.525351,46.449871],[-1.525286,46.449139],[-1.525544,46.448185],[-1.525426,46.447777],[-1.525705,46.446152],[-1.527432,46.446373],[-1.529396,46.44701],[-1.533751,46.448475],[-1.534975,46.448082],[-1.537775,46.448601],[-1.538569,46.448856],[-1.540639,46.448399],[-1.541369,46.448967],[-1.54212,46.449406],[-1.542259,46.449722],[-1.542656,46.452229],[-1.543139,46.452393],[-1.545435,46.452763],[-1.546551,46.453167],[-1.547377,46.453697],[-1.547731,46.454784],[-1.547956,46.454838],[-1.55036,46.454437],[-1.551036,46.454475],[-1.553739,46.454269],[-1.554115,46.454411],[-1.556829,46.455013],[-1.561893,46.454659],[-1.562623,46.454727],[-1.563138,46.452103],[-1.564511,46.452503],[-1.565659,46.452583],[-1.567075,46.452427],[-1.571807,46.45274],[-1.572611,46.452892],[-1.573738,46.453247],[-1.574918,46.45322],[-1.575755,46.452396],[-1.576324,46.451813],[-1.576957,46.451466],[-1.580454,46.450596],[-1.582696,46.449951],[-1.582053,46.449478],[-1.580561,46.446388],[-1.579864,46.446419],[-1.578341,46.446114],[-1.577568,46.446056],[-1.577139,46.44593],[-1.576838,46.445732],[-1.576656,46.445457],[-1.575594,46.445267],[-1.575197,46.444923],[-1.575154,46.444416],[-1.57539,46.444126],[-1.575648,46.443943],[-1.57613,46.443275],[-1.576431,46.442146],[-1.576324,46.441811],[-1.575497,46.441311],[-1.575261,46.441021],[-1.574854,46.440357],[-1.574231,46.439934],[-1.573759,46.43927],[-1.573663,46.438316],[-1.573695,46.43671],[-1.573373,46.43581],[-1.573395,46.435158],[-1.573309,46.43462],[-1.573555,46.433914],[-1.573555,46.433414],[-1.573277,46.432983],[-1.572493,46.432148],[-1.572257,46.431526],[-1.572397,46.431004],[-1.574296,46.431038],[-1.575154,46.430935],[-1.575744,46.430744],[-1.576442,46.430744],[-1.577826,46.430294],[-1.579413,46.430138],[-1.579725,46.42976],[-1.580025,46.429703],[-1.579649,46.428146],[-1.588447,46.427299]]],"type":"MultiLineString"},"properties":{"geo_point":{"lon":-1.1507818907980398,"lat":46.5565423020333},"name":"GR364 De Puy-de-Serre à Jard-sur-Mer (Vendée) (2020)","code_gr":"GR364"}}]}