{"type":"FeatureCollection","features":[{"type":"Feature","geometry":{"coordinates":[[[-4.306424,48.088556],[-4.306338,48.087868],[-4.305585,48.087791],[-4.304691,48.088139],[-4.303406,48.089214],[-4.301188,48.090104],[-4.300051,48.089889],[-4.299751,48.089316],[-4.300502,48.088356],[-4.299793,48.086822],[-4.299793,48.086822],[-4.298088,48.085503],[-4.296854,48.084901],[-4.295845,48.08427],[-4.295416,48.085231],[-4.295631,48.085288],[-4.296296,48.086292],[-4.296167,48.087123],[-4.293742,48.087309],[-4.292906,48.087008],[-4.291833,48.087094],[-4.290288,48.086908],[-4.290159,48.085747],[-4.28973,48.085575],[-4.289086,48.08503],[-4.288056,48.085044],[-4.28797,48.084801],[-4.2887,48.084614],[-4.289558,48.083955],[-4.289388,48.083316],[-4.28782,48.083195],[-4.28679,48.082636],[-4.283743,48.081919],[-4.282606,48.082593],[-4.280932,48.08255],[-4.280267,48.083109],[-4.279194,48.083697],[-4.277671,48.083998],[-4.277499,48.084485],[-4.278121,48.084657],[-4.27913,48.084586],[-4.278529,48.084944],[-4.277456,48.08503],[-4.277499,48.085231],[-4.276576,48.085847],[-4.274795,48.084944],[-4.273486,48.084557],[-4.273422,48.085145],[-4.272692,48.085947],[-4.272049,48.085933],[-4.270482,48.086335],[-4.269409,48.086048],[-4.268959,48.085761],[-4.269338,48.084478],[-4.269614,48.083174],[-4.268866,48.08325],[-4.267929,48.083511],[-4.266963,48.084027],[-4.264882,48.083453],[-4.265418,48.082507],[-4.265311,48.081059],[-4.26471,48.080013],[-4.26368,48.079511],[-4.263734,48.079083],[-4.263734,48.079083],[-4.259764,48.079771],[-4.258541,48.080502],[-4.259035,48.081448],[-4.258369,48.081993],[-4.258241,48.082509],[-4.256674,48.084244],[-4.257531,48.084445],[-4.258003,48.08475],[-4.258751,48.084978],[-4.258995,48.085347],[-4.259255,48.085423],[-4.25955,48.085978],[-4.258426,48.086227],[-4.257401,48.086716],[-4.257206,48.086662],[-4.256897,48.086901],[-4.256816,48.087303],[-4.256653,48.087856],[-4.256312,48.088052],[-4.255466,48.088009],[-4.254962,48.087683],[-4.254214,48.087574],[-4.253842,48.08767],[-4.253756,48.087942],[-4.253026,48.08734],[-4.251782,48.086896],[-4.251074,48.086767],[-4.250602,48.086437],[-4.248756,48.086408],[-4.247834,48.086351],[-4.24704,48.086165],[-4.244915,48.086638],[-4.243971,48.087096],[-4.243435,48.088515],[-4.242791,48.09002],[-4.242405,48.090121],[-4.242062,48.090479],[-4.240581,48.08959],[-4.239422,48.089791],[-4.238521,48.091009],[-4.238328,48.091754],[-4.237534,48.092958],[-4.237298,48.093718],[-4.236633,48.094019],[-4.235989,48.094564],[-4.235259,48.094736],[-4.235302,48.09657],[-4.235088,48.096584],[-4.234916,48.097129],[-4.235045,48.098032],[-4.234187,48.098376],[-4.233708,48.098653],[-4.230238,48.099321],[-4.230367,48.100511],[-4.229316,48.100883],[-4.229058,48.10127],[-4.22835,48.101657],[-4.22747,48.102302],[-4.226462,48.102417],[-4.224874,48.102818],[-4.224209,48.103233],[-4.222814,48.103334],[-4.221054,48.103534],[-4.21981,48.103878],[-4.218351,48.102918],[-4.218093,48.103964],[-4.217342,48.103979],[-4.216613,48.104351],[-4.215304,48.104709],[-4.215003,48.104709],[-4.213657,48.104919],[-4.212063,48.10493],[-4.210014,48.104713],[-4.210128,48.103839],[-4.209453,48.102791],[-4.209974,48.102606],[-4.210461,48.102335],[-4.210201,48.102155],[-4.209652,48.102427],[-4.210112,48.101922],[-4.210177,48.101444],[-4.209998,48.101151],[-4.209703,48.10031],[-4.209327,48.099723],[-4.20908,48.099443],[-4.208919,48.099213],[-4.208476,48.098928],[-4.208246,48.098706],[-4.207936,48.098871],[-4.207217,48.098875],[-4.206532,48.098978],[-4.20614,48.098092],[-4.20612,48.097888],[-4.205513,48.09699],[-4.205191,48.097077],[-4.204232,48.096986],[-4.203116,48.096756],[-4.201721,48.095825],[-4.199086,48.094591],[-4.198241,48.09546],[-4.19463,48.096155],[-4.192614,48.095145],[-4.192061,48.095351],[-4.19115,48.094634],[-4.188691,48.093618],[-4.188691,48.093618],[-4.187253,48.092859],[-4.186374,48.092242],[-4.184657,48.091841],[-4.180516,48.091425],[-4.17985,48.091683],[-4.180044,48.091253],[-4.179293,48.089734],[-4.178413,48.08906],[-4.181116,48.088931],[-4.182254,48.089519],[-4.183112,48.089419],[-4.182683,48.087713],[-4.179936,48.087541],[-4.179614,48.087383],[-4.179614,48.086724],[-4.179829,48.086423],[-4.181524,48.086237],[-4.183584,48.086265],[-4.184721,48.086108],[-4.18382,48.085004],[-4.183863,48.083742],[-4.183201,48.083731],[-4.182453,48.081871],[-4.18109,48.080623],[-4.17698,48.082146],[-4.178198,48.085319],[-4.175494,48.084732],[-4.172684,48.083742],[-4.171482,48.08294],[-4.171761,48.08228],[-4.171375,48.081263],[-4.170924,48.081191],[-4.168306,48.080402],[-4.166203,48.079413],[-4.164615,48.077076],[-4.163135,48.076775],[-4.161568,48.076933],[-4.161762,48.076388],[-4.160603,48.076145],[-4.160152,48.076661],[-4.156805,48.077406],[-4.156268,48.077636],[-4.155711,48.07755],[-4.154337,48.077693],[-4.152191,48.07742],[-4.149595,48.07732],[-4.147192,48.07742],[-4.144274,48.077822],[-4.142707,48.077607],[-4.141763,48.077607],[-4.140647,48.07808],[-4.139596,48.079112],[-4.139081,48.079557],[-4.138351,48.079729],[-4.136669,48.079638],[-4.135735,48.081485],[-4.134038,48.081879],[-4.13348,48.080488],[-4.132837,48.080216],[-4.131828,48.079098],[-4.13142,48.078177],[-4.130069,48.078438],[-4.129232,48.078352],[-4.127572,48.077004],[-4.126249,48.078094],[-4.125048,48.078209],[-4.124039,48.07841],[-4.122988,48.078324],[-4.121786,48.077593],[-4.121207,48.077076],[-4.119983,48.075528],[-4.119983,48.075528],[-4.119404,48.074352],[-4.11816,48.073162],[-4.11773,48.072961],[-4.114847,48.067208],[-4.116909,48.066887],[-4.11821,48.067074],[-4.11787,48.066686],[-4.11829,48.066004],[-4.118651,48.065924],[-4.121133,48.066686],[-4.122595,48.066646],[-4.124216,48.066954],[-4.124577,48.067864],[-4.126298,48.06781],[-4.127199,48.068252],[-4.12772,48.06872],[-4.129562,48.069456],[-4.129862,48.069817],[-4.131504,48.06987],[-4.131664,48.069603],[-4.131464,48.069028],[-4.130983,48.068974],[-4.130863,48.068385],[-4.131244,48.068131],[-4.131304,48.067502],[-4.132245,48.067208],[-4.134267,48.066124],[-4.133546,48.066017],[-4.132965,48.064505],[-4.132945,48.064158],[-4.132245,48.062632],[-4.132625,48.062485],[-4.132585,48.060732],[-4.131564,48.059595],[-4.131163,48.058672],[-4.128941,48.057333],[-4.128781,48.056986],[-4.128881,48.055928],[-4.130383,48.055781],[-4.132685,48.055621],[-4.133005,48.05538],[-4.133646,48.05376],[-4.131384,48.053386],[-4.130263,48.053091],[-4.131204,48.052342],[-4.132064,48.052034],[-4.135348,48.05178],[-4.138031,48.051338],[-4.138811,48.051097],[-4.138952,48.051035],[-4.141548,48.049643],[-4.142106,48.049199],[-4.142664,48.047635],[-4.142965,48.047391],[-4.140261,48.045182],[-4.138911,48.043482],[-4.138651,48.043241],[-4.138587,48.042614],[-4.138072,48.04194],[-4.13735,48.041246],[-4.135848,48.04055],[-4.135605,48.040204],[-4.135068,48.03986],[-4.134639,48.038798],[-4.136356,48.038038],[-4.139081,48.037722],[-4.139596,48.037335],[-4.139896,48.037406],[-4.140626,48.036187],[-4.141227,48.036115],[-4.14084,48.035642],[-4.141291,48.03534],[-4.142021,48.035355],[-4.142149,48.035111],[-4.143501,48.034608],[-4.142793,48.034494],[-4.142299,48.034078],[-4.141119,48.034408],[-4.14039,48.034078],[-4.140626,48.033389],[-4.141076,48.032944],[-4.141634,48.032743],[-4.142707,48.0326],[-4.142707,48.032341],[-4.141806,48.03227],[-4.144231,48.03138],[-4.144939,48.030935],[-4.145518,48.030749],[-4.144338,48.029802],[-4.143136,48.0295],[-4.142836,48.029113],[-4.142772,48.027864],[-4.142214,48.027247],[-4.142278,48.026099],[-4.141248,48.02541],[-4.139918,48.025152],[-4.139102,48.025109],[-4.137815,48.025109],[-4.136935,48.025267],[-4.136484,48.025152],[-4.133223,48.024176],[-4.132322,48.023789],[-4.130691,48.023688],[-4.128459,48.023459],[-4.127923,48.02165],[-4.12715,48.019741],[-4.127537,48.019282],[-4.129082,48.018737],[-4.128867,48.018306],[-4.128073,48.017876],[-4.12685,48.017718],[-4.125069,48.016914],[-4.125176,48.015909],[-4.124983,48.015407],[-4.123867,48.0139],[-4.12307,48.014176],[-4.122771,48.014113],[-4.122397,48.013226],[-4.120286,48.012151],[-4.119819,48.012464],[-4.119801,48.012776],[-4.120529,48.013263],[-4.120473,48.013513],[-4.119763,48.014226],[-4.119147,48.014288],[-4.118904,48.01445],[-4.118904,48.014675],[-4.118063,48.015038],[-4.117596,48.015063],[-4.117036,48.014763],[-4.116681,48.014638],[-4.116476,48.014363],[-4.116289,48.014251],[-4.116065,48.013838],[-4.115672,48.013263],[-4.115784,48.012601],[-4.116251,48.012064],[-4.116644,48.011751],[-4.116625,48.011214],[-4.116457,48.010777],[-4.116775,48.010377],[-4.116625,48.010089],[-4.115336,48.009202],[-4.114925,48.00869],[-4.114963,48.008252],[-4.114645,48.008202],[-4.114421,48.008565],[-4.114085,48.00809],[-4.114197,48.007415],[-4.115616,48.004603],[-4.115504,48.003915],[-4.115168,48.00359],[-4.113692,48.002978],[-4.111189,48.002703],[-4.109807,48.002553],[-4.108256,48.002316],[-4.108312,48.002066],[-4.108667,48.001903],[-4.107864,48.001191],[-4.107584,48.000641],[-4.10721,48.000153],[-4.107248,47.999253],[-4.107024,47.998691],[-4.106125,47.998862],[-4.105914,47.998813],[-4.10532,47.998857],[-4.105491,47.998569],[-4.105613,47.998133],[-4.105288,47.998623],[-4.104938,47.998933],[-4.104841,47.998911],[-4.104841,47.998699],[-4.105101,47.998171],[-4.10515,47.997823],[-4.104991,47.997349],[-4.104793,47.997332],[-4.104559,47.997151],[-4.1043,47.997208],[-4.104016,47.996616],[-4.103362,47.996778],[-4.103119,47.996816],[-4.103119,47.997191],[-4.10269,47.997241],[-4.102503,47.997716],[-4.101775,47.997671],[-4.101694,47.997372],[-4.101287,47.99747],[-4.101458,47.997731],[-4.101117,47.997845],[-4.100515,47.997197],[-4.100247,47.997203],[-4.099921,47.997421],[-4.099925,47.997991],[-4.099439,47.998316],[-4.099496,47.999316],[-4.099439,47.999603],[-4.099421,48.001541],[-4.09731,48.001816],[-4.097478,48.002941],[-4.096581,48.003078],[-4.097048,48.003765],[-4.096862,48.003865],[-4.09678,48.003886],[-4.092681,48.004589],[-4.092467,48.004733],[-4.092381,48.005149],[-4.091844,48.005637],[-4.090385,48.006197],[-4.089463,48.006298],[-4.089463,48.007202],[-4.089012,48.007489],[-4.086888,48.007647],[-4.086743,48.007905],[-4.087074,48.00815],[-4.087141,48.008304],[-4.087565,48.008416],[-4.087793,48.008812],[-4.087732,48.008954],[-4.087741,48.010379],[-4.087123,48.010281],[-4.087221,48.010945],[-4.086424,48.011054],[-4.085334,48.011315],[-4.084001,48.011163],[-4.08335,48.011163],[-4.083155,48.011532],[-4.083237,48.011935],[-4.083708,48.011924],[-4.083773,48.01212],[-4.08335,48.01225],[-4.083107,48.012642],[-4.080375,48.011761],[-4.079903,48.0115],[-4.079578,48.011532],[-4.079279,48.011676],[-4.079017,48.011747],[-4.078628,48.012003],[-4.078408,48.012282],[-4.078366,48.012595],[-4.078507,48.012898],[-4.079067,48.013353],[-4.079569,48.013779],[-4.078741,48.013386],[-4.07855,48.013513],[-4.078253,48.013589],[-4.078054,48.013835],[-4.077417,48.013954],[-4.077325,48.014077],[-4.077396,48.014318],[-4.07724,48.014588],[-4.077042,48.014726],[-4.076335,48.014796],[-4.075986,48.014362],[-4.074077,48.013377],[-4.06878,48.014013],[-4.069105,48.01497],[-4.068926,48.015253],[-4.068633,48.015209],[-4.068357,48.014959],[-4.067544,48.014872],[-4.06691,48.014655],[-4.066178,48.014578],[-4.064877,48.014709],[-4.064308,48.014927],[-4.063999,48.01497],[-4.06408,48.014709],[-4.063511,48.014807],[-4.06182,48.016112],[-4.061592,48.016808],[-4.06112,48.0172],[-4.061023,48.017885],[-4.060551,48.018592],[-4.060324,48.019778],[-4.060519,48.020115],[-4.061218,48.02055],[-4.062942,48.021148],[-4.063267,48.021681],[-4.063088,48.022301],[-4.062568,48.022976],[-4.061153,48.024031],[-4.059055,48.025488],[-4.058535,48.026043],[-4.058031,48.026228],[-4.05686,48.026467],[-4.055559,48.026652],[-4.05499,48.026956],[-4.054925,48.027294],[-4.054551,48.027337],[-4.054876,48.029675],[-4.055315,48.030197],[-4.056014,48.030523],[-4.058047,48.031132],[-4.06008,48.032155],[-4.060714,48.032688],[-4.06182,48.033242],[-4.0626,48.033536],[-4.062633,48.033949],[-4.062178,48.03446],[-4.061625,48.034612],[-4.060372,48.034406],[-4.059673,48.034417],[-4.058519,48.034536],[-4.057575,48.033916],[-4.056648,48.033383],[-4.055136,48.032861],[-4.054128,48.032405],[-4.053461,48.032372],[-4.052616,48.032481],[-4.051786,48.032405],[-4.050908,48.032187],[-4.049818,48.032535],[-4.049558,48.032851],[-4.049558,48.032394],[-4.049087,48.032133],[-4.049379,48.031948],[-4.048696,48.031557],[-4.049981,48.031306],[-4.048631,48.0311],[-4.0499,48.030763],[-4.050323,48.030817],[-4.050827,48.030567],[-4.050729,48.030295],[-4.050388,48.030219],[-4.050241,48.029458],[-4.049981,48.029164],[-4.050046,48.02886],[-4.049542,48.02849],[-4.049412,48.028185],[-4.04881,48.02787],[-4.048192,48.027859],[-4.047835,48.027663],[-4.047103,48.027903],[-4.04681,48.027685],[-4.04629,48.026848],[-4.045948,48.02663],[-4.045786,48.026141],[-4.045753,48.025564],[-4.044354,48.024749],[-4.044192,48.024379],[-4.042501,48.024651],[-4.041671,48.024694],[-4.04037,48.024672],[-4.03959,48.022921],[-4.039378,48.022715],[-4.037899,48.022454],[-4.03637,48.021747],[-4.035866,48.021344],[-4.035687,48.021018],[-4.035719,48.020257],[-4.035053,48.01831],[-4.030906,48.018494],[-4.028727,48.018505],[-4.028971,48.019169],[-4.029361,48.019245],[-4.029312,48.020017],[-4.028824,48.020354],[-4.029182,48.020757],[-4.029003,48.021138],[-4.027914,48.021975],[-4.027133,48.022802],[-4.028841,48.023955],[-4.029377,48.025173],[-4.029231,48.025194],[-4.028206,48.024781],[-4.026548,48.024868],[-4.025263,48.025608],[-4.024645,48.025771],[-4.022759,48.026141],[-4.022677,48.026304],[-4.02175,48.026728],[-4.022011,48.027413],[-4.022596,48.028316],[-4.022417,48.028686],[-4.022775,48.029055],[-4.022742,48.030154],[-4.022482,48.03048],[-4.021523,48.030556],[-4.019425,48.031035],[-4.01884,48.031546],[-4.018775,48.031959],[-4.01871,48.033231],[-4.018482,48.033536],[-4.017978,48.033568],[-4.016352,48.033394],[-4.015603,48.033209],[-4.013213,48.032296],[-4.011668,48.031926],[-4.010888,48.031861],[-4.009798,48.032068],[-4.00879,48.032568],[-4.008123,48.032992],[-4.008351,48.033166],[-4.008237,48.033307],[-4.008465,48.033416],[-4.009863,48.036015],[-4.009961,48.03657],[-4.010091,48.038364],[-4.01066,48.040114],[-4.010205,48.040147],[-4.009278,48.040538],[-4.009522,48.041093],[-4.005733,48.0428],[-4.004822,48.04218],[-4.004383,48.041691],[-4.002106,48.042115],[-4.001277,48.042561],[-3.999699,48.042995],[-3.998805,48.043072],[-3.99835,48.042756],[-3.997829,48.042582],[-3.997309,48.042126],[-3.996935,48.042169],[-3.996252,48.042397],[-3.996138,48.04268],[-3.993796,48.043506],[-3.993406,48.04343],[-3.992756,48.043909],[-3.991991,48.043735],[-3.991422,48.045105],[-3.991438,48.045376],[-3.991552,48.045529],[-3.991064,48.046192],[-3.991894,48.046561],[-3.992219,48.047192],[-3.992544,48.047649],[-3.992625,48.047888],[-3.993341,48.048138],[-3.993634,48.048464],[-3.993926,48.049344],[-3.990381,48.048823],[-3.988739,48.04891],[-3.987535,48.049138],[-3.986592,48.049421],[-3.985178,48.050051],[-3.983893,48.050812],[-3.983275,48.050975],[-3.980527,48.051236],[-3.97864,48.051703],[-3.978364,48.051953],[-3.97799,48.05253],[-3.977469,48.052758],[-3.976087,48.052964],[-3.975811,48.053116],[-3.975892,48.053312],[-3.976364,48.053551],[-3.976526,48.053845],[-3.97651,48.054464],[-3.975616,48.05429],[-3.974916,48.053856],[-3.97438,48.053769],[-3.973518,48.053453],[-3.972965,48.052866],[-3.972461,48.052682],[-3.970087,48.052029],[-3.969143,48.051519],[-3.96846,48.051399],[-3.965956,48.051192],[-3.964118,48.051323],[-3.963728,48.05129],[-3.963305,48.051388],[-3.962134,48.051432],[-3.962346,48.052725],[-3.962297,48.053921],[-3.9615,48.053867],[-3.961159,48.054019],[-3.959516,48.054388],[-3.958297,48.05491],[-3.958036,48.055073],[-3.957353,48.05528],[-3.957451,48.05566],[-3.957321,48.055867],[-3.9575,48.057323],[-3.957988,48.05966],[-3.957841,48.060127],[-3.957223,48.061268],[-3.957256,48.061714],[-3.956801,48.062627],[-3.955792,48.064398],[-3.956134,48.065713],[-3.956768,48.067083],[-3.956882,48.068441],[-3.957077,48.069017],[-3.957158,48.070636],[-3.956947,48.071201],[-3.957061,48.071647],[-3.957727,48.072657],[-3.956752,48.073146],[-3.955451,48.073603],[-3.9528,48.073755],[-3.95228,48.074233],[-3.951743,48.074157],[-3.951174,48.074559],[-3.95119,48.074841],[-3.950328,48.075352],[-3.947287,48.076069],[-3.947808,48.077232],[-3.948328,48.078003],[-3.947726,48.07796],[-3.947027,48.078112],[-3.946783,48.078275],[-3.945775,48.07834],[-3.944539,48.078688],[-3.944214,48.078405],[-3.943498,48.078655],[-3.94275,48.078829],[-3.942344,48.078818],[-3.942002,48.078937],[-3.941775,48.079426],[-3.941303,48.080056],[-3.939091,48.080024],[-3.938376,48.079937],[-3.938669,48.080589],[-3.938083,48.08249],[-3.938197,48.083424],[-3.938571,48.084283],[-3.938034,48.084793],[-3.937872,48.08526],[-3.937156,48.086075],[-3.936766,48.086672],[-3.936229,48.087987],[-3.936197,48.088639],[-3.936977,48.091224],[-3.933936,48.091061],[-3.933107,48.091115],[-3.928733,48.092582],[-3.926375,48.090572],[-3.925496,48.088823],[-3.923773,48.089975],[-3.923057,48.090855],[-3.922829,48.091767],[-3.922504,48.092093],[-3.920829,48.092614],[-3.920293,48.092897],[-3.92,48.093298],[-3.92026,48.094472],[-3.919854,48.09533],[-3.920374,48.096307],[-3.920276,48.098208],[-3.920569,48.099544],[-3.920455,48.099793],[-3.919382,48.101075],[-3.918715,48.101183],[-3.918341,48.1019],[-3.918439,48.102563],[-3.918179,48.102769],[-3.917772,48.102693],[-3.917593,48.10329],[-3.917626,48.103703],[-3.917382,48.10392],[-3.917398,48.104756],[-3.918732,48.105158],[-3.917626,48.105592],[-3.917593,48.10582],[-3.918211,48.106472],[-3.918211,48.107015],[-3.917089,48.107275],[-3.917431,48.108068],[-3.917577,48.109045],[-3.918162,48.110142],[-3.917642,48.11024],[-3.914731,48.110262],[-3.913479,48.110837],[-3.912341,48.111934],[-3.91182,48.11214],[-3.91169,48.112683],[-3.911072,48.113584],[-3.910844,48.114116],[-3.909609,48.11543],[-3.909007,48.116309],[-3.908584,48.116678],[-3.907055,48.116602],[-3.907055,48.117188],[-3.90608,48.119197],[-3.905689,48.119664],[-3.904323,48.120695],[-3.902177,48.121976],[-3.900616,48.123116],[-3.898176,48.123257],[-3.897282,48.123409],[-3.889054,48.125699],[-3.88907,48.125873],[-3.883508,48.127241],[-3.882354,48.127295],[-3.879979,48.127219],[-3.878825,48.127306],[-3.8778,48.127653],[-3.874727,48.129086],[-3.874353,48.128999],[-3.873784,48.12939],[-3.873198,48.129357],[-3.873361,48.130334],[-3.872532,48.130649],[-3.869848,48.133959],[-3.869051,48.134198],[-3.867718,48.134979],[-3.86749,48.135001],[-3.867181,48.134719],[-3.866141,48.134686],[-3.863262,48.135023],[-3.863474,48.135956],[-3.861408,48.135999],[-3.859782,48.136195],[-3.858725,48.13703],[-3.857928,48.138072],[-3.857587,48.138268],[-3.857668,48.138539],[-3.859587,48.138506],[-3.861555,48.139136],[-3.864677,48.140004],[-3.864514,48.141436],[-3.864303,48.142055],[-3.864287,48.143726],[-3.863848,48.144388],[-3.8624,48.145104],[-3.862189,48.14543],[-3.862059,48.145929],[-3.861425,48.146808],[-3.859506,48.147296],[-3.857343,48.148034],[-3.85453,48.148522],[-3.853717,48.148478],[-3.852578,48.148034],[-3.852936,48.14952],[-3.850659,48.147849],[-3.848773,48.145961],[-3.848285,48.145213],[-3.846269,48.143704],[-3.845504,48.142966],[-3.845147,48.142869],[-3.844073,48.142912],[-3.843699,48.142728],[-3.843602,48.142424],[-3.843244,48.143151],[-3.841878,48.144312],[-3.841162,48.144789],[-3.841195,48.145061],[-3.841797,48.145571],[-3.842496,48.145853],[-3.84365,48.146232],[-3.844642,48.146938],[-3.844984,48.147426],[-3.845862,48.149553],[-3.846643,48.149856],[-3.846903,48.150204],[-3.847326,48.15054],[-3.847846,48.151332],[-3.848155,48.1522],[-3.849001,48.15322],[-3.848285,48.153372],[-3.848789,48.153654],[-3.849114,48.154315],[-3.849456,48.156257],[-3.849781,48.156908],[-3.850903,48.158384],[-3.852237,48.159045],[-3.852757,48.159457],[-3.851911,48.159555],[-3.850692,48.159284],[-3.84983,48.159262],[-3.849033,48.159555],[-3.848139,48.160022],[-3.846854,48.160455],[-3.846431,48.16038],[-3.845862,48.160488],[-3.845016,48.16038],[-3.844073,48.160087],[-3.842984,48.159588],[-3.842122,48.158969],[-3.839341,48.158405],[-3.837016,48.158091],[-3.835162,48.158112],[-3.831942,48.158514],[-3.830966,48.158817],[-3.830218,48.158969],[-3.828104,48.159154],[-3.825405,48.158763],[-3.823079,48.15834],[-3.822608,48.158351],[-3.822217,48.158308],[-3.821242,48.158579],[-3.820835,48.158763],[-3.820689,48.159099],[-3.819827,48.159989],[-3.818656,48.160466],[-3.817827,48.161269],[-3.817534,48.161985],[-3.818461,48.163297],[-3.818981,48.164317],[-3.819274,48.165076],[-3.819014,48.166085],[-3.818331,48.168124],[-3.818217,48.169317],[-3.818038,48.169859],[-3.818005,48.170261],[-3.816705,48.170326],[-3.815729,48.170499],[-3.81529,48.170987],[-3.815582,48.171703],[-3.815664,48.172386],[-3.815257,48.173698],[-3.814818,48.175141],[-3.814477,48.175846],[-3.814281,48.176887],[-3.81446,48.179153],[-3.814168,48.180541],[-3.813631,48.181755],[-3.813013,48.182319],[-3.812428,48.182677],[-3.811419,48.183002],[-3.810541,48.182937],[-3.809842,48.183035],[-3.809257,48.183252],[-3.809631,48.183425],[-3.809435,48.183642],[-3.809647,48.184032],[-3.809582,48.18477],[-3.80885,48.184618],[-3.807582,48.184065],[-3.806606,48.185138],[-3.806736,48.185398],[-3.808248,48.186027],[-3.808704,48.186418],[-3.808037,48.186439],[-3.805354,48.186255],[-3.804362,48.186407],[-3.801646,48.186331],[-3.80028,48.186179],[-3.799727,48.185908],[-3.798215,48.185583],[-3.795125,48.18567],[-3.793987,48.185789],[-3.793109,48.186027],[-3.791434,48.186244],[-3.790068,48.18632],[-3.78932,48.186981],[-3.787661,48.187523],[-3.786327,48.188282],[-3.784506,48.188499],[-3.783844,48.187385],[-3.783478,48.185991],[-3.783094,48.185805],[-3.783077,48.185607],[-3.782798,48.185433],[-3.78278,48.185131],[-3.783443,48.184677],[-3.783338,48.184178],[-3.78292,48.183632],[-3.782048,48.183202],[-3.780689,48.182783],[-3.780166,48.182504],[-3.780794,48.182655],[-3.781648,48.182318],[-3.782902,48.182423],[-3.783634,48.182516],[-3.784227,48.182446],[-3.783024,48.182237],[-3.782432,48.181958],[-3.781473,48.181296],[-3.78034,48.180238],[-3.77994,48.179529],[-3.779521,48.178332],[-3.778789,48.174601],[-3.77858,48.172509],[-3.778946,48.171777],[-3.779329,48.171382],[-3.779312,48.170975],[-3.778981,48.170766],[-3.778493,48.17065],[-3.777604,48.170766],[-3.775931,48.171184],[-3.775513,48.170673],[-3.77499,48.170754],[-3.774345,48.171126],[-3.774048,48.171521],[-3.773264,48.172172],[-3.77255,48.172986],[-3.772009,48.173416],[-3.770772,48.174102],[-3.769726,48.174009],[-3.769116,48.173765],[-3.768645,48.173753],[-3.768018,48.174497],[-3.767077,48.174346],[-3.766049,48.174392],[-3.764585,48.174648],[-3.762981,48.17488],[-3.761726,48.175241],[-3.760768,48.175822],[-3.760524,48.175868],[-3.759704,48.176531],[-3.759792,48.176938],[-3.759513,48.177298],[-3.758833,48.177402],[-3.757543,48.177716],[-3.756114,48.177832],[-3.755417,48.177774],[-3.755504,48.17724],[-3.755138,48.176949],[-3.755068,48.176763],[-3.754737,48.176624],[-3.75343,48.176624],[-3.752802,48.176542],[-3.751792,48.176577],[-3.75167,48.176752],[-3.751931,48.176903],[-3.751948,48.177112],[-3.751129,48.177217],[-3.750049,48.176694],[-3.748132,48.176298],[-3.745883,48.176786],[-3.744036,48.177042],[-3.74177,48.17717],[-3.741456,48.177995],[-3.740794,48.178681],[-3.740532,48.180076],[-3.740672,48.180854],[-3.740445,48.182086],[-3.740463,48.182911],[-3.738075,48.183713],[-3.736402,48.183783],[-3.734694,48.183573],[-3.733927,48.183771],[-3.732724,48.183806],[-3.731382,48.18369],[-3.730319,48.183736],[-3.729604,48.183643],[-3.725299,48.186083],[-3.725108,48.186118],[-3.725299,48.1857],[-3.725195,48.18527],[-3.72387,48.183585],[-3.72272,48.183504],[-3.712681,48.184399],[-3.7135,48.181702],[-3.713448,48.181005],[-3.713273,48.180389],[-3.714598,48.179971],[-3.715522,48.179913],[-3.71967,48.178925],[-3.721082,48.178739],[-3.721413,48.178379],[-3.722005,48.178007],[-3.722197,48.177705],[-3.724201,48.177182],[-3.724968,48.176879],[-3.725561,48.176775],[-3.726537,48.176322],[-3.725265,48.174706],[-3.724533,48.173486],[-3.724114,48.173067],[-3.728332,48.17094],[-3.729291,48.1713],[-3.729779,48.171638],[-3.730389,48.172312],[-3.731295,48.171731],[-3.731539,48.171393],[-3.731678,48.17044],[-3.732376,48.169545],[-3.732533,48.16793],[-3.732411,48.167302],[-3.7318,48.166442],[-3.731243,48.166476],[-3.730284,48.165535],[-3.730214,48.165314],[-3.730528,48.165082],[-3.729918,48.164233],[-3.729082,48.164128],[-3.728628,48.163966],[-3.728106,48.163919],[-3.72767,48.163605],[-3.72523,48.162489],[-3.724637,48.162919],[-3.724184,48.163338],[-3.722668,48.162361],[-3.721169,48.161675],[-3.720437,48.162524],[-3.72021,48.16314],[-3.720576,48.163524],[-3.72272,48.164349],[-3.723661,48.164477],[-3.724672,48.164954],[-3.723992,48.165233],[-3.722807,48.165268],[-3.72157,48.165547],[-3.720419,48.165919],[-3.718432,48.165919],[-3.717369,48.164768],[-3.716986,48.164779],[-3.716655,48.164558],[-3.715679,48.164419],[-3.714528,48.164477],[-3.713326,48.164303],[-3.711897,48.16364],[-3.709648,48.163233],[-3.70421,48.158804],[-3.704332,48.159245],[-3.703531,48.15999],[-3.702781,48.159978],[-3.700324,48.159618],[-3.700324,48.160606],[-3.70062,48.161826],[-3.698877,48.162094],[-3.698093,48.162559],[-3.696001,48.16271],[-3.695426,48.16264],[-3.693317,48.163117],[-3.692428,48.162594],[-3.689814,48.162419],[-3.688646,48.162082],[-3.688664,48.160152],[-3.68699,48.160234],[-3.685858,48.16042],[-3.684393,48.160315],[-3.683313,48.160536],[-3.682929,48.160896],[-3.682598,48.161094],[-3.682407,48.162082],[-3.681047,48.162454],[-3.680437,48.16178],[-3.680106,48.160931],[-3.680071,48.160129],[-3.681047,48.158653],[-3.680123,48.158222],[-3.679688,48.157548],[-3.679461,48.156536],[-3.679287,48.155025],[-3.678799,48.153258],[-3.677892,48.153199],[-3.676969,48.152025],[-3.676045,48.151979],[-3.674825,48.152176],[-3.673709,48.152165],[-3.672594,48.151816],[-3.671932,48.151676],[-3.67045,48.151118],[-3.667226,48.150746],[-3.665256,48.150886],[-3.66449,48.151246],[-3.663322,48.151572],[-3.661596,48.152199],[-3.657814,48.152583],[-3.656559,48.15292],[-3.655792,48.15292],[-3.654921,48.152851],[-3.654363,48.153048],[-3.653265,48.15299],[-3.651121,48.153234],[-3.649257,48.153339],[-3.648507,48.152711],[-3.647026,48.152362],[-3.645614,48.152153],[-3.645596,48.152072],[-3.64896,48.150699],[-3.647845,48.149734],[-3.647967,48.149269],[-3.64706,48.148083],[-3.647008,48.147688],[-3.64652,48.147188],[-3.646607,48.146781],[-3.646973,48.146455],[-3.646712,48.145339],[-3.645527,48.145118],[-3.644132,48.145443],[-3.64361,48.145315],[-3.643435,48.145257],[-3.64279,48.145746],[-3.642163,48.146036],[-3.641291,48.145199],[-3.641291,48.144594],[-3.640681,48.144211],[-3.6392,48.144501],[-3.635226,48.144745],[-3.634878,48.144594],[-3.631862,48.145571],[-3.630207,48.145734],[-3.630085,48.146199],[-3.629143,48.146629],[-3.628446,48.146804],[-3.626947,48.147339],[-3.626128,48.147548],[-3.624542,48.147839],[-3.623165,48.148362],[-3.622538,48.148083],[-3.622154,48.148292],[-3.622329,48.148734],[-3.622067,48.148816],[-3.622102,48.149048],[-3.618756,48.151827],[-3.618372,48.151432],[-3.617745,48.151083],[-3.617693,48.150409],[-3.6171,48.149967],[-3.617187,48.149304],[-3.616141,48.148606],[-3.615584,48.146408],[-3.614956,48.145269],[-3.617605,48.144652],[-3.616682,48.143931],[-3.61595,48.143013],[-3.614886,48.14335],[-3.614817,48.143489],[-3.613004,48.144408],[-3.611627,48.144455],[-3.610808,48.145025],[-3.61032,48.145048],[-3.609815,48.144769],[-3.609414,48.144745],[-3.608961,48.144443],[-3.607897,48.144129],[-3.606364,48.143385],[-3.606102,48.142687],[-3.605823,48.141408]]],"type":"MultiLineString"},"properties":{"geo_point":{"lon":-3.9695413470230037,"lat":48.09805693918112},"name":"GR38 De Douarnenez (Finistère) à Gourin (Morbihan) (2019)","code_gr":"GR38"}},{"type":"Feature","geometry":{"coordinates":[[[-2.871142,47.795534],[-2.870734,47.795562],[-2.870991,47.796225],[-2.870112,47.798056],[-2.869854,47.798316],[-2.869747,47.800132],[-2.869253,47.802351],[-2.868824,47.803346],[-2.867687,47.805191],[-2.867108,47.809355],[-2.867108,47.809355],[-2.864597,47.812108],[-2.863138,47.814947],[-2.862365,47.814817],[-2.857087,47.814658],[-2.856035,47.819082],[-2.856014,47.820105],[-2.855649,47.821186],[-2.855907,47.822886],[-2.855778,47.823851],[-2.854812,47.824269],[-2.853117,47.824629],[-2.851014,47.823995],[-2.850778,47.823131],[-2.850006,47.821848],[-2.84859,47.824398],[-2.844641,47.824254],[-2.843332,47.824384],[-2.842989,47.824269],[-2.841959,47.824557],[-2.841959,47.824557],[-2.842646,47.826588],[-2.841122,47.826761],[-2.840178,47.827035],[-2.838977,47.829253],[-2.839127,47.830017],[-2.837303,47.832033],[-2.837153,47.833258],[-2.835286,47.833258],[-2.834664,47.831097],[-2.834256,47.830478],[-2.834427,47.830161],[-2.834599,47.825796],[-2.833247,47.825277],[-2.832904,47.824917],[-2.832689,47.824297],[-2.832775,47.823894],[-2.831895,47.822929],[-2.831252,47.822713],[-2.83108,47.822713],[-2.830544,47.822367],[-2.829964,47.822136],[-2.831209,47.819312],[-2.83108,47.818938],[-2.82917,47.815537],[-2.828591,47.814284],[-2.828205,47.812627],[-2.8196,47.811632],[-2.818291,47.811805],[-2.814558,47.815091],[-2.813957,47.815364],[-2.813614,47.815826],[-2.812326,47.816373],[-2.812519,47.817396],[-2.812176,47.818261],[-2.808743,47.818059],[-2.807184,47.818071],[-2.805245,47.81937],[-2.802563,47.819644],[-2.802713,47.819111],[-2.802305,47.817843],[-2.801705,47.816877],[-2.801082,47.815984],[-2.800911,47.815177],[-2.80046,47.814831],[-2.798851,47.814716],[-2.798164,47.814831],[-2.797284,47.814846],[-2.794066,47.815595],[-2.794066,47.815595],[-2.792478,47.817641],[-2.791898,47.817339],[-2.786706,47.816589],[-2.787242,47.815451],[-2.786019,47.813765],[-2.786212,47.812699],[-2.783702,47.812872],[-2.782843,47.813246],[-2.781483,47.814298],[-2.779668,47.811921],[-2.775655,47.812641],[-2.775569,47.811431],[-2.773681,47.81133],[-2.773166,47.811488],[-2.773252,47.812483],[-2.773273,47.812987],[-2.772994,47.81316],[-2.772265,47.813434],[-2.771728,47.813405],[-2.769196,47.81316],[-2.76808,47.815437],[-2.768467,47.816733],[-2.767544,47.8179],[-2.766965,47.817944],[-2.767179,47.818419],[-2.765119,47.81865],[-2.764475,47.818606],[-2.764733,47.825191],[-2.764089,47.825349],[-2.761493,47.825234],[-2.760763,47.825003],[-2.758939,47.822914],[-2.75763,47.822756],[-2.753747,47.82352],[-2.750464,47.823937],[-2.750206,47.825536],[-2.750356,47.826113],[-2.753296,47.827813],[-2.753403,47.828374],[-2.754047,47.829599],[-2.754154,47.83006],[-2.754669,47.830118],[-2.755141,47.830593],[-2.756279,47.833949],[-2.754991,47.834064],[-2.754476,47.834381],[-2.751193,47.834237],[-2.7513,47.8349],[-2.750828,47.834986],[-2.748296,47.834641],[-2.747095,47.835375],[-2.744069,47.83585],[-2.744069,47.83585],[-2.743533,47.837866],[-2.742396,47.837722],[-2.741172,47.838067],[-2.740014,47.838038],[-2.739241,47.837938],[-2.739778,47.836555],[-2.739563,47.836123],[-2.739327,47.836094],[-2.738876,47.835662],[-2.738211,47.836008],[-2.73746,47.83631],[-2.735872,47.841149],[-2.733834,47.841207],[-2.731817,47.841164],[-2.72789,47.841423],[-2.725852,47.840746],[-2.722268,47.840703],[-2.722225,47.841437],[-2.722225,47.841437],[-2.719844,47.841639],[-2.719479,47.841509],[-2.719393,47.841049],[-2.718642,47.840717],[-2.718363,47.840184],[-2.716689,47.840357],[-2.716646,47.83994],[-2.717354,47.83968],[-2.717011,47.839363],[-2.715724,47.839147],[-2.714973,47.839176],[-2.714822,47.839018],[-2.714071,47.839003],[-2.713235,47.838615],[-2.712591,47.838658],[-2.712205,47.838399],[-2.710767,47.838024],[-2.709437,47.837995],[-2.709158,47.838096],[-2.7089,47.837909],[-2.708342,47.838096],[-2.707741,47.837894],[-2.707269,47.837981],[-2.706862,47.837592],[-2.706862,47.837592],[-2.706025,47.837477],[-2.70596,47.837304],[-2.705059,47.837333],[-2.702055,47.836569],[-2.70154,47.836555],[-2.700617,47.836396],[-2.699974,47.836901],[-2.699094,47.837145],[-2.69742,47.836137],[-2.696562,47.83618],[-2.695832,47.835878],[-2.695661,47.835705],[-2.694931,47.835604],[-2.694588,47.835604],[-2.694094,47.835446],[-2.69167,47.835604],[-2.689696,47.835057],[-2.688708,47.834423],[-2.688236,47.834582],[-2.687249,47.834567],[-2.687206,47.834193],[-2.686091,47.833876],[-2.685082,47.833861],[-2.685082,47.833861],[-2.684353,47.833703],[-2.683365,47.833343],[-2.682529,47.833444],[-2.681241,47.832983],[-2.679203,47.832781],[-2.679117,47.83268],[-2.678495,47.832738],[-2.678259,47.833112],[-2.677786,47.833372],[-2.677786,47.833372],[-2.676027,47.832853],[-2.67416,47.832493],[-2.67062,47.832046],[-2.669075,47.831701],[-2.667937,47.831053],[-2.667766,47.829814],[-2.666457,47.829641],[-2.664697,47.829598],[-2.66371,47.830505],[-2.662594,47.830131],[-2.660191,47.830332],[-2.659998,47.830102],[-2.659633,47.830044],[-2.659097,47.829886],[-2.658367,47.829929],[-2.65811,47.829684],[-2.658303,47.829209],[-2.65796,47.827725],[-2.657745,47.827552],[-2.658088,47.826399],[-2.658518,47.826155],[-2.657831,47.825593],[-2.657252,47.823749],[-2.656973,47.82359],[-2.654054,47.823533],[-2.653861,47.823252],[-2.653939,47.822739],[-2.654243,47.822192],[-2.654805,47.821876],[-2.65379,47.821417],[-2.652767,47.820867],[-2.652037,47.820219],[-2.651029,47.8197],[-2.650492,47.819081],[-2.649248,47.818576],[-2.647381,47.818331],[-2.644398,47.818144],[-2.642253,47.817683],[-2.641459,47.817582],[-2.641244,47.817035],[-2.640515,47.816862],[-2.639527,47.817179],[-2.639249,47.816991],[-2.639892,47.815781],[-2.64,47.81519],[-2.6403,47.814686],[-2.641974,47.81421],[-2.643004,47.812496],[-2.643411,47.810795],[-2.644549,47.809441],[-2.645943,47.806083],[-2.646051,47.804915],[-2.646995,47.802725],[-2.646415,47.802263],[-2.646008,47.802696],[-2.645064,47.803157],[-2.64457,47.8032],[-2.644334,47.80346],[-2.643047,47.80369],[-2.642768,47.80346],[-2.642403,47.802465],[-2.642124,47.802235],[-2.642081,47.801874],[-2.641266,47.800635],[-2.639034,47.799928],[-2.639184,47.799554],[-2.638841,47.798156],[-2.635708,47.798314],[-2.633176,47.797954],[-2.632253,47.798487],[-2.631309,47.798199],[-2.629957,47.798588],[-2.629485,47.798559],[-2.629078,47.798156],[-2.627361,47.79781],[-2.62734,47.797219],[-2.627061,47.796138],[-2.626438,47.79546],[-2.625837,47.795431],[-2.625773,47.795806],[-2.624679,47.795777],[-2.623606,47.796094],[-2.622619,47.796138],[-2.622039,47.796267],[-2.621331,47.796498],[-2.613306,47.794523],[-2.611354,47.793961],[-2.60968,47.793572],[-2.605281,47.792447],[-2.603758,47.79226],[-2.599208,47.792163],[-2.595732,47.792231],[-2.595346,47.79164],[-2.593801,47.791683],[-2.592793,47.79213],[-2.592685,47.791409],[-2.592106,47.790501],[-2.589424,47.790573],[-2.588008,47.790761],[-2.587793,47.789752],[-2.587536,47.789434],[-2.587643,47.789233],[-2.586098,47.788195],[-2.582557,47.787748],[-2.578974,47.787459],[-2.57921,47.786018],[-2.577408,47.785859],[-2.577171,47.785657],[-2.575026,47.785498],[-2.574833,47.785571],[-2.574124,47.785354],[-2.571077,47.785614],[-2.568395,47.785455],[-2.566958,47.785686],[-2.566764,47.785801],[-2.566378,47.785744],[-2.566013,47.785455],[-2.564275,47.784936],[-2.562924,47.785167],[-2.563954,47.787012],[-2.563782,47.787358],[-2.563911,47.787618],[-2.563374,47.788324],[-2.56361,47.78893],[-2.563439,47.78955],[-2.563653,47.789651],[-2.563954,47.789564],[-2.565627,47.790011],[-2.565026,47.790487],[-2.563524,47.791366],[-2.56346,47.791654],[-2.562516,47.792375],[-2.561979,47.792476],[-2.560992,47.792966],[-2.5611,47.793168],[-2.561057,47.793572],[-2.561271,47.793961],[-2.560477,47.794552],[-2.558804,47.795028],[-2.559147,47.795561],[-2.558611,47.795792],[-2.558482,47.796339],[-2.557323,47.79608],[-2.5564,47.796152],[-2.556014,47.795734],[-2.554577,47.795575],[-2.554448,47.795201],[-2.555049,47.794465],[-2.554534,47.794148],[-2.553997,47.794235],[-2.552667,47.793673],[-2.551465,47.79373],[-2.549706,47.793586],[-2.548826,47.793874],[-2.547259,47.793918],[-2.546144,47.793658],[-2.545049,47.79337],[-2.543612,47.793327],[-2.54226,47.793399],[-2.541874,47.791568],[-2.541466,47.790775],[-2.541723,47.790285],[-2.54271,47.789997],[-2.542367,47.78978],[-2.541101,47.789795],[-2.541037,47.788829],[-2.541316,47.788382],[-2.541144,47.788238],[-2.539256,47.78805],[-2.539792,47.787632],[-2.540672,47.782961],[-2.540972,47.782298],[-2.540672,47.779529],[-2.538054,47.777467],[-2.537625,47.777338],[-2.537475,47.775694],[-2.537968,47.772694],[-2.538097,47.770762],[-2.537475,47.77069],[-2.536831,47.770776],[-2.536445,47.770733],[-2.536338,47.770502],[-2.536338,47.769839],[-2.535179,47.769839],[-2.533484,47.769882],[-2.533891,47.769377],[-2.532926,47.768829],[-2.53254,47.769276],[-2.532411,47.768613],[-2.533634,47.767632],[-2.53387,47.767156],[-2.533806,47.76681],[-2.532861,47.766421],[-2.532153,47.76531],[-2.532776,47.764416],[-2.532711,47.763954],[-2.531767,47.762988],[-2.535136,47.760853],[-2.534964,47.760478],[-2.535286,47.760175],[-2.534106,47.759512],[-2.534106,47.759425],[-2.533119,47.759396],[-2.532175,47.759093],[-2.531016,47.75918],[-2.530265,47.759021],[-2.52887,47.759151],[-2.528248,47.759699],[-2.527948,47.759627],[-2.527754,47.759295],[-2.527068,47.759396],[-2.526639,47.759569],[-2.526553,47.760016],[-2.526231,47.760117],[-2.525544,47.760045],[-2.525544,47.760045],[-2.523549,47.760911],[-2.52312,47.760968],[-2.522755,47.760637],[-2.522197,47.759612],[-2.521167,47.758733],[-2.52106,47.757867],[-2.519708,47.756208],[-2.518549,47.754982],[-2.521939,47.754088],[-2.522369,47.752659],[-2.522004,47.751765],[-2.522133,47.750553],[-2.519944,47.750178],[-2.520673,47.749529],[-2.520373,47.748923],[-2.520652,47.746787],[-2.519944,47.74634],[-2.520394,47.744089],[-2.521854,47.744118],[-2.522626,47.743945],[-2.523077,47.743094],[-2.523613,47.741853],[-2.523677,47.741304],[-2.523549,47.740222],[-2.522948,47.73976],[-2.522197,47.739703],[-2.521489,47.73989],[-2.520995,47.739544],[-2.519837,47.739111],[-2.520008,47.737956],[-2.518635,47.737394],[-2.51724,47.737018],[-2.516489,47.737105],[-2.516189,47.736961],[-2.51606,47.735922],[-2.515717,47.735258],[-2.515631,47.734782],[-2.515309,47.734478],[-2.515052,47.734507],[-2.515416,47.733728],[-2.515416,47.733728],[-2.514537,47.732472],[-2.514472,47.731794],[-2.514086,47.731635],[-2.509408,47.731477],[-2.508464,47.732068],[-2.507455,47.732169],[-2.506383,47.732429],[-2.506898,47.732602],[-2.506941,47.732963],[-2.506554,47.7338],[-2.506297,47.733973],[-2.505224,47.734103],[-2.505181,47.734681],[-2.504709,47.734969],[-2.504065,47.734911],[-2.497113,47.735604],[-2.497606,47.736816],[-2.498272,47.737451],[-2.498293,47.738346],[-2.498851,47.73888],[-2.498851,47.73888],[-2.499087,47.739905],[-2.498701,47.74002],[-2.498701,47.74002],[-2.498379,47.739861],[-2.4981,47.73989],[-2.497499,47.739674],[-2.496512,47.739602],[-2.495589,47.739905],[-2.495418,47.74041],[-2.495632,47.740684],[-2.496212,47.740944],[-2.496491,47.741275],[-2.496727,47.741333],[-2.49707,47.741708],[-2.49707,47.741896],[-2.496662,47.742156],[-2.496598,47.742516],[-2.495997,47.742877],[-2.495847,47.743512],[-2.495375,47.744277],[-2.495418,47.744652],[-2.495954,47.745085],[-2.495117,47.744883],[-2.494087,47.74494],[-2.493572,47.744825],[-2.489431,47.744609],[-2.489045,47.743844],[-2.489045,47.743137],[-2.491856,47.741564],[-2.492457,47.740915],[-2.492585,47.740496],[-2.493508,47.740179],[-2.493787,47.739443],[-2.49162,47.739385],[-2.490161,47.73914],[-2.487693,47.73914],[-2.486534,47.738837],[-2.484303,47.738866],[-2.483144,47.739197],[-2.4822,47.739313],[-2.481063,47.739284],[-2.480912,47.739991],[-2.479711,47.741838],[-2.478874,47.741838],[-2.476428,47.743469],[-2.475079,47.743522],[-2.475763,47.740944],[-2.473896,47.740597],[-2.472737,47.740193],[-2.471171,47.740179],[-2.469111,47.7409],[-2.468209,47.739688],[-2.466965,47.739847],[-2.466257,47.739717],[-2.465592,47.739861],[-2.46557,47.739472],[-2.465162,47.739096],[-2.464605,47.737942],[-2.464626,47.737394],[-2.462115,47.737249],[-2.462094,47.737033],[-2.462373,47.736946],[-2.462266,47.736614],[-2.462266,47.736196],[-2.461944,47.735619],[-2.461665,47.735474],[-2.461794,47.73494],[-2.462244,47.734175],[-2.462502,47.733353],[-2.461579,47.733526],[-2.460506,47.733382],[-2.460485,47.73419],[-2.459841,47.734248],[-2.459455,47.734406],[-2.459283,47.734767],[-2.457523,47.735301],[-2.455764,47.735272],[-2.456215,47.733786],[-2.456708,47.733295],[-2.457051,47.732415],[-2.456901,47.731881],[-2.455614,47.731145],[-2.455378,47.730582],[-2.454605,47.72999],[-2.454605,47.72999],[-2.452974,47.730004],[-2.450786,47.729745],[-2.449949,47.729774],[-2.448919,47.729615],[-2.446494,47.729528],[-2.444134,47.729644],[-2.444348,47.730885],[-2.443769,47.731491],[-2.43995,47.732213],[-2.439606,47.731982],[-2.439671,47.731332],[-2.439113,47.730943],[-2.437761,47.730668],[-2.435701,47.730712],[-2.435208,47.730134],[-2.434971,47.730134],[-2.4351,47.729586],[-2.435014,47.72911],[-2.435272,47.727811],[-2.437568,47.723827],[-2.438254,47.723538],[-2.439027,47.722253],[-2.439263,47.721633],[-2.439199,47.7212],[-2.438684,47.720998],[-2.437761,47.721041],[-2.436474,47.720839],[-2.435658,47.720478],[-2.434607,47.720175],[-2.434306,47.71977],[-2.433856,47.71941],[-2.433534,47.718673],[-2.43289,47.718255],[-2.432654,47.717778],[-2.431324,47.717259],[-2.430079,47.717461],[-2.429028,47.717417],[-2.427204,47.717764],[-2.426109,47.717172],[-2.423942,47.71684],[-2.422912,47.716898],[-2.422719,47.716638],[-2.422676,47.71479],[-2.422204,47.71261],[-2.420337,47.709029],[-2.419071,47.709448],[-2.417569,47.70965],[-2.414458,47.709693],[-2.411497,47.709881],[-2.410274,47.71004],[-2.409673,47.709939],[-2.407012,47.710329],[-2.406969,47.711137],[-2.406004,47.71056],[-2.404759,47.710141],[-2.402377,47.708437],[-2.400532,47.708206],[-2.39918,47.70721],[-2.39712,47.706372],[-2.394846,47.706574],[-2.391198,47.706271],[-2.390232,47.705982],[-2.389374,47.705477],[-2.389374,47.705477],[-2.38888,47.705723],[-2.386799,47.706112],[-2.386305,47.706011],[-2.385705,47.706185],[-2.38534,47.706459],[-2.384439,47.706719],[-2.383731,47.706632],[-2.382894,47.706849],[-2.382465,47.707051],[-2.381413,47.707037],[-2.381027,47.70747],[-2.380512,47.707398],[-2.379675,47.707643],[-2.378667,47.707484],[-2.378473,47.707585],[-2.377379,47.707282],[-2.37592,47.707282],[-2.375233,47.707152],[-2.37474,47.707296],[-2.374396,47.70721],[-2.373753,47.707527],[-2.373238,47.707556],[-2.371779,47.707383],[-2.371071,47.707354],[-2.370577,47.707167],[-2.369397,47.707008],[-2.369161,47.706777],[-2.368174,47.706733],[-2.365685,47.706199],[-2.364698,47.706574],[-2.363174,47.706993],[-2.361479,47.706878],[-2.360406,47.706791],[-2.359462,47.70682],[-2.359011,47.706964],[-2.358518,47.706777],[-2.358217,47.706517],[-2.357316,47.706531],[-2.356436,47.706127],[-2.356286,47.705174],[-2.355449,47.704856],[-2.35399,47.704784],[-2.353175,47.705044],[-2.35296,47.705289],[-2.35266,47.705362],[-2.352595,47.706141],[-2.35208,47.705867],[-2.350943,47.705881],[-2.349699,47.705708],[-2.348282,47.705188],[-2.347832,47.705232],[-2.347853,47.704856],[-2.346888,47.704466],[-2.346287,47.704091],[-2.345107,47.703874],[-2.344914,47.703557],[-2.344399,47.703715],[-2.343841,47.703629],[-2.343433,47.703687],[-2.342618,47.703412],[-2.341631,47.703383],[-2.341073,47.703253],[-2.341716,47.702762],[-2.34236,47.702401],[-2.340322,47.701867],[-2.338777,47.701896],[-2.33779,47.702069],[-2.337511,47.701766],[-2.336438,47.701968],[-2.334528,47.701881],[-2.332769,47.70139],[-2.330859,47.700683],[-2.326782,47.699961],[-2.326031,47.699744],[-2.3244,47.699773],[-2.32322,47.700408],[-2.318113,47.701102],[-2.316482,47.701203],[-2.314839,47.701073],[-2.31272,47.701338],[-2.312325,47.701703],[-2.311719,47.701708],[-2.31071,47.701751],[-2.310109,47.701622],[-2.309616,47.701333],[-2.309315,47.700654],[-2.308929,47.700481],[-2.307813,47.700495],[-2.302148,47.702488],[-2.300282,47.702647],[-2.300153,47.701867],[-2.299509,47.701492],[-2.297213,47.701448],[-2.296248,47.70152],[-2.295518,47.701448],[-2.294595,47.701506],[-2.293801,47.701347],[-2.290819,47.701304],[-2.290476,47.701087],[-2.288051,47.701058],[-2.286484,47.700827],[-2.28539,47.700827],[-2.284124,47.701044],[-2.283008,47.700943],[-2.282128,47.700928],[-2.280476,47.700741],[-2.279124,47.700408],[-2.278416,47.700365],[-2.278309,47.700177],[-2.277901,47.700264],[-2.276549,47.700177],[-2.275369,47.700264],[-2.273867,47.700582],[-2.270842,47.700495],[-2.268288,47.700293],[-2.267451,47.700481],[-2.266421,47.700481],[-2.262817,47.701737],[-2.261658,47.701636],[-2.262645,47.700495],[-2.262345,47.700221],[-2.261551,47.699643],[-2.260971,47.699643],[-2.256787,47.700264],[-2.255156,47.699946],[-2.254684,47.699585],[-2.252603,47.698993],[-2.252002,47.698993],[-2.25198,47.697434],[-2.251465,47.696928],[-2.250586,47.696625],[-2.248354,47.69648],[-2.247496,47.696249],[-2.246659,47.696235],[-2.246294,47.696047],[-2.245801,47.696004],[-2.245157,47.695729],[-2.242861,47.695599],[-2.242518,47.695672],[-2.240715,47.695368],[-2.239149,47.694689],[-2.236939,47.693982],[-2.234793,47.693953],[-2.234042,47.694011],[-2.232926,47.693852],[-2.232669,47.694198],[-2.230222,47.694343],[-2.229707,47.694516],[-2.228849,47.694386],[-2.228549,47.694227],[-2.226339,47.694141],[-2.225716,47.693808],[-2.224021,47.693808],[-2.22239,47.693491],[-2.22018,47.692451],[-2.220631,47.693187],[-2.221747,47.693606],[-2.221875,47.694184],[-2.223678,47.694819],[-2.225566,47.696379],[-2.224944,47.696278],[-2.221103,47.694791],[-2.220009,47.695859],[-2.217755,47.696668],[-2.216725,47.69726],[-2.216275,47.698098],[-2.215266,47.698647],[-2.215223,47.700481],[-2.214945,47.70139],[-2.215331,47.702589],[-2.216275,47.7036],[-2.217691,47.704365],[-2.217884,47.706271],[-2.216962,47.708047],[-2.217047,47.708625],[-2.21782,47.709636],[-2.217734,47.710617],[-2.216833,47.71222],[-2.216876,47.71261],[-2.218056,47.712899],[-2.21782,47.71414],[-2.21827,47.714949],[-2.218313,47.715887],[-2.218313,47.715887],[-2.218743,47.7168],[-2.218743,47.717868],[-2.220974,47.718243],[-2.219708,47.722386],[-2.217562,47.723498],[-2.217562,47.723498],[-2.217605,47.723859],[-2.218914,47.72383],[-2.220996,47.724104],[-2.222068,47.723844],[-2.223485,47.723743],[-2.223528,47.725172],[-2.225223,47.724999],[-2.225695,47.725245],[-2.22503,47.725923],[-2.224128,47.726414],[-2.223377,47.72637],[-2.221103,47.725764],[-2.220674,47.726659],[-2.219944,47.726385],[-2.218678,47.72637],[-2.217176,47.726053],[-2.216296,47.725706],[-2.215116,47.724985],[-2.213721,47.724811],[-2.213979,47.723743],[-2.213507,47.723541],[-2.213056,47.723844],[-2.212541,47.723743],[-2.212048,47.723859],[-2.211254,47.723686],[-2.211168,47.723368],[-2.20855,47.72318],[-2.207477,47.722805],[-2.207155,47.722791],[-2.20664,47.72256],[-2.205954,47.722545],[-2.205632,47.72217],[-2.205546,47.721694],[-2.20355,47.722069],[-2.202091,47.722646],[-2.202006,47.722993],[-2.201126,47.723094],[-2.200546,47.722877],[-2.199109,47.722805],[-2.195826,47.723397],[-2.193208,47.723541],[-2.191663,47.723325],[-2.188573,47.723325],[-2.169476,47.720467],[-2.169948,47.719066],[-2.16954,47.718474],[-2.168489,47.71846],[-2.167502,47.718301],[-2.167115,47.718373],[-2.166321,47.718287],[-2.165399,47.717998],[-2.164304,47.717897],[-2.163232,47.717623],[-2.162459,47.717652],[-2.160742,47.717565],[-2.159927,47.717016],[-2.159197,47.717045],[-2.158811,47.716554],[-2.158253,47.716583],[-2.157695,47.716367],[-2.156601,47.716453],[-2.156258,47.716381],[-2.155357,47.716035],[-2.155013,47.716193],[-2.154176,47.71615],[-2.152996,47.715804],[-2.152224,47.715717],[-2.151795,47.715457],[-2.15143,47.715067],[-2.151237,47.714562],[-2.149735,47.715183],[-2.148533,47.715342],[-2.148318,47.715688],[-2.146559,47.71514],[-2.143576,47.715154],[-2.142697,47.715371],[-2.140422,47.715558],[-2.139156,47.715197],[-2.138813,47.714836],[-2.136023,47.71449],[-2.135229,47.714057],[-2.131882,47.713032],[-2.130745,47.712815],[-2.129135,47.712858],[-2.127741,47.712627],[-2.126067,47.712526],[-2.124543,47.712526],[-2.123213,47.712238],[-2.12199,47.710678],[-2.122119,47.710418],[-2.121475,47.710086],[-2.12096,47.709595],[-2.121003,47.709234],[-2.121883,47.709234],[-2.122591,47.706939],[-2.121518,47.706202],[-2.120059,47.706217],[-2.12126,47.703545],[-2.122505,47.701928],[-2.122526,47.699675],[-2.122848,47.699314],[-2.122891,47.698953],[-2.123835,47.698838],[-2.124028,47.698202],[-2.124415,47.697928],[-2.125123,47.698303],[-2.125981,47.697942],[-2.126517,47.697942],[-2.127011,47.697466],[-2.127741,47.697234],[-2.128041,47.69709],[-2.129135,47.696931],[-2.130208,47.697133],[-2.13229,47.697408],[-2.132225,47.696556],[-2.131775,47.696122],[-2.131946,47.695415],[-2.131281,47.693725],[-2.129629,47.693869],[-2.128234,47.693624],[-2.126689,47.693812],[-2.124093,47.693523],[-2.124372,47.692801],[-2.125316,47.691674],[-2.125445,47.690836],[-2.125058,47.690129],[-2.121947,47.688439],[-2.121711,47.68737],[-2.12332,47.684654],[-2.123127,47.683816],[-2.122977,47.682675],[-2.122698,47.682285],[-2.121389,47.682025],[-2.119329,47.68201],[-2.117355,47.681375],[-2.115917,47.681129],[-2.112785,47.679858],[-2.107828,47.677373],[-2.105596,47.676983],[-2.104008,47.67613],[-2.104094,47.674556],[-2.104395,47.673992],[-2.104094,47.671637],[-2.103858,47.671146],[-2.103837,47.670597],[-2.103493,47.669946],[-2.103236,47.668559],[-2.103086,47.667186],[-2.103536,47.665597],[-2.104094,47.664759],[-2.099309,47.662866],[-2.099524,47.662157],[-2.100167,47.661016],[-2.101691,47.655697],[-2.101605,47.654584],[-2.100554,47.653225],[-2.097078,47.651751],[-2.096751,47.651799],[-2.087483,47.648843]]],"type":"MultiLineString"},"properties":{"geo_point":{"lon":-2.4770983774273283,"lat":47.755824385967436},"name":"GR38 De Loperhet (Morbihan) à Redon (Ille-et-Vilaine) (2019)","code_gr":"GR38"}},{"type":"Feature","geometry":{"coordinates":[[[-3.602597,48.141582],[-3.602176,48.140874],[-3.602156,48.140192],[-3.600174,48.138202],[-3.599734,48.137494],[-3.599373,48.137534],[-3.598572,48.1374],[-3.597185,48.137342],[-3.594363,48.136508],[-3.59255,48.136368],[-3.591499,48.136626],[-3.590619,48.136568],[-3.588366,48.137041],[-3.587465,48.137113],[-3.587361,48.135997],[-3.585448,48.134334],[-3.584912,48.134249],[-3.584804,48.133833],[-3.584397,48.133633],[-3.584397,48.132773],[-3.583495,48.131513],[-3.582422,48.131141],[-3.582165,48.130482],[-3.580934,48.129209],[-3.581655,48.129035],[-3.581635,48.128087],[-3.5815,48.127274],[-3.581092,48.126816],[-3.580491,48.12673],[-3.580191,48.126429],[-3.579719,48.126243],[-3.579483,48.125698],[-3.579247,48.125469],[-3.579139,48.124481],[-3.578672,48.123329],[-3.578752,48.122714],[-3.579593,48.121899],[-3.579252,48.121565],[-3.579333,48.120456],[-3.579633,48.120456],[-3.580212,48.120255],[-3.581757,48.120198],[-3.583216,48.120322],[-3.584678,48.119293],[-3.584761,48.118092],[-3.583637,48.116058],[-3.583757,48.115417],[-3.583367,48.11464],[-3.58356,48.113021],[-3.582294,48.11123],[-3.582135,48.110605],[-3.582075,48.109776],[-3.581335,48.108426],[-3.580273,48.108025],[-3.580233,48.10761],[-3.578972,48.106287],[-3.578672,48.105418],[-3.578088,48.102289],[-3.578625,48.101614],[-3.578432,48.101528],[-3.577423,48.101614],[-3.576694,48.101786],[-3.576221,48.101399],[-3.57517,48.101083],[-3.574269,48.100912],[-3.573775,48.100568],[-3.573411,48.100152],[-3.57326,48.099364],[-3.572874,48.098848],[-3.57223,48.098619],[-3.57208,48.098103],[-3.571351,48.097544],[-3.571222,48.096827],[-3.568819,48.095609],[-3.56811,48.095151],[-3.56693,48.09409],[-3.566566,48.093517],[-3.566051,48.093072],[-3.565643,48.093058],[-3.5656,48.092771],[-3.564484,48.091897],[-3.563454,48.09141],[-3.562832,48.091195],[-3.562467,48.091152],[-3.561866,48.090521],[-3.56178,48.089948],[-3.561265,48.087927],[-3.560815,48.087139],[-3.5603,48.084501],[-3.560278,48.083268],[-3.560643,48.081548],[-3.56045,48.080244],[-3.560643,48.078839],[-3.560987,48.078208],[-3.561158,48.077176],[-3.559549,48.074868],[-3.558626,48.074151],[-3.558068,48.073835],[-3.557382,48.072717],[-3.557103,48.072531],[-3.556781,48.071642],[-3.556781,48.070667],[-3.55691,48.069763],[-3.556845,48.069419],[-3.557746,48.06896],[-3.557811,48.068286],[-3.557703,48.067483],[-3.557124,48.066609],[-3.557103,48.066365],[-3.556952,48.066049],[-3.556952,48.065791],[-3.556995,48.065705],[-3.556888,48.064644],[-3.55721,48.063741],[-3.557832,48.063382],[-3.558862,48.062995],[-3.560107,48.061876],[-3.559656,48.061231],[-3.558991,48.059611],[-3.558948,48.059512],[-3.559141,48.057906],[-3.557939,48.054579],[-3.557424,48.053517],[-3.557338,48.052614],[-3.557853,48.050706],[-3.55721,48.049874],[-3.557467,48.049042],[-3.556909,48.04854],[-3.556008,48.048124],[-3.556308,48.047851],[-3.55545,48.04745],[-3.556308,48.047163],[-3.55751,48.047192],[-3.558712,48.046761],[-3.560257,48.046374],[-3.561759,48.04603],[-3.563475,48.045355],[-3.563389,48.04471],[-3.564183,48.044351],[-3.563411,48.042788],[-3.563454,48.042343],[-3.563003,48.041382],[-3.560836,48.040951],[-3.559742,48.040191],[-3.558497,48.039689],[-3.55824,48.039129],[-3.556866,48.038197],[-3.556351,48.037479],[-3.556158,48.037451],[-3.556115,48.037178],[-3.554763,48.034811],[-3.554012,48.033921],[-3.552811,48.033089],[-3.551266,48.031998],[-3.548841,48.029243],[-3.548691,48.028583],[-3.547876,48.027822],[-3.547361,48.026933],[-3.546674,48.025971],[-3.546524,48.025526],[-3.546567,48.024909],[-3.546631,48.024019],[-3.546459,48.023158],[-3.546009,48.022168],[-3.546073,48.021666],[-3.545708,48.020963],[-3.54573,48.020231],[-3.545365,48.019441],[-3.545623,48.018996],[-3.545043,48.018996],[-3.544893,48.018566],[-3.543842,48.018106],[-3.543327,48.016757],[-3.542468,48.017475],[-3.540644,48.018623],[-3.539121,48.017705],[-3.538649,48.017087],[-3.537962,48.017116],[-3.536117,48.017547],[-3.536181,48.01825],[-3.535795,48.019556],[-3.535323,48.019929],[-3.5341,48.019154],[-3.533821,48.01825],[-3.53234,48.017532],[-3.532254,48.017231],[-3.531568,48.016729],[-3.531654,48.016097],[-3.531353,48.016054],[-3.531181,48.015465],[-3.530473,48.015221],[-3.529465,48.015178],[-3.528886,48.014346],[-3.529122,48.014044],[-3.529014,48.013571],[-3.528199,48.012882],[-3.528092,48.012408],[-3.52777,48.01202],[-3.527727,48.011588],[-3.527126,48.011257],[-3.525688,48.012107],[-3.524272,48.01281],[-3.523822,48.012063],[-3.523178,48.011618],[-3.522234,48.011963],[-3.520517,48.01225],[-3.519981,48.011805],[-3.51953,48.011733],[-3.518157,48.01215],[-3.517062,48.012049],[-3.51717,48.012839],[-3.518457,48.015221],[-3.518457,48.015494],[-3.516676,48.015322],[-3.515904,48.015422],[-3.515067,48.015796],[-3.51202,48.016083],[-3.510368,48.016743],[-3.509702,48.017518],[-3.507578,48.018078],[-3.507664,48.018307],[-3.506784,48.01848],[-3.506291,48.018781],[-3.505454,48.018781],[-3.504703,48.019011],[-3.502578,48.01881],[-3.502965,48.019125],[-3.502772,48.019714],[-3.504145,48.020374],[-3.504338,48.020676],[-3.50378,48.021996],[-3.503351,48.022455],[-3.503158,48.022986],[-3.501484,48.022771],[-3.50054,48.022814],[-3.499381,48.022283],[-3.497772,48.022843],[-3.496914,48.022584],[-3.496742,48.022139],[-3.495905,48.022369],[-3.494618,48.022383],[-3.493996,48.022352],[-3.493802,48.020676],[-3.492751,48.02003],[-3.490498,48.01891],[-3.489146,48.018709],[-3.487279,48.019097],[-3.487043,48.017963],[-3.487043,48.016915],[-3.486743,48.016355],[-3.485691,48.016743],[-3.48391,48.017862],[-3.481979,48.018121],[-3.481464,48.018322],[-3.480584,48.018106],[-3.479962,48.018637],[-3.478825,48.018767],[-3.475907,48.018867],[-3.473828,48.018555],[-3.473277,48.018624],[-3.473632,48.018799],[-3.472967,48.019613],[-3.472624,48.019642],[-3.472237,48.019944],[-3.471872,48.02036],[-3.470363,48.019905],[-3.470111,48.019936],[-3.470564,48.020374],[-3.47037,48.022943],[-3.470564,48.023503],[-3.47037,48.024608],[-3.470821,48.02501],[-3.47198,48.024909],[-3.473461,48.025223],[-3.47683,48.026715],[-3.477044,48.027088],[-3.477108,48.027533],[-3.476958,48.028353],[-3.475778,48.028985],[-3.474941,48.029157],[-3.474211,48.030104],[-3.473932,48.031094],[-3.473203,48.031683],[-3.472688,48.032716],[-3.472581,48.034064],[-3.472194,48.03428],[-3.468976,48.034493],[-3.467667,48.034622],[-3.467388,48.034782],[-3.465972,48.035069],[-3.464513,48.03306],[-3.463697,48.032716],[-3.462732,48.032613],[-3.462045,48.032802],[-3.461401,48.033431],[-3.457625,48.034607],[-3.457431,48.035298],[-3.457003,48.035655],[-3.457239,48.03643],[-3.457367,48.037334],[-3.458912,48.038211],[-3.46005,48.03927],[-3.460736,48.039285],[-3.460972,48.039572],[-3.460994,48.040447],[-3.461294,48.041523],[-3.462109,48.04263],[-3.461036,48.043161],[-3.458676,48.04339],[-3.456487,48.043706],[-3.454814,48.04329],[-3.453161,48.043304],[-3.452475,48.043505],[-3.451574,48.043361],[-3.450479,48.043634],[-3.44902,48.044653],[-3.447904,48.044868],[-3.446531,48.045341],[-3.444707,48.0458],[-3.443892,48.045112],[-3.439471,48.046761],[-3.439021,48.047362],[-3.438485,48.047189],[-3.439493,48.0463],[-3.439879,48.045284],[-3.438399,48.044021],[-3.437197,48.043907],[-3.438141,48.043792],[-3.438613,48.043505],[-3.438441,48.043275],[-3.437969,48.043347],[-3.43754,48.042988],[-3.436961,48.04329],[-3.435931,48.043273],[-3.43503,48.042986],[-3.433485,48.042943],[-3.433721,48.041955],[-3.430738,48.0424],[-3.42943,48.042341],[-3.428657,48.042283],[-3.427477,48.042082],[-3.426983,48.042212],[-3.425932,48.042039],[-3.424773,48.041496],[-3.424258,48.041052],[-3.423657,48.040894],[-3.422219,48.040062],[-3.421404,48.039904],[-3.420031,48.039129],[-3.419001,48.03989],[-3.416748,48.040363],[-3.415289,48.040406],[-3.412692,48.041138],[-3.409238,48.041626],[-3.409109,48.041482],[-3.409581,48.040349],[-3.40913,48.040105],[-3.407478,48.04009],[-3.406684,48.039933],[-3.405826,48.039933],[-3.404903,48.039701],[-3.404002,48.039299],[-3.403358,48.0394],[-3.402715,48.03841],[-3.402221,48.037867],[-3.401899,48.037766],[-3.401663,48.036862],[-3.400182,48.035428],[-3.399303,48.03412],[-3.399324,48.033646],[-3.396814,48.034294],[-3.395569,48.034495],[-3.39411,48.035124],[-3.392308,48.034062],[-3.392136,48.033031],[-3.392543,48.032773],[-3.392479,48.032185],[-3.392629,48.031955],[-3.392715,48.031697],[-3.393788,48.03151],[-3.392994,48.031166],[-3.392994,48.030879],[-3.393531,48.030822],[-3.393531,48.030822],[-3.393638,48.030205],[-3.392501,48.029616],[-3.390505,48.029587],[-3.388509,48.029817],[-3.386814,48.029344],[-3.386964,48.0291],[-3.38778,48.02947],[-3.390677,48.028841],[-3.390054,48.028411],[-3.389668,48.027162],[-3.388917,48.02633],[-3.388681,48.024893],[-3.388338,48.024233],[-3.387286,48.024263],[-3.386857,48.023388],[-3.385784,48.022197],[-3.386728,48.021982],[-3.387351,48.021752],[-3.387544,48.021522],[-3.386943,48.02069],[-3.386686,48.020056],[-3.38557,48.018994],[-3.384969,48.017817],[-3.384089,48.01687],[-3.38336,48.016382],[-3.385248,48.015107],[-3.385012,48.014733],[-3.384755,48.014128],[-3.385549,48.013626],[-3.385313,48.013195],[-3.387909,48.013095],[-3.387608,48.012293],[-3.388595,48.012336],[-3.389239,48.012264],[-3.389475,48.011475],[-3.389218,48.010327],[-3.389175,48.009652],[-3.387565,48.008819],[-3.386621,48.007226],[-3.386686,48.006436],[-3.386879,48.005919],[-3.387243,48.005848],[-3.387565,48.004656],[-3.387801,48.004268],[-3.387694,48.003105],[-3.388273,48.001942],[-3.387909,48.001196],[-3.388166,48.000981],[-3.3813,47.999143],[-3.380227,47.998638],[-3.379648,47.997977],[-3.379176,47.997274],[-3.378575,47.996843],[-3.377738,47.996671],[-3.376622,47.996542],[-3.376451,47.995895],[-3.375549,47.996096],[-3.37482,47.995666],[-3.374498,47.995019],[-3.37364,47.994761],[-3.37364,47.994402],[-3.368597,47.994318],[-3.368039,47.994187],[-3.36731,47.993627],[-3.364005,47.992523],[-3.363382,47.992566],[-3.36276,47.992365],[-3.362417,47.991863],[-3.362353,47.991303],[-3.362074,47.991128],[-3.361688,47.991228],[-3.361559,47.991877],[-3.360572,47.991705],[-3.358726,47.9909],[-3.357954,47.990829],[-3.357396,47.989866],[-3.356237,47.989866],[-3.355679,47.989608],[-3.354435,47.989723],[-3.35437,47.98945],[-3.353233,47.989464],[-3.352203,47.988847],[-3.352203,47.988847],[-3.351195,47.988603],[-3.350551,47.987956],[-3.349349,47.988028],[-3.348298,47.989235],[-3.347826,47.989347],[-3.347375,47.989622],[-3.34568,47.989622],[-3.345294,47.990898],[-3.345405,47.991268],[-3.345193,47.991817],[-3.344825,47.992035],[-3.343961,47.992168],[-3.343608,47.991675],[-3.342461,47.991259],[-3.341345,47.990513],[-3.340165,47.989019],[-3.339457,47.989163],[-3.339693,47.990929],[-3.338835,47.99047],[-3.338406,47.990613],[-3.337977,47.991489],[-3.337462,47.991389],[-3.336367,47.991633],[-3.33596,47.99136],[-3.333749,47.99047],[-3.331904,47.990125],[-3.332526,47.989235],[-3.33199,47.988761],[-3.332312,47.988387],[-3.33302,47.988114],[-3.333664,47.987454],[-3.333728,47.985544],[-3.333299,47.984624],[-3.333213,47.984151],[-3.332634,47.98326],[-3.332998,47.982772],[-3.333299,47.983203],[-3.333835,47.983346],[-3.333685,47.981996],[-3.334136,47.981781],[-3.334286,47.980804],[-3.335573,47.980301],[-3.336367,47.980359],[-3.336754,47.980229],[-3.337462,47.980359],[-3.338492,47.979052],[-3.339393,47.977773],[-3.340144,47.977328],[-3.341109,47.977773],[-3.341667,47.977428],[-3.342204,47.977213],[-3.343019,47.977601],[-3.343641,47.977285],[-3.343105,47.97569],[-3.343384,47.974943],[-3.343963,47.9748],[-3.344457,47.975087],[-3.346002,47.975518],[-3.347289,47.975216],[-3.348013,47.97544],[-3.348877,47.975561],[-3.349049,47.973708],[-3.348727,47.972688],[-3.349027,47.971941],[-3.349414,47.97184],[-3.349735,47.971395],[-3.350079,47.971223],[-3.350057,47.970548],[-3.349585,47.969283],[-3.348856,47.969772],[-3.349199,47.968508],[-3.349907,47.967645],[-3.359971,47.947528],[-3.359971,47.947528],[-3.359949,47.946431],[-3.359649,47.945468],[-3.360507,47.944937],[-3.3607,47.944462],[-3.361307,47.943894],[-3.360722,47.943614],[-3.361559,47.942048],[-3.362138,47.94222],[-3.362524,47.942852],[-3.363211,47.943183],[-3.363619,47.943542],[-3.365163,47.944204],[-3.364026,47.943413],[-3.363104,47.942996],[-3.362825,47.942162],[-3.363232,47.941113],[-3.363146,47.940509],[-3.362138,47.93923],[-3.360958,47.938828],[-3.360142,47.938195],[-3.360057,47.937606],[-3.36025,47.936873],[-3.359906,47.936312],[-3.359155,47.935766],[-3.358962,47.935191],[-3.359091,47.934127],[-3.358726,47.93358],[-3.357246,47.932804],[-3.356538,47.93279],[-3.355121,47.932962],[-3.35289,47.932229],[-3.353169,47.929512],[-3.352203,47.930029],[-3.351924,47.929009],[-3.351237,47.928448],[-3.347654,47.927614],[-3.34671,47.927096],[-3.345401,47.924436],[-3.344907,47.922826],[-3.344264,47.922107],[-3.343405,47.921647],[-3.34244,47.92146],[-3.339457,47.921532],[-3.338492,47.921215],[-3.336517,47.919375],[-3.332054,47.917836],[-3.330831,47.917635],[-3.327334,47.918052],[-3.323579,47.919619],[-3.322291,47.919878],[-3.321604,47.919806],[-3.316841,47.921661],[-3.315317,47.921762],[-3.310382,47.921776],[-3.309313,47.921895],[-3.308108,47.921877],[-3.30697,47.92458],[-3.306691,47.924781],[-3.30358,47.924609],[-3.298323,47.925342],[-3.297958,47.925486],[-3.296349,47.925831],[-3.294217,47.926698],[-3.293645,47.926837],[-3.293152,47.926147],[-3.292594,47.925658],[-3.289525,47.925443],[-3.287358,47.925558],[-3.282225,47.925209],[-3.282423,47.924623],[-3.283195,47.923473],[-3.283431,47.922366],[-3.284161,47.92064],[-3.283667,47.918569],[-3.281644,47.919144],[-3.280513,47.918914],[-3.278496,47.918785],[-3.278045,47.918871],[-3.277616,47.919576],[-3.27753,47.920439],[-3.275706,47.921776],[-3.275149,47.921905],[-3.275149,47.921733],[-3.274762,47.921546],[-3.274934,47.920482],[-3.275449,47.92041],[-3.276221,47.919835],[-3.276865,47.918785],[-3.277015,47.918167],[-3.277037,47.917347],[-3.277294,47.916714],[-3.277981,47.915588],[-3.27778,47.914354],[-3.278496,47.91378],[-3.277273,47.9125],[-3.277187,47.91181],[-3.276844,47.911191],[-3.275706,47.911321],[-3.267123,47.909207],[-3.263712,47.909379],[-3.262424,47.909092],[-3.259484,47.906589],[-3.256373,47.904949],[-3.255322,47.904776],[-3.253176,47.905294],[-3.252189,47.905194],[-3.251459,47.904244],[-3.250622,47.902691],[-3.248369,47.900936],[-3.247404,47.90013],[-3.246631,47.899641],[-3.245237,47.899281],[-3.242254,47.898893],[-3.241245,47.898404],[-3.239658,47.897267],[-3.238842,47.896994],[-3.237791,47.896907],[-3.23616,47.897267],[-3.234379,47.897238],[-3.232019,47.896979],[-3.232019,47.896979],[-3.230152,47.89731],[-3.228564,47.897253],[-3.227362,47.897296],[-3.225474,47.897555],[-3.223886,47.897425],[-3.220925,47.894778],[-3.220925,47.894778],[-3.219144,47.892965],[-3.218028,47.892404],[-3.215196,47.891728],[-3.214209,47.891196],[-3.213157,47.889052],[-3.212428,47.888404],[-3.211398,47.887915],[-3.209574,47.887541],[-3.203458,47.887728],[-3.203373,47.887397],[-3.204167,47.886865],[-3.205497,47.88626],[-3.205239,47.886073],[-3.205111,47.885267],[-3.204167,47.883843],[-3.207407,47.883109],[-3.206999,47.882576],[-3.207428,47.88203],[-3.206441,47.881914],[-3.205518,47.881627],[-3.205175,47.880749],[-3.204918,47.879713],[-3.204446,47.87954],[-3.202858,47.880188],[-3.203416,47.880677],[-3.203416,47.881238],[-3.201549,47.883857],[-3.200583,47.884476],[-3.195326,47.885901],[-3.195326,47.885901],[-3.193373,47.886663],[-3.189532,47.887584],[-3.187644,47.887325],[-3.184447,47.88662],[-3.180542,47.886419],[-3.179469,47.886188],[-3.178267,47.886059],[-3.175649,47.886088],[-3.172967,47.886419],[-3.171787,47.886836],[-3.160844,47.888764],[-3.159899,47.888879],[-3.158247,47.88921],[-3.156016,47.88944],[-3.15387,47.889268],[-3.151574,47.889642],[-3.148913,47.889872],[-3.146016,47.889929],[-3.141768,47.889224],[-3.139879,47.889253],[-3.137519,47.888994],[-3.136661,47.888606],[-3.13473,47.887167],[-3.132927,47.88626],[-3.130138,47.885023],[-3.128314,47.883382],[-3.127198,47.882951],[-3.125975,47.882692],[-3.124559,47.882562],[-3.122799,47.882663],[-3.120911,47.882217],[-3.116769,47.882634],[-3.112929,47.88226],[-3.110912,47.882605],[-3.110912,47.882605],[-3.110362,47.883138],[-3.107724,47.884395],[-3.105362,47.885441],[-3.100556,47.887124],[-3.099504,47.887139],[-3.098753,47.886966],[-3.098152,47.886506],[-3.096865,47.884865],[-3.095706,47.88262],[-3.094848,47.881296],[-3.094204,47.880937],[-3.093088,47.880735],[-3.089548,47.879771],[-3.088003,47.879411],[-3.085149,47.879123],[-3.084934,47.878807],[-3.084012,47.878778],[-3.082381,47.879469],[-3.081201,47.880044],[-3.079613,47.880534],[-3.078669,47.880505],[-3.077446,47.881109],[-3.07633,47.881397],[-3.075021,47.881282],[-3.07391,47.881374],[-3.071995,47.882836],[-3.071995,47.882836],[-3.072296,47.884002],[-3.069745,47.885012],[-3.067743,47.885147],[-3.065451,47.8857],[-3.064764,47.885297],[-3.064035,47.885182],[-3.063155,47.884793],[-3.062854,47.884347],[-3.063112,47.883009],[-3.061503,47.882735],[-3.060494,47.882476],[-3.059764,47.882649],[-3.058777,47.881814],[-3.058262,47.881642],[-3.058241,47.879843],[-3.058048,47.879109],[-3.05882,47.878907],[-3.057747,47.875007],[-3.057919,47.872675],[-3.057713,47.872484],[-3.057211,47.872373],[-3.055924,47.872402],[-3.055387,47.872186],[-3.055108,47.871826],[-3.054507,47.871898],[-3.053928,47.87066],[-3.048628,47.869624],[-3.048628,47.869624],[-3.048521,47.870704],[-3.047126,47.872604],[-3.0435,47.872819],[-3.043371,47.873971],[-3.041161,47.873856],[-3.039423,47.873683],[-3.03747,47.873381],[-3.034809,47.873482],[-3.034123,47.872503],[-3.034091,47.872495],[-3.034091,47.872495],[-3.036087,47.871199],[-3.035486,47.869069],[-3.033855,47.867961],[-3.034392,47.864866],[-3.03621,47.864856],[-3.040807,47.859035],[-3.03628,47.858186],[-3.035572,47.857898],[-3.033512,47.85653],[-3.032546,47.856256],[-3.026323,47.855249],[-3.024714,47.851246],[-3.024779,47.849964],[-3.023942,47.849115],[-3.023856,47.848798],[-3.022075,47.848409],[-3.021732,47.848121],[-3.022654,47.847041],[-3.02259,47.846796],[-3.02068,47.846796],[-3.018985,47.84645],[-3.017826,47.846566],[-3.017247,47.845774],[-3.016732,47.8455],[-3.015359,47.845716],[-3.014522,47.845241],[-3.013964,47.844809],[-3.013556,47.844737],[-3.01317,47.844463],[-3.012955,47.844593],[-3.012548,47.844478],[-3.01244,47.844276],[-3.009823,47.844161],[-3.007527,47.844146],[-3.006904,47.843066],[-3.0036,47.83297],[-3.005488,47.831356],[-3.004587,47.831126],[-3.001561,47.831111],[-3.00051,47.830996],[-2.998986,47.830982],[-2.995982,47.830564],[-2.994373,47.830636],[-2.993922,47.829296],[-2.992914,47.828331],[-2.992463,47.827712],[-2.991283,47.826891],[-2.990167,47.825911],[-2.98888,47.820422],[-2.98991,47.81852],[-2.987206,47.817857],[-2.986069,47.819889],[-2.978494,47.818189],[-2.976778,47.821358],[-2.976449,47.820943],[-2.974696,47.820523],[-2.972958,47.820595],[-2.971392,47.819457],[-2.970319,47.819197],[-2.968645,47.818304],[-2.96783,47.818318],[-2.9668,47.818506],[-2.966518,47.818039],[-2.963946,47.818001],[-2.959354,47.816935],[-2.957294,47.820869],[-2.957609,47.821118],[-2.952981,47.830751],[-2.941759,47.827323],[-2.941995,47.824773],[-2.940986,47.824672],[-2.936008,47.822569],[-2.936309,47.821531],[-2.936201,47.820883],[-2.936695,47.820436],[-2.937918,47.819817],[-2.937446,47.819341],[-2.937145,47.818506],[-2.937467,47.818434],[-2.936437,47.816589],[-2.935858,47.816171],[-2.935257,47.814096],[-2.934721,47.813765],[-2.933498,47.81352],[-2.932704,47.812641],[-2.932081,47.81156],[-2.932146,47.811186],[-2.932038,47.810811],[-2.93206,47.808966],[-2.933154,47.808332],[-2.93354,47.807424],[-2.933498,47.806848],[-2.934077,47.805911],[-2.934055,47.805162],[-2.932983,47.80411],[-2.932081,47.803893],[-2.930815,47.803663],[-2.930236,47.803187],[-2.929034,47.801688],[-2.924442,47.801184],[-2.923241,47.799296],[-2.922361,47.798344],[-2.921567,47.798993],[-2.92073,47.800593],[-2.919378,47.80225],[-2.918789,47.802254],[-2.916782,47.801602],[-2.914805,47.801232],[-2.913704,47.800976],[-2.911503,47.800968],[-2.910516,47.800867],[-2.908929,47.800276],[-2.90659,47.800132],[-2.905688,47.799613],[-2.904186,47.799267],[-2.902877,47.799094],[-2.901783,47.799137],[-2.898908,47.798748],[-2.898157,47.79882],[-2.897599,47.799065],[-2.895453,47.798503],[-2.894423,47.798388],[-2.894423,47.798388],[-2.894616,47.797926],[-2.894509,47.797234],[-2.895088,47.796398],[-2.891913,47.795678],[-2.888286,47.795952],[-2.886849,47.796571],[-2.885969,47.796744],[-2.885046,47.796514],[-2.883845,47.795952],[-2.882579,47.795706],[-2.879424,47.795389],[-2.877879,47.795591],[-2.874446,47.795389],[-2.872772,47.795634],[-2.871592,47.79513],[-2.871335,47.795159]]],"type":"MultiLineString"},"properties":{"geo_point":{"lon":-3.2793669602622417,"lat":47.94726323005657},"name":"GR38 De Gourin à Loperhet (Morbihan) (2019)","code_gr":"GR38"}},{"type":"Feature","geometry":{"coordinates":[[[-4.306424,48.088556],[-4.306338,48.087868],[-4.305585,48.087791],[-4.304691,48.088139],[-4.303406,48.089214],[-4.301188,48.090104],[-4.300051,48.089889],[-4.299751,48.089316],[-4.300502,48.088356],[-4.299793,48.086822],[-4.299793,48.086822],[-4.298088,48.085503],[-4.296854,48.084901],[-4.295845,48.08427],[-4.295416,48.085231],[-4.295631,48.085288],[-4.296296,48.086292],[-4.296167,48.087123],[-4.293742,48.087309],[-4.292906,48.087008],[-4.291833,48.087094],[-4.290288,48.086908],[-4.290159,48.085747],[-4.28973,48.085575],[-4.289086,48.08503],[-4.288056,48.085044],[-4.28797,48.084801],[-4.2887,48.084614],[-4.289558,48.083955],[-4.289388,48.083316],[-4.28782,48.083195],[-4.28679,48.082636],[-4.283743,48.081919],[-4.282606,48.082593],[-4.280932,48.08255],[-4.280267,48.083109],[-4.279194,48.083697],[-4.277671,48.083998],[-4.277499,48.084485],[-4.278121,48.084657],[-4.27913,48.084586],[-4.278529,48.084944],[-4.277456,48.08503],[-4.277499,48.085231],[-4.276576,48.085847],[-4.274795,48.084944],[-4.273486,48.084557],[-4.273422,48.085145],[-4.272692,48.085947],[-4.272049,48.085933],[-4.270482,48.086335],[-4.269409,48.086048],[-4.268959,48.085761],[-4.269338,48.084478],[-4.269614,48.083174],[-4.268866,48.08325],[-4.267929,48.083511],[-4.266963,48.084027],[-4.264882,48.083453],[-4.265418,48.082507],[-4.265311,48.081059],[-4.26471,48.080013],[-4.26368,48.079511],[-4.263734,48.079083],[-4.263734,48.079083],[-4.259764,48.079771],[-4.258541,48.080502],[-4.259035,48.081448],[-4.258369,48.081993],[-4.258241,48.082509],[-4.256674,48.084244],[-4.257531,48.084445],[-4.258003,48.08475],[-4.258751,48.084978],[-4.258995,48.085347],[-4.259255,48.085423],[-4.25955,48.085978],[-4.258426,48.086227],[-4.257401,48.086716],[-4.257206,48.086662],[-4.256897,48.086901],[-4.256816,48.087303],[-4.256653,48.087856],[-4.256312,48.088052],[-4.255466,48.088009],[-4.254962,48.087683],[-4.254214,48.087574],[-4.253842,48.08767],[-4.253756,48.087942],[-4.253026,48.08734],[-4.251782,48.086896],[-4.251074,48.086767],[-4.250602,48.086437],[-4.248756,48.086408],[-4.247834,48.086351],[-4.24704,48.086165],[-4.244915,48.086638],[-4.243971,48.087096],[-4.243435,48.088515],[-4.242791,48.09002],[-4.242405,48.090121],[-4.242062,48.090479],[-4.240581,48.08959],[-4.239422,48.089791],[-4.238521,48.091009],[-4.238328,48.091754],[-4.237534,48.092958],[-4.237298,48.093718],[-4.236633,48.094019],[-4.235989,48.094564],[-4.235259,48.094736],[-4.235302,48.09657],[-4.235088,48.096584],[-4.234916,48.097129],[-4.235045,48.098032],[-4.234187,48.098376],[-4.233708,48.098653],[-4.230238,48.099321],[-4.230367,48.100511],[-4.229316,48.100883],[-4.229058,48.10127],[-4.22835,48.101657],[-4.22747,48.102302],[-4.226462,48.102417],[-4.224874,48.102818],[-4.224209,48.103233],[-4.222814,48.103334],[-4.221054,48.103534],[-4.21981,48.103878],[-4.218351,48.102918],[-4.218093,48.103964],[-4.217342,48.103979],[-4.216613,48.104351],[-4.215304,48.104709],[-4.215003,48.104709],[-4.213657,48.104919],[-4.212063,48.10493],[-4.210014,48.104713],[-4.210128,48.103839],[-4.209453,48.102791],[-4.209974,48.102606],[-4.210461,48.102335],[-4.210201,48.102155],[-4.209652,48.102427],[-4.210112,48.101922],[-4.210177,48.101444],[-4.209998,48.101151],[-4.209703,48.10031],[-4.209327,48.099723],[-4.20908,48.099443],[-4.208919,48.099213],[-4.208476,48.098928],[-4.208246,48.098706],[-4.207936,48.098871],[-4.207217,48.098875],[-4.206532,48.098978],[-4.20614,48.098092],[-4.20612,48.097888],[-4.205513,48.09699],[-4.205191,48.097077],[-4.204232,48.096986],[-4.203116,48.096756],[-4.201721,48.095825],[-4.199086,48.094591],[-4.198241,48.09546],[-4.19463,48.096155],[-4.192614,48.095145],[-4.192061,48.095351],[-4.19115,48.094634],[-4.188691,48.093618],[-4.188691,48.093618],[-4.187253,48.092859],[-4.186374,48.092242],[-4.184657,48.091841],[-4.180516,48.091425],[-4.17985,48.091683],[-4.180044,48.091253],[-4.179293,48.089734],[-4.178413,48.08906],[-4.181116,48.088931],[-4.182254,48.089519],[-4.183112,48.089419],[-4.182683,48.087713],[-4.179936,48.087541],[-4.179614,48.087383],[-4.179614,48.086724],[-4.179829,48.086423],[-4.181524,48.086237],[-4.183584,48.086265],[-4.184721,48.086108],[-4.18382,48.085004],[-4.183863,48.083742],[-4.183201,48.083731],[-4.182453,48.081871],[-4.18109,48.080623],[-4.17698,48.082146],[-4.178198,48.085319],[-4.175494,48.084732],[-4.172684,48.083742],[-4.171482,48.08294],[-4.171761,48.08228],[-4.171375,48.081263],[-4.170924,48.081191],[-4.168306,48.080402],[-4.166203,48.079413],[-4.164615,48.077076],[-4.163135,48.076775],[-4.161568,48.076933],[-4.161762,48.076388],[-4.160603,48.076145],[-4.160152,48.076661],[-4.156805,48.077406],[-4.156268,48.077636],[-4.155711,48.07755],[-4.154337,48.077693],[-4.152191,48.07742],[-4.149595,48.07732],[-4.147192,48.07742],[-4.144274,48.077822],[-4.142707,48.077607],[-4.141763,48.077607],[-4.140647,48.07808],[-4.139596,48.079112],[-4.139081,48.079557],[-4.138351,48.079729],[-4.136669,48.079638],[-4.135735,48.081485],[-4.134038,48.081879],[-4.13348,48.080488],[-4.132837,48.080216],[-4.131828,48.079098],[-4.13142,48.078177],[-4.130069,48.078438],[-4.129232,48.078352],[-4.127572,48.077004],[-4.126249,48.078094],[-4.125048,48.078209],[-4.124039,48.07841],[-4.122988,48.078324],[-4.121786,48.077593],[-4.121207,48.077076],[-4.119983,48.075528],[-4.119983,48.075528],[-4.119404,48.074352],[-4.11816,48.073162],[-4.11773,48.072961],[-4.114847,48.067208],[-4.116909,48.066887],[-4.11821,48.067074],[-4.11787,48.066686],[-4.11829,48.066004],[-4.118651,48.065924],[-4.121133,48.066686],[-4.122595,48.066646],[-4.124216,48.066954],[-4.124577,48.067864],[-4.126298,48.06781],[-4.127199,48.068252],[-4.12772,48.06872],[-4.129562,48.069456],[-4.129862,48.069817],[-4.131504,48.06987],[-4.131664,48.069603],[-4.131464,48.069028],[-4.130983,48.068974],[-4.130863,48.068385],[-4.131244,48.068131],[-4.131304,48.067502],[-4.132245,48.067208],[-4.134267,48.066124],[-4.133546,48.066017],[-4.132965,48.064505],[-4.132945,48.064158],[-4.132245,48.062632],[-4.132625,48.062485],[-4.132585,48.060732],[-4.131564,48.059595],[-4.131163,48.058672],[-4.128941,48.057333],[-4.128781,48.056986],[-4.128881,48.055928],[-4.130383,48.055781],[-4.132685,48.055621],[-4.133005,48.05538],[-4.133646,48.05376],[-4.131384,48.053386],[-4.130263,48.053091],[-4.131204,48.052342],[-4.132064,48.052034],[-4.135348,48.05178],[-4.138031,48.051338],[-4.138811,48.051097],[-4.138952,48.051035],[-4.141548,48.049643],[-4.142106,48.049199],[-4.142664,48.047635],[-4.142965,48.047391],[-4.140261,48.045182],[-4.138911,48.043482],[-4.138651,48.043241],[-4.138587,48.042614],[-4.138072,48.04194],[-4.13735,48.041246],[-4.135848,48.04055],[-4.135605,48.040204],[-4.135068,48.03986],[-4.134639,48.038798],[-4.136356,48.038038],[-4.139081,48.037722],[-4.139596,48.037335],[-4.139896,48.037406],[-4.140626,48.036187],[-4.141227,48.036115],[-4.14084,48.035642],[-4.141291,48.03534],[-4.142021,48.035355],[-4.142149,48.035111],[-4.143501,48.034608],[-4.142793,48.034494],[-4.142299,48.034078],[-4.141119,48.034408],[-4.14039,48.034078],[-4.140626,48.033389],[-4.141076,48.032944],[-4.141634,48.032743],[-4.142707,48.0326],[-4.142707,48.032341],[-4.141806,48.03227],[-4.144231,48.03138],[-4.144939,48.030935],[-4.145518,48.030749],[-4.144338,48.029802],[-4.143136,48.0295],[-4.142836,48.029113],[-4.142772,48.027864],[-4.142214,48.027247],[-4.142278,48.026099],[-4.141248,48.02541],[-4.139918,48.025152],[-4.139102,48.025109],[-4.137815,48.025109],[-4.136935,48.025267],[-4.136484,48.025152],[-4.133223,48.024176],[-4.132322,48.023789],[-4.130691,48.023688],[-4.128459,48.023459],[-4.127923,48.02165],[-4.12715,48.019741],[-4.127537,48.019282],[-4.129082,48.018737],[-4.128867,48.018306],[-4.128073,48.017876],[-4.12685,48.017718],[-4.125069,48.016914],[-4.125176,48.015909],[-4.124983,48.015407],[-4.123867,48.0139],[-4.12307,48.014176],[-4.122771,48.014113],[-4.122397,48.013226],[-4.120286,48.012151],[-4.119819,48.012464],[-4.119801,48.012776],[-4.120529,48.013263],[-4.120473,48.013513],[-4.119763,48.014226],[-4.119147,48.014288],[-4.118904,48.01445],[-4.118904,48.014675],[-4.118063,48.015038],[-4.117596,48.015063],[-4.117036,48.014763],[-4.116681,48.014638],[-4.116476,48.014363],[-4.116289,48.014251],[-4.116065,48.013838],[-4.115672,48.013263],[-4.115784,48.012601],[-4.116251,48.012064],[-4.116644,48.011751],[-4.116625,48.011214],[-4.116457,48.010777],[-4.116775,48.010377],[-4.116625,48.010089],[-4.115336,48.009202],[-4.114925,48.00869],[-4.114963,48.008252],[-4.114645,48.008202],[-4.114421,48.008565],[-4.114085,48.00809],[-4.114197,48.007415],[-4.115616,48.004603],[-4.115504,48.003915],[-4.115168,48.00359],[-4.113692,48.002978],[-4.111189,48.002703],[-4.109807,48.002553],[-4.108256,48.002316],[-4.108312,48.002066],[-4.108667,48.001903],[-4.107864,48.001191],[-4.107584,48.000641],[-4.10721,48.000153],[-4.107248,47.999253],[-4.107024,47.998691],[-4.106125,47.998862],[-4.105914,47.998813],[-4.10532,47.998857],[-4.105491,47.998569],[-4.105613,47.998133],[-4.105288,47.998623],[-4.104938,47.998933],[-4.104841,47.998911],[-4.104841,47.998699],[-4.105101,47.998171],[-4.10515,47.997823],[-4.104991,47.997349],[-4.104793,47.997332],[-4.104559,47.997151],[-4.1043,47.997208],[-4.104016,47.996616],[-4.103362,47.996778],[-4.103119,47.996816],[-4.103119,47.997191],[-4.10269,47.997241],[-4.102503,47.997716],[-4.101775,47.997671],[-4.101694,47.997372],[-4.101287,47.99747],[-4.101458,47.997731],[-4.101117,47.997845],[-4.100515,47.997197],[-4.100247,47.997203],[-4.099921,47.997421],[-4.099925,47.997991],[-4.099439,47.998316],[-4.099496,47.999316],[-4.099439,47.999603],[-4.099421,48.001541],[-4.09731,48.001816],[-4.097478,48.002941],[-4.096581,48.003078],[-4.097048,48.003765],[-4.096862,48.003865],[-4.09678,48.003886],[-4.092681,48.004589],[-4.092467,48.004733],[-4.092381,48.005149],[-4.091844,48.005637],[-4.090385,48.006197],[-4.089463,48.006298],[-4.089463,48.007202],[-4.089012,48.007489],[-4.086888,48.007647],[-4.086743,48.007905],[-4.087074,48.00815],[-4.087141,48.008304],[-4.087565,48.008416],[-4.087793,48.008812],[-4.087732,48.008954],[-4.087741,48.010379],[-4.087123,48.010281],[-4.087221,48.010945],[-4.086424,48.011054],[-4.085334,48.011315],[-4.084001,48.011163],[-4.08335,48.011163],[-4.083155,48.011532],[-4.083237,48.011935],[-4.083708,48.011924],[-4.083773,48.01212],[-4.08335,48.01225],[-4.083107,48.012642],[-4.080375,48.011761],[-4.079903,48.0115],[-4.079578,48.011532],[-4.079279,48.011676],[-4.079017,48.011747],[-4.078628,48.012003],[-4.078408,48.012282],[-4.078366,48.012595],[-4.078507,48.012898],[-4.079067,48.013353],[-4.079569,48.013779],[-4.078741,48.013386],[-4.07855,48.013513],[-4.078253,48.013589],[-4.078054,48.013835],[-4.077417,48.013954],[-4.077325,48.014077],[-4.077396,48.014318],[-4.07724,48.014588],[-4.077042,48.014726],[-4.076335,48.014796],[-4.075986,48.014362],[-4.074077,48.013377],[-4.06878,48.014013],[-4.069105,48.01497],[-4.068926,48.015253],[-4.068633,48.015209],[-4.068357,48.014959],[-4.067544,48.014872],[-4.06691,48.014655],[-4.066178,48.014578],[-4.064877,48.014709],[-4.064308,48.014927],[-4.063999,48.01497],[-4.06408,48.014709],[-4.063511,48.014807],[-4.06182,48.016112],[-4.061592,48.016808],[-4.06112,48.0172],[-4.061023,48.017885],[-4.060551,48.018592],[-4.060324,48.019778],[-4.060519,48.020115],[-4.061218,48.02055],[-4.062942,48.021148],[-4.063267,48.021681],[-4.063088,48.022301],[-4.062568,48.022976],[-4.061153,48.024031],[-4.059055,48.025488],[-4.058535,48.026043],[-4.058031,48.026228],[-4.05686,48.026467],[-4.055559,48.026652],[-4.05499,48.026956],[-4.054925,48.027294],[-4.054551,48.027337],[-4.054876,48.029675],[-4.055315,48.030197],[-4.056014,48.030523],[-4.058047,48.031132],[-4.06008,48.032155],[-4.060714,48.032688],[-4.06182,48.033242],[-4.0626,48.033536],[-4.062633,48.033949],[-4.062178,48.03446],[-4.061625,48.034612],[-4.060372,48.034406],[-4.059673,48.034417],[-4.058519,48.034536],[-4.057575,48.033916],[-4.056648,48.033383],[-4.055136,48.032861],[-4.054128,48.032405],[-4.053461,48.032372],[-4.052616,48.032481],[-4.051786,48.032405],[-4.050908,48.032187],[-4.049818,48.032535],[-4.049558,48.032851],[-4.049558,48.032394],[-4.049087,48.032133],[-4.049379,48.031948],[-4.048696,48.031557],[-4.049981,48.031306],[-4.048631,48.0311],[-4.0499,48.030763],[-4.050323,48.030817],[-4.050827,48.030567],[-4.050729,48.030295],[-4.050388,48.030219],[-4.050241,48.029458],[-4.049981,48.029164],[-4.050046,48.02886],[-4.049542,48.02849],[-4.049412,48.028185],[-4.04881,48.02787],[-4.048192,48.027859],[-4.047835,48.027663],[-4.047103,48.027903],[-4.04681,48.027685],[-4.04629,48.026848],[-4.045948,48.02663],[-4.045786,48.026141],[-4.045753,48.025564],[-4.044354,48.024749],[-4.044192,48.024379],[-4.042501,48.024651],[-4.041671,48.024694],[-4.04037,48.024672],[-4.03959,48.022921],[-4.039378,48.022715],[-4.037899,48.022454],[-4.03637,48.021747],[-4.035866,48.021344],[-4.035687,48.021018],[-4.035719,48.020257],[-4.035053,48.01831],[-4.030906,48.018494],[-4.028727,48.018505],[-4.028971,48.019169],[-4.029361,48.019245],[-4.029312,48.020017],[-4.028824,48.020354],[-4.029182,48.020757],[-4.029003,48.021138],[-4.027914,48.021975],[-4.027133,48.022802],[-4.028841,48.023955],[-4.029377,48.025173],[-4.029231,48.025194],[-4.028206,48.024781],[-4.026548,48.024868],[-4.025263,48.025608],[-4.024645,48.025771],[-4.022759,48.026141],[-4.022677,48.026304],[-4.02175,48.026728],[-4.022011,48.027413],[-4.022596,48.028316],[-4.022417,48.028686],[-4.022775,48.029055],[-4.022742,48.030154],[-4.022482,48.03048],[-4.021523,48.030556],[-4.019425,48.031035],[-4.01884,48.031546],[-4.018775,48.031959],[-4.01871,48.033231],[-4.018482,48.033536],[-4.017978,48.033568],[-4.016352,48.033394],[-4.015603,48.033209],[-4.013213,48.032296],[-4.011668,48.031926],[-4.010888,48.031861],[-4.009798,48.032068],[-4.00879,48.032568],[-4.008123,48.032992],[-4.008351,48.033166],[-4.008237,48.033307],[-4.008465,48.033416],[-4.009863,48.036015],[-4.009961,48.03657],[-4.010091,48.038364],[-4.01066,48.040114],[-4.010205,48.040147],[-4.009278,48.040538],[-4.009522,48.041093],[-4.005733,48.0428],[-4.004822,48.04218],[-4.004383,48.041691],[-4.002106,48.042115],[-4.001277,48.042561],[-3.999699,48.042995],[-3.998805,48.043072],[-3.99835,48.042756],[-3.997829,48.042582],[-3.997309,48.042126],[-3.996935,48.042169],[-3.996252,48.042397],[-3.996138,48.04268],[-3.993796,48.043506],[-3.993406,48.04343],[-3.992756,48.043909],[-3.991991,48.043735],[-3.991422,48.045105],[-3.991438,48.045376],[-3.991552,48.045529],[-3.991064,48.046192],[-3.991894,48.046561],[-3.992219,48.047192],[-3.992544,48.047649],[-3.992625,48.047888],[-3.993341,48.048138],[-3.993634,48.048464],[-3.993926,48.049344],[-3.990381,48.048823],[-3.988739,48.04891],[-3.987535,48.049138],[-3.986592,48.049421],[-3.985178,48.050051],[-3.983893,48.050812],[-3.983275,48.050975],[-3.980527,48.051236],[-3.97864,48.051703],[-3.978364,48.051953],[-3.97799,48.05253],[-3.977469,48.052758],[-3.976087,48.052964],[-3.975811,48.053116],[-3.975892,48.053312],[-3.976364,48.053551],[-3.976526,48.053845],[-3.97651,48.054464],[-3.975616,48.05429],[-3.974916,48.053856],[-3.97438,48.053769],[-3.973518,48.053453],[-3.972965,48.052866],[-3.972461,48.052682],[-3.970087,48.052029],[-3.969143,48.051519],[-3.96846,48.051399],[-3.965956,48.051192],[-3.964118,48.051323],[-3.963728,48.05129],[-3.963305,48.051388],[-3.962134,48.051432],[-3.962346,48.052725],[-3.962297,48.053921],[-3.9615,48.053867],[-3.961159,48.054019],[-3.959516,48.054388],[-3.958297,48.05491],[-3.958036,48.055073],[-3.957353,48.05528],[-3.957451,48.05566],[-3.957321,48.055867],[-3.9575,48.057323],[-3.957988,48.05966],[-3.957841,48.060127],[-3.957223,48.061268],[-3.957256,48.061714],[-3.956801,48.062627],[-3.955792,48.064398],[-3.956134,48.065713],[-3.956768,48.067083],[-3.956882,48.068441],[-3.957077,48.069017],[-3.957158,48.070636],[-3.956947,48.071201],[-3.957061,48.071647],[-3.957727,48.072657],[-3.956752,48.073146],[-3.955451,48.073603],[-3.9528,48.073755],[-3.95228,48.074233],[-3.951743,48.074157],[-3.951174,48.074559],[-3.95119,48.074841],[-3.950328,48.075352],[-3.947287,48.076069],[-3.947808,48.077232],[-3.948328,48.078003],[-3.947726,48.07796],[-3.947027,48.078112],[-3.946783,48.078275],[-3.945775,48.07834],[-3.944539,48.078688],[-3.944214,48.078405],[-3.943498,48.078655],[-3.94275,48.078829],[-3.942344,48.078818],[-3.942002,48.078937],[-3.941775,48.079426],[-3.941303,48.080056],[-3.939091,48.080024],[-3.938376,48.079937],[-3.938669,48.080589],[-3.938083,48.08249],[-3.938197,48.083424],[-3.938571,48.084283],[-3.938034,48.084793],[-3.937872,48.08526],[-3.937156,48.086075],[-3.936766,48.086672],[-3.936229,48.087987],[-3.936197,48.088639],[-3.936977,48.091224],[-3.933936,48.091061],[-3.933107,48.091115],[-3.928733,48.092582],[-3.926375,48.090572],[-3.925496,48.088823],[-3.923773,48.089975],[-3.923057,48.090855],[-3.922829,48.091767],[-3.922504,48.092093],[-3.920829,48.092614],[-3.920293,48.092897],[-3.92,48.093298],[-3.92026,48.094472],[-3.919854,48.09533],[-3.920374,48.096307],[-3.920276,48.098208],[-3.920569,48.099544],[-3.920455,48.099793],[-3.919382,48.101075],[-3.918715,48.101183],[-3.918341,48.1019],[-3.918439,48.102563],[-3.918179,48.102769],[-3.917772,48.102693],[-3.917593,48.10329],[-3.917626,48.103703],[-3.917382,48.10392],[-3.917398,48.104756],[-3.918732,48.105158],[-3.917626,48.105592],[-3.917593,48.10582],[-3.918211,48.106472],[-3.918211,48.107015],[-3.917089,48.107275],[-3.917431,48.108068],[-3.917577,48.109045],[-3.918162,48.110142],[-3.917642,48.11024],[-3.914731,48.110262],[-3.913479,48.110837],[-3.912341,48.111934],[-3.91182,48.11214],[-3.91169,48.112683],[-3.911072,48.113584],[-3.910844,48.114116],[-3.909609,48.11543],[-3.909007,48.116309],[-3.908584,48.116678],[-3.907055,48.116602],[-3.907055,48.117188],[-3.90608,48.119197],[-3.905689,48.119664],[-3.904323,48.120695],[-3.902177,48.121976],[-3.900616,48.123116],[-3.898176,48.123257],[-3.897282,48.123409],[-3.889054,48.125699],[-3.88907,48.125873],[-3.883508,48.127241],[-3.882354,48.127295],[-3.879979,48.127219],[-3.878825,48.127306],[-3.8778,48.127653],[-3.874727,48.129086],[-3.874353,48.128999],[-3.873784,48.12939],[-3.873198,48.129357],[-3.873361,48.130334],[-3.872532,48.130649],[-3.869848,48.133959],[-3.869051,48.134198],[-3.867718,48.134979],[-3.86749,48.135001],[-3.867181,48.134719],[-3.866141,48.134686],[-3.863262,48.135023],[-3.863474,48.135956],[-3.861408,48.135999],[-3.859782,48.136195],[-3.858725,48.13703],[-3.857928,48.138072],[-3.857587,48.138268],[-3.857668,48.138539],[-3.859587,48.138506],[-3.861555,48.139136],[-3.864677,48.140004],[-3.864514,48.141436],[-3.864303,48.142055],[-3.864287,48.143726],[-3.863848,48.144388],[-3.8624,48.145104],[-3.862189,48.14543],[-3.862059,48.145929],[-3.861425,48.146808],[-3.859506,48.147296],[-3.857343,48.148034],[-3.85453,48.148522],[-3.853717,48.148478],[-3.852578,48.148034],[-3.852936,48.14952],[-3.850659,48.147849],[-3.848773,48.145961],[-3.848285,48.145213],[-3.846269,48.143704],[-3.845504,48.142966],[-3.845147,48.142869],[-3.844073,48.142912],[-3.843699,48.142728],[-3.843602,48.142424],[-3.843244,48.143151],[-3.841878,48.144312],[-3.841162,48.144789],[-3.841195,48.145061],[-3.841797,48.145571],[-3.842496,48.145853],[-3.84365,48.146232],[-3.844642,48.146938],[-3.844984,48.147426],[-3.845862,48.149553],[-3.846643,48.149856],[-3.846903,48.150204],[-3.847326,48.15054],[-3.847846,48.151332],[-3.848155,48.1522],[-3.849001,48.15322],[-3.848285,48.153372],[-3.848789,48.153654],[-3.849114,48.154315],[-3.849456,48.156257],[-3.849781,48.156908],[-3.850903,48.158384],[-3.852237,48.159045],[-3.852757,48.159457],[-3.851911,48.159555],[-3.850692,48.159284],[-3.84983,48.159262],[-3.849033,48.159555],[-3.848139,48.160022],[-3.846854,48.160455],[-3.846431,48.16038],[-3.845862,48.160488],[-3.845016,48.16038],[-3.844073,48.160087],[-3.842984,48.159588],[-3.842122,48.158969],[-3.839341,48.158405],[-3.837016,48.158091],[-3.835162,48.158112],[-3.831942,48.158514],[-3.830966,48.158817],[-3.830218,48.158969],[-3.828104,48.159154],[-3.825405,48.158763],[-3.823079,48.15834],[-3.822608,48.158351],[-3.822217,48.158308],[-3.821242,48.158579],[-3.820835,48.158763],[-3.820689,48.159099],[-3.819827,48.159989],[-3.818656,48.160466],[-3.817827,48.161269],[-3.817534,48.161985],[-3.818461,48.163297],[-3.818981,48.164317],[-3.819274,48.165076],[-3.819014,48.166085],[-3.818331,48.168124],[-3.818217,48.169317],[-3.818038,48.169859],[-3.818005,48.170261],[-3.816705,48.170326],[-3.815729,48.170499],[-3.81529,48.170987],[-3.815582,48.171703],[-3.815664,48.172386],[-3.815257,48.173698],[-3.814818,48.175141],[-3.814477,48.175846],[-3.814281,48.176887],[-3.81446,48.179153],[-3.814168,48.180541],[-3.813631,48.181755],[-3.813013,48.182319],[-3.812428,48.182677],[-3.811419,48.183002],[-3.810541,48.182937],[-3.809842,48.183035],[-3.809257,48.183252],[-3.809631,48.183425],[-3.809435,48.183642],[-3.809647,48.184032],[-3.809582,48.18477],[-3.80885,48.184618],[-3.807582,48.184065],[-3.806606,48.185138],[-3.806736,48.185398],[-3.808248,48.186027],[-3.808704,48.186418],[-3.808037,48.186439],[-3.805354,48.186255],[-3.804362,48.186407],[-3.801646,48.186331],[-3.80028,48.186179],[-3.799727,48.185908],[-3.798215,48.185583],[-3.795125,48.18567],[-3.793987,48.185789],[-3.793109,48.186027],[-3.791434,48.186244],[-3.790068,48.18632],[-3.78932,48.186981],[-3.787661,48.187523],[-3.786327,48.188282],[-3.784506,48.188499],[-3.783844,48.187385],[-3.783478,48.185991],[-3.783094,48.185805],[-3.783077,48.185607],[-3.782798,48.185433],[-3.78278,48.185131],[-3.783443,48.184677],[-3.783338,48.184178],[-3.78292,48.183632],[-3.782048,48.183202],[-3.780689,48.182783],[-3.780166,48.182504],[-3.780794,48.182655],[-3.781648,48.182318],[-3.782902,48.182423],[-3.783634,48.182516],[-3.784227,48.182446],[-3.783024,48.182237],[-3.782432,48.181958],[-3.781473,48.181296],[-3.78034,48.180238],[-3.77994,48.179529],[-3.779521,48.178332],[-3.778789,48.174601],[-3.77858,48.172509],[-3.778946,48.171777],[-3.779329,48.171382],[-3.779312,48.170975],[-3.778981,48.170766],[-3.778493,48.17065],[-3.777604,48.170766],[-3.775931,48.171184],[-3.775513,48.170673],[-3.77499,48.170754],[-3.774345,48.171126],[-3.774048,48.171521],[-3.773264,48.172172],[-3.77255,48.172986],[-3.772009,48.173416],[-3.770772,48.174102],[-3.769726,48.174009],[-3.769116,48.173765],[-3.768645,48.173753],[-3.768018,48.174497],[-3.767077,48.174346],[-3.766049,48.174392],[-3.764585,48.174648],[-3.762981,48.17488],[-3.761726,48.175241],[-3.760768,48.175822],[-3.760524,48.175868],[-3.759704,48.176531],[-3.759792,48.176938],[-3.759513,48.177298],[-3.758833,48.177402],[-3.757543,48.177716],[-3.756114,48.177832],[-3.755417,48.177774],[-3.755504,48.17724],[-3.755138,48.176949],[-3.755068,48.176763],[-3.754737,48.176624],[-3.75343,48.176624],[-3.752802,48.176542],[-3.751792,48.176577],[-3.75167,48.176752],[-3.751931,48.176903],[-3.751948,48.177112],[-3.751129,48.177217],[-3.750049,48.176694],[-3.748132,48.176298],[-3.745883,48.176786],[-3.744036,48.177042],[-3.74177,48.17717],[-3.741456,48.177995],[-3.740794,48.178681],[-3.740532,48.180076],[-3.740672,48.180854],[-3.740445,48.182086],[-3.740463,48.182911],[-3.738075,48.183713],[-3.736402,48.183783],[-3.734694,48.183573],[-3.733927,48.183771],[-3.732724,48.183806],[-3.731382,48.18369],[-3.730319,48.183736],[-3.729604,48.183643],[-3.725299,48.186083],[-3.725108,48.186118],[-3.725299,48.1857],[-3.725195,48.18527],[-3.72387,48.183585],[-3.72272,48.183504],[-3.712681,48.184399],[-3.7135,48.181702],[-3.713448,48.181005],[-3.713273,48.180389],[-3.714598,48.179971],[-3.715522,48.179913],[-3.71967,48.178925],[-3.721082,48.178739],[-3.721413,48.178379],[-3.722005,48.178007],[-3.722197,48.177705],[-3.724201,48.177182],[-3.724968,48.176879],[-3.725561,48.176775],[-3.726537,48.176322],[-3.725265,48.174706],[-3.724533,48.173486],[-3.724114,48.173067],[-3.728332,48.17094],[-3.729291,48.1713],[-3.729779,48.171638],[-3.730389,48.172312],[-3.731295,48.171731],[-3.731539,48.171393],[-3.731678,48.17044],[-3.732376,48.169545],[-3.732533,48.16793],[-3.732411,48.167302],[-3.7318,48.166442],[-3.731243,48.166476],[-3.730284,48.165535],[-3.730214,48.165314],[-3.730528,48.165082],[-3.729918,48.164233],[-3.729082,48.164128],[-3.728628,48.163966],[-3.728106,48.163919],[-3.72767,48.163605],[-3.72523,48.162489],[-3.724637,48.162919],[-3.724184,48.163338],[-3.722668,48.162361],[-3.721169,48.161675],[-3.720437,48.162524],[-3.72021,48.16314],[-3.720576,48.163524],[-3.72272,48.164349],[-3.723661,48.164477],[-3.724672,48.164954],[-3.723992,48.165233],[-3.722807,48.165268],[-3.72157,48.165547],[-3.720419,48.165919],[-3.718432,48.165919],[-3.717369,48.164768],[-3.716986,48.164779],[-3.716655,48.164558],[-3.715679,48.164419],[-3.714528,48.164477],[-3.713326,48.164303],[-3.711897,48.16364],[-3.709648,48.163233],[-3.70421,48.158804],[-3.704332,48.159245],[-3.703531,48.15999],[-3.702781,48.159978],[-3.700324,48.159618],[-3.700324,48.160606],[-3.70062,48.161826],[-3.698877,48.162094],[-3.698093,48.162559],[-3.696001,48.16271],[-3.695426,48.16264],[-3.693317,48.163117],[-3.692428,48.162594],[-3.689814,48.162419],[-3.688646,48.162082],[-3.688664,48.160152],[-3.68699,48.160234],[-3.685858,48.16042],[-3.684393,48.160315],[-3.683313,48.160536],[-3.682929,48.160896],[-3.682598,48.161094],[-3.682407,48.162082],[-3.681047,48.162454],[-3.680437,48.16178],[-3.680106,48.160931],[-3.680071,48.160129],[-3.681047,48.158653],[-3.680123,48.158222],[-3.679688,48.157548],[-3.679461,48.156536],[-3.679287,48.155025],[-3.678799,48.153258],[-3.677892,48.153199],[-3.676969,48.152025],[-3.676045,48.151979],[-3.674825,48.152176],[-3.673709,48.152165],[-3.672594,48.151816],[-3.671932,48.151676],[-3.67045,48.151118],[-3.667226,48.150746],[-3.665256,48.150886],[-3.66449,48.151246],[-3.663322,48.151572],[-3.661596,48.152199],[-3.657814,48.152583],[-3.656559,48.15292],[-3.655792,48.15292],[-3.654921,48.152851],[-3.654363,48.153048],[-3.653265,48.15299],[-3.651121,48.153234],[-3.649257,48.153339],[-3.648507,48.152711],[-3.647026,48.152362],[-3.645614,48.152153],[-3.645596,48.152072],[-3.64896,48.150699],[-3.647845,48.149734],[-3.647967,48.149269],[-3.64706,48.148083],[-3.647008,48.147688],[-3.64652,48.147188],[-3.646607,48.146781],[-3.646973,48.146455],[-3.646712,48.145339],[-3.645527,48.145118],[-3.644132,48.145443],[-3.64361,48.145315],[-3.643435,48.145257],[-3.64279,48.145746],[-3.642163,48.146036],[-3.641291,48.145199],[-3.641291,48.144594],[-3.640681,48.144211],[-3.6392,48.144501],[-3.635226,48.144745],[-3.634878,48.144594],[-3.631862,48.145571],[-3.630207,48.145734],[-3.630085,48.146199],[-3.629143,48.146629],[-3.628446,48.146804],[-3.626947,48.147339],[-3.626128,48.147548],[-3.624542,48.147839],[-3.623165,48.148362],[-3.622538,48.148083],[-3.622154,48.148292],[-3.622329,48.148734],[-3.622067,48.148816],[-3.622102,48.149048],[-3.618756,48.151827],[-3.618372,48.151432],[-3.617745,48.151083],[-3.617693,48.150409],[-3.6171,48.149967],[-3.617187,48.149304],[-3.616141,48.148606],[-3.615584,48.146408],[-3.614956,48.145269],[-3.617605,48.144652],[-3.616682,48.143931],[-3.61595,48.143013],[-3.614886,48.14335],[-3.614817,48.143489],[-3.613004,48.144408],[-3.611627,48.144455],[-3.610808,48.145025],[-3.61032,48.145048],[-3.609815,48.144769],[-3.609414,48.144745],[-3.608961,48.144443],[-3.607897,48.144129],[-3.606364,48.143385],[-3.606102,48.142687],[-3.605823,48.141408],[-3.604613,48.142008],[-3.604058,48.142149],[-3.603477,48.142132],[-3.602597,48.141582],[-3.602597,48.141582],[-3.602176,48.140874],[-3.602156,48.140192],[-3.600174,48.138202],[-3.599734,48.137494],[-3.599373,48.137534],[-3.598572,48.1374],[-3.597185,48.137342],[-3.594363,48.136508],[-3.59255,48.136368],[-3.591499,48.136626],[-3.590619,48.136568],[-3.588366,48.137041],[-3.587465,48.137113],[-3.587361,48.135997],[-3.585448,48.134334],[-3.584912,48.134249],[-3.584804,48.133833],[-3.584397,48.133633],[-3.584397,48.132773],[-3.583495,48.131513],[-3.582422,48.131141],[-3.582165,48.130482],[-3.580934,48.129209],[-3.581655,48.129035],[-3.581635,48.128087],[-3.5815,48.127274],[-3.581092,48.126816],[-3.580491,48.12673],[-3.580191,48.126429],[-3.579719,48.126243],[-3.579483,48.125698],[-3.579247,48.125469],[-3.579139,48.124481],[-3.578672,48.123329],[-3.578752,48.122714],[-3.579593,48.121899],[-3.579252,48.121565],[-3.579333,48.120456],[-3.579633,48.120456],[-3.580212,48.120255],[-3.581757,48.120198],[-3.583216,48.120322],[-3.584678,48.119293],[-3.584761,48.118092],[-3.583637,48.116058],[-3.583757,48.115417],[-3.583367,48.11464],[-3.58356,48.113021],[-3.582294,48.11123],[-3.582135,48.110605],[-3.582075,48.109776],[-3.581335,48.108426],[-3.580273,48.108025],[-3.580233,48.10761],[-3.578972,48.106287],[-3.578672,48.105418],[-3.578088,48.102289],[-3.578625,48.101614],[-3.578432,48.101528],[-3.577423,48.101614],[-3.576694,48.101786],[-3.576221,48.101399],[-3.57517,48.101083],[-3.574269,48.100912],[-3.573775,48.100568],[-3.573411,48.100152],[-3.57326,48.099364],[-3.572874,48.098848],[-3.57223,48.098619],[-3.57208,48.098103],[-3.571351,48.097544],[-3.571222,48.096827],[-3.568819,48.095609],[-3.56811,48.095151],[-3.56693,48.09409],[-3.566566,48.093517],[-3.566051,48.093072],[-3.565643,48.093058],[-3.5656,48.092771],[-3.564484,48.091897],[-3.563454,48.09141],[-3.562832,48.091195],[-3.562467,48.091152],[-3.561866,48.090521],[-3.56178,48.089948],[-3.561265,48.087927],[-3.560815,48.087139],[-3.5603,48.084501],[-3.560278,48.083268],[-3.560643,48.081548],[-3.56045,48.080244],[-3.560643,48.078839],[-3.560987,48.078208],[-3.561158,48.077176],[-3.559549,48.074868],[-3.558626,48.074151],[-3.558068,48.073835],[-3.557382,48.072717],[-3.557103,48.072531],[-3.556781,48.071642],[-3.556781,48.070667],[-3.55691,48.069763],[-3.556845,48.069419],[-3.557746,48.06896],[-3.557811,48.068286],[-3.557703,48.067483],[-3.557124,48.066609],[-3.557103,48.066365],[-3.556952,48.066049],[-3.556952,48.065791],[-3.556995,48.065705],[-3.556888,48.064644],[-3.55721,48.063741],[-3.557832,48.063382],[-3.558862,48.062995],[-3.560107,48.061876],[-3.559656,48.061231],[-3.558991,48.059611],[-3.558948,48.059512],[-3.559141,48.057906],[-3.557939,48.054579],[-3.557424,48.053517],[-3.557338,48.052614],[-3.557853,48.050706],[-3.55721,48.049874],[-3.557467,48.049042],[-3.556909,48.04854],[-3.556008,48.048124],[-3.556308,48.047851],[-3.55545,48.04745],[-3.556308,48.047163],[-3.55751,48.047192],[-3.558712,48.046761],[-3.560257,48.046374],[-3.561759,48.04603],[-3.563475,48.045355],[-3.563389,48.04471],[-3.564183,48.044351],[-3.563411,48.042788],[-3.563454,48.042343],[-3.563003,48.041382],[-3.560836,48.040951],[-3.559742,48.040191],[-3.558497,48.039689],[-3.55824,48.039129],[-3.556866,48.038197],[-3.556351,48.037479],[-3.556158,48.037451],[-3.556115,48.037178],[-3.554763,48.034811],[-3.554012,48.033921],[-3.552811,48.033089],[-3.551266,48.031998],[-3.548841,48.029243],[-3.548691,48.028583],[-3.547876,48.027822],[-3.547361,48.026933],[-3.546674,48.025971],[-3.546524,48.025526],[-3.546567,48.024909],[-3.546631,48.024019],[-3.546459,48.023158],[-3.546009,48.022168],[-3.546073,48.021666],[-3.545708,48.020963],[-3.54573,48.020231],[-3.545365,48.019441],[-3.545623,48.018996],[-3.545043,48.018996],[-3.544893,48.018566],[-3.543842,48.018106],[-3.543327,48.016757],[-3.542468,48.017475],[-3.540644,48.018623],[-3.539121,48.017705],[-3.538649,48.017087],[-3.537962,48.017116],[-3.536117,48.017547],[-3.536181,48.01825],[-3.535795,48.019556],[-3.535323,48.019929],[-3.5341,48.019154],[-3.533821,48.01825],[-3.53234,48.017532],[-3.532254,48.017231],[-3.531568,48.016729],[-3.531654,48.016097],[-3.531353,48.016054],[-3.531181,48.015465],[-3.530473,48.015221],[-3.529465,48.015178],[-3.528886,48.014346],[-3.529122,48.014044],[-3.529014,48.013571],[-3.528199,48.012882],[-3.528092,48.012408],[-3.52777,48.01202],[-3.527727,48.011588],[-3.527126,48.011257],[-3.525688,48.012107],[-3.524272,48.01281],[-3.523822,48.012063],[-3.523178,48.011618],[-3.522234,48.011963],[-3.520517,48.01225],[-3.519981,48.011805],[-3.51953,48.011733],[-3.518157,48.01215],[-3.517062,48.012049],[-3.51717,48.012839],[-3.518457,48.015221],[-3.518457,48.015494],[-3.516676,48.015322],[-3.515904,48.015422],[-3.515067,48.015796],[-3.51202,48.016083],[-3.510368,48.016743],[-3.509702,48.017518],[-3.507578,48.018078],[-3.507664,48.018307],[-3.506784,48.01848],[-3.506291,48.018781],[-3.505454,48.018781],[-3.504703,48.019011],[-3.502578,48.01881],[-3.502965,48.019125],[-3.502772,48.019714],[-3.504145,48.020374],[-3.504338,48.020676],[-3.50378,48.021996],[-3.503351,48.022455],[-3.503158,48.022986],[-3.501484,48.022771],[-3.50054,48.022814],[-3.499381,48.022283],[-3.497772,48.022843],[-3.496914,48.022584],[-3.496742,48.022139],[-3.495905,48.022369],[-3.494618,48.022383],[-3.493996,48.022352],[-3.493802,48.020676],[-3.492751,48.02003],[-3.490498,48.01891],[-3.489146,48.018709],[-3.487279,48.019097],[-3.487043,48.017963],[-3.487043,48.016915],[-3.486743,48.016355],[-3.485691,48.016743],[-3.48391,48.017862],[-3.481979,48.018121],[-3.481464,48.018322],[-3.480584,48.018106],[-3.479962,48.018637],[-3.478825,48.018767],[-3.475907,48.018867],[-3.473828,48.018555],[-3.473277,48.018624],[-3.473632,48.018799],[-3.472967,48.019613],[-3.472624,48.019642],[-3.472237,48.019944],[-3.471872,48.02036],[-3.470363,48.019905],[-3.470111,48.019936],[-3.470564,48.020374],[-3.47037,48.022943],[-3.470564,48.023503],[-3.47037,48.024608],[-3.470821,48.02501],[-3.47198,48.024909],[-3.473461,48.025223],[-3.47683,48.026715],[-3.477044,48.027088],[-3.477108,48.027533],[-3.476958,48.028353],[-3.475778,48.028985],[-3.474941,48.029157],[-3.474211,48.030104],[-3.473932,48.031094],[-3.473203,48.031683],[-3.472688,48.032716],[-3.472581,48.034064],[-3.472194,48.03428],[-3.468976,48.034493],[-3.467667,48.034622],[-3.467388,48.034782],[-3.465972,48.035069],[-3.464513,48.03306],[-3.463697,48.032716],[-3.462732,48.032613],[-3.462045,48.032802],[-3.461401,48.033431],[-3.457625,48.034607],[-3.457431,48.035298],[-3.457003,48.035655],[-3.457239,48.03643],[-3.457367,48.037334],[-3.458912,48.038211],[-3.46005,48.03927],[-3.460736,48.039285],[-3.460972,48.039572],[-3.460994,48.040447],[-3.461294,48.041523],[-3.462109,48.04263],[-3.461036,48.043161],[-3.458676,48.04339],[-3.456487,48.043706],[-3.454814,48.04329],[-3.453161,48.043304],[-3.452475,48.043505],[-3.451574,48.043361],[-3.450479,48.043634],[-3.44902,48.044653],[-3.447904,48.044868],[-3.446531,48.045341],[-3.444707,48.0458],[-3.443892,48.045112],[-3.439471,48.046761],[-3.439021,48.047362],[-3.438485,48.047189],[-3.439493,48.0463],[-3.439879,48.045284],[-3.438399,48.044021],[-3.437197,48.043907],[-3.438141,48.043792],[-3.438613,48.043505],[-3.438441,48.043275],[-3.437969,48.043347],[-3.43754,48.042988],[-3.436961,48.04329],[-3.435931,48.043273],[-3.43503,48.042986],[-3.433485,48.042943],[-3.433721,48.041955],[-3.430738,48.0424],[-3.42943,48.042341],[-3.428657,48.042283],[-3.427477,48.042082],[-3.426983,48.042212],[-3.425932,48.042039],[-3.424773,48.041496],[-3.424258,48.041052],[-3.423657,48.040894],[-3.422219,48.040062],[-3.421404,48.039904],[-3.420031,48.039129],[-3.419001,48.03989],[-3.416748,48.040363],[-3.415289,48.040406],[-3.412692,48.041138],[-3.409238,48.041626],[-3.409109,48.041482],[-3.409581,48.040349],[-3.40913,48.040105],[-3.407478,48.04009],[-3.406684,48.039933],[-3.405826,48.039933],[-3.404903,48.039701],[-3.404002,48.039299],[-3.403358,48.0394],[-3.402715,48.03841],[-3.402221,48.037867],[-3.401899,48.037766],[-3.401663,48.036862],[-3.400182,48.035428],[-3.399303,48.03412],[-3.399324,48.033646],[-3.396814,48.034294],[-3.395569,48.034495],[-3.39411,48.035124],[-3.392308,48.034062],[-3.392136,48.033031],[-3.392543,48.032773],[-3.392479,48.032185],[-3.392629,48.031955],[-3.392715,48.031697],[-3.393788,48.03151],[-3.392994,48.031166],[-3.392994,48.030879],[-3.393531,48.030822],[-3.393531,48.030822],[-3.393638,48.030205],[-3.392501,48.029616],[-3.390505,48.029587],[-3.388509,48.029817],[-3.386814,48.029344],[-3.386964,48.0291],[-3.38778,48.02947],[-3.390677,48.028841],[-3.390054,48.028411],[-3.389668,48.027162],[-3.388917,48.02633],[-3.388681,48.024893],[-3.388338,48.024233],[-3.387286,48.024263],[-3.386857,48.023388],[-3.385784,48.022197],[-3.386728,48.021982],[-3.387351,48.021752],[-3.387544,48.021522],[-3.386943,48.02069],[-3.386686,48.020056],[-3.38557,48.018994],[-3.384969,48.017817],[-3.384089,48.01687],[-3.38336,48.016382],[-3.385248,48.015107],[-3.385012,48.014733],[-3.384755,48.014128],[-3.385549,48.013626],[-3.385313,48.013195],[-3.387909,48.013095],[-3.387608,48.012293],[-3.388595,48.012336],[-3.389239,48.012264],[-3.389475,48.011475],[-3.389218,48.010327],[-3.389175,48.009652],[-3.387565,48.008819],[-3.386621,48.007226],[-3.386686,48.006436],[-3.386879,48.005919],[-3.387243,48.005848],[-3.387565,48.004656],[-3.387801,48.004268],[-3.387694,48.003105],[-3.388273,48.001942],[-3.387909,48.001196],[-3.388166,48.000981],[-3.3813,47.999143],[-3.380227,47.998638],[-3.379648,47.997977],[-3.379176,47.997274],[-3.378575,47.996843],[-3.377738,47.996671],[-3.376622,47.996542],[-3.376451,47.995895],[-3.375549,47.996096],[-3.37482,47.995666],[-3.374498,47.995019],[-3.37364,47.994761],[-3.37364,47.994402],[-3.368597,47.994318],[-3.368039,47.994187],[-3.36731,47.993627],[-3.364005,47.992523],[-3.363382,47.992566],[-3.36276,47.992365],[-3.362417,47.991863],[-3.362353,47.991303],[-3.362074,47.991128],[-3.361688,47.991228],[-3.361559,47.991877],[-3.360572,47.991705],[-3.358726,47.9909],[-3.357954,47.990829],[-3.357396,47.989866],[-3.356237,47.989866],[-3.355679,47.989608],[-3.354435,47.989723],[-3.35437,47.98945],[-3.353233,47.989464],[-3.352203,47.988847],[-3.352203,47.988847],[-3.351195,47.988603],[-3.350551,47.987956],[-3.349349,47.988028],[-3.348298,47.989235],[-3.347826,47.989347],[-3.347375,47.989622],[-3.34568,47.989622],[-3.345294,47.990898],[-3.345405,47.991268],[-3.345193,47.991817],[-3.344825,47.992035],[-3.343961,47.992168],[-3.343608,47.991675],[-3.342461,47.991259],[-3.341345,47.990513],[-3.340165,47.989019],[-3.339457,47.989163],[-3.339693,47.990929],[-3.338835,47.99047],[-3.338406,47.990613],[-3.337977,47.991489],[-3.337462,47.991389],[-3.336367,47.991633],[-3.33596,47.99136],[-3.333749,47.99047],[-3.331904,47.990125],[-3.332526,47.989235],[-3.33199,47.988761],[-3.332312,47.988387],[-3.33302,47.988114],[-3.333664,47.987454],[-3.333728,47.985544],[-3.333299,47.984624],[-3.333213,47.984151],[-3.332634,47.98326],[-3.332998,47.982772],[-3.333299,47.983203],[-3.333835,47.983346],[-3.333685,47.981996],[-3.334136,47.981781],[-3.334286,47.980804],[-3.335573,47.980301],[-3.336367,47.980359],[-3.336754,47.980229],[-3.337462,47.980359],[-3.338492,47.979052],[-3.339393,47.977773],[-3.340144,47.977328],[-3.341109,47.977773],[-3.341667,47.977428],[-3.342204,47.977213],[-3.343019,47.977601],[-3.343641,47.977285],[-3.343105,47.97569],[-3.343384,47.974943],[-3.343963,47.9748],[-3.344457,47.975087],[-3.346002,47.975518],[-3.347289,47.975216],[-3.348013,47.97544],[-3.348877,47.975561],[-3.349049,47.973708],[-3.348727,47.972688],[-3.349027,47.971941],[-3.349414,47.97184],[-3.349735,47.971395],[-3.350079,47.971223],[-3.350057,47.970548],[-3.349585,47.969283],[-3.348856,47.969772],[-3.349199,47.968508],[-3.349907,47.967645],[-3.359971,47.947528],[-3.359971,47.947528],[-3.359949,47.946431],[-3.359649,47.945468],[-3.360507,47.944937],[-3.3607,47.944462],[-3.361307,47.943894],[-3.360722,47.943614],[-3.361559,47.942048],[-3.362138,47.94222],[-3.362524,47.942852],[-3.363211,47.943183],[-3.363619,47.943542],[-3.365163,47.944204],[-3.364026,47.943413],[-3.363104,47.942996],[-3.362825,47.942162],[-3.363232,47.941113],[-3.363146,47.940509],[-3.362138,47.93923],[-3.360958,47.938828],[-3.360142,47.938195],[-3.360057,47.937606],[-3.36025,47.936873],[-3.359906,47.936312],[-3.359155,47.935766],[-3.358962,47.935191],[-3.359091,47.934127],[-3.358726,47.93358],[-3.357246,47.932804],[-3.356538,47.93279],[-3.355121,47.932962],[-3.35289,47.932229],[-3.353169,47.929512],[-3.352203,47.930029],[-3.351924,47.929009],[-3.351237,47.928448],[-3.347654,47.927614],[-3.34671,47.927096],[-3.345401,47.924436],[-3.344907,47.922826],[-3.344264,47.922107],[-3.343405,47.921647],[-3.34244,47.92146],[-3.339457,47.921532],[-3.338492,47.921215],[-3.336517,47.919375],[-3.332054,47.917836],[-3.330831,47.917635],[-3.327334,47.918052],[-3.323579,47.919619],[-3.322291,47.919878],[-3.321604,47.919806],[-3.316841,47.921661],[-3.315317,47.921762],[-3.310382,47.921776],[-3.309313,47.921895],[-3.308108,47.921877],[-3.30697,47.92458],[-3.306691,47.924781],[-3.30358,47.924609],[-3.298323,47.925342],[-3.297958,47.925486],[-3.296349,47.925831],[-3.294217,47.926698],[-3.293645,47.926837],[-3.293152,47.926147],[-3.292594,47.925658],[-3.289525,47.925443],[-3.287358,47.925558],[-3.282225,47.925209],[-3.282423,47.924623],[-3.283195,47.923473],[-3.283431,47.922366],[-3.284161,47.92064],[-3.283667,47.918569],[-3.281644,47.919144],[-3.280513,47.918914],[-3.278496,47.918785],[-3.278045,47.918871],[-3.277616,47.919576],[-3.27753,47.920439],[-3.275706,47.921776],[-3.275149,47.921905],[-3.275149,47.921733],[-3.274762,47.921546],[-3.274934,47.920482],[-3.275449,47.92041],[-3.276221,47.919835],[-3.276865,47.918785],[-3.277015,47.918167],[-3.277037,47.917347],[-3.277294,47.916714],[-3.277981,47.915588],[-3.27778,47.914354],[-3.278496,47.91378],[-3.277273,47.9125],[-3.277187,47.91181],[-3.276844,47.911191],[-3.275706,47.911321],[-3.267123,47.909207],[-3.263712,47.909379],[-3.262424,47.909092],[-3.259484,47.906589],[-3.256373,47.904949],[-3.255322,47.904776],[-3.253176,47.905294],[-3.252189,47.905194],[-3.251459,47.904244],[-3.250622,47.902691],[-3.248369,47.900936],[-3.247404,47.90013],[-3.246631,47.899641],[-3.245237,47.899281],[-3.242254,47.898893],[-3.241245,47.898404],[-3.239658,47.897267],[-3.238842,47.896994],[-3.237791,47.896907],[-3.23616,47.897267],[-3.234379,47.897238],[-3.232019,47.896979],[-3.232019,47.896979],[-3.230152,47.89731],[-3.228564,47.897253],[-3.227362,47.897296],[-3.225474,47.897555],[-3.223886,47.897425],[-3.220925,47.894778],[-3.220925,47.894778],[-3.219144,47.892965],[-3.218028,47.892404],[-3.215196,47.891728],[-3.214209,47.891196],[-3.213157,47.889052],[-3.212428,47.888404],[-3.211398,47.887915],[-3.209574,47.887541],[-3.203458,47.887728],[-3.203373,47.887397],[-3.204167,47.886865],[-3.205497,47.88626],[-3.205239,47.886073],[-3.205111,47.885267],[-3.204167,47.883843],[-3.207407,47.883109],[-3.206999,47.882576],[-3.207428,47.88203],[-3.206441,47.881914],[-3.205518,47.881627],[-3.205175,47.880749],[-3.204918,47.879713],[-3.204446,47.87954],[-3.202858,47.880188],[-3.203416,47.880677],[-3.203416,47.881238],[-3.201549,47.883857],[-3.200583,47.884476],[-3.195326,47.885901],[-3.195326,47.885901],[-3.193373,47.886663],[-3.189532,47.887584],[-3.187644,47.887325],[-3.184447,47.88662],[-3.180542,47.886419],[-3.179469,47.886188],[-3.178267,47.886059],[-3.175649,47.886088],[-3.172967,47.886419],[-3.171787,47.886836],[-3.160844,47.888764],[-3.159899,47.888879],[-3.158247,47.88921],[-3.156016,47.88944],[-3.15387,47.889268],[-3.151574,47.889642],[-3.148913,47.889872],[-3.146016,47.889929],[-3.141768,47.889224],[-3.139879,47.889253],[-3.137519,47.888994],[-3.136661,47.888606],[-3.13473,47.887167],[-3.132927,47.88626],[-3.130138,47.885023],[-3.128314,47.883382],[-3.127198,47.882951],[-3.125975,47.882692],[-3.124559,47.882562],[-3.122799,47.882663],[-3.120911,47.882217],[-3.116769,47.882634],[-3.112929,47.88226],[-3.110912,47.882605],[-3.110912,47.882605],[-3.110362,47.883138],[-3.107724,47.884395],[-3.105362,47.885441],[-3.100556,47.887124],[-3.099504,47.887139],[-3.098753,47.886966],[-3.098152,47.886506],[-3.096865,47.884865],[-3.095706,47.88262],[-3.094848,47.881296],[-3.094204,47.880937],[-3.093088,47.880735],[-3.089548,47.879771],[-3.088003,47.879411],[-3.085149,47.879123],[-3.084934,47.878807],[-3.084012,47.878778],[-3.082381,47.879469],[-3.081201,47.880044],[-3.079613,47.880534],[-3.078669,47.880505],[-3.077446,47.881109],[-3.07633,47.881397],[-3.075021,47.881282],[-3.07391,47.881374],[-3.071995,47.882836],[-3.071995,47.882836],[-3.072296,47.884002],[-3.069745,47.885012],[-3.067743,47.885147],[-3.065451,47.8857],[-3.064764,47.885297],[-3.064035,47.885182],[-3.063155,47.884793],[-3.062854,47.884347],[-3.063112,47.883009],[-3.061503,47.882735],[-3.060494,47.882476],[-3.059764,47.882649],[-3.058777,47.881814],[-3.058262,47.881642],[-3.058241,47.879843],[-3.058048,47.879109],[-3.05882,47.878907],[-3.057747,47.875007],[-3.057919,47.872675],[-3.057713,47.872484],[-3.057211,47.872373],[-3.055924,47.872402],[-3.055387,47.872186],[-3.055108,47.871826],[-3.054507,47.871898],[-3.053928,47.87066],[-3.048628,47.869624],[-3.048628,47.869624],[-3.048521,47.870704],[-3.047126,47.872604],[-3.0435,47.872819],[-3.043371,47.873971],[-3.041161,47.873856],[-3.039423,47.873683],[-3.03747,47.873381],[-3.034809,47.873482],[-3.034123,47.872503],[-3.034091,47.872495],[-3.034091,47.872495],[-3.036087,47.871199],[-3.035486,47.869069],[-3.033855,47.867961],[-3.034392,47.864866],[-3.03621,47.864856],[-3.040807,47.859035],[-3.03628,47.858186],[-3.035572,47.857898],[-3.033512,47.85653],[-3.032546,47.856256],[-3.026323,47.855249],[-3.024714,47.851246],[-3.024779,47.849964],[-3.023942,47.849115],[-3.023856,47.848798],[-3.022075,47.848409],[-3.021732,47.848121],[-3.022654,47.847041],[-3.02259,47.846796],[-3.02068,47.846796],[-3.018985,47.84645],[-3.017826,47.846566],[-3.017247,47.845774],[-3.016732,47.8455],[-3.015359,47.845716],[-3.014522,47.845241],[-3.013964,47.844809],[-3.013556,47.844737],[-3.01317,47.844463],[-3.012955,47.844593],[-3.012548,47.844478],[-3.01244,47.844276],[-3.009823,47.844161],[-3.007527,47.844146],[-3.006904,47.843066],[-3.0036,47.83297],[-3.005488,47.831356],[-3.004587,47.831126],[-3.001561,47.831111],[-3.00051,47.830996],[-2.998986,47.830982],[-2.995982,47.830564],[-2.994373,47.830636],[-2.993922,47.829296],[-2.992914,47.828331],[-2.992463,47.827712],[-2.991283,47.826891],[-2.990167,47.825911],[-2.98888,47.820422],[-2.98991,47.81852],[-2.987206,47.817857],[-2.986069,47.819889],[-2.978494,47.818189],[-2.976778,47.821358],[-2.976449,47.820943],[-2.974696,47.820523],[-2.972958,47.820595],[-2.971392,47.819457],[-2.970319,47.819197],[-2.968645,47.818304],[-2.96783,47.818318],[-2.9668,47.818506],[-2.966518,47.818039],[-2.963946,47.818001],[-2.959354,47.816935],[-2.957294,47.820869],[-2.957609,47.821118],[-2.952981,47.830751],[-2.941759,47.827323],[-2.941995,47.824773],[-2.940986,47.824672],[-2.936008,47.822569],[-2.936309,47.821531],[-2.936201,47.820883],[-2.936695,47.820436],[-2.937918,47.819817],[-2.937446,47.819341],[-2.937145,47.818506],[-2.937467,47.818434],[-2.936437,47.816589],[-2.935858,47.816171],[-2.935257,47.814096],[-2.934721,47.813765],[-2.933498,47.81352],[-2.932704,47.812641],[-2.932081,47.81156],[-2.932146,47.811186],[-2.932038,47.810811],[-2.93206,47.808966],[-2.933154,47.808332],[-2.93354,47.807424],[-2.933498,47.806848],[-2.934077,47.805911],[-2.934055,47.805162],[-2.932983,47.80411],[-2.932081,47.803893],[-2.930815,47.803663],[-2.930236,47.803187],[-2.929034,47.801688],[-2.924442,47.801184],[-2.923241,47.799296],[-2.922361,47.798344],[-2.921567,47.798993],[-2.92073,47.800593],[-2.919378,47.80225],[-2.918789,47.802254],[-2.916782,47.801602],[-2.914805,47.801232],[-2.913704,47.800976],[-2.911503,47.800968],[-2.910516,47.800867],[-2.908929,47.800276],[-2.90659,47.800132],[-2.905688,47.799613],[-2.904186,47.799267],[-2.902877,47.799094],[-2.901783,47.799137],[-2.898908,47.798748],[-2.898157,47.79882],[-2.897599,47.799065],[-2.895453,47.798503],[-2.894423,47.798388],[-2.894423,47.798388],[-2.894616,47.797926],[-2.894509,47.797234],[-2.895088,47.796398],[-2.891913,47.795678],[-2.888286,47.795952],[-2.886849,47.796571],[-2.885969,47.796744],[-2.885046,47.796514],[-2.883845,47.795952],[-2.882579,47.795706],[-2.879424,47.795389],[-2.877879,47.795591],[-2.874446,47.795389],[-2.872772,47.795634],[-2.871592,47.79513],[-2.871335,47.795159],[-2.871142,47.795534],[-2.871142,47.795534],[-2.870734,47.795562],[-2.870991,47.796225],[-2.870112,47.798056],[-2.869854,47.798316],[-2.869747,47.800132],[-2.869253,47.802351],[-2.868824,47.803346],[-2.867687,47.805191],[-2.867108,47.809355],[-2.867108,47.809355],[-2.864597,47.812108],[-2.863138,47.814947],[-2.862365,47.814817],[-2.857087,47.814658],[-2.856035,47.819082],[-2.856014,47.820105],[-2.855649,47.821186],[-2.855907,47.822886],[-2.855778,47.823851],[-2.854812,47.824269],[-2.853117,47.824629],[-2.851014,47.823995],[-2.850778,47.823131],[-2.850006,47.821848],[-2.84859,47.824398],[-2.844641,47.824254],[-2.843332,47.824384],[-2.842989,47.824269],[-2.841959,47.824557],[-2.841959,47.824557],[-2.842646,47.826588],[-2.841122,47.826761],[-2.840178,47.827035],[-2.838977,47.829253],[-2.839127,47.830017],[-2.837303,47.832033],[-2.837153,47.833258],[-2.835286,47.833258],[-2.834664,47.831097],[-2.834256,47.830478],[-2.834427,47.830161],[-2.834599,47.825796],[-2.833247,47.825277],[-2.832904,47.824917],[-2.832689,47.824297],[-2.832775,47.823894],[-2.831895,47.822929],[-2.831252,47.822713],[-2.83108,47.822713],[-2.830544,47.822367],[-2.829964,47.822136],[-2.831209,47.819312],[-2.83108,47.818938],[-2.82917,47.815537],[-2.828591,47.814284],[-2.828205,47.812627],[-2.8196,47.811632],[-2.818291,47.811805],[-2.814558,47.815091],[-2.813957,47.815364],[-2.813614,47.815826],[-2.812326,47.816373],[-2.812519,47.817396],[-2.812176,47.818261],[-2.808743,47.818059],[-2.807184,47.818071],[-2.805245,47.81937],[-2.802563,47.819644],[-2.802713,47.819111],[-2.802305,47.817843],[-2.801705,47.816877],[-2.801082,47.815984],[-2.800911,47.815177],[-2.80046,47.814831],[-2.798851,47.814716],[-2.798164,47.814831],[-2.797284,47.814846],[-2.794066,47.815595],[-2.794066,47.815595],[-2.792478,47.817641],[-2.791898,47.817339],[-2.786706,47.816589],[-2.787242,47.815451],[-2.786019,47.813765],[-2.786212,47.812699],[-2.783702,47.812872],[-2.782843,47.813246],[-2.781483,47.814298],[-2.779668,47.811921],[-2.775655,47.812641],[-2.775569,47.811431],[-2.773681,47.81133],[-2.773166,47.811488],[-2.773252,47.812483],[-2.773273,47.812987],[-2.772994,47.81316],[-2.772265,47.813434],[-2.771728,47.813405],[-2.769196,47.81316],[-2.76808,47.815437],[-2.768467,47.816733],[-2.767544,47.8179],[-2.766965,47.817944],[-2.767179,47.818419],[-2.765119,47.81865],[-2.764475,47.818606],[-2.764733,47.825191],[-2.764089,47.825349],[-2.761493,47.825234],[-2.760763,47.825003],[-2.758939,47.822914],[-2.75763,47.822756],[-2.753747,47.82352],[-2.750464,47.823937],[-2.750206,47.825536],[-2.750356,47.826113],[-2.753296,47.827813],[-2.753403,47.828374],[-2.754047,47.829599],[-2.754154,47.83006],[-2.754669,47.830118],[-2.755141,47.830593],[-2.756279,47.833949],[-2.754991,47.834064],[-2.754476,47.834381],[-2.751193,47.834237],[-2.7513,47.8349],[-2.750828,47.834986],[-2.748296,47.834641],[-2.747095,47.835375],[-2.744069,47.83585],[-2.744069,47.83585],[-2.743533,47.837866],[-2.742396,47.837722],[-2.741172,47.838067],[-2.740014,47.838038],[-2.739241,47.837938],[-2.739778,47.836555],[-2.739563,47.836123],[-2.739327,47.836094],[-2.738876,47.835662],[-2.738211,47.836008],[-2.73746,47.83631],[-2.735872,47.841149],[-2.733834,47.841207],[-2.731817,47.841164],[-2.72789,47.841423],[-2.725852,47.840746],[-2.722268,47.840703],[-2.722225,47.841437],[-2.722225,47.841437],[-2.719844,47.841639],[-2.719479,47.841509],[-2.719393,47.841049],[-2.718642,47.840717],[-2.718363,47.840184],[-2.716689,47.840357],[-2.716646,47.83994],[-2.717354,47.83968],[-2.717011,47.839363],[-2.715724,47.839147],[-2.714973,47.839176],[-2.714822,47.839018],[-2.714071,47.839003],[-2.713235,47.838615],[-2.712591,47.838658],[-2.712205,47.838399],[-2.710767,47.838024],[-2.709437,47.837995],[-2.709158,47.838096],[-2.7089,47.837909],[-2.708342,47.838096],[-2.707741,47.837894],[-2.707269,47.837981],[-2.706862,47.837592],[-2.706862,47.837592],[-2.706025,47.837477],[-2.70596,47.837304],[-2.705059,47.837333],[-2.702055,47.836569],[-2.70154,47.836555],[-2.700617,47.836396],[-2.699974,47.836901],[-2.699094,47.837145],[-2.69742,47.836137],[-2.696562,47.83618],[-2.695832,47.835878],[-2.695661,47.835705],[-2.694931,47.835604],[-2.694588,47.835604],[-2.694094,47.835446],[-2.69167,47.835604],[-2.689696,47.835057],[-2.688708,47.834423],[-2.688236,47.834582],[-2.687249,47.834567],[-2.687206,47.834193],[-2.686091,47.833876],[-2.685082,47.833861],[-2.685082,47.833861],[-2.684353,47.833703],[-2.683365,47.833343],[-2.682529,47.833444],[-2.681241,47.832983],[-2.679203,47.832781],[-2.679117,47.83268],[-2.678495,47.832738],[-2.678259,47.833112],[-2.677786,47.833372],[-2.677786,47.833372],[-2.676027,47.832853],[-2.67416,47.832493],[-2.67062,47.832046],[-2.669075,47.831701],[-2.667937,47.831053],[-2.667766,47.829814],[-2.666457,47.829641],[-2.664697,47.829598],[-2.66371,47.830505],[-2.662594,47.830131],[-2.660191,47.830332],[-2.659998,47.830102],[-2.659633,47.830044],[-2.659097,47.829886],[-2.658367,47.829929],[-2.65811,47.829684],[-2.658303,47.829209],[-2.65796,47.827725],[-2.657745,47.827552],[-2.658088,47.826399],[-2.658518,47.826155],[-2.657831,47.825593],[-2.657252,47.823749],[-2.656973,47.82359],[-2.654054,47.823533],[-2.653861,47.823252],[-2.653939,47.822739],[-2.654243,47.822192],[-2.654805,47.821876],[-2.65379,47.821417],[-2.652767,47.820867],[-2.652037,47.820219],[-2.651029,47.8197],[-2.650492,47.819081],[-2.649248,47.818576],[-2.647381,47.818331],[-2.644398,47.818144],[-2.642253,47.817683],[-2.641459,47.817582],[-2.641244,47.817035],[-2.640515,47.816862],[-2.639527,47.817179],[-2.639249,47.816991],[-2.639892,47.815781],[-2.64,47.81519],[-2.6403,47.814686],[-2.641974,47.81421],[-2.643004,47.812496],[-2.643411,47.810795],[-2.644549,47.809441],[-2.645943,47.806083],[-2.646051,47.804915],[-2.646995,47.802725],[-2.646415,47.802263],[-2.646008,47.802696],[-2.645064,47.803157],[-2.64457,47.8032],[-2.644334,47.80346],[-2.643047,47.80369],[-2.642768,47.80346],[-2.642403,47.802465],[-2.642124,47.802235],[-2.642081,47.801874],[-2.641266,47.800635],[-2.639034,47.799928],[-2.639184,47.799554],[-2.638841,47.798156],[-2.635708,47.798314],[-2.633176,47.797954],[-2.632253,47.798487],[-2.631309,47.798199],[-2.629957,47.798588],[-2.629485,47.798559],[-2.629078,47.798156],[-2.627361,47.79781],[-2.62734,47.797219],[-2.627061,47.796138],[-2.626438,47.79546],[-2.625837,47.795431],[-2.625773,47.795806],[-2.624679,47.795777],[-2.623606,47.796094],[-2.622619,47.796138],[-2.622039,47.796267],[-2.621331,47.796498],[-2.613306,47.794523],[-2.611354,47.793961],[-2.60968,47.793572],[-2.605281,47.792447],[-2.603758,47.79226],[-2.599208,47.792163],[-2.595732,47.792231],[-2.595346,47.79164],[-2.593801,47.791683],[-2.592793,47.79213],[-2.592685,47.791409],[-2.592106,47.790501],[-2.589424,47.790573],[-2.588008,47.790761],[-2.587793,47.789752],[-2.587536,47.789434],[-2.587643,47.789233],[-2.586098,47.788195],[-2.582557,47.787748],[-2.578974,47.787459],[-2.57921,47.786018],[-2.577408,47.785859],[-2.577171,47.785657],[-2.575026,47.785498],[-2.574833,47.785571],[-2.574124,47.785354],[-2.571077,47.785614],[-2.568395,47.785455],[-2.566958,47.785686],[-2.566764,47.785801],[-2.566378,47.785744],[-2.566013,47.785455],[-2.564275,47.784936],[-2.562924,47.785167],[-2.563954,47.787012],[-2.563782,47.787358],[-2.563911,47.787618],[-2.563374,47.788324],[-2.56361,47.78893],[-2.563439,47.78955],[-2.563653,47.789651],[-2.563954,47.789564],[-2.565627,47.790011],[-2.565026,47.790487],[-2.563524,47.791366],[-2.56346,47.791654],[-2.562516,47.792375],[-2.561979,47.792476],[-2.560992,47.792966],[-2.5611,47.793168],[-2.561057,47.793572],[-2.561271,47.793961],[-2.560477,47.794552],[-2.558804,47.795028],[-2.559147,47.795561],[-2.558611,47.795792],[-2.558482,47.796339],[-2.557323,47.79608],[-2.5564,47.796152],[-2.556014,47.795734],[-2.554577,47.795575],[-2.554448,47.795201],[-2.555049,47.794465],[-2.554534,47.794148],[-2.553997,47.794235],[-2.552667,47.793673],[-2.551465,47.79373],[-2.549706,47.793586],[-2.548826,47.793874],[-2.547259,47.793918],[-2.546144,47.793658],[-2.545049,47.79337],[-2.543612,47.793327],[-2.54226,47.793399],[-2.541874,47.791568],[-2.541466,47.790775],[-2.541723,47.790285],[-2.54271,47.789997],[-2.542367,47.78978],[-2.541101,47.789795],[-2.541037,47.788829],[-2.541316,47.788382],[-2.541144,47.788238],[-2.539256,47.78805],[-2.539792,47.787632],[-2.540672,47.782961],[-2.540972,47.782298],[-2.540672,47.779529],[-2.538054,47.777467],[-2.537625,47.777338],[-2.537475,47.775694],[-2.537968,47.772694],[-2.538097,47.770762],[-2.537475,47.77069],[-2.536831,47.770776],[-2.536445,47.770733],[-2.536338,47.770502],[-2.536338,47.769839],[-2.535179,47.769839],[-2.533484,47.769882],[-2.533891,47.769377],[-2.532926,47.768829],[-2.53254,47.769276],[-2.532411,47.768613],[-2.533634,47.767632],[-2.53387,47.767156],[-2.533806,47.76681],[-2.532861,47.766421],[-2.532153,47.76531],[-2.532776,47.764416],[-2.532711,47.763954],[-2.531767,47.762988],[-2.535136,47.760853],[-2.534964,47.760478],[-2.535286,47.760175],[-2.534106,47.759512],[-2.534106,47.759425],[-2.533119,47.759396],[-2.532175,47.759093],[-2.531016,47.75918],[-2.530265,47.759021],[-2.52887,47.759151],[-2.528248,47.759699],[-2.527948,47.759627],[-2.527754,47.759295],[-2.527068,47.759396],[-2.526639,47.759569],[-2.526553,47.760016],[-2.526231,47.760117],[-2.525544,47.760045],[-2.525544,47.760045],[-2.523549,47.760911],[-2.52312,47.760968],[-2.522755,47.760637],[-2.522197,47.759612],[-2.521167,47.758733],[-2.52106,47.757867],[-2.519708,47.756208],[-2.518549,47.754982],[-2.521939,47.754088],[-2.522369,47.752659],[-2.522004,47.751765],[-2.522133,47.750553],[-2.519944,47.750178],[-2.520673,47.749529],[-2.520373,47.748923],[-2.520652,47.746787],[-2.519944,47.74634],[-2.520394,47.744089],[-2.521854,47.744118],[-2.522626,47.743945],[-2.523077,47.743094],[-2.523613,47.741853],[-2.523677,47.741304],[-2.523549,47.740222],[-2.522948,47.73976],[-2.522197,47.739703],[-2.521489,47.73989],[-2.520995,47.739544],[-2.519837,47.739111],[-2.520008,47.737956],[-2.518635,47.737394],[-2.51724,47.737018],[-2.516489,47.737105],[-2.516189,47.736961],[-2.51606,47.735922],[-2.515717,47.735258],[-2.515631,47.734782],[-2.515309,47.734478],[-2.515052,47.734507],[-2.515416,47.733728],[-2.515416,47.733728],[-2.514537,47.732472],[-2.514472,47.731794],[-2.514086,47.731635],[-2.509408,47.731477],[-2.508464,47.732068],[-2.507455,47.732169],[-2.506383,47.732429],[-2.506898,47.732602],[-2.506941,47.732963],[-2.506554,47.7338],[-2.506297,47.733973],[-2.505224,47.734103],[-2.505181,47.734681],[-2.504709,47.734969],[-2.504065,47.734911],[-2.497113,47.735604],[-2.497606,47.736816],[-2.498272,47.737451],[-2.498293,47.738346],[-2.498851,47.73888],[-2.498851,47.73888],[-2.499087,47.739905],[-2.498701,47.74002],[-2.498701,47.74002],[-2.498379,47.739861],[-2.4981,47.73989],[-2.497499,47.739674],[-2.496512,47.739602],[-2.495589,47.739905],[-2.495418,47.74041],[-2.495632,47.740684],[-2.496212,47.740944],[-2.496491,47.741275],[-2.496727,47.741333],[-2.49707,47.741708],[-2.49707,47.741896],[-2.496662,47.742156],[-2.496598,47.742516],[-2.495997,47.742877],[-2.495847,47.743512],[-2.495375,47.744277],[-2.495418,47.744652],[-2.495954,47.745085],[-2.495117,47.744883],[-2.494087,47.74494],[-2.493572,47.744825],[-2.489431,47.744609],[-2.489045,47.743844],[-2.489045,47.743137],[-2.491856,47.741564],[-2.492457,47.740915],[-2.492585,47.740496],[-2.493508,47.740179],[-2.493787,47.739443],[-2.49162,47.739385],[-2.490161,47.73914],[-2.487693,47.73914],[-2.486534,47.738837],[-2.484303,47.738866],[-2.483144,47.739197],[-2.4822,47.739313],[-2.481063,47.739284],[-2.480912,47.739991],[-2.479711,47.741838],[-2.478874,47.741838],[-2.476428,47.743469],[-2.475079,47.743522],[-2.475763,47.740944],[-2.473896,47.740597],[-2.472737,47.740193],[-2.471171,47.740179],[-2.469111,47.7409],[-2.468209,47.739688],[-2.466965,47.739847],[-2.466257,47.739717],[-2.465592,47.739861],[-2.46557,47.739472],[-2.465162,47.739096],[-2.464605,47.737942],[-2.464626,47.737394],[-2.462115,47.737249],[-2.462094,47.737033],[-2.462373,47.736946],[-2.462266,47.736614],[-2.462266,47.736196],[-2.461944,47.735619],[-2.461665,47.735474],[-2.461794,47.73494],[-2.462244,47.734175],[-2.462502,47.733353],[-2.461579,47.733526],[-2.460506,47.733382],[-2.460485,47.73419],[-2.459841,47.734248],[-2.459455,47.734406],[-2.459283,47.734767],[-2.457523,47.735301],[-2.455764,47.735272],[-2.456215,47.733786],[-2.456708,47.733295],[-2.457051,47.732415],[-2.456901,47.731881],[-2.455614,47.731145],[-2.455378,47.730582],[-2.454605,47.72999],[-2.454605,47.72999],[-2.452974,47.730004],[-2.450786,47.729745],[-2.449949,47.729774],[-2.448919,47.729615],[-2.446494,47.729528],[-2.444134,47.729644],[-2.444348,47.730885],[-2.443769,47.731491],[-2.43995,47.732213],[-2.439606,47.731982],[-2.439671,47.731332],[-2.439113,47.730943],[-2.437761,47.730668],[-2.435701,47.730712],[-2.435208,47.730134],[-2.434971,47.730134],[-2.4351,47.729586],[-2.435014,47.72911],[-2.435272,47.727811],[-2.437568,47.723827],[-2.438254,47.723538],[-2.439027,47.722253],[-2.439263,47.721633],[-2.439199,47.7212],[-2.438684,47.720998],[-2.437761,47.721041],[-2.436474,47.720839],[-2.435658,47.720478],[-2.434607,47.720175],[-2.434306,47.71977],[-2.433856,47.71941],[-2.433534,47.718673],[-2.43289,47.718255],[-2.432654,47.717778],[-2.431324,47.717259],[-2.430079,47.717461],[-2.429028,47.717417],[-2.427204,47.717764],[-2.426109,47.717172],[-2.423942,47.71684],[-2.422912,47.716898],[-2.422719,47.716638],[-2.422676,47.71479],[-2.422204,47.71261],[-2.420337,47.709029],[-2.419071,47.709448],[-2.417569,47.70965],[-2.414458,47.709693],[-2.411497,47.709881],[-2.410274,47.71004],[-2.409673,47.709939],[-2.407012,47.710329],[-2.406969,47.711137],[-2.406004,47.71056],[-2.404759,47.710141],[-2.402377,47.708437],[-2.400532,47.708206],[-2.39918,47.70721],[-2.39712,47.706372],[-2.394846,47.706574],[-2.391198,47.706271],[-2.390232,47.705982],[-2.389374,47.705477],[-2.389374,47.705477],[-2.38888,47.705723],[-2.386799,47.706112],[-2.386305,47.706011],[-2.385705,47.706185],[-2.38534,47.706459],[-2.384439,47.706719],[-2.383731,47.706632],[-2.382894,47.706849],[-2.382465,47.707051],[-2.381413,47.707037],[-2.381027,47.70747],[-2.380512,47.707398],[-2.379675,47.707643],[-2.378667,47.707484],[-2.378473,47.707585],[-2.377379,47.707282],[-2.37592,47.707282],[-2.375233,47.707152],[-2.37474,47.707296],[-2.374396,47.70721],[-2.373753,47.707527],[-2.373238,47.707556],[-2.371779,47.707383],[-2.371071,47.707354],[-2.370577,47.707167],[-2.369397,47.707008],[-2.369161,47.706777],[-2.368174,47.706733],[-2.365685,47.706199],[-2.364698,47.706574],[-2.363174,47.706993],[-2.361479,47.706878],[-2.360406,47.706791],[-2.359462,47.70682],[-2.359011,47.706964],[-2.358518,47.706777],[-2.358217,47.706517],[-2.357316,47.706531],[-2.356436,47.706127],[-2.356286,47.705174],[-2.355449,47.704856],[-2.35399,47.704784],[-2.353175,47.705044],[-2.35296,47.705289],[-2.35266,47.705362],[-2.352595,47.706141],[-2.35208,47.705867],[-2.350943,47.705881],[-2.349699,47.705708],[-2.348282,47.705188],[-2.347832,47.705232],[-2.347853,47.704856],[-2.346888,47.704466],[-2.346287,47.704091],[-2.345107,47.703874],[-2.344914,47.703557],[-2.344399,47.703715],[-2.343841,47.703629],[-2.343433,47.703687],[-2.342618,47.703412],[-2.341631,47.703383],[-2.341073,47.703253],[-2.341716,47.702762],[-2.34236,47.702401],[-2.340322,47.701867],[-2.338777,47.701896],[-2.33779,47.702069],[-2.337511,47.701766],[-2.336438,47.701968],[-2.334528,47.701881],[-2.332769,47.70139],[-2.330859,47.700683],[-2.326782,47.699961],[-2.326031,47.699744],[-2.3244,47.699773],[-2.32322,47.700408],[-2.318113,47.701102],[-2.316482,47.701203],[-2.314839,47.701073],[-2.31272,47.701338],[-2.312325,47.701703],[-2.311719,47.701708],[-2.31071,47.701751],[-2.310109,47.701622],[-2.309616,47.701333],[-2.309315,47.700654],[-2.308929,47.700481],[-2.307813,47.700495],[-2.302148,47.702488],[-2.300282,47.702647],[-2.300153,47.701867],[-2.299509,47.701492],[-2.297213,47.701448],[-2.296248,47.70152],[-2.295518,47.701448],[-2.294595,47.701506],[-2.293801,47.701347],[-2.290819,47.701304],[-2.290476,47.701087],[-2.288051,47.701058],[-2.286484,47.700827],[-2.28539,47.700827],[-2.284124,47.701044],[-2.283008,47.700943],[-2.282128,47.700928],[-2.280476,47.700741],[-2.279124,47.700408],[-2.278416,47.700365],[-2.278309,47.700177],[-2.277901,47.700264],[-2.276549,47.700177],[-2.275369,47.700264],[-2.273867,47.700582],[-2.270842,47.700495],[-2.268288,47.700293],[-2.267451,47.700481],[-2.266421,47.700481],[-2.262817,47.701737],[-2.261658,47.701636],[-2.262645,47.700495],[-2.262345,47.700221],[-2.261551,47.699643],[-2.260971,47.699643],[-2.256787,47.700264],[-2.255156,47.699946],[-2.254684,47.699585],[-2.252603,47.698993],[-2.252002,47.698993],[-2.25198,47.697434],[-2.251465,47.696928],[-2.250586,47.696625],[-2.248354,47.69648],[-2.247496,47.696249],[-2.246659,47.696235],[-2.246294,47.696047],[-2.245801,47.696004],[-2.245157,47.695729],[-2.242861,47.695599],[-2.242518,47.695672],[-2.240715,47.695368],[-2.239149,47.694689],[-2.236939,47.693982],[-2.234793,47.693953],[-2.234042,47.694011],[-2.232926,47.693852],[-2.232669,47.694198],[-2.230222,47.694343],[-2.229707,47.694516],[-2.228849,47.694386],[-2.228549,47.694227],[-2.226339,47.694141],[-2.225716,47.693808],[-2.224021,47.693808],[-2.22239,47.693491],[-2.22018,47.692451],[-2.220631,47.693187],[-2.221747,47.693606],[-2.221875,47.694184],[-2.223678,47.694819],[-2.225566,47.696379],[-2.224944,47.696278],[-2.221103,47.694791],[-2.220009,47.695859],[-2.217755,47.696668],[-2.216725,47.69726],[-2.216275,47.698098],[-2.215266,47.698647],[-2.215223,47.700481],[-2.214945,47.70139],[-2.215331,47.702589],[-2.216275,47.7036],[-2.217691,47.704365],[-2.217884,47.706271],[-2.216962,47.708047],[-2.217047,47.708625],[-2.21782,47.709636],[-2.217734,47.710617],[-2.216833,47.71222],[-2.216876,47.71261],[-2.218056,47.712899],[-2.21782,47.71414],[-2.21827,47.714949],[-2.218313,47.715887],[-2.218313,47.715887],[-2.218743,47.7168],[-2.218743,47.717868],[-2.220974,47.718243],[-2.219708,47.722386],[-2.217562,47.723498],[-2.217562,47.723498],[-2.217605,47.723859],[-2.218914,47.72383],[-2.220996,47.724104],[-2.222068,47.723844],[-2.223485,47.723743],[-2.223528,47.725172],[-2.225223,47.724999],[-2.225695,47.725245],[-2.22503,47.725923],[-2.224128,47.726414],[-2.223377,47.72637],[-2.221103,47.725764],[-2.220674,47.726659],[-2.219944,47.726385],[-2.218678,47.72637],[-2.217176,47.726053],[-2.216296,47.725706],[-2.215116,47.724985],[-2.213721,47.724811],[-2.213979,47.723743],[-2.213507,47.723541],[-2.213056,47.723844],[-2.212541,47.723743],[-2.212048,47.723859],[-2.211254,47.723686],[-2.211168,47.723368],[-2.20855,47.72318],[-2.207477,47.722805],[-2.207155,47.722791],[-2.20664,47.72256],[-2.205954,47.722545],[-2.205632,47.72217],[-2.205546,47.721694],[-2.20355,47.722069],[-2.202091,47.722646],[-2.202006,47.722993],[-2.201126,47.723094],[-2.200546,47.722877],[-2.199109,47.722805],[-2.195826,47.723397],[-2.193208,47.723541],[-2.191663,47.723325],[-2.188573,47.723325],[-2.169476,47.720467],[-2.169948,47.719066],[-2.16954,47.718474],[-2.168489,47.71846],[-2.167502,47.718301],[-2.167115,47.718373],[-2.166321,47.718287],[-2.165399,47.717998],[-2.164304,47.717897],[-2.163232,47.717623],[-2.162459,47.717652],[-2.160742,47.717565],[-2.159927,47.717016],[-2.159197,47.717045],[-2.158811,47.716554],[-2.158253,47.716583],[-2.157695,47.716367],[-2.156601,47.716453],[-2.156258,47.716381],[-2.155357,47.716035],[-2.155013,47.716193],[-2.154176,47.71615],[-2.152996,47.715804],[-2.152224,47.715717],[-2.151795,47.715457],[-2.15143,47.715067],[-2.151237,47.714562],[-2.149735,47.715183],[-2.148533,47.715342],[-2.148318,47.715688],[-2.146559,47.71514],[-2.143576,47.715154],[-2.142697,47.715371],[-2.140422,47.715558],[-2.139156,47.715197],[-2.138813,47.714836],[-2.136023,47.71449],[-2.135229,47.714057],[-2.131882,47.713032],[-2.130745,47.712815],[-2.129135,47.712858],[-2.127741,47.712627],[-2.126067,47.712526],[-2.124543,47.712526],[-2.123213,47.712238],[-2.12199,47.710678],[-2.122119,47.710418],[-2.121475,47.710086],[-2.12096,47.709595],[-2.121003,47.709234],[-2.121883,47.709234],[-2.122591,47.706939],[-2.121518,47.706202],[-2.120059,47.706217],[-2.12126,47.703545],[-2.122505,47.701928],[-2.122526,47.699675],[-2.122848,47.699314],[-2.122891,47.698953],[-2.123835,47.698838],[-2.124028,47.698202],[-2.124415,47.697928],[-2.125123,47.698303],[-2.125981,47.697942],[-2.126517,47.697942],[-2.127011,47.697466],[-2.127741,47.697234],[-2.128041,47.69709],[-2.129135,47.696931],[-2.130208,47.697133],[-2.13229,47.697408],[-2.132225,47.696556],[-2.131775,47.696122],[-2.131946,47.695415],[-2.131281,47.693725],[-2.129629,47.693869],[-2.128234,47.693624],[-2.126689,47.693812],[-2.124093,47.693523],[-2.124372,47.692801],[-2.125316,47.691674],[-2.125445,47.690836],[-2.125058,47.690129],[-2.121947,47.688439],[-2.121711,47.68737],[-2.12332,47.684654],[-2.123127,47.683816],[-2.122977,47.682675],[-2.122698,47.682285],[-2.121389,47.682025],[-2.119329,47.68201],[-2.117355,47.681375],[-2.115917,47.681129],[-2.112785,47.679858],[-2.107828,47.677373],[-2.105596,47.676983],[-2.104008,47.67613],[-2.104094,47.674556],[-2.104395,47.673992],[-2.104094,47.671637],[-2.103858,47.671146],[-2.103837,47.670597],[-2.103493,47.669946],[-2.103236,47.668559],[-2.103086,47.667186],[-2.103536,47.665597],[-2.104094,47.664759],[-2.099309,47.662866],[-2.099524,47.662157],[-2.100167,47.661016],[-2.101691,47.655697],[-2.101605,47.654584],[-2.100554,47.653225],[-2.097078,47.651751],[-2.096751,47.651799],[-2.087483,47.648843]]],"type":"MultiLineString"},"properties":{"geo_point":{"lon":-3.263751314241366,"lat":47.93877507034618},"name":"GR38 De Douarnenez (Finistère) à Redon (Ille-et-Vilaine) (2020)","code_gr":"GR38"}}]}