{"type":"FeatureCollection","features":[{"type":"Feature","geometry":{"coordinates":[[[-2.084964,47.648506],[-2.085265,47.647928],[-2.087432,47.648521],[-2.090887,47.643606],[-2.091058,47.642608],[-2.091402,47.641957],[-2.091638,47.641263],[-2.091638,47.640266],[-2.091723,47.639789],[-2.092067,47.639716],[-2.092646,47.639789],[-2.093247,47.638762],[-2.093891,47.638141],[-2.094685,47.637692],[-2.100779,47.635654],[-2.10213,47.635798],[-2.102238,47.635191],[-2.103632,47.634801],[-2.103911,47.635552],[-2.104019,47.636116],[-2.104255,47.63629],[-2.105392,47.636434],[-2.105285,47.636695],[-2.105134,47.637042],[-2.10477,47.637403],[-2.104641,47.637851],[-2.105714,47.638748],[-2.105971,47.639239],[-2.108482,47.641769],[-2.109576,47.641769],[-2.113996,47.640916],[-2.114533,47.640945],[-2.115606,47.641162],[-2.116292,47.641191],[-2.116979,47.641047],[-2.118374,47.64135],[-2.11876,47.641162],[-2.119425,47.640671],[-2.11846,47.639803],[-2.11743,47.639456],[-2.115177,47.637244],[-2.114254,47.636261],[-2.113911,47.63548],[-2.11361,47.63522],[-2.113546,47.63496],[-2.111293,47.634555],[-2.111658,47.633716],[-2.111658,47.633152],[-2.111314,47.632342],[-2.110971,47.631431],[-2.110413,47.630332],[-2.11213,47.629942],[-2.111786,47.628886],[-2.111057,47.628698],[-2.111529,47.627223],[-2.111872,47.626934],[-2.112065,47.626645],[-2.112001,47.626182],[-2.112173,47.625849],[-2.11243,47.625792],[-2.112494,47.62436],[-2.11213,47.623926],[-2.111593,47.623767],[-2.109662,47.624533],[-2.108568,47.625445],[-2.10743,47.626052],[-2.106658,47.626009],[-2.107752,47.624085],[-2.10846,47.623651],[-2.10889,47.623217],[-2.109769,47.620397],[-2.109984,47.620209],[-2.110628,47.620021],[-2.111293,47.620064],[-2.11213,47.62005],[-2.111958,47.619529],[-2.112173,47.61924],[-2.112623,47.618907],[-2.112473,47.618184],[-2.112194,47.617461],[-2.11228,47.615667],[-2.111872,47.615147],[-2.11228,47.613715],[-2.113267,47.612731],[-2.112881,47.611689],[-2.112645,47.611545],[-2.112645,47.611125],[-2.113117,47.610937],[-2.113353,47.61085],[-2.113567,47.610359],[-2.112516,47.609982],[-2.113396,47.609303],[-2.113996,47.608044],[-2.115155,47.607205],[-2.112473,47.606351],[-2.111314,47.605744],[-2.11007,47.605281],[-2.109405,47.604688],[-2.108546,47.603805],[-2.108332,47.602865],[-2.107087,47.601259],[-2.106594,47.601071],[-2.105092,47.599855],[-2.104212,47.599218],[-2.103718,47.599349],[-2.103697,47.599493],[-2.103117,47.599653],[-2.102002,47.599754],[-2.100585,47.599479],[-2.099062,47.599624],[-2.097839,47.599363],[-2.09786,47.598929],[-2.099169,47.598119],[-2.09992,47.598104],[-2.100092,47.597714],[-2.10153,47.597019],[-2.102238,47.597048],[-2.10359,47.596773],[-2.104147,47.59712],[-2.104791,47.596614],[-2.104426,47.59576],[-2.104147,47.59466],[-2.104319,47.593937],[-2.104684,47.593329],[-2.105263,47.593257],[-2.105628,47.592215],[-2.106958,47.591593],[-2.107602,47.591361],[-2.107795,47.590681],[-2.107795,47.590247],[-2.106894,47.590044],[-2.106787,47.589813],[-2.106658,47.589625],[-2.106679,47.588525],[-2.107087,47.587222],[-2.108439,47.585442],[-2.109598,47.585543],[-2.10992,47.585514],[-2.110606,47.585688],[-2.110456,47.586716],[-2.115177,47.587309],[-2.115692,47.587584],[-2.115584,47.588525],[-2.116657,47.588568],[-2.120026,47.589104],[-2.120112,47.589581],[-2.121528,47.589046],[-2.12215,47.589046],[-2.124725,47.589711],[-2.125755,47.589784],[-2.126313,47.589697],[-2.126957,47.589798],[-2.127644,47.58974],[-2.12818,47.589827],[-2.129382,47.590348],[-2.130433,47.589957],[-2.131141,47.589842],[-2.131699,47.589943],[-2.132386,47.590247],[-2.1326,47.590522],[-2.132472,47.591043],[-2.132879,47.59126],[-2.134295,47.590782],[-2.136291,47.591086],[-2.135926,47.592143],[-2.135604,47.592446],[-2.135347,47.593517],[-2.134317,47.594574],[-2.135325,47.594993],[-2.135926,47.59576],[-2.136677,47.595876],[-2.136484,47.597077],[-2.135905,47.597251],[-2.13569,47.597395],[-2.136205,47.597395],[-2.136527,47.5978],[-2.136506,47.598061],[-2.136935,47.598133],[-2.137385,47.597772],[-2.137557,47.597815],[-2.137342,47.598365],[-2.138158,47.598336],[-2.140797,47.598191],[-2.140711,47.598538],[-2.139917,47.599334],[-2.139853,47.599681],[-2.139617,47.599942],[-2.13951,47.600304],[-2.138051,47.60055],[-2.138008,47.601562],[-2.139317,47.601548],[-2.141613,47.600853],[-2.144187,47.601099],[-2.144381,47.601418],[-2.144917,47.60162],[-2.146612,47.601172],[-2.147642,47.601215],[-2.148136,47.601085],[-2.149745,47.601042],[-2.151869,47.600608],[-2.152256,47.60039],[-2.153049,47.600347],[-2.153479,47.600434],[-2.154509,47.600853],[-2.154723,47.600564],[-2.154702,47.599812],[-2.157341,47.599247],[-2.157749,47.598683],[-2.158907,47.598669],[-2.160088,47.598915],[-2.161032,47.599204],[-2.161504,47.598654],[-2.162169,47.597164],[-2.163778,47.597164],[-2.165001,47.597728],[-2.170151,47.598567],[-2.170173,47.598104],[-2.1694,47.596947],[-2.168671,47.596932],[-2.168349,47.596715],[-2.168263,47.595731],[-2.168134,47.595384],[-2.168499,47.593691],[-2.170859,47.593474],[-2.172726,47.593228],[-2.173863,47.594574],[-2.174164,47.595124],[-2.174228,47.595847],[-2.173885,47.59686],[-2.174507,47.597873],[-2.175129,47.599146],[-2.176031,47.599233],[-2.176782,47.599638],[-2.177597,47.598669],[-2.177855,47.597829],[-2.178091,47.597627],[-2.178842,47.597424],[-2.178992,47.597236],[-2.179979,47.597468],[-2.181159,47.597598],[-2.18118,47.599175],[-2.181095,47.600087],[-2.181138,47.600521],[-2.18324,47.600839],[-2.184013,47.600665],[-2.183863,47.599812],[-2.18427,47.598162],[-2.184206,47.597222],[-2.184335,47.595688],[-2.18515,47.594849],[-2.185815,47.594009],[-2.195407,47.596411],[-2.194785,47.598249],[-2.19354,47.599667],[-2.194398,47.599681],[-2.195214,47.599899],[-2.195729,47.600217],[-2.19663,47.601099],[-2.197381,47.601533],[-2.201072,47.603082],[-2.200943,47.602011],[-2.200814,47.601794],[-2.200385,47.601389],[-2.2006,47.600752],[-2.20075,47.600231],[-2.204355,47.600101],[-2.205299,47.598104],[-2.207144,47.598264],[-2.208689,47.598249],[-2.208818,47.5989],[-2.209826,47.599783],[-2.209934,47.600347],[-2.210728,47.599855],[-2.211157,47.599566],[-2.213238,47.599305],[-2.212573,47.599624],[-2.211607,47.600029],[-2.211629,47.600304],[-2.213324,47.601128],[-2.214955,47.601606],[-2.215727,47.601924],[-2.217036,47.602199],[-2.217165,47.601635],[-2.217058,47.600709],[-2.216586,47.600173],[-2.21768,47.600087],[-2.21901,47.60013],[-2.219568,47.600347],[-2.22077,47.599378],[-2.220362,47.599175],[-2.219482,47.598292],[-2.218903,47.597395],[-2.221178,47.596701],[-2.222701,47.596382],[-2.224546,47.596209],[-2.226263,47.596498],[-2.22813,47.597005],[-2.228859,47.597019],[-2.229289,47.59741],[-2.231499,47.597714],[-2.232228,47.597497],[-2.233258,47.597048],[-2.234031,47.59686],[-2.235597,47.596788],[-2.236198,47.596556],[-2.236434,47.596223],[-2.236498,47.595587],[-2.236219,47.595326],[-2.235383,47.595051],[-2.234825,47.594617],[-2.234653,47.594371],[-2.237593,47.593705],[-2.238065,47.59372],[-2.238902,47.593242],[-2.239588,47.592996],[-2.239953,47.592721],[-2.24006,47.592316],[-2.238987,47.591868],[-2.23873,47.591564],[-2.238172,47.591202],[-2.237936,47.590855],[-2.238172,47.590478],[-2.239052,47.590305],[-2.239889,47.59003],[-2.239138,47.588858],[-2.238344,47.586759],[-2.236691,47.585514],[-2.238258,47.585833],[-2.238816,47.586296],[-2.239588,47.58631],[-2.239996,47.586527],[-2.23991,47.585891],[-2.239974,47.585109],[-2.240768,47.584704],[-2.241412,47.584545],[-2.241348,47.584863],[-2.244073,47.584284],[-2.244631,47.583937],[-2.245446,47.583937],[-2.247442,47.583575],[-2.247914,47.585992],[-2.249223,47.585833],[-2.24963,47.584979],[-2.249759,47.584429],[-2.250381,47.584313],[-2.249952,47.584096],[-2.249394,47.582113],[-2.26302,47.582055],[-2.265895,47.582243],[-2.266646,47.5822],[-2.269393,47.582301],[-2.269886,47.581954],[-2.269715,47.581664],[-2.26965,47.581042],[-2.269479,47.580318],[-2.269758,47.579768],[-2.270316,47.579928],[-2.27214,47.579681],[-2.272483,47.579739],[-2.272805,47.580217],[-2.272612,47.580825],[-2.272826,47.581187],[-2.273491,47.581332],[-2.273534,47.581476],[-2.2748,47.581447],[-2.276216,47.581491],[-2.276667,47.581375],[-2.277354,47.580926],[-2.277654,47.580564],[-2.278791,47.580608],[-2.279049,47.580709],[-2.280508,47.580347],[-2.281431,47.58013],[-2.282182,47.579797],[-2.282225,47.579262],[-2.282761,47.579377],[-2.283362,47.579377],[-2.283469,47.579812],[-2.283813,47.580463],[-2.284735,47.581028],[-2.284778,47.581968],[-2.284349,47.582735],[-2.284564,47.583691],[-2.283984,47.585905],[-2.283169,47.587656],[-2.280336,47.592345],[-2.283512,47.592519],[-2.285186,47.592837],[-2.289177,47.593778],[-2.291258,47.593966],[-2.292095,47.593734],[-2.292438,47.593445],[-2.292889,47.59207],[-2.293404,47.591607],[-2.294928,47.591636],[-2.296043,47.591376],[-2.297266,47.590594],[-2.29864,47.591101],[-2.298769,47.591433],[-2.298554,47.591954],[-2.299305,47.592172],[-2.299691,47.592504],[-2.300871,47.592852],[-2.301966,47.592982],[-2.303382,47.593228],[-2.305163,47.593416],[-2.30482,47.593025],[-2.305313,47.592128],[-2.305313,47.59113],[-2.304519,47.591159],[-2.302223,47.589856],[-2.299219,47.588438],[-2.297867,47.588221],[-2.296494,47.586831],[-2.295979,47.586122],[-2.295936,47.585399],[-2.295378,47.585181],[-2.29467,47.58508],[-2.294928,47.584357],[-2.294713,47.583633],[-2.293683,47.581882],[-2.293125,47.582012],[-2.292396,47.581722],[-2.291065,47.581751],[-2.290679,47.581824],[-2.29025,47.581447],[-2.290593,47.580999],[-2.29231,47.580796],[-2.293082,47.581071],[-2.294112,47.581114],[-2.294284,47.580854],[-2.294649,47.580695],[-2.295636,47.58097],[-2.295443,47.580651],[-2.295571,47.579783],[-2.295443,47.578712],[-2.294842,47.576642],[-2.294863,47.576063],[-2.294177,47.57518],[-2.294134,47.574383],[-2.293704,47.573935],[-2.29364,47.573095],[-2.292632,47.571705],[-2.292996,47.571387],[-2.29319,47.570012],[-2.293168,47.568955],[-2.292503,47.568839],[-2.292438,47.568491],[-2.290851,47.569071],[-2.288619,47.56868],[-2.288297,47.568376],[-2.288748,47.567073],[-2.289113,47.567],[-2.289649,47.565871],[-2.289778,47.56464],[-2.289713,47.56409],[-2.290421,47.562468],[-2.291409,47.562555],[-2.291924,47.562468],[-2.29246,47.562555],[-2.292803,47.562425],[-2.292632,47.562063],[-2.292846,47.562077],[-2.293855,47.562425],[-2.2957,47.562787],[-2.295807,47.562063],[-2.296666,47.560948],[-2.297116,47.560731],[-2.297567,47.560296],[-2.29864,47.559587],[-2.299155,47.559514],[-2.299927,47.559124],[-2.301858,47.559963],[-2.30203,47.559645],[-2.302481,47.559543],[-2.302996,47.558371],[-2.303682,47.557704],[-2.302695,47.5574],[-2.301966,47.556937],[-2.302395,47.556097],[-2.30379,47.556039],[-2.304948,47.556401],[-2.305656,47.556749],[-2.307287,47.55727],[-2.307888,47.557256],[-2.30924,47.557371],[-2.309519,47.556908],[-2.309476,47.5563],[-2.309133,47.556054],[-2.307952,47.555851],[-2.307158,47.555474],[-2.306365,47.555243],[-2.305571,47.554866],[-2.30424,47.554692],[-2.304455,47.554591],[-2.305592,47.554432],[-2.306794,47.554533],[-2.307974,47.555069],[-2.310356,47.555272],[-2.311042,47.555098],[-2.311643,47.555156],[-2.312351,47.555605],[-2.312909,47.555822],[-2.314862,47.555561],[-2.315119,47.555735],[-2.31587,47.555706],[-2.316342,47.555764],[-2.317909,47.555836],[-2.319797,47.556314],[-2.321514,47.556951],[-2.324368,47.557444],[-2.325998,47.557429],[-2.32499,47.556387],[-2.325376,47.556343],[-2.328831,47.556836],[-2.332071,47.557024],[-2.333959,47.557415],[-2.334581,47.557183],[-2.335268,47.557183],[-2.335525,47.556792],[-2.334968,47.555098],[-2.335847,47.555069],[-2.336341,47.554881],[-2.336491,47.554345],[-2.336877,47.55433],[-2.336083,47.552332],[-2.335139,47.551883],[-2.334903,47.551202],[-2.334989,47.550594],[-2.336319,47.55071],[-2.337328,47.55042],[-2.337864,47.549609],[-2.338444,47.549073],[-2.338766,47.548422],[-2.338143,47.548016],[-2.337135,47.546959],[-2.337371,47.546292],[-2.336963,47.54567],[-2.337306,47.545655],[-2.337693,47.545467],[-2.337693,47.544902],[-2.337392,47.54454],[-2.337564,47.543801],[-2.337178,47.543062],[-2.336985,47.542874],[-2.336856,47.542338],[-2.335547,47.542309],[-2.334646,47.54202],[-2.327586,47.537848],[-2.317544,47.530648],[-2.313939,47.529489],[-2.312523,47.529257],[-2.311944,47.529344],[-2.311579,47.529604],[-2.311128,47.529633],[-2.308146,47.528402],[-2.306365,47.527373],[-2.306236,47.526852],[-2.306493,47.526388],[-2.307008,47.526026],[-2.306837,47.525736],[-2.307223,47.525403],[-2.308213,47.52464],[-2.308144,47.524287],[-2.308405,47.524028],[-2.308283,47.523934],[-2.3079,47.523981],[-2.307447,47.524158],[-2.307307,47.524652],[-2.306209,47.525547],[-2.306017,47.525994],[-2.305599,47.526323],[-2.30532,47.526747],[-2.304885,47.527018],[-2.304693,47.527324],[-2.304641,47.527677],[-2.304013,47.527736],[-2.303734,47.5279],[-2.303786,47.528101],[-2.303298,47.528524],[-2.302932,47.529207],[-2.302026,47.530525],[-2.301922,47.531254],[-2.298575,47.531666],[-2.298349,47.531525],[-2.29549,47.531078],[-2.295525,47.530831],[-2.29366,47.529607],[-2.294026,47.529336],[-2.295072,47.52956],[-2.295891,47.529607],[-2.296501,47.528089],[-2.298924,47.528607],[-2.299238,47.527983],[-2.299586,47.526806],[-2.300161,47.525994],[-2.30051,47.525347],[-2.301503,47.525382],[-2.301869,47.524946],[-2.301956,47.524699],[-2.302793,47.524405],[-2.303386,47.523711],[-2.303446,47.523664],[-2.304133,47.522896],[-2.304412,47.521997],[-2.304283,47.521389],[-2.30379,47.520954],[-2.304927,47.520853],[-2.305807,47.520635],[-2.30688,47.51852],[-2.306407,47.518128],[-2.305249,47.517998],[-2.304691,47.517795],[-2.303468,47.517679],[-2.303489,47.517505],[-2.304626,47.517346],[-2.305807,47.517476],[-2.306944,47.517636],[-2.307459,47.517824],[-2.308253,47.516911],[-2.308253,47.516157],[-2.308703,47.515766],[-2.308532,47.514955],[-2.30924,47.515013],[-2.310956,47.514679],[-2.310678,47.513911],[-2.31278,47.513476],[-2.31278,47.512926],[-2.312587,47.512273],[-2.313939,47.512013],[-2.314647,47.512186],[-2.315162,47.512505],[-2.316128,47.512984],[-2.316407,47.513317],[-2.317329,47.513433],[-2.31954,47.513042],[-2.320527,47.512418],[-2.321535,47.512085],[-2.321235,47.511505],[-2.321557,47.511317],[-2.321557,47.510955],[-2.320698,47.509694],[-2.320806,47.509462],[-2.321278,47.509041],[-2.321514,47.509215],[-2.321707,47.509665],[-2.322501,47.509549],[-2.322608,47.510259],[-2.323273,47.510839],[-2.323659,47.510766],[-2.324496,47.510375],[-2.32514,47.509766],[-2.325376,47.509694],[-2.326706,47.508433],[-2.327136,47.508389],[-2.32735,47.508099],[-2.327307,47.507737],[-2.327779,47.507867],[-2.329131,47.508549],[-2.331556,47.508809],[-2.33235,47.509041],[-2.332822,47.509331],[-2.332908,47.50952],[-2.333938,47.510012],[-2.334388,47.510012],[-2.334968,47.509665],[-2.335418,47.51007],[-2.335998,47.510128],[-2.336234,47.510462],[-2.336985,47.510433],[-2.337178,47.510737],[-2.337993,47.510998],[-2.338637,47.511273],[-2.339452,47.511375],[-2.339881,47.511665],[-2.341469,47.512447],[-2.342349,47.512085],[-2.343722,47.512157],[-2.344366,47.512389],[-2.345203,47.512578],[-2.345675,47.512766],[-2.347284,47.513085],[-2.3481,47.513302],[-2.349494,47.512868],[-2.349241,47.512187],[-2.348753,47.51161],[-2.349816,47.511795],[-2.350353,47.511665],[-2.350632,47.511418],[-2.350782,47.510752],[-2.351125,47.510795],[-2.351511,47.510679],[-2.351855,47.509853],[-2.352262,47.509592],[-2.352541,47.508896],[-2.352541,47.508375],[-2.354001,47.508331],[-2.353765,47.504606],[-2.354644,47.504765],[-2.354902,47.505186],[-2.355867,47.50565],[-2.356704,47.505592],[-2.35709,47.505374],[-2.358185,47.505055],[-2.357155,47.504113],[-2.35694,47.500823],[-2.355417,47.499416],[-2.355417,47.499416],[-2.356254,47.49888],[-2.356747,47.49788],[-2.356211,47.497416],[-2.353958,47.496662],[-2.353614,47.496662],[-2.353185,47.495894],[-2.35267,47.495444],[-2.352241,47.495314],[-2.350932,47.495415],[-2.349881,47.495198],[-2.350224,47.494951],[-2.348357,47.494618],[-2.347113,47.493965],[-2.346233,47.493153],[-2.34546,47.491892],[-2.345396,47.491138],[-2.345246,47.490776],[-2.345696,47.4905],[-2.345825,47.490167],[-2.345761,47.489746],[-2.346083,47.489732],[-2.346662,47.489978],[-2.347435,47.490094],[-2.347928,47.489413],[-2.348443,47.489384],[-2.348593,47.488731],[-2.349173,47.488325],[-2.34943,47.487673],[-2.349816,47.487383],[-2.350589,47.487861],[-2.351597,47.486919],[-2.350911,47.486078],[-2.349344,47.485121],[-2.352434,47.483381],[-2.354344,47.483497],[-2.354301,47.482467],[-2.353335,47.481539],[-2.352284,47.481017],[-2.350396,47.479784],[-2.347091,47.477304],[-2.347413,47.476884],[-2.346405,47.47671],[-2.346855,47.475303],[-2.347413,47.475172],[-2.348529,47.474578],[-2.34692,47.472953],[-2.347048,47.471923],[-2.346855,47.471822],[-2.347585,47.469893],[-2.348228,47.469283],[-2.349258,47.467746],[-2.349816,47.467978],[-2.350782,47.468181],[-2.351404,47.468428],[-2.352069,47.467253],[-2.353013,47.467427],[-2.353292,47.467151],[-2.352327,47.4666],[-2.350782,47.464206],[-2.350374,47.462785],[-2.350117,47.460899],[-2.349773,47.459448],[-2.34958,47.457707],[-2.351125,47.456024],[-2.35119,47.455705],[-2.351554,47.455473],[-2.352499,47.454573],[-2.352971,47.454428],[-2.353056,47.453529],[-2.353099,47.451976],[-2.35267,47.450264],[-2.35179,47.447042],[-2.352262,47.446288],[-2.352305,47.445678],[-2.350846,47.44205],[-2.345718,47.432849],[-2.342521,47.433473],[-2.333616,47.432573],[-2.33014,47.431644],[-2.327479,47.431107],[-2.325397,47.430221],[-2.324475,47.430163],[-2.323638,47.42906],[-2.322501,47.425503],[-2.316321,47.425779],[-2.309776,47.425141],[-2.307394,47.425489],[-2.306193,47.425953],[-2.303468,47.422614],[-2.299219,47.423703],[-2.295035,47.42456],[-2.295056,47.42154],[-2.294177,47.4217],[-2.293361,47.421598],[-2.292803,47.421671],[-2.292245,47.421584],[-2.289928,47.421598],[-2.289434,47.421192],[-2.288769,47.421032],[-2.28849,47.421351],[-2.288748,47.421932],[-2.287568,47.424313],[-2.284156,47.423761],[-2.28422,47.423006],[-2.283362,47.422745],[-2.282139,47.422585],[-2.276774,47.420088]]],"type":"MultiLineString"},"properties":{"geo_point":{"lon":-2.2509098390001894,"lat":47.55347248004916},"name":"GR39 De Redon (Ille-et-Vilaine) à Hoscas (Loire-Atlantique) (2019)","code_gr":"GR39"}},{"type":"Feature","geometry":{"coordinates":[[[-1.510522,48.634782],[-1.511221,48.635064],[-1.511586,48.63471],[-1.511285,48.634142],[-1.508946,48.632299],[-1.50723,48.630583],[-1.506371,48.62915],[-1.506114,48.627902],[-1.506393,48.626612],[-1.50723,48.625108],[-1.509182,48.622456],[-1.509805,48.621548],[-1.510642,48.620031],[-1.510921,48.619024],[-1.511178,48.618938],[-1.513311,48.602823],[-1.513955,48.598183],[-1.513955,48.598183],[-1.515264,48.58944],[-1.515221,48.589029],[-1.515629,48.588532],[-1.516105,48.584193],[-1.516551,48.582329],[-1.51756,48.580242],[-1.518967,48.578534],[-1.5203,48.577329],[-1.520714,48.575969],[-1.522345,48.57357],[-1.52271,48.572221],[-1.522474,48.570972],[-1.521744,48.569765],[-1.520028,48.568203],[-1.519041,48.567181],[-1.517925,48.565349],[-1.517345,48.563545],[-1.516745,48.559754],[-1.51462,48.555578],[-1.513869,48.554087],[-1.513977,48.553817],[-1.513504,48.55342],[-1.512732,48.553278],[-1.512904,48.552738],[-1.514062,48.552539],[-1.514062,48.552539],[-1.514685,48.553831],[-1.516272,48.554655],[-1.51668,48.554684],[-1.518173,48.55589],[-1.519319,48.556942],[-1.519706,48.557027],[-1.520714,48.557496],[-1.521508,48.558206],[-1.522152,48.558163],[-1.522701,48.557594],[-1.523087,48.557239],[-1.524147,48.556317],[-1.525006,48.55636],[-1.526937,48.557041],[-1.527087,48.556615],[-1.529812,48.554542],[-1.530435,48.553846],[-1.531035,48.553902],[-1.532387,48.553689],[-1.533417,48.553249],[-1.53361,48.553817],[-1.534469,48.554655],[-1.535177,48.555152],[-1.53567,48.555067],[-1.536271,48.555309],[-1.537773,48.555124],[-1.537945,48.555408],[-1.539554,48.55555],[-1.53979,48.554045],[-1.540176,48.552582],[-1.540799,48.552638],[-1.543352,48.552511],[-1.547515,48.553107],[-1.549661,48.553221],[-1.549918,48.553107],[-1.550433,48.551573],[-1.550841,48.55092],[-1.550733,48.550664],[-1.548944,48.549953],[-1.551098,48.547369],[-1.552278,48.547781],[-1.553609,48.547994],[-1.554532,48.548065],[-1.555132,48.548448],[-1.556119,48.548761],[-1.556441,48.54805],[-1.556549,48.54744],[-1.558136,48.54761],[-1.558995,48.547823],[-1.559724,48.548477],[-1.560132,48.547781],[-1.558973,48.546999],[-1.558093,48.546928],[-1.557815,48.546701],[-1.557192,48.546516],[-1.556763,48.546871],[-1.555411,48.546616],[-1.554317,48.546218],[-1.55569,48.544897],[-1.556248,48.544258],[-1.557257,48.54349],[-1.557943,48.542382],[-1.559231,48.539981],[-1.559531,48.538973],[-1.56202,48.53758],[-1.5632,48.536543],[-1.563801,48.536486],[-1.564445,48.535122],[-1.564552,48.533616],[-1.562771,48.533559],[-1.562986,48.532266],[-1.565003,48.532423],[-1.565389,48.530931],[-1.565046,48.530291],[-1.566269,48.528302],[-1.566848,48.528316],[-1.568329,48.527606],[-1.568179,48.526682],[-1.56747,48.525843],[-1.567256,48.525104],[-1.568286,48.524934],[-1.569101,48.525062],[-1.571054,48.525048],[-1.571912,48.52293],[-1.572298,48.522234],[-1.569766,48.521651],[-1.570367,48.521324],[-1.571032,48.519946],[-1.570968,48.51969],[-1.571483,48.519164],[-1.572406,48.518965],[-1.574015,48.518126],[-1.574401,48.517743],[-1.575581,48.517359],[-1.576762,48.516662],[-1.573092,48.514615],[-1.571848,48.515781],[-1.570968,48.515497],[-1.568093,48.515497],[-1.566977,48.515355],[-1.566011,48.515639],[-1.564488,48.515724],[-1.564187,48.514374],[-1.563651,48.514175],[-1.563351,48.511346],[-1.563351,48.506996],[-1.56408,48.50566],[-1.563715,48.504878],[-1.562492,48.503897],[-1.562342,48.502546],[-1.56172,48.501594],[-1.561677,48.500399],[-1.561205,48.499461],[-1.561119,48.498906],[-1.561527,48.498067],[-1.561784,48.496816],[-1.562342,48.49656],[-1.561741,48.495608],[-1.560347,48.495451],[-1.560347,48.495451],[-1.559917,48.495195],[-1.559274,48.494982],[-1.558222,48.494953],[-1.557578,48.494626],[-1.557428,48.494314],[-1.556248,48.494171],[-1.554896,48.493531],[-1.554746,48.492963],[-1.554574,48.492692],[-1.554253,48.491484],[-1.553266,48.49046],[-1.553652,48.486065],[-1.554295,48.485681],[-1.554574,48.485312],[-1.555476,48.485283],[-1.556699,48.485383],[-1.558093,48.485226],[-1.558995,48.484615],[-1.559853,48.484216],[-1.560046,48.483676],[-1.560625,48.482993],[-1.561355,48.48278],[-1.561806,48.482396],[-1.562278,48.481742],[-1.562278,48.481742],[-1.563501,48.48118],[-1.563994,48.481166],[-1.564187,48.480924],[-1.563801,48.480796],[-1.563694,48.480568],[-1.563909,48.480412],[-1.564488,48.480554],[-1.56496,48.480511],[-1.565282,48.480312],[-1.565046,48.480085],[-1.565153,48.479331],[-1.564595,48.479032],[-1.564445,48.478363],[-1.564166,48.478122],[-1.563951,48.478065],[-1.563329,48.477595],[-1.562707,48.477325],[-1.561655,48.476984],[-1.561119,48.476543],[-1.561205,48.476272],[-1.561613,48.476102],[-1.562128,48.475447],[-1.561913,48.474281],[-1.56202,48.474011],[-1.56172,48.473811],[-1.561055,48.473712],[-1.560347,48.47347],[-1.560003,48.472844],[-1.560218,48.472517],[-1.560175,48.472204],[-1.560625,48.47209],[-1.560733,48.47172],[-1.559767,48.470895],[-1.559338,48.469672],[-1.55996,48.467708],[-1.559402,48.467808],[-1.558866,48.46768],[-1.558351,48.467765],[-1.558179,48.46731],[-1.557171,48.46694],[-1.557171,48.46667],[-1.555325,48.466029],[-1.55481,48.46566],[-1.554489,48.465588],[-1.554317,48.465318],[-1.553437,48.465176],[-1.551635,48.464151],[-1.548674,48.464222],[-1.548309,48.464294],[-1.548008,48.464194],[-1.546871,48.464166],[-1.546292,48.464322],[-1.545991,48.464208],[-1.545155,48.464322],[-1.54464,48.464166],[-1.538824,48.464962],[-1.538181,48.464678],[-1.536915,48.464678],[-1.536421,48.464294],[-1.536421,48.463767],[-1.536056,48.463056],[-1.536529,48.461846],[-1.536228,48.461619],[-1.534919,48.461562],[-1.534039,48.460423],[-1.53376,48.460423],[-1.533245,48.460964],[-1.531765,48.460836],[-1.531336,48.460921],[-1.531228,48.461178],[-1.531465,48.461718],[-1.530456,48.462415],[-1.530241,48.462785],[-1.528546,48.463042],[-1.527688,48.463568],[-1.527087,48.464052],[-1.526658,48.463924],[-1.525413,48.46223],[-1.524941,48.462202],[-1.525177,48.463013],[-1.523868,48.463483],[-1.519491,48.463184],[-1.518998,48.463924],[-1.51771,48.46482],[-1.516444,48.466172],[-1.516015,48.467153],[-1.515736,48.467139],[-1.515114,48.467552],[-1.512947,48.467751],[-1.512281,48.467296],[-1.51138,48.467296],[-1.510908,48.466883],[-1.507089,48.466712],[-1.505415,48.466826],[-1.50387,48.466812],[-1.503269,48.467666],[-1.50254,48.467424],[-1.502046,48.466784],[-1.500608,48.466371],[-1.498699,48.465503],[-1.496896,48.46418],[-1.495501,48.462558],[-1.495802,48.461846],[-1.494708,48.461704],[-1.493699,48.461334],[-1.491897,48.46132],[-1.49091,48.46122],[-1.486575,48.461476],[-1.486425,48.461064],[-1.48606,48.460779],[-1.485631,48.459982],[-1.485695,48.459712],[-1.486897,48.459484],[-1.487562,48.459257],[-1.48842,48.458033],[-1.489598,48.455628],[-1.48537,48.453989],[-1.485609,48.453579],[-1.485631,48.451914],[-1.486489,48.449024],[-1.48636,48.44743],[-1.486017,48.447373],[-1.485845,48.446975],[-1.483442,48.443374],[-1.483035,48.443075],[-1.482005,48.441367],[-1.481575,48.441139],[-1.480631,48.439957],[-1.481125,48.439772],[-1.482155,48.43815],[-1.482005,48.437737],[-1.482198,48.437324],[-1.482198,48.436356],[-1.481575,48.434548],[-1.481082,48.432683],[-1.483421,48.432669],[-1.484644,48.432768],[-1.48503,48.433124],[-1.485588,48.43311],[-1.485888,48.432996],[-1.486425,48.432697],[-1.486597,48.432284],[-1.487712,48.431829],[-1.488313,48.43133],[-1.489493,48.432071],[-1.490116,48.431843],[-1.491146,48.431359],[-1.490523,48.430262],[-1.490523,48.428682],[-1.490974,48.427799],[-1.490931,48.427144],[-1.49121,48.426062],[-1.491661,48.425122],[-1.491854,48.423926],[-1.491918,48.422559],[-1.492669,48.421577],[-1.492755,48.421149],[-1.493592,48.420039],[-1.494214,48.41813],[-1.494278,48.416934],[-1.494514,48.416393],[-1.494622,48.415752],[-1.496875,48.414727],[-1.497433,48.413815],[-1.496059,48.413658],[-1.495845,48.41306],[-1.495802,48.412134],[-1.496317,48.411593],[-1.495437,48.411337],[-1.495737,48.410482],[-1.496446,48.409756],[-1.498656,48.406836],[-1.498956,48.405981],[-1.497197,48.405767],[-1.499106,48.404785],[-1.499621,48.404671],[-1.500458,48.404272],[-1.500801,48.403973],[-1.501939,48.403745],[-1.502196,48.403859],[-1.503119,48.40373],[-1.503806,48.402676],[-1.504363,48.402092],[-1.505007,48.401622],[-1.505007,48.401309],[-1.503698,48.400895],[-1.503119,48.400425],[-1.503677,48.399927],[-1.503999,48.399328],[-1.505286,48.399343],[-1.505351,48.397776],[-1.505908,48.397405],[-1.505908,48.396892],[-1.505694,48.396351],[-1.505694,48.395809],[-1.504213,48.393686],[-1.504213,48.393686],[-1.503376,48.392714],[-1.502947,48.391888],[-1.501488,48.390961],[-1.500801,48.390705],[-1.500823,48.390491],[-1.501123,48.390349],[-1.501231,48.39005],[-1.500544,48.389266],[-1.500501,48.388938],[-1.499814,48.388781],[-1.498999,48.387798],[-1.498398,48.387228],[-1.498463,48.386687],[-1.498935,48.385076],[-1.49842,48.384948],[-1.498398,48.384464],[-1.498098,48.382953],[-1.498548,48.382041],[-1.498742,48.381328],[-1.498677,48.380744],[-1.499235,48.380145],[-1.499321,48.379775],[-1.498827,48.37892],[-1.497304,48.378535],[-1.497883,48.376426],[-1.494901,48.375171],[-1.494901,48.375171],[-1.493334,48.374045],[-1.491038,48.373546],[-1.490652,48.373846],[-1.489987,48.374131],[-1.489193,48.375214],[-1.488506,48.375086],[-1.487648,48.376354],[-1.487026,48.376839],[-1.486082,48.376896],[-1.485159,48.376796],[-1.483936,48.377024],[-1.482412,48.377067],[-1.481189,48.377723],[-1.480073,48.378036],[-1.477756,48.378464],[-1.47782,48.379077],[-1.477992,48.379134],[-1.478035,48.380145],[-1.477928,48.380388],[-1.477692,48.380388],[-1.477563,48.380573],[-1.476962,48.380844],[-1.474409,48.381015],[-1.474087,48.380188],[-1.474301,48.379333],[-1.474838,48.377894],[-1.473786,48.377822],[-1.472606,48.377395],[-1.470696,48.376996],[-1.469495,48.376953],[-1.469237,48.37681],[-1.466619,48.376582],[-1.466362,48.375684],[-1.467392,48.374615],[-1.466147,48.37433],[-1.464731,48.374487],[-1.461169,48.376411],[-1.460804,48.375855],[-1.460847,48.375513],[-1.460375,48.374715],[-1.460268,48.373618],[-1.459646,48.371936],[-1.459259,48.371622],[-1.459088,48.370781],[-1.457843,48.369598],[-1.457564,48.369541],[-1.457629,48.369199],[-1.457114,48.368315],[-1.456234,48.367716],[-1.45338,48.36716],[-1.454002,48.366262],[-1.454002,48.366262],[-1.454517,48.366063],[-1.45559,48.36535],[-1.456813,48.36411],[-1.457221,48.362998],[-1.457028,48.362584],[-1.457757,48.362156],[-1.457972,48.361372],[-1.459066,48.360531],[-1.459646,48.359319],[-1.460847,48.358478],[-1.460847,48.358478],[-1.459581,48.358193],[-1.458208,48.357523],[-1.45853,48.356767],[-1.456942,48.353217],[-1.456041,48.352717],[-1.45441,48.352632],[-1.453638,48.352332],[-1.452887,48.35152],[-1.451556,48.350721],[-1.450397,48.350536],[-1.449732,48.349894],[-1.449668,48.349409],[-1.447393,48.348996],[-1.447522,48.347926],[-1.447737,48.347755],[-1.447501,48.347327],[-1.447093,48.347241],[-1.447071,48.346585],[-1.448252,48.345773],[-1.447629,48.344731],[-1.447136,48.344232],[-1.44705,48.343434],[-1.446528,48.343],[-1.447264,48.342426],[-1.447236,48.342209],[-1.447519,48.34203],[-1.44838,48.341922],[-1.449711,48.341922],[-1.450462,48.34215],[-1.454217,48.342136],[-1.456916,48.341945],[-1.459339,48.341612],[-1.461856,48.34195],[-1.462671,48.340481],[-1.462349,48.340438],[-1.463143,48.338841],[-1.463894,48.338199],[-1.464281,48.337572],[-1.466276,48.336088],[-1.467049,48.335175],[-1.467585,48.334733],[-1.470675,48.330325],[-1.471211,48.329954],[-1.471855,48.329897],[-1.47237,48.329683],[-1.471662,48.329455],[-1.470868,48.328528],[-1.471469,48.327614],[-1.471469,48.327614],[-1.471147,48.326858],[-1.471018,48.326031],[-1.470289,48.32576],[-1.471104,48.324747],[-1.471147,48.324333],[-1.473164,48.324276],[-1.474173,48.323734],[-1.474752,48.323277],[-1.47516,48.323306],[-1.475868,48.323049],[-1.476232,48.322435],[-1.475031,48.322136],[-1.474409,48.321893],[-1.472413,48.322179],[-1.471984,48.32205],[-1.471791,48.321365],[-1.47001,48.320538],[-1.469109,48.320495],[-1.468744,48.320566],[-1.468958,48.320295],[-1.468872,48.320152],[-1.468465,48.319938],[-1.468508,48.319753],[-1.46795,48.319539],[-1.467579,48.319616],[-1.466898,48.320181],[-1.46572,48.320361],[-1.465178,48.32033],[-1.463766,48.32001],[-1.463766,48.32001],[-1.462993,48.320095],[-1.462607,48.319682],[-1.462092,48.319625],[-1.46162,48.31981],[-1.459109,48.319368],[-1.458573,48.318954],[-1.458079,48.318854],[-1.457972,48.319211],[-1.457607,48.319353],[-1.456448,48.319125],[-1.456148,48.318982],[-1.455483,48.318997],[-1.455097,48.319139],[-1.454195,48.319011],[-1.453938,48.319225],[-1.453573,48.318868],[-1.45323,48.318868],[-1.452629,48.31824],[-1.450955,48.317927],[-1.450784,48.317698],[-1.449603,48.317798],[-1.44941,48.317427],[-1.448938,48.317399],[-1.448681,48.318069],[-1.448423,48.318369],[-1.447308,48.317841],[-1.446771,48.317727],[-1.44675,48.317513],[-1.446342,48.317498],[-1.446042,48.317299],[-1.445441,48.31737],[-1.444818,48.316842],[-1.444346,48.316742],[-1.44381,48.316114],[-1.442415,48.315843],[-1.442136,48.315915],[-1.441171,48.315001],[-1.441106,48.314545],[-1.441106,48.314545],[-1.441106,48.314545],[-1.441739,48.313801],[-1.442125,48.31303],[-1.442125,48.31303],[-1.442469,48.312973],[-1.442447,48.312359],[-1.442834,48.311845],[-1.44307,48.311232],[-1.443155,48.31029],[-1.443563,48.309919],[-1.443992,48.30979],[-1.444894,48.308449],[-1.44661,48.308006],[-1.446417,48.307007],[-1.448284,48.304638],[-1.449142,48.30421],[-1.450215,48.30391],[-1.450837,48.303839],[-1.451438,48.302911],[-1.453198,48.303368],[-1.454378,48.303468],[-1.454592,48.302783],[-1.454592,48.302783],[-1.455215,48.302269],[-1.45676,48.301783],[-1.457639,48.303254],[-1.458798,48.304467],[-1.460214,48.304139],[-1.461952,48.304167],[-1.46354,48.304124],[-1.464656,48.304424],[-1.465042,48.303668],[-1.469827,48.299614],[-1.470342,48.2985],[-1.470643,48.298372],[-1.470643,48.297901],[-1.473368,48.295631],[-1.475578,48.29319],[-1.475428,48.286708],[-1.475578,48.286037],[-1.475406,48.285423],[-1.476297,48.285038],[-1.478217,48.284738],[-1.479183,48.284481],[-1.481071,48.283467],[-1.481071,48.283467],[-1.481908,48.283146],[-1.482981,48.283088],[-1.483818,48.282503],[-1.484504,48.280561],[-1.484526,48.279304],[-1.485427,48.278505],[-1.486157,48.278405],[-1.486886,48.278133],[-1.487122,48.277948],[-1.489697,48.277891],[-1.490706,48.277976],[-1.492894,48.278319],[-1.49592,48.27839],[-1.498259,48.278747],[-1.499654,48.279005],[-1.500748,48.279062],[-1.502851,48.279504],[-1.503902,48.278462],[-1.505104,48.277562],[-1.506048,48.277405],[-1.507121,48.276748],[-1.509867,48.276263],[-1.511262,48.275791],[-1.511498,48.275634],[-1.51358,48.274992],[-1.513816,48.274892],[-1.515661,48.274577],[-1.516348,48.274577],[-1.516004,48.274249],[-1.516798,48.272564],[-1.51712,48.271507],[-1.516133,48.270421],[-1.513773,48.265751],[-1.514373,48.260851],[-1.517034,48.255994],[-1.517635,48.255823],[-1.518171,48.255508],[-1.518343,48.254237],[-1.518686,48.253237],[-1.520253,48.253294],[-1.520425,48.252579],[-1.521862,48.252308],[-1.521969,48.251422],[-1.522141,48.251151],[-1.522227,48.249536],[-1.523064,48.248307],[-1.523343,48.248193],[-1.5233,48.247536],[-1.523686,48.245321],[-1.522763,48.244992],[-1.52242,48.244521],[-1.521862,48.244521],[-1.521562,48.242334],[-1.521626,48.240719],[-1.521819,48.239647],[-1.521691,48.238933],[-1.516047,48.234502],[-1.518923,48.234788],[-1.518923,48.234788],[-1.519352,48.233731],[-1.519352,48.233731],[-1.519094,48.233631],[-1.519073,48.233173],[-1.521197,48.232216],[-1.522678,48.232844],[-1.52315,48.233273],[-1.52772,48.230972],[-1.526561,48.229857],[-1.527291,48.2295],[-1.528364,48.229314],[-1.530016,48.2307],[-1.530381,48.231658],[-1.53214,48.2304],[-1.532527,48.2301],[-1.532763,48.229657],[-1.532827,48.229042],[-1.533921,48.227942],[-1.534758,48.227384],[-1.535595,48.22697],[-1.542054,48.219479],[-1.544972,48.21629],[-1.545058,48.214961],[-1.542676,48.213574],[-1.542268,48.213059],[-1.54214,48.212473],[-1.542526,48.212315],[-1.543084,48.212458],[-1.543449,48.212387],[-1.543856,48.212215],[-1.544607,48.212201],[-1.545122,48.212401],[-1.545187,48.210828],[-1.551688,48.211014],[-1.552182,48.210843],[-1.552418,48.210857],[-1.552826,48.210671],[-1.553255,48.210643],[-1.553641,48.210414],[-1.554049,48.210399],[-1.554478,48.209985],[-1.554478,48.209985],[-1.555347,48.210392],[-1.555733,48.209734],[-1.555604,48.209177],[-1.555883,48.208891],[-1.556999,48.209077],[-1.557364,48.208433],[-1.557364,48.208104],[-1.557292,48.20771],[-1.557411,48.207636],[-1.557729,48.207861],[-1.558029,48.207632],[-1.558737,48.20779],[-1.558523,48.207304],[-1.558887,48.207032],[-1.55893,48.206732],[-1.552021,48.203128],[-1.559917,48.199152],[-1.561398,48.197364],[-1.562728,48.19559],[-1.564187,48.192329],[-1.566784,48.18675],[-1.567192,48.186836],[-1.567385,48.18645],[-1.568179,48.186135],[-1.568586,48.185849],[-1.569123,48.185935],[-1.569745,48.185477],[-1.570153,48.185477],[-1.570367,48.18562],[-1.570625,48.18562],[-1.571118,48.185749],[-1.571698,48.185276],[-1.571741,48.184905],[-1.572492,48.184518],[-1.573092,48.184332],[-1.573371,48.183803],[-1.574358,48.183145],[-1.575581,48.183016],[-1.575796,48.182887],[-1.576998,48.183145],[-1.578521,48.183359],[-1.579358,48.183231],[-1.580088,48.183402],[-1.580324,48.183231],[-1.580645,48.183388],[-1.581289,48.18313],[-1.581804,48.183231],[-1.582319,48.183116],[-1.582641,48.18313],[-1.583306,48.18313],[-1.58322,48.183345],[-1.584036,48.183588],[-1.584551,48.183531],[-1.584808,48.183688],[-1.585109,48.183646],[-1.585023,48.183288],[-1.585366,48.183374],[-1.58616,48.183245],[-1.586503,48.182873],[-1.587533,48.182887],[-1.588306,48.182773],[-1.589143,48.182959],[-1.588671,48.182057],[-1.588756,48.181585],[-1.588306,48.180813],[-1.588199,48.180369],[-1.587898,48.179883],[-1.590044,48.180612],[-1.591567,48.178452],[-1.592726,48.178409],[-1.593627,48.177264],[-1.594679,48.176864],[-1.595644,48.176191],[-1.595752,48.175547],[-1.596717,48.174746],[-1.596031,48.169093],[-1.597082,48.163254],[-1.597082,48.163254],[-1.596825,48.160492],[-1.597833,48.160148],[-1.602618,48.159562],[-1.604635,48.159418],[-1.605923,48.159404],[-1.607124,48.159232],[-1.608304,48.159447],[-1.609141,48.159762],[-1.610858,48.159776],[-1.611201,48.160177],[-1.612446,48.160435],[-1.614077,48.160921],[-1.615214,48.161522],[-1.615321,48.161079],[-1.616058,48.160141],[-1.617274,48.159189],[-1.616823,48.158259],[-1.617016,48.158001],[-1.617767,48.157658],[-1.619033,48.155597],[-1.619398,48.154494],[-1.619398,48.154494],[-1.619441,48.153545],[-1.621505,48.151722],[-1.621505,48.150637],[-1.623647,48.150754],[-1.624011,48.150625],[-1.623861,48.149695],[-1.624913,48.149652],[-1.624827,48.148836],[-1.626522,48.148191],[-1.627337,48.147662],[-1.627831,48.146989],[-1.628346,48.145786],[-1.62916,48.145664],[-1.629387,48.145478],[-1.629544,48.145594],[-1.630555,48.146862],[-1.630502,48.147362],[-1.63303,48.148176],[-1.63296,48.148862],[-1.633535,48.148967],[-1.634145,48.149362],[-1.634703,48.149223],[-1.635278,48.149153],[-1.635661,48.148978],[-1.635853,48.149071],[-1.636115,48.148944],[-1.636202,48.149234],[-1.636428,48.149362],[-1.63737,48.149316],[-1.638555,48.149455],[-1.638816,48.149304],[-1.640176,48.149002],[-1.640489,48.148746],[-1.641169,48.148478],[-1.641239,48.148292],[-1.640664,48.147641],[-1.640524,48.147257],[-1.641047,48.146664],[-1.64225,48.145664],[-1.642407,48.145246],[-1.642128,48.145048],[-1.642441,48.144862],[-1.642465,48.144784],[-1.64504,48.145027],[-1.645212,48.145228],[-1.645898,48.145428],[-1.646563,48.145428],[-1.64695,48.145042],[-1.647078,48.144082],[-1.647744,48.143438],[-1.648216,48.142636],[-1.648366,48.141763],[-1.648108,48.141305],[-1.647336,48.140961],[-1.647465,48.140488],[-1.647314,48.140159],[-1.647658,48.139601],[-1.648559,48.139343],[-1.648366,48.138025],[-1.649152,48.137244],[-1.648228,48.137232],[-1.647269,48.137325],[-1.647147,48.137104],[-1.646589,48.136616],[-1.64645,48.136174],[-1.646607,48.135825],[-1.645805,48.135674],[-1.646363,48.134766],[-1.647653,48.134522],[-1.647147,48.133452],[-1.647252,48.132661],[-1.645997,48.132265],[-1.646589,48.131986],[-1.64699,48.132033],[-1.647287,48.132207],[-1.647705,48.132103],[-1.647914,48.132126],[-1.648123,48.131812],[-1.649378,48.131416],[-1.649082,48.131184],[-1.649727,48.131207],[-1.650145,48.131032],[-1.650215,48.130765],[-1.650145,48.130311],[-1.650023,48.130079],[-1.650842,48.129857],[-1.650929,48.12966],[-1.65086,48.129381],[-1.650616,48.12909],[-1.65079,48.128822],[-1.651278,48.128706],[-1.65133,48.128275],[-1.651592,48.128101],[-1.652132,48.128124],[-1.652202,48.127915],[-1.652672,48.127903],[-1.653143,48.127647],[-1.65248,48.127182],[-1.654729,48.125984],[-1.655409,48.126658],[-1.65635,48.127263],[-1.657029,48.127321],[-1.65804,48.127368],[-1.65811,48.127147],[-1.658807,48.126554],[-1.659313,48.126263],[-1.659313,48.127182],[-1.659309,48.12726],[-1.66506,48.127163],[-1.664856,48.127464],[-1.667656,48.128324],[-1.668364,48.1276],[-1.671712,48.12586],[-1.670886,48.125223],[-1.670666,48.124532],[-1.670939,48.123038],[-1.672087,48.122179],[-1.674673,48.121563],[-1.67536,48.121978],[-1.67555,48.121575],[-1.676502,48.121266],[-1.676998,48.121325],[-1.67767,48.121319],[-1.678291,48.12124],[-1.679035,48.121366],[-1.679166,48.121192],[-1.679468,48.121127],[-1.680349,48.120761],[-1.681078,48.120299],[-1.68135,48.120131],[-1.681591,48.119912],[-1.68162,48.119636],[-1.681831,48.119398],[-1.68233,48.119172],[-1.682707,48.118954],[-1.683161,48.118821],[-1.683274,48.118541],[-1.68322,48.118398],[-1.683278,48.118153],[-1.682772,48.11806],[-1.682677,48.118279],[-1.681979,48.118123],[-1.681917,48.117983],[-1.681979,48.117866],[-1.681743,48.117609],[-1.68155,48.117659],[-1.681464,48.117796],[-1.681176,48.117839],[-1.680794,48.117817],[-1.680864,48.117201],[-1.680853,48.114608],[-1.68111,48.114619],[-1.68132,48.114266],[-1.681593,48.113455],[-1.682704,48.113405],[-1.684822,48.112567],[-1.68405,48.111922],[-1.683873,48.111825],[-1.681379,48.111657],[-1.681298,48.110915],[-1.68026,48.110946],[-1.68017,48.109844],[-1.682035,48.10983],[-1.681979,48.107831],[-1.682182,48.107437],[-1.682384,48.1073],[-1.682596,48.106682],[-1.682322,48.106477],[-1.682606,48.106315],[-1.68313,48.106322],[-1.682978,48.105855],[-1.684436,48.105611],[-1.684399,48.104528],[-1.683569,48.104496],[-1.682919,48.104387],[-1.682789,48.104148],[-1.682122,48.10392],[-1.683699,48.102172],[-1.685667,48.100619],[-1.684968,48.100478],[-1.68474,48.100163],[-1.684708,48.099685],[-1.683195,48.099782],[-1.683535,48.09808],[-1.683213,48.098066],[-1.682591,48.097579],[-1.682677,48.096912],[-1.68155,48.09688],[-1.681861,48.093874],[-1.681218,48.093838],[-1.680842,48.093487],[-1.680974,48.093235],[-1.680986,48.092736],[-1.68089,48.092423],[-1.681204,48.091454],[-1.681307,48.090851],[-1.681445,48.090747],[-1.681042,48.090392],[-1.681339,48.090236],[-1.681502,48.089413],[-1.681102,48.089286],[-1.680531,48.089202],[-1.680563,48.088689],[-1.680021,48.088189],[-1.680756,48.087724],[-1.680737,48.087547],[-1.680264,48.087569],[-1.680329,48.087282],[-1.680468,48.087031],[-1.680499,48.086759],[-1.680493,48.086341],[-1.680453,48.086171],[-1.680585,48.085959],[-1.681035,48.086056],[-1.681711,48.085966],[-1.682312,48.086016],[-1.682349,48.084936],[-1.682666,48.08491],[-1.682698,48.08447],[-1.684222,48.083662],[-1.684358,48.082955],[-1.684624,48.082707],[-1.685128,48.082594],[-1.685055,48.082492],[-1.685063,48.081762],[-1.685261,48.081349],[-1.684756,48.081219],[-1.684366,48.08123],[-1.684155,48.080784],[-1.684236,48.080589],[-1.684187,48.080415],[-1.68451,48.080245],[-1.684986,48.080114],[-1.686794,48.080064],[-1.6896,48.079972],[-1.689566,48.079718],[-1.689336,48.079726],[-1.689048,48.079065],[-1.690669,48.078912],[-1.691049,48.078804],[-1.692325,48.078328],[-1.693165,48.077844],[-1.693498,48.077491],[-1.693613,48.077045],[-1.693061,48.076937],[-1.692854,48.076937],[-1.692463,48.076838],[-1.692376,48.076818],[-1.691088,48.076101],[-1.688749,48.075728],[-1.688749,48.07537],[-1.688599,48.074624],[-1.688213,48.074581],[-1.687204,48.072904],[-1.687226,48.070896],[-1.687076,48.06972],[-1.687376,48.06929],[-1.687462,48.065548],[-1.687719,48.064358],[-1.690316,48.064444],[-1.690831,48.064386],[-1.690573,48.064013],[-1.690595,48.063497],[-1.690316,48.063139],[-1.690058,48.06212],[-1.689822,48.061891],[-1.689522,48.060887],[-1.689908,48.060715],[-1.689994,48.060299],[-1.690316,48.06007],[-1.69111,48.059051],[-1.692998,48.058965],[-1.693298,48.058334],[-1.694457,48.057589],[-1.694908,48.057173],[-1.694757,48.056585],[-1.694865,48.055839],[-1.694328,48.05495],[-1.694414,48.05429],[-1.694736,48.054003],[-1.695024,48.053316],[-1.694787,48.052256],[-1.694443,48.051568],[-1.693968,48.049943],[-1.693651,48.047877],[-1.692462,48.047965],[-1.690613,48.047753],[-1.688843,48.047824],[-1.687865,48.048053],[-1.68554,48.04823],[-1.685123,48.047186],[-1.686367,48.046784],[-1.687076,48.046425],[-1.687076,48.046425],[-1.687848,48.046425],[-1.687912,48.045794],[-1.688985,48.045464],[-1.689071,48.044675],[-1.689522,48.04456],[-1.689543,48.044259],[-1.691796,48.044317],[-1.691818,48.043226],[-1.691367,48.042308],[-1.690874,48.041749],[-1.690956,48.0409],[-1.692013,48.041077],[-1.693598,48.041748],[-1.695015,48.042595],[-1.696088,48.042409],[-1.696281,48.041103]]],"type":"MultiLineString"},"properties":{"geo_point":{"lon":-1.5482311663591533,"lat":48.32899154760286},"name":"GR39 Du Mont St Michel (Manche) à Chartres-de-Bretagne (Ille-et-Vilaine) (2019)","code_gr":"GR39"}},{"type":"Feature","geometry":{"coordinates":[[[-1.695988,48.042627],[-1.696212,48.041122],[-1.69531,48.041067],[-1.695586,48.040292],[-1.695615,48.039661],[-1.69582,48.039036],[-1.696044,48.038631],[-1.6961,48.038262],[-1.695923,48.037525],[-1.695353,48.037631],[-1.692364,48.03745],[-1.692215,48.037194],[-1.692233,48.036851],[-1.692019,48.036488],[-1.692028,48.036176],[-1.691337,48.035352],[-1.690907,48.034677],[-1.689665,48.034821],[-1.6896,48.034353],[-1.689459,48.034246],[-1.690235,48.033878],[-1.690702,48.033534],[-1.690795,48.033228],[-1.690571,48.032785],[-1.690748,48.032404],[-1.691355,48.032092],[-1.691636,48.031861],[-1.691598,48.031569],[-1.691019,48.031198],[-1.691029,48.030842],[-1.691412,48.030624],[-1.692719,48.030374],[-1.692859,48.030199],[-1.692672,48.029212],[-1.69271,48.029],[-1.693055,48.028869],[-1.694167,48.028981],[-1.694428,48.028725],[-1.694428,48.028488],[-1.694008,48.028132],[-1.693896,48.027882],[-1.694176,48.027576],[-1.694671,48.027457],[-1.69604,48.029072],[-1.697716,48.028438],[-1.698192,48.029468],[-1.697912,48.029618],[-1.69855,48.030392],[-1.698538,48.031711],[-1.699042,48.031611],[-1.699472,48.031661],[-1.699902,48.031673],[-1.699874,48.032017],[-1.700453,48.032035],[-1.701564,48.031779],[-1.702274,48.031704],[-1.70375,48.031848],[-1.703824,48.032142],[-1.704086,48.032373],[-1.704721,48.032529],[-1.705403,48.032485],[-1.705631,48.032631],[-1.705748,48.032972],[-1.706262,48.033285],[-1.707355,48.033403],[-1.707355,48.033572],[-1.709335,48.033647],[-1.70955,48.033266],[-1.709951,48.033103],[-1.710073,48.032903],[-1.709494,48.032301],[-1.710456,48.031692],[-1.710727,48.031935],[-1.71124,48.031679],[-1.711418,48.031673],[-1.711978,48.031248],[-1.711623,48.03093],[-1.71295,48.029968],[-1.712492,48.029525],[-1.718544,48.027982],[-1.71797,48.027365],[-1.717197,48.027278],[-1.716768,48.026963],[-1.716277,48.025668],[-1.715864,48.025083],[-1.720502,48.023404],[-1.721617,48.022657],[-1.721768,48.022299],[-1.721574,48.02039],[-1.721875,48.019414],[-1.721875,48.019414],[-1.723591,48.018452],[-1.724793,48.017849],[-1.724471,48.01762],[-1.727947,48.015725],[-1.726832,48.013414],[-1.726381,48.013084],[-1.724857,48.012495],[-1.724514,48.010342],[-1.724214,48.009524],[-1.7246,48.007686],[-1.725437,48.007715],[-1.725523,48.006768],[-1.725995,48.006538],[-1.726317,48.00549],[-1.725802,48.005562],[-1.725244,48.005519],[-1.724857,48.005318],[-1.724364,48.005318],[-1.723849,48.005074],[-1.723849,48.003652],[-1.724257,48.003494],[-1.726939,48.003609],[-1.727926,48.004112],[-1.729385,48.004341],[-1.729299,48.003552],[-1.729685,48.003408],[-1.729557,48.003021],[-1.729707,48.002733],[-1.730265,48.002518],[-1.730265,48.002518],[-1.7302,48.000924],[-1.73005,47.999201],[-1.730222,47.998483],[-1.730115,47.998239],[-1.730672,47.998297],[-1.732968,47.997852],[-1.734749,47.998426],[-1.735973,47.998483],[-1.736015,47.99867],[-1.737045,47.998641],[-1.737496,47.998311],[-1.738376,48.001212],[-1.740822,48.000881],[-1.740929,48.001269],[-1.751293,48.001212],[-1.75168,48.001097],[-1.751444,47.999445],[-1.751594,47.998053],[-1.751572,47.997694],[-1.751744,47.997206],[-1.751529,47.996617],[-1.751057,47.996459],[-1.750735,47.996588],[-1.749899,47.996646],[-1.749255,47.996473],[-1.748804,47.996445],[-1.748547,47.9961],[-1.749233,47.996157],[-1.749834,47.996028],[-1.750392,47.995511],[-1.750306,47.995253],[-1.750521,47.994851],[-1.750499,47.994492],[-1.750135,47.994406],[-1.750049,47.993386],[-1.750456,47.993099],[-1.751765,47.993673],[-1.752581,47.993343],[-1.752473,47.993142],[-1.752988,47.992797],[-1.752302,47.992797],[-1.752581,47.992022],[-1.753933,47.991031],[-1.754727,47.990155],[-1.754576,47.989738],[-1.753928,47.989591],[-1.752512,47.989562],[-1.751705,47.989761],[-1.751323,47.989705],[-1.750969,47.989477],[-1.748397,47.989695],[-1.748354,47.988432],[-1.748354,47.988432],[-1.74595,47.984985],[-1.74271,47.985258],[-1.742753,47.98385],[-1.743333,47.982744],[-1.742496,47.981107],[-1.744062,47.981193],[-1.745564,47.980877],[-1.744792,47.979714],[-1.744792,47.979714],[-1.744835,47.978636],[-1.745242,47.977602],[-1.746058,47.976582],[-1.746058,47.976338],[-1.745457,47.976022],[-1.745478,47.975735],[-1.74638,47.975692],[-1.74638,47.975462],[-1.744813,47.973867],[-1.744813,47.973523],[-1.740479,47.975189],[-1.739363,47.974327],[-1.738826,47.974629],[-1.738333,47.975146],[-1.738354,47.975376],[-1.738183,47.975878],[-1.736831,47.976137],[-1.736702,47.975763],[-1.73623,47.975045],[-1.736488,47.974499],[-1.736509,47.973365],[-1.736509,47.973365],[-1.736166,47.972776],[-1.735543,47.970261],[-1.735543,47.969227],[-1.735264,47.968107],[-1.7349,47.967719],[-1.734531,47.967643],[-1.734509,47.96727],[-1.735286,47.965693],[-1.735286,47.965693],[-1.7355,47.964184],[-1.73535,47.962762],[-1.73535,47.962762],[-1.736251,47.962645],[-1.73608,47.962242],[-1.73623,47.961768],[-1.736166,47.961409],[-1.736273,47.961194],[-1.736251,47.959929],[-1.736058,47.959714],[-1.735114,47.956782],[-1.7355,47.956854],[-1.737303,47.956696],[-1.736981,47.95536],[-1.738204,47.954756],[-1.740479,47.954138],[-1.741487,47.95398],[-1.743225,47.954569],[-1.743268,47.953879],[-1.74432,47.9526],[-1.744706,47.952327],[-1.745264,47.951637],[-1.746573,47.948318],[-1.746058,47.946852],[-1.745628,47.94642],[-1.744448,47.946277],[-1.743311,47.945515],[-1.742689,47.944595],[-1.74256,47.943977],[-1.742689,47.94333],[-1.743139,47.943158],[-1.743933,47.942698],[-1.744641,47.942051],[-1.744749,47.940973],[-1.744792,47.939995],[-1.744534,47.939737],[-1.744362,47.939823],[-1.742839,47.93978],[-1.742067,47.939492],[-1.740822,47.939435],[-1.739878,47.939147],[-1.739985,47.938328],[-1.74035,47.938285],[-1.741873,47.938543],[-1.743418,47.938328],[-1.743414,47.937881],[-1.743611,47.937437],[-1.745843,47.937365],[-1.748954,47.936991],[-1.751272,47.936818],[-1.751916,47.936344],[-1.751958,47.935812],[-1.754126,47.936373],[-1.754533,47.936128],[-1.753804,47.93597],[-1.7564,47.934806],[-1.75816,47.933799],[-1.759512,47.933339],[-1.761228,47.932045],[-1.761657,47.931283],[-1.7617,47.930867],[-1.762001,47.930708],[-1.762194,47.928983],[-1.76185,47.928307],[-1.760692,47.927416],[-1.759168,47.927143],[-1.757237,47.926194],[-1.754405,47.925144],[-1.753933,47.925331],[-1.752795,47.925532],[-1.752259,47.925935],[-1.7508,47.926424],[-1.749941,47.926711],[-1.749362,47.926438],[-1.748912,47.926841],[-1.748826,47.92743],[-1.748096,47.927272],[-1.747109,47.926726],[-1.746959,47.926381],[-1.746616,47.926079],[-1.74668,47.92569],[-1.74638,47.92536],[-1.744792,47.925877],[-1.743998,47.924281],[-1.744126,47.923318],[-1.744556,47.922958],[-1.744556,47.9227],[-1.745006,47.922656],[-1.745564,47.92188],[-1.745693,47.921348],[-1.746229,47.920715],[-1.746208,47.920255],[-1.748997,47.920226],[-1.749856,47.920126],[-1.75065,47.919752],[-1.75168,47.919637],[-1.752581,47.920039],[-1.753053,47.919996],[-1.753439,47.920126],[-1.754169,47.920083],[-1.755692,47.920773],[-1.756207,47.921564],[-1.757173,47.921808],[-1.758331,47.921751],[-1.758675,47.920701],[-1.759576,47.919579],[-1.761336,47.919479],[-1.761378,47.918342],[-1.762602,47.916387],[-1.763052,47.914388],[-1.762923,47.913539],[-1.762387,47.913021],[-1.76346,47.91259],[-1.763374,47.911741],[-1.763181,47.911209],[-1.761872,47.9099],[-1.761872,47.9099],[-1.761867,47.909404],[-1.761201,47.908541],[-1.760472,47.907894],[-1.760386,47.907232],[-1.759292,47.906168],[-1.758562,47.905909],[-1.757768,47.905449],[-1.756803,47.905103],[-1.756137,47.904485],[-1.755708,47.904255],[-1.755236,47.903794],[-1.755,47.904269],[-1.753455,47.905621],[-1.750365,47.906657],[-1.749013,47.906714],[-1.748391,47.907074],[-1.746717,47.907505],[-1.745881,47.907146],[-1.742576,47.907002],[-1.741181,47.906743],[-1.739915,47.906211],[-1.739615,47.904068],[-1.73983,47.903579],[-1.742233,47.901306],[-1.743499,47.898472],[-1.745001,47.898126],[-1.745194,47.898486],[-1.746911,47.898083],[-1.747962,47.898011],[-1.749335,47.897652],[-1.750451,47.897637],[-1.750601,47.897047],[-1.751481,47.897206],[-1.751953,47.896947],[-1.752468,47.896486],[-1.753455,47.896314],[-1.754871,47.89594],[-1.755579,47.897781],[-1.756137,47.897594],[-1.755665,47.897191],[-1.755386,47.896242],[-1.755301,47.895839],[-1.75573,47.895724],[-1.756116,47.896242],[-1.756545,47.89617],[-1.757039,47.895638],[-1.756996,47.895451],[-1.757382,47.895134],[-1.757875,47.894961],[-1.757275,47.894184],[-1.757511,47.894084],[-1.758133,47.894443],[-1.758948,47.895709],[-1.757833,47.896256],[-1.757511,47.896616],[-1.756481,47.897177],[-1.756588,47.897393],[-1.756137,47.898544],[-1.757747,47.898688],[-1.758283,47.897378],[-1.759463,47.896343],[-1.760965,47.897105],[-1.760622,47.897781],[-1.760686,47.898026],[-1.761352,47.898328],[-1.761502,47.898846],[-1.762489,47.899608],[-1.762918,47.900399],[-1.762231,47.901752],[-1.762038,47.903133],[-1.762746,47.903089],[-1.762875,47.903219],[-1.762918,47.903507],[-1.762982,47.903535],[-1.763648,47.903794],[-1.764763,47.903665],[-1.765493,47.903521],[-1.76618,47.903651],[-1.769227,47.903219],[-1.771008,47.90506],[-1.771544,47.905103],[-1.772531,47.905707],[-1.773518,47.905851],[-1.774999,47.906312],[-1.776136,47.906297],[-1.776458,47.907419],[-1.777338,47.907405],[-1.778797,47.906786],[-1.779226,47.907462],[-1.781758,47.907189],[-1.783024,47.907103],[-1.784011,47.906743],[-1.786908,47.90624],[-1.787251,47.905909],[-1.786843,47.905664],[-1.786221,47.905003],[-1.786157,47.904327],[-1.78635,47.904082],[-1.786157,47.90401],[-1.786242,47.903435],[-1.787272,47.903305],[-1.788538,47.903262],[-1.789397,47.901896],[-1.788002,47.901809],[-1.788474,47.900284],[-1.788324,47.899263],[-1.789976,47.899033],[-1.789955,47.898601],[-1.790384,47.898774],[-1.791049,47.8984],[-1.790341,47.897853],[-1.789976,47.897249],[-1.789483,47.896875],[-1.790942,47.896314],[-1.792787,47.896227],[-1.793602,47.896486],[-1.795255,47.896472],[-1.795512,47.896616],[-1.795019,47.897767],[-1.796435,47.897652],[-1.796585,47.89745],[-1.796907,47.89676],[-1.796692,47.896659],[-1.797851,47.894055],[-1.798216,47.893854],[-1.798602,47.892587],[-1.798216,47.892141],[-1.797143,47.892688],[-1.796413,47.892659],[-1.796242,47.892141],[-1.796478,47.891882],[-1.795963,47.891451],[-1.795147,47.891494],[-1.794611,47.891652],[-1.792615,47.89181],[-1.790105,47.89148],[-1.792186,47.890861],[-1.793688,47.890213],[-1.794783,47.889364],[-1.795233,47.889206],[-1.795276,47.888746],[-1.79504,47.888573],[-1.795126,47.886242],[-1.790448,47.88512],[-1.787852,47.885666],[-1.786629,47.885753],[-1.787058,47.883997],[-1.786479,47.882702],[-1.78665,47.882227],[-1.786521,47.882011],[-1.786843,47.881162],[-1.787208,47.880687],[-1.787165,47.877392],[-1.786865,47.877147],[-1.786994,47.876629],[-1.786178,47.876427],[-1.784311,47.87637],[-1.782659,47.875521],[-1.781865,47.875549],[-1.781565,47.875002],[-1.780878,47.87529],[-1.781136,47.87588],[-1.781178,47.876442],[-1.78193,47.877233],[-1.78135,47.87742],[-1.781243,47.877651],[-1.780964,47.877636],[-1.780621,47.877795],[-1.780234,47.877737],[-1.779397,47.876197],[-1.77914,47.875103],[-1.778174,47.875247],[-1.778046,47.874038],[-1.778432,47.873448],[-1.776479,47.873319],[-1.776694,47.874585],[-1.775299,47.874254],[-1.774763,47.872901],[-1.77414,47.872887],[-1.773819,47.873088],[-1.772939,47.873247],[-1.771608,47.873203],[-1.769763,47.87339],[-1.768261,47.873275],[-1.76824,47.872613],[-1.767252,47.872311],[-1.765901,47.872469],[-1.764613,47.871994],[-1.763864,47.872043],[-1.76251,47.872397],[-1.761673,47.869922],[-1.761824,47.869144],[-1.761416,47.867806],[-1.762317,47.867532],[-1.763884,47.867302],[-1.764463,47.8671],[-1.76648,47.866928],[-1.767145,47.866409],[-1.76678,47.865819],[-1.767918,47.86556],[-1.767446,47.864264],[-1.767875,47.86389],[-1.767295,47.862537],[-1.767274,47.862321],[-1.766888,47.861774],[-1.767081,47.861472],[-1.767038,47.860334],[-1.765278,47.860219],[-1.764914,47.860046],[-1.764463,47.859989],[-1.763927,47.85947],[-1.762939,47.858938],[-1.762532,47.858232],[-1.761201,47.857311],[-1.759935,47.856706],[-1.759184,47.85649],[-1.756717,47.856015],[-1.75824,47.847822],[-1.755429,47.846281],[-1.753541,47.84559],[-1.752189,47.845287],[-1.747468,47.844999],[-1.747468,47.844999],[-1.74653,47.84543],[-1.746122,47.844148],[-1.746015,47.842132],[-1.746272,47.841671],[-1.746508,47.840361],[-1.746723,47.840159],[-1.746573,47.83918],[-1.758868,47.836817],[-1.758739,47.836342],[-1.765391,47.838143],[-1.765026,47.836544],[-1.769382,47.836486],[-1.770219,47.834441],[-1.770262,47.833951],[-1.770755,47.833274],[-1.77082,47.832179],[-1.783673,47.829414],[-1.793543,47.828434],[-1.796011,47.831085],[-1.796569,47.831834],[-1.797878,47.832842],[-1.798779,47.834124],[-1.799873,47.834052],[-1.801826,47.833072],[-1.802599,47.833346],[-1.803393,47.834023],[-1.804659,47.833605],[-1.805839,47.833303],[-1.808049,47.832208],[-1.808843,47.832871],[-1.80968,47.832439],[-1.811289,47.831805],[-1.811868,47.831445],[-1.811847,47.831171],[-1.811182,47.830739],[-1.811632,47.830364],[-1.811031,47.829903],[-1.810002,47.829356],[-1.809079,47.82927],[-1.808564,47.829025],[-1.814164,47.825438],[-1.814679,47.825682],[-1.816053,47.825077],[-1.816353,47.824789],[-1.817319,47.824717],[-1.818177,47.824054],[-1.818263,47.823305],[-1.819421,47.82211],[-1.819615,47.821778],[-1.82176,47.821072],[-1.822662,47.822326],[-1.822662,47.822326],[-1.823337,47.82239],[-1.828874,47.819264],[-1.829131,47.818342],[-1.828916,47.817463],[-1.829753,47.816742],[-1.830655,47.816281],[-1.832006,47.816051],[-1.833122,47.815619],[-1.834839,47.814725],[-1.836534,47.814365],[-1.837371,47.814523],[-1.837757,47.814927],[-1.839538,47.815518],[-1.840568,47.815561],[-1.841469,47.815489],[-1.84325,47.814466],[-1.844859,47.812823],[-1.845632,47.812333],[-1.846147,47.811858],[-1.846426,47.811224],[-1.846812,47.810618],[-1.847134,47.809365],[-1.84707,47.808428],[-1.846834,47.807751],[-1.846726,47.807016],[-1.846576,47.806338],[-1.846404,47.805041],[-1.846125,47.803888],[-1.845353,47.802822],[-1.84428,47.801712],[-1.842993,47.798555],[-1.8481,47.798008],[-1.849494,47.798036],[-1.852713,47.797633],[-1.854043,47.797662],[-1.855073,47.797489],[-1.85576,47.797474],[-1.859944,47.797215],[-1.860352,47.797287],[-1.85988,47.794505],[-1.865845,47.793481],[-1.865566,47.792847],[-1.864772,47.792429],[-1.865244,47.791175],[-1.865116,47.790122],[-1.865352,47.789474],[-1.867347,47.789171],[-1.870544,47.789257],[-1.873763,47.788392],[-1.874943,47.78832],[-1.875759,47.788349],[-1.881445,47.787772],[-1.879363,47.783736],[-1.879793,47.783044],[-1.880651,47.783418],[-1.882754,47.783548],[-1.882174,47.782683],[-1.881917,47.78251],[-1.881445,47.781443],[-1.883054,47.780174],[-1.883376,47.780102],[-1.882968,47.77866],[-1.879213,47.778458],[-1.874857,47.778444],[-1.873505,47.777636],[-1.873849,47.777132],[-1.872368,47.77644],[-1.871724,47.776425],[-1.870716,47.775978],[-1.870566,47.775632],[-1.869214,47.775098],[-1.86842,47.774709],[-1.868098,47.774421],[-1.865094,47.772979],[-1.863742,47.771854],[-1.864107,47.77096],[-1.864214,47.770354],[-1.864901,47.768998],[-1.86606,47.767772],[-1.867583,47.764888],[-1.868184,47.763157],[-1.868635,47.761412],[-1.868463,47.758815],[-1.868699,47.757632],[-1.869514,47.75619],[-1.869493,47.756002],[-1.869686,47.755858],[-1.87018,47.754863],[-1.870072,47.754444],[-1.871167,47.754387],[-1.871403,47.754487],[-1.872261,47.75443],[-1.872776,47.752078],[-1.871832,47.751703],[-1.871145,47.751285],[-1.872368,47.749929],[-1.872862,47.748875],[-1.871639,47.748601],[-1.870952,47.748269],[-1.871274,47.747332],[-1.872497,47.747562],[-1.87299,47.747447],[-1.87342,47.747043],[-1.875844,47.746711],[-1.879342,47.746884],[-1.879299,47.745946],[-1.880501,47.745773],[-1.882239,47.745918],[-1.888633,47.74485],[-1.890264,47.743003],[-1.893955,47.742137],[-1.892302,47.740362],[-1.893826,47.740564],[-1.894963,47.740492],[-1.895779,47.736596],[-1.895306,47.735947],[-1.893826,47.734547],[-1.89462,47.734244],[-1.915498,47.733811],[-1.915648,47.73358],[-1.915391,47.73039],[-1.917022,47.730073],[-1.920004,47.729712],[-1.921099,47.729726],[-1.923566,47.729611],[-1.924103,47.733609],[-1.923738,47.734085],[-1.923888,47.734922],[-1.923867,47.73625],[-1.925412,47.736899],[-1.925648,47.737534],[-1.925347,47.738573],[-1.926592,47.738717],[-1.927879,47.738688],[-1.927965,47.738212],[-1.930004,47.73889],[-1.930347,47.740637],[-1.931398,47.74117],[-1.931248,47.742671],[-1.949401,47.744677],[-1.954744,47.745239],[-1.956289,47.743306],[-1.9641,47.746394],[-1.966825,47.746625],[-1.965902,47.752598],[-1.965323,47.754026],[-1.965022,47.754228],[-1.964808,47.755108],[-1.964786,47.75544],[-1.96425,47.756002],[-1.964422,47.756536],[-1.963799,47.757228],[-1.961546,47.757474],[-1.961246,47.757791],[-1.96204,47.758238],[-1.961997,47.758455],[-1.962812,47.758945],[-1.96307,47.761166],[-1.96307,47.761166],[-1.962254,47.76144],[-1.958607,47.762104],[-1.959165,47.76434],[-1.959057,47.764758],[-1.961718,47.76496],[-1.963864,47.764989],[-1.96543,47.764484],[-1.966889,47.764282],[-1.967576,47.764498],[-1.967984,47.764455],[-1.968327,47.764686],[-1.969378,47.764729],[-1.971288,47.764643],[-1.971674,47.764801],[-1.973348,47.764744],[-1.973606,47.764628],[-1.974657,47.764772],[-1.975515,47.764412],[-1.97603,47.764426],[-1.97691,47.7647],[-1.979034,47.764542],[-1.981438,47.765263],[-1.982296,47.765234],[-1.982575,47.764873],[-1.982854,47.76483],[-1.983111,47.764585],[-1.983219,47.764628],[-1.983476,47.76457],[-1.984098,47.764643],[-1.984442,47.764844],[-1.984613,47.764859],[-1.984742,47.765133],[-1.985021,47.765364],[-1.985257,47.765205],[-1.98603,47.765638],[-1.991115,47.765219],[-1.991566,47.765248],[-1.99236,47.76558],[-1.993411,47.765667],[-1.993668,47.766013],[-1.995149,47.766229],[-1.995256,47.766921],[-1.995364,47.767152],[-1.995235,47.76757],[-1.996501,47.767224],[-1.996458,47.76682],[-1.995449,47.76545],[-1.995857,47.763936],[-1.996587,47.763359],[-1.997316,47.763171],[-1.99884,47.763229],[-1.998904,47.762926],[-1.99781,47.762868],[-1.996801,47.762638],[-1.996587,47.762277],[-1.997638,47.762392],[-1.998046,47.762508],[-1.998496,47.762378],[-1.998539,47.762162],[-1.998582,47.761859],[-1.998067,47.761556],[-1.997917,47.761123],[-1.996758,47.760835],[-1.99811,47.760157],[-1.998625,47.759551],[-1.998389,47.758556],[-1.999312,47.758469],[-1.999591,47.758267],[-1.999848,47.757892],[-2.003861,47.757632],[-2.003925,47.758729],[-2.004054,47.758858],[-2.007938,47.758801],[-2.008152,47.758714],[-2.008388,47.758253],[-2.007938,47.757733],[-2.007831,47.756796],[-2.008024,47.756262],[-2.008345,47.755166],[-2.008453,47.754011],[-2.008303,47.753636],[-2.007165,47.752828],[-2.006436,47.752266],[-2.004741,47.75192],[-2.003968,47.752223],[-2.003882,47.751977],[-2.004633,47.751588],[-2.005492,47.75153],[-2.005384,47.750058],[-2.004934,47.749929],[-2.003582,47.750001],[-1.99914,47.750794],[-1.999762,47.750174],[-2.002123,47.747952],[-2.003947,47.74713],[-2.004698,47.746423],[-2.002509,47.745514],[-2.001222,47.745369],[-1.997531,47.744042],[-1.998325,47.739323],[-1.998775,47.738977],[-1.997617,47.736495],[-1.998239,47.735918],[-1.998926,47.734359],[-1.999162,47.732988],[-2.001222,47.73293],[-2.003367,47.734042],[-2.004784,47.73459],[-2.007294,47.736091],[-2.008753,47.736654],[-2.010749,47.737476],[-2.011993,47.737621],[-2.014439,47.738183],[-2.017594,47.739309],[-2.018538,47.739699],[-2.021413,47.74042],[-2.024117,47.740983],[-2.026756,47.741849],[-2.028387,47.741834],[-2.031412,47.741704],[-2.026778,47.736365],[-2.028044,47.734994],[-2.02931,47.734186],[-2.029267,47.73384],[-2.031327,47.733349],[-2.031455,47.7328],[-2.030511,47.732223],[-2.030554,47.731198],[-2.030211,47.730116],[-2.026992,47.729005],[-2.027099,47.728716],[-2.026735,47.728384],[-2.02725,47.727561],[-2.02725,47.725974],[-2.027636,47.725281],[-2.0274,47.725122],[-2.027336,47.724213],[-2.024675,47.723664],[-2.023816,47.723736],[-2.022486,47.723635],[-2.021842,47.723534],[-2.020276,47.723678],[-2.019611,47.723881],[-2.016735,47.72401],[-2.016607,47.721917],[-2.016607,47.721917],[-2.016263,47.721639],[-2.012873,47.721076],[-2.011114,47.721264],[-2.007444,47.720917],[-2.006243,47.720773],[-2.004612,47.720123],[-2.00356,47.720138],[-2.001586,47.719676],[-2.00032,47.719098],[-1.999741,47.718968],[-1.997252,47.718622],[-1.99517,47.718059],[-1.99472,47.718117],[-1.994634,47.717958],[-1.995922,47.717106],[-1.995492,47.717092],[-1.994527,47.717222],[-1.993218,47.716919],[-1.991458,47.716168],[-1.990471,47.71598],[-1.989677,47.715951],[-1.98869,47.71572],[-1.988583,47.715605],[-1.987274,47.715359],[-1.986952,47.71497],[-1.986974,47.714638],[-1.985772,47.714638],[-1.9856,47.714508],[-1.985107,47.714464],[-1.984957,47.714002],[-1.983691,47.714017],[-1.983433,47.713569],[-1.98397,47.713035],[-1.983905,47.712876],[-1.984742,47.712356],[-1.984957,47.711505],[-1.985407,47.711129],[-1.98663,47.710638],[-1.987253,47.71058],[-1.988712,47.710292],[-1.989699,47.710234],[-1.988197,47.708747],[-1.988025,47.708256],[-1.987124,47.708213],[-1.9856,47.707953],[-1.984892,47.707707],[-1.984678,47.706798],[-1.983991,47.706769],[-1.983455,47.707577],[-1.982811,47.707664],[-1.982811,47.707216],[-1.983154,47.706711],[-1.983047,47.705917],[-1.982789,47.705195],[-1.982918,47.704704],[-1.982339,47.703462],[-1.982789,47.702509],[-1.982296,47.701238],[-1.982489,47.700689],[-1.98309,47.700011],[-1.98339,47.699852],[-1.98354,47.699216],[-1.98354,47.699216],[-1.984206,47.698523],[-1.984935,47.698523],[-1.984935,47.698191],[-1.986544,47.696934],[-1.987532,47.696588],[-1.98721,47.696169],[-1.987746,47.695736],[-1.987939,47.695389],[-1.987768,47.694811],[-1.987403,47.694653],[-1.987296,47.693974],[-1.986287,47.693107],[-1.987253,47.692659],[-1.987253,47.692067],[-1.986952,47.691721],[-1.987403,47.691114],[-1.987832,47.690811],[-1.988948,47.690695],[-1.989205,47.689612],[-1.988733,47.688196],[-1.988819,47.68759],[-1.988755,47.686578],[-1.989463,47.686622],[-1.990343,47.686261],[-1.991866,47.686391],[-1.992681,47.683819],[-1.993218,47.683805],[-1.99399,47.683559],[-1.995192,47.683444],[-1.996844,47.683834],[-1.997145,47.684195],[-1.997509,47.684209],[-1.998175,47.684599],[-2.000106,47.684831],[-2.001136,47.684744],[-2.001479,47.684845],[-2.002252,47.684845],[-2.002359,47.684686],[-2.002917,47.684542],[-2.003281,47.684628],[-2.003796,47.684065],[-2.004033,47.684166],[-2.004054,47.683646],[-2.003496,47.68236],[-2.003603,47.680121],[-2.008818,47.679615],[-2.009311,47.679659],[-2.009397,47.679529],[-2.012165,47.678879],[-2.012401,47.678879],[-2.012723,47.678633],[-2.012573,47.678041],[-2.013002,47.677983],[-2.013603,47.677752],[-2.014418,47.677131],[-2.019096,47.677159],[-2.019096,47.675686],[-2.020727,47.675108],[-2.022078,47.674776],[-2.022851,47.675195],[-2.028687,47.674226],[-2.028687,47.674226],[-2.030383,47.674226],[-2.030511,47.673547],[-2.032528,47.673027],[-2.034738,47.672782],[-2.034674,47.672522],[-2.035747,47.672189],[-2.036369,47.671871],[-2.037592,47.671539],[-2.038837,47.670571],[-2.040275,47.668288],[-2.040832,47.667377],[-2.041455,47.667031],[-2.04227,47.666612],[-2.043429,47.665846],[-2.043429,47.665846],[-2.047162,47.664444],[-2.048557,47.663606],[-2.04963,47.662724],[-2.050188,47.662132],[-2.050317,47.661655],[-2.051969,47.66271],[-2.053943,47.665398],[-2.055381,47.665904],[-2.056239,47.664979],[-2.056625,47.664068],[-2.056518,47.663375],[-2.05669,47.662435],[-2.057119,47.662305],[-2.057011,47.661481],[-2.056003,47.661424],[-2.055939,47.661106],[-2.055359,47.660932],[-2.053171,47.660426],[-2.053278,47.660065],[-2.052548,47.659791],[-2.052248,47.659516],[-2.052634,47.658837],[-2.053814,47.658345],[-2.055059,47.657753],[-2.054909,47.656842],[-2.055574,47.656654],[-2.055145,47.655368],[-2.065874,47.651032],[-2.066753,47.650815],[-2.067612,47.6508],[-2.067612,47.6508],[-2.074296,47.652246],[-2.075175,47.652101],[-2.076742,47.651321],[-2.078694,47.650714],[-2.080969,47.650511],[-2.082471,47.650034],[-2.082471,47.650034],[-2.084445,47.648415]]],"type":"MultiLineString"},"properties":{"geo_point":{"lon":-1.8583947608813236,"lat":47.82936061514349},"name":"GR39 De Chartres-de-Bretagne à Redon (Ille-et-Vilaine) (2019)","code_gr":"GR39"}},{"type":"Feature","geometry":{"coordinates":[[[-1.510522,48.634782],[-1.511221,48.635064],[-1.511586,48.63471],[-1.511285,48.634142],[-1.508946,48.632299],[-1.50723,48.630583],[-1.506371,48.62915],[-1.506114,48.627902],[-1.506393,48.626612],[-1.50723,48.625108],[-1.509182,48.622456],[-1.509805,48.621548],[-1.510642,48.620031],[-1.510921,48.619024],[-1.511178,48.618938],[-1.513311,48.602823],[-1.513955,48.598183],[-1.513955,48.598183],[-1.515264,48.58944],[-1.515221,48.589029],[-1.515629,48.588532],[-1.516105,48.584193],[-1.516551,48.582329],[-1.51756,48.580242],[-1.518967,48.578534],[-1.5203,48.577329],[-1.520714,48.575969],[-1.522345,48.57357],[-1.52271,48.572221],[-1.522474,48.570972],[-1.521744,48.569765],[-1.520028,48.568203],[-1.519041,48.567181],[-1.517925,48.565349],[-1.517345,48.563545],[-1.516745,48.559754],[-1.51462,48.555578],[-1.513869,48.554087],[-1.513977,48.553817],[-1.513504,48.55342],[-1.512732,48.553278],[-1.512904,48.552738],[-1.514062,48.552539],[-1.514062,48.552539],[-1.514685,48.553831],[-1.516272,48.554655],[-1.51668,48.554684],[-1.518173,48.55589],[-1.519319,48.556942],[-1.519706,48.557027],[-1.520714,48.557496],[-1.521508,48.558206],[-1.522152,48.558163],[-1.522701,48.557594],[-1.523087,48.557239],[-1.524147,48.556317],[-1.525006,48.55636],[-1.526937,48.557041],[-1.527087,48.556615],[-1.529812,48.554542],[-1.530435,48.553846],[-1.531035,48.553902],[-1.532387,48.553689],[-1.533417,48.553249],[-1.53361,48.553817],[-1.534469,48.554655],[-1.535177,48.555152],[-1.53567,48.555067],[-1.536271,48.555309],[-1.537773,48.555124],[-1.537945,48.555408],[-1.539554,48.55555],[-1.53979,48.554045],[-1.540176,48.552582],[-1.540799,48.552638],[-1.543352,48.552511],[-1.547515,48.553107],[-1.549661,48.553221],[-1.549918,48.553107],[-1.550433,48.551573],[-1.550841,48.55092],[-1.550733,48.550664],[-1.548944,48.549953],[-1.551098,48.547369],[-1.552278,48.547781],[-1.553609,48.547994],[-1.554532,48.548065],[-1.555132,48.548448],[-1.556119,48.548761],[-1.556441,48.54805],[-1.556549,48.54744],[-1.558136,48.54761],[-1.558995,48.547823],[-1.559724,48.548477],[-1.560132,48.547781],[-1.558973,48.546999],[-1.558093,48.546928],[-1.557815,48.546701],[-1.557192,48.546516],[-1.556763,48.546871],[-1.555411,48.546616],[-1.554317,48.546218],[-1.55569,48.544897],[-1.556248,48.544258],[-1.557257,48.54349],[-1.557943,48.542382],[-1.559231,48.539981],[-1.559531,48.538973],[-1.56202,48.53758],[-1.5632,48.536543],[-1.563801,48.536486],[-1.564445,48.535122],[-1.564552,48.533616],[-1.562771,48.533559],[-1.562986,48.532266],[-1.565003,48.532423],[-1.565389,48.530931],[-1.565046,48.530291],[-1.566269,48.528302],[-1.566848,48.528316],[-1.568329,48.527606],[-1.568179,48.526682],[-1.56747,48.525843],[-1.567256,48.525104],[-1.568286,48.524934],[-1.569101,48.525062],[-1.571054,48.525048],[-1.571912,48.52293],[-1.572298,48.522234],[-1.569766,48.521651],[-1.570367,48.521324],[-1.571032,48.519946],[-1.570968,48.51969],[-1.571483,48.519164],[-1.572406,48.518965],[-1.574015,48.518126],[-1.574401,48.517743],[-1.575581,48.517359],[-1.576762,48.516662],[-1.573092,48.514615],[-1.571848,48.515781],[-1.570968,48.515497],[-1.568093,48.515497],[-1.566977,48.515355],[-1.566011,48.515639],[-1.564488,48.515724],[-1.564187,48.514374],[-1.563651,48.514175],[-1.563351,48.511346],[-1.563351,48.506996],[-1.56408,48.50566],[-1.563715,48.504878],[-1.562492,48.503897],[-1.562342,48.502546],[-1.56172,48.501594],[-1.561677,48.500399],[-1.561205,48.499461],[-1.561119,48.498906],[-1.561527,48.498067],[-1.561784,48.496816],[-1.562342,48.49656],[-1.561741,48.495608],[-1.560347,48.495451],[-1.560347,48.495451],[-1.559917,48.495195],[-1.559274,48.494982],[-1.558222,48.494953],[-1.557578,48.494626],[-1.557428,48.494314],[-1.556248,48.494171],[-1.554896,48.493531],[-1.554746,48.492963],[-1.554574,48.492692],[-1.554253,48.491484],[-1.553266,48.49046],[-1.553652,48.486065],[-1.554295,48.485681],[-1.554574,48.485312],[-1.555476,48.485283],[-1.556699,48.485383],[-1.558093,48.485226],[-1.558995,48.484615],[-1.559853,48.484216],[-1.560046,48.483676],[-1.560625,48.482993],[-1.561355,48.48278],[-1.561806,48.482396],[-1.562278,48.481742],[-1.562278,48.481742],[-1.563501,48.48118],[-1.563994,48.481166],[-1.564187,48.480924],[-1.563801,48.480796],[-1.563694,48.480568],[-1.563909,48.480412],[-1.564488,48.480554],[-1.56496,48.480511],[-1.565282,48.480312],[-1.565046,48.480085],[-1.565153,48.479331],[-1.564595,48.479032],[-1.564445,48.478363],[-1.564166,48.478122],[-1.563951,48.478065],[-1.563329,48.477595],[-1.562707,48.477325],[-1.561655,48.476984],[-1.561119,48.476543],[-1.561205,48.476272],[-1.561613,48.476102],[-1.562128,48.475447],[-1.561913,48.474281],[-1.56202,48.474011],[-1.56172,48.473811],[-1.561055,48.473712],[-1.560347,48.47347],[-1.560003,48.472844],[-1.560218,48.472517],[-1.560175,48.472204],[-1.560625,48.47209],[-1.560733,48.47172],[-1.559767,48.470895],[-1.559338,48.469672],[-1.55996,48.467708],[-1.559402,48.467808],[-1.558866,48.46768],[-1.558351,48.467765],[-1.558179,48.46731],[-1.557171,48.46694],[-1.557171,48.46667],[-1.555325,48.466029],[-1.55481,48.46566],[-1.554489,48.465588],[-1.554317,48.465318],[-1.553437,48.465176],[-1.551635,48.464151],[-1.548674,48.464222],[-1.548309,48.464294],[-1.548008,48.464194],[-1.546871,48.464166],[-1.546292,48.464322],[-1.545991,48.464208],[-1.545155,48.464322],[-1.54464,48.464166],[-1.538824,48.464962],[-1.538181,48.464678],[-1.536915,48.464678],[-1.536421,48.464294],[-1.536421,48.463767],[-1.536056,48.463056],[-1.536529,48.461846],[-1.536228,48.461619],[-1.534919,48.461562],[-1.534039,48.460423],[-1.53376,48.460423],[-1.533245,48.460964],[-1.531765,48.460836],[-1.531336,48.460921],[-1.531228,48.461178],[-1.531465,48.461718],[-1.530456,48.462415],[-1.530241,48.462785],[-1.528546,48.463042],[-1.527688,48.463568],[-1.527087,48.464052],[-1.526658,48.463924],[-1.525413,48.46223],[-1.524941,48.462202],[-1.525177,48.463013],[-1.523868,48.463483],[-1.519491,48.463184],[-1.518998,48.463924],[-1.51771,48.46482],[-1.516444,48.466172],[-1.516015,48.467153],[-1.515736,48.467139],[-1.515114,48.467552],[-1.512947,48.467751],[-1.512281,48.467296],[-1.51138,48.467296],[-1.510908,48.466883],[-1.507089,48.466712],[-1.505415,48.466826],[-1.50387,48.466812],[-1.503269,48.467666],[-1.50254,48.467424],[-1.502046,48.466784],[-1.500608,48.466371],[-1.498699,48.465503],[-1.496896,48.46418],[-1.495501,48.462558],[-1.495802,48.461846],[-1.494708,48.461704],[-1.493699,48.461334],[-1.491897,48.46132],[-1.49091,48.46122],[-1.486575,48.461476],[-1.486425,48.461064],[-1.48606,48.460779],[-1.485631,48.459982],[-1.485695,48.459712],[-1.486897,48.459484],[-1.487562,48.459257],[-1.48842,48.458033],[-1.489598,48.455628],[-1.48537,48.453989],[-1.485609,48.453579],[-1.485631,48.451914],[-1.486489,48.449024],[-1.48636,48.44743],[-1.486017,48.447373],[-1.485845,48.446975],[-1.483442,48.443374],[-1.483035,48.443075],[-1.482005,48.441367],[-1.481575,48.441139],[-1.480631,48.439957],[-1.481125,48.439772],[-1.482155,48.43815],[-1.482005,48.437737],[-1.482198,48.437324],[-1.482198,48.436356],[-1.481575,48.434548],[-1.481082,48.432683],[-1.483421,48.432669],[-1.484644,48.432768],[-1.48503,48.433124],[-1.485588,48.43311],[-1.485888,48.432996],[-1.486425,48.432697],[-1.486597,48.432284],[-1.487712,48.431829],[-1.488313,48.43133],[-1.489493,48.432071],[-1.490116,48.431843],[-1.491146,48.431359],[-1.490523,48.430262],[-1.490523,48.428682],[-1.490974,48.427799],[-1.490931,48.427144],[-1.49121,48.426062],[-1.491661,48.425122],[-1.491854,48.423926],[-1.491918,48.422559],[-1.492669,48.421577],[-1.492755,48.421149],[-1.493592,48.420039],[-1.494214,48.41813],[-1.494278,48.416934],[-1.494514,48.416393],[-1.494622,48.415752],[-1.496875,48.414727],[-1.497433,48.413815],[-1.496059,48.413658],[-1.495845,48.41306],[-1.495802,48.412134],[-1.496317,48.411593],[-1.495437,48.411337],[-1.495737,48.410482],[-1.496446,48.409756],[-1.498656,48.406836],[-1.498956,48.405981],[-1.497197,48.405767],[-1.499106,48.404785],[-1.499621,48.404671],[-1.500458,48.404272],[-1.500801,48.403973],[-1.501939,48.403745],[-1.502196,48.403859],[-1.503119,48.40373],[-1.503806,48.402676],[-1.504363,48.402092],[-1.505007,48.401622],[-1.505007,48.401309],[-1.503698,48.400895],[-1.503119,48.400425],[-1.503677,48.399927],[-1.503999,48.399328],[-1.505286,48.399343],[-1.505351,48.397776],[-1.505908,48.397405],[-1.505908,48.396892],[-1.505694,48.396351],[-1.505694,48.395809],[-1.504213,48.393686],[-1.504213,48.393686],[-1.503376,48.392714],[-1.502947,48.391888],[-1.501488,48.390961],[-1.500801,48.390705],[-1.500823,48.390491],[-1.501123,48.390349],[-1.501231,48.39005],[-1.500544,48.389266],[-1.500501,48.388938],[-1.499814,48.388781],[-1.498999,48.387798],[-1.498398,48.387228],[-1.498463,48.386687],[-1.498935,48.385076],[-1.49842,48.384948],[-1.498398,48.384464],[-1.498098,48.382953],[-1.498548,48.382041],[-1.498742,48.381328],[-1.498677,48.380744],[-1.499235,48.380145],[-1.499321,48.379775],[-1.498827,48.37892],[-1.497304,48.378535],[-1.497883,48.376426],[-1.494901,48.375171],[-1.494901,48.375171],[-1.493334,48.374045],[-1.491038,48.373546],[-1.490652,48.373846],[-1.489987,48.374131],[-1.489193,48.375214],[-1.488506,48.375086],[-1.487648,48.376354],[-1.487026,48.376839],[-1.486082,48.376896],[-1.485159,48.376796],[-1.483936,48.377024],[-1.482412,48.377067],[-1.481189,48.377723],[-1.480073,48.378036],[-1.477756,48.378464],[-1.47782,48.379077],[-1.477992,48.379134],[-1.478035,48.380145],[-1.477928,48.380388],[-1.477692,48.380388],[-1.477563,48.380573],[-1.476962,48.380844],[-1.474409,48.381015],[-1.474087,48.380188],[-1.474301,48.379333],[-1.474838,48.377894],[-1.473786,48.377822],[-1.472606,48.377395],[-1.470696,48.376996],[-1.469495,48.376953],[-1.469237,48.37681],[-1.466619,48.376582],[-1.466362,48.375684],[-1.467392,48.374615],[-1.466147,48.37433],[-1.464731,48.374487],[-1.461169,48.376411],[-1.460804,48.375855],[-1.460847,48.375513],[-1.460375,48.374715],[-1.460268,48.373618],[-1.459646,48.371936],[-1.459259,48.371622],[-1.459088,48.370781],[-1.457843,48.369598],[-1.457564,48.369541],[-1.457629,48.369199],[-1.457114,48.368315],[-1.456234,48.367716],[-1.45338,48.36716],[-1.454002,48.366262],[-1.454002,48.366262],[-1.454517,48.366063],[-1.45559,48.36535],[-1.456813,48.36411],[-1.457221,48.362998],[-1.457028,48.362584],[-1.457757,48.362156],[-1.457972,48.361372],[-1.459066,48.360531],[-1.459646,48.359319],[-1.460847,48.358478],[-1.460847,48.358478],[-1.459581,48.358193],[-1.458208,48.357523],[-1.45853,48.356767],[-1.456942,48.353217],[-1.456041,48.352717],[-1.45441,48.352632],[-1.453638,48.352332],[-1.452887,48.35152],[-1.451556,48.350721],[-1.450397,48.350536],[-1.449732,48.349894],[-1.449668,48.349409],[-1.447393,48.348996],[-1.447522,48.347926],[-1.447737,48.347755],[-1.447501,48.347327],[-1.447093,48.347241],[-1.447071,48.346585],[-1.448252,48.345773],[-1.447629,48.344731],[-1.447136,48.344232],[-1.44705,48.343434],[-1.446528,48.343],[-1.447264,48.342426],[-1.447236,48.342209],[-1.447519,48.34203],[-1.44838,48.341922],[-1.449711,48.341922],[-1.450462,48.34215],[-1.454217,48.342136],[-1.456916,48.341945],[-1.459339,48.341612],[-1.461856,48.34195],[-1.462671,48.340481],[-1.462349,48.340438],[-1.463143,48.338841],[-1.463894,48.338199],[-1.464281,48.337572],[-1.466276,48.336088],[-1.467049,48.335175],[-1.467585,48.334733],[-1.470675,48.330325],[-1.471211,48.329954],[-1.471855,48.329897],[-1.47237,48.329683],[-1.471662,48.329455],[-1.470868,48.328528],[-1.471469,48.327614],[-1.471469,48.327614],[-1.471147,48.326858],[-1.471018,48.326031],[-1.470289,48.32576],[-1.471104,48.324747],[-1.471147,48.324333],[-1.473164,48.324276],[-1.474173,48.323734],[-1.474752,48.323277],[-1.47516,48.323306],[-1.475868,48.323049],[-1.476232,48.322435],[-1.475031,48.322136],[-1.474409,48.321893],[-1.472413,48.322179],[-1.471984,48.32205],[-1.471791,48.321365],[-1.47001,48.320538],[-1.469109,48.320495],[-1.468744,48.320566],[-1.468958,48.320295],[-1.468872,48.320152],[-1.468465,48.319938],[-1.468508,48.319753],[-1.46795,48.319539],[-1.467579,48.319616],[-1.466898,48.320181],[-1.46572,48.320361],[-1.465178,48.32033],[-1.463766,48.32001],[-1.463766,48.32001],[-1.462993,48.320095],[-1.462607,48.319682],[-1.462092,48.319625],[-1.46162,48.31981],[-1.459109,48.319368],[-1.458573,48.318954],[-1.458079,48.318854],[-1.457972,48.319211],[-1.457607,48.319353],[-1.456448,48.319125],[-1.456148,48.318982],[-1.455483,48.318997],[-1.455097,48.319139],[-1.454195,48.319011],[-1.453938,48.319225],[-1.453573,48.318868],[-1.45323,48.318868],[-1.452629,48.31824],[-1.450955,48.317927],[-1.450784,48.317698],[-1.449603,48.317798],[-1.44941,48.317427],[-1.448938,48.317399],[-1.448681,48.318069],[-1.448423,48.318369],[-1.447308,48.317841],[-1.446771,48.317727],[-1.44675,48.317513],[-1.446342,48.317498],[-1.446042,48.317299],[-1.445441,48.31737],[-1.444818,48.316842],[-1.444346,48.316742],[-1.44381,48.316114],[-1.442415,48.315843],[-1.442136,48.315915],[-1.441171,48.315001],[-1.441106,48.314545],[-1.441106,48.314545],[-1.441106,48.314545],[-1.441739,48.313801],[-1.442125,48.31303],[-1.442125,48.31303],[-1.442469,48.312973],[-1.442447,48.312359],[-1.442834,48.311845],[-1.44307,48.311232],[-1.443155,48.31029],[-1.443563,48.309919],[-1.443992,48.30979],[-1.444894,48.308449],[-1.44661,48.308006],[-1.446417,48.307007],[-1.448284,48.304638],[-1.449142,48.30421],[-1.450215,48.30391],[-1.450837,48.303839],[-1.451438,48.302911],[-1.453198,48.303368],[-1.454378,48.303468],[-1.454592,48.302783],[-1.454592,48.302783],[-1.455215,48.302269],[-1.45676,48.301783],[-1.457639,48.303254],[-1.458798,48.304467],[-1.460214,48.304139],[-1.461952,48.304167],[-1.46354,48.304124],[-1.464656,48.304424],[-1.465042,48.303668],[-1.469827,48.299614],[-1.470342,48.2985],[-1.470643,48.298372],[-1.470643,48.297901],[-1.473368,48.295631],[-1.475578,48.29319],[-1.475428,48.286708],[-1.475578,48.286037],[-1.475406,48.285423],[-1.476297,48.285038],[-1.478217,48.284738],[-1.479183,48.284481],[-1.481071,48.283467],[-1.481071,48.283467],[-1.481908,48.283146],[-1.482981,48.283088],[-1.483818,48.282503],[-1.484504,48.280561],[-1.484526,48.279304],[-1.485427,48.278505],[-1.486157,48.278405],[-1.486886,48.278133],[-1.487122,48.277948],[-1.489697,48.277891],[-1.490706,48.277976],[-1.492894,48.278319],[-1.49592,48.27839],[-1.498259,48.278747],[-1.499654,48.279005],[-1.500748,48.279062],[-1.502851,48.279504],[-1.503902,48.278462],[-1.505104,48.277562],[-1.506048,48.277405],[-1.507121,48.276748],[-1.509867,48.276263],[-1.511262,48.275791],[-1.511498,48.275634],[-1.51358,48.274992],[-1.513816,48.274892],[-1.515661,48.274577],[-1.516348,48.274577],[-1.516004,48.274249],[-1.516798,48.272564],[-1.51712,48.271507],[-1.516133,48.270421],[-1.513773,48.265751],[-1.514373,48.260851],[-1.517034,48.255994],[-1.517635,48.255823],[-1.518171,48.255508],[-1.518343,48.254237],[-1.518686,48.253237],[-1.520253,48.253294],[-1.520425,48.252579],[-1.521862,48.252308],[-1.521969,48.251422],[-1.522141,48.251151],[-1.522227,48.249536],[-1.523064,48.248307],[-1.523343,48.248193],[-1.5233,48.247536],[-1.523686,48.245321],[-1.522763,48.244992],[-1.52242,48.244521],[-1.521862,48.244521],[-1.521562,48.242334],[-1.521626,48.240719],[-1.521819,48.239647],[-1.521691,48.238933],[-1.516047,48.234502],[-1.518923,48.234788],[-1.518923,48.234788],[-1.519352,48.233731],[-1.519352,48.233731],[-1.519094,48.233631],[-1.519073,48.233173],[-1.521197,48.232216],[-1.522678,48.232844],[-1.52315,48.233273],[-1.52772,48.230972],[-1.526561,48.229857],[-1.527291,48.2295],[-1.528364,48.229314],[-1.530016,48.2307],[-1.530381,48.231658],[-1.53214,48.2304],[-1.532527,48.2301],[-1.532763,48.229657],[-1.532827,48.229042],[-1.533921,48.227942],[-1.534758,48.227384],[-1.535595,48.22697],[-1.542054,48.219479],[-1.544972,48.21629],[-1.545058,48.214961],[-1.542676,48.213574],[-1.542268,48.213059],[-1.54214,48.212473],[-1.542526,48.212315],[-1.543084,48.212458],[-1.543449,48.212387],[-1.543856,48.212215],[-1.544607,48.212201],[-1.545122,48.212401],[-1.545187,48.210828],[-1.551688,48.211014],[-1.552182,48.210843],[-1.552418,48.210857],[-1.552826,48.210671],[-1.553255,48.210643],[-1.553641,48.210414],[-1.554049,48.210399],[-1.554478,48.209985],[-1.554478,48.209985],[-1.555347,48.210392],[-1.555733,48.209734],[-1.555604,48.209177],[-1.555883,48.208891],[-1.556999,48.209077],[-1.557364,48.208433],[-1.557364,48.208104],[-1.557292,48.20771],[-1.557411,48.207636],[-1.557729,48.207861],[-1.558029,48.207632],[-1.558737,48.20779],[-1.558523,48.207304],[-1.558887,48.207032],[-1.55893,48.206732],[-1.552021,48.203128],[-1.559917,48.199152],[-1.561398,48.197364],[-1.562728,48.19559],[-1.564187,48.192329],[-1.566784,48.18675],[-1.567192,48.186836],[-1.567385,48.18645],[-1.568179,48.186135],[-1.568586,48.185849],[-1.569123,48.185935],[-1.569745,48.185477],[-1.570153,48.185477],[-1.570367,48.18562],[-1.570625,48.18562],[-1.571118,48.185749],[-1.571698,48.185276],[-1.571741,48.184905],[-1.572492,48.184518],[-1.573092,48.184332],[-1.573371,48.183803],[-1.574358,48.183145],[-1.575581,48.183016],[-1.575796,48.182887],[-1.576998,48.183145],[-1.578521,48.183359],[-1.579358,48.183231],[-1.580088,48.183402],[-1.580324,48.183231],[-1.580645,48.183388],[-1.581289,48.18313],[-1.581804,48.183231],[-1.582319,48.183116],[-1.582641,48.18313],[-1.583306,48.18313],[-1.58322,48.183345],[-1.584036,48.183588],[-1.584551,48.183531],[-1.584808,48.183688],[-1.585109,48.183646],[-1.585023,48.183288],[-1.585366,48.183374],[-1.58616,48.183245],[-1.586503,48.182873],[-1.587533,48.182887],[-1.588306,48.182773],[-1.589143,48.182959],[-1.588671,48.182057],[-1.588756,48.181585],[-1.588306,48.180813],[-1.588199,48.180369],[-1.587898,48.179883],[-1.590044,48.180612],[-1.591567,48.178452],[-1.592726,48.178409],[-1.593627,48.177264],[-1.594679,48.176864],[-1.595644,48.176191],[-1.595752,48.175547],[-1.596717,48.174746],[-1.596031,48.169093],[-1.597082,48.163254],[-1.597082,48.163254],[-1.596825,48.160492],[-1.597833,48.160148],[-1.602618,48.159562],[-1.604635,48.159418],[-1.605923,48.159404],[-1.607124,48.159232],[-1.608304,48.159447],[-1.609141,48.159762],[-1.610858,48.159776],[-1.611201,48.160177],[-1.612446,48.160435],[-1.614077,48.160921],[-1.615214,48.161522],[-1.615321,48.161079],[-1.616058,48.160141],[-1.617274,48.159189],[-1.616823,48.158259],[-1.617016,48.158001],[-1.617767,48.157658],[-1.619033,48.155597],[-1.619398,48.154494],[-1.619398,48.154494],[-1.619441,48.153545],[-1.621505,48.151722],[-1.621505,48.150637],[-1.623647,48.150754],[-1.624011,48.150625],[-1.623861,48.149695],[-1.624913,48.149652],[-1.624827,48.148836],[-1.626522,48.148191],[-1.627337,48.147662],[-1.627831,48.146989],[-1.628346,48.145786],[-1.62916,48.145664],[-1.629387,48.145478],[-1.629544,48.145594],[-1.630555,48.146862],[-1.630502,48.147362],[-1.63303,48.148176],[-1.63296,48.148862],[-1.633535,48.148967],[-1.634145,48.149362],[-1.634703,48.149223],[-1.635278,48.149153],[-1.635661,48.148978],[-1.635853,48.149071],[-1.636115,48.148944],[-1.636202,48.149234],[-1.636428,48.149362],[-1.63737,48.149316],[-1.638555,48.149455],[-1.638816,48.149304],[-1.640176,48.149002],[-1.640489,48.148746],[-1.641169,48.148478],[-1.641239,48.148292],[-1.640664,48.147641],[-1.640524,48.147257],[-1.641047,48.146664],[-1.64225,48.145664],[-1.642407,48.145246],[-1.642128,48.145048],[-1.642441,48.144862],[-1.642465,48.144784],[-1.64504,48.145027],[-1.645212,48.145228],[-1.645898,48.145428],[-1.646563,48.145428],[-1.64695,48.145042],[-1.647078,48.144082],[-1.647744,48.143438],[-1.648216,48.142636],[-1.648366,48.141763],[-1.648108,48.141305],[-1.647336,48.140961],[-1.647465,48.140488],[-1.647314,48.140159],[-1.647658,48.139601],[-1.648559,48.139343],[-1.648366,48.138025],[-1.649152,48.137244],[-1.648228,48.137232],[-1.647269,48.137325],[-1.647147,48.137104],[-1.646589,48.136616],[-1.64645,48.136174],[-1.646607,48.135825],[-1.645805,48.135674],[-1.646363,48.134766],[-1.647653,48.134522],[-1.647147,48.133452],[-1.647252,48.132661],[-1.645997,48.132265],[-1.646589,48.131986],[-1.64699,48.132033],[-1.647287,48.132207],[-1.647705,48.132103],[-1.647914,48.132126],[-1.648123,48.131812],[-1.649378,48.131416],[-1.649082,48.131184],[-1.649727,48.131207],[-1.650145,48.131032],[-1.650215,48.130765],[-1.650145,48.130311],[-1.650023,48.130079],[-1.650842,48.129857],[-1.650929,48.12966],[-1.65086,48.129381],[-1.650616,48.12909],[-1.65079,48.128822],[-1.651278,48.128706],[-1.65133,48.128275],[-1.651592,48.128101],[-1.652132,48.128124],[-1.652202,48.127915],[-1.652672,48.127903],[-1.653143,48.127647],[-1.65248,48.127182],[-1.654729,48.125984],[-1.655409,48.126658],[-1.65635,48.127263],[-1.657029,48.127321],[-1.65804,48.127368],[-1.65811,48.127147],[-1.658807,48.126554],[-1.659313,48.126263],[-1.659313,48.127182],[-1.659309,48.12726],[-1.66506,48.127163],[-1.664856,48.127464],[-1.667656,48.128324],[-1.668364,48.1276],[-1.671712,48.12586],[-1.670886,48.125223],[-1.670666,48.124532],[-1.670939,48.123038],[-1.672087,48.122179],[-1.674673,48.121563],[-1.67536,48.121978],[-1.67555,48.121575],[-1.676502,48.121266],[-1.676998,48.121325],[-1.67767,48.121319],[-1.678291,48.12124],[-1.679035,48.121366],[-1.679166,48.121192],[-1.679468,48.121127],[-1.680349,48.120761],[-1.681078,48.120299],[-1.68135,48.120131],[-1.681591,48.119912],[-1.68162,48.119636],[-1.681831,48.119398],[-1.68233,48.119172],[-1.682707,48.118954],[-1.683161,48.118821],[-1.683274,48.118541],[-1.68322,48.118398],[-1.683278,48.118153],[-1.682772,48.11806],[-1.682677,48.118279],[-1.681979,48.118123],[-1.681917,48.117983],[-1.681979,48.117866],[-1.681743,48.117609],[-1.68155,48.117659],[-1.681464,48.117796],[-1.681176,48.117839],[-1.680794,48.117817],[-1.680864,48.117201],[-1.680853,48.114608],[-1.68111,48.114619],[-1.68132,48.114266],[-1.681593,48.113455],[-1.682704,48.113405],[-1.684822,48.112567],[-1.68405,48.111922],[-1.683873,48.111825],[-1.681379,48.111657],[-1.681298,48.110915],[-1.68026,48.110946],[-1.68017,48.109844],[-1.682035,48.10983],[-1.681979,48.107831],[-1.682182,48.107437],[-1.682384,48.1073],[-1.682596,48.106682],[-1.682322,48.106477],[-1.682606,48.106315],[-1.68313,48.106322],[-1.682978,48.105855],[-1.684436,48.105611],[-1.684399,48.104528],[-1.683569,48.104496],[-1.682919,48.104387],[-1.682789,48.104148],[-1.682122,48.10392],[-1.683699,48.102172],[-1.685667,48.100619],[-1.684968,48.100478],[-1.68474,48.100163],[-1.684708,48.099685],[-1.683195,48.099782],[-1.683535,48.09808],[-1.683213,48.098066],[-1.682591,48.097579],[-1.682677,48.096912],[-1.68155,48.09688],[-1.681861,48.093874],[-1.681218,48.093838],[-1.680842,48.093487],[-1.680974,48.093235],[-1.680986,48.092736],[-1.68089,48.092423],[-1.681204,48.091454],[-1.681307,48.090851],[-1.681445,48.090747],[-1.681042,48.090392],[-1.681339,48.090236],[-1.681502,48.089413],[-1.681102,48.089286],[-1.680531,48.089202],[-1.680563,48.088689],[-1.680021,48.088189],[-1.680756,48.087724],[-1.680737,48.087547],[-1.680264,48.087569],[-1.680329,48.087282],[-1.680468,48.087031],[-1.680499,48.086759],[-1.680493,48.086341],[-1.680453,48.086171],[-1.680585,48.085959],[-1.681035,48.086056],[-1.681711,48.085966],[-1.682312,48.086016],[-1.682349,48.084936],[-1.682666,48.08491],[-1.682698,48.08447],[-1.684222,48.083662],[-1.684358,48.082955],[-1.684624,48.082707],[-1.685128,48.082594],[-1.685055,48.082492],[-1.685063,48.081762],[-1.685261,48.081349],[-1.684756,48.081219],[-1.684366,48.08123],[-1.684155,48.080784],[-1.684236,48.080589],[-1.684187,48.080415],[-1.68451,48.080245],[-1.684986,48.080114],[-1.686794,48.080064],[-1.6896,48.079972],[-1.689566,48.079718],[-1.689336,48.079726],[-1.689048,48.079065],[-1.690669,48.078912],[-1.691049,48.078804],[-1.692325,48.078328],[-1.693165,48.077844],[-1.693498,48.077491],[-1.693613,48.077045],[-1.693061,48.076937],[-1.692854,48.076937],[-1.692463,48.076838],[-1.692376,48.076818],[-1.691088,48.076101],[-1.688749,48.075728],[-1.688749,48.07537],[-1.688599,48.074624],[-1.688213,48.074581],[-1.687204,48.072904],[-1.687226,48.070896],[-1.687076,48.06972],[-1.687376,48.06929],[-1.687462,48.065548],[-1.687719,48.064358],[-1.690316,48.064444],[-1.690831,48.064386],[-1.690573,48.064013],[-1.690595,48.063497],[-1.690316,48.063139],[-1.690058,48.06212],[-1.689822,48.061891],[-1.689522,48.060887],[-1.689908,48.060715],[-1.689994,48.060299],[-1.690316,48.06007],[-1.69111,48.059051],[-1.692998,48.058965],[-1.693298,48.058334],[-1.694457,48.057589],[-1.694908,48.057173],[-1.694757,48.056585],[-1.694865,48.055839],[-1.694328,48.05495],[-1.694414,48.05429],[-1.694736,48.054003],[-1.695024,48.053316],[-1.694787,48.052256],[-1.694443,48.051568],[-1.693968,48.049943],[-1.693651,48.047877],[-1.692462,48.047965],[-1.690613,48.047753],[-1.688843,48.047824],[-1.687865,48.048053],[-1.68554,48.04823],[-1.685123,48.047186],[-1.686367,48.046784],[-1.687076,48.046425],[-1.687076,48.046425],[-1.687848,48.046425],[-1.687912,48.045794],[-1.688985,48.045464],[-1.689071,48.044675],[-1.689522,48.04456],[-1.689543,48.044259],[-1.691796,48.044317],[-1.691818,48.043226],[-1.691367,48.042308],[-1.690874,48.041749],[-1.690956,48.0409],[-1.692013,48.041077],[-1.693598,48.041748],[-1.695015,48.042595],[-1.695988,48.042627],[-1.695988,48.042627],[-1.696212,48.041122],[-1.69531,48.041067],[-1.695586,48.040292],[-1.695615,48.039661],[-1.69582,48.039036],[-1.696044,48.038631],[-1.6961,48.038262],[-1.695923,48.037525],[-1.695353,48.037631],[-1.692364,48.03745],[-1.692215,48.037194],[-1.692233,48.036851],[-1.692019,48.036488],[-1.692028,48.036176],[-1.691337,48.035352],[-1.690907,48.034677],[-1.689665,48.034821],[-1.6896,48.034353],[-1.689459,48.034246],[-1.690235,48.033878],[-1.690702,48.033534],[-1.690795,48.033228],[-1.690571,48.032785],[-1.690748,48.032404],[-1.691355,48.032092],[-1.691636,48.031861],[-1.691598,48.031569],[-1.691019,48.031198],[-1.691029,48.030842],[-1.691412,48.030624],[-1.692719,48.030374],[-1.692859,48.030199],[-1.692672,48.029212],[-1.69271,48.029],[-1.693055,48.028869],[-1.694167,48.028981],[-1.694428,48.028725],[-1.694428,48.028488],[-1.694008,48.028132],[-1.693896,48.027882],[-1.694176,48.027576],[-1.694671,48.027457],[-1.69604,48.029072],[-1.697716,48.028438],[-1.698192,48.029468],[-1.697912,48.029618],[-1.69855,48.030392],[-1.698538,48.031711],[-1.699042,48.031611],[-1.699472,48.031661],[-1.699902,48.031673],[-1.699874,48.032017],[-1.700453,48.032035],[-1.701564,48.031779],[-1.702274,48.031704],[-1.70375,48.031848],[-1.703824,48.032142],[-1.704086,48.032373],[-1.704721,48.032529],[-1.705403,48.032485],[-1.705631,48.032631],[-1.705748,48.032972],[-1.706262,48.033285],[-1.707355,48.033403],[-1.707355,48.033572],[-1.709335,48.033647],[-1.70955,48.033266],[-1.709951,48.033103],[-1.710073,48.032903],[-1.709494,48.032301],[-1.710456,48.031692],[-1.710727,48.031935],[-1.71124,48.031679],[-1.711418,48.031673],[-1.711978,48.031248],[-1.711623,48.03093],[-1.71295,48.029968],[-1.712492,48.029525],[-1.718544,48.027982],[-1.71797,48.027365],[-1.717197,48.027278],[-1.716768,48.026963],[-1.716277,48.025668],[-1.715864,48.025083],[-1.720502,48.023404],[-1.721617,48.022657],[-1.721768,48.022299],[-1.721574,48.02039],[-1.721875,48.019414],[-1.721875,48.019414],[-1.723591,48.018452],[-1.724793,48.017849],[-1.724471,48.01762],[-1.727947,48.015725],[-1.726832,48.013414],[-1.726381,48.013084],[-1.724857,48.012495],[-1.724514,48.010342],[-1.724214,48.009524],[-1.7246,48.007686],[-1.725437,48.007715],[-1.725523,48.006768],[-1.725995,48.006538],[-1.726317,48.00549],[-1.725802,48.005562],[-1.725244,48.005519],[-1.724857,48.005318],[-1.724364,48.005318],[-1.723849,48.005074],[-1.723849,48.003652],[-1.724257,48.003494],[-1.726939,48.003609],[-1.727926,48.004112],[-1.729385,48.004341],[-1.729299,48.003552],[-1.729685,48.003408],[-1.729557,48.003021],[-1.729707,48.002733],[-1.730265,48.002518],[-1.730265,48.002518],[-1.7302,48.000924],[-1.73005,47.999201],[-1.730222,47.998483],[-1.730115,47.998239],[-1.730672,47.998297],[-1.732968,47.997852],[-1.734749,47.998426],[-1.735973,47.998483],[-1.736015,47.99867],[-1.737045,47.998641],[-1.737496,47.998311],[-1.738376,48.001212],[-1.740822,48.000881],[-1.740929,48.001269],[-1.751293,48.001212],[-1.75168,48.001097],[-1.751444,47.999445],[-1.751594,47.998053],[-1.751572,47.997694],[-1.751744,47.997206],[-1.751529,47.996617],[-1.751057,47.996459],[-1.750735,47.996588],[-1.749899,47.996646],[-1.749255,47.996473],[-1.748804,47.996445],[-1.748547,47.9961],[-1.749233,47.996157],[-1.749834,47.996028],[-1.750392,47.995511],[-1.750306,47.995253],[-1.750521,47.994851],[-1.750499,47.994492],[-1.750135,47.994406],[-1.750049,47.993386],[-1.750456,47.993099],[-1.751765,47.993673],[-1.752581,47.993343],[-1.752473,47.993142],[-1.752988,47.992797],[-1.752302,47.992797],[-1.752581,47.992022],[-1.753933,47.991031],[-1.754727,47.990155],[-1.754576,47.989738],[-1.753928,47.989591],[-1.752512,47.989562],[-1.751705,47.989761],[-1.751323,47.989705],[-1.750969,47.989477],[-1.748397,47.989695],[-1.748354,47.988432],[-1.748354,47.988432],[-1.74595,47.984985],[-1.74271,47.985258],[-1.742753,47.98385],[-1.743333,47.982744],[-1.742496,47.981107],[-1.744062,47.981193],[-1.745564,47.980877],[-1.744792,47.979714],[-1.744792,47.979714],[-1.744835,47.978636],[-1.745242,47.977602],[-1.746058,47.976582],[-1.746058,47.976338],[-1.745457,47.976022],[-1.745478,47.975735],[-1.74638,47.975692],[-1.74638,47.975462],[-1.744813,47.973867],[-1.744813,47.973523],[-1.740479,47.975189],[-1.739363,47.974327],[-1.738826,47.974629],[-1.738333,47.975146],[-1.738354,47.975376],[-1.738183,47.975878],[-1.736831,47.976137],[-1.736702,47.975763],[-1.73623,47.975045],[-1.736488,47.974499],[-1.736509,47.973365],[-1.736509,47.973365],[-1.736166,47.972776],[-1.735543,47.970261],[-1.735543,47.969227],[-1.735264,47.968107],[-1.7349,47.967719],[-1.734531,47.967643],[-1.734509,47.96727],[-1.735286,47.965693],[-1.735286,47.965693],[-1.7355,47.964184],[-1.73535,47.962762],[-1.73535,47.962762],[-1.736251,47.962645],[-1.73608,47.962242],[-1.73623,47.961768],[-1.736166,47.961409],[-1.736273,47.961194],[-1.736251,47.959929],[-1.736058,47.959714],[-1.735114,47.956782],[-1.7355,47.956854],[-1.737303,47.956696],[-1.736981,47.95536],[-1.738204,47.954756],[-1.740479,47.954138],[-1.741487,47.95398],[-1.743225,47.954569],[-1.743268,47.953879],[-1.74432,47.9526],[-1.744706,47.952327],[-1.745264,47.951637],[-1.746573,47.948318],[-1.746058,47.946852],[-1.745628,47.94642],[-1.744448,47.946277],[-1.743311,47.945515],[-1.742689,47.944595],[-1.74256,47.943977],[-1.742689,47.94333],[-1.743139,47.943158],[-1.743933,47.942698],[-1.744641,47.942051],[-1.744749,47.940973],[-1.744792,47.939995],[-1.744534,47.939737],[-1.744362,47.939823],[-1.742839,47.93978],[-1.742067,47.939492],[-1.740822,47.939435],[-1.739878,47.939147],[-1.739985,47.938328],[-1.74035,47.938285],[-1.741873,47.938543],[-1.743418,47.938328],[-1.743414,47.937881],[-1.743611,47.937437],[-1.745843,47.937365],[-1.748954,47.936991],[-1.751272,47.936818],[-1.751916,47.936344],[-1.751958,47.935812],[-1.754126,47.936373],[-1.754533,47.936128],[-1.753804,47.93597],[-1.7564,47.934806],[-1.75816,47.933799],[-1.759512,47.933339],[-1.761228,47.932045],[-1.761657,47.931283],[-1.7617,47.930867],[-1.762001,47.930708],[-1.762194,47.928983],[-1.76185,47.928307],[-1.760692,47.927416],[-1.759168,47.927143],[-1.757237,47.926194],[-1.754405,47.925144],[-1.753933,47.925331],[-1.752795,47.925532],[-1.752259,47.925935],[-1.7508,47.926424],[-1.749941,47.926711],[-1.749362,47.926438],[-1.748912,47.926841],[-1.748826,47.92743],[-1.748096,47.927272],[-1.747109,47.926726],[-1.746959,47.926381],[-1.746616,47.926079],[-1.74668,47.92569],[-1.74638,47.92536],[-1.744792,47.925877],[-1.743998,47.924281],[-1.744126,47.923318],[-1.744556,47.922958],[-1.744556,47.9227],[-1.745006,47.922656],[-1.745564,47.92188],[-1.745693,47.921348],[-1.746229,47.920715],[-1.746208,47.920255],[-1.748997,47.920226],[-1.749856,47.920126],[-1.75065,47.919752],[-1.75168,47.919637],[-1.752581,47.920039],[-1.753053,47.919996],[-1.753439,47.920126],[-1.754169,47.920083],[-1.755692,47.920773],[-1.756207,47.921564],[-1.757173,47.921808],[-1.758331,47.921751],[-1.758675,47.920701],[-1.759576,47.919579],[-1.761336,47.919479],[-1.761378,47.918342],[-1.762602,47.916387],[-1.763052,47.914388],[-1.762923,47.913539],[-1.762387,47.913021],[-1.76346,47.91259],[-1.763374,47.911741],[-1.763181,47.911209],[-1.761872,47.9099],[-1.761872,47.9099],[-1.761867,47.909404],[-1.761201,47.908541],[-1.760472,47.907894],[-1.760386,47.907232],[-1.759292,47.906168],[-1.758562,47.905909],[-1.757768,47.905449],[-1.756803,47.905103],[-1.756137,47.904485],[-1.755708,47.904255],[-1.755236,47.903794],[-1.755,47.904269],[-1.753455,47.905621],[-1.750365,47.906657],[-1.749013,47.906714],[-1.748391,47.907074],[-1.746717,47.907505],[-1.745881,47.907146],[-1.742576,47.907002],[-1.741181,47.906743],[-1.739915,47.906211],[-1.739615,47.904068],[-1.73983,47.903579],[-1.742233,47.901306],[-1.743499,47.898472],[-1.745001,47.898126],[-1.745194,47.898486],[-1.746911,47.898083],[-1.747962,47.898011],[-1.749335,47.897652],[-1.750451,47.897637],[-1.750601,47.897047],[-1.751481,47.897206],[-1.751953,47.896947],[-1.752468,47.896486],[-1.753455,47.896314],[-1.754871,47.89594],[-1.755579,47.897781],[-1.756137,47.897594],[-1.755665,47.897191],[-1.755386,47.896242],[-1.755301,47.895839],[-1.75573,47.895724],[-1.756116,47.896242],[-1.756545,47.89617],[-1.757039,47.895638],[-1.756996,47.895451],[-1.757382,47.895134],[-1.757875,47.894961],[-1.757275,47.894184],[-1.757511,47.894084],[-1.758133,47.894443],[-1.758948,47.895709],[-1.757833,47.896256],[-1.757511,47.896616],[-1.756481,47.897177],[-1.756588,47.897393],[-1.756137,47.898544],[-1.757747,47.898688],[-1.758283,47.897378],[-1.759463,47.896343],[-1.760965,47.897105],[-1.760622,47.897781],[-1.760686,47.898026],[-1.761352,47.898328],[-1.761502,47.898846],[-1.762489,47.899608],[-1.762918,47.900399],[-1.762231,47.901752],[-1.762038,47.903133],[-1.762746,47.903089],[-1.762875,47.903219],[-1.762918,47.903507],[-1.762982,47.903535],[-1.763648,47.903794],[-1.764763,47.903665],[-1.765493,47.903521],[-1.76618,47.903651],[-1.769227,47.903219],[-1.771008,47.90506],[-1.771544,47.905103],[-1.772531,47.905707],[-1.773518,47.905851],[-1.774999,47.906312],[-1.776136,47.906297],[-1.776458,47.907419],[-1.777338,47.907405],[-1.778797,47.906786],[-1.779226,47.907462],[-1.781758,47.907189],[-1.783024,47.907103],[-1.784011,47.906743],[-1.786908,47.90624],[-1.787251,47.905909],[-1.786843,47.905664],[-1.786221,47.905003],[-1.786157,47.904327],[-1.78635,47.904082],[-1.786157,47.90401],[-1.786242,47.903435],[-1.787272,47.903305],[-1.788538,47.903262],[-1.789397,47.901896],[-1.788002,47.901809],[-1.788474,47.900284],[-1.788324,47.899263],[-1.789976,47.899033],[-1.789955,47.898601],[-1.790384,47.898774],[-1.791049,47.8984],[-1.790341,47.897853],[-1.789976,47.897249],[-1.789483,47.896875],[-1.790942,47.896314],[-1.792787,47.896227],[-1.793602,47.896486],[-1.795255,47.896472],[-1.795512,47.896616],[-1.795019,47.897767],[-1.796435,47.897652],[-1.796585,47.89745],[-1.796907,47.89676],[-1.796692,47.896659],[-1.797851,47.894055],[-1.798216,47.893854],[-1.798602,47.892587],[-1.798216,47.892141],[-1.797143,47.892688],[-1.796413,47.892659],[-1.796242,47.892141],[-1.796478,47.891882],[-1.795963,47.891451],[-1.795147,47.891494],[-1.794611,47.891652],[-1.792615,47.89181],[-1.790105,47.89148],[-1.792186,47.890861],[-1.793688,47.890213],[-1.794783,47.889364],[-1.795233,47.889206],[-1.795276,47.888746],[-1.79504,47.888573],[-1.795126,47.886242],[-1.790448,47.88512],[-1.787852,47.885666],[-1.786629,47.885753],[-1.787058,47.883997],[-1.786479,47.882702],[-1.78665,47.882227],[-1.786521,47.882011],[-1.786843,47.881162],[-1.787208,47.880687],[-1.787165,47.877392],[-1.786865,47.877147],[-1.786994,47.876629],[-1.786178,47.876427],[-1.784311,47.87637],[-1.782659,47.875521],[-1.781865,47.875549],[-1.781565,47.875002],[-1.780878,47.87529],[-1.781136,47.87588],[-1.781178,47.876442],[-1.78193,47.877233],[-1.78135,47.87742],[-1.781243,47.877651],[-1.780964,47.877636],[-1.780621,47.877795],[-1.780234,47.877737],[-1.779397,47.876197],[-1.77914,47.875103],[-1.778174,47.875247],[-1.778046,47.874038],[-1.778432,47.873448],[-1.776479,47.873319],[-1.776694,47.874585],[-1.775299,47.874254],[-1.774763,47.872901],[-1.77414,47.872887],[-1.773819,47.873088],[-1.772939,47.873247],[-1.771608,47.873203],[-1.769763,47.87339],[-1.768261,47.873275],[-1.76824,47.872613],[-1.767252,47.872311],[-1.765901,47.872469],[-1.764613,47.871994],[-1.763864,47.872043],[-1.76251,47.872397],[-1.761673,47.869922],[-1.761824,47.869144],[-1.761416,47.867806],[-1.762317,47.867532],[-1.763884,47.867302],[-1.764463,47.8671],[-1.76648,47.866928],[-1.767145,47.866409],[-1.76678,47.865819],[-1.767918,47.86556],[-1.767446,47.864264],[-1.767875,47.86389],[-1.767295,47.862537],[-1.767274,47.862321],[-1.766888,47.861774],[-1.767081,47.861472],[-1.767038,47.860334],[-1.765278,47.860219],[-1.764914,47.860046],[-1.764463,47.859989],[-1.763927,47.85947],[-1.762939,47.858938],[-1.762532,47.858232],[-1.761201,47.857311],[-1.759935,47.856706],[-1.759184,47.85649],[-1.756717,47.856015],[-1.75824,47.847822],[-1.755429,47.846281],[-1.753541,47.84559],[-1.752189,47.845287],[-1.747468,47.844999],[-1.747468,47.844999],[-1.74653,47.84543],[-1.746122,47.844148],[-1.746015,47.842132],[-1.746272,47.841671],[-1.746508,47.840361],[-1.746723,47.840159],[-1.746573,47.83918],[-1.758868,47.836817],[-1.758739,47.836342],[-1.765391,47.838143],[-1.765026,47.836544],[-1.769382,47.836486],[-1.770219,47.834441],[-1.770262,47.833951],[-1.770755,47.833274],[-1.77082,47.832179],[-1.783673,47.829414],[-1.793543,47.828434],[-1.796011,47.831085],[-1.796569,47.831834],[-1.797878,47.832842],[-1.798779,47.834124],[-1.799873,47.834052],[-1.801826,47.833072],[-1.802599,47.833346],[-1.803393,47.834023],[-1.804659,47.833605],[-1.805839,47.833303],[-1.808049,47.832208],[-1.808843,47.832871],[-1.80968,47.832439],[-1.811289,47.831805],[-1.811868,47.831445],[-1.811847,47.831171],[-1.811182,47.830739],[-1.811632,47.830364],[-1.811031,47.829903],[-1.810002,47.829356],[-1.809079,47.82927],[-1.808564,47.829025],[-1.814164,47.825438],[-1.814679,47.825682],[-1.816053,47.825077],[-1.816353,47.824789],[-1.817319,47.824717],[-1.818177,47.824054],[-1.818263,47.823305],[-1.819421,47.82211],[-1.819615,47.821778],[-1.82176,47.821072],[-1.822662,47.822326],[-1.822662,47.822326],[-1.823337,47.82239],[-1.828874,47.819264],[-1.829131,47.818342],[-1.828916,47.817463],[-1.829753,47.816742],[-1.830655,47.816281],[-1.832006,47.816051],[-1.833122,47.815619],[-1.834839,47.814725],[-1.836534,47.814365],[-1.837371,47.814523],[-1.837757,47.814927],[-1.839538,47.815518],[-1.840568,47.815561],[-1.841469,47.815489],[-1.84325,47.814466],[-1.844859,47.812823],[-1.845632,47.812333],[-1.846147,47.811858],[-1.846426,47.811224],[-1.846812,47.810618],[-1.847134,47.809365],[-1.84707,47.808428],[-1.846834,47.807751],[-1.846726,47.807016],[-1.846576,47.806338],[-1.846404,47.805041],[-1.846125,47.803888],[-1.845353,47.802822],[-1.84428,47.801712],[-1.842993,47.798555],[-1.8481,47.798008],[-1.849494,47.798036],[-1.852713,47.797633],[-1.854043,47.797662],[-1.855073,47.797489],[-1.85576,47.797474],[-1.859944,47.797215],[-1.860352,47.797287],[-1.85988,47.794505],[-1.865845,47.793481],[-1.865566,47.792847],[-1.864772,47.792429],[-1.865244,47.791175],[-1.865116,47.790122],[-1.865352,47.789474],[-1.867347,47.789171],[-1.870544,47.789257],[-1.873763,47.788392],[-1.874943,47.78832],[-1.875759,47.788349],[-1.881445,47.787772],[-1.879363,47.783736],[-1.879793,47.783044],[-1.880651,47.783418],[-1.882754,47.783548],[-1.882174,47.782683],[-1.881917,47.78251],[-1.881445,47.781443],[-1.883054,47.780174],[-1.883376,47.780102],[-1.882968,47.77866],[-1.879213,47.778458],[-1.874857,47.778444],[-1.873505,47.777636],[-1.873849,47.777132],[-1.872368,47.77644],[-1.871724,47.776425],[-1.870716,47.775978],[-1.870566,47.775632],[-1.869214,47.775098],[-1.86842,47.774709],[-1.868098,47.774421],[-1.865094,47.772979],[-1.863742,47.771854],[-1.864107,47.77096],[-1.864214,47.770354],[-1.864901,47.768998],[-1.86606,47.767772],[-1.867583,47.764888],[-1.868184,47.763157],[-1.868635,47.761412],[-1.868463,47.758815],[-1.868699,47.757632],[-1.869514,47.75619],[-1.869493,47.756002],[-1.869686,47.755858],[-1.87018,47.754863],[-1.870072,47.754444],[-1.871167,47.754387],[-1.871403,47.754487],[-1.872261,47.75443],[-1.872776,47.752078],[-1.871832,47.751703],[-1.871145,47.751285],[-1.872368,47.749929],[-1.872862,47.748875],[-1.871639,47.748601],[-1.870952,47.748269],[-1.871274,47.747332],[-1.872497,47.747562],[-1.87299,47.747447],[-1.87342,47.747043],[-1.875844,47.746711],[-1.879342,47.746884],[-1.879299,47.745946],[-1.880501,47.745773],[-1.882239,47.745918],[-1.888633,47.74485],[-1.890264,47.743003],[-1.893955,47.742137],[-1.892302,47.740362],[-1.893826,47.740564],[-1.894963,47.740492],[-1.895779,47.736596],[-1.895306,47.735947],[-1.893826,47.734547],[-1.89462,47.734244],[-1.915498,47.733811],[-1.915648,47.73358],[-1.915391,47.73039],[-1.917022,47.730073],[-1.920004,47.729712],[-1.921099,47.729726],[-1.923566,47.729611],[-1.924103,47.733609],[-1.923738,47.734085],[-1.923888,47.734922],[-1.923867,47.73625],[-1.925412,47.736899],[-1.925648,47.737534],[-1.925347,47.738573],[-1.926592,47.738717],[-1.927879,47.738688],[-1.927965,47.738212],[-1.930004,47.73889],[-1.930347,47.740637],[-1.931398,47.74117],[-1.931248,47.742671],[-1.949401,47.744677],[-1.954744,47.745239],[-1.956289,47.743306],[-1.9641,47.746394],[-1.966825,47.746625],[-1.965902,47.752598],[-1.965323,47.754026],[-1.965022,47.754228],[-1.964808,47.755108],[-1.964786,47.75544],[-1.96425,47.756002],[-1.964422,47.756536],[-1.963799,47.757228],[-1.961546,47.757474],[-1.961246,47.757791],[-1.96204,47.758238],[-1.961997,47.758455],[-1.962812,47.758945],[-1.96307,47.761166],[-1.96307,47.761166],[-1.962254,47.76144],[-1.958607,47.762104],[-1.959165,47.76434],[-1.959057,47.764758],[-1.961718,47.76496],[-1.963864,47.764989],[-1.96543,47.764484],[-1.966889,47.764282],[-1.967576,47.764498],[-1.967984,47.764455],[-1.968327,47.764686],[-1.969378,47.764729],[-1.971288,47.764643],[-1.971674,47.764801],[-1.973348,47.764744],[-1.973606,47.764628],[-1.974657,47.764772],[-1.975515,47.764412],[-1.97603,47.764426],[-1.97691,47.7647],[-1.979034,47.764542],[-1.981438,47.765263],[-1.982296,47.765234],[-1.982575,47.764873],[-1.982854,47.76483],[-1.983111,47.764585],[-1.983219,47.764628],[-1.983476,47.76457],[-1.984098,47.764643],[-1.984442,47.764844],[-1.984613,47.764859],[-1.984742,47.765133],[-1.985021,47.765364],[-1.985257,47.765205],[-1.98603,47.765638],[-1.991115,47.765219],[-1.991566,47.765248],[-1.99236,47.76558],[-1.993411,47.765667],[-1.993668,47.766013],[-1.995149,47.766229],[-1.995256,47.766921],[-1.995364,47.767152],[-1.995235,47.76757],[-1.996501,47.767224],[-1.996458,47.76682],[-1.995449,47.76545],[-1.995857,47.763936],[-1.996587,47.763359],[-1.997316,47.763171],[-1.99884,47.763229],[-1.998904,47.762926],[-1.99781,47.762868],[-1.996801,47.762638],[-1.996587,47.762277],[-1.997638,47.762392],[-1.998046,47.762508],[-1.998496,47.762378],[-1.998539,47.762162],[-1.998582,47.761859],[-1.998067,47.761556],[-1.997917,47.761123],[-1.996758,47.760835],[-1.99811,47.760157],[-1.998625,47.759551],[-1.998389,47.758556],[-1.999312,47.758469],[-1.999591,47.758267],[-1.999848,47.757892],[-2.003861,47.757632],[-2.003925,47.758729],[-2.004054,47.758858],[-2.007938,47.758801],[-2.008152,47.758714],[-2.008388,47.758253],[-2.007938,47.757733],[-2.007831,47.756796],[-2.008024,47.756262],[-2.008345,47.755166],[-2.008453,47.754011],[-2.008303,47.753636],[-2.007165,47.752828],[-2.006436,47.752266],[-2.004741,47.75192],[-2.003968,47.752223],[-2.003882,47.751977],[-2.004633,47.751588],[-2.005492,47.75153],[-2.005384,47.750058],[-2.004934,47.749929],[-2.003582,47.750001],[-1.99914,47.750794],[-1.999762,47.750174],[-2.002123,47.747952],[-2.003947,47.74713],[-2.004698,47.746423],[-2.002509,47.745514],[-2.001222,47.745369],[-1.997531,47.744042],[-1.998325,47.739323],[-1.998775,47.738977],[-1.997617,47.736495],[-1.998239,47.735918],[-1.998926,47.734359],[-1.999162,47.732988],[-2.001222,47.73293],[-2.003367,47.734042],[-2.004784,47.73459],[-2.007294,47.736091],[-2.008753,47.736654],[-2.010749,47.737476],[-2.011993,47.737621],[-2.014439,47.738183],[-2.017594,47.739309],[-2.018538,47.739699],[-2.021413,47.74042],[-2.024117,47.740983],[-2.026756,47.741849],[-2.028387,47.741834],[-2.031412,47.741704],[-2.026778,47.736365],[-2.028044,47.734994],[-2.02931,47.734186],[-2.029267,47.73384],[-2.031327,47.733349],[-2.031455,47.7328],[-2.030511,47.732223],[-2.030554,47.731198],[-2.030211,47.730116],[-2.026992,47.729005],[-2.027099,47.728716],[-2.026735,47.728384],[-2.02725,47.727561],[-2.02725,47.725974],[-2.027636,47.725281],[-2.0274,47.725122],[-2.027336,47.724213],[-2.024675,47.723664],[-2.023816,47.723736],[-2.022486,47.723635],[-2.021842,47.723534],[-2.020276,47.723678],[-2.019611,47.723881],[-2.016735,47.72401],[-2.016607,47.721917],[-2.016607,47.721917],[-2.016263,47.721639],[-2.012873,47.721076],[-2.011114,47.721264],[-2.007444,47.720917],[-2.006243,47.720773],[-2.004612,47.720123],[-2.00356,47.720138],[-2.001586,47.719676],[-2.00032,47.719098],[-1.999741,47.718968],[-1.997252,47.718622],[-1.99517,47.718059],[-1.99472,47.718117],[-1.994634,47.717958],[-1.995922,47.717106],[-1.995492,47.717092],[-1.994527,47.717222],[-1.993218,47.716919],[-1.991458,47.716168],[-1.990471,47.71598],[-1.989677,47.715951],[-1.98869,47.71572],[-1.988583,47.715605],[-1.987274,47.715359],[-1.986952,47.71497],[-1.986974,47.714638],[-1.985772,47.714638],[-1.9856,47.714508],[-1.985107,47.714464],[-1.984957,47.714002],[-1.983691,47.714017],[-1.983433,47.713569],[-1.98397,47.713035],[-1.983905,47.712876],[-1.984742,47.712356],[-1.984957,47.711505],[-1.985407,47.711129],[-1.98663,47.710638],[-1.987253,47.71058],[-1.988712,47.710292],[-1.989699,47.710234],[-1.988197,47.708747],[-1.988025,47.708256],[-1.987124,47.708213],[-1.9856,47.707953],[-1.984892,47.707707],[-1.984678,47.706798],[-1.983991,47.706769],[-1.983455,47.707577],[-1.982811,47.707664],[-1.982811,47.707216],[-1.983154,47.706711],[-1.983047,47.705917],[-1.982789,47.705195],[-1.982918,47.704704],[-1.982339,47.703462],[-1.982789,47.702509],[-1.982296,47.701238],[-1.982489,47.700689],[-1.98309,47.700011],[-1.98339,47.699852],[-1.98354,47.699216],[-1.98354,47.699216],[-1.984206,47.698523],[-1.984935,47.698523],[-1.984935,47.698191],[-1.986544,47.696934],[-1.987532,47.696588],[-1.98721,47.696169],[-1.987746,47.695736],[-1.987939,47.695389],[-1.987768,47.694811],[-1.987403,47.694653],[-1.987296,47.693974],[-1.986287,47.693107],[-1.987253,47.692659],[-1.987253,47.692067],[-1.986952,47.691721],[-1.987403,47.691114],[-1.987832,47.690811],[-1.988948,47.690695],[-1.989205,47.689612],[-1.988733,47.688196],[-1.988819,47.68759],[-1.988755,47.686578],[-1.989463,47.686622],[-1.990343,47.686261],[-1.991866,47.686391],[-1.992681,47.683819],[-1.993218,47.683805],[-1.99399,47.683559],[-1.995192,47.683444],[-1.996844,47.683834],[-1.997145,47.684195],[-1.997509,47.684209],[-1.998175,47.684599],[-2.000106,47.684831],[-2.001136,47.684744],[-2.001479,47.684845],[-2.002252,47.684845],[-2.002359,47.684686],[-2.002917,47.684542],[-2.003281,47.684628],[-2.003796,47.684065],[-2.004033,47.684166],[-2.004054,47.683646],[-2.003496,47.68236],[-2.003603,47.680121],[-2.008818,47.679615],[-2.009311,47.679659],[-2.009397,47.679529],[-2.012165,47.678879],[-2.012401,47.678879],[-2.012723,47.678633],[-2.012573,47.678041],[-2.013002,47.677983],[-2.013603,47.677752],[-2.014418,47.677131],[-2.019096,47.677159],[-2.019096,47.675686],[-2.020727,47.675108],[-2.022078,47.674776],[-2.022851,47.675195],[-2.028687,47.674226],[-2.028687,47.674226],[-2.030383,47.674226],[-2.030511,47.673547],[-2.032528,47.673027],[-2.034738,47.672782],[-2.034674,47.672522],[-2.035747,47.672189],[-2.036369,47.671871],[-2.037592,47.671539],[-2.038837,47.670571],[-2.040275,47.668288],[-2.040832,47.667377],[-2.041455,47.667031],[-2.04227,47.666612],[-2.043429,47.665846],[-2.043429,47.665846],[-2.047162,47.664444],[-2.048557,47.663606],[-2.04963,47.662724],[-2.050188,47.662132],[-2.050317,47.661655],[-2.051969,47.66271],[-2.053943,47.665398],[-2.055381,47.665904],[-2.056239,47.664979],[-2.056625,47.664068],[-2.056518,47.663375],[-2.05669,47.662435],[-2.057119,47.662305],[-2.057011,47.661481],[-2.056003,47.661424],[-2.055939,47.661106],[-2.055359,47.660932],[-2.053171,47.660426],[-2.053278,47.660065],[-2.052548,47.659791],[-2.052248,47.659516],[-2.052634,47.658837],[-2.053814,47.658345],[-2.055059,47.657753],[-2.054909,47.656842],[-2.055574,47.656654],[-2.055145,47.655368],[-2.065874,47.651032],[-2.066753,47.650815],[-2.067612,47.6508],[-2.067612,47.6508],[-2.074296,47.652246],[-2.075175,47.652101],[-2.076742,47.651321],[-2.078694,47.650714],[-2.080969,47.650511],[-2.082471,47.650034],[-2.082471,47.650034],[-2.084445,47.648415],[-2.084964,47.648506],[-2.084964,47.648506],[-2.085265,47.647928],[-2.087432,47.648521],[-2.090887,47.643606],[-2.091058,47.642608],[-2.091402,47.641957],[-2.091638,47.641263],[-2.091638,47.640266],[-2.091723,47.639789],[-2.092067,47.639716],[-2.092646,47.639789],[-2.093247,47.638762],[-2.093891,47.638141],[-2.094685,47.637692],[-2.100779,47.635654],[-2.10213,47.635798],[-2.102238,47.635191],[-2.103632,47.634801],[-2.103911,47.635552],[-2.104019,47.636116],[-2.104255,47.63629],[-2.105392,47.636434],[-2.105285,47.636695],[-2.105134,47.637042],[-2.10477,47.637403],[-2.104641,47.637851],[-2.105714,47.638748],[-2.105971,47.639239],[-2.108482,47.641769],[-2.109576,47.641769],[-2.113996,47.640916],[-2.114533,47.640945],[-2.115606,47.641162],[-2.116292,47.641191],[-2.116979,47.641047],[-2.118374,47.64135],[-2.11876,47.641162],[-2.119425,47.640671],[-2.11846,47.639803],[-2.11743,47.639456],[-2.115177,47.637244],[-2.114254,47.636261],[-2.113911,47.63548],[-2.11361,47.63522],[-2.113546,47.63496],[-2.111293,47.634555],[-2.111658,47.633716],[-2.111658,47.633152],[-2.111314,47.632342],[-2.110971,47.631431],[-2.110413,47.630332],[-2.11213,47.629942],[-2.111786,47.628886],[-2.111057,47.628698],[-2.111529,47.627223],[-2.111872,47.626934],[-2.112065,47.626645],[-2.112001,47.626182],[-2.112173,47.625849],[-2.11243,47.625792],[-2.112494,47.62436],[-2.11213,47.623926],[-2.111593,47.623767],[-2.109662,47.624533],[-2.108568,47.625445],[-2.10743,47.626052],[-2.106658,47.626009],[-2.107752,47.624085],[-2.10846,47.623651],[-2.10889,47.623217],[-2.109769,47.620397],[-2.109984,47.620209],[-2.110628,47.620021],[-2.111293,47.620064],[-2.11213,47.62005],[-2.111958,47.619529],[-2.112173,47.61924],[-2.112623,47.618907],[-2.112473,47.618184],[-2.112194,47.617461],[-2.11228,47.615667],[-2.111872,47.615147],[-2.11228,47.613715],[-2.113267,47.612731],[-2.112881,47.611689],[-2.112645,47.611545],[-2.112645,47.611125],[-2.113117,47.610937],[-2.113353,47.61085],[-2.113567,47.610359],[-2.112516,47.609982],[-2.113396,47.609303],[-2.113996,47.608044],[-2.115155,47.607205],[-2.112473,47.606351],[-2.111314,47.605744],[-2.11007,47.605281],[-2.109405,47.604688],[-2.108546,47.603805],[-2.108332,47.602865],[-2.107087,47.601259],[-2.106594,47.601071],[-2.105092,47.599855],[-2.104212,47.599218],[-2.103718,47.599349],[-2.103697,47.599493],[-2.103117,47.599653],[-2.102002,47.599754],[-2.100585,47.599479],[-2.099062,47.599624],[-2.097839,47.599363],[-2.09786,47.598929],[-2.099169,47.598119],[-2.09992,47.598104],[-2.100092,47.597714],[-2.10153,47.597019],[-2.102238,47.597048],[-2.10359,47.596773],[-2.104147,47.59712],[-2.104791,47.596614],[-2.104426,47.59576],[-2.104147,47.59466],[-2.104319,47.593937],[-2.104684,47.593329],[-2.105263,47.593257],[-2.105628,47.592215],[-2.106958,47.591593],[-2.107602,47.591361],[-2.107795,47.590681],[-2.107795,47.590247],[-2.106894,47.590044],[-2.106787,47.589813],[-2.106658,47.589625],[-2.106679,47.588525],[-2.107087,47.587222],[-2.108439,47.585442],[-2.109598,47.585543],[-2.10992,47.585514],[-2.110606,47.585688],[-2.110456,47.586716],[-2.115177,47.587309],[-2.115692,47.587584],[-2.115584,47.588525],[-2.116657,47.588568],[-2.120026,47.589104],[-2.120112,47.589581],[-2.121528,47.589046],[-2.12215,47.589046],[-2.124725,47.589711],[-2.125755,47.589784],[-2.126313,47.589697],[-2.126957,47.589798],[-2.127644,47.58974],[-2.12818,47.589827],[-2.129382,47.590348],[-2.130433,47.589957],[-2.131141,47.589842],[-2.131699,47.589943],[-2.132386,47.590247],[-2.1326,47.590522],[-2.132472,47.591043],[-2.132879,47.59126],[-2.134295,47.590782],[-2.136291,47.591086],[-2.135926,47.592143],[-2.135604,47.592446],[-2.135347,47.593517],[-2.134317,47.594574],[-2.135325,47.594993],[-2.135926,47.59576],[-2.136677,47.595876],[-2.136484,47.597077],[-2.135905,47.597251],[-2.13569,47.597395],[-2.136205,47.597395],[-2.136527,47.5978],[-2.136506,47.598061],[-2.136935,47.598133],[-2.137385,47.597772],[-2.137557,47.597815],[-2.137342,47.598365],[-2.138158,47.598336],[-2.140797,47.598191],[-2.140711,47.598538],[-2.139917,47.599334],[-2.139853,47.599681],[-2.139617,47.599942],[-2.13951,47.600304],[-2.138051,47.60055],[-2.138008,47.601562],[-2.139317,47.601548],[-2.141613,47.600853],[-2.144187,47.601099],[-2.144381,47.601418],[-2.144917,47.60162],[-2.146612,47.601172],[-2.147642,47.601215],[-2.148136,47.601085],[-2.149745,47.601042],[-2.151869,47.600608],[-2.152256,47.60039],[-2.153049,47.600347],[-2.153479,47.600434],[-2.154509,47.600853],[-2.154723,47.600564],[-2.154702,47.599812],[-2.157341,47.599247],[-2.157749,47.598683],[-2.158907,47.598669],[-2.160088,47.598915],[-2.161032,47.599204],[-2.161504,47.598654],[-2.162169,47.597164],[-2.163778,47.597164],[-2.165001,47.597728],[-2.170151,47.598567],[-2.170173,47.598104],[-2.1694,47.596947],[-2.168671,47.596932],[-2.168349,47.596715],[-2.168263,47.595731],[-2.168134,47.595384],[-2.168499,47.593691],[-2.170859,47.593474],[-2.172726,47.593228],[-2.173863,47.594574],[-2.174164,47.595124],[-2.174228,47.595847],[-2.173885,47.59686],[-2.174507,47.597873],[-2.175129,47.599146],[-2.176031,47.599233],[-2.176782,47.599638],[-2.177597,47.598669],[-2.177855,47.597829],[-2.178091,47.597627],[-2.178842,47.597424],[-2.178992,47.597236],[-2.179979,47.597468],[-2.181159,47.597598],[-2.18118,47.599175],[-2.181095,47.600087],[-2.181138,47.600521],[-2.18324,47.600839],[-2.184013,47.600665],[-2.183863,47.599812],[-2.18427,47.598162],[-2.184206,47.597222],[-2.184335,47.595688],[-2.18515,47.594849],[-2.185815,47.594009],[-2.195407,47.596411],[-2.194785,47.598249],[-2.19354,47.599667],[-2.194398,47.599681],[-2.195214,47.599899],[-2.195729,47.600217],[-2.19663,47.601099],[-2.197381,47.601533],[-2.201072,47.603082],[-2.200943,47.602011],[-2.200814,47.601794],[-2.200385,47.601389],[-2.2006,47.600752],[-2.20075,47.600231],[-2.204355,47.600101],[-2.205299,47.598104],[-2.207144,47.598264],[-2.208689,47.598249],[-2.208818,47.5989],[-2.209826,47.599783],[-2.209934,47.600347],[-2.210728,47.599855],[-2.211157,47.599566],[-2.213238,47.599305],[-2.212573,47.599624],[-2.211607,47.600029],[-2.211629,47.600304],[-2.213324,47.601128],[-2.214955,47.601606],[-2.215727,47.601924],[-2.217036,47.602199],[-2.217165,47.601635],[-2.217058,47.600709],[-2.216586,47.600173],[-2.21768,47.600087],[-2.21901,47.60013],[-2.219568,47.600347],[-2.22077,47.599378],[-2.220362,47.599175],[-2.219482,47.598292],[-2.218903,47.597395],[-2.221178,47.596701],[-2.222701,47.596382],[-2.224546,47.596209],[-2.226263,47.596498],[-2.22813,47.597005],[-2.228859,47.597019],[-2.229289,47.59741],[-2.231499,47.597714],[-2.232228,47.597497],[-2.233258,47.597048],[-2.234031,47.59686],[-2.235597,47.596788],[-2.236198,47.596556],[-2.236434,47.596223],[-2.236498,47.595587],[-2.236219,47.595326],[-2.235383,47.595051],[-2.234825,47.594617],[-2.234653,47.594371],[-2.237593,47.593705],[-2.238065,47.59372],[-2.238902,47.593242],[-2.239588,47.592996],[-2.239953,47.592721],[-2.24006,47.592316],[-2.238987,47.591868],[-2.23873,47.591564],[-2.238172,47.591202],[-2.237936,47.590855],[-2.238172,47.590478],[-2.239052,47.590305],[-2.239889,47.59003],[-2.239138,47.588858],[-2.238344,47.586759],[-2.236691,47.585514],[-2.238258,47.585833],[-2.238816,47.586296],[-2.239588,47.58631],[-2.239996,47.586527],[-2.23991,47.585891],[-2.239974,47.585109],[-2.240768,47.584704],[-2.241412,47.584545],[-2.241348,47.584863],[-2.244073,47.584284],[-2.244631,47.583937],[-2.245446,47.583937],[-2.247442,47.583575],[-2.247914,47.585992],[-2.249223,47.585833],[-2.24963,47.584979],[-2.249759,47.584429],[-2.250381,47.584313],[-2.249952,47.584096],[-2.249394,47.582113],[-2.26302,47.582055],[-2.265895,47.582243],[-2.266646,47.5822],[-2.269393,47.582301],[-2.269886,47.581954],[-2.269715,47.581664],[-2.26965,47.581042],[-2.269479,47.580318],[-2.269758,47.579768],[-2.270316,47.579928],[-2.27214,47.579681],[-2.272483,47.579739],[-2.272805,47.580217],[-2.272612,47.580825],[-2.272826,47.581187],[-2.273491,47.581332],[-2.273534,47.581476],[-2.2748,47.581447],[-2.276216,47.581491],[-2.276667,47.581375],[-2.277354,47.580926],[-2.277654,47.580564],[-2.278791,47.580608],[-2.279049,47.580709],[-2.280508,47.580347],[-2.281431,47.58013],[-2.282182,47.579797],[-2.282225,47.579262],[-2.282761,47.579377],[-2.283362,47.579377],[-2.283469,47.579812],[-2.283813,47.580463],[-2.284735,47.581028],[-2.284778,47.581968],[-2.284349,47.582735],[-2.284564,47.583691],[-2.283984,47.585905],[-2.283169,47.587656],[-2.280336,47.592345],[-2.283512,47.592519],[-2.285186,47.592837],[-2.289177,47.593778],[-2.291258,47.593966],[-2.292095,47.593734],[-2.292438,47.593445],[-2.292889,47.59207],[-2.293404,47.591607],[-2.294928,47.591636],[-2.296043,47.591376],[-2.297266,47.590594],[-2.29864,47.591101],[-2.298769,47.591433],[-2.298554,47.591954],[-2.299305,47.592172],[-2.299691,47.592504],[-2.300871,47.592852],[-2.301966,47.592982],[-2.303382,47.593228],[-2.305163,47.593416],[-2.30482,47.593025],[-2.305313,47.592128],[-2.305313,47.59113],[-2.304519,47.591159],[-2.302223,47.589856],[-2.299219,47.588438],[-2.297867,47.588221],[-2.296494,47.586831],[-2.295979,47.586122],[-2.295936,47.585399],[-2.295378,47.585181],[-2.29467,47.58508],[-2.294928,47.584357],[-2.294713,47.583633],[-2.293683,47.581882],[-2.293125,47.582012],[-2.292396,47.581722],[-2.291065,47.581751],[-2.290679,47.581824],[-2.29025,47.581447],[-2.290593,47.580999],[-2.29231,47.580796],[-2.293082,47.581071],[-2.294112,47.581114],[-2.294284,47.580854],[-2.294649,47.580695],[-2.295636,47.58097],[-2.295443,47.580651],[-2.295571,47.579783],[-2.295443,47.578712],[-2.294842,47.576642],[-2.294863,47.576063],[-2.294177,47.57518],[-2.294134,47.574383],[-2.293704,47.573935],[-2.29364,47.573095],[-2.292632,47.571705],[-2.292996,47.571387],[-2.29319,47.570012],[-2.293168,47.568955],[-2.292503,47.568839],[-2.292438,47.568491],[-2.290851,47.569071],[-2.288619,47.56868],[-2.288297,47.568376],[-2.288748,47.567073],[-2.289113,47.567],[-2.289649,47.565871],[-2.289778,47.56464],[-2.289713,47.56409],[-2.290421,47.562468],[-2.291409,47.562555],[-2.291924,47.562468],[-2.29246,47.562555],[-2.292803,47.562425],[-2.292632,47.562063],[-2.292846,47.562077],[-2.293855,47.562425],[-2.2957,47.562787],[-2.295807,47.562063],[-2.296666,47.560948],[-2.297116,47.560731],[-2.297567,47.560296],[-2.29864,47.559587],[-2.299155,47.559514],[-2.299927,47.559124],[-2.301858,47.559963],[-2.30203,47.559645],[-2.302481,47.559543],[-2.302996,47.558371],[-2.303682,47.557704],[-2.302695,47.5574],[-2.301966,47.556937],[-2.302395,47.556097],[-2.30379,47.556039],[-2.304948,47.556401],[-2.305656,47.556749],[-2.307287,47.55727],[-2.307888,47.557256],[-2.30924,47.557371],[-2.309519,47.556908],[-2.309476,47.5563],[-2.309133,47.556054],[-2.307952,47.555851],[-2.307158,47.555474],[-2.306365,47.555243],[-2.305571,47.554866],[-2.30424,47.554692],[-2.304455,47.554591],[-2.305592,47.554432],[-2.306794,47.554533],[-2.307974,47.555069],[-2.310356,47.555272],[-2.311042,47.555098],[-2.311643,47.555156],[-2.312351,47.555605],[-2.312909,47.555822],[-2.314862,47.555561],[-2.315119,47.555735],[-2.31587,47.555706],[-2.316342,47.555764],[-2.317909,47.555836],[-2.319797,47.556314],[-2.321514,47.556951],[-2.324368,47.557444],[-2.325998,47.557429],[-2.32499,47.556387],[-2.325376,47.556343],[-2.328831,47.556836],[-2.332071,47.557024],[-2.333959,47.557415],[-2.334581,47.557183],[-2.335268,47.557183],[-2.335525,47.556792],[-2.334968,47.555098],[-2.335847,47.555069],[-2.336341,47.554881],[-2.336491,47.554345],[-2.336877,47.55433],[-2.336083,47.552332],[-2.335139,47.551883],[-2.334903,47.551202],[-2.334989,47.550594],[-2.336319,47.55071],[-2.337328,47.55042],[-2.337864,47.549609],[-2.338444,47.549073],[-2.338766,47.548422],[-2.338143,47.548016],[-2.337135,47.546959],[-2.337371,47.546292],[-2.336963,47.54567],[-2.337306,47.545655],[-2.337693,47.545467],[-2.337693,47.544902],[-2.337392,47.54454],[-2.337564,47.543801],[-2.337178,47.543062],[-2.336985,47.542874],[-2.336856,47.542338],[-2.335547,47.542309],[-2.334646,47.54202],[-2.327586,47.537848],[-2.317544,47.530648],[-2.313939,47.529489],[-2.312523,47.529257],[-2.311944,47.529344],[-2.311579,47.529604],[-2.311128,47.529633],[-2.308146,47.528402],[-2.306365,47.527373],[-2.306236,47.526852],[-2.306493,47.526388],[-2.307008,47.526026],[-2.306837,47.525736],[-2.307223,47.525403],[-2.308213,47.52464],[-2.308144,47.524287],[-2.308405,47.524028],[-2.308283,47.523934],[-2.3079,47.523981],[-2.307447,47.524158],[-2.307307,47.524652],[-2.306209,47.525547],[-2.306017,47.525994],[-2.305599,47.526323],[-2.30532,47.526747],[-2.304885,47.527018],[-2.304693,47.527324],[-2.304641,47.527677],[-2.304013,47.527736],[-2.303734,47.5279],[-2.303786,47.528101],[-2.303298,47.528524],[-2.302932,47.529207],[-2.302026,47.530525],[-2.301922,47.531254],[-2.298575,47.531666],[-2.298349,47.531525],[-2.29549,47.531078],[-2.295525,47.530831],[-2.29366,47.529607],[-2.294026,47.529336],[-2.295072,47.52956],[-2.295891,47.529607],[-2.296501,47.528089],[-2.298924,47.528607],[-2.299238,47.527983],[-2.299586,47.526806],[-2.300161,47.525994],[-2.30051,47.525347],[-2.301503,47.525382],[-2.301869,47.524946],[-2.301956,47.524699],[-2.302793,47.524405],[-2.303386,47.523711],[-2.303446,47.523664],[-2.304133,47.522896],[-2.304412,47.521997],[-2.304283,47.521389],[-2.30379,47.520954],[-2.304927,47.520853],[-2.305807,47.520635],[-2.30688,47.51852],[-2.306407,47.518128],[-2.305249,47.517998],[-2.304691,47.517795],[-2.303468,47.517679],[-2.303489,47.517505],[-2.304626,47.517346],[-2.305807,47.517476],[-2.306944,47.517636],[-2.307459,47.517824],[-2.308253,47.516911],[-2.308253,47.516157],[-2.308703,47.515766],[-2.308532,47.514955],[-2.30924,47.515013],[-2.310956,47.514679],[-2.310678,47.513911],[-2.31278,47.513476],[-2.31278,47.512926],[-2.312587,47.512273],[-2.313939,47.512013],[-2.314647,47.512186],[-2.315162,47.512505],[-2.316128,47.512984],[-2.316407,47.513317],[-2.317329,47.513433],[-2.31954,47.513042],[-2.320527,47.512418],[-2.321535,47.512085],[-2.321235,47.511505],[-2.321557,47.511317],[-2.321557,47.510955],[-2.320698,47.509694],[-2.320806,47.509462],[-2.321278,47.509041],[-2.321514,47.509215],[-2.321707,47.509665],[-2.322501,47.509549],[-2.322608,47.510259],[-2.323273,47.510839],[-2.323659,47.510766],[-2.324496,47.510375],[-2.32514,47.509766],[-2.325376,47.509694],[-2.326706,47.508433],[-2.327136,47.508389],[-2.32735,47.508099],[-2.327307,47.507737],[-2.327779,47.507867],[-2.329131,47.508549],[-2.331556,47.508809],[-2.33235,47.509041],[-2.332822,47.509331],[-2.332908,47.50952],[-2.333938,47.510012],[-2.334388,47.510012],[-2.334968,47.509665],[-2.335418,47.51007],[-2.335998,47.510128],[-2.336234,47.510462],[-2.336985,47.510433],[-2.337178,47.510737],[-2.337993,47.510998],[-2.338637,47.511273],[-2.339452,47.511375],[-2.339881,47.511665],[-2.341469,47.512447],[-2.342349,47.512085],[-2.343722,47.512157],[-2.344366,47.512389],[-2.345203,47.512578],[-2.345675,47.512766],[-2.347284,47.513085],[-2.3481,47.513302],[-2.349494,47.512868],[-2.349241,47.512187],[-2.348753,47.51161],[-2.349816,47.511795],[-2.350353,47.511665],[-2.350632,47.511418],[-2.350782,47.510752],[-2.351125,47.510795],[-2.351511,47.510679],[-2.351855,47.509853],[-2.352262,47.509592],[-2.352541,47.508896],[-2.352541,47.508375],[-2.354001,47.508331],[-2.353765,47.504606],[-2.354644,47.504765],[-2.354902,47.505186],[-2.355867,47.50565],[-2.356704,47.505592],[-2.35709,47.505374],[-2.358185,47.505055],[-2.357155,47.504113],[-2.35694,47.500823],[-2.355417,47.499416],[-2.355417,47.499416],[-2.356254,47.49888],[-2.356747,47.49788],[-2.356211,47.497416],[-2.353958,47.496662],[-2.353614,47.496662],[-2.353185,47.495894],[-2.35267,47.495444],[-2.352241,47.495314],[-2.350932,47.495415],[-2.349881,47.495198],[-2.350224,47.494951],[-2.348357,47.494618],[-2.347113,47.493965],[-2.346233,47.493153],[-2.34546,47.491892],[-2.345396,47.491138],[-2.345246,47.490776],[-2.345696,47.4905],[-2.345825,47.490167],[-2.345761,47.489746],[-2.346083,47.489732],[-2.346662,47.489978],[-2.347435,47.490094],[-2.347928,47.489413],[-2.348443,47.489384],[-2.348593,47.488731],[-2.349173,47.488325],[-2.34943,47.487673],[-2.349816,47.487383],[-2.350589,47.487861],[-2.351597,47.486919],[-2.350911,47.486078],[-2.349344,47.485121],[-2.352434,47.483381],[-2.354344,47.483497],[-2.354301,47.482467],[-2.353335,47.481539],[-2.352284,47.481017],[-2.350396,47.479784],[-2.347091,47.477304],[-2.347413,47.476884],[-2.346405,47.47671],[-2.346855,47.475303],[-2.347413,47.475172],[-2.348529,47.474578],[-2.34692,47.472953],[-2.347048,47.471923],[-2.346855,47.471822],[-2.347585,47.469893],[-2.348228,47.469283],[-2.349258,47.467746],[-2.349816,47.467978],[-2.350782,47.468181],[-2.351404,47.468428],[-2.352069,47.467253],[-2.353013,47.467427],[-2.353292,47.467151],[-2.352327,47.4666],[-2.350782,47.464206],[-2.350374,47.462785],[-2.350117,47.460899],[-2.349773,47.459448],[-2.34958,47.457707],[-2.351125,47.456024],[-2.35119,47.455705],[-2.351554,47.455473],[-2.352499,47.454573],[-2.352971,47.454428],[-2.353056,47.453529],[-2.353099,47.451976],[-2.35267,47.450264],[-2.35179,47.447042],[-2.352262,47.446288],[-2.352305,47.445678],[-2.350846,47.44205],[-2.345718,47.432849],[-2.342521,47.433473],[-2.333616,47.432573],[-2.33014,47.431644],[-2.327479,47.431107],[-2.325397,47.430221],[-2.324475,47.430163],[-2.323638,47.42906],[-2.322501,47.425503],[-2.316321,47.425779],[-2.309776,47.425141],[-2.307394,47.425489],[-2.306193,47.425953],[-2.303468,47.422614],[-2.299219,47.423703],[-2.295035,47.42456],[-2.295056,47.42154],[-2.294177,47.4217],[-2.293361,47.421598],[-2.292803,47.421671],[-2.292245,47.421584],[-2.289928,47.421598],[-2.289434,47.421192],[-2.288769,47.421032],[-2.28849,47.421351],[-2.288748,47.421932],[-2.287568,47.424313],[-2.284156,47.423761],[-2.28422,47.423006],[-2.283362,47.422745],[-2.282139,47.422585],[-2.276774,47.420088]]],"type":"MultiLineString"},"properties":{"geo_point":{"lon":-1.852359438640536,"lat":47.93271693594529},"name":"GR39 Du Mont St Michel (Manche) à Hoscas (Loire-Atlantique) (2020)","code_gr":"GR39"}}]}