{"type":"FeatureCollection","features":[{"type":"Feature","geometry":{"coordinates":[[[4.975704,45.770452],[4.976434,45.774628],[4.976498,45.775781],[4.975812,45.777756],[4.976756,45.778145],[4.978387,45.779103],[4.979138,45.779253],[4.98006,45.779208],[4.980682,45.779043],[4.983579,45.779118],[4.984674,45.779447],[4.985189,45.779402],[4.985382,45.779687],[4.986133,45.779881],[4.987377,45.780869],[4.988193,45.781946],[4.988793,45.781797],[4.988922,45.782201],[4.989952,45.783383],[4.99066,45.784685],[4.990596,45.785358],[4.990296,45.786226],[4.989716,45.786959],[4.989695,45.787528],[4.989287,45.787632],[4.989351,45.788291],[4.991175,45.788897],[4.992913,45.789233],[4.992248,45.790774],[4.991497,45.793273],[4.99139,45.793812],[4.991089,45.79462],[4.992849,45.79453],[4.9939,45.794156],[4.994673,45.793288],[4.995102,45.7926],[4.995939,45.791897],[4.996239,45.791193],[4.997055,45.79076],[4.997977,45.790415],[4.998921,45.789338],[4.999866,45.788261],[5.000917,45.787528],[5.002033,45.786929],[5.004157,45.786286],[5.007269,45.785792],[5.009543,45.785897],[5.010487,45.786106],[5.011174,45.78648],[5.012375,45.786375],[5.014392,45.785717],[5.015895,45.785283],[5.017568,45.785253],[5.019135,45.785433],[5.021409,45.786181],[5.022332,45.786839],[5.023233,45.787752],[5.024306,45.788351],[5.025615,45.789114],[5.026259,45.789278],[5.026452,45.789877],[5.030678,45.794185],[5.031579,45.794858],[5.032524,45.795218],[5.034648,45.795457],[5.036922,45.796025],[5.038746,45.796848],[5.04012,45.79818],[5.041214,45.799197],[5.042201,45.799825],[5.043338,45.800379],[5.04454,45.801261],[5.04911,45.802817],[5.050333,45.803101],[5.051041,45.803565],[5.053209,45.804283],[5.054539,45.804403],[5.055247,45.804612],[5.056063,45.804687],[5.057178,45.804971],[5.060225,45.805569],[5.062436,45.806243],[5.066512,45.807454],[5.068744,45.807873],[5.070933,45.808082],[5.072392,45.808666],[5.074945,45.809428],[5.077027,45.809608],[5.078143,45.809862],[5.078014,45.809279],[5.078722,45.806826],[5.079065,45.806407],[5.079409,45.805839],[5.080117,45.805076],[5.080825,45.80373],[5.082241,45.802578],[5.083507,45.80189],[5.084322,45.800828],[5.084601,45.799885],[5.085438,45.799167],[5.086704,45.798823],[5.087026,45.79806],[5.087176,45.797312],[5.088056,45.79601],[5.08915,45.795023],[5.091382,45.792255],[5.090931,45.792091],[5.090094,45.791298],[5.090588,45.790535],[5.091081,45.789128],[5.090052,45.787946],[5.088914,45.787363],[5.088786,45.786973],[5.089215,45.784534],[5.089515,45.784175],[5.090738,45.78428],[5.095087,45.783288],[5.0997,45.782255],[5.103391,45.781507],[5.106738,45.780235],[5.106926,45.780559],[5.109093,45.779691],[5.109844,45.779526],[5.111046,45.779347],[5.112011,45.778943],[5.113878,45.778598],[5.116716,45.778215],[5.117016,45.777885],[5.118433,45.777661],[5.118991,45.777362],[5.118561,45.776464],[5.120214,45.775955],[5.121171,45.775235],[5.122051,45.774726],[5.122845,45.773948],[5.124519,45.77311],[5.125463,45.772407],[5.126592,45.771874],[5.127064,45.771425],[5.127407,45.771529],[5.128609,45.770886],[5.130432,45.770108],[5.131269,45.769314],[5.133093,45.768042],[5.134595,45.767279],[5.13717,45.76638],[5.137556,45.765722],[5.14453,45.760962],[5.144938,45.760468],[5.145839,45.760004],[5.146805,45.759989],[5.148135,45.759809],[5.149079,45.75945],[5.149337,45.759105],[5.150581,45.757997],[5.151032,45.757848],[5.153156,45.757459],[5.154894,45.756785],[5.155838,45.75662],[5.156461,45.756336],[5.158799,45.756216],[5.159958,45.75683],[5.160902,45.758147],[5.161482,45.758162],[5.162168,45.758686],[5.162533,45.75912],[5.165473,45.76156],[5.166031,45.761725],[5.170494,45.761156],[5.170902,45.760782],[5.171781,45.760483],[5.172468,45.760453],[5.175215,45.760962],[5.171502,45.757923],[5.170236,45.756695],[5.169571,45.755976],[5.170236,45.755737],[5.170451,45.755437],[5.170344,45.754868],[5.171846,45.754255],[5.171953,45.754015],[5.171223,45.753147],[5.17103,45.752668],[5.170966,45.75147],[5.17073,45.751036],[5.170794,45.750736],[5.171846,45.750691],[5.173133,45.750916],[5.174855,45.75092],[5.174869,45.751572],[5.175634,45.751552],[5.176157,45.751838],[5.175832,45.752125],[5.176667,45.752589],[5.177304,45.752698],[5.177474,45.753231],[5.177382,45.753356],[5.177573,45.753962],[5.178338,45.754456],[5.178862,45.754928],[5.180193,45.755363],[5.1806,45.755632],[5.180686,45.755946],[5.181223,45.756261],[5.181266,45.75674],[5.181158,45.757593],[5.181351,45.757953],[5.181133,45.758444],[5.181262,45.759118],[5.181155,45.759597],[5.181498,45.760645],[5.181927,45.761228],[5.183815,45.762186],[5.184244,45.762785],[5.184094,45.763998],[5.183601,45.764656],[5.183644,45.76527],[5.183043,45.766168],[5.183923,45.766318],[5.184953,45.766198],[5.188772,45.766333],[5.191712,45.766842],[5.195467,45.766528],[5.196733,45.767126],[5.198943,45.768803],[5.199909,45.769252],[5.201196,45.769207],[5.20553,45.768833],[5.205724,45.770569],[5.20596,45.770883],[5.20596,45.771407],[5.208234,45.771048],[5.210609,45.77014],[5.210309,45.769765],[5.211103,45.768942],[5.21312,45.76758],[5.213527,45.767415],[5.214128,45.766562],[5.214579,45.765395],[5.216403,45.763239],[5.221188,45.765859],[5.222218,45.765814],[5.222368,45.766308],[5.22269,45.766502],[5.223398,45.766592],[5.224364,45.76746],[5.226509,45.768418],[5.227818,45.767146],[5.228655,45.767879],[5.233761,45.762992],[5.232817,45.762603],[5.234727,45.760792],[5.234856,45.759549],[5.236701,45.758651],[5.237087,45.757783],[5.236615,45.756735],[5.240564,45.755747],[5.243138,45.754489],[5.243868,45.75383],[5.245091,45.752108],[5.246379,45.749967],[5.247044,45.747317],[5.2464,45.746928],[5.2461,45.746329],[5.245649,45.745984],[5.245649,45.745565],[5.246057,45.744637],[5.246057,45.744113],[5.24625,45.743573],[5.246121,45.743229],[5.246293,45.742855],[5.246572,45.742645],[5.246336,45.741687],[5.245155,45.740818],[5.244233,45.740743],[5.243074,45.740788],[5.240199,45.738991],[5.239941,45.738302],[5.239061,45.737359],[5.238504,45.736655],[5.240413,45.736864],[5.242538,45.736864],[5.243439,45.736415],[5.243911,45.735487],[5.244168,45.735382],[5.245027,45.733599],[5.245327,45.732266],[5.24603,45.731195],[5.246417,45.730491],[5.246803,45.730101],[5.24749,45.729607],[5.247897,45.729547],[5.247897,45.728813],[5.248198,45.728139],[5.248069,45.72787],[5.248562,45.72775],[5.248305,45.726956],[5.247983,45.726686],[5.247854,45.725892],[5.248369,45.725158],[5.248477,45.724574],[5.249099,45.724394],[5.248283,45.722327],[5.24794,45.721758],[5.251738,45.721578],[5.252854,45.721728],[5.253176,45.721278],[5.254742,45.72017],[5.254442,45.719945],[5.253541,45.72041],[5.254141,45.719765],[5.253154,45.720185],[5.252747,45.71993],[5.253691,45.719226],[5.25412,45.718462],[5.25485,45.718013],[5.255257,45.717668],[5.255794,45.717368],[5.256437,45.716754],[5.25648,45.71626],[5.256673,45.715886],[5.257763,45.715103],[5.258023,45.714353],[5.259259,45.713445],[5.259731,45.712639],[5.259649,45.711844],[5.260153,45.711117],[5.260967,45.710504],[5.260219,45.710742],[5.25921,45.71064],[5.25908,45.710481],[5.259055,45.710102],[5.259077,45.708289],[5.259248,45.708274],[5.259592,45.707375],[5.259999,45.707165],[5.26075,45.707015],[5.26163,45.706461],[5.261995,45.706101],[5.262725,45.705636],[5.262639,45.704902],[5.262639,45.704183],[5.262467,45.703628],[5.262574,45.702999],[5.262832,45.702505],[5.262617,45.70198],[5.262682,45.701485],[5.261673,45.701905],[5.261178,45.702271],[5.260836,45.702237],[5.259893,45.702793],[5.259227,45.703077],[5.2583,45.703577],[5.258104,45.703997],[5.256966,45.70494],[5.256316,45.705371],[5.254836,45.705871],[5.254104,45.705803],[5.253385,45.705497],[5.252597,45.704984],[5.251502,45.704902],[5.251036,45.704962],[5.250837,45.704767],[5.250043,45.704917],[5.248906,45.704692],[5.247747,45.704842],[5.246781,45.704827],[5.245751,45.704587],[5.244443,45.706101],[5.243241,45.706805],[5.242833,45.707255],[5.24249,45.707974],[5.241245,45.708663],[5.240881,45.709083],[5.240881,45.709772],[5.240087,45.709802],[5.239507,45.710192],[5.23925,45.710791],[5.238821,45.7116],[5.237984,45.712424],[5.23734,45.712814],[5.235366,45.713548],[5.2341,45.712949],[5.232791,45.712469],[5.231654,45.71181],[5.229787,45.7113],[5.229916,45.710866],[5.228414,45.710177],[5.228521,45.709847],[5.229959,45.710162],[5.230731,45.710506],[5.23116,45.710476],[5.2291,45.709323],[5.228607,45.708648],[5.2288,45.707944],[5.229229,45.707435],[5.228972,45.70736],[5.228972,45.706775],[5.228778,45.706446],[5.228607,45.705801],[5.228092,45.705412],[5.228263,45.704513],[5.228757,45.703928],[5.229293,45.703718],[5.229658,45.703164],[5.229615,45.702415],[5.230903,45.701351],[5.231482,45.700332],[5.230645,45.700466],[5.229701,45.699567],[5.229615,45.698878],[5.229894,45.698218],[5.228306,45.698218],[5.227598,45.698458],[5.227491,45.698803],[5.226504,45.699312],[5.226397,45.698818],[5.225517,45.697844],[5.224938,45.69639],[5.224916,45.695476],[5.224594,45.694879],[5.224895,45.694384],[5.224594,45.693665],[5.224594,45.69302],[5.224444,45.692421],[5.224144,45.692046],[5.223586,45.691791],[5.222363,45.690757],[5.222384,45.690322],[5.222234,45.689753],[5.222513,45.689078],[5.221869,45.687924],[5.221504,45.687714],[5.220603,45.68644],[5.219874,45.684611],[5.219294,45.684341],[5.218693,45.683712],[5.218929,45.683187],[5.21968,45.682183],[5.219359,45.681358],[5.219251,45.680639],[5.218886,45.680609],[5.218135,45.680324],[5.21644,45.681463],[5.213329,45.682348],[5.211913,45.681358],[5.209703,45.679289],[5.209209,45.678915],[5.20878,45.678375],[5.208136,45.67824],[5.206033,45.679049],[5.205454,45.678195],[5.204274,45.67752],[5.203866,45.677415],[5.203029,45.676051],[5.202943,45.675451],[5.203029,45.675106],[5.202729,45.674327],[5.202879,45.673532],[5.203201,45.672677],[5.202965,45.671673],[5.202514,45.670803],[5.201549,45.670503],[5.199339,45.670443],[5.198287,45.669949],[5.1976,45.669484],[5.19745,45.669259],[5.196914,45.669154],[5.197407,45.668899],[5.198566,45.668494],[5.19906,45.668104],[5.19921,45.667145],[5.199553,45.665765],[5.200025,45.664625],[5.199467,45.66428],[5.199403,45.662781],[5.198394,45.663156],[5.197622,45.663051],[5.19612,45.662181],[5.194725,45.660846],[5.194403,45.659916],[5.194468,45.659107],[5.194425,45.657982],[5.194532,45.657187],[5.194425,45.656632],[5.192622,45.656302],[5.192558,45.655807],[5.191592,45.654547],[5.190519,45.653572],[5.189962,45.653392],[5.190648,45.652792],[5.192579,45.650752],[5.192815,45.650332],[5.191936,45.649957],[5.190906,45.649492],[5.189704,45.649132],[5.189253,45.649207],[5.188073,45.650842],[5.187322,45.651202],[5.186936,45.651562],[5.186721,45.652507],[5.186936,45.653317],[5.187301,45.654007],[5.186764,45.655777],[5.186099,45.656782],[5.185176,45.657892],[5.184125,45.660531],[5.184039,45.660966],[5.183181,45.661581],[5.179233,45.661191],[5.179125,45.661911],[5.176486,45.661701],[5.174705,45.661611],[5.173203,45.659916],[5.172581,45.660036],[5.172366,45.660516],[5.171529,45.661056],[5.170993,45.661611],[5.170349,45.661881],[5.169255,45.662121],[5.16874,45.662481],[5.168718,45.662931],[5.16904,45.663531],[5.169105,45.664265],[5.16904,45.66512],[5.169555,45.66599],[5.169663,45.6671],[5.170156,45.667669],[5.170306,45.668299],[5.171057,45.668689],[5.172645,45.669079],[5.174684,45.669574],[5.176229,45.670233],[5.177481,45.671403],[5.178125,45.672258],[5.176644,45.672153],[5.175271,45.672468],[5.172632,45.673877],[5.171151,45.674162],[5.170872,45.674582],[5.170786,45.675286],[5.169714,45.676561],[5.169753,45.67723],[5.170207,45.678752],[5.170729,45.679348],[5.170224,45.679422],[5.167017,45.680152],[5.16407,45.680684],[5.161259,45.681208],[5.158877,45.681883],[5.157182,45.682138],[5.156474,45.682632],[5.155745,45.682947],[5.156002,45.683667],[5.157011,45.685496],[5.157204,45.68632],[5.157418,45.687834],[5.15789,45.690037],[5.157075,45.691039],[5.156002,45.692208],[5.155294,45.694201],[5.155294,45.694713],[5.155616,45.696691],[5.155358,45.69798],[5.155573,45.698835],[5.15523,45.699689],[5.155337,45.700033],[5.157139,45.701262],[5.158706,45.702791],[5.159156,45.70378],[5.159822,45.704649],[5.156689,45.706208],[5.154693,45.701607],[5.154221,45.700168],[5.153663,45.700243],[5.153363,45.698625],[5.148921,45.696317],[5.148664,45.695987],[5.148191,45.695807],[5.147762,45.696886],[5.145981,45.696916],[5.145466,45.696092],[5.145445,45.695717],[5.145016,45.694848],[5.14493,45.693949],[5.143578,45.694203],[5.143449,45.694638],[5.144093,45.695013],[5.143621,45.695822],[5.143814,45.696197],[5.144823,45.697216],[5.144866,45.69816],[5.144501,45.699164],[5.143406,45.699254],[5.143299,45.69858],[5.143342,45.697621],[5.143192,45.697426],[5.142162,45.697426],[5.141819,45.69798],[5.141282,45.698235],[5.140231,45.698145],[5.137591,45.699104],[5.135531,45.698939],[5.13463,45.698954],[5.132892,45.6984],[5.132377,45.697875],[5.131755,45.696587],[5.132592,45.696766],[5.132656,45.697111],[5.133557,45.697141],[5.133944,45.695882],[5.1336,45.695328],[5.13345,45.694938],[5.132184,45.695058],[5.131154,45.695432],[5.130703,45.695897],[5.129459,45.695268],[5.129545,45.694923],[5.126841,45.693349],[5.126069,45.693049],[5.122786,45.6923],[5.120447,45.691206],[5.119545,45.690696],[5.118988,45.690112],[5.118773,45.689107],[5.118473,45.688808],[5.116692,45.688193],[5.116069,45.687713],[5.115576,45.687219],[5.115404,45.686664],[5.115104,45.686679],[5.113773,45.686319],[5.112894,45.686079],[5.1124,45.685675],[5.111563,45.685615],[5.110383,45.686079],[5.109031,45.685105],[5.108881,45.684625],[5.107915,45.684116],[5.107057,45.683801],[5.106328,45.683291],[5.105555,45.683051],[5.104761,45.682467],[5.104954,45.681942],[5.104547,45.681672],[5.104396,45.681327],[5.103323,45.680143],[5.102594,45.679603],[5.102251,45.679094],[5.1015,45.678764],[5.100513,45.678899],[5.099568,45.678869],[5.099075,45.678569],[5.098667,45.677744],[5.099933,45.676335],[5.099139,45.67551],[5.09901,45.675076],[5.098367,45.674401],[5.098088,45.673786],[5.09783,45.673441],[5.097659,45.672452],[5.09738,45.671747],[5.096543,45.671042],[5.095427,45.670443],[5.092595,45.669798],[5.090599,45.669948],[5.089161,45.669588],[5.087123,45.668598],[5.086329,45.668028],[5.086887,45.667594],[5.0859,45.666649],[5.085149,45.666184],[5.08502,45.664699],[5.085642,45.6644],[5.085707,45.663965],[5.084312,45.663005],[5.084033,45.66239],[5.084119,45.661865],[5.084226,45.66089],[5.083904,45.660351],[5.082381,45.658266],[5.081716,45.658026],[5.079699,45.658476],[5.078776,45.658956],[5.077682,45.659811],[5.076201,45.660141],[5.075471,45.658566],[5.074978,45.658056],[5.073948,45.657411],[5.073004,45.657096],[5.07236,45.657201],[5.07133,45.658251],[5.070343,45.658836],[5.06839,45.658221],[5.067318,45.658311],[5.065365,45.658131],[5.063949,45.657486],[5.06294,45.656886],[5.061975,45.656646],[5.061524,45.655971],[5.060387,45.655296],[5.060859,45.655311],[5.061867,45.655896],[5.069528,45.653976],[5.073068,45.652597],[5.073111,45.651757],[5.072703,45.650407],[5.072939,45.650032],[5.073025,45.648982],[5.073261,45.648397],[5.073519,45.647602],[5.073411,45.646942],[5.073969,45.641613],[5.072017,45.640758],[5.070794,45.638582],[5.069656,45.637082],[5.06912,45.635657],[5.068584,45.633901],[5.067318,45.630945],[5.06706,45.62976],[5.066824,45.62964],[5.066266,45.629205],[5.06603,45.62868],[5.065494,45.62862],[5.065193,45.628484],[5.065172,45.628139],[5.064957,45.627494],[5.064313,45.627494],[5.063348,45.627134],[5.062532,45.627164],[5.061567,45.627044],[5.060902,45.626444],[5.060794,45.625633],[5.058928,45.625618],[5.058069,45.625438],[5.057061,45.625048],[5.056696,45.624688],[5.055172,45.624088],[5.053992,45.623848],[5.053134,45.623818],[5.05264,45.623487],[5.051675,45.623352],[5.050087,45.622572],[5.048971,45.621777],[5.048821,45.621476],[5.045645,45.621185],[5.045023,45.620885],[5.042748,45.620135],[5.042169,45.6203],[5.041182,45.62009],[5.039616,45.618964],[5.038564,45.617944],[5.038393,45.617568],[5.03453,45.615918],[5.035281,45.615107],[5.03674,45.613861],[5.036783,45.613486],[5.035689,45.609844],[5.036247,45.609709],[5.036461,45.609529],[5.036848,45.609574],[5.039294,45.608973],[5.039208,45.608658],[5.038135,45.607307],[5.038307,45.606346],[5.037792,45.605521],[5.037556,45.604905],[5.036118,45.60435],[5.035517,45.603704],[5.033908,45.603074],[5.03335,45.602458],[5.034294,45.601528],[5.033071,45.601272],[5.030582,45.599696],[5.029724,45.597579],[5.028651,45.596123],[5.028093,45.595882],[5.027299,45.595822],[5.026526,45.595882],[5.025109,45.595627],[5.023929,45.596558],[5.021494,45.596003],[5.020517,45.595567],[5.019981,45.594982],[5.020067,45.593525],[5.019917,45.592129],[5.020603,45.591904],[5.021161,45.591558],[5.021011,45.591048],[5.022084,45.591258],[5.023092,45.591273],[5.02365,45.591198],[5.024315,45.591543],[5.026225,45.591588],[5.027105,45.591438],[5.027191,45.590567],[5.026826,45.589937],[5.026762,45.589291],[5.026354,45.58881],[5.026676,45.587294],[5.026676,45.586197],[5.027427,45.58396],[5.027598,45.583299],[5.028242,45.582578],[5.027899,45.581647],[5.023779,45.580566],[5.021633,45.579409],[5.016891,45.576285],[5.013479,45.573822],[5.011591,45.572005],[5.010947,45.572801],[5.010861,45.573822],[5.010153,45.574288],[5.01011,45.575039],[5.007557,45.574964],[5.007557,45.573762],[5.007922,45.572921],[5.005604,45.5725],[5.004918,45.571885],[5.00451,45.571764],[5.003866,45.570983],[5.003244,45.570758],[5.003072,45.569812],[5.003094,45.56876],[5.003287,45.568069],[5.002729,45.566582],[5.0023,45.566206],[5.002192,45.565741],[5.000841,45.56541],[5.001163,45.564599],[5.002793,45.56514],[5.003222,45.564419],[5.003394,45.563743],[5.004038,45.562871],[5.009922,45.553163],[5.011489,45.552953],[5.011424,45.552577],[5.012004,45.552637],[5.012669,45.552412],[5.012991,45.552006],[5.013785,45.551826],[5.014107,45.55148],[5.01372,45.550759],[5.014321,45.550383],[5.015265,45.550383],[5.016639,45.549422],[5.017583,45.549271],[5.019106,45.549196],[5.021767,45.5479],[5.024428,45.547419],[5.0249,45.547539],[5.026016,45.547239],[5.027046,45.547134],[5.026402,45.545781],[5.026531,45.545225],[5.027217,45.544489],[5.027389,45.543737],[5.027325,45.54231],[5.029342,45.542204],[5.031208,45.540025],[5.031325,45.539449],[5.032172,45.538692],[5.03318,45.536392],[5.034275,45.535265],[5.033545,45.534589],[5.033352,45.534003],[5.032708,45.533687],[5.031979,45.532875],[5.030927,45.531252],[5.029704,45.531402],[5.027215,45.532109],[5.023889,45.531357],[5.022021,45.531568],[5.020197,45.530252],[5.017901,45.529989],[5.017021,45.529358],[5.015948,45.529373],[5.015347,45.528516],[5.014511,45.526396],[5.012,45.526442],[5.011163,45.526577],[5.010691,45.526547],[5.009597,45.526021],[5.00906,45.525945],[5.00876,45.525434],[5.008481,45.525104],[5.008781,45.524668],[5.008717,45.524187],[5.008781,45.523751],[5.008202,45.522518],[5.007623,45.522398],[5.006872,45.521556],[5.006957,45.52115],[5.005799,45.520518],[5.004683,45.520293],[5.003889,45.519827],[5.002559,45.518789],[5.001185,45.518293],[4.999941,45.517602],[4.999361,45.517256],[4.998954,45.517256],[4.998653,45.517797],[4.997688,45.517602],[4.997023,45.517647],[4.997173,45.517105],[4.99698,45.51679],[4.99743,45.516263],[4.998074,45.515963],[4.99728,45.515888],[4.996121,45.515872],[4.993761,45.515421],[4.992559,45.515376],[4.990886,45.515406],[4.988676,45.515211],[4.987254,45.515497],[4.981548,45.516084],[4.981139,45.514519],[4.974787,45.51494],[4.972105,45.515286],[4.969659,45.515767],[4.965968,45.516609],[4.964294,45.516624],[4.960711,45.51682],[4.957278,45.516835],[4.956312,45.516519],[4.956162,45.516805],[4.956205,45.517226],[4.955818,45.517662],[4.955218,45.517992],[4.954638,45.518849],[4.953758,45.51927],[4.951269,45.522082],[4.950883,45.522743],[4.94966,45.522728],[4.948169,45.523065],[4.946104,45.523441],[4.944673,45.524011],[4.941307,45.52417],[4.939372,45.524147],[4.938831,45.524857],[4.938752,45.5273],[4.934023,45.527152],[4.933098,45.527226],[4.932174,45.527189],[4.931249,45.527319],[4.930457,45.527282],[4.929872,45.526916],[4.929192,45.526916],[4.92723,45.527084],[4.926956,45.526063],[4.926418,45.525666],[4.923388,45.525389],[4.920075,45.524456],[4.91827,45.523307],[4.92063,45.521594],[4.920783,45.521262],[4.9205,45.520885],[4.919849,45.520588],[4.918847,45.519225],[4.922087,45.517752],[4.921186,45.516985],[4.920671,45.516835],[4.920306,45.516955],[4.920048,45.516339],[4.918675,45.514128],[4.919469,45.514038],[4.919898,45.512655],[4.920842,45.512068],[4.922366,45.512053],[4.922881,45.512565],[4.924748,45.512098],[4.924962,45.510114],[4.925284,45.509497],[4.9264,45.508384],[4.926271,45.507918],[4.928031,45.50673],[4.927988,45.506384],[4.928224,45.505828],[4.928288,45.50461],[4.929125,45.500955],[4.929104,45.500053],[4.929597,45.499466],[4.929425,45.499],[4.929125,45.498729],[4.930649,45.495586],[4.929962,45.495511],[4.929211,45.495089],[4.928632,45.494849],[4.928202,45.493927],[4.926336,45.491987],[4.925241,45.491325],[4.924125,45.490407],[4.922731,45.489956],[4.921744,45.48979],[4.920606,45.48976],[4.919641,45.48952],[4.918031,45.489384],[4.917126,45.489081],[4.916225,45.489096],[4.915903,45.489216],[4.915646,45.489547],[4.914702,45.490389],[4.911891,45.488975],[4.909659,45.488133],[4.909123,45.489171],[4.908243,45.490254],[4.906869,45.491337],[4.906033,45.491788],[4.905603,45.490825],[4.904466,45.490976],[4.904144,45.490825],[4.903501,45.490735],[4.903329,45.489607],[4.902535,45.489517],[4.901934,45.489622],[4.901462,45.489863],[4.900582,45.488885],[4.900518,45.487997],[4.899724,45.487591],[4.899037,45.487501],[4.898823,45.4872],[4.897385,45.487336],[4.89657,45.487606],[4.89539,45.48714],[4.893351,45.486779],[4.892664,45.486794],[4.891506,45.48699],[4.88951,45.486884],[4.888502,45.487125],[4.887536,45.486779],[4.886742,45.486267],[4.886549,45.485696],[4.886077,45.484733],[4.885755,45.484297],[4.885734,45.48371],[4.884339,45.482204],[4.883695,45.481812],[4.882536,45.481647],[4.881356,45.481316],[4.879425,45.48112],[4.877945,45.480744],[4.877365,45.480699],[4.875219,45.481707],[4.87213,45.482565],[4.872022,45.481271],[4.87243,45.480248],[4.872387,45.479616],[4.87243,45.479119],[4.87213,45.479119],[4.873503,45.478141],[4.873074,45.47766],[4.873288,45.476381],[4.873181,45.475343],[4.872902,45.474455],[4.87273,45.473643],[4.872258,45.473432],[4.871228,45.471355],[4.870585,45.470949],[4.870091,45.470392],[4.868696,45.469655],[4.86816,45.468963],[4.867817,45.467172],[4.866679,45.466073],[4.864877,45.465637],[4.864705,45.464508],[4.864877,45.462853],[4.865306,45.460957],[4.865263,45.460385],[4.864491,45.459557],[4.864533,45.457931],[4.86537,45.45748],[4.865714,45.457089],[4.866593,45.457134],[4.867838,45.456547],[4.868546,45.456502],[4.869619,45.453958],[4.87013,45.452401],[4.871224,45.451211],[4.871654,45.450383],[4.872641,45.450594],[4.874314,45.450143],[4.874722,45.44954],[4.876009,45.450278],[4.877726,45.449179],[4.878134,45.449315],[4.879722,45.448517],[4.882082,45.448216],[4.885301,45.4451],[4.885966,45.444738],[4.887146,45.44388],[4.887961,45.44391],[4.888734,45.442871],[4.887682,45.44245],[4.888841,45.441501],[4.889485,45.44117],[4.889678,45.440523],[4.888691,45.439815],[4.888455,45.439153],[4.888004,45.438927],[4.887897,45.4384],[4.888305,45.438084],[4.888176,45.437195],[4.887833,45.436488],[4.888219,45.434048],[4.888219,45.432904],[4.888519,45.432377],[4.888476,45.431579],[4.888798,45.431097],[4.889506,45.430766],[4.890858,45.430465],[4.891695,45.430073],[4.893068,45.428718],[4.893455,45.427719],[4.893369,45.426891],[4.89397,45.426499],[4.895236,45.426063],[4.896351,45.425761],[4.896974,45.42543],[4.897639,45.424662],[4.898583,45.424617],[4.898905,45.424165],[4.899784,45.423939],[4.900213,45.423006],[4.900235,45.421786],[4.89884,45.421831],[4.898819,45.421605],[4.899484,45.421364],[4.900836,45.420611],[4.89884,45.420716],[4.898304,45.418261],[4.897832,45.41796],[4.897681,45.417553],[4.897016,45.417132],[4.896759,45.416725],[4.896544,45.416092],[4.896716,45.415851],[4.896737,45.415671],[4.896523,45.41549],[4.8959,45.415535],[4.895178,45.415284],[4.895564,45.414756],[4.895178,45.414033],[4.89535,45.413521],[4.895564,45.412331],[4.895199,45.41209],[4.894942,45.412256],[4.894813,45.412572],[4.894513,45.412512],[4.894191,45.411638],[4.89425,45.410556],[4.894035,45.408823],[4.891997,45.408733],[4.889679,45.407347],[4.887898,45.406172],[4.887169,45.405479],[4.886396,45.405072],[4.885924,45.404409],[4.883564,45.404681],[4.881633,45.404876],[4.879938,45.405298],[4.878672,45.405856],[4.877406,45.407257],[4.876504,45.407302],[4.876032,45.40798],[4.876268,45.408567],[4.875303,45.408899],[4.874444,45.408688],[4.873565,45.409019],[4.873372,45.409351],[4.871355,45.409938],[4.870882,45.409531],[4.870325,45.409697],[4.868951,45.409516],[4.866805,45.409908],[4.864402,45.410164],[4.860518,45.411249],[4.857965,45.411746],[4.855926,45.411851],[4.855347,45.411972],[4.854918,45.40792],[4.857042,45.406262],[4.85539,45.403445],[4.85363,45.401622],[4.852064,45.400492],[4.851506,45.399784],[4.851013,45.398142],[4.850531,45.39721],[4.850531,45.396863],[4.848987,45.395763],[4.847828,45.395236],[4.846712,45.394106],[4.846948,45.393262],[4.847763,45.392216],[4.848278,45.391176],[4.848622,45.389157],[4.846991,45.389221],[4.844674,45.388859],[4.84227,45.388543],[4.841541,45.38806],[4.84109,45.387593],[4.841712,45.386945],[4.842699,45.386568],[4.843901,45.386252],[4.844545,45.385619],[4.843172,45.385453],[4.842249,45.385589],[4.841691,45.385483],[4.840918,45.385227],[4.839652,45.385303],[4.839052,45.385137],[4.838451,45.384639],[4.837485,45.385348],[4.838601,45.383871],[4.840017,45.381686],[4.839567,45.376998],[4.839137,45.376048],[4.837035,45.375295],[4.836584,45.374586],[4.834031,45.373381],[4.832958,45.3721],[4.831435,45.371662],[4.828752,45.3691],[4.828044,45.368693],[4.827293,45.36907],[4.826092,45.370095],[4.823753,45.370909],[4.820706,45.371632],[4.820513,45.372175],[4.819611,45.372552],[4.818152,45.372823],[4.817852,45.373245],[4.818109,45.374346],[4.814784,45.374707],[4.812337,45.375536],[4.812616,45.373803],[4.810513,45.373622],[4.810492,45.372612],[4.81044,45.372284],[4.810234,45.371738],[4.810234,45.371738],[4.810078,45.37123],[4.809788,45.370815],[4.809067,45.370569],[4.809187,45.370386],[4.809548,45.37023],[4.810058,45.370287],[4.810439,45.370231],[4.810379,45.370013],[4.81166,45.369668],[4.81208,45.369626],[4.81214,45.3695],[4.81166,45.36938],[4.81142,45.368839],[4.811089,45.368424],[4.811372,45.368029],[4.811973,45.367803],[4.812359,45.367472],[4.813367,45.36714],[4.813622,45.366743],[4.815084,45.365045],[4.815784,45.364598],[4.816455,45.363669],[4.816445,45.363114],[4.816195,45.362453],[4.817358,45.359677],[4.817436,45.358479],[4.817659,45.357385],[4.81768,45.356405],[4.817852,45.355229],[4.817266,45.354539],[4.816365,45.353836],[4.815774,45.353273],[4.815304,45.352999],[4.814573,45.352093],[4.814144,45.350902],[4.814466,45.349936],[4.815214,45.350656],[4.816933,45.349514],[4.817176,45.348342],[4.81792,45.347961],[4.819186,45.347056],[4.820431,45.348519],[4.821354,45.348368],[4.823792,45.348876],[4.827016,45.34837],[4.829488,45.347877],[4.830389,45.348342],[4.8311,45.348525],[4.832211,45.348308],[4.833322,45.348447],[4.835687,45.348338],[4.837361,45.348625],[4.838026,45.349032],[4.838895,45.350027],[4.840139,45.35066],[4.844374,45.35233],[4.847217,45.351965],[4.849838,45.351767],[4.853453,45.351592],[4.859022,45.351149],[4.859449,45.35086],[4.860095,45.350682],[4.8603,45.350762],[4.860921,45.35079],[4.861411,45.350895],[4.862002,45.350902],[4.862584,45.350998],[4.864215,45.350923],[4.865202,45.350682],[4.867519,45.349943],[4.869043,45.348887],[4.87016,45.349059],[4.871747,45.350003],[4.872603,45.350227],[4.873474,45.350234],[4.874922,45.35044],[4.875296,45.350347],[4.875506,45.350705],[4.876124,45.350651],[4.877558,45.350853],[4.878089,45.351078],[4.877991,45.351481],[4.878059,45.351782],[4.876918,45.352265],[4.877378,45.352577],[4.878319,45.352985],[4.879901,45.354441],[4.880501,45.354659],[4.882003,45.354898],[4.882533,45.35506],[4.884095,45.355468],[4.885216,45.355658],[4.886445,45.355778],[4.887368,45.356185],[4.887739,45.356474],[4.88829,45.356713],[4.889685,45.357075],[4.891466,45.357316],[4.892389,45.357633],[4.893226,45.358161],[4.894446,45.358605],[4.895647,45.359126],[4.895937,45.360237],[4.896107,45.361545],[4.896318,45.361967],[4.898783,45.36428],[4.900521,45.366014],[4.904856,45.369481],[4.906701,45.371335],[4.907819,45.372988],[4.908418,45.373747],[4.90878,45.374036],[4.909598,45.374455],[4.909877,45.374018],[4.910864,45.374033],[4.911701,45.373853],[4.914496,45.37431],[4.915735,45.374455],[4.917215,45.374486],[4.918592,45.374235],[4.919794,45.374281],[4.921233,45.374155],[4.922425,45.374162],[4.923828,45.374024],[4.926446,45.374567],[4.927454,45.375034],[4.928377,45.375034],[4.930183,45.374605],[4.930973,45.3745],[4.931904,45.374331],[4.933269,45.374386],[4.935415,45.374808],[4.936574,45.375592],[4.93708,45.375829],[4.937668,45.375969],[4.938421,45.376222],[4.939182,45.376236],[4.940254,45.376503],[4.942894,45.377317],[4.943988,45.377829],[4.944653,45.37798],[4.94663,45.379028],[4.947807,45.379502],[4.950232,45.380723],[4.95165,45.38127],[4.952573,45.381375],[4.954396,45.382174],[4.955449,45.382804],[4.95663,45.383338],[4.957491,45.383584],[4.958439,45.383579],[4.959169,45.383971],[4.960048,45.385146],[4.960563,45.385327],[4.960804,45.386003],[4.960804,45.386474],[4.961085,45.386558],[4.961365,45.386136],[4.961744,45.385689],[4.961775,45.384632],[4.961355,45.383781],[4.961271,45.383323],[4.960854,45.382748],[4.961164,45.382132],[4.961336,45.381122],[4.961725,45.380828],[4.962773,45.378767],[4.963117,45.377727],[4.963567,45.375752],[4.962859,45.375677],[4.963203,45.372391],[4.96243,45.37218],[4.962516,45.367869],[4.962752,45.367431],[4.96243,45.365653],[4.961465,45.363587],[4.961287,45.362072],[4.960923,45.360624],[4.960901,45.359403],[4.961116,45.359026],[4.962103,45.358634],[4.962768,45.357096],[4.96236,45.356719],[4.962489,45.355362],[4.960193,45.355573],[4.960558,45.353568],[4.961116,45.351472],[4.96103,45.351019],[4.957446,45.345228],[4.955773,45.344439],[4.953691,45.343881],[4.948949,45.343051],[4.945924,45.342177],[4.943134,45.341664],[4.945323,45.337456],[4.946052,45.336523],[4.946138,45.335648],[4.947297,45.333521],[4.948155,45.331078],[4.948263,45.327412],[4.949121,45.327095],[4.950172,45.325888],[4.950644,45.32444],[4.952597,45.324696],[4.954356,45.32438],[4.95558,45.323791],[4.956223,45.323339],[4.966323,45.320438],[4.97119,45.314714],[4.971576,45.314548],[4.970975,45.313884],[4.971447,45.312933],[4.971726,45.311847],[4.972949,45.310112],[4.983141,45.311907],[4.98372,45.313793],[4.984385,45.314035],[4.984922,45.314035],[4.984557,45.312752],[4.985802,45.312375],[4.986681,45.312601],[4.986832,45.311816],[4.986703,45.309568],[4.987772,45.306915],[4.992299,45.308303],[4.994402,45.308831],[4.995819,45.306643],[4.996763,45.306613],[4.998866,45.305873],[4.999423,45.305119],[4.999638,45.304666],[5.000282,45.304062],[5.001033,45.303987],[5.002084,45.304273],[5.004938,45.302779],[5.005217,45.302387],[5.006547,45.302553],[5.007213,45.302538],[5.007084,45.30213],[5.006805,45.301889],[5.006333,45.300983],[5.005732,45.300953],[5.003908,45.299655],[5.003114,45.298659],[5.001269,45.297512],[5.003415,45.295112],[5.001548,45.294085],[5.000818,45.293436],[5.00026,45.292757],[4.999509,45.292229],[4.999488,45.291927],[4.999617,45.291655],[4.999659,45.290946],[4.997878,45.290946],[4.998415,45.290583],[4.997964,45.289995],[4.997042,45.289723],[4.996763,45.289315],[4.996462,45.28921],[4.996119,45.288666],[4.995175,45.288591],[4.994488,45.287987],[4.993866,45.287775],[4.993372,45.287323],[4.99275,45.287187],[4.992235,45.287277],[4.991463,45.287081],[4.99084,45.287111],[4.989295,45.286885],[4.987171,45.28696],[4.988094,45.286296],[4.987986,45.285737],[4.988459,45.285435],[4.989059,45.285496],[4.989918,45.285164],[4.992879,45.284409],[4.993651,45.284379],[4.993329,45.283594],[4.992042,45.282839],[4.991806,45.282673],[4.991377,45.282552],[4.991527,45.282008],[4.99084,45.281238],[4.991591,45.279925],[4.992814,45.280166],[4.994316,45.280166],[4.995819,45.279849],[4.995776,45.279502],[4.996312,45.27923],[4.997127,45.278898],[4.997363,45.278641],[4.995368,45.278007],[4.995175,45.277599],[4.995668,45.27695],[4.995175,45.275803],[4.995432,45.27541],[4.994402,45.274489],[4.992772,45.273507],[4.992085,45.273266],[4.991656,45.273326],[4.990991,45.272481],[4.992192,45.272511],[4.993329,45.272934],[4.994295,45.272934],[4.996162,45.272239],[4.996848,45.271892],[4.997471,45.272043],[4.998672,45.27307],[4.999423,45.273462],[4.999917,45.274353],[5.001054,45.275486],[5.002578,45.276331],[5.002664,45.277192],[5.0032,45.277491],[5.003763,45.277631],[5.004659,45.277554],[5.00593,45.27728],[5.006815,45.277004],[5.007449,45.276633],[5.008044,45.276298],[5.008639,45.276102],[5.00932,45.276064],[5.009846,45.276068],[5.010291,45.275955],[5.010968,45.275395],[5.011294,45.27472],[5.011321,45.274339],[5.011531,45.27403],[5.01167,45.273984],[5.011809,45.273312],[5.011718,45.273139],[5.01175,45.272995],[5.011981,45.272829],[5.012067,45.272561],[5.012265,45.272379],[5.01219,45.272187],[5.012164,45.271934],[5.012271,45.271674],[5.012866,45.270968],[5.013595,45.269737],[5.013435,45.26936],[5.01404,45.269412],[5.015699,45.270175],[5.017169,45.270994],[5.017688,45.271164],[5.018129,45.271564],[5.018461,45.271776],[5.018869,45.271334],[5.019652,45.271194],[5.020055,45.270938],[5.020473,45.270303],[5.020763,45.269522],[5.021983,45.267172],[5.022262,45.26545],[5.022554,45.264916],[5.023872,45.262989],[5.024464,45.262613],[5.025505,45.26142],[5.025612,45.261374],[5.0258,45.26111],[5.026277,45.260842],[5.026747,45.260497],[5.027452,45.259652],[5.027506,45.259195],[5.027629,45.258856],[5.027667,45.258482],[5.027388,45.257938],[5.026326,45.257115],[5.0261,45.256609],[5.025671,45.25639],[5.025502,45.256267],[5.025961,45.256292],[5.02639,45.256178],[5.026798,45.256231],[5.02749,45.256042],[5.028528,45.255557],[5.029051,45.255095],[5.028166,45.254653],[5.027967,45.254623],[5.027565,45.25437],[5.026642,45.254018],[5.025607,45.253403],[5.024255,45.254615],[5.023413,45.254166],[5.023477,45.253882],[5.023466,45.25372],[5.023225,45.253448],[5.022774,45.253218],[5.021962,45.25302],[5.02139,45.252757],[5.021047,45.252372],[5.020993,45.252198],[5.021176,45.251703],[5.021524,45.25142],[5.021632,45.251243],[5.021535,45.251046],[5.021058,45.250763],[5.020006,45.250408],[5.01911,45.250529],[5.018107,45.250004],[5.018198,45.249811],[5.018145,45.249732],[5.017662,45.249777],[5.017281,45.249755],[5.016616,45.249543],[5.016117,45.249222],[5.015785,45.249147],[5.014894,45.248776],[5.014583,45.248671],[5.014459,45.248482],[5.014084,45.248278],[5.013794,45.24827],[5.013172,45.248002],[5.012941,45.248051],[5.012285,45.248513],[5.011915,45.248532],[5.011783,45.248662],[5.010686,45.248271],[5.010079,45.247788],[5.009589,45.247628],[5.009181,45.247611],[5.009115,45.247434],[5.00856,45.247146],[5.008481,45.247174],[5.00791,45.246858],[5.007207,45.246586],[5.006896,45.246523],[5.006988,45.246319],[5.006922,45.246021],[5.007067,45.245928],[5.007081,45.245761],[5.006869,45.245491],[5.00642,45.245389],[5.006526,45.245165],[5.006367,45.244914],[5.006209,45.244905],[5.005865,45.245072],[5.005773,45.245342],[5.005324,45.245314],[5.004967,45.245398],[5.003963,45.245323],[5.003712,45.245193],[5.002959,45.245258],[5.002154,45.245407],[5.002008,45.245575],[5.001559,45.245705],[5.001374,45.245668],[5.000701,45.24564],[5.000542,45.245705],[5.000093,45.245119],[4.999829,45.244552],[4.999882,45.244486],[4.999565,45.244133],[4.999538,45.243994],[4.999301,45.243798],[4.999063,45.24377],[4.998614,45.243612],[4.998508,45.243538],[4.998151,45.243491],[4.996025,45.243808],[4.995566,45.24378],[4.994981,45.243606],[4.994697,45.243919],[4.994005,45.244996],[4.993737,45.24557],[4.991462,45.244879],[4.990352,45.24727],[4.99018,45.247485],[4.988619,45.248191],[4.987991,45.248017],[4.987573,45.247976],[4.987761,45.248387],[4.98775,45.24858],[4.987498,45.248788],[4.987352,45.249234],[4.987428,45.249917],[4.987605,45.250011],[4.987793,45.25],[4.988018,45.25003],[4.988136,45.250215],[4.988276,45.250608],[4.988405,45.250703],[4.988573,45.250686],[4.989013,45.250348],[4.989188,45.250434],[4.98937,45.250933],[4.989295,45.251114],[4.988968,45.251299],[4.987954,45.251617],[4.987562,45.251817],[4.987369,45.252089],[4.987053,45.252402],[4.986897,45.252659],[4.986827,45.252999],[4.986425,45.252727],[4.985626,45.252376],[4.984381,45.251617],[4.984097,45.251386],[4.98355,45.251171],[4.982944,45.251095],[4.982134,45.251088],[4.981838,45.251012],[4.980798,45.250468],[4.979505,45.250087],[4.978566,45.249509],[4.977321,45.248896],[4.976533,45.248478],[4.97558,45.248265],[4.973778,45.247585],[4.972912,45.247186],[4.972225,45.247032],[4.971582,45.246964],[4.970691,45.246775],[4.968873,45.246174],[4.968025,45.245815],[4.967376,45.245604],[4.967419,45.245457],[4.96729,45.245019],[4.966899,45.244509],[4.966432,45.243783],[4.966013,45.242114],[4.966174,45.241513],[4.965525,45.241079],[4.964876,45.241034],[4.964485,45.240528],[4.963905,45.240052],[4.963734,45.239236],[4.963256,45.238756],[4.963036,45.23848],[4.962405,45.238338],[4.961684,45.238526],[4.961582,45.23848],[4.96258,45.238163],[4.963027,45.237976],[4.963178,45.237417],[4.962577,45.23716],[4.961379,45.235855],[4.960204,45.234457],[4.959469,45.234011],[4.959099,45.233955],[4.958203,45.233721],[4.956819,45.232874],[4.956416,45.232701],[4.956073,45.232447],[4.956164,45.232319],[4.956293,45.232251],[4.955826,45.231582],[4.956311,45.230828],[4.95762,45.229786],[4.958696,45.228968],[4.960225,45.228141],[4.961212,45.227838],[4.962795,45.226773],[4.963483,45.227406],[4.963712,45.227789],[4.964019,45.227996],[4.964404,45.228001],[4.965284,45.22774],[4.96565,45.227663],[4.966834,45.228704],[4.968009,45.229788],[4.968246,45.230172],[4.968148,45.23057],[4.9681,45.230925],[4.968224,45.231386],[4.968427,45.231681],[4.969785,45.232039],[4.971496,45.232716],[4.97207,45.232799],[4.973126,45.232013],[4.975374,45.230838],[4.975535,45.230585],[4.974927,45.230049],[4.974516,45.22955],[4.974398,45.229093],[4.976715,45.227411],[4.977268,45.226901],[4.977171,45.226758],[4.976764,45.226731],[4.976061,45.226501],[4.975141,45.226029],[4.974262,45.225485],[4.974049,45.225069],[4.974157,45.22477],[4.974098,45.224695],[4.973524,45.224733],[4.972717,45.224714],[4.973438,45.224249],[4.973647,45.223909],[4.973899,45.223849],[4.974741,45.223867],[4.975584,45.223607],[4.976045,45.223531],[4.976876,45.223527],[4.977116,45.223475],[4.979017,45.22267],[4.979591,45.222481],[4.980763,45.222326],[4.983024,45.222526],[4.983866,45.222462],[4.984113,45.222352],[4.984226,45.222651],[4.984446,45.222677],[4.984488,45.222348],[4.984349,45.221124],[4.984226,45.220573],[4.984263,45.220214],[4.985116,45.218725],[4.985256,45.218241],[4.985433,45.217882],[4.985261,45.217655],[4.984333,45.21738],[4.984564,45.217217],[4.984869,45.217111],[4.983553,45.216658],[4.983791,45.215989],[4.984365,45.215891],[4.984644,45.215951],[4.984757,45.215917],[4.984773,45.215664],[4.985014,45.215566],[4.98547,45.215634],[4.986033,45.215792],[4.986248,45.215785],[4.985846,45.215479],[4.98605,45.214659],[4.985781,45.213317],[4.985706,45.212671],[4.985744,45.212282],[4.986028,45.211447],[4.986085,45.211141],[4.985524,45.210679],[4.983931,45.209931],[4.982761,45.209504],[4.982021,45.209311],[4.981248,45.209307],[4.981002,45.209258],[4.981897,45.208714],[4.9826,45.208374],[4.983051,45.208521],[4.983834,45.208873],[4.984429,45.20893],[4.984692,45.208782],[4.985588,45.20854],[4.986784,45.207868],[4.987133,45.207599],[4.987514,45.207406],[4.988335,45.207293],[4.988737,45.206397],[4.988667,45.205509],[4.988882,45.205396],[4.989003,45.205577],[4.989156,45.205434],[4.989333,45.205418],[4.989837,45.205211],[4.990695,45.205139],[4.991886,45.204421],[4.99239,45.203888],[4.992562,45.203555],[4.992846,45.203332],[4.993147,45.203056],[4.993688,45.202119],[4.994686,45.201295],[4.994751,45.200871],[4.995169,45.199877],[4.995716,45.199495],[4.996006,45.199087],[4.996639,45.198373],[4.997543,45.197927],[4.997701,45.197719],[4.997578,45.197186],[4.997647,45.196411],[4.997556,45.196479],[4.997422,45.196804],[4.997138,45.196853],[4.996875,45.196732],[4.996698,45.196736],[4.996338,45.197057],[4.99617,45.19711],[4.996065,45.197023],[4.995977,45.196747],[4.995974,45.196252],[4.995162,45.195765],[4.994407,45.195836],[4.993608,45.195817],[4.993061,45.195882],[4.99278,45.19587],[4.992948,45.195685],[4.993232,45.194937],[4.993812,45.194101],[4.993855,45.19392],[4.994089,45.193512],[4.993447,45.191961],[4.993238,45.19065],[4.993281,45.190079],[4.993359,45.189837],[4.993136,45.189531],[4.993356,45.188294],[4.993232,45.187289],[4.993002,45.186793],[4.992927,45.186495],[4.992986,45.186294],[4.993055,45.185606],[4.993147,45.185028],[4.993055,45.184419],[4.992787,45.18398],[4.992616,45.183663],[4.992492,45.18316],[4.992347,45.182869],[4.991661,45.181908],[4.992036,45.181787],[4.992728,45.181364],[4.993016,45.181126],[4.993531,45.180233],[4.994196,45.180158],[4.993883,45.179937],[4.99405,45.179876],[4.994177,45.179787],[4.994763,45.179649],[4.994702,45.17959],[4.994021,45.179522],[4.995016,45.178762],[4.99547,45.178595],[4.99581,45.178563],[4.996126,45.178474],[4.997629,45.177813],[4.998359,45.177344],[4.998488,45.176936],[4.998402,45.176679],[4.998443,45.176512],[4.998573,45.176301],[4.998995,45.176071],[5.000306,45.175163],[5.000041,45.175236],[4.999861,45.175212],[4.99956,45.174894],[4.998564,45.174648],[4.998339,45.174648],[4.99819,45.174806],[4.997672,45.175126],[4.997479,45.175166],[4.997172,45.175041],[4.996913,45.174976],[4.99639,45.175033],[4.995994,45.175005],[4.995712,45.175122],[4.995085,45.17515],[4.993389,45.175515],[4.992601,45.175446],[4.992337,45.175459],[4.992233,45.174255],[4.992124,45.174182],[4.992078,45.173963],[4.991911,45.173764],[4.991595,45.173509],[4.991198,45.173217],[4.990894,45.172743],[4.99079,45.172358],[4.990675,45.172188],[4.990612,45.171426],[4.990698,45.170947],[4.990831,45.17085],[4.990929,45.170469],[4.990736,45.169108],[4.990157,45.168064],[4.989084,45.166778],[4.988848,45.165825],[4.988397,45.165054],[4.987839,45.16463],[4.98638,45.162693],[4.985345,45.160904],[4.984984,45.160534],[4.984771,45.160121],[4.984771,45.159501],[4.984685,45.158986],[4.985028,45.158124],[4.985329,45.157867],[4.984821,45.156811],[4.984771,45.156505],[4.985034,45.156322],[4.985692,45.156057],[4.985777,45.155942],[4.985161,45.155124],[4.984984,45.154585],[4.984984,45.154105],[4.98468,45.153247],[4.984711,45.153019],[4.985366,45.152463],[4.985565,45.152164],[4.986067,45.150591],[4.986046,45.150975],[4.986421,45.15121],[4.986619,45.151575],[4.9872,45.151838],[4.987391,45.152124],[4.987522,45.152141],[4.987639,45.151989],[4.98744,45.151594],[4.987497,45.150821],[4.987044,45.149787],[4.987377,45.148904],[4.987543,45.148736],[4.988212,45.149118],[4.989861,45.14922],[4.990891,45.148963],[4.991178,45.148549],[4.991433,45.14837],[4.991652,45.148125],[4.991949,45.148025],[4.992041,45.147835],[4.992157,45.147949],[4.993641,45.147611],[4.993852,45.147313],[4.99362,45.146997],[4.993787,45.14636],[4.993075,45.145289],[4.992608,45.14514],[4.992457,45.144741],[4.992551,45.144356],[4.992459,45.143976],[4.992572,45.143692],[4.992572,45.143043],[4.992247,45.142733],[4.992414,45.141502],[4.992119,45.140476],[4.992285,45.139726],[4.992586,45.139257],[4.993188,45.139023],[4.993733,45.138964],[4.994625,45.138619],[4.995043,45.138509],[4.99563,45.137985],[4.996168,45.135563],[4.996359,45.134759],[4.996734,45.133621],[4.996841,45.132882],[4.996798,45.132422],[4.996812,45.131878],[4.998093,45.128472],[4.998454,45.127813],[4.998164,45.127553],[4.998334,45.127468],[4.998695,45.126844],[4.998865,45.12625],[4.998681,45.12618],[4.99849,45.125965],[4.998129,45.125745],[4.998171,45.125656],[4.998334,45.125611],[4.998462,45.125391],[4.998164,45.124202],[4.998313,45.124007],[4.998405,45.123718],[4.998667,45.123198],[4.998508,45.122665],[4.996777,45.12149],[4.996083,45.120921],[4.995467,45.120761],[4.994512,45.121226],[4.994434,45.121196],[4.997251,45.119642],[4.99868,45.119637],[4.998844,45.119572],[4.99992,45.119552],[5.001045,45.119278],[5.001689,45.119008],[5.001994,45.119078],[5.002701,45.119552],[5.003431,45.119857],[5.004131,45.119977],[5.005136,45.120371],[5.005505,45.120411],[5.007542,45.120167],[5.007154,45.119397],[5.005547,45.118239],[5.011309,45.115282],[5.012484,45.115581],[5.01288,45.115921],[5.013035,45.115973],[5.01428,45.114777],[5.014501,45.114942],[5.015011,45.114947],[5.015598,45.114877],[5.015924,45.115062],[5.016398,45.115282],[5.016957,45.115706],[5.017648,45.116094],[5.017841,45.116745],[5.018434,45.117179],[5.018924,45.117405],[5.019057,45.117706],[5.019272,45.118094],[5.019207,45.118251],[5.019336,45.118309],[5.019743,45.118327],[5.019979,45.118554],[5.020666,45.118751],[5.022104,45.118932],[5.022929,45.118945],[5.023469,45.119118],[5.023682,45.119402],[5.023778,45.120444],[5.023626,45.120936],[5.023687,45.1213],[5.025295,45.121471],[5.025478,45.121321],[5.025629,45.120893],[5.025827,45.119492],[5.026479,45.118452],[5.027293,45.117886],[5.027804,45.117144],[5.028184,45.117031],[5.028845,45.116946],[5.029345,45.116791],[5.029405,45.11672],[5.029083,45.11665],[5.028139,45.116242],[5.02945,45.115706],[5.030024,45.11509],[5.029861,45.114752],[5.029953,45.112974],[5.030553,45.112103],[5.031595,45.111026],[5.030406,45.111322],[5.029507,45.111445],[5.029019,45.1113],[5.028139,45.110887],[5.026768,45.110561],[5.026485,45.110556],[5.026046,45.110786],[5.025812,45.110836],[5.02526,45.110716],[5.025427,45.109357],[5.025353,45.108365],[5.025476,45.107374],[5.027256,45.106759],[5.027715,45.105977],[5.027939,45.105028],[5.026761,45.105306],[5.025772,45.105239],[5.024764,45.105397],[5.023605,45.105344],[5.023045,45.105107],[5.022776,45.104806],[5.021849,45.104527],[5.021513,45.104606],[5.021326,45.105028],[5.019864,45.105409],[5.0188,45.105052],[5.018295,45.10467],[5.018016,45.104363],[5.017615,45.103772],[5.017615,45.103514],[5.01772,45.102985],[5.017169,45.103648],[5.016713,45.104336],[5.016292,45.104581],[5.015039,45.105071],[5.014437,45.104956],[5.013754,45.104589],[5.01242,45.104589],[5.012024,45.104401],[5.011557,45.103982],[5.011054,45.103625],[5.01116,45.103022],[5.011564,45.102793],[5.012371,45.102673],[5.01281,45.102523],[5.013312,45.101973],[5.013331,45.101467],[5.013493,45.101306],[5.013851,45.101352],[5.014046,45.100663],[5.016094,45.100509],[5.016611,45.100412],[5.016546,45.097988],[5.015175,45.098089],[5.013711,45.098249],[5.012852,45.098186],[5.013955,45.097117],[5.014251,45.095862],[5.014722,45.094496],[5.015193,45.092577],[5.015379,45.09222],[5.015712,45.090701],[5.016159,45.089296],[5.015987,45.088269],[5.016278,45.087887],[5.01695,45.087172],[5.017141,45.086902],[5.017195,45.085955],[5.017318,45.085746],[5.018131,45.085624],[5.018982,45.085653],[5.019555,45.085623],[5.020228,45.085393],[5.020966,45.083988],[5.021262,45.083727],[5.022132,45.084184],[5.0226,45.084373],[5.022681,45.084821],[5.023023,45.085085],[5.02382,45.085406],[5.024389,45.085613],[5.024893,45.085865],[5.025608,45.086394],[5.025757,45.086623],[5.025896,45.086578],[5.025955,45.086411],[5.0258,45.086214],[5.025955,45.086312],[5.026159,45.08635],[5.026304,45.086475],[5.026621,45.0866],[5.026932,45.086612],[5.027039,45.086642],[5.027162,45.086596],[5.027543,45.086589],[5.028487,45.086456],[5.028879,45.086328],[5.029206,45.086025],[5.029512,45.085744],[5.029973,45.085551],[5.03073,45.08515],[5.031089,45.085066],[5.031341,45.08507],[5.031433,45.084399],[5.031135,45.082984],[5.031093,45.08178],[5.031145,45.081136],[5.030909,45.080348],[5.031446,45.079591],[5.031489,45.078781],[5.031231,45.07756],[5.031419,45.077206],[5.031872,45.076647],[5.031896,45.076439],[5.032862,45.076015],[5.033224,45.075687],[5.034667,45.075087],[5.036515,45.074407],[5.035658,45.072373],[5.035673,45.072048],[5.035333,45.070833],[5.035198,45.069293],[5.034059,45.069333],[5.032438,45.069668],[5.031355,45.068693],[5.029975,45.067129],[5.029033,45.065744],[5.028828,45.065604],[5.027004,45.063437],[5.026768,45.062618],[5.026934,45.062564],[5.026137,45.060474],[5.026609,45.060388],[5.02708,45.060411],[5.02808,45.060841],[5.028422,45.060859],[5.028755,45.060744],[5.028934,45.06056],[5.02915,45.059845],[5.029446,45.059641],[5.02975,45.059587],[5.030642,45.059831],[5.031064,45.059876],[5.032178,45.059486],[5.031601,45.058722],[5.031295,45.058101],[5.030137,45.057086],[5.029944,45.056616],[5.029487,45.056287],[5.029519,45.056109],[5.030536,45.055913],[5.031068,45.055455],[5.031739,45.054541],[5.032227,45.054041],[5.032406,45.053679],[5.033128,45.052438],[5.033487,45.051852],[5.033585,45.051422],[5.033788,45.050991],[5.033815,45.050513],[5.040059,45.048496],[5.04154,45.048133],[5.046561,45.04548],[5.049229,45.045734],[5.049627,45.044953],[5.05044,45.045034],[5.050745,45.044979],[5.05156,45.043433],[5.051346,45.042235],[5.048961,45.042316],[5.04857,45.042282],[5.047887,45.042305],[5.046562,45.042207],[5.046172,45.042259],[5.045939,45.042478],[5.045586,45.042397],[5.044115,45.04178],[5.042591,45.040734],[5.042122,45.040167],[5.041711,45.039332],[5.041472,45.038375],[5.041604,45.037027],[5.042956,45.034055],[5.042407,45.032945],[5.041586,45.032181],[5.041887,45.032031],[5.042407,45.032198],[5.042634,45.03219],[5.043879,45.03175],[5.043921,45.031311],[5.043385,45.030643],[5.043074,45.029997],[5.042529,45.029497],[5.04209,45.029267],[5.040862,45.028601],[5.039773,45.028233],[5.039187,45.028198],[5.037984,45.027997],[5.037634,45.028049],[5.035341,45.027756],[5.033658,45.027762],[5.031829,45.027923],[5.030032,45.028267],[5.026836,45.02899],[5.025926,45.029187],[5.022193,45.030371],[5.021551,45.030543],[5.020998,45.030796],[5.020567,45.030865],[5.019722,45.031233],[5.018939,45.031493],[5.018746,45.031646],[5.016721,45.032652],[5.016469,45.032859],[5.015227,45.033267],[5.015203,45.033638],[5.014697,45.033801],[5.013884,45.034203],[5.013071,45.034295],[5.012478,45.034441],[5.010954,45.03479],[5.010139,45.034881],[5.009345,45.034775],[5.008315,45.034957],[5.006491,45.03482],[5.005257,45.034761],[5.003858,45.034531],[5.002996,45.034318],[5.001321,45.034042],[4.999833,45.033508],[4.998955,45.033474],[4.998183,45.033307],[4.997232,45.033272],[4.995337,45.033669],[4.993945,45.034031],[4.992639,45.034584],[4.991912,45.034863],[4.989644,45.035516],[4.988188,45.035898],[4.985392,45.037053],[4.983013,45.03745],[4.981726,45.035982],[4.981793,45.035821],[4.982631,45.035294],[4.98281,45.035059],[4.983192,45.03495],[4.98334,45.035029],[4.984671,45.03451],[4.98533,45.034097],[4.985799,45.033531],[4.986557,45.03313],[4.986735,45.032821],[4.986483,45.031771],[4.98859,45.030909],[4.988153,45.030787],[4.987458,45.030485],[4.986994,45.030151],[4.985548,45.029878],[4.983832,45.029863],[4.982989,45.029737],[4.981448,45.02935],[4.979519,45.028832],[4.978638,45.02867],[4.977726,45.028579],[4.976217,45.028148],[4.975243,45.027956],[4.974769,45.027939],[4.973333,45.02844],[4.972686,45.02844],[4.971207,45.028008],[4.970837,45.027843],[4.970621,45.027599],[4.970492,45.027329],[4.970202,45.027094],[4.970356,45.029574],[4.969143,45.031353],[4.967319,45.031301],[4.966388,45.031109],[4.964995,45.030743],[4.964231,45.030709],[4.962635,45.030238],[4.960953,45.029546],[4.959659,45.029115],[4.958512,45.028816],[4.957558,45.028435],[4.955537,45.027917],[4.954002,45.027438],[4.953251,45.027072],[4.95261,45.026654],[4.952129,45.026053],[4.951388,45.025419],[4.949542,45.025601],[4.948228,45.025278],[4.947637,45.024908],[4.948124,45.024263],[4.948093,45.023814],[4.947988,45.023453],[4.94776,45.023331],[4.947717,45.022756],[4.948341,45.021839],[4.948212,45.020747],[4.947588,45.019685],[4.94744,45.019184],[4.948877,45.017213],[4.948728,45.016915],[4.947723,45.016593],[4.94671,45.016318],[4.944513,45.015904],[4.944291,45.015665],[4.94381,45.015782],[4.943286,45.015839],[4.942676,45.015727],[4.940337,45.014832],[4.939768,45.015159],[4.939221,45.014695],[4.938585,45.014776],[4.938277,45.015059],[4.937352,45.014811],[4.936282,45.01471],[4.935343,45.014475],[4.934931,45.014218],[4.934865,45.013739],[4.934586,45.013254],[4.934487,45.012389],[4.935085,45.011391],[4.935177,45.010773],[4.935123,45.010508],[4.933365,45.009004],[4.932416,45.008407],[4.931947,45.00799],[4.931661,45.007823],[4.930913,45.006799],[4.929323,45.004891],[4.927881,45.003854],[4.929257,45.003257],[4.929958,45.002059],[4.929976,45.001732],[4.930629,45.001305],[4.930845,45.000743],[4.93095,44.999824],[4.931264,44.99927],[4.931618,44.998949],[4.93254,44.998403],[4.930519,44.997209],[4.928029,44.997148],[4.92607,44.996904],[4.923771,44.995401],[4.923475,44.995096],[4.922483,44.995654],[4.921473,44.996268],[4.920782,44.997127],[4.920745,44.997506],[4.920844,44.997785],[4.920289,44.997318],[4.920302,44.997253],[4.91955,44.996778],[4.918693,44.996434],[4.918225,44.996399],[4.91751,44.996098],[4.916783,44.995706],[4.915514,44.995044],[4.914904,44.994604],[4.914399,44.994329],[4.913881,44.993824],[4.913548,44.993335],[4.913382,44.992908],[4.914294,44.992368],[4.914263,44.992194],[4.91393,44.991928],[4.913634,44.991976],[4.91271,44.991662],[4.91239,44.991239],[4.911952,44.990899],[4.911508,44.99049],[4.911046,44.989701],[4.910695,44.989256],[4.910572,44.988947],[4.909876,44.98862],[4.9095,44.988123],[4.908317,44.98699],[4.908331,44.986508],[4.909011,44.986694],[4.90966,44.98674],[4.910712,44.986022],[4.911527,44.986459],[4.912541,44.98669],[4.913313,44.986975],[4.914059,44.987335],[4.914789,44.987616],[4.915888,44.987965],[4.916645,44.98809],[4.918544,44.987677],[4.920111,44.987176],[4.919402,44.985899],[4.923008,44.985036],[4.924832,44.984292],[4.926956,44.983867],[4.929316,44.983898],[4.928525,44.983403],[4.927338,44.982943],[4.925904,44.981896],[4.92554,44.981107],[4.923437,44.979027],[4.919317,44.977646],[4.917581,44.976743],[4.91627,44.973639],[4.915433,44.972865],[4.914982,44.97136],[4.914917,44.970191],[4.915153,44.969083],[4.915261,44.968248],[4.91614,44.965496],[4.915754,44.964432],[4.914041,44.964763],[4.912747,44.964868],[4.91096,44.96465],[4.910325,44.964433],[4.909596,44.964733],[4.907434,44.96498],[4.904392,44.96495],[4.903952,44.963257],[4.903759,44.960722],[4.903153,44.959693],[4.902971,44.959222],[4.9023,44.9583],[4.901828,44.957563],[4.901576,44.957104],[4.901415,44.956948],[4.901372,44.956584],[4.900922,44.955965],[4.900573,44.955377],[4.899918,44.954659],[4.899913,44.954519],[4.899623,44.954238],[4.899307,44.954166],[4.899307,44.953835],[4.899103,44.953273],[4.898309,44.952006],[4.897869,44.951246],[4.896909,44.949633],[4.896367,44.948672],[4.895638,44.947731],[4.897183,44.947226],[4.896544,44.946254],[4.896319,44.946022],[4.895927,44.945806],[4.897537,44.945039],[4.897681,44.945012],[4.898255,44.945122],[4.89861,44.945031],[4.89839,44.944917],[4.896153,44.942404],[4.895858,44.942016],[4.895493,44.94134],[4.894967,44.941359],[4.894034,44.941337],[4.893701,44.941056],[4.893798,44.940778],[4.893755,44.940323],[4.893068,44.938386],[4.893004,44.938117],[4.893401,44.937217],[4.893385,44.936898],[4.893293,44.936727],[4.892408,44.93618],[4.89221,44.936001],[4.890794,44.935504],[4.890627,44.935527],[4.890279,44.935671],[4.889962,44.935755],[4.890096,44.935496],[4.890021,44.935048],[4.889882,44.934858],[4.889849,44.934722],[4.889705,44.934699],[4.889463,44.934414],[4.889039,44.934319],[4.889061,44.9334],[4.888937,44.93307],[4.888911,44.932303],[4.888793,44.931972],[4.888728,44.931919],[4.888557,44.931896]]],"type":"MultiLineString"},"properties":{"geo_point":{"lon":5.016435114203678,"lat":45.42448004045004},"name":"GR422 Sur les pas de Charles IX (2020)","code_gr":"GR422"}},{"type":"Feature","geometry":{"coordinates":[[[4.810234,45.371738],[4.810078,45.37123],[4.809788,45.370815],[4.809067,45.370569],[4.809187,45.370386],[4.809548,45.37023],[4.810058,45.370287],[4.810439,45.370231],[4.810379,45.370013],[4.81166,45.369668],[4.81208,45.369626],[4.81214,45.3695],[4.81166,45.36938],[4.81142,45.368839],[4.811089,45.368424],[4.811372,45.368029],[4.811973,45.367803],[4.812359,45.367472],[4.813367,45.36714],[4.813622,45.366743],[4.815084,45.365045],[4.815784,45.364598],[4.816455,45.363669],[4.816445,45.363114],[4.816195,45.362453],[4.817358,45.359677],[4.817436,45.358479],[4.817659,45.357385],[4.81768,45.356405],[4.817852,45.355229],[4.817266,45.354539],[4.816365,45.353836],[4.815774,45.353273],[4.815304,45.352999],[4.814573,45.352093],[4.814144,45.350902],[4.814466,45.349936],[4.815214,45.350656],[4.816933,45.349514],[4.817176,45.348342],[4.81792,45.347961],[4.819186,45.347056],[4.820431,45.348519],[4.821354,45.348368],[4.823792,45.348876],[4.827016,45.34837],[4.829488,45.347877],[4.830389,45.348342],[4.8311,45.348525],[4.832211,45.348308],[4.833322,45.348447],[4.835687,45.348338],[4.837361,45.348625],[4.838026,45.349032],[4.838895,45.350027],[4.840139,45.35066],[4.844374,45.35233],[4.847217,45.351965],[4.849838,45.351767],[4.853453,45.351592],[4.859022,45.351149],[4.859449,45.35086],[4.860095,45.350682],[4.8603,45.350762],[4.860921,45.35079],[4.861411,45.350895],[4.862002,45.350902],[4.862584,45.350998],[4.864215,45.350923],[4.865202,45.350682],[4.867519,45.349943],[4.869043,45.348887],[4.87016,45.349059],[4.871747,45.350003],[4.872603,45.350227],[4.873474,45.350234],[4.874922,45.35044],[4.875296,45.350347],[4.875506,45.350705],[4.876124,45.350651],[4.877558,45.350853],[4.878089,45.351078],[4.877991,45.351481],[4.878059,45.351782],[4.876918,45.352265],[4.877378,45.352577],[4.878319,45.352985],[4.879901,45.354441],[4.880501,45.354659],[4.882003,45.354898],[4.882533,45.35506],[4.884095,45.355468],[4.885216,45.355658],[4.886445,45.355778],[4.887368,45.356185],[4.887739,45.356474],[4.88829,45.356713],[4.889685,45.357075],[4.891466,45.357316],[4.892389,45.357633],[4.893226,45.358161],[4.894446,45.358605],[4.895647,45.359126],[4.895937,45.360237],[4.896107,45.361545],[4.896318,45.361967],[4.898783,45.36428],[4.900521,45.366014],[4.904856,45.369481],[4.906701,45.371335],[4.907819,45.372988],[4.908418,45.373747],[4.90878,45.374036],[4.909598,45.374455],[4.909877,45.374018],[4.910864,45.374033],[4.911701,45.373853],[4.914496,45.37431],[4.915735,45.374455],[4.917215,45.374486],[4.918592,45.374235],[4.919794,45.374281],[4.921233,45.374155],[4.922425,45.374162],[4.923828,45.374024],[4.926446,45.374567],[4.927454,45.375034],[4.928377,45.375034],[4.930183,45.374605],[4.930973,45.3745],[4.931904,45.374331],[4.933269,45.374386],[4.935415,45.374808],[4.936574,45.375592],[4.93708,45.375829],[4.937668,45.375969],[4.938421,45.376222],[4.939182,45.376236],[4.940254,45.376503],[4.942894,45.377317],[4.943988,45.377829],[4.944653,45.37798],[4.94663,45.379028],[4.947807,45.379502],[4.950232,45.380723],[4.95165,45.38127],[4.952573,45.381375],[4.954396,45.382174],[4.955449,45.382804],[4.95663,45.383338],[4.957491,45.383584],[4.958439,45.383579],[4.959169,45.383971],[4.960048,45.385146],[4.960563,45.385327],[4.960804,45.386003],[4.960804,45.386474],[4.961085,45.386558],[4.961365,45.386136],[4.961744,45.385689],[4.961775,45.384632],[4.961355,45.383781],[4.961271,45.383323],[4.960854,45.382748],[4.961164,45.382132],[4.961336,45.381122],[4.961725,45.380828],[4.962773,45.378767],[4.963117,45.377727],[4.963567,45.375752],[4.962859,45.375677],[4.963203,45.372391],[4.96243,45.37218],[4.962516,45.367869],[4.962752,45.367431],[4.96243,45.365653],[4.961465,45.363587],[4.961287,45.362072],[4.960923,45.360624],[4.960901,45.359403],[4.961116,45.359026],[4.962103,45.358634],[4.962768,45.357096],[4.96236,45.356719],[4.962489,45.355362],[4.960193,45.355573],[4.960558,45.353568],[4.961116,45.351472],[4.96103,45.351019],[4.957446,45.345228],[4.955773,45.344439],[4.953691,45.343881],[4.948949,45.343051],[4.945924,45.342177],[4.943134,45.341664],[4.945323,45.337456],[4.946052,45.336523],[4.946138,45.335648],[4.947297,45.333521],[4.948155,45.331078],[4.948263,45.327412],[4.949121,45.327095],[4.950172,45.325888],[4.950644,45.32444],[4.952597,45.324696],[4.954356,45.32438],[4.95558,45.323791],[4.956223,45.323339],[4.966323,45.320438],[4.97119,45.314714],[4.971576,45.314548],[4.970975,45.313884],[4.971447,45.312933],[4.971726,45.311847],[4.972949,45.310112],[4.983141,45.311907],[4.98372,45.313793],[4.984385,45.314035],[4.984922,45.314035],[4.984557,45.312752],[4.985802,45.312375],[4.986681,45.312601],[4.986832,45.311816],[4.986703,45.309568],[4.987772,45.306915],[4.992299,45.308303],[4.994402,45.308831],[4.995819,45.306643],[4.996763,45.306613],[4.998866,45.305873],[4.999423,45.305119],[4.999638,45.304666],[5.000282,45.304062],[5.001033,45.303987],[5.002084,45.304273],[5.004938,45.302779],[5.005217,45.302387],[5.006547,45.302553],[5.007213,45.302538],[5.007084,45.30213],[5.006805,45.301889],[5.006333,45.300983],[5.005732,45.300953],[5.003908,45.299655],[5.003114,45.298659],[5.001269,45.297512],[5.003415,45.295112],[5.001548,45.294085],[5.000818,45.293436],[5.00026,45.292757],[4.999509,45.292229],[4.999488,45.291927],[4.999617,45.291655],[4.999659,45.290946],[4.997878,45.290946],[4.998415,45.290583],[4.997964,45.289995],[4.997042,45.289723],[4.996763,45.289315],[4.996462,45.28921],[4.996119,45.288666],[4.995175,45.288591],[4.994488,45.287987],[4.993866,45.287775],[4.993372,45.287323],[4.99275,45.287187],[4.992235,45.287277],[4.991463,45.287081],[4.99084,45.287111],[4.989295,45.286885],[4.987171,45.28696],[4.988094,45.286296],[4.987986,45.285737],[4.988459,45.285435],[4.989059,45.285496],[4.989918,45.285164],[4.992879,45.284409],[4.993651,45.284379],[4.993329,45.283594],[4.992042,45.282839],[4.991806,45.282673],[4.991377,45.282552],[4.991527,45.282008],[4.99084,45.281238],[4.991591,45.279925],[4.992814,45.280166],[4.994316,45.280166],[4.995819,45.279849],[4.995776,45.279502],[4.996312,45.27923],[4.997127,45.278898],[4.997363,45.278641],[4.995368,45.278007],[4.995175,45.277599],[4.995668,45.27695],[4.995175,45.275803],[4.995432,45.27541],[4.994402,45.274489],[4.992772,45.273507],[4.992085,45.273266],[4.991656,45.273326],[4.990991,45.272481],[4.992192,45.272511],[4.993329,45.272934],[4.994295,45.272934],[4.996162,45.272239],[4.996848,45.271892],[4.997471,45.272043],[4.998672,45.27307],[4.999423,45.273462],[4.999917,45.274353],[5.001054,45.275486],[5.002578,45.276331],[5.002664,45.277192],[5.0032,45.277491],[5.003763,45.277631],[5.004659,45.277554],[5.00593,45.27728],[5.006815,45.277004],[5.007449,45.276633],[5.008044,45.276298],[5.008639,45.276102],[5.00932,45.276064],[5.009846,45.276068],[5.010291,45.275955],[5.010968,45.275395],[5.011294,45.27472],[5.011321,45.274339],[5.011531,45.27403],[5.01167,45.273984],[5.011809,45.273312],[5.011718,45.273139],[5.01175,45.272995],[5.011981,45.272829],[5.012067,45.272561],[5.012265,45.272379],[5.01219,45.272187],[5.012164,45.271934],[5.012271,45.271674],[5.012866,45.270968],[5.013595,45.269737],[5.013435,45.26936],[5.01404,45.269412],[5.015699,45.270175],[5.017169,45.270994],[5.017688,45.271164],[5.018129,45.271564],[5.018461,45.271776],[5.018869,45.271334],[5.019652,45.271194],[5.020055,45.270938],[5.020473,45.270303],[5.020763,45.269522],[5.021983,45.267172],[5.022262,45.26545],[5.022554,45.264916],[5.023872,45.262989],[5.024464,45.262613],[5.025505,45.26142],[5.025612,45.261374],[5.0258,45.26111],[5.026277,45.260842],[5.026747,45.260497],[5.027452,45.259652],[5.027506,45.259195],[5.027629,45.258856],[5.027667,45.258482],[5.027388,45.257938],[5.026326,45.257115],[5.0261,45.256609],[5.025671,45.25639],[5.025502,45.256267],[5.025961,45.256292],[5.02639,45.256178],[5.026798,45.256231],[5.02749,45.256042],[5.028528,45.255557],[5.029051,45.255095],[5.028166,45.254653],[5.027967,45.254623],[5.027565,45.25437],[5.026642,45.254018],[5.025607,45.253403],[5.024255,45.254615],[5.023413,45.254166],[5.023477,45.253882],[5.023466,45.25372],[5.023225,45.253448],[5.022774,45.253218],[5.021962,45.25302],[5.02139,45.252757],[5.021047,45.252372],[5.020993,45.252198],[5.021176,45.251703],[5.021524,45.25142],[5.021632,45.251243],[5.021535,45.251046],[5.021058,45.250763],[5.020006,45.250408],[5.01911,45.250529],[5.018107,45.250004],[5.018198,45.249811],[5.018145,45.249732],[5.017662,45.249777],[5.017281,45.249755],[5.016616,45.249543],[5.016117,45.249222],[5.015785,45.249147],[5.014894,45.248776],[5.014583,45.248671],[5.014459,45.248482],[5.014084,45.248278],[5.013794,45.24827],[5.013172,45.248002],[5.012941,45.248051],[5.012285,45.248513],[5.011915,45.248532],[5.011783,45.248662],[5.010686,45.248271],[5.010079,45.247788],[5.009589,45.247628],[5.009181,45.247611],[5.009115,45.247434],[5.00856,45.247146],[5.008481,45.247174],[5.00791,45.246858],[5.007207,45.246586],[5.006896,45.246523],[5.006988,45.246319],[5.006922,45.246021],[5.007067,45.245928],[5.007081,45.245761],[5.006869,45.245491],[5.00642,45.245389],[5.006526,45.245165],[5.006367,45.244914],[5.006209,45.244905],[5.005865,45.245072],[5.005773,45.245342],[5.005324,45.245314],[5.004967,45.245398],[5.003963,45.245323],[5.003712,45.245193],[5.002959,45.245258],[5.002154,45.245407],[5.002008,45.245575],[5.001559,45.245705],[5.001374,45.245668],[5.000701,45.24564],[5.000542,45.245705],[5.000093,45.245119],[4.999829,45.244552],[4.999882,45.244486],[4.999565,45.244133],[4.999538,45.243994],[4.999301,45.243798],[4.999063,45.24377],[4.998614,45.243612],[4.998508,45.243538],[4.998151,45.243491],[4.996025,45.243808],[4.995566,45.24378],[4.994981,45.243606],[4.994697,45.243919],[4.994005,45.244996],[4.993737,45.24557],[4.991462,45.244879],[4.990352,45.24727],[4.99018,45.247485],[4.988619,45.248191],[4.987991,45.248017],[4.987573,45.247976],[4.987761,45.248387],[4.98775,45.24858],[4.987498,45.248788],[4.987352,45.249234],[4.987428,45.249917],[4.987605,45.250011],[4.987793,45.25],[4.988018,45.25003],[4.988136,45.250215],[4.988276,45.250608],[4.988405,45.250703],[4.988573,45.250686],[4.989013,45.250348],[4.989188,45.250434],[4.98937,45.250933],[4.989295,45.251114],[4.988968,45.251299],[4.987954,45.251617],[4.987562,45.251817],[4.987369,45.252089],[4.987053,45.252402],[4.986897,45.252659],[4.986827,45.252999],[4.986425,45.252727],[4.985626,45.252376],[4.984381,45.251617],[4.984097,45.251386],[4.98355,45.251171],[4.982944,45.251095],[4.982134,45.251088],[4.981838,45.251012],[4.980798,45.250468],[4.979505,45.250087],[4.978566,45.249509],[4.977321,45.248896],[4.976533,45.248478],[4.97558,45.248265],[4.973778,45.247585],[4.972912,45.247186],[4.972225,45.247032],[4.971582,45.246964],[4.970691,45.246775],[4.968873,45.246174],[4.968025,45.245815],[4.967376,45.245604],[4.967419,45.245457],[4.96729,45.245019],[4.966899,45.244509],[4.966432,45.243783],[4.966013,45.242114],[4.966174,45.241513],[4.965525,45.241079],[4.964876,45.241034],[4.964485,45.240528],[4.963905,45.240052],[4.963734,45.239236],[4.963256,45.238756],[4.963036,45.23848],[4.962405,45.238338],[4.961684,45.238526],[4.961582,45.23848],[4.96258,45.238163],[4.963027,45.237976],[4.963178,45.237417],[4.962577,45.23716],[4.961379,45.235855],[4.960204,45.234457],[4.959469,45.234011],[4.959099,45.233955],[4.958203,45.233721],[4.956819,45.232874],[4.956416,45.232701],[4.956073,45.232447],[4.956164,45.232319],[4.956293,45.232251],[4.955826,45.231582],[4.956311,45.230828],[4.95762,45.229786],[4.958696,45.228968],[4.960225,45.228141],[4.961212,45.227838],[4.962795,45.226773],[4.963483,45.227406],[4.963712,45.227789],[4.964019,45.227996],[4.964404,45.228001],[4.965284,45.22774],[4.96565,45.227663],[4.966834,45.228704],[4.968009,45.229788],[4.968246,45.230172],[4.968148,45.23057],[4.9681,45.230925],[4.968224,45.231386],[4.968427,45.231681],[4.969785,45.232039],[4.971496,45.232716],[4.97207,45.232799],[4.973126,45.232013],[4.975374,45.230838],[4.975535,45.230585],[4.974927,45.230049],[4.974516,45.22955],[4.974398,45.229093],[4.976715,45.227411],[4.977268,45.226901],[4.977171,45.226758],[4.976764,45.226731],[4.976061,45.226501],[4.975141,45.226029],[4.974262,45.225485],[4.974049,45.225069],[4.974157,45.22477],[4.974098,45.224695],[4.973524,45.224733],[4.972717,45.224714],[4.973438,45.224249],[4.973647,45.223909],[4.973899,45.223849],[4.974741,45.223867],[4.975584,45.223607],[4.976045,45.223531],[4.976876,45.223527],[4.977116,45.223475],[4.979017,45.22267],[4.979591,45.222481],[4.980763,45.222326],[4.983024,45.222526],[4.983866,45.222462],[4.984113,45.222352],[4.984226,45.222651],[4.984446,45.222677],[4.984488,45.222348],[4.984349,45.221124],[4.984226,45.220573],[4.984263,45.220214],[4.985116,45.218725],[4.985256,45.218241],[4.985433,45.217882],[4.985261,45.217655],[4.984333,45.21738],[4.984564,45.217217],[4.984869,45.217111],[4.983553,45.216658],[4.983791,45.215989],[4.984365,45.215891],[4.984644,45.215951],[4.984757,45.215917],[4.984773,45.215664],[4.985014,45.215566],[4.98547,45.215634],[4.986033,45.215792],[4.986248,45.215785],[4.985846,45.215479],[4.98605,45.214659],[4.985781,45.213317],[4.985706,45.212671],[4.985744,45.212282],[4.986028,45.211447],[4.986085,45.211141],[4.985524,45.210679],[4.983931,45.209931],[4.982761,45.209504],[4.982021,45.209311],[4.981248,45.209307],[4.981002,45.209258],[4.981897,45.208714],[4.9826,45.208374],[4.983051,45.208521],[4.983834,45.208873],[4.984429,45.20893],[4.984692,45.208782],[4.985588,45.20854],[4.986784,45.207868],[4.987133,45.207599],[4.987514,45.207406],[4.988335,45.207293],[4.988737,45.206397],[4.988667,45.205509],[4.988882,45.205396],[4.989003,45.205577],[4.989156,45.205434],[4.989333,45.205418],[4.989837,45.205211],[4.990695,45.205139],[4.991886,45.204421],[4.99239,45.203888],[4.992562,45.203555],[4.992846,45.203332],[4.993147,45.203056],[4.993688,45.202119],[4.994686,45.201295],[4.994751,45.200871],[4.995169,45.199877],[4.995716,45.199495],[4.996006,45.199087],[4.996639,45.198373],[4.997543,45.197927],[4.997701,45.197719],[4.997578,45.197186],[4.997647,45.196411],[4.997556,45.196479],[4.997422,45.196804],[4.997138,45.196853],[4.996875,45.196732],[4.996698,45.196736],[4.996338,45.197057],[4.99617,45.19711],[4.996065,45.197023],[4.995977,45.196747],[4.995974,45.196252],[4.995162,45.195765],[4.994407,45.195836],[4.993608,45.195817],[4.993061,45.195882],[4.99278,45.19587],[4.992948,45.195685],[4.993232,45.194937],[4.993812,45.194101],[4.993855,45.19392],[4.994089,45.193512],[4.993447,45.191961],[4.993238,45.19065],[4.993281,45.190079],[4.993359,45.189837],[4.993136,45.189531],[4.993356,45.188294],[4.993232,45.187289],[4.993002,45.186793],[4.992927,45.186495],[4.992986,45.186294],[4.993055,45.185606],[4.993147,45.185028],[4.993055,45.184419],[4.992787,45.18398],[4.992616,45.183663],[4.992492,45.18316],[4.992347,45.182869],[4.991661,45.181908],[4.992036,45.181787],[4.992728,45.181364],[4.993016,45.181126],[4.993531,45.180233],[4.994196,45.180158],[4.993883,45.179937],[4.99405,45.179876],[4.994177,45.179787],[4.994763,45.179649],[4.994702,45.17959],[4.994021,45.179522],[4.995016,45.178762],[4.99547,45.178595],[4.99581,45.178563],[4.996126,45.178474],[4.997629,45.177813],[4.998359,45.177344],[4.998488,45.176936],[4.998402,45.176679],[4.998443,45.176512],[4.998573,45.176301],[4.998995,45.176071],[5.000306,45.175163],[5.000041,45.175236],[4.999861,45.175212],[4.99956,45.174894],[4.998564,45.174648],[4.998339,45.174648],[4.99819,45.174806],[4.997672,45.175126],[4.997479,45.175166],[4.997172,45.175041],[4.996913,45.174976],[4.99639,45.175033],[4.995994,45.175005],[4.995712,45.175122],[4.995085,45.17515],[4.993389,45.175515],[4.992601,45.175446],[4.992337,45.175459],[4.992233,45.174255],[4.992124,45.174182],[4.992078,45.173963],[4.991911,45.173764],[4.991595,45.173509],[4.991198,45.173217],[4.990894,45.172743],[4.99079,45.172358],[4.990675,45.172188],[4.990612,45.171426],[4.990698,45.170947],[4.990831,45.17085],[4.990929,45.170469],[4.990736,45.169108],[4.990157,45.168064],[4.989084,45.166778],[4.988848,45.165825],[4.988397,45.165054],[4.987839,45.16463],[4.98638,45.162693],[4.985345,45.160904],[4.984984,45.160534],[4.984771,45.160121],[4.984771,45.159501],[4.984685,45.158986],[4.985028,45.158124],[4.985329,45.157867],[4.984821,45.156811],[4.984771,45.156505],[4.985034,45.156322],[4.985692,45.156057],[4.985777,45.155942],[4.985161,45.155124],[4.984984,45.154585],[4.984984,45.154105],[4.98468,45.153247],[4.984711,45.153019],[4.985366,45.152463],[4.985565,45.152164],[4.986067,45.150591],[4.986046,45.150975],[4.986421,45.15121],[4.986619,45.151575],[4.9872,45.151838],[4.987391,45.152124],[4.987522,45.152141],[4.987639,45.151989],[4.98744,45.151594],[4.987497,45.150821],[4.987044,45.149787],[4.987377,45.148904],[4.987543,45.148736],[4.988212,45.149118],[4.989861,45.14922],[4.990891,45.148963],[4.991178,45.148549],[4.991433,45.14837],[4.991652,45.148125],[4.991949,45.148025],[4.992041,45.147835],[4.992157,45.147949],[4.993641,45.147611],[4.993852,45.147313],[4.99362,45.146997],[4.993787,45.14636],[4.993075,45.145289],[4.992608,45.14514],[4.992457,45.144741],[4.992551,45.144356],[4.992459,45.143976],[4.992572,45.143692],[4.992572,45.143043],[4.992247,45.142733],[4.992414,45.141502],[4.992119,45.140476],[4.992285,45.139726],[4.992586,45.139257],[4.993188,45.139023],[4.993733,45.138964],[4.994625,45.138619],[4.995043,45.138509],[4.99563,45.137985],[4.996168,45.135563],[4.996359,45.134759],[4.996734,45.133621],[4.996841,45.132882],[4.996798,45.132422],[4.996812,45.131878],[4.998093,45.128472],[4.998454,45.127813],[4.998164,45.127553],[4.998334,45.127468],[4.998695,45.126844],[4.998865,45.12625],[4.998681,45.12618],[4.99849,45.125965],[4.998129,45.125745],[4.998171,45.125656],[4.998334,45.125611],[4.998462,45.125391],[4.998164,45.124202],[4.998313,45.124007],[4.998405,45.123718],[4.998667,45.123198],[4.998508,45.122665],[4.996777,45.12149],[4.996083,45.120921],[4.995467,45.120761],[4.994512,45.121226],[4.994434,45.121196],[4.997251,45.119642],[4.99868,45.119637],[4.998844,45.119572],[4.99992,45.119552],[5.001045,45.119278],[5.001689,45.119008],[5.001994,45.119078],[5.002701,45.119552],[5.003431,45.119857],[5.004131,45.119977],[5.005136,45.120371],[5.005505,45.120411],[5.007542,45.120167],[5.007154,45.119397],[5.005547,45.118239],[5.011309,45.115282],[5.012484,45.115581],[5.01288,45.115921],[5.013035,45.115973],[5.01428,45.114777],[5.014501,45.114942],[5.015011,45.114947],[5.015598,45.114877],[5.015924,45.115062],[5.016398,45.115282],[5.016957,45.115706],[5.017648,45.116094],[5.017841,45.116745],[5.018434,45.117179],[5.018924,45.117405],[5.019057,45.117706],[5.019272,45.118094],[5.019207,45.118251],[5.019336,45.118309],[5.019743,45.118327],[5.019979,45.118554],[5.020666,45.118751],[5.022104,45.118932],[5.022929,45.118945],[5.023469,45.119118],[5.023682,45.119402],[5.023778,45.120444],[5.023626,45.120936],[5.023687,45.1213],[5.025295,45.121471],[5.025478,45.121321],[5.025629,45.120893],[5.025827,45.119492],[5.026479,45.118452],[5.027293,45.117886],[5.027804,45.117144],[5.028184,45.117031],[5.028845,45.116946],[5.029345,45.116791],[5.029405,45.11672],[5.029083,45.11665],[5.028139,45.116242],[5.02945,45.115706],[5.030024,45.11509],[5.029861,45.114752],[5.029953,45.112974],[5.030553,45.112103],[5.031595,45.111026],[5.030406,45.111322],[5.029507,45.111445],[5.029019,45.1113],[5.028139,45.110887],[5.026768,45.110561],[5.026485,45.110556],[5.026046,45.110786],[5.025812,45.110836],[5.02526,45.110716],[5.025427,45.109357],[5.025353,45.108365],[5.025476,45.107374],[5.027256,45.106759],[5.027715,45.105977],[5.027939,45.105028],[5.026761,45.105306],[5.025772,45.105239],[5.024764,45.105397],[5.023605,45.105344],[5.023045,45.105107],[5.022776,45.104806],[5.021849,45.104527],[5.021513,45.104606],[5.021326,45.105028],[5.019864,45.105409],[5.0188,45.105052],[5.018295,45.10467],[5.018016,45.104363],[5.017615,45.103772],[5.017615,45.103514],[5.01772,45.102985],[5.017169,45.103648],[5.016713,45.104336],[5.016292,45.104581],[5.015039,45.105071],[5.014437,45.104956],[5.013754,45.104589],[5.01242,45.104589],[5.012024,45.104401],[5.011557,45.103982],[5.011054,45.103625],[5.01116,45.103022],[5.011564,45.102793],[5.012371,45.102673],[5.01281,45.102523],[5.013312,45.101973],[5.013331,45.101467],[5.013493,45.101306],[5.013851,45.101352],[5.014046,45.100663],[5.016094,45.100509],[5.016611,45.100412],[5.016546,45.097988],[5.015175,45.098089],[5.013711,45.098249],[5.012852,45.098186],[5.013955,45.097117],[5.014251,45.095862],[5.014722,45.094496],[5.015193,45.092577],[5.015379,45.09222],[5.015712,45.090701],[5.016159,45.089296],[5.015987,45.088269],[5.016278,45.087887],[5.01695,45.087172],[5.017141,45.086902],[5.017195,45.085955],[5.017318,45.085746],[5.018131,45.085624],[5.018982,45.085653],[5.019555,45.085623],[5.020228,45.085393],[5.020966,45.083988],[5.021262,45.083727],[5.022132,45.084184],[5.0226,45.084373],[5.022681,45.084821],[5.023023,45.085085],[5.02382,45.085406],[5.024389,45.085613],[5.024893,45.085865],[5.025608,45.086394],[5.025757,45.086623],[5.025896,45.086578],[5.025955,45.086411],[5.0258,45.086214],[5.025955,45.086312],[5.026159,45.08635],[5.026304,45.086475],[5.026621,45.0866],[5.026932,45.086612],[5.027039,45.086642],[5.027162,45.086596],[5.027543,45.086589],[5.028487,45.086456],[5.028879,45.086328],[5.029206,45.086025],[5.029512,45.085744],[5.029973,45.085551],[5.03073,45.08515],[5.031089,45.085066],[5.031341,45.08507],[5.031433,45.084399],[5.031135,45.082984],[5.031093,45.08178],[5.031145,45.081136],[5.030909,45.080348],[5.031446,45.079591],[5.031489,45.078781],[5.031231,45.07756],[5.031419,45.077206],[5.031872,45.076647],[5.031896,45.076439],[5.032862,45.076015],[5.033224,45.075687],[5.034667,45.075087],[5.036515,45.074407],[5.035658,45.072373],[5.035673,45.072048],[5.035333,45.070833],[5.035198,45.069293],[5.034059,45.069333],[5.032438,45.069668],[5.031355,45.068693],[5.029975,45.067129],[5.029033,45.065744],[5.028828,45.065604],[5.027004,45.063437],[5.026768,45.062618],[5.026934,45.062564],[5.026137,45.060474],[5.026609,45.060388],[5.02708,45.060411],[5.02808,45.060841],[5.028422,45.060859],[5.028755,45.060744],[5.028934,45.06056],[5.02915,45.059845],[5.029446,45.059641],[5.02975,45.059587],[5.030642,45.059831],[5.031064,45.059876],[5.032178,45.059486],[5.031601,45.058722],[5.031295,45.058101],[5.030137,45.057086],[5.029944,45.056616],[5.029487,45.056287],[5.029519,45.056109],[5.030536,45.055913],[5.031068,45.055455],[5.031739,45.054541],[5.032227,45.054041],[5.032406,45.053679],[5.033128,45.052438],[5.033487,45.051852],[5.033585,45.051422],[5.033788,45.050991],[5.033815,45.050513],[5.040059,45.048496],[5.04154,45.048133],[5.046561,45.04548],[5.049229,45.045734],[5.049627,45.044953],[5.05044,45.045034],[5.050745,45.044979],[5.05156,45.043433],[5.051346,45.042235],[5.048961,45.042316],[5.04857,45.042282],[5.047887,45.042305],[5.046562,45.042207],[5.046172,45.042259],[5.045939,45.042478],[5.045586,45.042397],[5.044115,45.04178],[5.042591,45.040734],[5.042122,45.040167],[5.041711,45.039332],[5.041472,45.038375],[5.041604,45.037027],[5.042956,45.034055],[5.042407,45.032945],[5.041586,45.032181],[5.041887,45.032031],[5.042407,45.032198],[5.042634,45.03219],[5.043879,45.03175],[5.043921,45.031311],[5.043385,45.030643],[5.043074,45.029997],[5.042529,45.029497],[5.04209,45.029267],[5.040862,45.028601],[5.039773,45.028233],[5.039187,45.028198],[5.037984,45.027997],[5.037634,45.028049],[5.035341,45.027756],[5.033658,45.027762],[5.031829,45.027923],[5.030032,45.028267],[5.026836,45.02899],[5.025926,45.029187],[5.022193,45.030371],[5.021551,45.030543],[5.020998,45.030796],[5.020567,45.030865],[5.019722,45.031233],[5.018939,45.031493],[5.018746,45.031646],[5.016721,45.032652],[5.016469,45.032859],[5.015227,45.033267],[5.015203,45.033638],[5.014697,45.033801],[5.013884,45.034203],[5.013071,45.034295],[5.012478,45.034441],[5.010954,45.03479],[5.010139,45.034881],[5.009345,45.034775],[5.008315,45.034957],[5.006491,45.03482],[5.005257,45.034761],[5.003858,45.034531],[5.002996,45.034318],[5.001321,45.034042],[4.999833,45.033508],[4.998955,45.033474],[4.998183,45.033307],[4.997232,45.033272],[4.995337,45.033669],[4.993945,45.034031],[4.992639,45.034584],[4.991912,45.034863],[4.989644,45.035516],[4.988188,45.035898],[4.985392,45.037053],[4.983013,45.03745],[4.981726,45.035982],[4.981793,45.035821],[4.982631,45.035294],[4.98281,45.035059],[4.983192,45.03495],[4.98334,45.035029],[4.984671,45.03451],[4.98533,45.034097],[4.985799,45.033531],[4.986557,45.03313],[4.986735,45.032821],[4.986483,45.031771],[4.98859,45.030909],[4.988153,45.030787],[4.987458,45.030485],[4.986994,45.030151],[4.985548,45.029878],[4.983832,45.029863],[4.982989,45.029737],[4.981448,45.02935],[4.979519,45.028832],[4.978638,45.02867],[4.977726,45.028579],[4.976217,45.028148],[4.975243,45.027956],[4.974769,45.027939],[4.973333,45.02844],[4.972686,45.02844],[4.971207,45.028008],[4.970837,45.027843],[4.970621,45.027599],[4.970492,45.027329],[4.970202,45.027094],[4.970356,45.029574],[4.969143,45.031353],[4.967319,45.031301],[4.966388,45.031109],[4.964995,45.030743],[4.964231,45.030709],[4.962635,45.030238],[4.960953,45.029546],[4.959659,45.029115],[4.958512,45.028816],[4.957558,45.028435],[4.955537,45.027917],[4.954002,45.027438],[4.953251,45.027072],[4.95261,45.026654],[4.952129,45.026053],[4.951388,45.025419],[4.949542,45.025601],[4.948228,45.025278],[4.947637,45.024908],[4.948124,45.024263],[4.948093,45.023814],[4.947988,45.023453],[4.94776,45.023331],[4.947717,45.022756],[4.948341,45.021839],[4.948212,45.020747],[4.947588,45.019685],[4.94744,45.019184],[4.948877,45.017213],[4.948728,45.016915],[4.947723,45.016593],[4.94671,45.016318],[4.944513,45.015904],[4.944291,45.015665],[4.94381,45.015782],[4.943286,45.015839],[4.942676,45.015727],[4.940337,45.014832],[4.939768,45.015159],[4.939221,45.014695],[4.938585,45.014776],[4.938277,45.015059],[4.937352,45.014811],[4.936282,45.01471],[4.935343,45.014475],[4.934931,45.014218],[4.934865,45.013739],[4.934586,45.013254],[4.934487,45.012389],[4.935085,45.011391],[4.935177,45.010773],[4.935123,45.010508],[4.933365,45.009004],[4.932416,45.008407],[4.931947,45.00799],[4.931661,45.007823],[4.930913,45.006799],[4.929323,45.004891],[4.927881,45.003854],[4.929257,45.003257],[4.929958,45.002059],[4.929976,45.001732],[4.930629,45.001305],[4.930845,45.000743],[4.93095,44.999824],[4.931264,44.99927],[4.931618,44.998949],[4.93254,44.998403],[4.930519,44.997209],[4.928029,44.997148],[4.92607,44.996904],[4.923771,44.995401],[4.923475,44.995096],[4.922483,44.995654],[4.921473,44.996268],[4.920782,44.997127],[4.920745,44.997506],[4.920844,44.997785],[4.920289,44.997318],[4.920302,44.997253],[4.91955,44.996778],[4.918693,44.996434],[4.918225,44.996399],[4.91751,44.996098],[4.916783,44.995706],[4.915514,44.995044],[4.914904,44.994604],[4.914399,44.994329],[4.913881,44.993824],[4.913548,44.993335],[4.913382,44.992908],[4.914294,44.992368],[4.914263,44.992194],[4.91393,44.991928],[4.913634,44.991976],[4.91271,44.991662],[4.91239,44.991239],[4.911952,44.990899],[4.911508,44.99049],[4.911046,44.989701],[4.910695,44.989256],[4.910572,44.988947],[4.909876,44.98862],[4.9095,44.988123],[4.908317,44.98699],[4.908331,44.986508],[4.909011,44.986694],[4.90966,44.98674],[4.910712,44.986022],[4.911527,44.986459],[4.912541,44.98669],[4.913313,44.986975],[4.914059,44.987335],[4.914789,44.987616],[4.915888,44.987965],[4.916645,44.98809],[4.918544,44.987677],[4.920111,44.987176],[4.919402,44.985899],[4.923008,44.985036],[4.924832,44.984292],[4.926956,44.983867],[4.929316,44.983898],[4.928525,44.983403],[4.927338,44.982943],[4.925904,44.981896],[4.92554,44.981107],[4.923437,44.979027],[4.919317,44.977646],[4.917581,44.976743],[4.91627,44.973639],[4.915433,44.972865],[4.914982,44.97136],[4.914917,44.970191],[4.915153,44.969083],[4.915261,44.968248],[4.91614,44.965496],[4.915754,44.964432],[4.914041,44.964763],[4.912747,44.964868],[4.91096,44.96465],[4.910325,44.964433],[4.909596,44.964733],[4.907434,44.96498],[4.904392,44.96495],[4.903952,44.963257],[4.903759,44.960722],[4.903153,44.959693],[4.902971,44.959222],[4.9023,44.9583],[4.901828,44.957563],[4.901576,44.957104],[4.901415,44.956948],[4.901372,44.956584],[4.900922,44.955965],[4.900573,44.955377],[4.899918,44.954659],[4.899913,44.954519],[4.899623,44.954238],[4.899307,44.954166],[4.899307,44.953835],[4.899103,44.953273],[4.898309,44.952006],[4.897869,44.951246],[4.896909,44.949633],[4.896367,44.948672],[4.895638,44.947731],[4.897183,44.947226],[4.896544,44.946254],[4.896319,44.946022],[4.895927,44.945806],[4.897537,44.945039],[4.897681,44.945012],[4.898255,44.945122],[4.89861,44.945031],[4.89839,44.944917],[4.896153,44.942404],[4.895858,44.942016],[4.895493,44.94134],[4.894967,44.941359],[4.894034,44.941337],[4.893701,44.941056],[4.893798,44.940778],[4.893755,44.940323],[4.893068,44.938386],[4.893004,44.938117],[4.893401,44.937217],[4.893385,44.936898],[4.893293,44.936727],[4.892408,44.93618],[4.89221,44.936001],[4.890794,44.935504],[4.890627,44.935527],[4.890279,44.935671],[4.889962,44.935755],[4.890096,44.935496],[4.890021,44.935048],[4.889882,44.934858],[4.889849,44.934722],[4.889705,44.934699],[4.889463,44.934414],[4.889039,44.934319],[4.889061,44.9334],[4.888937,44.93307],[4.888911,44.932303],[4.888793,44.931972],[4.888728,44.931919],[4.888557,44.931896]]],"type":"MultiLineString"},"properties":{"geo_point":{"lon":4.967894487993199,"lat":45.182625043449555},"name":"GR422 De Roussillon (Isère) à Valence (Drôme) (2020)","code_gr":"GR422"}},{"type":"Feature","geometry":{"coordinates":[[[4.975704,45.770452],[4.976434,45.774628],[4.976498,45.775781],[4.975812,45.777756],[4.976756,45.778145],[4.978387,45.779103],[4.979138,45.779253],[4.98006,45.779208],[4.980682,45.779043],[4.983579,45.779118],[4.984674,45.779447],[4.985189,45.779402],[4.985382,45.779687],[4.986133,45.779881],[4.987377,45.780869],[4.988193,45.781946],[4.988793,45.781797],[4.988922,45.782201],[4.989952,45.783383],[4.99066,45.784685],[4.990596,45.785358],[4.990296,45.786226],[4.989716,45.786959],[4.989695,45.787528],[4.989287,45.787632],[4.989351,45.788291],[4.991175,45.788897],[4.992913,45.789233],[4.992248,45.790774],[4.991497,45.793273],[4.99139,45.793812],[4.991089,45.79462],[4.992849,45.79453],[4.9939,45.794156],[4.994673,45.793288],[4.995102,45.7926],[4.995939,45.791897],[4.996239,45.791193],[4.997055,45.79076],[4.997977,45.790415],[4.998921,45.789338],[4.999866,45.788261],[5.000917,45.787528],[5.002033,45.786929],[5.004157,45.786286],[5.007269,45.785792],[5.009543,45.785897],[5.010487,45.786106],[5.011174,45.78648],[5.012375,45.786375],[5.014392,45.785717],[5.015895,45.785283],[5.017568,45.785253],[5.019135,45.785433],[5.021409,45.786181],[5.022332,45.786839],[5.023233,45.787752],[5.024306,45.788351],[5.025615,45.789114],[5.026259,45.789278],[5.026452,45.789877],[5.030678,45.794185],[5.031579,45.794858],[5.032524,45.795218],[5.034648,45.795457],[5.036922,45.796025],[5.038746,45.796848],[5.04012,45.79818],[5.041214,45.799197],[5.042201,45.799825],[5.043338,45.800379],[5.04454,45.801261],[5.04911,45.802817],[5.050333,45.803101],[5.051041,45.803565],[5.053209,45.804283],[5.054539,45.804403],[5.055247,45.804612],[5.056063,45.804687],[5.057178,45.804971],[5.060225,45.805569],[5.062436,45.806243],[5.066512,45.807454],[5.068744,45.807873],[5.070933,45.808082],[5.072392,45.808666],[5.074945,45.809428],[5.077027,45.809608],[5.078143,45.809862],[5.078014,45.809279],[5.078722,45.806826],[5.079065,45.806407],[5.079409,45.805839],[5.080117,45.805076],[5.080825,45.80373],[5.082241,45.802578],[5.083507,45.80189],[5.084322,45.800828],[5.084601,45.799885],[5.085438,45.799167],[5.086704,45.798823],[5.087026,45.79806],[5.087176,45.797312],[5.088056,45.79601],[5.08915,45.795023],[5.091382,45.792255],[5.090931,45.792091],[5.090094,45.791298],[5.090588,45.790535],[5.091081,45.789128],[5.090052,45.787946],[5.088914,45.787363],[5.088786,45.786973],[5.089215,45.784534],[5.089515,45.784175],[5.090738,45.78428],[5.095087,45.783288],[5.0997,45.782255],[5.103391,45.781507],[5.106738,45.780235],[5.106926,45.780559],[5.109093,45.779691],[5.109844,45.779526],[5.111046,45.779347],[5.112011,45.778943],[5.113878,45.778598],[5.116716,45.778215],[5.117016,45.777885],[5.118433,45.777661],[5.118991,45.777362],[5.118561,45.776464],[5.120214,45.775955],[5.121171,45.775235],[5.122051,45.774726],[5.122845,45.773948],[5.124519,45.77311],[5.125463,45.772407],[5.126592,45.771874],[5.127064,45.771425],[5.127407,45.771529],[5.128609,45.770886],[5.130432,45.770108],[5.131269,45.769314],[5.133093,45.768042],[5.134595,45.767279],[5.13717,45.76638],[5.137556,45.765722],[5.14453,45.760962],[5.144938,45.760468],[5.145839,45.760004],[5.146805,45.759989],[5.148135,45.759809],[5.149079,45.75945],[5.149337,45.759105],[5.150581,45.757997],[5.151032,45.757848],[5.153156,45.757459],[5.154894,45.756785],[5.155838,45.75662],[5.156461,45.756336],[5.158799,45.756216],[5.159958,45.75683],[5.160902,45.758147],[5.161482,45.758162],[5.162168,45.758686],[5.162533,45.75912],[5.165473,45.76156],[5.166031,45.761725],[5.170494,45.761156],[5.170902,45.760782],[5.171781,45.760483],[5.172468,45.760453],[5.175215,45.760962],[5.171502,45.757923],[5.170236,45.756695],[5.169571,45.755976],[5.170236,45.755737],[5.170451,45.755437],[5.170344,45.754868],[5.171846,45.754255],[5.171953,45.754015],[5.171223,45.753147],[5.17103,45.752668],[5.170966,45.75147],[5.17073,45.751036],[5.170794,45.750736],[5.171846,45.750691],[5.173133,45.750916],[5.174855,45.75092],[5.174869,45.751572],[5.175634,45.751552],[5.176157,45.751838],[5.175832,45.752125],[5.176667,45.752589],[5.177304,45.752698],[5.177474,45.753231],[5.177382,45.753356],[5.177573,45.753962],[5.178338,45.754456],[5.178862,45.754928],[5.180193,45.755363],[5.1806,45.755632],[5.180686,45.755946],[5.181223,45.756261],[5.181266,45.75674],[5.181158,45.757593],[5.181351,45.757953],[5.181133,45.758444],[5.181262,45.759118],[5.181155,45.759597],[5.181498,45.760645],[5.181927,45.761228],[5.183815,45.762186],[5.184244,45.762785],[5.184094,45.763998],[5.183601,45.764656],[5.183644,45.76527],[5.183043,45.766168],[5.183923,45.766318],[5.184953,45.766198],[5.188772,45.766333],[5.191712,45.766842],[5.195467,45.766528],[5.196733,45.767126],[5.198943,45.768803],[5.199909,45.769252],[5.201196,45.769207],[5.20553,45.768833],[5.205724,45.770569],[5.20596,45.770883],[5.20596,45.771407],[5.208234,45.771048],[5.210609,45.77014],[5.210309,45.769765],[5.211103,45.768942],[5.21312,45.76758],[5.213527,45.767415],[5.214128,45.766562],[5.214579,45.765395],[5.216403,45.763239],[5.221188,45.765859],[5.222218,45.765814],[5.222368,45.766308],[5.22269,45.766502],[5.223398,45.766592],[5.224364,45.76746],[5.226509,45.768418],[5.227818,45.767146],[5.228655,45.767879],[5.233761,45.762992],[5.232817,45.762603],[5.234727,45.760792],[5.234856,45.759549],[5.236701,45.758651],[5.237087,45.757783],[5.236615,45.756735],[5.240564,45.755747],[5.243138,45.754489],[5.243868,45.75383],[5.245091,45.752108],[5.246379,45.749967],[5.247044,45.747317],[5.2464,45.746928],[5.2461,45.746329],[5.245649,45.745984],[5.245649,45.745565],[5.246057,45.744637],[5.246057,45.744113],[5.24625,45.743573],[5.246121,45.743229],[5.246293,45.742855],[5.246572,45.742645],[5.246336,45.741687],[5.245155,45.740818],[5.244233,45.740743],[5.243074,45.740788],[5.240199,45.738991],[5.239941,45.738302],[5.239061,45.737359],[5.238504,45.736655],[5.240413,45.736864],[5.242538,45.736864],[5.243439,45.736415],[5.243911,45.735487],[5.244168,45.735382],[5.245027,45.733599],[5.245327,45.732266],[5.24603,45.731195],[5.246417,45.730491],[5.246803,45.730101],[5.24749,45.729607],[5.247897,45.729547],[5.247897,45.728813],[5.248198,45.728139],[5.248069,45.72787],[5.248562,45.72775],[5.248305,45.726956],[5.247983,45.726686],[5.247854,45.725892],[5.248369,45.725158],[5.248477,45.724574],[5.249099,45.724394],[5.248283,45.722327],[5.24794,45.721758],[5.251738,45.721578],[5.252854,45.721728],[5.253176,45.721278],[5.254742,45.72017],[5.254442,45.719945],[5.253541,45.72041],[5.254141,45.719765],[5.253154,45.720185],[5.252747,45.71993],[5.253691,45.719226],[5.25412,45.718462],[5.25485,45.718013],[5.255257,45.717668],[5.255794,45.717368],[5.256437,45.716754],[5.25648,45.71626],[5.256673,45.715886],[5.257763,45.715103],[5.258023,45.714353],[5.259259,45.713445],[5.259731,45.712639],[5.259649,45.711844],[5.260153,45.711117],[5.260967,45.710504],[5.260219,45.710742],[5.25921,45.71064],[5.25908,45.710481],[5.259055,45.710102],[5.259077,45.708289],[5.259248,45.708274],[5.259592,45.707375],[5.259999,45.707165],[5.26075,45.707015],[5.26163,45.706461],[5.261995,45.706101],[5.262725,45.705636],[5.262639,45.704902],[5.262639,45.704183],[5.262467,45.703628],[5.262574,45.702999],[5.262832,45.702505],[5.262617,45.70198],[5.262682,45.701485],[5.261673,45.701905],[5.261178,45.702271],[5.260836,45.702237],[5.259893,45.702793],[5.259227,45.703077],[5.2583,45.703577],[5.258104,45.703997],[5.256966,45.70494],[5.256316,45.705371],[5.254836,45.705871],[5.254104,45.705803],[5.253385,45.705497],[5.252597,45.704984],[5.251502,45.704902],[5.251036,45.704962],[5.250837,45.704767],[5.250043,45.704917],[5.248906,45.704692],[5.247747,45.704842],[5.246781,45.704827],[5.245751,45.704587],[5.244443,45.706101],[5.243241,45.706805],[5.242833,45.707255],[5.24249,45.707974],[5.241245,45.708663],[5.240881,45.709083],[5.240881,45.709772],[5.240087,45.709802],[5.239507,45.710192],[5.23925,45.710791],[5.238821,45.7116],[5.237984,45.712424],[5.23734,45.712814],[5.235366,45.713548],[5.2341,45.712949],[5.232791,45.712469],[5.231654,45.71181],[5.229787,45.7113],[5.229916,45.710866],[5.228414,45.710177],[5.228521,45.709847],[5.229959,45.710162],[5.230731,45.710506],[5.23116,45.710476],[5.2291,45.709323],[5.228607,45.708648],[5.2288,45.707944],[5.229229,45.707435],[5.228972,45.70736],[5.228972,45.706775],[5.228778,45.706446],[5.228607,45.705801],[5.228092,45.705412],[5.228263,45.704513],[5.228757,45.703928],[5.229293,45.703718],[5.229658,45.703164],[5.229615,45.702415],[5.230903,45.701351],[5.231482,45.700332],[5.230645,45.700466],[5.229701,45.699567],[5.229615,45.698878],[5.229894,45.698218],[5.228306,45.698218],[5.227598,45.698458],[5.227491,45.698803],[5.226504,45.699312],[5.226397,45.698818],[5.225517,45.697844],[5.224938,45.69639],[5.224916,45.695476],[5.224594,45.694879],[5.224895,45.694384],[5.224594,45.693665],[5.224594,45.69302],[5.224444,45.692421],[5.224144,45.692046],[5.223586,45.691791],[5.222363,45.690757],[5.222384,45.690322],[5.222234,45.689753],[5.222513,45.689078],[5.221869,45.687924],[5.221504,45.687714],[5.220603,45.68644],[5.219874,45.684611],[5.219294,45.684341],[5.218693,45.683712],[5.218929,45.683187],[5.21968,45.682183],[5.219359,45.681358],[5.219251,45.680639],[5.218886,45.680609],[5.218135,45.680324],[5.21644,45.681463],[5.213329,45.682348],[5.211913,45.681358],[5.209703,45.679289],[5.209209,45.678915],[5.20878,45.678375],[5.208136,45.67824],[5.206033,45.679049],[5.205454,45.678195],[5.204274,45.67752],[5.203866,45.677415],[5.203029,45.676051],[5.202943,45.675451],[5.203029,45.675106],[5.202729,45.674327],[5.202879,45.673532],[5.203201,45.672677],[5.202965,45.671673],[5.202514,45.670803],[5.201549,45.670503],[5.199339,45.670443],[5.198287,45.669949],[5.1976,45.669484],[5.19745,45.669259],[5.196914,45.669154],[5.197407,45.668899],[5.198566,45.668494],[5.19906,45.668104],[5.19921,45.667145],[5.199553,45.665765],[5.200025,45.664625],[5.199467,45.66428],[5.199403,45.662781],[5.198394,45.663156],[5.197622,45.663051],[5.19612,45.662181],[5.194725,45.660846],[5.194403,45.659916],[5.194468,45.659107],[5.194425,45.657982],[5.194532,45.657187],[5.194425,45.656632],[5.192622,45.656302],[5.192558,45.655807],[5.191592,45.654547],[5.190519,45.653572],[5.189962,45.653392],[5.190648,45.652792],[5.192579,45.650752],[5.192815,45.650332],[5.191936,45.649957],[5.190906,45.649492],[5.189704,45.649132],[5.189253,45.649207],[5.188073,45.650842],[5.187322,45.651202],[5.186936,45.651562],[5.186721,45.652507],[5.186936,45.653317],[5.187301,45.654007],[5.186764,45.655777],[5.186099,45.656782],[5.185176,45.657892],[5.184125,45.660531],[5.184039,45.660966],[5.183181,45.661581],[5.179233,45.661191],[5.179125,45.661911],[5.176486,45.661701],[5.174705,45.661611],[5.173203,45.659916],[5.172581,45.660036],[5.172366,45.660516],[5.171529,45.661056],[5.170993,45.661611],[5.170349,45.661881],[5.169255,45.662121],[5.16874,45.662481],[5.168718,45.662931],[5.16904,45.663531],[5.169105,45.664265],[5.16904,45.66512],[5.169555,45.66599],[5.169663,45.6671],[5.170156,45.667669],[5.170306,45.668299],[5.171057,45.668689],[5.172645,45.669079],[5.174684,45.669574],[5.176229,45.670233],[5.177481,45.671403],[5.178125,45.672258],[5.176644,45.672153],[5.175271,45.672468],[5.172632,45.673877],[5.171151,45.674162],[5.170872,45.674582],[5.170786,45.675286],[5.169714,45.676561],[5.169753,45.67723],[5.170207,45.678752],[5.170729,45.679348],[5.170224,45.679422],[5.167017,45.680152],[5.16407,45.680684],[5.161259,45.681208],[5.158877,45.681883],[5.157182,45.682138],[5.156474,45.682632],[5.155745,45.682947],[5.156002,45.683667],[5.157011,45.685496],[5.157204,45.68632],[5.157418,45.687834],[5.15789,45.690037],[5.157075,45.691039],[5.156002,45.692208],[5.155294,45.694201],[5.155294,45.694713],[5.155616,45.696691],[5.155358,45.69798],[5.155573,45.698835],[5.15523,45.699689],[5.155337,45.700033],[5.157139,45.701262],[5.158706,45.702791],[5.159156,45.70378],[5.159822,45.704649],[5.156689,45.706208],[5.154693,45.701607],[5.154221,45.700168],[5.153663,45.700243],[5.153363,45.698625],[5.148921,45.696317],[5.148664,45.695987],[5.148191,45.695807],[5.147762,45.696886],[5.145981,45.696916],[5.145466,45.696092],[5.145445,45.695717],[5.145016,45.694848],[5.14493,45.693949],[5.143578,45.694203],[5.143449,45.694638],[5.144093,45.695013],[5.143621,45.695822],[5.143814,45.696197],[5.144823,45.697216],[5.144866,45.69816],[5.144501,45.699164],[5.143406,45.699254],[5.143299,45.69858],[5.143342,45.697621],[5.143192,45.697426],[5.142162,45.697426],[5.141819,45.69798],[5.141282,45.698235],[5.140231,45.698145],[5.137591,45.699104],[5.135531,45.698939],[5.13463,45.698954],[5.132892,45.6984],[5.132377,45.697875],[5.131755,45.696587],[5.132592,45.696766],[5.132656,45.697111],[5.133557,45.697141],[5.133944,45.695882],[5.1336,45.695328],[5.13345,45.694938],[5.132184,45.695058],[5.131154,45.695432],[5.130703,45.695897],[5.129459,45.695268],[5.129545,45.694923],[5.126841,45.693349],[5.126069,45.693049],[5.122786,45.6923],[5.120447,45.691206],[5.119545,45.690696],[5.118988,45.690112],[5.118773,45.689107],[5.118473,45.688808],[5.116692,45.688193],[5.116069,45.687713],[5.115576,45.687219],[5.115404,45.686664],[5.115104,45.686679],[5.113773,45.686319],[5.112894,45.686079],[5.1124,45.685675],[5.111563,45.685615],[5.110383,45.686079],[5.109031,45.685105],[5.108881,45.684625],[5.107915,45.684116],[5.107057,45.683801],[5.106328,45.683291],[5.105555,45.683051],[5.104761,45.682467],[5.104954,45.681942],[5.104547,45.681672],[5.104396,45.681327],[5.103323,45.680143],[5.102594,45.679603],[5.102251,45.679094],[5.1015,45.678764],[5.100513,45.678899],[5.099568,45.678869],[5.099075,45.678569],[5.098667,45.677744],[5.099933,45.676335],[5.099139,45.67551],[5.09901,45.675076],[5.098367,45.674401],[5.098088,45.673786],[5.09783,45.673441],[5.097659,45.672452],[5.09738,45.671747],[5.096543,45.671042],[5.095427,45.670443],[5.092595,45.669798],[5.090599,45.669948],[5.089161,45.669588],[5.087123,45.668598],[5.086329,45.668028],[5.086887,45.667594],[5.0859,45.666649],[5.085149,45.666184],[5.08502,45.664699],[5.085642,45.6644],[5.085707,45.663965],[5.084312,45.663005],[5.084033,45.66239],[5.084119,45.661865],[5.084226,45.66089],[5.083904,45.660351],[5.082381,45.658266],[5.081716,45.658026],[5.079699,45.658476],[5.078776,45.658956],[5.077682,45.659811],[5.076201,45.660141],[5.075471,45.658566],[5.074978,45.658056],[5.073948,45.657411],[5.073004,45.657096],[5.07236,45.657201],[5.07133,45.658251],[5.070343,45.658836],[5.06839,45.658221],[5.067318,45.658311],[5.065365,45.658131],[5.063949,45.657486],[5.06294,45.656886],[5.061975,45.656646],[5.061524,45.655971],[5.060387,45.655296],[5.060859,45.655311],[5.061867,45.655896],[5.069528,45.653976],[5.073068,45.652597],[5.073111,45.651757],[5.072703,45.650407],[5.072939,45.650032],[5.073025,45.648982],[5.073261,45.648397],[5.073519,45.647602],[5.073411,45.646942],[5.073969,45.641613],[5.072017,45.640758],[5.070794,45.638582],[5.069656,45.637082],[5.06912,45.635657],[5.068584,45.633901],[5.067318,45.630945],[5.06706,45.62976],[5.066824,45.62964],[5.066266,45.629205],[5.06603,45.62868],[5.065494,45.62862],[5.065193,45.628484],[5.065172,45.628139],[5.064957,45.627494],[5.064313,45.627494],[5.063348,45.627134],[5.062532,45.627164],[5.061567,45.627044],[5.060902,45.626444],[5.060794,45.625633],[5.058928,45.625618],[5.058069,45.625438],[5.057061,45.625048],[5.056696,45.624688],[5.055172,45.624088],[5.053992,45.623848],[5.053134,45.623818],[5.05264,45.623487],[5.051675,45.623352],[5.050087,45.622572],[5.048971,45.621777],[5.048821,45.621476],[5.045645,45.621185],[5.045023,45.620885],[5.042748,45.620135],[5.042169,45.6203],[5.041182,45.62009],[5.039616,45.618964],[5.038564,45.617944],[5.038393,45.617568],[5.03453,45.615918],[5.035281,45.615107],[5.03674,45.613861],[5.036783,45.613486],[5.035689,45.609844],[5.036247,45.609709],[5.036461,45.609529],[5.036848,45.609574],[5.039294,45.608973],[5.039208,45.608658],[5.038135,45.607307],[5.038307,45.606346],[5.037792,45.605521],[5.037556,45.604905],[5.036118,45.60435],[5.035517,45.603704],[5.033908,45.603074],[5.03335,45.602458],[5.034294,45.601528],[5.033071,45.601272],[5.030582,45.599696],[5.029724,45.597579],[5.028651,45.596123],[5.028093,45.595882],[5.027299,45.595822],[5.026526,45.595882],[5.025109,45.595627],[5.023929,45.596558],[5.021494,45.596003],[5.020517,45.595567],[5.019981,45.594982],[5.020067,45.593525],[5.019917,45.592129],[5.020603,45.591904],[5.021161,45.591558],[5.021011,45.591048],[5.022084,45.591258],[5.023092,45.591273],[5.02365,45.591198],[5.024315,45.591543],[5.026225,45.591588],[5.027105,45.591438],[5.027191,45.590567],[5.026826,45.589937],[5.026762,45.589291],[5.026354,45.58881],[5.026676,45.587294],[5.026676,45.586197],[5.027427,45.58396],[5.027598,45.583299],[5.028242,45.582578],[5.027899,45.581647],[5.023779,45.580566],[5.021633,45.579409],[5.016891,45.576285],[5.013479,45.573822],[5.011591,45.572005],[5.010947,45.572801],[5.010861,45.573822],[5.010153,45.574288],[5.01011,45.575039],[5.007557,45.574964],[5.007557,45.573762],[5.007922,45.572921],[5.005604,45.5725],[5.004918,45.571885],[5.00451,45.571764],[5.003866,45.570983],[5.003244,45.570758],[5.003072,45.569812],[5.003094,45.56876],[5.003287,45.568069],[5.002729,45.566582],[5.0023,45.566206],[5.002192,45.565741],[5.000841,45.56541],[5.001163,45.564599],[5.002793,45.56514],[5.003222,45.564419],[5.003394,45.563743],[5.004038,45.562871],[5.009922,45.553163],[5.011489,45.552953],[5.011424,45.552577],[5.012004,45.552637],[5.012669,45.552412],[5.012991,45.552006],[5.013785,45.551826],[5.014107,45.55148],[5.01372,45.550759],[5.014321,45.550383],[5.015265,45.550383],[5.016639,45.549422],[5.017583,45.549271],[5.019106,45.549196],[5.021767,45.5479],[5.024428,45.547419],[5.0249,45.547539],[5.026016,45.547239],[5.027046,45.547134],[5.026402,45.545781],[5.026531,45.545225],[5.027217,45.544489],[5.027389,45.543737],[5.027325,45.54231],[5.029342,45.542204],[5.031208,45.540025],[5.031325,45.539449],[5.032172,45.538692],[5.03318,45.536392],[5.034275,45.535265],[5.033545,45.534589],[5.033352,45.534003],[5.032708,45.533687],[5.031979,45.532875],[5.030927,45.531252],[5.029704,45.531402],[5.027215,45.532109],[5.023889,45.531357],[5.022021,45.531568],[5.020197,45.530252],[5.017901,45.529989],[5.017021,45.529358],[5.015948,45.529373],[5.015347,45.528516],[5.014511,45.526396],[5.012,45.526442],[5.011163,45.526577],[5.010691,45.526547],[5.009597,45.526021],[5.00906,45.525945],[5.00876,45.525434],[5.008481,45.525104],[5.008781,45.524668],[5.008717,45.524187],[5.008781,45.523751],[5.008202,45.522518],[5.007623,45.522398],[5.006872,45.521556],[5.006957,45.52115],[5.005799,45.520518],[5.004683,45.520293],[5.003889,45.519827],[5.002559,45.518789],[5.001185,45.518293],[4.999941,45.517602],[4.999361,45.517256],[4.998954,45.517256],[4.998653,45.517797],[4.997688,45.517602],[4.997023,45.517647],[4.997173,45.517105],[4.99698,45.51679],[4.99743,45.516263],[4.998074,45.515963],[4.99728,45.515888],[4.996121,45.515872],[4.993761,45.515421],[4.992559,45.515376],[4.990886,45.515406],[4.988676,45.515211],[4.987254,45.515497],[4.981548,45.516084],[4.981139,45.514519],[4.974787,45.51494],[4.972105,45.515286],[4.969659,45.515767],[4.965968,45.516609],[4.964294,45.516624],[4.960711,45.51682],[4.957278,45.516835],[4.956312,45.516519],[4.956162,45.516805],[4.956205,45.517226],[4.955818,45.517662],[4.955218,45.517992],[4.954638,45.518849],[4.953758,45.51927],[4.951269,45.522082],[4.950883,45.522743],[4.94966,45.522728],[4.948169,45.523065],[4.946104,45.523441],[4.944673,45.524011],[4.941307,45.52417],[4.939372,45.524147],[4.938831,45.524857],[4.938752,45.5273],[4.934023,45.527152],[4.933098,45.527226],[4.932174,45.527189],[4.931249,45.527319],[4.930457,45.527282],[4.929872,45.526916],[4.929192,45.526916],[4.92723,45.527084],[4.926956,45.526063],[4.926418,45.525666],[4.923388,45.525389],[4.920075,45.524456],[4.91827,45.523307],[4.92063,45.521594],[4.920783,45.521262],[4.9205,45.520885],[4.919849,45.520588],[4.918847,45.519225],[4.922087,45.517752],[4.921186,45.516985],[4.920671,45.516835],[4.920306,45.516955],[4.920048,45.516339],[4.918675,45.514128],[4.919469,45.514038],[4.919898,45.512655],[4.920842,45.512068],[4.922366,45.512053],[4.922881,45.512565],[4.924748,45.512098],[4.924962,45.510114],[4.925284,45.509497],[4.9264,45.508384],[4.926271,45.507918],[4.928031,45.50673],[4.927988,45.506384],[4.928224,45.505828],[4.928288,45.50461],[4.929125,45.500955],[4.929104,45.500053],[4.929597,45.499466],[4.929425,45.499],[4.929125,45.498729],[4.930649,45.495586],[4.929962,45.495511],[4.929211,45.495089],[4.928632,45.494849],[4.928202,45.493927],[4.926336,45.491987],[4.925241,45.491325],[4.924125,45.490407],[4.922731,45.489956],[4.921744,45.48979],[4.920606,45.48976],[4.919641,45.48952],[4.918031,45.489384],[4.917126,45.489081],[4.916225,45.489096],[4.915903,45.489216],[4.915646,45.489547],[4.914702,45.490389],[4.911891,45.488975],[4.909659,45.488133],[4.909123,45.489171],[4.908243,45.490254],[4.906869,45.491337],[4.906033,45.491788],[4.905603,45.490825],[4.904466,45.490976],[4.904144,45.490825],[4.903501,45.490735],[4.903329,45.489607],[4.902535,45.489517],[4.901934,45.489622],[4.901462,45.489863],[4.900582,45.488885],[4.900518,45.487997],[4.899724,45.487591],[4.899037,45.487501],[4.898823,45.4872],[4.897385,45.487336],[4.89657,45.487606],[4.89539,45.48714],[4.893351,45.486779],[4.892664,45.486794],[4.891506,45.48699],[4.88951,45.486884],[4.888502,45.487125],[4.887536,45.486779],[4.886742,45.486267],[4.886549,45.485696],[4.886077,45.484733],[4.885755,45.484297],[4.885734,45.48371],[4.884339,45.482204],[4.883695,45.481812],[4.882536,45.481647],[4.881356,45.481316],[4.879425,45.48112],[4.877945,45.480744],[4.877365,45.480699],[4.875219,45.481707],[4.87213,45.482565],[4.872022,45.481271],[4.87243,45.480248],[4.872387,45.479616],[4.87243,45.479119],[4.87213,45.479119],[4.873503,45.478141],[4.873074,45.47766],[4.873288,45.476381],[4.873181,45.475343],[4.872902,45.474455],[4.87273,45.473643],[4.872258,45.473432],[4.871228,45.471355],[4.870585,45.470949],[4.870091,45.470392],[4.868696,45.469655],[4.86816,45.468963],[4.867817,45.467172],[4.866679,45.466073],[4.864877,45.465637],[4.864705,45.464508],[4.864877,45.462853],[4.865306,45.460957],[4.865263,45.460385],[4.864491,45.459557],[4.864533,45.457931],[4.86537,45.45748],[4.865714,45.457089],[4.866593,45.457134],[4.867838,45.456547],[4.868546,45.456502],[4.869619,45.453958],[4.87013,45.452401],[4.871224,45.451211],[4.871654,45.450383],[4.872641,45.450594],[4.874314,45.450143],[4.874722,45.44954],[4.876009,45.450278],[4.877726,45.449179],[4.878134,45.449315],[4.879722,45.448517],[4.882082,45.448216],[4.885301,45.4451],[4.885966,45.444738],[4.887146,45.44388],[4.887961,45.44391],[4.888734,45.442871],[4.887682,45.44245],[4.888841,45.441501],[4.889485,45.44117],[4.889678,45.440523],[4.888691,45.439815],[4.888455,45.439153],[4.888004,45.438927],[4.887897,45.4384],[4.888305,45.438084],[4.888176,45.437195],[4.887833,45.436488],[4.888219,45.434048],[4.888219,45.432904],[4.888519,45.432377],[4.888476,45.431579],[4.888798,45.431097],[4.889506,45.430766],[4.890858,45.430465],[4.891695,45.430073],[4.893068,45.428718],[4.893455,45.427719],[4.893369,45.426891],[4.89397,45.426499],[4.895236,45.426063],[4.896351,45.425761],[4.896974,45.42543],[4.897639,45.424662],[4.898583,45.424617],[4.898905,45.424165],[4.899784,45.423939],[4.900213,45.423006],[4.900235,45.421786],[4.89884,45.421831],[4.898819,45.421605],[4.899484,45.421364],[4.900836,45.420611],[4.89884,45.420716],[4.898304,45.418261],[4.897832,45.41796],[4.897681,45.417553],[4.897016,45.417132],[4.896759,45.416725],[4.896544,45.416092],[4.896716,45.415851],[4.896737,45.415671],[4.896523,45.41549],[4.8959,45.415535],[4.895178,45.415284],[4.895564,45.414756],[4.895178,45.414033],[4.89535,45.413521],[4.895564,45.412331],[4.895199,45.41209],[4.894942,45.412256],[4.894813,45.412572],[4.894513,45.412512],[4.894191,45.411638],[4.89425,45.410556],[4.894035,45.408823],[4.891997,45.408733],[4.889679,45.407347],[4.887898,45.406172],[4.887169,45.405479],[4.886396,45.405072],[4.885924,45.404409],[4.883564,45.404681],[4.881633,45.404876],[4.879938,45.405298],[4.878672,45.405856],[4.877406,45.407257],[4.876504,45.407302],[4.876032,45.40798],[4.876268,45.408567],[4.875303,45.408899],[4.874444,45.408688],[4.873565,45.409019],[4.873372,45.409351],[4.871355,45.409938],[4.870882,45.409531],[4.870325,45.409697],[4.868951,45.409516],[4.866805,45.409908],[4.864402,45.410164],[4.860518,45.411249],[4.857965,45.411746],[4.855926,45.411851],[4.855347,45.411972],[4.854918,45.40792],[4.857042,45.406262],[4.85539,45.403445],[4.85363,45.401622],[4.852064,45.400492],[4.851506,45.399784],[4.851013,45.398142],[4.850531,45.39721],[4.850531,45.396863],[4.848987,45.395763],[4.847828,45.395236],[4.846712,45.394106],[4.846948,45.393262],[4.847763,45.392216],[4.848278,45.391176],[4.848622,45.389157],[4.846991,45.389221],[4.844674,45.388859],[4.84227,45.388543],[4.841541,45.38806],[4.84109,45.387593],[4.841712,45.386945],[4.842699,45.386568],[4.843901,45.386252],[4.844545,45.385619],[4.843172,45.385453],[4.842249,45.385589],[4.841691,45.385483],[4.840918,45.385227],[4.839652,45.385303],[4.839052,45.385137],[4.838451,45.384639],[4.837485,45.385348],[4.838601,45.383871],[4.840017,45.381686],[4.839567,45.376998],[4.839137,45.376048],[4.837035,45.375295],[4.836584,45.374586],[4.834031,45.373381],[4.832958,45.3721],[4.831435,45.371662],[4.828752,45.3691],[4.828044,45.368693],[4.827293,45.36907],[4.826092,45.370095],[4.823753,45.370909],[4.820706,45.371632],[4.820513,45.372175],[4.819611,45.372552],[4.818152,45.372823],[4.817852,45.373245],[4.818109,45.374346],[4.814784,45.374707],[4.812337,45.375536],[4.812616,45.373803],[4.810513,45.373622],[4.810492,45.372612],[4.810234,45.371738]]],"type":"MultiLineString"},"properties":{"geo_point":{"lon":5.056929603171282,"lat":45.62624235033776},"name":"GR422 De Lyon (Rhône) à Roussillon (Isère) (2020)","code_gr":"GR422"}}]}