{"type":"FeatureCollection","features":[{"type":"Feature","geometry":{"coordinates":[[[1.897686,43.900415],[1.896954,43.898634],[1.89697,43.898505],[1.896303,43.898376],[1.895897,43.898142],[1.895689,43.898279],[1.895399,43.898534],[1.89483,43.898217],[1.894745,43.898333],[1.894466,43.898263],[1.892449,43.898751],[1.891539,43.898657],[1.890807,43.898423],[1.890498,43.898188],[1.886953,43.897708],[1.884692,43.897497],[1.884123,43.897661],[1.882887,43.897731],[1.881343,43.897767],[1.880692,43.897907],[1.87957,43.898294],[1.878269,43.897755],[1.876919,43.897661],[1.875537,43.897485],[1.874545,43.897579],[1.874122,43.897544],[1.873439,43.897743],[1.872398,43.897626],[1.871894,43.89772],[1.870366,43.897216],[1.869325,43.896993],[1.868788,43.897064],[1.868463,43.89745],[1.868024,43.897673],[1.867048,43.89772],[1.865845,43.89731],[1.864804,43.897485],[1.861942,43.896794],[1.861633,43.897837],[1.861275,43.898188],[1.860674,43.898329],[1.858966,43.898552],[1.858348,43.899079],[1.856413,43.898481],[1.853892,43.898845],[1.853421,43.898786],[1.850786,43.897813],[1.850477,43.897895],[1.848347,43.897392],[1.846363,43.897075],[1.844656,43.897017],[1.843111,43.8967],[1.841403,43.896021],[1.83794,43.895083],[1.836606,43.895142],[1.834281,43.894919],[1.832589,43.895189],[1.831093,43.89479],[1.830394,43.894673],[1.829532,43.89431],[1.826751,43.893759],[1.826182,43.893759],[1.824198,43.893443],[1.823125,43.893103],[1.8208,43.892142],[1.819889,43.891556],[1.817872,43.89056],[1.816994,43.890372],[1.815758,43.889798],[1.815303,43.889388],[1.815059,43.889364],[1.814734,43.889493],[1.814344,43.8892],[1.813872,43.889153],[1.813758,43.889306],[1.812295,43.889165],[1.811514,43.888895],[1.810945,43.888884],[1.810733,43.888966],[1.809221,43.888778],[1.808847,43.888884],[1.80831,43.888755],[1.808701,43.888145],[1.808766,43.887618],[1.807806,43.887442],[1.807172,43.887419],[1.8074,43.886516],[1.80605,43.88613],[1.805757,43.88477],[1.805172,43.884219],[1.803855,43.885872],[1.800635,43.887805],[1.800131,43.887677],[1.799318,43.887009],[1.799122,43.887091],[1.799106,43.887325],[1.79761,43.888649],[1.796098,43.889692],[1.793756,43.889856],[1.793203,43.889341],[1.79226,43.889915],[1.791902,43.89036],[1.791886,43.890712],[1.792455,43.891075],[1.792504,43.892177],[1.791902,43.892716],[1.79091,43.893196],[1.790455,43.892997],[1.789788,43.893161],[1.789219,43.893536],[1.787625,43.89322],[1.787007,43.892927],[1.785999,43.892564],[1.784649,43.89104],[1.784747,43.890419],[1.785105,43.88995],[1.785967,43.889411],[1.786097,43.889247],[1.785479,43.888849],[1.783495,43.888298],[1.782308,43.888098],[1.780486,43.88743],[1.780096,43.886985],[1.779478,43.885766],[1.77899,43.884196],[1.778502,43.883621],[1.777641,43.883422],[1.777624,43.88157],[1.777494,43.881207],[1.776958,43.881136],[1.776372,43.880949],[1.774356,43.882684],[1.774014,43.882742],[1.77229,43.882191],[1.770355,43.882309],[1.770079,43.882531],[1.770729,43.882988],[1.770729,43.883235],[1.769672,43.883692],[1.769249,43.884313],[1.768095,43.884032],[1.767233,43.883973],[1.766192,43.883785],[1.763314,43.882813],[1.763704,43.882285],[1.764924,43.881254],[1.765818,43.880691],[1.766322,43.88014],[1.766371,43.878417],[1.765786,43.87789],[1.765265,43.877843],[1.764647,43.877116],[1.763997,43.877421],[1.763005,43.87769],[1.762208,43.878159],[1.761297,43.878593],[1.760842,43.878593],[1.760175,43.878394],[1.759362,43.878148],[1.758321,43.878183],[1.758484,43.877257],[1.758419,43.876049],[1.758923,43.875182],[1.75946,43.874748],[1.760078,43.874525],[1.760793,43.874056],[1.761379,43.873869],[1.763005,43.872919],[1.764046,43.871817],[1.76359,43.871266],[1.763444,43.870915],[1.762989,43.87068],[1.763493,43.869496],[1.763509,43.868945],[1.763411,43.868207],[1.763607,43.866999],[1.765574,43.865334],[1.764647,43.865018],[1.764371,43.865147],[1.763525,43.864713],[1.765216,43.86245],[1.766534,43.863634],[1.768534,43.861266],[1.76964,43.860773],[1.770908,43.859988],[1.77151,43.859354],[1.772729,43.858874],[1.773429,43.858358],[1.774356,43.857373],[1.773038,43.857197],[1.770957,43.856282],[1.769737,43.855942],[1.769786,43.855332],[1.768469,43.85443],[1.767965,43.853984],[1.766664,43.853327],[1.766257,43.853034],[1.765981,43.853515],[1.7652,43.854019],[1.763688,43.854711],[1.762241,43.85559],[1.760907,43.857678],[1.760663,43.85837],[1.760208,43.858452],[1.757443,43.860656],[1.756581,43.860773],[1.753947,43.862051],[1.754223,43.862227],[1.753849,43.862731],[1.753605,43.863212],[1.752256,43.86449],[1.752174,43.864936],[1.750613,43.8649],[1.748337,43.866085],[1.747849,43.86592],[1.747312,43.86646],[1.746125,43.866788],[1.745475,43.8668],[1.744938,43.866624],[1.744499,43.866202],[1.743751,43.866096],[1.743344,43.865756],[1.742791,43.865405],[1.742547,43.865147],[1.741799,43.864537],[1.74123,43.863728],[1.740954,43.863036],[1.741149,43.862251],[1.739913,43.860785],[1.739246,43.860586],[1.737945,43.86204],[1.737376,43.862286],[1.737295,43.861993],[1.736742,43.861594],[1.736709,43.861383],[1.737181,43.861078],[1.738482,43.859284],[1.738368,43.858686],[1.738222,43.856892],[1.737994,43.856599],[1.737864,43.85606],[1.737571,43.855766],[1.737474,43.855145],[1.737214,43.854711],[1.736417,43.854125],[1.736368,43.853843],[1.736026,43.853574],[1.736091,43.852835],[1.73601,43.852166],[1.735278,43.851287],[1.73479,43.850466],[1.734238,43.849774],[1.733148,43.848812],[1.73292,43.848085],[1.73292,43.847569],[1.733002,43.847217],[1.732839,43.84642],[1.732286,43.845669],[1.731554,43.844907],[1.731213,43.84425],[1.731099,43.843523],[1.730514,43.842948],[1.729359,43.842233],[1.728318,43.841212],[1.7277,43.840415],[1.727326,43.839559],[1.72705,43.838761],[1.726578,43.837858],[1.726107,43.836779],[1.725765,43.835828],[1.724968,43.834726],[1.726042,43.834268],[1.726838,43.834151],[1.726822,43.833025],[1.72609,43.831946],[1.726464,43.831605],[1.725895,43.830186],[1.725521,43.829693],[1.725424,43.828966],[1.725586,43.828602],[1.72531,43.827992],[1.725586,43.827934],[1.725407,43.827112],[1.72557,43.826819],[1.725391,43.826291],[1.725391,43.825869],[1.725277,43.825763],[1.72505,43.825001],[1.724741,43.824531],[1.725098,43.824379],[1.725017,43.823241],[1.724789,43.822971],[1.725277,43.822595],[1.723391,43.820847],[1.723228,43.820847],[1.722578,43.82046],[1.722366,43.820143],[1.7217,43.819826],[1.721163,43.819521],[1.720187,43.819404],[1.717992,43.819427],[1.716886,43.819275],[1.715423,43.819545],[1.715032,43.81951],[1.714366,43.819298],[1.713959,43.818853],[1.713666,43.818806],[1.713341,43.818982],[1.712024,43.81904],[1.709877,43.818982],[1.709243,43.818923],[1.708332,43.819158],[1.706495,43.819205],[1.704543,43.819228],[1.704592,43.818888],[1.704169,43.81748],[1.704218,43.816283],[1.703259,43.815379],[1.702283,43.815649],[1.700283,43.81545],[1.699616,43.815485],[1.698917,43.815579],[1.698234,43.81545],[1.698104,43.814253],[1.697258,43.814077],[1.697437,43.81342],[1.697811,43.812927],[1.698543,43.81234],[1.698835,43.811906],[1.699632,43.812317],[1.700998,43.811683],[1.699779,43.810709],[1.700852,43.810275],[1.700771,43.809946],[1.701015,43.809477],[1.700868,43.80916],[1.70025,43.808902],[1.69947,43.808737],[1.698852,43.808773],[1.698396,43.808514],[1.697811,43.808409],[1.697014,43.80808],[1.695014,43.80801],[1.695209,43.807904],[1.695469,43.807869],[1.696087,43.807493],[1.696494,43.80713],[1.697697,43.806484],[1.697844,43.806203],[1.696136,43.803832],[1.694965,43.802963],[1.69477,43.802529],[1.694054,43.80159],[1.692136,43.800123],[1.691875,43.799865],[1.691566,43.799865],[1.6902,43.800311],[1.69064,43.799689],[1.690997,43.799043],[1.690526,43.797999],[1.689924,43.797541],[1.689062,43.797036],[1.687566,43.796015],[1.687306,43.795968],[1.686769,43.795733],[1.686509,43.795358],[1.685989,43.794935],[1.685712,43.794066],[1.685419,43.793292],[1.685566,43.792176],[1.684801,43.791366],[1.684395,43.790862],[1.683858,43.790427],[1.683484,43.789676],[1.682151,43.789723],[1.679386,43.789476],[1.678898,43.789265],[1.677289,43.788913],[1.676004,43.788983],[1.674996,43.788584],[1.674654,43.788338],[1.674654,43.787692],[1.673028,43.787281],[1.67306,43.786671],[1.673808,43.786131],[1.674622,43.786025],[1.67737,43.785943],[1.678378,43.78599],[1.679207,43.783196],[1.681363,43.779945],[1.681363,43.779041],[1.679925,43.776964],[1.68013,43.776627],[1.681643,43.776816],[1.682372,43.776613],[1.682858,43.776249],[1.683231,43.776114],[1.684053,43.77598],[1.684034,43.77544],[1.683698,43.774442],[1.685734,43.774105],[1.685828,43.773794],[1.684782,43.772338],[1.683399,43.770679],[1.682596,43.770058],[1.679906,43.768682],[1.678655,43.768021],[1.67787,43.767401],[1.677123,43.766767],[1.677011,43.765687],[1.677422,43.762854],[1.677795,43.761897],[1.677926,43.760858],[1.678113,43.76021],[1.677833,43.758901],[1.677254,43.758416],[1.677216,43.756446],[1.676936,43.755474],[1.676917,43.754314],[1.677683,43.752371],[1.677552,43.751238],[1.677627,43.750172],[1.677272,43.748323],[1.676955,43.747689],[1.677048,43.746987],[1.676357,43.745543],[1.676376,43.744895],[1.675367,43.744666],[1.674396,43.744167],[1.671668,43.7431],[1.671183,43.743033],[1.670958,43.743168],[1.670473,43.744652],[1.670099,43.745003],[1.669277,43.745422],[1.668511,43.746083],[1.667129,43.747608],[1.666755,43.749362],[1.666867,43.750104],[1.666755,43.751683],[1.665354,43.753612],[1.664645,43.753477],[1.661899,43.753531],[1.66132,43.75345],[1.660815,43.753653],[1.659844,43.752627],[1.659321,43.752385],[1.658256,43.750954],[1.657378,43.750077],[1.6565,43.749335],[1.65693,43.748809],[1.658163,43.745961],[1.658163,43.745192],[1.658032,43.744558],[1.657976,43.742669],[1.657864,43.742129],[1.657901,43.741656],[1.65777,43.740658],[1.657415,43.740509],[1.657023,43.740158],[1.656874,43.738336],[1.657135,43.737419],[1.656986,43.736933],[1.656631,43.73696],[1.654856,43.736784],[1.653493,43.737216],[1.652372,43.737189],[1.650728,43.736622],[1.649514,43.735907],[1.648692,43.735259],[1.648449,43.734247],[1.64787,43.733748],[1.647123,43.733343],[1.646394,43.73314],[1.645591,43.7326],[1.644227,43.732263],[1.643648,43.731925],[1.642285,43.732681],[1.640753,43.733005],[1.64051,43.732533],[1.640566,43.732182],[1.640435,43.731979],[1.639352,43.732222],[1.638978,43.733113],[1.638623,43.733248],[1.638119,43.733032],[1.637615,43.733113],[1.636811,43.733356],[1.635971,43.732965],[1.635074,43.732276],[1.634364,43.732114],[1.633823,43.731817],[1.631712,43.730279],[1.631488,43.730036],[1.628947,43.729577],[1.624707,43.729077],[1.623661,43.728767],[1.623119,43.728132],[1.621793,43.727052],[1.6214,43.727336],[1.620298,43.726323],[1.61929,43.725635],[1.615441,43.723651],[1.613517,43.722368],[1.610771,43.721315],[1.60952,43.72064],[1.607465,43.720451],[1.605317,43.719614],[1.604233,43.719722],[1.60343,43.720114],[1.602478,43.720316],[1.600367,43.72118],[1.599937,43.720883],[1.599806,43.720384],[1.599582,43.720087],[1.600199,43.719871],[1.599115,43.719236],[1.598611,43.719142],[1.597602,43.718872],[1.596743,43.718075],[1.596351,43.718237],[1.592241,43.717521],[1.591811,43.717805],[1.590989,43.717562],[1.591393,43.716919],[1.591824,43.717107],[1.592044,43.716878],[1.591491,43.71632],[1.591008,43.716279],[1.59056,43.716306],[1.590354,43.716468],[1.589364,43.71659],[1.589215,43.716387],[1.588262,43.716806],[1.58815,43.716495],[1.588468,43.716077],[1.588972,43.715847],[1.591008,43.715456],[1.590784,43.714389],[1.590205,43.713579],[1.589121,43.713363],[1.588206,43.712782],[1.588187,43.711621],[1.587646,43.710122],[1.587534,43.70911],[1.588281,43.708056],[1.588561,43.707206],[1.58843,43.706652],[1.58787,43.705882],[1.588524,43.705396],[1.58985,43.704694],[1.590298,43.704302],[1.591886,43.703722],[1.592073,43.703452],[1.591681,43.70283],[1.59254,43.702047],[1.592969,43.70148],[1.593829,43.700697],[1.592895,43.700062],[1.592185,43.699414],[1.592091,43.699036],[1.592278,43.697685],[1.592633,43.696213],[1.592951,43.695443],[1.592839,43.695159],[1.590821,43.692728],[1.588692,43.691189],[1.587235,43.689824],[1.587776,43.689379],[1.588001,43.688501],[1.587459,43.688379],[1.585852,43.687474],[1.582191,43.685191],[1.584862,43.683665],[1.586431,43.682395],[1.586487,43.682017],[1.585834,43.681719],[1.585143,43.681773],[1.5849,43.681625],[1.584339,43.681557],[1.583891,43.68199],[1.5832,43.682395],[1.582733,43.682935],[1.581444,43.683111],[1.580136,43.683111],[1.579146,43.682381],[1.578549,43.682017],[1.575373,43.67872],[1.575149,43.677545],[1.574607,43.676518],[1.573991,43.675775],[1.573169,43.675424],[1.572365,43.675289],[1.571562,43.675424],[1.57061,43.675816],[1.569246,43.675883],[1.567621,43.676288],[1.567023,43.676532],[1.566556,43.676356],[1.566743,43.675653],[1.566519,43.675478],[1.566145,43.675572],[1.565996,43.676059],[1.565697,43.67618],[1.564912,43.676316],[1.564651,43.675532],[1.563661,43.67487],[1.562241,43.673397],[1.56155,43.672384],[1.560616,43.671708],[1.560093,43.671141],[1.559402,43.669668],[1.558878,43.669168],[1.557851,43.668384],[1.55602,43.666749],[1.554918,43.66702],[1.552658,43.666803],[1.552135,43.666412],[1.551406,43.665574],[1.550846,43.664236],[1.550118,43.662263],[1.549632,43.66175],[1.548847,43.661128],[1.547839,43.659885],[1.546942,43.659304],[1.54541,43.658614],[1.545746,43.658317],[1.545279,43.657858],[1.543561,43.656898],[1.541245,43.656141],[1.538181,43.655574],[1.537359,43.656128],[1.536836,43.656128],[1.535958,43.656384],[1.531792,43.656776],[1.531269,43.656682],[1.53112,43.657452],[1.529607,43.657506],[1.527702,43.657912],[1.527253,43.656425],[1.526824,43.656087],[1.526394,43.656087],[1.525591,43.656276],[1.524974,43.656222],[1.523106,43.6551],[1.522733,43.654627],[1.520977,43.655479],[1.518586,43.656952],[1.51754,43.656114],[1.517409,43.655857],[1.516531,43.65506],[1.516774,43.654844],[1.513337,43.65183],[1.511188,43.65433],[1.510217,43.653992],[1.508499,43.653735],[1.50353,43.653979],[1.502502,43.653898],[1.49985,43.653398],[1.499084,43.653479],[1.498748,43.653357],[1.497851,43.6526],[1.497589,43.652046],[1.497814,43.651911],[1.495871,43.648599],[1.494731,43.647099],[1.494283,43.646964],[1.494134,43.646558],[1.493723,43.646477],[1.493312,43.646558],[1.493256,43.646261],[1.49277,43.646356],[1.492396,43.64668],[1.491687,43.647072],[1.491164,43.647613],[1.490753,43.647734],[1.490398,43.64764],[1.490286,43.647031],[1.489987,43.646788],[1.489146,43.646545],[1.48881,43.64622],[1.488586,43.644314],[1.488567,43.643409],[1.488362,43.642976],[1.4881,43.642679],[1.484028,43.643111],[1.483094,43.64303],[1.482291,43.642895],[1.481319,43.643422],[1.481095,43.643922],[1.480759,43.643977],[1.479713,43.643476],[1.478835,43.643138],[1.478106,43.642976],[1.477247,43.642517],[1.476817,43.642354],[1.476817,43.642165],[1.477714,43.641543],[1.478125,43.640678],[1.478237,43.638934],[1.47848,43.637947],[1.478741,43.636731],[1.47876,43.636055],[1.479022,43.635974],[1.479862,43.636325],[1.481095,43.63665],[1.481235,43.636361],[1.480668,43.636031],[1.478881,43.635308],[1.479601,43.630092],[1.480142,43.627875],[1.482178,43.621479],[1.485242,43.611985],[1.485466,43.611972],[1.485503,43.611728],[1.485335,43.611688],[1.485672,43.610727],[1.484121,43.610538],[1.48371,43.612391],[1.483112,43.612634],[1.482515,43.612621],[1.482384,43.613013],[1.481039,43.614447],[1.477266,43.612594],[1.474146,43.610998],[1.471101,43.609632],[1.47069,43.609294],[1.470653,43.609064],[1.468075,43.607711],[1.467122,43.60717],[1.465572,43.609591],[1.464638,43.610457],[1.464096,43.610092],[1.46178,43.611958],[1.461388,43.611864],[1.458847,43.6107],[1.458063,43.610903],[1.457857,43.610633],[1.456923,43.610227],[1.456696,43.610379],[1.455709,43.609821],[1.45498,43.609916],[1.447388,43.604805]]],"type":"MultiLineString"},"properties":{"geo_point":{"lon":1.6646361171502502,"lat":43.769151391387524},"name":"GR46 De Gaillac (Tarn) à Toulouse (Haute-Garonne) (2019)","code_gr":"GR46"}},{"type":"Feature","geometry":{"coordinates":[[[1.625999,44.804103],[1.624259,44.804115],[1.623267,44.803907],[1.622486,44.803527],[1.621396,44.802696],[1.620762,44.80235],[1.620079,44.801796],[1.619022,44.801023],[1.618372,44.80025],[1.617949,44.799061],[1.616973,44.797861],[1.616339,44.797353],[1.616128,44.796926],[1.616339,44.79643],[1.614388,44.794953],[1.615428,44.795011],[1.614209,44.794572],[1.613412,44.794561],[1.612875,44.794722],[1.612355,44.795045],[1.611916,44.795507],[1.61146,44.795622],[1.610891,44.79553],[1.611184,44.79478],[1.610924,44.794261],[1.6112,44.793222],[1.61081,44.791664],[1.610387,44.790521],[1.610241,44.790406],[1.610127,44.790141],[1.609655,44.789448],[1.60933,44.788721],[1.608972,44.788282],[1.608533,44.788075],[1.609151,44.78789],[1.609883,44.787786],[1.610631,44.787544],[1.610859,44.787151],[1.610566,44.786505],[1.610647,44.78624],[1.611265,44.785709],[1.612306,44.785501],[1.613217,44.785512],[1.613591,44.785605],[1.614713,44.785582],[1.61481,44.785097],[1.614436,44.784658],[1.614729,44.783435],[1.615217,44.783054],[1.616388,44.782454],[1.616843,44.781773],[1.617526,44.781311],[1.616697,44.781323],[1.616811,44.78115],[1.616485,44.780965],[1.615705,44.780088],[1.615298,44.779984],[1.614989,44.780088],[1.614225,44.779938],[1.614127,44.779568],[1.61429,44.779014],[1.614095,44.778829],[1.614566,44.778056],[1.614485,44.777664],[1.614274,44.777548],[1.613835,44.77719],[1.613087,44.777006],[1.612729,44.776659],[1.612566,44.776301],[1.612713,44.77592],[1.613152,44.775574],[1.613412,44.775159],[1.613542,44.774685],[1.613851,44.774258],[1.614729,44.772619],[1.615038,44.772261],[1.615445,44.77121],[1.615656,44.771199],[1.615461,44.770137],[1.615314,44.769051],[1.615119,44.768255],[1.61494,44.7674],[1.61494,44.766846],[1.615087,44.766546],[1.6159,44.765957],[1.616128,44.765334],[1.615884,44.764884],[1.613103,44.763671],[1.60959,44.761928],[1.609037,44.76217],[1.608631,44.762182],[1.607753,44.762586],[1.60707,44.762736],[1.606566,44.762678],[1.605281,44.762309],[1.60463,44.762032],[1.604387,44.762066],[1.603752,44.762447],[1.603476,44.762701],[1.603053,44.763256],[1.602533,44.763625],[1.602419,44.763994],[1.602224,44.764029],[1.60172,44.763867],[1.601313,44.763556],[1.601248,44.763232],[1.601394,44.762286],[1.601215,44.761685],[1.600679,44.761235],[1.599947,44.7609],[1.598874,44.760935],[1.597898,44.760819],[1.596987,44.760981],[1.596467,44.760473],[1.597329,44.760069],[1.597931,44.759584],[1.598923,44.759053],[1.600207,44.758591],[1.600776,44.758533],[1.602338,44.758533],[1.603004,44.758406],[1.603411,44.758152],[1.603866,44.75754],[1.604305,44.755496],[1.603687,44.755507],[1.603053,44.755207],[1.602516,44.755531],[1.602256,44.755507],[1.601394,44.754757],[1.601069,44.754595],[1.600419,44.754226],[1.59928,44.753787],[1.598841,44.753475],[1.598337,44.753394],[1.59728,44.752978],[1.59676,44.752701],[1.596109,44.75217],[1.595605,44.751604],[1.595085,44.751419],[1.594174,44.750726],[1.593572,44.750507],[1.593003,44.748948],[1.592548,44.748174],[1.592027,44.747562],[1.591491,44.747135],[1.590613,44.74665],[1.589848,44.746361],[1.589361,44.746037],[1.58897,44.744571],[1.588629,44.743681],[1.588043,44.742572],[1.587312,44.741602],[1.586986,44.740389],[1.587523,44.739477],[1.587442,44.738587],[1.587816,44.737825],[1.58819,44.736993],[1.589133,44.736162],[1.590011,44.735272],[1.591019,44.734833],[1.592027,44.733978],[1.593426,44.732696],[1.595231,44.731448],[1.594808,44.731402],[1.593117,44.731633],[1.591914,44.731772],[1.591084,44.732141],[1.590483,44.732292],[1.590125,44.732176],[1.591767,44.728364],[1.590743,44.727439],[1.590515,44.726735],[1.590596,44.725937],[1.590206,44.72469],[1.590401,44.723788],[1.58923,44.722679],[1.587864,44.723303],[1.586759,44.723696],[1.58549,44.723881],[1.582661,44.724447],[1.580579,44.725048],[1.579945,44.725082],[1.578368,44.72484],[1.577164,44.724817],[1.575733,44.725048],[1.575749,44.724401],[1.575945,44.723811],[1.575457,44.723892],[1.573326,44.724008],[1.572123,44.723638],[1.571326,44.723765],[1.570578,44.72313],[1.56996,44.722113],[1.569667,44.721963],[1.5677,44.721674],[1.568952,44.721189],[1.568936,44.72068],[1.569017,44.720507],[1.568545,44.719421],[1.568253,44.718346],[1.568285,44.716509],[1.568692,44.716185],[1.569115,44.716058],[1.569798,44.715492],[1.570237,44.715365],[1.570708,44.714764],[1.572367,44.713342],[1.57292,44.713054],[1.574221,44.712811],[1.574497,44.712268],[1.573798,44.711355],[1.572676,44.709748],[1.572172,44.70939],[1.571001,44.709124],[1.5697,44.708789],[1.566968,44.708569],[1.565439,44.707795],[1.564415,44.707576],[1.563748,44.70731],[1.56313,44.706732],[1.562659,44.705553],[1.562236,44.705044],[1.562577,44.70486],[1.562268,44.704374],[1.562138,44.703842],[1.562301,44.702941],[1.562057,44.702479],[1.562024,44.702074],[1.562398,44.701889],[1.563651,44.701508],[1.564334,44.701219],[1.564382,44.699889],[1.564155,44.698757],[1.563846,44.697936],[1.563667,44.696953],[1.562594,44.695508],[1.562837,44.694803],[1.562512,44.694422],[1.563325,44.693867],[1.564236,44.692329],[1.565195,44.691092],[1.563911,44.690641],[1.564008,44.688815],[1.563634,44.687867],[1.563342,44.687462],[1.56274,44.68678],[1.56261,44.686086],[1.563195,44.685624],[1.563813,44.684734],[1.564285,44.683739],[1.564577,44.682918],[1.565212,44.682918],[1.566106,44.682155],[1.566952,44.682086],[1.569554,44.68056],[1.569196,44.679126],[1.569066,44.677958],[1.569326,44.676906],[1.569944,44.676096],[1.57022,44.675449],[1.570578,44.675148],[1.572025,44.6745],[1.572351,44.674188],[1.573034,44.672095],[1.574172,44.670973],[1.573717,44.66969],[1.573229,44.668915],[1.573521,44.668579],[1.573408,44.667758],[1.573554,44.666902],[1.574302,44.665491],[1.574318,44.664601],[1.574855,44.663745],[1.57479,44.663028],[1.575001,44.662345],[1.575717,44.662033],[1.576367,44.661894],[1.575977,44.661628],[1.575001,44.660541],[1.574595,44.660009],[1.575066,44.659535],[1.57557,44.659211],[1.573765,44.658945],[1.571895,44.657661],[1.571196,44.656666],[1.570643,44.656261],[1.570481,44.655879],[1.570855,44.654861],[1.569928,44.654456],[1.569115,44.653866],[1.568497,44.653589],[1.568236,44.652594],[1.568204,44.65183],[1.567797,44.651171],[1.567374,44.649563],[1.567505,44.648441],[1.567358,44.647561],[1.566838,44.646358],[1.566366,44.645433],[1.565504,44.6446],[1.56461,44.64335],[1.560902,44.637993],[1.560089,44.637611],[1.558528,44.636627],[1.558105,44.636141],[1.557699,44.636003],[1.557276,44.635435],[1.557699,44.634533],[1.557178,44.634035],[1.55591,44.633607],[1.555942,44.633341],[1.555162,44.632704],[1.554593,44.631929],[1.553926,44.631339],[1.553763,44.630911],[1.552901,44.629869],[1.552527,44.629152],[1.552544,44.628747],[1.552202,44.627751],[1.552723,44.626189],[1.552186,44.625217],[1.551974,44.624129],[1.551666,44.623457],[1.551682,44.623006],[1.551178,44.621455],[1.551698,44.620182],[1.551633,44.619858],[1.550576,44.619348],[1.550576,44.62002],[1.549763,44.619661],[1.549047,44.619256],[1.548706,44.618932],[1.548283,44.618885],[1.548104,44.6187],[1.54812,44.617948],[1.545762,44.617149],[1.54438,44.616455],[1.543713,44.616049],[1.543518,44.615216],[1.543307,44.614753],[1.543323,44.61422],[1.543616,44.613155],[1.543518,44.612843],[1.542998,44.612449],[1.542852,44.61209],[1.543112,44.611685],[1.543665,44.611072],[1.544055,44.610111],[1.544413,44.608803],[1.544315,44.608444],[1.543795,44.607888],[1.543258,44.607772],[1.54212,44.607992],[1.541486,44.607853],[1.540152,44.607355],[1.539518,44.607355],[1.538867,44.607437],[1.538152,44.607402],[1.537436,44.607008],[1.536314,44.605966],[1.53542,44.604855],[1.534542,44.604079],[1.532981,44.602562],[1.531647,44.601705],[1.531387,44.601439],[1.530558,44.600918],[1.528753,44.599436],[1.528379,44.599112],[1.527484,44.598568],[1.525809,44.597271],[1.525175,44.596831],[1.524931,44.595951],[1.524508,44.595383],[1.524248,44.594862],[1.523598,44.594538],[1.52324,44.594237],[1.522801,44.594075],[1.522638,44.593716],[1.521744,44.593079],[1.522833,44.593252],[1.523581,44.593102],[1.524264,44.592662],[1.524898,44.591874],[1.525273,44.59111],[1.525777,44.589246],[1.526996,44.588226],[1.527078,44.587312],[1.527419,44.586895],[1.527256,44.586026],[1.527712,44.585354],[1.528053,44.584972],[1.52859,44.584532],[1.528996,44.583849],[1.529549,44.58349],[1.530102,44.582273],[1.530362,44.581532],[1.530802,44.580837],[1.532021,44.57976],[1.532054,44.579169],[1.533599,44.577675],[1.533956,44.5772],[1.533956,44.576887],[1.533485,44.576285],[1.532753,44.575706],[1.532802,44.574374],[1.534395,44.574211],[1.535013,44.57435],[1.535469,44.57369],[1.535648,44.57296],[1.535501,44.57237],[1.53568,44.571814],[1.535664,44.571385],[1.535274,44.570933],[1.536575,44.570157],[1.536672,44.569219],[1.536997,44.568662],[1.536575,44.568535],[1.535745,44.567921],[1.535176,44.567689],[1.534477,44.566844],[1.534737,44.565662],[1.534688,44.565314],[1.534753,44.564862],[1.534656,44.564526],[1.534623,44.564063],[1.534379,44.563889],[1.534038,44.563843],[1.53433,44.562128],[1.534786,44.561502],[1.535127,44.560436],[1.535209,44.559903],[1.535778,44.558919],[1.535892,44.558107],[1.53542,44.557517],[1.534834,44.557111],[1.53446,44.556972],[1.5342,44.556636],[1.534558,44.556393],[1.535957,44.554909],[1.536314,44.554191],[1.536249,44.553391],[1.535713,44.552592],[1.535062,44.552012],[1.534639,44.551757],[1.534428,44.551143],[1.534509,44.550691],[1.53516,44.549347],[1.535875,44.548547],[1.535892,44.548095],[1.535778,44.547319],[1.535761,44.54689],[1.535452,44.546426],[1.534948,44.546032],[1.534298,44.545256],[1.534005,44.544711],[1.533875,44.544085],[1.534005,44.544004],[1.534314,44.543077],[1.535485,44.542671],[1.536217,44.542474],[1.53742,44.542381],[1.538136,44.542161],[1.538298,44.541976],[1.538217,44.541663],[1.538428,44.54128],[1.539128,44.540863],[1.540347,44.540457],[1.541047,44.540295],[1.541616,44.540353],[1.542689,44.540759],[1.543339,44.540898],[1.543957,44.540701],[1.544787,44.540736],[1.54521,44.540457],[1.54708,44.541837],[1.546998,44.542231],[1.546543,44.542532],[1.54625,44.542648],[1.546267,44.542799],[1.546933,44.543146],[1.547795,44.543158],[1.548608,44.542949],[1.549698,44.542463],[1.550495,44.542463],[1.551064,44.542683],[1.551714,44.542451],[1.55217,44.541756],[1.552657,44.541524],[1.553162,44.540944],[1.553097,44.54026],[1.553243,44.539901],[1.553812,44.539669],[1.554235,44.539252],[1.555064,44.538754],[1.555552,44.537571],[1.556219,44.537652],[1.556804,44.537432],[1.556837,44.537038],[1.557064,44.536841],[1.558967,44.537084],[1.55778,44.536296],[1.557569,44.535775],[1.557569,44.534627],[1.557341,44.533989],[1.557878,44.533445],[1.558073,44.532911],[1.557601,44.532309],[1.556479,44.531497],[1.556105,44.530141],[1.556186,44.529816],[1.555048,44.528726],[1.554463,44.528657],[1.554332,44.528297],[1.554641,44.52795],[1.555357,44.527741],[1.556349,44.527613],[1.557325,44.526976],[1.557276,44.525457],[1.557097,44.525109],[1.556886,44.524101],[1.556853,44.523277],[1.557113,44.522315],[1.557113,44.521538],[1.558187,44.520309],[1.558235,44.519683],[1.558365,44.519324],[1.558723,44.518814],[1.558674,44.518234],[1.558414,44.517724],[1.557894,44.517202],[1.557243,44.51675],[1.557048,44.516263],[1.557211,44.515532],[1.557845,44.514686],[1.558902,44.514396],[1.559,44.514141],[1.558593,44.514048],[1.558008,44.514094],[1.557666,44.514001],[1.557585,44.513549],[1.557552,44.512679],[1.55791,44.51058],[1.55778,44.509606],[1.55726,44.508354],[1.556463,44.507519],[1.555406,44.506835],[1.554983,44.506139],[1.554869,44.505675],[1.55495,44.505315],[1.555243,44.505095],[1.55565,44.505014],[1.5563,44.504469],[1.55656,44.504098],[1.55669,44.50375],[1.556902,44.503483],[1.556853,44.502497],[1.556333,44.50194],[1.556333,44.501488],[1.556479,44.501198],[1.557195,44.500873],[1.558121,44.500386],[1.558707,44.499841],[1.559,44.49918],[1.558788,44.498171],[1.558105,44.497556],[1.557048,44.497185],[1.556333,44.497069],[1.55591,44.49708],[1.555633,44.496941],[1.555503,44.496593],[1.55495,44.496129],[1.554365,44.495874],[1.55404,44.495886],[1.554072,44.495746],[1.555211,44.494726],[1.555764,44.494401],[1.556333,44.494215],[1.556934,44.493693],[1.557211,44.493125],[1.55726,44.492765],[1.55765,44.491884],[1.557764,44.491048],[1.557308,44.490318],[1.556447,44.489482],[1.555146,44.488682],[1.554186,44.488183],[1.553975,44.488195],[1.553568,44.487394],[1.553487,44.486965],[1.553357,44.48693],[1.55295,44.486222],[1.552885,44.485839],[1.552349,44.485723],[1.551617,44.484853],[1.551519,44.484331],[1.551584,44.483345],[1.555341,44.48128],[1.554755,44.480932],[1.554576,44.480572],[1.554804,44.479957],[1.555194,44.479528],[1.555422,44.479528],[1.556154,44.479099],[1.556251,44.478588],[1.556739,44.477439],[1.557016,44.477277],[1.558024,44.477254],[1.558414,44.477172],[1.558398,44.476662],[1.557878,44.476163],[1.556268,44.47549],[1.557146,44.475594],[1.557211,44.475536],[1.555812,44.474979],[1.555015,44.474805],[1.554658,44.474585],[1.554674,44.474167],[1.555861,44.473297],[1.556414,44.473216],[1.55669,44.47339],[1.556755,44.473529],[1.557211,44.473587],[1.557585,44.473506],[1.557455,44.472972],[1.557845,44.472148],[1.557682,44.471811],[1.558739,44.469885],[1.558821,44.469525],[1.559325,44.468562],[1.560105,44.467436],[1.560691,44.466787],[1.561927,44.466079],[1.562398,44.46558],[1.562333,44.465371],[1.562675,44.465127],[1.562837,44.46479],[1.563016,44.464616],[1.563472,44.464512],[1.565098,44.463084],[1.565992,44.461854],[1.566383,44.462156],[1.566594,44.462075],[1.567131,44.46161],[1.568155,44.461192],[1.569651,44.461065],[1.56996,44.461425],[1.570871,44.461924],[1.572139,44.462458],[1.572595,44.462991],[1.574123,44.46399],[1.574513,44.464268],[1.575164,44.465162],[1.575912,44.465765],[1.576091,44.466079],[1.576449,44.466229],[1.57653,44.466705],[1.577067,44.466961],[1.577343,44.467645],[1.577798,44.467959],[1.57879,44.468469],[1.579034,44.469514],[1.578628,44.469966],[1.579229,44.470175],[1.578985,44.470639],[1.579652,44.470964],[1.578742,44.471289],[1.577489,44.471428],[1.578709,44.471986],[1.578205,44.472554],[1.578693,44.472705],[1.579116,44.472345],[1.579506,44.471881],[1.580433,44.471104],[1.580856,44.470918],[1.581083,44.470558],[1.58162,44.470071],[1.582254,44.469688],[1.582368,44.46934],[1.583035,44.468551],[1.58401,44.467993],[1.584531,44.468226],[1.585425,44.467738],[1.586694,44.466647],[1.588531,44.465452],[1.589995,44.464756],[1.590954,44.464152],[1.591084,44.463839],[1.591019,44.463131],[1.590613,44.462841],[1.59058,44.462133],[1.590987,44.462585],[1.590954,44.462005],[1.591426,44.460728],[1.59206,44.459568],[1.592694,44.458929],[1.593036,44.458384],[1.593686,44.457943],[1.594955,44.456747],[1.595508,44.456341],[1.596483,44.455865],[1.59728,44.455586],[1.59754,44.455412],[1.597866,44.455064],[1.598256,44.454832],[1.598744,44.4546],[1.599004,44.454124],[1.59941,44.453729],[1.60011,44.453508],[1.601134,44.453079],[1.60185,44.452893],[1.602305,44.452754],[1.602809,44.452336],[1.603411,44.452104],[1.604175,44.451872],[1.604468,44.451651],[1.605037,44.45179],[1.605492,44.451779],[1.60624,44.451686],[1.606712,44.451581],[1.607037,44.451698],[1.608354,44.451628],[1.609639,44.45121],[1.610192,44.450873],[1.610517,44.450513],[1.611834,44.452313],[1.612761,44.452847],[1.613135,44.453276],[1.614144,44.453706],[1.615493,44.45388],[1.616648,44.454414],[1.61764,44.455006],[1.618876,44.455424],[1.619494,44.455459],[1.620161,44.455424],[1.619835,44.455853],[1.619185,44.456097],[1.618843,44.45648],[1.618746,44.45706],[1.618063,44.457908],[1.617396,44.458709],[1.616355,44.459591],[1.615672,44.459823],[1.614989,44.460229],[1.614209,44.46038],[1.613509,44.460867],[1.613168,44.461285],[1.613184,44.461738],[1.613753,44.461912],[1.614388,44.464535],[1.61442,44.465046],[1.614583,44.465846],[1.614843,44.466357],[1.615249,44.466566],[1.615282,44.467007],[1.615136,44.467135],[1.614778,44.468028],[1.614225,44.468376],[1.613965,44.468759],[1.612989,44.469432],[1.612745,44.470048],[1.612485,44.470674],[1.612729,44.472496],[1.612794,44.472728],[1.612599,44.47303],[1.61255,44.473482],[1.611948,44.474132],[1.611786,44.474144],[1.611769,44.473726],[1.611363,44.473285],[1.611265,44.473332],[1.611135,44.473691],[1.610582,44.474039],[1.609981,44.474155],[1.609476,44.474237],[1.609802,44.475304],[1.609981,44.475606],[1.609948,44.475989],[1.610143,44.476453],[1.610111,44.477149],[1.610403,44.477927],[1.610631,44.478066],[1.61068,44.478437],[1.611103,44.478901],[1.611656,44.480375],[1.611704,44.481048],[1.611769,44.4815],[1.611379,44.482603],[1.611656,44.482997],[1.612225,44.483937],[1.61268,44.484401],[1.613737,44.485178],[1.614859,44.485631],[1.61603,44.485816],[1.616225,44.48548],[1.616924,44.485317],[1.617201,44.485004],[1.617656,44.484853],[1.617998,44.48447],[1.619852,44.484958],[1.620583,44.485074],[1.621055,44.485236],[1.621348,44.48548],[1.622063,44.485839],[1.622616,44.48606],[1.623039,44.486385],[1.623527,44.486501],[1.625462,44.486478],[1.627186,44.485955],[1.628682,44.485665],[1.63021,44.485062],[1.631576,44.484958],[1.632861,44.485201],[1.633967,44.485074],[1.635154,44.484784],[1.635788,44.4849],[1.63665,44.484911],[1.637317,44.485051],[1.638195,44.484981],[1.638504,44.485178],[1.639138,44.485016],[1.639659,44.485039],[1.640228,44.485132],[1.641057,44.485074],[1.642049,44.484877],[1.642391,44.485348],[1.642581,44.485305],[1.642831,44.48531],[1.643469,44.485175],[1.644053,44.484937],[1.644258,44.484796],[1.644516,44.484628],[1.644698,44.484422],[1.64466,44.484206],[1.645206,44.483735],[1.645433,44.483394],[1.645699,44.482663],[1.645896,44.481516],[1.646002,44.48111],[1.645919,44.480412],[1.645965,44.480038],[1.645782,44.479053],[1.645631,44.478539],[1.645388,44.478182],[1.645373,44.477868],[1.645531,44.476798],[1.645653,44.476211],[1.645987,44.475502],[1.646541,44.474674],[1.647239,44.474138],[1.648256,44.47351],[1.648711,44.473272],[1.650547,44.472882],[1.651586,44.472763],[1.655535,44.472893],[1.6555,44.472022],[1.655674,44.47155],[1.657086,44.471786],[1.658986,44.471587],[1.659613,44.471438],[1.660293,44.471351],[1.661077,44.471065],[1.6616,44.470493],[1.66221,44.470269],[1.663117,44.469709],[1.663395,44.469659],[1.664005,44.469224],[1.664581,44.468639],[1.665034,44.46854],[1.665696,44.467906],[1.666341,44.467296],[1.666629,44.467042],[1.666653,44.466816],[1.666783,44.466769],[1.666767,44.466653],[1.66693,44.466438],[1.667044,44.466113],[1.667287,44.465986],[1.667182,44.46573],[1.667409,44.465452],[1.667962,44.465051],[1.668149,44.465011],[1.668035,44.464918],[1.668147,44.464745],[1.668527,44.464685],[1.668716,44.464588],[1.668792,44.46442],[1.668747,44.46422],[1.668891,44.464117],[1.669873,44.464071],[1.670946,44.463235],[1.672264,44.462922],[1.672963,44.462899],[1.673695,44.462957],[1.673174,44.46226],[1.672377,44.461924],[1.67196,44.461874],[1.671499,44.461583],[1.671574,44.46143],[1.671488,44.460802],[1.671317,44.460457],[1.671284,44.460021],[1.671445,44.459599],[1.67137,44.459247],[1.671027,44.45901],[1.670169,44.458795],[1.669986,44.458535],[1.669858,44.458221],[1.669418,44.457869],[1.668398,44.457448],[1.668184,44.456873],[1.668366,44.456674],[1.668345,44.456567],[1.667905,44.45649],[1.667444,44.456307],[1.666478,44.456092],[1.665823,44.455801],[1.665748,44.455694],[1.665824,44.455017],[1.66558,44.453973],[1.665694,44.453311],[1.665499,44.45258],[1.665173,44.451965],[1.664913,44.450455],[1.665092,44.44962],[1.665027,44.449271],[1.664832,44.448923],[1.664702,44.448528],[1.664816,44.447658],[1.664621,44.4471],[1.664263,44.446439],[1.664555,44.446102],[1.664929,44.44551],[1.66506,44.445115],[1.664799,44.444221],[1.664246,44.443757],[1.664295,44.443583],[1.663824,44.443722],[1.663612,44.443234],[1.662897,44.442735],[1.661514,44.441504],[1.661108,44.441098],[1.660506,44.440819],[1.659709,44.440669],[1.659205,44.440645],[1.658652,44.44032],[1.658295,44.43974],[1.656733,44.439078],[1.656262,44.438613],[1.655888,44.437812],[1.655254,44.436372],[1.655205,44.435896],[1.65353,44.435548],[1.651578,44.436314],[1.650944,44.436767],[1.650261,44.436187],[1.64896,44.436222],[1.648098,44.435641],[1.647334,44.435339],[1.646781,44.434735],[1.645968,44.434364],[1.645838,44.434189],[1.645838,44.433783],[1.645643,44.433423],[1.645838,44.43275],[1.645708,44.432076],[1.645789,44.431797],[1.645334,44.430938],[1.645123,44.429661],[1.645057,44.429092],[1.644765,44.428569],[1.644472,44.428256],[1.644244,44.427652],[1.644261,44.427222],[1.644098,44.427025],[1.643919,44.426095],[1.643724,44.425979],[1.642602,44.426281],[1.642618,44.425631],[1.642813,44.425271],[1.643334,44.424075],[1.643399,44.423738],[1.643757,44.423273],[1.643301,44.423285],[1.643074,44.423169],[1.643317,44.422576],[1.643382,44.42181],[1.643301,44.420532],[1.643155,44.419673],[1.643382,44.419104],[1.643431,44.418488],[1.643155,44.418186],[1.642878,44.41735],[1.642976,44.417234],[1.642927,44.416688],[1.643122,44.4157],[1.643415,44.41498],[1.643529,44.41455],[1.643822,44.41383],[1.643708,44.412587],[1.643724,44.4121],[1.643789,44.411797],[1.643382,44.409323],[1.643464,44.408591],[1.642586,44.407302],[1.642163,44.407011],[1.641236,44.40607],[1.641041,44.405641],[1.641155,44.405222],[1.64174,44.404862],[1.642358,44.404723],[1.643025,44.404328],[1.643626,44.404409],[1.643887,44.404293],[1.644033,44.403898],[1.644472,44.403735],[1.644456,44.403491],[1.644586,44.403108],[1.644358,44.402492],[1.644358,44.402155],[1.644602,44.401969],[1.644683,44.401667],[1.645171,44.401121],[1.645757,44.400726],[1.647269,44.40025],[1.648407,44.399634],[1.648684,44.399541],[1.649237,44.399053],[1.649399,44.398542],[1.650115,44.397926],[1.65083,44.39724],[1.65127,44.39659],[1.652879,44.395532],[1.655254,44.393476],[1.655384,44.392778],[1.656132,44.392197],[1.656961,44.391779],[1.659856,44.389827],[1.660718,44.389316],[1.661693,44.388293],[1.662067,44.3877],[1.663563,44.386596],[1.663385,44.38512],[1.662084,44.383121],[1.661303,44.382168],[1.659612,44.381541],[1.658034,44.379356],[1.655985,44.378763],[1.655107,44.377961],[1.657612,44.374881],[1.661092,44.374125],[1.662344,44.372382],[1.662506,44.371824],[1.662425,44.371184],[1.664116,44.368848],[1.666344,44.366755],[1.666556,44.367418],[1.66784,44.366941],[1.669027,44.366709],[1.670019,44.366686],[1.671906,44.366348],[1.672264,44.366314],[1.673743,44.365965],[1.673646,44.365256],[1.673808,44.364977],[1.673776,44.364605],[1.674085,44.364419],[1.674475,44.363907],[1.674134,44.363186],[1.67415,44.362489],[1.674036,44.361919],[1.674654,44.361605],[1.6755,44.36071],[1.676199,44.359582],[1.677175,44.358338],[1.677793,44.357803],[1.678687,44.358489],[1.681029,44.360605],[1.682021,44.361768],[1.683061,44.362593],[1.683793,44.363047],[1.685045,44.364198],[1.6862,44.365046],[1.68768,44.364477],[1.68846,44.364395],[1.688932,44.364291],[1.690714,44.364514],[1.691734,44.365166],[1.692688,44.364744],[1.693686,44.364928],[1.694008,44.365097],[1.695027,44.365411],[1.695414,44.365426],[1.696379,44.365311],[1.69772,44.36538],[1.698761,44.365273],[1.69934,44.365311],[1.701072,44.365281],[1.70177,44.365368],[1.702681,44.365194],[1.704244,44.364554],[1.704699,44.364196],[1.70529,44.363968],[1.706353,44.363437],[1.707779,44.363328],[1.709433,44.36361],[1.710734,44.363204],[1.714115,44.362744],[1.716438,44.361889],[1.718392,44.360409],[1.71853,44.360162],[1.719427,44.360261],[1.720186,44.360853],[1.720807,44.360951],[1.722049,44.360919],[1.722627,44.360803],[1.72274,44.360547],[1.72383,44.359594],[1.724318,44.358675],[1.724432,44.35828],[1.724274,44.35784],[1.724328,44.357357],[1.724663,44.357404],[1.72496,44.356822],[1.72525,44.356447],[1.726725,44.355606],[1.728204,44.355338],[1.729343,44.354268],[1.729814,44.354024],[1.730416,44.353431],[1.730969,44.353106],[1.731115,44.352606],[1.73118,44.351931],[1.731636,44.351466],[1.731782,44.35064],[1.732058,44.350036],[1.732514,44.349489],[1.732855,44.34871],[1.733132,44.347757],[1.734059,44.345559],[1.735343,44.343709],[1.739263,44.342512],[1.739946,44.342442],[1.742986,44.341639],[1.745572,44.341139],[1.74658,44.340732],[1.747247,44.34079],[1.74819,44.340593],[1.74902,44.340325],[1.75102,44.340023],[1.752272,44.339941],[1.753313,44.340058],[1.754744,44.340104],[1.759411,44.340174],[1.760273,44.339662],[1.761297,44.33922],[1.762663,44.338825],[1.763818,44.338325],[1.765574,44.338045],[1.767314,44.337987],[1.768713,44.33815],[1.771819,44.338266],[1.77286,44.338104],[1.773559,44.337836],[1.775266,44.338871],[1.776128,44.33922],[1.777234,44.339441],[1.777819,44.339767],[1.780129,44.341942],[1.780763,44.342058],[1.781836,44.342442],[1.7826,44.343884],[1.783235,44.344431],[1.784275,44.343791],[1.785121,44.342849],[1.786048,44.342314],[1.787999,44.341802],[1.788357,44.341116],[1.789349,44.339872],[1.790276,44.338918],[1.790878,44.338173],[1.791886,44.33722],[1.792764,44.335998],[1.793203,44.334905],[1.79361,44.334289],[1.794146,44.334114],[1.794276,44.333777],[1.794585,44.333498],[1.795057,44.333602],[1.795951,44.33273],[1.795886,44.331497],[1.795707,44.330636],[1.796049,44.330078],[1.79696,44.329566],[1.797789,44.328845],[1.799106,44.3276],[1.799513,44.326855],[1.799724,44.326064],[1.800147,44.32532],[1.800196,44.324913],[1.800765,44.324098],[1.801789,44.322923],[1.801936,44.322586],[1.800976,44.322435],[1.80044,44.322237],[1.799903,44.322155],[1.799139,44.32176],[1.798586,44.321178],[1.798407,44.320364],[1.797919,44.319887],[1.797122,44.31941],[1.796098,44.318688],[1.795529,44.318584],[1.794992,44.318409],[1.793301,44.318386],[1.79252,44.318176],[1.792049,44.317816],[1.791431,44.316897],[1.790536,44.316082],[1.789691,44.314849],[1.789349,44.314593],[1.789024,44.314046],[1.788585,44.313476],[1.787235,44.312335],[1.786454,44.311777],[1.785967,44.311183],[1.785788,44.31059],[1.785771,44.309357],[1.785154,44.308437],[1.784389,44.307297],[1.785723,44.306668],[1.786178,44.30618],[1.786828,44.305377],[1.789349,44.305179],[1.789626,44.305214],[1.790536,44.304632],[1.790829,44.30462],[1.791333,44.304702],[1.793366,44.304329]]],"type":"MultiLineString"},"properties":{"geo_point":{"lon":1.6203476742151413,"lat":44.527313925146686},"name":"GR46 De Rocamadour (Lot) à Saint-Projet (Tarn et Garonne) (2019)","code_gr":"GR46"}},{"type":"Feature","geometry":{"coordinates":[[[1.792586,44.30339],[1.792426,44.302631],[1.792866,44.301857],[1.792366,44.301742],[1.792106,44.301499],[1.793087,44.29988],[1.793592,44.299533],[1.793867,44.299049],[1.794248,44.298819],[1.794968,44.297974],[1.795189,44.297415],[1.795984,44.297648],[1.796955,44.297848],[1.79802,44.297821],[1.799103,44.297915],[1.800093,44.297273],[1.800784,44.296658],[1.801139,44.296164],[1.802223,44.295615],[1.80226,44.295375],[1.802671,44.295094],[1.802185,44.294626],[1.80183,44.294064],[1.801681,44.293423],[1.801027,44.292447],[1.800934,44.291912],[1.801102,44.291243],[1.801532,44.290735],[1.802783,44.289986],[1.80368,44.289197],[1.802708,44.288997],[1.802129,44.288703],[1.801345,44.288529],[1.800243,44.288542],[1.799944,44.288983],[1.799832,44.288609],[1.79914,44.289037],[1.798692,44.288769],[1.798393,44.288435],[1.797347,44.288342],[1.797422,44.287847],[1.797609,44.287392],[1.797272,44.287151],[1.796805,44.287432],[1.796488,44.287499],[1.796114,44.287432],[1.795703,44.287472],[1.794972,44.287189],[1.794787,44.287357],[1.794602,44.287357],[1.79459,44.286871],[1.794732,44.286429],[1.794527,44.285841],[1.79462,44.285132],[1.794825,44.284731],[1.794751,44.284477],[1.794956,44.283581],[1.795591,44.282779],[1.795199,44.282016],[1.795087,44.280559],[1.795218,44.27985],[1.794956,44.279302],[1.794545,44.279114],[1.794433,44.278432],[1.794041,44.278178],[1.793779,44.277804],[1.793406,44.277643],[1.792976,44.27755],[1.792584,44.277349],[1.792005,44.277229],[1.791145,44.276934],[1.791108,44.27648],[1.791594,44.276105],[1.791986,44.275423],[1.792285,44.27462],[1.792005,44.274326],[1.791967,44.274085],[1.790454,44.272133],[1.78995,44.272079],[1.789165,44.271731],[1.788792,44.27133],[1.788175,44.271116],[1.786718,44.27026],[1.785112,44.268387],[1.783767,44.267317],[1.784888,44.267036],[1.78485,44.266782],[1.784477,44.266635],[1.784346,44.266033],[1.784103,44.265471],[1.784103,44.264963],[1.783879,44.264535],[1.783449,44.264227],[1.782534,44.262729],[1.782385,44.262033],[1.781824,44.261739],[1.779825,44.262033],[1.779116,44.262542],[1.778835,44.262595],[1.779508,44.261418],[1.779825,44.26099],[1.779994,44.260548],[1.779695,44.259532],[1.779321,44.259398],[1.779022,44.258756],[1.778219,44.258609],[1.777528,44.258247],[1.776799,44.257726],[1.775716,44.257204],[1.77551,44.256909],[1.775884,44.255986],[1.775865,44.255478],[1.775398,44.254889],[1.775342,44.2543],[1.775398,44.253391],[1.775043,44.252695],[1.775324,44.25216],[1.775342,44.251678],[1.775006,44.251022],[1.773101,44.25117],[1.772788,44.251227],[1.772363,44.251218],[1.771889,44.251024],[1.772536,44.249554],[1.771513,44.249725],[1.77084,44.249524],[1.769682,44.249604],[1.768206,44.249912],[1.767459,44.250273],[1.767011,44.250608],[1.767067,44.250728],[1.765722,44.25121],[1.76561,44.251129],[1.766787,44.249524],[1.767964,44.248788],[1.768617,44.248748],[1.769234,44.248146],[1.770299,44.245978],[1.770654,44.244653],[1.770859,44.244118],[1.770747,44.243301],[1.771027,44.242325],[1.771121,44.241522],[1.771457,44.24096],[1.771569,44.24009],[1.771457,44.23938],[1.771307,44.238912],[1.771475,44.238243],[1.769906,44.237507],[1.76972,44.237306],[1.769084,44.237386],[1.769701,44.236864],[1.768916,44.236637],[1.769227,44.236598],[1.769066,44.23643],[1.769648,44.236355],[1.769835,44.236373],[1.769884,44.235977],[1.770046,44.235802],[1.770103,44.235499],[1.76977,44.235445],[1.769655,44.235338],[1.770218,44.234951],[1.770206,44.234836],[1.769724,44.234967],[1.769747,44.23486],[1.770206,44.234605],[1.770126,44.234432],[1.77131,44.234086],[1.771264,44.233776],[1.771612,44.233476],[1.772798,44.233401],[1.775429,44.232826],[1.776022,44.232389],[1.776405,44.231877],[1.777068,44.231565],[1.7778,44.230916],[1.777887,44.230504],[1.777747,44.229205],[1.777451,44.228743],[1.777608,44.228293],[1.776824,44.227893],[1.776719,44.227394],[1.776144,44.227032],[1.775813,44.226694],[1.77529,44.226445],[1.77468,44.226307],[1.774262,44.226107],[1.772484,44.225708],[1.771543,44.22567],[1.770863,44.225583],[1.76973,44.225745],[1.769277,44.225733],[1.768963,44.225645],[1.768527,44.22577],[1.768168,44.225763],[1.76778,44.225888],[1.768252,44.225558],[1.768493,44.225237],[1.769471,44.224462],[1.769907,44.223951],[1.770287,44.223111],[1.771177,44.222286],[1.772379,44.221449],[1.772623,44.220962],[1.772554,44.21995],[1.771804,44.220275],[1.771438,44.219987],[1.771229,44.219538],[1.770201,44.218926],[1.769015,44.218376],[1.768841,44.217864],[1.768684,44.217227],[1.768144,44.216415],[1.76722,44.21569],[1.766122,44.215091],[1.765355,44.214778],[1.763926,44.214578],[1.762741,44.214291],[1.761382,44.214116],[1.760597,44.214241],[1.759935,44.214179],[1.759534,44.214104],[1.758767,44.214104],[1.758558,44.213217],[1.758628,44.212367],[1.758732,44.211605],[1.758192,44.210681],[1.757495,44.210306],[1.75678,44.209282],[1.756275,44.208532],[1.756257,44.207108],[1.755595,44.205546],[1.754706,44.204322],[1.753364,44.201748],[1.75251,44.199536],[1.752632,44.196175],[1.752231,44.196087],[1.75183,44.195675],[1.751395,44.1956],[1.750767,44.195363],[1.749931,44.195213],[1.749355,44.19495],[1.74763,44.194775],[1.74648,44.194825],[1.745434,44.195125],[1.744109,44.195738],[1.742854,44.195763],[1.741077,44.195475],[1.741756,44.194513],[1.742192,44.193538],[1.74214,44.193201],[1.739421,44.192451],[1.739177,44.192001],[1.739404,44.190664],[1.739247,44.189839],[1.73909,44.189352],[1.739055,44.188589],[1.739508,44.188202],[1.739996,44.18789],[1.739909,44.186877],[1.74024,44.186527],[1.74038,44.185577],[1.740136,44.184753],[1.740205,44.184115],[1.740606,44.183528],[1.740798,44.182903],[1.739717,44.182665],[1.738044,44.18254],[1.736946,44.182628],[1.735517,44.182265],[1.734279,44.182165],[1.734,44.18189],[1.733565,44.181678],[1.732536,44.179441],[1.731857,44.179016],[1.732014,44.178878],[1.732641,44.178666],[1.732589,44.178566],[1.732275,44.178541],[1.732327,44.177566],[1.730898,44.177091],[1.732066,44.176253],[1.732136,44.175891],[1.735517,44.174078],[1.73604,44.173528],[1.736458,44.172515],[1.737573,44.171778],[1.738027,44.171415],[1.738149,44.17084],[1.737887,44.170215],[1.737765,44.169778],[1.736998,44.168528],[1.737626,44.16734],[1.738201,44.164689],[1.738079,44.164339],[1.738323,44.162764],[1.738915,44.162464],[1.739665,44.161814],[1.740292,44.161601],[1.741216,44.161076],[1.742192,44.160688],[1.74329,44.160026],[1.743656,44.159901],[1.744162,44.159463],[1.744336,44.158938],[1.744719,44.158613],[1.748641,44.158913],[1.749303,44.158825],[1.74946,44.158938],[1.750523,44.1588],[1.751133,44.158463],[1.751482,44.158138],[1.751586,44.157563],[1.750698,44.156587],[1.75061,44.155649],[1.750419,44.155024],[1.749425,44.153499],[1.75014,44.153361],[1.751691,44.153611],[1.752336,44.153449],[1.753922,44.153311],[1.753242,44.152536],[1.753103,44.15166],[1.753556,44.151085],[1.754323,44.150697],[1.755229,44.150422],[1.754915,44.149459],[1.752074,44.149809],[1.751482,44.150035],[1.750454,44.15011],[1.748641,44.149922],[1.745469,44.149109],[1.742632,44.14871],[1.73978,44.147365],[1.739113,44.14692],[1.738539,44.146342],[1.738493,44.145921],[1.738263,44.145905],[1.737515,44.146218],[1.736446,44.145996],[1.735733,44.145781],[1.734778,44.145715],[1.733881,44.145542],[1.733939,44.145426],[1.734709,44.145204],[1.735342,44.145121],[1.736078,44.144791],[1.735227,44.1447],[1.733815,44.144957],[1.733181,44.14519],[1.73305,44.144922],[1.732855,44.144409],[1.731278,44.144642],[1.730091,44.144549],[1.729798,44.144922],[1.729196,44.145295],[1.728318,44.145249],[1.727359,44.144875],[1.726855,44.144969],[1.726513,44.14498],[1.725619,44.144584],[1.725521,44.144304],[1.724318,44.144012],[1.723895,44.144035],[1.721651,44.144689],[1.721651,44.144327],[1.721114,44.144607],[1.72074,44.145202],[1.72074,44.145587],[1.720041,44.145611],[1.719602,44.145937],[1.719195,44.146241],[1.719179,44.146707],[1.718512,44.146964],[1.717943,44.146836],[1.717764,44.146591],[1.717781,44.146042],[1.71765,44.145646],[1.717585,44.14512],[1.717146,44.144164],[1.716967,44.143487],[1.716659,44.143078],[1.716626,44.142693],[1.717033,44.142226],[1.718008,44.140266],[1.718106,44.139787],[1.718675,44.139321],[1.718756,44.138819],[1.719082,44.138515],[1.718773,44.135469],[1.720187,44.134442],[1.720529,44.133835],[1.720838,44.13352],[1.720773,44.133345],[1.719992,44.13338],[1.719082,44.133707],[1.718382,44.133777],[1.717407,44.13345],[1.716935,44.133403],[1.716659,44.132995],[1.716024,44.132878],[1.715471,44.132423],[1.714935,44.132353],[1.714447,44.132085],[1.713292,44.131886],[1.71191,44.131839],[1.711894,44.130591],[1.711764,44.130194],[1.710853,44.130124],[1.712056,44.129575],[1.712593,44.129003],[1.713943,44.128384],[1.715634,44.127637],[1.716707,44.126949],[1.718447,44.125595],[1.719439,44.124766],[1.72074,44.123132],[1.721602,44.121906],[1.721846,44.121953],[1.72235,44.121719],[1.722708,44.121789],[1.722627,44.122093],[1.72318,44.121976],[1.723928,44.122174],[1.724578,44.122536],[1.725212,44.123027],[1.726871,44.122466],[1.726725,44.122093],[1.726887,44.121591],[1.727489,44.120949],[1.727961,44.12068],[1.728725,44.120715],[1.729261,44.12068],[1.729798,44.120972],[1.730026,44.121556],[1.730449,44.121859],[1.730969,44.121894],[1.731961,44.121766],[1.732611,44.121859],[1.733441,44.121672],[1.733815,44.121217],[1.734107,44.121007],[1.734742,44.120774],[1.735148,44.120225],[1.735815,44.119968],[1.736514,44.11984],[1.737132,44.119921],[1.737734,44.119816],[1.738108,44.119594],[1.738514,44.119209],[1.739149,44.118917],[1.739864,44.118462],[1.740645,44.117808],[1.741393,44.117446],[1.743247,44.116781],[1.743946,44.116617],[1.746011,44.116793],[1.746906,44.116804],[1.747442,44.116209],[1.74619,44.115637],[1.745491,44.115427],[1.744922,44.115333],[1.743751,44.115216],[1.74258,44.114913],[1.742222,44.114668],[1.741555,44.114516],[1.741084,44.114142],[1.740629,44.114002],[1.739263,44.11315],[1.739246,44.112613],[1.738807,44.111994],[1.738954,44.1112],[1.738645,44.110745],[1.738173,44.110359],[1.737588,44.109192],[1.736856,44.107977],[1.736807,44.107417],[1.736986,44.106868],[1.736888,44.106483],[1.735165,44.104089],[1.734563,44.103155],[1.734514,44.101742],[1.734221,44.101275],[1.73362,44.100843],[1.732172,44.09999],[1.731538,44.099406],[1.731359,44.098624],[1.729603,44.098414],[1.728822,44.09811],[1.728091,44.097526],[1.727895,44.09658],[1.728058,44.095459],[1.728644,44.094653],[1.729196,44.094092],[1.730026,44.093602],[1.730465,44.093182],[1.73131,44.092317],[1.731945,44.092177],[1.733132,44.09213],[1.73362,44.092224],[1.733506,44.091768],[1.733116,44.091161],[1.733132,44.090624],[1.733733,44.089713],[1.734856,44.088428],[1.731408,44.090005],[1.731099,44.090273],[1.730107,44.090145],[1.730335,44.089841],[1.731164,44.089514],[1.731229,44.089175],[1.732611,44.088591],[1.734156,44.087634],[1.735343,44.086781],[1.736091,44.086138],[1.738092,44.08351],[1.738498,44.083475],[1.738677,44.082774],[1.739409,44.08233],[1.737214,44.080566],[1.735961,44.07969],[1.733571,44.07858],[1.732189,44.07816],[1.73105,44.078113],[1.729749,44.078265],[1.726643,44.079515],[1.728091,44.08191],[1.728026,44.082506],[1.727521,44.082821],[1.726481,44.084083],[1.726887,44.084316],[1.72609,44.08434],[1.725066,44.084176],[1.724643,44.084421],[1.723635,44.084421],[1.722789,44.08462],[1.721537,44.084047],[1.721163,44.083709],[1.720301,44.083393],[1.718382,44.083148],[1.717016,44.082377],[1.716203,44.08184],[1.714918,44.08184],[1.712414,44.082319],[1.709454,44.08309],[1.708479,44.083265],[1.707308,44.083826],[1.705779,44.083697],[1.704348,44.083779],[1.703112,44.083744],[1.701828,44.083861],[1.700364,44.08358],[1.699909,44.08337],[1.698608,44.083312],[1.697339,44.083428],[1.696689,44.083779],[1.695941,44.084106],[1.695307,44.08455],[1.694737,44.084176],[1.694217,44.084001],[1.693648,44.083662],[1.691306,44.083989],[1.690851,44.083977],[1.690461,44.084094],[1.689729,44.084164],[1.688948,44.082727],[1.688249,44.081664],[1.687924,44.080893],[1.687794,44.080263],[1.687127,44.079001],[1.686395,44.07858],[1.68607,44.078136],[1.685924,44.077658],[1.684736,44.076302],[1.683403,44.074959],[1.68098,44.07351],[1.68059,44.07316],[1.680362,44.072739],[1.679468,44.072202],[1.678866,44.071395],[1.678264,44.070963],[1.67537,44.06997],[1.674703,44.069619],[1.673483,44.069199],[1.672524,44.068755],[1.672459,44.068544],[1.671743,44.067914],[1.671548,44.067516],[1.671434,44.067049],[1.671142,44.066897],[1.670524,44.066079],[1.669938,44.065413],[1.669743,44.064922],[1.669483,44.064338],[1.669857,44.06324],[1.669776,44.062959],[1.66971,44.06248],[1.669271,44.061907],[1.669369,44.061569],[1.669548,44.060914],[1.669125,44.060657],[1.669271,44.059956],[1.669434,44.05957],[1.66919,44.058951],[1.668995,44.058074],[1.669141,44.057502],[1.669304,44.05749],[1.669597,44.057081],[1.669564,44.056275],[1.670524,44.056333],[1.670898,44.055983],[1.671109,44.05562],[1.670881,44.055632],[1.670621,44.056029],[1.670475,44.056053],[1.670231,44.055573],[1.669515,44.055503],[1.668035,44.05451],[1.66771,44.054136],[1.668149,44.054171],[1.668653,44.054066],[1.670101,44.053026],[1.670393,44.053014],[1.670735,44.053259],[1.671304,44.052804],[1.671385,44.052383],[1.671402,44.052009],[1.671646,44.051658],[1.672491,44.051752],[1.672605,44.051354],[1.671434,44.050653],[1.671955,44.050314],[1.672589,44.04994],[1.673418,44.049332],[1.67376,44.048596],[1.673727,44.048304],[1.673321,44.047591],[1.67067,44.046071],[1.669776,44.045323],[1.670133,44.044891],[1.670637,44.044657],[1.670686,44.044587],[1.671402,44.044482],[1.67132,44.042775],[1.672751,44.041314],[1.672768,44.039654],[1.670475,44.037444],[1.670328,44.036883],[1.670052,44.03631],[1.669857,44.036077],[1.669678,44.035679],[1.669613,44.034861],[1.669532,44.034311],[1.669678,44.033551],[1.670247,44.033166],[1.670784,44.032616],[1.671613,44.032067],[1.67202,44.031424],[1.672475,44.03043],[1.672914,44.030009],[1.673499,44.02967],[1.673678,44.029436],[1.674931,44.028559],[1.676394,44.028115],[1.677093,44.027834],[1.677386,44.027729],[1.678703,44.027624],[1.679663,44.027951],[1.680297,44.028056],[1.68085,44.027822],[1.681256,44.028384],[1.681988,44.027986],[1.682671,44.027857],[1.683842,44.027787],[1.68446,44.027857],[1.684899,44.027705],[1.685842,44.027589],[1.686086,44.027437],[1.686363,44.027483],[1.688314,44.02684],[1.689339,44.026431],[1.690265,44.025917],[1.691144,44.025858],[1.692136,44.025998],[1.692688,44.026244],[1.692526,44.024174],[1.692298,44.022175],[1.692835,44.021578],[1.693583,44.021485],[1.695258,44.021602],[1.696315,44.022175],[1.69664,44.022946],[1.697128,44.023215],[1.697551,44.023461],[1.69838,44.024186],[1.69973,44.024595],[1.700543,44.025063],[1.701161,44.02511],[1.701746,44.02504],[1.702803,44.024233],[1.703145,44.024513],[1.703096,44.025121],[1.703649,44.02546],[1.704007,44.024993],[1.704348,44.024911],[1.704365,44.024619],[1.704462,44.024116],[1.704299,44.023566],[1.703763,44.023145],[1.703177,44.022549],[1.702397,44.021859],[1.701844,44.021672],[1.701502,44.021157],[1.701486,44.020807],[1.701502,44.020421],[1.701112,44.019906],[1.701161,44.018515],[1.700754,44.017871],[1.700348,44.016059],[1.700592,44.015369],[1.700153,44.015006],[1.699844,44.014281],[1.699356,44.01372],[1.698624,44.013462],[1.698331,44.013158],[1.698006,44.0131],[1.697827,44.013006],[1.697876,44.012246],[1.698266,44.012258],[1.699063,44.011954],[1.700088,44.011778],[1.700982,44.012094],[1.701372,44.011837],[1.701942,44.011474],[1.702039,44.010878],[1.702267,44.010679],[1.70321,44.010504],[1.703389,44.010316],[1.703682,44.009697],[1.7036,44.009182],[1.703812,44.008948],[1.704365,44.008644],[1.704999,44.007977],[1.705324,44.007357],[1.705291,44.006925],[1.705552,44.006445],[1.706283,44.005895],[1.707926,44.005076],[1.709227,44.004726],[1.709308,44.004562],[1.709633,44.004772],[1.709763,44.004573],[1.709113,44.004141],[1.708007,44.002959],[1.708934,44.002257],[1.709146,44.001825],[1.709097,44.00124],[1.709422,44.000339],[1.709422,43.999719],[1.709829,43.999158],[1.709991,43.998573],[1.710284,43.99807],[1.71082,43.997754],[1.710804,43.997075],[1.710544,43.996771],[1.711292,43.995543],[1.71243,43.995133],[1.712902,43.994548],[1.712436,43.994135],[1.711079,43.991438],[1.710573,43.991471],[1.709975,43.992001],[1.709239,43.992282],[1.709906,43.990925],[1.710596,43.990445],[1.710458,43.989817],[1.710136,43.989751],[1.710159,43.989436],[1.71055,43.989023],[1.710688,43.988427],[1.710186,43.988289],[1.710479,43.987739],[1.709454,43.986206],[1.709243,43.985411],[1.709568,43.984814],[1.709454,43.983866],[1.710056,43.983],[1.710609,43.981479],[1.709877,43.980859],[1.709682,43.980485],[1.709146,43.980471],[1.708853,43.979981],[1.71126,43.979783],[1.711764,43.979326],[1.713975,43.97846],[1.714122,43.97825],[1.714073,43.977992],[1.713666,43.977196],[1.714219,43.976085],[1.714024,43.975511],[1.713829,43.974224],[1.713162,43.973873],[1.713471,43.972328],[1.713374,43.971989],[1.712008,43.971684],[1.71152,43.970889],[1.711471,43.970537],[1.710853,43.969765],[1.710886,43.969402],[1.711129,43.968665],[1.71139,43.968126],[1.71152,43.967319],[1.712008,43.966956],[1.712495,43.966909],[1.712967,43.966605],[1.712284,43.966581],[1.712268,43.966394],[1.712626,43.966031],[1.713683,43.963866],[1.713878,43.962894],[1.713959,43.961502],[1.713829,43.960975],[1.71474,43.958973],[1.715618,43.958657],[1.716545,43.958236],[1.716463,43.958762],[1.716219,43.959301],[1.716268,43.959793],[1.716431,43.960027],[1.717634,43.960764],[1.718529,43.960811],[1.719878,43.960799],[1.721098,43.960869],[1.722594,43.960752],[1.723423,43.960787],[1.723732,43.961033],[1.724041,43.961923],[1.724822,43.961911],[1.725261,43.961771],[1.725586,43.961221],[1.726204,43.961384],[1.726643,43.961408],[1.727001,43.96156],[1.727375,43.961174],[1.727424,43.960706],[1.727717,43.960612],[1.728578,43.960823],[1.72892,43.96115],[1.730676,43.961326],[1.731375,43.961583],[1.732937,43.961853],[1.735197,43.961022],[1.735506,43.960858],[1.736498,43.960741],[1.7371,43.960027],[1.737734,43.960179],[1.738108,43.959711],[1.738401,43.959558],[1.738124,43.959207],[1.737978,43.958645],[1.737669,43.958247],[1.73775,43.95806],[1.737669,43.957732],[1.737848,43.954454],[1.738856,43.953846],[1.740742,43.95326],[1.742125,43.953178],[1.742206,43.952804],[1.742612,43.952031],[1.743198,43.951282],[1.743149,43.95038],[1.743182,43.949491],[1.743117,43.948671],[1.743279,43.947828],[1.743474,43.947418],[1.743783,43.947114],[1.744418,43.946763],[1.745572,43.945522],[1.746027,43.945264],[1.746857,43.944924],[1.748548,43.943765],[1.748987,43.942992],[1.749264,43.942149],[1.7498,43.942196],[1.749444,43.941718],[1.749347,43.941239],[1.750056,43.941927],[1.750517,43.942174],[1.751343,43.942468],[1.752223,43.943132],[1.752738,43.94358],[1.753317,43.943773],[1.7541,43.943804],[1.754862,43.943735],[1.755313,43.943959],[1.755452,43.944453],[1.755334,43.945025],[1.755645,43.945048],[1.757083,43.944569],[1.756761,43.945087],[1.756546,43.945805],[1.756482,43.946662],[1.756042,43.947728],[1.754444,43.949451],[1.754079,43.949629],[1.754926,43.949544],[1.755903,43.948926],[1.756675,43.948346],[1.757051,43.948254],[1.757255,43.948146],[1.758134,43.948424],[1.757931,43.949011],[1.758435,43.949374],[1.758327,43.94959],[1.757448,43.950023],[1.757244,43.950347],[1.756868,43.950664],[1.756901,43.950919],[1.757072,43.951104],[1.757947,43.95072],[1.758712,43.950521],[1.759102,43.950509],[1.759574,43.95086],[1.760257,43.951188],[1.76107,43.951387],[1.762029,43.951891],[1.761037,43.952991],[1.760126,43.953553],[1.75959,43.954255],[1.759167,43.955157],[1.758744,43.955496],[1.758386,43.956527],[1.757964,43.956819],[1.757671,43.95751],[1.757151,43.958002],[1.756533,43.958505],[1.756305,43.958973],[1.756207,43.959594],[1.755898,43.960366],[1.756045,43.960846],[1.756354,43.96115],[1.756435,43.961665],[1.756142,43.96245],[1.756679,43.962473],[1.757167,43.962649],[1.757378,43.963351],[1.757362,43.963831],[1.757622,43.964159],[1.76094,43.96396],[1.762257,43.96451],[1.763981,43.964966],[1.765184,43.965189],[1.766257,43.965212],[1.767038,43.965505],[1.767591,43.965282],[1.768014,43.965271],[1.768745,43.965446],[1.770339,43.965142],[1.770794,43.965083],[1.771851,43.964814],[1.772697,43.964521],[1.772144,43.964381],[1.77351,43.963082],[1.77416,43.96204],[1.775445,43.961771],[1.777592,43.960998],[1.778763,43.960272],[1.779104,43.959968],[1.779836,43.959687],[1.780519,43.959617],[1.781283,43.959196],[1.781625,43.958692],[1.781706,43.958212],[1.782031,43.957896],[1.782064,43.957639],[1.782698,43.956737],[1.782991,43.956515],[1.783511,43.955567],[1.783836,43.955075],[1.785007,43.954337],[1.786698,43.953436],[1.789495,43.952113],[1.791967,43.951013],[1.792943,43.950603],[1.794081,43.950275],[1.797187,43.950895],[1.798082,43.951001],[1.800261,43.951176],[1.802245,43.95134],[1.802342,43.9512],[1.803042,43.951282],[1.804115,43.951165],[1.806505,43.950591],[1.806652,43.950849],[1.807302,43.950989],[1.808408,43.951013],[1.808912,43.951235],[1.811368,43.95168],[1.811807,43.951703],[1.812262,43.952055],[1.812473,43.95278],[1.81301,43.953284],[1.81314,43.954513],[1.813433,43.954607],[1.812539,43.954923],[1.811774,43.955684],[1.811335,43.957229],[1.811351,43.958119],[1.810408,43.960401],[1.810701,43.961466],[1.810571,43.961806],[1.809563,43.962824],[1.811644,43.963339],[1.812116,43.964065],[1.812799,43.964545],[1.813433,43.964744],[1.814148,43.964837],[1.814344,43.965317],[1.814831,43.966031],[1.815693,43.965891],[1.81623,43.96616],[1.81849,43.966043],[1.818848,43.96616],[1.81906,43.966862],[1.819547,43.96712],[1.819889,43.967061],[1.820035,43.967717],[1.822751,43.969344],[1.823906,43.969683],[1.82454,43.970233],[1.824816,43.970725],[1.82602,43.971942],[1.826638,43.972094],[1.827158,43.972621],[1.828345,43.9731],[1.828865,43.973358],[1.82937,43.973545],[1.829971,43.974224],[1.830264,43.974797],[1.830817,43.975102],[1.831272,43.975441],[1.831565,43.975663],[1.831467,43.976635],[1.831549,43.976916],[1.831874,43.977571],[1.832768,43.977957],[1.834053,43.978636],[1.835614,43.978261],[1.836021,43.977969],[1.83685,43.977817],[1.837679,43.977547],[1.838297,43.977489],[1.839013,43.97722],[1.839501,43.977185],[1.840216,43.977629],[1.840867,43.977875],[1.841387,43.977782],[1.842298,43.977875],[1.843517,43.977852],[1.8442,43.977945],[1.845111,43.977641],[1.845973,43.97729],[1.846965,43.977009],[1.847583,43.976974],[1.847632,43.977688],[1.847241,43.978413],[1.847664,43.978811],[1.848705,43.979303],[1.849307,43.979467],[1.849502,43.979724],[1.8516,43.979408],[1.853746,43.979221],[1.854868,43.978963],[1.855844,43.978823],[1.856299,43.979244],[1.857129,43.979256],[1.857649,43.979689],[1.858625,43.979759],[1.859226,43.979981],[1.860056,43.98066],[1.861422,43.980017],[1.862235,43.979876],[1.862853,43.979876],[1.863763,43.979818],[1.865016,43.980262],[1.865357,43.980251],[1.865959,43.979654],[1.867439,43.97935],[1.867943,43.979666],[1.868463,43.980216],[1.869455,43.980637],[1.869049,43.979724],[1.868626,43.979221],[1.868544,43.978683],[1.868707,43.978472],[1.869797,43.978425],[1.871032,43.978729],[1.87248,43.978811],[1.877212,43.979595],[1.877716,43.980075],[1.878708,43.980426],[1.880058,43.980719],[1.881603,43.980918],[1.884644,43.980169],[1.885115,43.979981],[1.885652,43.979923],[1.887798,43.98011],[1.888221,43.9799],[1.888709,43.980017],[1.889327,43.980531],[1.892661,43.981081],[1.893734,43.980485],[1.894417,43.980438],[1.894937,43.980344],[1.89619,43.980894],[1.896612,43.980918],[1.897556,43.980777],[1.898596,43.980637],[1.899247,43.980929],[1.899735,43.980929],[1.900954,43.980847],[1.901296,43.980695],[1.903036,43.980801],[1.90245,43.979993],[1.902093,43.979432],[1.90167,43.97901],[1.901296,43.97798],[1.900906,43.977863],[1.900353,43.978004],[1.899263,43.977419],[1.898141,43.976904],[1.897084,43.976085],[1.896368,43.975769],[1.89549,43.975301],[1.893848,43.97365],[1.893815,43.973487],[1.893328,43.973171],[1.891522,43.973042],[1.890059,43.972621],[1.888189,43.97227],[1.887229,43.971965],[1.886774,43.971708],[1.885083,43.971731],[1.884335,43.971591],[1.88453,43.971006],[1.885164,43.968829],[1.885197,43.96822],[1.885717,43.967178],[1.885782,43.966488],[1.885668,43.964229],[1.886189,43.962789],[1.885684,43.962005],[1.886189,43.962251],[1.887766,43.961139],[1.888172,43.960553],[1.888514,43.959874],[1.890156,43.958458],[1.890254,43.957756],[1.889425,43.957463],[1.888091,43.957779],[1.887587,43.958002],[1.887246,43.957896],[1.886432,43.957018],[1.887685,43.956257],[1.889262,43.954876],[1.888888,43.954267],[1.889018,43.953998],[1.889441,43.953869],[1.889734,43.953623],[1.890612,43.953436],[1.890823,43.953178],[1.891295,43.953295],[1.891653,43.952897],[1.891425,43.952523],[1.891213,43.951352],[1.890498,43.951434],[1.889766,43.950615],[1.889506,43.950076],[1.889571,43.949725],[1.88936,43.949256],[1.889246,43.948823],[1.888498,43.947161],[1.886595,43.947828],[1.884709,43.947863],[1.88279,43.948121],[1.881554,43.948589],[1.880725,43.949198],[1.879391,43.950006],[1.878578,43.950837],[1.878139,43.950919],[1.878106,43.951387],[1.875732,43.953319],[1.875293,43.953085],[1.873813,43.95422],[1.872984,43.953717],[1.872675,43.952874],[1.872805,43.952687],[1.873277,43.952312],[1.873,43.951855],[1.873374,43.951176],[1.873911,43.951095],[1.874643,43.951188],[1.875358,43.951153],[1.876545,43.95038],[1.87687,43.950076],[1.877749,43.949596],[1.877342,43.949397],[1.876984,43.949327],[1.876708,43.949069],[1.876334,43.947863],[1.876318,43.947243],[1.87648,43.946727],[1.87648,43.945955],[1.877066,43.945369],[1.876757,43.944362],[1.876724,43.942946],[1.877098,43.942899],[1.877375,43.942348],[1.877765,43.941974],[1.877944,43.941576],[1.878204,43.941412],[1.879261,43.941096],[1.88022,43.940451],[1.880237,43.940182],[1.881066,43.939725],[1.880741,43.938999],[1.87957,43.938332],[1.880903,43.93743],[1.881359,43.93695],[1.881586,43.936505],[1.882253,43.936002],[1.883115,43.935732],[1.884123,43.935393],[1.884774,43.935311],[1.885961,43.934655],[1.88627,43.933706],[1.885701,43.932723],[1.885717,43.932325],[1.887083,43.931247],[1.887896,43.930474],[1.889002,43.928659],[1.888937,43.927769],[1.889164,43.927183],[1.889425,43.926715],[1.88949,43.92586],[1.889766,43.924864],[1.890693,43.923868],[1.892417,43.922346],[1.893181,43.921233],[1.894547,43.918656],[1.896694,43.916466],[1.897637,43.914615],[1.898304,43.912846],[1.898483,43.911768],[1.899231,43.909343],[1.899149,43.908605],[1.898401,43.908113],[1.898515,43.907785],[1.897978,43.907585],[1.897474,43.907269],[1.896905,43.906613],[1.896092,43.906168],[1.895783,43.904996],[1.89619,43.904586],[1.895881,43.904434],[1.895604,43.903473],[1.895425,43.903391],[1.89671,43.901633],[1.89684,43.901633],[1.897442,43.900837]]],"type":"MultiLineString"},"properties":{"geo_point":{"lon":1.7679899426007488,"lat":44.066133554430216},"name":"GR46 De Saint-Projet (Tarn et Garonne) à Gaillac (Tarn) (2019)","code_gr":"GR46"}},{"type":"Feature","geometry":{"coordinates":[[[2.2328,45.931961],[2.232263,45.932781],[2.23134,45.933483],[2.229795,45.93414],[2.227972,45.934334],[2.227349,45.934468],[2.226899,45.934692],[2.228401,45.937124],[2.228765,45.937617],[2.229152,45.938587],[2.228959,45.940467],[2.229302,45.940631],[2.229259,45.941108],[2.228508,45.941422],[2.227864,45.940646],[2.227092,45.940437],[2.225955,45.940049],[2.22501,45.939989],[2.224967,45.940616],[2.225268,45.940855],[2.224452,45.941317],[2.224324,45.94175],[2.224088,45.941974],[2.222414,45.94184],[2.221191,45.94166],[2.219989,45.941168],[2.219796,45.941004],[2.218637,45.941108],[2.217307,45.94081],[2.216878,45.940571],[2.216449,45.940482],[2.215118,45.939959],[2.214496,45.939989],[2.21308,45.939915],[2.212651,45.93993],[2.211728,45.939586],[2.211127,45.939392],[2.210312,45.939273],[2.208939,45.938646],[2.208939,45.938288],[2.208145,45.93799],[2.207694,45.937661],[2.207694,45.937393],[2.207801,45.937273],[2.207758,45.93693],[2.207329,45.936587],[2.2069,45.935975],[2.2066,45.935318],[2.205977,45.934662],[2.205355,45.934796],[2.204754,45.934542],[2.203681,45.934945],[2.202866,45.934662],[2.202051,45.934169],[2.200892,45.934363],[2.200728,45.934135],[2.200668,45.933731],[2.199988,45.933675],[2.199667,45.933522],[2.199527,45.933745],[2.199107,45.933717],[2.198766,45.9338],[2.198266,45.933731],[2.197505,45.934204],[2.196484,45.934483],[2.196564,45.93465],[2.196424,45.935067],[2.196704,45.936028],[2.196504,45.936265],[2.195323,45.936529],[2.193561,45.936627],[2.19304,45.937072],[2.192199,45.937462],[2.190958,45.939175],[2.190858,45.939718],[2.189657,45.94001],[2.188436,45.940136],[2.187855,45.940372],[2.187775,45.940776],[2.186273,45.940943],[2.185352,45.941277],[2.185012,45.941347],[2.184572,45.941528],[2.182509,45.941932],[2.182069,45.942196],[2.181609,45.942238],[2.181008,45.942029],[2.180227,45.941834],[2.179847,45.94189],[2.178766,45.942572],[2.177504,45.943004],[2.177384,45.943783],[2.177484,45.944939],[2.177244,45.945871],[2.177324,45.946818],[2.177304,45.9475],[2.176784,45.947792],[2.176303,45.948349],[2.175783,45.949407],[2.174701,45.950493],[2.174441,45.950966],[2.174441,45.951523],[2.174822,45.952247],[2.174922,45.953333],[2.174341,45.954432],[2.1735,45.955239],[2.172239,45.955476],[2.171678,45.955072],[2.170857,45.955128],[2.169576,45.954613],[2.167294,45.954808],[2.167494,45.956562],[2.166893,45.95659],[2.166853,45.956367],[2.166553,45.956228],[2.166146,45.956271],[2.166146,45.956745],[2.166043,45.956823],[2.165791,45.956673],[2.165689,45.956504],[2.165651,45.95631],[2.165143,45.95573],[2.164886,45.955759],[2.164629,45.956028],[2.163963,45.956073],[2.162676,45.955998],[2.160144,45.956759],[2.159758,45.956789],[2.159693,45.956998],[2.157354,45.957371],[2.156732,45.957415],[2.156603,45.957878],[2.156303,45.958027],[2.155466,45.958101],[2.155445,45.958355],[2.156003,45.958624],[2.156045,45.958922],[2.156367,45.95931],[2.156496,45.959862],[2.157011,45.960503],[2.157054,45.960951],[2.156689,45.961622],[2.156603,45.963292],[2.156303,45.963993],[2.156217,45.96462],[2.155981,45.964948],[2.156281,45.965649],[2.155917,45.965992],[2.155337,45.966201],[2.154651,45.966797],[2.153835,45.967797],[2.153385,45.968721],[2.153471,45.969616],[2.152998,45.970108],[2.153256,45.971495],[2.152719,45.971838],[2.151368,45.971585],[2.150831,45.971674],[2.149093,45.971137],[2.148535,45.97075],[2.14817,45.970735],[2.146969,45.970332],[2.146368,45.970272],[2.145188,45.969974],[2.144458,45.969691],[2.144008,45.969318],[2.143707,45.968632],[2.143428,45.968289],[2.142677,45.96814],[2.142484,45.967737],[2.142527,45.967454],[2.143149,45.967528],[2.143128,45.96632],[2.141562,45.96553],[2.140682,45.964829],[2.14051,45.964515],[2.140038,45.964053],[2.139544,45.962815],[2.139759,45.962666],[2.139823,45.962353],[2.140124,45.961965],[2.139931,45.961189],[2.141969,45.960414],[2.142119,45.960011],[2.143815,45.95831],[2.144415,45.958161],[2.145853,45.957997],[2.146153,45.957773],[2.146175,45.95746],[2.145381,45.955983],[2.143128,45.956296],[2.142334,45.956222],[2.138278,45.955551],[2.138021,45.95567],[2.136455,45.955759],[2.135983,45.95561],[2.134845,45.9557],[2.13388,45.955983],[2.133515,45.956401],[2.132592,45.956908],[2.131498,45.956774],[2.131197,45.956848],[2.130919,45.957206],[2.129931,45.957326],[2.129481,45.957758],[2.129052,45.957878],[2.128773,45.957878],[2.128193,45.958415],[2.126434,45.958594],[2.125146,45.95931],[2.122035,45.96013],[2.121091,45.96016],[2.120233,45.96007],[2.120082,45.959399],[2.119374,45.958728],[2.118495,45.95831],[2.118237,45.957669],[2.116327,45.956744],[2.115405,45.95658],[2.113752,45.956848],[2.112701,45.956983],[2.111843,45.957236],[2.111156,45.957311],[2.10989,45.956998],[2.108924,45.95652],[2.108238,45.956117],[2.107294,45.955297],[2.106607,45.954596],[2.106006,45.953641],[2.10429,45.95209],[2.102294,45.952791],[2.102315,45.953208],[2.101865,45.953417],[2.102101,45.95388],[2.102187,45.954551],[2.102251,45.954805],[2.102273,45.955551],[2.102101,45.956073],[2.102144,45.956789],[2.101843,45.956998],[2.099826,45.95755],[2.098904,45.958579],[2.098174,45.958922],[2.096071,45.958922],[2.094483,45.9584],[2.094269,45.958101],[2.093539,45.957833],[2.092896,45.958161],[2.09281,45.958653],[2.092531,45.959205],[2.091522,45.959981],[2.090471,45.960473],[2.089999,45.96107],[2.089999,45.961249],[2.08914,45.962114],[2.087703,45.96459],[2.087145,45.9645],[2.086737,45.96462],[2.086372,45.965037],[2.084999,45.964918],[2.084334,45.964739],[2.083647,45.965097],[2.082767,45.965023],[2.080944,45.964113],[2.078412,45.963263],[2.077339,45.963248],[2.076244,45.963382],[2.075644,45.962934],[2.075343,45.962457],[2.075343,45.962114],[2.075236,45.961905],[2.074592,45.96198],[2.073734,45.961711],[2.070751,45.960458],[2.069764,45.960473],[2.069142,45.960279],[2.068799,45.960011],[2.069485,45.958892],[2.070043,45.957639],[2.070708,45.956684],[2.07088,45.955819],[2.07088,45.954969],[2.071373,45.95376],[2.07191,45.952761],[2.071867,45.952194],[2.071974,45.951045],[2.071953,45.950613],[2.071996,45.950225],[2.071631,45.949673],[2.071502,45.949076],[2.06985,45.947882],[2.069807,45.947554],[2.069528,45.947509],[2.069035,45.946913],[2.068262,45.946331],[2.067232,45.946047],[2.06661,45.9456],[2.066202,45.945241],[2.064786,45.944928],[2.06382,45.944794],[2.062168,45.945435],[2.060666,45.946226],[2.060065,45.946674],[2.059121,45.948017],[2.058027,45.946002],[2.057319,45.944361],[2.057426,45.943899],[2.057834,45.943436],[2.058349,45.943033],[2.057555,45.942586],[2.057104,45.942556],[2.056782,45.940855],[2.056332,45.940318],[2.056482,45.939765],[2.056267,45.938885],[2.055581,45.938124],[2.055345,45.938005],[2.054465,45.936572],[2.053735,45.936184],[2.052963,45.936423],[2.052448,45.936811],[2.051439,45.937691],[2.050045,45.938587],[2.048135,45.939736],[2.047427,45.939915],[2.046847,45.939915],[2.046354,45.93981],[2.045603,45.939765],[2.044444,45.940064],[2.04247,45.940795],[2.042255,45.941437],[2.041204,45.942884],[2.040904,45.942884],[2.040839,45.94269],[2.040153,45.942347],[2.039831,45.942033],[2.038221,45.939855],[2.038178,45.939392],[2.039444,45.938482],[2.040217,45.938139],[2.040732,45.937363],[2.039831,45.937915],[2.038672,45.938094],[2.037277,45.938572],[2.036655,45.93893],[2.035475,45.940541],[2.034702,45.940437],[2.033372,45.94084],[2.032557,45.940646],[2.031205,45.940601],[2.028694,45.941317],[2.028093,45.941586],[2.027836,45.942004],[2.027299,45.942451],[2.026806,45.943138],[2.026355,45.943317],[2.025905,45.943347],[2.025626,45.943466],[2.02539,45.943466],[2.024467,45.94369],[2.024124,45.943675],[2.02378,45.943541],[2.022815,45.943332],[2.02215,45.942571],[2.021892,45.941974],[2.02112,45.939348],[2.020712,45.939198],[2.020712,45.938378],[2.020068,45.937915],[2.020047,45.937617],[2.019081,45.937154],[2.018116,45.936094],[2.01715,45.936065],[2.016807,45.935886],[2.015691,45.934154],[2.015412,45.933901],[2.01524,45.933393],[2.014897,45.932886],[2.014639,45.932632],[2.013953,45.932617],[2.012365,45.932453],[2.011228,45.932244],[2.010198,45.931796],[2.007987,45.931006],[2.006721,45.930737],[2.00464,45.9302],[2.003868,45.930095],[2.003396,45.929841],[2.002001,45.930006],[2.001164,45.930438],[2.001851,45.929185],[2.002537,45.928901],[2.003717,45.928558],[2.00479,45.928573],[2.003567,45.927349],[2.003717,45.927215],[2.004168,45.927035],[2.005005,45.926483],[2.006013,45.926334],[2.006893,45.925797],[2.00758,45.92514],[2.007794,45.924752],[2.007773,45.924185],[2.007945,45.92411],[2.008481,45.924215],[2.008932,45.92408],[2.009232,45.924185],[2.009683,45.923752],[2.009575,45.92314],[2.00994,45.922826],[2.010026,45.922483],[2.010326,45.922095],[2.010434,45.921274],[2.011099,45.920393],[2.011013,45.919901],[2.010262,45.918826],[2.009897,45.918094],[2.009618,45.917258],[2.008781,45.916632],[2.007601,45.916139],[2.0064,45.915467],[2.005713,45.915273],[2.004919,45.915258],[2.004747,45.91484],[2.004383,45.914721],[2.004468,45.914228],[2.005091,45.912362],[2.004876,45.912317],[2.004597,45.911093],[2.006657,45.910421],[2.005584,45.909794],[2.005134,45.9096],[2.003095,45.907301],[2.002881,45.906897],[2.00273,45.906166],[2.001765,45.905225],[1.999855,45.9053],[1.997988,45.90412],[1.997194,45.903732],[1.996679,45.903598],[1.995413,45.90418],[1.99492,45.90415],[1.994555,45.904613],[1.994147,45.904747],[1.99374,45.905001],[1.992903,45.904718],[1.99198,45.903747],[1.991057,45.903269],[1.990435,45.902806],[1.98977,45.902418],[1.989813,45.902179],[1.989727,45.901925],[1.990392,45.898625],[1.990671,45.898715],[1.990843,45.897983],[1.992259,45.896923],[1.992774,45.896385],[1.992881,45.895922],[1.992645,45.895773],[1.992645,45.894996],[1.99228,45.894548],[1.992023,45.894459],[1.991808,45.89416],[1.991787,45.893413],[1.992538,45.892368],[1.99213,45.89195],[1.992044,45.891517],[1.992538,45.89077],[1.992731,45.890232],[1.992688,45.889754],[1.993761,45.88953],[1.994576,45.887708],[1.995714,45.887006],[1.994212,45.885557],[1.993182,45.884825],[1.992345,45.884512],[1.991487,45.884452],[1.989684,45.884377],[1.988246,45.884422],[1.986551,45.884243],[1.985865,45.884079],[1.983011,45.883152],[1.981745,45.883152],[1.979964,45.882884],[1.978741,45.882913],[1.97726,45.883093],[1.97681,45.883376],[1.976316,45.883421],[1.975329,45.883123],[1.974535,45.883093],[1.973526,45.883601],[1.973226,45.883526],[1.973033,45.883257],[1.97284,45.882839],[1.971767,45.882749],[1.971102,45.88263],[1.967905,45.881211],[1.966274,45.880703],[1.964428,45.879791],[1.963141,45.879045],[1.962562,45.878566],[1.962154,45.878178],[1.960824,45.877685],[1.960223,45.877655],[1.959257,45.877356],[1.95857,45.877103],[1.957047,45.876849],[1.95621,45.877073],[1.955481,45.877491],[1.955416,45.878133],[1.955009,45.878298],[1.954343,45.878208],[1.95385,45.878014],[1.953077,45.8764],[1.9537,45.872531],[1.954772,45.869618],[1.956103,45.868153],[1.958356,45.866301],[1.958721,45.865703],[1.959064,45.865329],[1.9593,45.864821],[1.959193,45.864493],[1.958828,45.864821],[1.957412,45.865434],[1.956789,45.865539],[1.956553,45.86524],[1.956661,45.864777],[1.956124,45.864343],[1.955438,45.864254],[1.953871,45.864149],[1.953313,45.86397],[1.943486,45.859188],[1.942735,45.859009],[1.941855,45.8601],[1.94164,45.860832],[1.94119,45.861504],[1.940761,45.861698],[1.940439,45.862087],[1.940138,45.862236],[1.939816,45.862595],[1.93958,45.862804],[1.939216,45.862894],[1.937628,45.862759],[1.936898,45.862969],[1.936598,45.863492],[1.935589,45.863731],[1.935031,45.864059],[1.934602,45.864717],[1.93265,45.865359],[1.931083,45.866092],[1.929753,45.866346],[1.929109,45.866136],[1.928251,45.866136],[1.926835,45.865643],[1.92632,45.865285],[1.926105,45.864627],[1.925483,45.864508],[1.925633,45.864089],[1.925805,45.86394],[1.924989,45.863028],[1.924131,45.862939],[1.923466,45.862685],[1.923165,45.861131],[1.922543,45.859816],[1.9225,45.859024],[1.922929,45.85862],[1.923509,45.858336],[1.92441,45.855332],[1.92426,45.855048],[1.924603,45.85472],[1.924882,45.853121],[1.924646,45.852837],[1.924217,45.851477],[1.925182,45.850924],[1.92544,45.850341],[1.925826,45.849952],[1.926084,45.848995],[1.926019,45.847994],[1.925247,45.847874],[1.924453,45.847471],[1.924045,45.846918],[1.923981,45.846455],[1.922758,45.845797],[1.921792,45.845124],[1.920998,45.844736],[1.919668,45.844392],[1.917779,45.843674],[1.915312,45.842583],[1.914003,45.841731],[1.913381,45.841537],[1.911235,45.841193],[1.911449,45.840475],[1.911364,45.840117],[1.911986,45.839848],[1.912823,45.839728],[1.913273,45.839474],[1.91396,45.839354],[1.914775,45.839459],[1.915183,45.839354],[1.915097,45.838517],[1.914904,45.837934],[1.915312,45.837515],[1.916792,45.836992],[1.9169,45.83632],[1.918037,45.835587],[1.918788,45.835318],[1.919088,45.834884],[1.920354,45.834406],[1.921427,45.834525],[1.921749,45.834271],[1.922522,45.833315],[1.923637,45.832881],[1.923981,45.832104],[1.926856,45.8317],[1.926792,45.831221],[1.926577,45.830788],[1.926513,45.83007],[1.926191,45.829397],[1.926234,45.829038],[1.926577,45.82865],[1.927457,45.828201],[1.927264,45.827543],[1.927006,45.826826],[1.927114,45.826123],[1.926877,45.825659],[1.926363,45.825166],[1.926405,45.824687],[1.927435,45.82373],[1.928444,45.823252],[1.929345,45.822848],[1.929495,45.822549],[1.930289,45.82225],[1.930053,45.820755],[1.931319,45.820426],[1.932027,45.820665],[1.934366,45.819603],[1.934924,45.819573],[1.934988,45.819364],[1.934001,45.817659],[1.933722,45.816926],[1.934066,45.816313],[1.933937,45.815939],[1.933422,45.815565],[1.933293,45.815251],[1.932285,45.814264],[1.932113,45.813965],[1.933143,45.813247],[1.933572,45.812514],[1.933572,45.811243],[1.932092,45.811587],[1.931448,45.811467],[1.930783,45.811527],[1.930289,45.811198],[1.929324,45.810271],[1.928144,45.81048],[1.927757,45.810361],[1.927199,45.810301],[1.926942,45.810047],[1.925912,45.808446],[1.926126,45.807833],[1.92589,45.807309],[1.92486,45.806457],[1.92441,45.806292],[1.923895,45.805514],[1.923723,45.804946],[1.923745,45.804662],[1.923337,45.804572],[1.922328,45.804811],[1.921942,45.804767],[1.921363,45.804422],[1.920226,45.804856],[1.918616,45.805245],[1.917822,45.805858],[1.917243,45.805739],[1.91823,45.804856],[1.919153,45.803794],[1.919088,45.802747],[1.919432,45.802343],[1.919711,45.80167],[1.920183,45.801476],[1.920784,45.800578],[1.920912,45.800204],[1.921685,45.799292],[1.923144,45.798379],[1.925504,45.797048],[1.926234,45.796928],[1.927135,45.797242],[1.927907,45.79781],[1.928787,45.798918],[1.929023,45.798828],[1.929495,45.798259],[1.930289,45.796464],[1.930912,45.796539],[1.931298,45.796285],[1.932199,45.796285],[1.9328,45.79594],[1.933744,45.795821],[1.93413,45.795955],[1.934474,45.796374],[1.934946,45.796494],[1.935589,45.796329],[1.934988,45.795686],[1.934817,45.795327],[1.933615,45.794923],[1.933293,45.793502],[1.933057,45.793008],[1.933165,45.792664],[1.933787,45.792275],[1.933959,45.791886],[1.934366,45.791437],[1.93383,45.789791],[1.934495,45.788968],[1.934817,45.788086],[1.935225,45.787861],[1.935825,45.787831],[1.936469,45.787143],[1.937134,45.786829],[1.937177,45.786529],[1.936877,45.785841],[1.936984,45.785272],[1.936576,45.784135],[1.936877,45.783686],[1.937735,45.783043],[1.938121,45.782355],[1.938164,45.781098],[1.938872,45.779766],[1.939645,45.779017],[1.939645,45.778269],[1.939237,45.777162],[1.939001,45.776862],[1.93928,45.776129],[1.939108,45.77562],[1.937156,45.773854],[1.936598,45.773076],[1.935654,45.772372],[1.933959,45.771489],[1.932778,45.770816],[1.931791,45.770397],[1.932242,45.770202],[1.931834,45.769873],[1.930697,45.769678],[1.929903,45.769409],[1.929173,45.769529],[1.928551,45.768855],[1.927779,45.767523],[1.92765,45.766879],[1.92765,45.766236],[1.927521,45.766086],[1.927242,45.765517],[1.926749,45.765023],[1.925976,45.764724],[1.925697,45.764409],[1.924903,45.76414],[1.924903,45.763886],[1.92456,45.763511],[1.923938,45.762074],[1.923358,45.761625],[1.922865,45.76164],[1.922371,45.76179],[1.921427,45.761805],[1.921041,45.761625],[1.920547,45.761191],[1.919432,45.760697],[1.918616,45.760517],[1.918595,45.760338],[1.919024,45.760053],[1.91926,45.759454],[1.919818,45.759335],[1.919882,45.759155],[1.920462,45.758871],[1.920419,45.758736],[1.919775,45.758601],[1.918681,45.758257],[1.917565,45.758197],[1.916943,45.758272],[1.916964,45.758676],[1.917222,45.759005],[1.917286,45.759484],[1.917157,45.759784],[1.916707,45.759859],[1.916192,45.759754],[1.915441,45.759469],[1.914389,45.75923],[1.913745,45.75932],[1.913359,45.759245],[1.91293,45.758901],[1.912394,45.758661],[1.911857,45.758122],[1.911428,45.758077],[1.910334,45.758931],[1.910055,45.759425],[1.909089,45.759275],[1.908145,45.759574],[1.907823,45.759544],[1.907501,45.759784],[1.906922,45.758945],[1.906149,45.758481],[1.904712,45.756939],[1.904583,45.755188],[1.904089,45.75393],[1.903553,45.753077],[1.903381,45.751939],[1.903038,45.750726],[1.903338,45.749828],[1.903188,45.749408],[1.902587,45.748959],[1.902051,45.74878],[1.901278,45.747956],[1.900527,45.747731],[1.900249,45.747252],[1.899991,45.746593],[1.899025,45.745545],[1.898618,45.744602],[1.898961,45.744123],[1.898746,45.743299],[1.898403,45.743015],[1.898038,45.742955],[1.897244,45.743149],[1.896043,45.742475],[1.89527,45.742266],[1.89482,45.742251],[1.893532,45.74246],[1.893146,45.742311],[1.891773,45.741442],[1.891408,45.740918],[1.890678,45.740633],[1.890528,45.740064],[1.889927,45.739331],[1.889412,45.739196],[1.889048,45.738806],[1.889133,45.737983],[1.887932,45.737009],[1.886902,45.735736],[1.886773,45.735062],[1.886408,45.734358],[1.88658,45.7334],[1.887031,45.73349],[1.887889,45.734029],[1.888812,45.734418],[1.889327,45.734194],[1.889777,45.73343],[1.889691,45.732591],[1.889026,45.732082],[1.887975,45.731812],[1.887782,45.731618],[1.887438,45.730659],[1.887674,45.730255],[1.887202,45.729431],[1.887374,45.728547],[1.886408,45.727349],[1.885507,45.727154],[1.885207,45.726944],[1.884992,45.726045],[1.884992,45.725416],[1.884584,45.724697],[1.88379,45.723933],[1.883361,45.723784],[1.882267,45.724038],[1.881773,45.724038],[1.880121,45.72281],[1.879799,45.722301],[1.879671,45.721042],[1.879156,45.721177],[1.878898,45.721551],[1.878684,45.721566],[1.877482,45.720743],[1.876087,45.720263],[1.875122,45.719844],[1.874628,45.719349],[1.873555,45.719035],[1.872611,45.71872],[1.872332,45.71881],[1.87171,45.719694],[1.871753,45.720263],[1.871431,45.720728],[1.870186,45.720713],[1.868834,45.720922],[1.866581,45.720218],[1.865101,45.719604],[1.864672,45.718945],[1.864285,45.71878],[1.864264,45.718346],[1.863492,45.717447],[1.862483,45.716653],[1.859994,45.715604],[1.859372,45.715454],[1.858642,45.715154],[1.857827,45.715079],[1.857398,45.71472],[1.856754,45.71448],[1.858084,45.713881],[1.858149,45.713461],[1.857677,45.711753],[1.857934,45.711454],[1.859758,45.711199],[1.861882,45.711109],[1.862247,45.710794],[1.861904,45.709506],[1.862826,45.708832],[1.863277,45.707648],[1.862934,45.706929],[1.863127,45.706719],[1.864028,45.706359],[1.866496,45.706944],[1.869006,45.706614],[1.869736,45.706014],[1.869349,45.705295],[1.869843,45.704471],[1.870122,45.704246],[1.870487,45.703602],[1.870916,45.703197],[1.871066,45.702598],[1.871452,45.701908],[1.871474,45.700964],[1.871817,45.700395],[1.871688,45.699076],[1.871259,45.697098],[1.871517,45.695719],[1.871173,45.695164],[1.871045,45.694835],[1.870551,45.69464],[1.869736,45.69458],[1.868856,45.692691],[1.868019,45.692197],[1.867976,45.691462],[1.867847,45.690938],[1.868126,45.690143],[1.867483,45.689814],[1.867375,45.689604],[1.867054,45.689394],[1.866174,45.688195],[1.865702,45.687805],[1.864843,45.68776],[1.864929,45.68746],[1.865251,45.687265],[1.865959,45.68719],[1.866345,45.686756],[1.866131,45.686411],[1.865337,45.686156],[1.865444,45.685661],[1.865273,45.684987],[1.864951,45.685287],[1.864221,45.685437],[1.863449,45.685257],[1.863363,45.684687],[1.862955,45.684417],[1.862075,45.684762],[1.861689,45.685437],[1.861346,45.685497],[1.860917,45.685182],[1.860573,45.685242],[1.860123,45.685616],[1.859822,45.686081],[1.859093,45.686816],[1.8589,45.685901],[1.858428,45.685572],[1.857805,45.685347],[1.856067,45.684147],[1.855316,45.683848],[1.855016,45.683593],[1.854115,45.683308],[1.853514,45.682708],[1.852055,45.682573],[1.851432,45.682379],[1.850188,45.682678],[1.848729,45.683788],[1.8483,45.683728],[1.847377,45.683518],[1.846797,45.683533],[1.846561,45.683698],[1.846519,45.684117],[1.846282,45.684342],[1.845553,45.683758],[1.845338,45.682618],[1.845059,45.682289],[1.843879,45.681254],[1.843665,45.680789],[1.844008,45.68007],[1.843708,45.679125],[1.843107,45.678256],[1.843987,45.677851],[1.844437,45.677161],[1.845167,45.676832],[1.845489,45.676412],[1.846282,45.676067],[1.845896,45.673803],[1.846218,45.672648],[1.846797,45.672004],[1.847076,45.671389],[1.847827,45.671119],[1.847892,45.670729],[1.847527,45.66989],[1.847484,45.669095],[1.847827,45.667115],[1.847742,45.665931],[1.847506,45.665181],[1.847098,45.664641],[1.846797,45.663906],[1.846368,45.663127],[1.846068,45.662602],[1.846111,45.662167],[1.845725,45.661642],[1.844845,45.661252],[1.843557,45.660967],[1.842871,45.660697],[1.843214,45.660337],[1.843128,45.660112],[1.842635,45.659887],[1.842012,45.657743],[1.841733,45.657263],[1.84212,45.656318],[1.842549,45.655973],[1.843514,45.655013],[1.842678,45.654548],[1.842635,45.654083],[1.842356,45.653918],[1.841562,45.653828],[1.841412,45.653588],[1.84094,45.651548],[1.840189,45.650348],[1.838772,45.649943],[1.838515,45.649658],[1.838322,45.649253],[1.83727,45.648263],[1.836326,45.647543],[1.835983,45.647603],[1.835318,45.647888],[1.833708,45.648068],[1.832657,45.647933],[1.832013,45.647543],[1.831605,45.647003],[1.830983,45.646823],[1.830425,45.646373],[1.828816,45.646538],[1.827121,45.646868],[1.827142,45.647318],[1.826756,45.647573],[1.826305,45.647258],[1.825726,45.646658],[1.825683,45.645983],[1.826177,45.644903],[1.825919,45.644783],[1.825297,45.644903],[1.823859,45.644393],[1.823838,45.643958],[1.824846,45.641468],[1.824224,45.641153],[1.824138,45.640823],[1.822529,45.640043],[1.822443,45.639473],[1.822014,45.638962],[1.821263,45.638392],[1.821048,45.637717],[1.821005,45.637012],[1.819868,45.636457],[1.818881,45.635767],[1.817636,45.635242],[1.817594,45.634882],[1.817808,45.634041],[1.817765,45.633726],[1.817894,45.633291],[1.8174,45.631671],[1.81695,45.629285],[1.8171,45.628265],[1.817336,45.627409],[1.817336,45.626869],[1.817186,45.626524],[1.816864,45.626239],[1.816671,45.625338],[1.816242,45.624393],[1.816242,45.623703],[1.816092,45.622982],[1.816113,45.622307],[1.816456,45.621557],[1.816199,45.620896],[1.815255,45.620581],[1.81416,45.620776],[1.813238,45.620386],[1.812143,45.620296],[1.810856,45.620521],[1.811156,45.619711],[1.811607,45.61875],[1.811907,45.618405],[1.811993,45.61782],[1.812766,45.617474],[1.813452,45.616694],[1.813903,45.615959],[1.813216,45.615373],[1.813538,45.614233],[1.813173,45.613002],[1.81283,45.612416],[1.812272,45.612146],[1.812315,45.61045],[1.811671,45.609715],[1.811585,45.608964],[1.810577,45.608123],[1.810083,45.607463],[1.809311,45.606847],[1.808732,45.606037],[1.808002,45.605466],[1.807616,45.605256],[1.80753,45.604671],[1.808345,45.604716],[1.808689,45.604986],[1.810405,45.605421],[1.810942,45.605256],[1.811628,45.604521],[1.812079,45.604371],[1.813066,45.604536],[1.813538,45.604386],[1.814332,45.60419],[1.815104,45.604175],[1.815405,45.603545],[1.816349,45.603335],[1.816864,45.603185],[1.816993,45.602959],[1.816607,45.602584],[1.815877,45.602509],[1.814568,45.601533],[1.814654,45.600707],[1.81401,45.598546],[1.81313,45.597645],[1.812401,45.596549],[1.8115,45.596128],[1.811328,45.595693],[1.811242,45.595167],[1.80944,45.594477],[1.809332,45.593216],[1.809011,45.592585],[1.809633,45.59272],[1.810513,45.592585],[1.810963,45.59227],[1.811693,45.591684],[1.813173,45.591654],[1.813946,45.591339],[1.815233,45.590528],[1.816242,45.589447],[1.816714,45.588771],[1.816907,45.58778],[1.817465,45.586894],[1.818409,45.586564],[1.818688,45.586293],[1.818774,45.585753],[1.819375,45.585723],[1.820383,45.585137],[1.820512,45.584972],[1.821499,45.584596],[1.823666,45.584686],[1.824696,45.584581],[1.824718,45.583981],[1.825447,45.58368],[1.825533,45.583095],[1.825168,45.583095],[1.825168,45.582749],[1.824181,45.581398],[1.824267,45.580767],[1.824095,45.580376],[1.823215,45.5797],[1.821971,45.579115],[1.821306,45.578379],[1.820962,45.578078],[1.820383,45.578138],[1.82019,45.577973],[1.820126,45.577673],[1.818817,45.576742],[1.818173,45.576501],[1.817765,45.576081],[1.817207,45.575901],[1.816649,45.575856],[1.815941,45.57539],[1.815856,45.574864],[1.815083,45.574203],[1.815212,45.573257],[1.815083,45.573017],[1.813667,45.572431],[1.813452,45.571049],[1.812572,45.571515],[1.812208,45.571259],[1.811714,45.571109],[1.810727,45.570538],[1.810083,45.569938],[1.809826,45.569277],[1.809955,45.568751],[1.810341,45.568165],[1.810341,45.567865],[1.810834,45.567279],[1.810598,45.566407],[1.810277,45.566272],[1.810148,45.565476],[1.810255,45.56471],[1.81047,45.564334],[1.811113,45.564019],[1.811199,45.563778],[1.810727,45.563433],[1.810191,45.563223],[1.809826,45.562787],[1.80959,45.562126],[1.80959,45.561645],[1.809804,45.56127],[1.809783,45.560714],[1.809525,45.560143],[1.808817,45.559422],[1.808281,45.558655],[1.807873,45.558385],[1.807187,45.558355],[1.806865,45.558145],[1.806436,45.557288],[1.806371,45.556747],[1.806049,45.556372],[1.805899,45.555831],[1.805921,45.555395],[1.80577,45.554929],[1.805985,45.554343],[1.805964,45.554178],[1.805363,45.553832],[1.805255,45.553262],[1.805449,45.55248],[1.804955,45.55209],[1.804011,45.551909],[1.803153,45.550797],[1.803002,45.549866],[1.802809,45.549505],[1.802509,45.548784],[1.802659,45.548168],[1.801994,45.548393],[1.80135,45.548303],[1.800749,45.548333],[1.800234,45.548243],[1.799033,45.548363],[1.798131,45.548183],[1.797595,45.547927],[1.797788,45.546439],[1.797938,45.546004],[1.797874,45.545463],[1.797445,45.545388],[1.797187,45.545117],[1.796587,45.544892],[1.796672,45.544396],[1.796522,45.543855],[1.796415,45.542953],[1.795599,45.54157],[1.795149,45.5413],[1.794333,45.541074],[1.79517,45.540428],[1.794612,45.540533],[1.794956,45.540037],[1.79487,45.539662],[1.794398,45.539226],[1.794243,45.539203],[1.793882,45.539307],[1.793571,45.539054],[1.7935,45.538885],[1.793578,45.538538],[1.793578,45.538405],[1.793812,45.538206],[1.793528,45.537943],[1.793868,45.537735],[1.79372,45.537502],[1.793684,45.537259],[1.793755,45.537011],[1.793593,45.536884],[1.795382,45.534776],[1.796163,45.536086],[1.796472,45.535984],[1.796553,45.535391],[1.797008,45.534902],[1.79722,45.534571],[1.798033,45.533797],[1.798846,45.533364],[1.79761,45.53153],[1.797838,45.531108],[1.797659,45.530368],[1.797854,45.530083],[1.798309,45.529832],[1.798553,45.529137],[1.798423,45.52875],[1.798472,45.528203],[1.798797,45.527827],[1.798813,45.52703],[1.79909,45.526665],[1.799529,45.526585],[1.800082,45.527041],[1.800456,45.527041],[1.801058,45.526745],[1.801806,45.526483],[1.802001,45.526597],[1.80231,45.526472],[1.802733,45.526449],[1.803042,45.525959],[1.803042,45.525708],[1.80322,45.524512],[1.803074,45.523133],[1.804164,45.522666],[1.804554,45.52196],[1.804879,45.521641],[1.805009,45.521322],[1.805513,45.520718],[1.805562,45.519487],[1.805204,45.519009],[1.805741,45.51869],[1.805839,45.517995],[1.805806,45.517186],[1.805887,45.51673],[1.805676,45.515579],[1.805936,45.515226],[1.806196,45.514314],[1.806668,45.514006],[1.806701,45.513687],[1.806375,45.513095],[1.806196,45.512536],[1.806261,45.512229],[1.806148,45.511682],[1.806326,45.511249],[1.806326,45.510884],[1.806766,45.510303],[1.807107,45.50995],[1.807172,45.509494],[1.806977,45.509266],[1.806814,45.508799],[1.807026,45.508092],[1.806977,45.507762],[1.806587,45.507522],[1.806164,45.507522],[1.805692,45.507693],[1.805481,45.506702],[1.805253,45.505015],[1.804977,45.504696],[1.805042,45.503624],[1.805253,45.503305],[1.805172,45.50277],[1.80483,45.502371],[1.805107,45.501881],[1.8047,45.501379],[1.804928,45.500957],[1.804684,45.500182],[1.80457,45.499441],[1.804212,45.49902],[1.803497,45.49845],[1.803042,45.4978],[1.802163,45.496432],[1.801692,45.49609],[1.801204,45.495498],[1.800554,45.495064],[1.800293,45.494472],[1.800066,45.494323],[1.80044,45.493867],[1.801432,45.493229],[1.802765,45.493491],[1.803903,45.492716],[1.805969,45.492351],[1.807579,45.491166],[1.807823,45.487689],[1.804749,45.485671],[1.804993,45.485329],[1.805074,45.484781],[1.805887,45.484873],[1.806408,45.484838],[1.806733,45.484565],[1.806684,45.484109],[1.80753,45.483641],[1.808001,45.483561],[1.808863,45.48355],[1.809498,45.483185],[1.809367,45.48233],[1.809628,45.48225],[1.810538,45.482364],[1.810473,45.481977],[1.810538,45.481828],[1.810506,45.481099],[1.810815,45.480643],[1.810099,45.480027],[1.810522,45.47997],[1.812002,45.479491],[1.812717,45.479616],[1.813953,45.479445],[1.814766,45.479491],[1.817417,45.480232],[1.818799,45.480472],[1.81958,45.48038],[1.820686,45.48005],[1.821515,45.47989],[1.8221,45.479879],[1.823158,45.479434],[1.82371,45.47932],[1.824052,45.479081],[1.824637,45.478864],[1.825711,45.47859],[1.826101,45.477997],[1.827077,45.47737],[1.827142,45.477005],[1.827142,45.476583],[1.827581,45.476013],[1.828231,45.475671],[1.829288,45.475523],[1.830313,45.475785],[1.831223,45.47615],[1.830898,45.475512],[1.830817,45.475021],[1.830394,45.47469],[1.829044,45.474565],[1.826719,45.473026],[1.826101,45.472341],[1.824881,45.4716],[1.824377,45.470813],[1.823792,45.470756],[1.824052,45.470562],[1.823792,45.4703],[1.822214,45.470049],[1.82093,45.469718],[1.819303,45.469114],[1.818799,45.468384],[1.81906,45.467187],[1.818718,45.466445],[1.818539,45.465887],[1.818003,45.465453],[1.817157,45.46397],[1.817271,45.463012],[1.816945,45.461815],[1.816767,45.461222],[1.816913,45.459956],[1.816067,45.459967],[1.816279,45.45926],[1.817238,45.458701],[1.817157,45.458553],[1.818165,45.458142],[1.81823,45.457754],[1.818165,45.45626],[1.818702,45.45529],[1.819499,45.454982],[1.820344,45.454834],[1.821157,45.454823],[1.821483,45.454469],[1.822377,45.454412],[1.823353,45.453967],[1.823987,45.453511],[1.825353,45.452461],[1.826231,45.451457],[1.826751,45.45059],[1.827857,45.4497],[1.82893,45.449518],[1.82963,45.449005],[1.829874,45.448537],[1.830849,45.44775],[1.830963,45.446517],[1.831256,45.445753],[1.831662,45.445456],[1.832085,45.445331],[1.831126,45.443962],[1.830492,45.44346],[1.829988,45.443334],[1.82937,45.443277],[1.829922,45.442296],[1.830475,45.440858],[1.830459,45.440596],[1.83002,45.439649],[1.829012,45.439033],[1.828378,45.438839],[1.828264,45.438325],[1.827695,45.43796],[1.827532,45.437629],[1.827434,45.437104],[1.827028,45.436454],[1.826865,45.435952],[1.826247,45.435701],[1.825255,45.435644],[1.824979,45.435507],[1.824589,45.435598],[1.824036,45.436191],[1.823662,45.436317],[1.823304,45.436169],[1.822605,45.435667],[1.821775,45.435689],[1.821157,45.43553],[1.821109,45.435347],[1.821174,45.434856],[1.820816,45.434354],[1.819336,45.434069],[1.817775,45.433304],[1.816994,45.433236],[1.815986,45.433293],[1.815271,45.433601],[1.814653,45.434046],[1.813823,45.433875],[1.813791,45.43343],[1.814035,45.432643],[1.812327,45.431524],[1.81101,45.43117],[1.810067,45.430326],[1.808603,45.429276],[1.807904,45.428523],[1.807741,45.42753],[1.80779,45.427062],[1.807449,45.425259],[1.806814,45.425019],[1.805806,45.425133],[1.804782,45.424939],[1.804034,45.42454],[1.803318,45.423581],[1.803286,45.42325],[1.80296,45.423159],[1.802716,45.422953],[1.802814,45.422691],[1.802595,45.422364],[1.802284,45.422251],[1.802176,45.421972],[1.802397,45.421838],[1.802351,45.421604],[1.801881,45.421508],[1.802108,45.42121],[1.801866,45.420794],[1.801395,45.420603],[1.800288,45.419804],[1.799848,45.419357],[1.799104,45.418835],[1.798877,45.418451],[1.798862,45.418015],[1.799226,45.417333],[1.799271,45.416992],[1.798892,45.416769],[1.798153,45.416738],[1.796865,45.415774],[1.796222,45.415609],[1.79605,45.414871],[1.796136,45.413997],[1.794462,45.413741],[1.795106,45.413078],[1.793067,45.412611],[1.793303,45.41234],[1.794248,45.411888],[1.793776,45.411014],[1.792853,45.410563],[1.790686,45.412355],[1.789699,45.411647],[1.789334,45.411617]]],"type":"MultiLineString"},"properties":{"geo_point":{"lon":1.94049206860753,"lat":45.75403393546269},"name":"GR46 De Saint-Pardoux-le-Neuf (Creuse) à La Méchaussie (Corrèze) (2019)","code_gr":"GR46"}},{"type":"Feature","geometry":{"coordinates":[[[1.789233,45.411653],[1.78885,45.411922],[1.787543,45.412301],[1.786601,45.412301],[1.786444,45.412008],[1.78634,45.411518],[1.785782,45.411176],[1.78519,45.410919],[1.784458,45.410833],[1.782575,45.410319],[1.782105,45.410441],[1.781669,45.410221],[1.781233,45.409707],[1.780031,45.40934],[1.779351,45.408496],[1.779142,45.408019],[1.778723,45.407529],[1.778776,45.407138],[1.77949,45.406587],[1.779978,45.406085],[1.779943,45.405657],[1.779543,45.405266],[1.779194,45.404752],[1.778793,45.404715],[1.778445,45.405107],[1.774506,45.405902],[1.774593,45.406465],[1.773198,45.406232],[1.772798,45.40633],[1.771822,45.406404],[1.771334,45.406196],[1.771368,45.40562],[1.77102,45.405266],[1.769521,45.405045],[1.769103,45.405107],[1.768249,45.405315],[1.767621,45.405461],[1.767534,45.40578],[1.767116,45.405902],[1.766122,45.405559],[1.766541,45.405988],[1.766436,45.40704],[1.767116,45.408141],[1.768458,45.409438],[1.768928,45.410992],[1.769486,45.411518],[1.767726,45.411898],[1.766628,45.411922],[1.76363,45.412228],[1.762061,45.412522],[1.761678,45.412852],[1.759639,45.41191],[1.758854,45.411298],[1.758053,45.411066],[1.757094,45.411274],[1.7557,45.412546],[1.754358,45.412864],[1.753486,45.412876],[1.752632,45.413072],[1.751482,45.412522],[1.750488,45.411714],[1.749617,45.411518],[1.74885,45.411641],[1.747787,45.411482],[1.746549,45.411873],[1.745469,45.412032],[1.744423,45.412411],[1.743691,45.413121],[1.742837,45.413574],[1.741983,45.413757],[1.740972,45.413794],[1.740833,45.413353],[1.740362,45.412913],[1.739316,45.412411],[1.737713,45.411176],[1.736475,45.409928],[1.736179,45.409463],[1.735587,45.409683],[1.734907,45.410246],[1.734558,45.41038],[1.73407,45.410992],[1.733896,45.411322],[1.733547,45.411555],[1.73292,45.412118],[1.732327,45.41339],[1.731752,45.413757],[1.730985,45.41454],[1.730567,45.415299],[1.730863,45.415507],[1.729225,45.417073],[1.727587,45.418834],[1.728005,45.419006],[1.728528,45.422407],[1.729521,45.423434],[1.729504,45.42396],[1.72994,45.425661],[1.730602,45.426896],[1.730166,45.427875],[1.729887,45.428914],[1.729486,45.429428],[1.728911,45.428767],[1.728127,45.428376],[1.727412,45.427508],[1.72668,45.427226],[1.725216,45.42741],[1.724606,45.427324],[1.723857,45.42752],[1.72302,45.427887],[1.722062,45.427703],[1.72173,45.427434],[1.721364,45.427544],[1.720772,45.427972],[1.720458,45.428315],[1.719674,45.428608],[1.719029,45.428731],[1.71814,45.428498],[1.7176,45.427875],[1.717443,45.427495],[1.716083,45.426505],[1.71502,45.425991],[1.714097,45.426382],[1.713591,45.427031],[1.713574,45.427556],[1.713243,45.427887],[1.713382,45.428205],[1.713086,45.428645],[1.712423,45.428975],[1.712336,45.429611],[1.711831,45.429465],[1.709722,45.429942],[1.708258,45.430174],[1.707421,45.430382],[1.706811,45.430394],[1.706044,45.430529],[1.704145,45.432351],[1.703134,45.43163],[1.701844,45.431544],[1.700589,45.431299],[1.700171,45.431055],[1.699142,45.431067],[1.698724,45.430994],[1.697731,45.431006],[1.69543,45.431299],[1.69421,45.431287],[1.692763,45.431495],[1.69184,45.431923],[1.690707,45.431948],[1.689609,45.431397],[1.689138,45.431385],[1.688371,45.431201],[1.687343,45.431324],[1.68682,45.431544],[1.686175,45.431581],[1.684101,45.431263],[1.683944,45.430871],[1.683543,45.430529],[1.681556,45.430345],[1.681522,45.430553],[1.679116,45.430174],[1.678193,45.430235],[1.677478,45.430137],[1.677286,45.429599],[1.677461,45.429196],[1.678106,45.428352],[1.678193,45.427936],[1.678001,45.427654],[1.678123,45.427018],[1.677757,45.426676],[1.678524,45.426382],[1.67828,45.426199],[1.676886,45.426101],[1.676275,45.426187],[1.67584,45.426076],[1.67509,45.425379],[1.675055,45.424804],[1.674759,45.424584],[1.674201,45.424572],[1.672563,45.425257],[1.669635,45.424976],[1.668537,45.424278],[1.667753,45.423972],[1.667683,45.423104],[1.667021,45.422468],[1.66669,45.421819],[1.666742,45.421587],[1.666968,45.421208],[1.667317,45.420217],[1.666289,45.419887],[1.665609,45.420009],[1.665103,45.420033],[1.664197,45.420278],[1.663273,45.420315],[1.662942,45.420217],[1.662524,45.420205],[1.662263,45.420254],[1.660502,45.420266],[1.65984,45.419972],[1.659735,45.419691],[1.65916,45.420168],[1.658655,45.420731],[1.657975,45.420706],[1.657522,45.420559],[1.657417,45.421244],[1.655762,45.42122],[1.655239,45.421318],[1.65421,45.421049],[1.653339,45.421073],[1.653025,45.421012],[1.651735,45.42166],[1.650812,45.421832],[1.650167,45.422125],[1.649801,45.422566],[1.649104,45.422884],[1.648633,45.422969],[1.648145,45.423177],[1.647762,45.42259],[1.646977,45.422113],[1.647378,45.421367],[1.647709,45.42051],[1.647657,45.419581],[1.64743,45.419177],[1.647239,45.419153],[1.646524,45.419764],[1.645618,45.419617],[1.645025,45.419813],[1.644345,45.419764],[1.644171,45.419532],[1.645147,45.418773],[1.644851,45.418761],[1.644328,45.417746],[1.644624,45.417354],[1.644607,45.416461],[1.644781,45.415751],[1.645548,45.415189],[1.646036,45.414528],[1.645949,45.414234],[1.645391,45.413231],[1.645008,45.412314],[1.645757,45.411885],[1.64506,45.411225],[1.644624,45.41142],[1.644067,45.410833],[1.643892,45.410246],[1.643474,45.409744],[1.643195,45.408949],[1.642463,45.408337],[1.641522,45.407223],[1.641731,45.406905],[1.641836,45.406489],[1.641348,45.406037],[1.641278,45.404666],[1.641086,45.404238],[1.640476,45.404042],[1.640354,45.403712],[1.640441,45.403295],[1.637792,45.403871],[1.637252,45.404164],[1.63537,45.406012],[1.634237,45.406734],[1.633348,45.407652],[1.632685,45.40808],[1.631762,45.408276],[1.629792,45.408166],[1.62906,45.408227],[1.628293,45.408618],[1.627509,45.40923],[1.626638,45.409585],[1.625017,45.409683],[1.624372,45.409866],[1.623431,45.410368],[1.622629,45.410539],[1.621391,45.410503],[1.620781,45.410613],[1.619596,45.411127],[1.618917,45.411249],[1.616285,45.411078],[1.614751,45.410674],[1.611335,45.410833],[1.610376,45.410796],[1.609853,45.410613],[1.608494,45.409854],[1.607779,45.409781],[1.606856,45.409915],[1.603335,45.411212],[1.602307,45.411396],[1.601784,45.411543],[1.601069,45.411922],[1.598228,45.412399],[1.595039,45.412473],[1.594551,45.412411],[1.593278,45.412057],[1.592546,45.412118],[1.591936,45.412326],[1.591501,45.412607],[1.590751,45.413659],[1.590281,45.413953],[1.589095,45.414173],[1.587771,45.414577],[1.586132,45.415654],[1.584947,45.415972],[1.584424,45.416339],[1.583797,45.417048],[1.582751,45.417525],[1.581339,45.41777],[1.580625,45.418064],[1.580207,45.418565],[1.57991,45.419544],[1.579475,45.420009],[1.57883,45.420303],[1.577714,45.420584],[1.574246,45.421122],[1.573531,45.421122],[1.571405,45.420706],[1.569679,45.420156],[1.56886,45.420131],[1.568146,45.420327],[1.567605,45.420694],[1.567048,45.421575],[1.566019,45.42226],[1.565584,45.422615],[1.565392,45.423177],[1.565531,45.423801],[1.566734,45.425],[1.567588,45.425771],[1.567605,45.426346],[1.566769,45.426431],[1.565984,45.426419],[1.565653,45.426969],[1.565462,45.426884],[1.565688,45.426443],[1.56513,45.425893],[1.564451,45.425269],[1.56398,45.425135],[1.563248,45.425086],[1.562778,45.42489],[1.562917,45.424229],[1.562812,45.42363],[1.563056,45.422737],[1.563318,45.422627],[1.563126,45.422199],[1.563178,45.421501],[1.562725,45.420902],[1.562098,45.420633],[1.562098,45.420486],[1.561697,45.420192],[1.561226,45.419654],[1.560773,45.419299],[1.560303,45.41925],[1.55978,45.419018],[1.559379,45.418724],[1.556346,45.417978],[1.555893,45.417709],[1.555579,45.417317],[1.554324,45.416632],[1.553558,45.416033],[1.552616,45.415788],[1.551815,45.414773],[1.55117,45.41421],[1.550734,45.413965],[1.550455,45.413353],[1.550159,45.413023],[1.549897,45.412436],[1.549723,45.411751],[1.548974,45.411298],[1.548625,45.410919],[1.547963,45.411078],[1.547335,45.411053],[1.545889,45.410809],[1.544372,45.410344],[1.543606,45.410221],[1.541898,45.410246],[1.540573,45.409928],[1.539579,45.409536],[1.53822,45.40819],[1.538028,45.407835],[1.537749,45.407028],[1.535414,45.40737],[1.534316,45.407223],[1.533898,45.406979],[1.533514,45.406489],[1.532312,45.406171],[1.53151,45.40589],[1.530534,45.405694],[1.530081,45.405327],[1.529331,45.405058],[1.529244,45.404715],[1.529366,45.404225],[1.527414,45.40343],[1.527083,45.40283],[1.526037,45.402904],[1.52534,45.402843],[1.525026,45.402255],[1.525201,45.401448],[1.523458,45.399857],[1.523109,45.399759],[1.522726,45.399367],[1.522882,45.399037],[1.522621,45.397935],[1.522673,45.397544],[1.523126,45.396968],[1.523057,45.394863],[1.522691,45.392893],[1.522848,45.39222],[1.522743,45.391596],[1.522272,45.390996],[1.521802,45.390714],[1.521279,45.390249],[1.519153,45.389099],[1.51863,45.388499],[1.518752,45.387911],[1.519745,45.386577],[1.519658,45.386283],[1.518525,45.386283],[1.517723,45.385561],[1.517201,45.38528],[1.516503,45.38512],[1.514273,45.384202],[1.513819,45.383517],[1.513401,45.383296],[1.51285,45.382687],[1.512873,45.382542],[1.513045,45.382501],[1.513482,45.382081],[1.513057,45.381823],[1.512746,45.381298],[1.51285,45.38116],[1.513011,45.380813],[1.512907,45.380547],[1.513321,45.380466],[1.514218,45.380458],[1.514414,45.380312],[1.51497,45.379587],[1.515022,45.379122],[1.515283,45.378755],[1.514778,45.378583],[1.51436,45.378045],[1.514935,45.377751],[1.515493,45.377628],[1.515928,45.376722],[1.516312,45.376196],[1.51666,45.375976],[1.517131,45.375155],[1.517532,45.374947],[1.517096,45.373711],[1.518089,45.373539],[1.519728,45.373392],[1.520948,45.373502],[1.521924,45.373478],[1.523719,45.37409],[1.52412,45.374127],[1.524974,45.37469],[1.525113,45.374078],[1.525323,45.373649],[1.524887,45.372009],[1.524033,45.370833],[1.523527,45.370662],[1.523318,45.370392],[1.52351,45.370197],[1.523301,45.369633],[1.522656,45.36885],[1.522708,45.368078],[1.522499,45.367344],[1.522516,45.36705],[1.522325,45.366339],[1.522499,45.365715],[1.522586,45.365286],[1.522813,45.364809],[1.522778,45.364221],[1.523144,45.363621],[1.522325,45.363205],[1.521575,45.361196],[1.520338,45.361123],[1.519379,45.361147],[1.51849,45.360964],[1.518281,45.360474],[1.51795,45.360425],[1.517479,45.360559],[1.516904,45.360425],[1.516939,45.360168],[1.517427,45.359812],[1.51802,45.359714],[1.518717,45.359812],[1.519188,45.359678],[1.519588,45.359335],[1.519292,45.358318],[1.51849,45.357167],[1.518002,45.356996],[1.517601,45.356408],[1.517113,45.355918],[1.516695,45.355844],[1.516451,45.355881],[1.51612,45.355612],[1.515388,45.354007],[1.514952,45.353921],[1.51558,45.353395],[1.515702,45.352452],[1.515127,45.352011],[1.515266,45.350921],[1.51544,45.35059],[1.51558,45.349818],[1.515702,45.349537],[1.515545,45.349169],[1.515283,45.349022],[1.515127,45.348532],[1.514639,45.347871],[1.514517,45.34732],[1.515074,45.346327],[1.513907,45.34585],[1.513418,45.345764],[1.512826,45.345335],[1.511536,45.344674],[1.511432,45.344049],[1.51178,45.343571],[1.512617,45.342934],[1.513663,45.343106],[1.514133,45.342665],[1.514273,45.342175],[1.51375,45.341917],[1.513506,45.341574],[1.51375,45.341011],[1.514255,45.340656],[1.515249,45.340251],[1.515231,45.340055],[1.514604,45.339933],[1.514238,45.339737],[1.514133,45.339467],[1.513593,45.338977],[1.513122,45.338708],[1.513174,45.338107],[1.512146,45.337262],[1.511554,45.336588],[1.5107,45.336735],[1.510229,45.336931],[1.509689,45.33698],[1.509305,45.337054],[1.508817,45.336943],[1.50819,45.33698],[1.507719,45.336674],[1.507144,45.336662],[1.506273,45.336882],[1.50622,45.337029],[1.505122,45.336992],[1.504669,45.336306],[1.504251,45.335939],[1.504042,45.335608],[1.503798,45.335449],[1.504024,45.334922],[1.503833,45.334579],[1.50317,45.334505],[1.503223,45.334395],[1.504024,45.33415],[1.505053,45.333415],[1.505628,45.332864],[1.50561,45.332704],[1.50514,45.332202],[1.503833,45.33252],[1.503257,45.332545],[1.50195,45.332177],[1.501358,45.332312],[1.500835,45.332202],[1.499876,45.332177],[1.499371,45.332018],[1.499162,45.331283],[1.498813,45.331173],[1.498116,45.331356],[1.497541,45.331381],[1.497053,45.331528],[1.497244,45.331675],[1.49646,45.331798],[1.495327,45.331651],[1.495118,45.33192],[1.49463,45.332251],[1.494177,45.331994],[1.494177,45.331467],[1.493201,45.330842],[1.492835,45.330756],[1.492783,45.330254],[1.492312,45.330021],[1.490761,45.330634],[1.49036,45.330425],[1.490168,45.330511],[1.488948,45.329837],[1.488756,45.329408],[1.488478,45.329126],[1.488565,45.328771],[1.488756,45.328367],[1.488373,45.328207],[1.485985,45.327803],[1.485846,45.328036],[1.485863,45.328183],[1.485724,45.328428],[1.485096,45.328747],[1.484661,45.328808],[1.484242,45.328587],[1.483545,45.328551],[1.482778,45.328171],[1.481593,45.328011],[1.481262,45.327583],[1.480704,45.327313],[1.480094,45.327203],[1.478194,45.327656],[1.476992,45.328085],[1.476295,45.328122],[1.475841,45.327962],[1.475441,45.327962],[1.47504,45.327803],[1.474987,45.327558],[1.474639,45.327117],[1.473245,45.326872],[1.472077,45.326516],[1.47124,45.326357],[1.47016,45.325842],[1.47002,45.325536],[1.469584,45.325487],[1.470038,45.324936],[1.47117,45.324776],[1.472042,45.325132],[1.472251,45.325144],[1.473349,45.325671],[1.474465,45.32572],[1.475597,45.325218],[1.476382,45.324936],[1.477027,45.324556],[1.477532,45.323955],[1.47741,45.323428],[1.477497,45.322975],[1.477724,45.322448],[1.478438,45.321688],[1.479275,45.320965],[1.479711,45.320414],[1.480878,45.318661],[1.481244,45.317877],[1.48243,45.317313],[1.48229,45.317068],[1.48107,45.316345],[1.48114,45.316161],[1.482273,45.316014],[1.482709,45.315695],[1.482883,45.315389],[1.483615,45.315034],[1.483911,45.314494],[1.48419,45.314433],[1.484225,45.314212],[1.484643,45.31393],[1.485549,45.313918],[1.486264,45.313416],[1.486491,45.312705],[1.486194,45.312496],[1.485271,45.312362],[1.484783,45.312092],[1.484138,45.311222],[1.483092,45.310756],[1.482517,45.310339],[1.482569,45.309469],[1.482221,45.308942],[1.481889,45.308219],[1.481576,45.307912],[1.480373,45.307336],[1.480181,45.307017],[1.479746,45.306196],[1.479397,45.305865],[1.47877,45.305743],[1.478404,45.305461],[1.478142,45.304774],[1.47816,45.304284],[1.478404,45.30399],[1.47816,45.303377],[1.478282,45.302543],[1.478038,45.302384],[1.476887,45.302408],[1.47687,45.302322],[1.477375,45.301967],[1.477375,45.301317],[1.477567,45.301268],[1.477759,45.301072],[1.478752,45.300655],[1.478839,45.300116],[1.479467,45.299466],[1.480059,45.298988],[1.480077,45.298681],[1.479746,45.298191],[1.480059,45.297639],[1.480199,45.297271],[1.481122,45.296511],[1.480826,45.296205],[1.480861,45.295972],[1.481976,45.295739],[1.482186,45.295359],[1.482552,45.295187],[1.48243,45.294783],[1.482499,45.294415],[1.48182,45.294182],[1.481593,45.29336],[1.481262,45.292821],[1.481297,45.292416],[1.48114,45.29222],[1.48107,45.29092],[1.480809,45.289964],[1.480791,45.289253],[1.480931,45.288775],[1.480896,45.28799],[1.480478,45.286898],[1.480739,45.286432],[1.480512,45.286077],[1.480199,45.285071],[1.479972,45.284765],[1.479815,45.284348],[1.479519,45.284152],[1.479362,45.283735],[1.478717,45.283367],[1.478194,45.283355],[1.47795,45.283551],[1.477532,45.283624],[1.476521,45.283085],[1.475441,45.283011],[1.474604,45.283256],[1.474238,45.283661],[1.473506,45.283686],[1.47314,45.284139],[1.472684,45.284254],[1.472351,45.284481],[1.472017,45.284465],[1.471454,45.28402],[1.471178,45.283672],[1.471247,45.283551],[1.471925,45.28334],[1.471902,45.283235],[1.470937,45.283186],[1.470914,45.283025],[1.47173,45.282499],[1.472063,45.282119],[1.472144,45.281746],[1.471167,45.282086],[1.470672,45.282086],[1.470327,45.282005],[1.470178,45.281835],[1.469695,45.281803],[1.469384,45.281989],[1.469212,45.281617],[1.469407,45.280921],[1.468625,45.280646],[1.46797,45.280897],[1.467659,45.281423],[1.467613,45.282054],[1.466831,45.280905],[1.466555,45.280824],[1.466291,45.281657],[1.466383,45.282337],[1.466027,45.281965],[1.46521,45.281382],[1.465164,45.281026],[1.465233,45.28067],[1.465026,45.279837],[1.464992,45.279448],[1.465049,45.27919],[1.46498,45.278979],[1.465107,45.278817],[1.465544,45.278745],[1.46559,45.278591],[1.465371,45.278526],[1.464785,45.277757],[1.464757,45.276254],[1.464077,45.276278],[1.464112,45.276732],[1.463885,45.277272],[1.463885,45.27764],[1.463171,45.27813],[1.462648,45.278155],[1.462107,45.278486],[1.461567,45.278204],[1.46148,45.277578],[1.461166,45.277284],[1.460242,45.277026],[1.4589,45.275714],[1.456687,45.276217],[1.456408,45.275861],[1.455275,45.275064],[1.455327,45.274733],[1.455031,45.274512],[1.455467,45.273936],[1.455258,45.273126],[1.454909,45.27239],[1.454264,45.271789],[1.454055,45.270293],[1.454038,45.269446],[1.453637,45.268416],[1.453428,45.26741],[1.453271,45.266245],[1.453602,45.264797],[1.45172,45.260197],[1.451023,45.259449],[1.450569,45.258357],[1.450151,45.257756],[1.449942,45.257204],[1.448757,45.257621],[1.44738,45.257621],[1.446386,45.257486],[1.445097,45.257473],[1.446125,45.256664],[1.447188,45.254897],[1.448321,45.254541],[1.449872,45.252063],[1.451423,45.250738],[1.45165,45.250369],[1.452295,45.249817],[1.452713,45.248799],[1.45294,45.248124],[1.453619,45.247879],[1.44968,45.242737],[1.447868,45.241313],[1.446474,45.24108],[1.445463,45.240724],[1.444678,45.240233],[1.444696,45.239841],[1.445602,45.239313],[1.445288,45.239129],[1.445149,45.238687],[1.445306,45.238257],[1.444992,45.23784],[1.442796,45.236232],[1.441576,45.235606],[1.442186,45.235103],[1.441803,45.234686],[1.441768,45.234146],[1.441559,45.233753],[1.441733,45.233557],[1.441611,45.233299],[1.442291,45.23298],[1.441698,45.23228],[1.441332,45.23228],[1.441001,45.231961],[1.441036,45.231691],[1.44121,45.231568],[1.441018,45.230599],[1.440774,45.230218],[1.441088,45.229617],[1.441349,45.229555],[1.442029,45.22807],[1.44243,45.2278],[1.443563,45.227076],[1.444155,45.22629],[1.444173,45.225983],[1.444765,45.225836],[1.446142,45.224842],[1.447328,45.223479],[1.447868,45.222644],[1.448443,45.222006],[1.449262,45.221294],[1.450674,45.219735],[1.448739,45.219379],[1.449088,45.218495],[1.448582,45.218924],[1.448321,45.219563],[1.447972,45.219686],[1.447572,45.220152],[1.447328,45.220103],[1.447136,45.219293],[1.446282,45.219047],[1.446491,45.218495],[1.446369,45.218335],[1.445986,45.218519],[1.445253,45.218581],[1.444835,45.218912],[1.444957,45.218568],[1.445376,45.21809],[1.445323,45.217599],[1.445515,45.216837],[1.446474,45.21545],[1.446439,45.215192],[1.446038,45.214492],[1.446003,45.213596],[1.445742,45.212773],[1.444957,45.21227],[1.44487,45.211545],[1.44731,45.211877],[1.447728,45.210907],[1.447763,45.210084],[1.448216,45.209372],[1.448983,45.209004],[1.44968,45.208365],[1.449942,45.207972],[1.449768,45.207469],[1.451092,45.206855],[1.451737,45.20629],[1.451807,45.205357],[1.453741,45.205087],[1.454578,45.20473],[1.454961,45.203957],[1.454839,45.203257],[1.454874,45.202618],[1.454595,45.202127],[1.45402,45.201427],[1.453707,45.201329],[1.453445,45.201059],[1.452887,45.200973],[1.452887,45.200752],[1.453323,45.200641],[1.453654,45.200371],[1.453358,45.200002],[1.452905,45.199695],[1.452905,45.198959],[1.453253,45.198615],[1.453236,45.198013],[1.453829,45.197386],[1.45416,45.196576],[1.455066,45.195434],[1.45341,45.194402],[1.450099,45.193383],[1.450174,45.193198],[1.448479,45.190582],[1.447921,45.190219],[1.447792,45.189553],[1.447234,45.188313],[1.446655,45.186241],[1.445818,45.184668],[1.445518,45.183701],[1.445131,45.18358],[1.443844,45.182536],[1.442578,45.182067],[1.442599,45.181765],[1.442685,45.181507],[1.442213,45.180978],[1.441784,45.179889],[1.441784,45.178966],[1.440947,45.178225],[1.439488,45.178029],[1.438136,45.177651],[1.437471,45.177348],[1.438093,45.17697],[1.438694,45.176773],[1.440818,45.175185],[1.441441,45.175079],[1.442728,45.175245],[1.443415,45.1752],[1.44393,45.174943],[1.444788,45.174898],[1.445861,45.17514],[1.447127,45.174867],[1.448007,45.174761],[1.448522,45.174519],[1.449616,45.174565],[1.451826,45.173718],[1.452706,45.17278],[1.453285,45.17281],[1.454058,45.171676],[1.454659,45.171176],[1.455667,45.169709],[1.455882,45.168514],[1.455882,45.167757],[1.456032,45.167152],[1.455946,45.166698],[1.456032,45.166502],[1.455817,45.166033],[1.455431,45.165957],[1.45541,45.1657],[1.455667,45.165382],[1.456139,45.165246],[1.454916,45.163748],[1.454766,45.163234],[1.454401,45.163264],[1.453671,45.163945],[1.449831,45.163658],[1.448779,45.163355],[1.447513,45.16334],[1.445947,45.163158],[1.445153,45.162266],[1.444895,45.161751],[1.44423,45.161479],[1.444252,45.161131],[1.443887,45.160783],[1.444488,45.159799],[1.44511,45.159315],[1.445518,45.157847],[1.445925,45.157348],[1.445968,45.157076],[1.445045,45.15638],[1.444037,45.15635],[1.443329,45.15641],[1.443543,45.155941],[1.442428,45.155351],[1.442127,45.153807],[1.441934,45.153384],[1.441698,45.151976],[1.441441,45.151568],[1.441162,45.15063],[1.441076,45.149585],[1.44275,45.148102],[1.443865,45.14674],[1.444187,45.146468],[1.443672,45.146135],[1.443522,45.145847],[1.443822,45.144288],[1.443286,45.143017],[1.444144,45.142896],[1.44408,45.142563],[1.444831,45.1422],[1.445131,45.142442],[1.446247,45.141988],[1.445818,45.140762],[1.446419,45.140701],[1.449273,45.139657],[1.448565,45.138416],[1.448565,45.137992],[1.448286,45.137705],[1.448693,45.137326],[1.449358,45.137583],[1.449573,45.137493],[1.449509,45.137114],[1.449616,45.136978],[1.449594,45.136675],[1.449852,45.136327],[1.449873,45.136009],[1.450174,45.135449],[1.451225,45.134405],[1.451719,45.134632],[1.452062,45.133935],[1.452298,45.132694],[1.452491,45.13112],[1.453006,45.129727],[1.453221,45.128743],[1.453114,45.128365],[1.453307,45.127699],[1.453264,45.126987],[1.453564,45.126215],[1.453822,45.125806],[1.453886,45.124898],[1.453586,45.124262],[1.453843,45.124005],[1.454186,45.123959],[1.45571,45.124186],[1.45601,45.12411],[1.456397,45.123762],[1.456075,45.123308],[1.455753,45.122521],[1.455281,45.122324],[1.455152,45.122036],[1.455109,45.121703],[1.45453,45.121355],[1.454594,45.120825],[1.455173,45.120507],[1.455667,45.119599],[1.455431,45.118857],[1.455603,45.118539],[1.455946,45.118206],[1.456225,45.11757],[1.457083,45.116267],[1.457384,45.116055],[1.458092,45.115071],[1.458478,45.114874],[1.459208,45.114102],[1.460023,45.113451],[1.460431,45.112906],[1.460774,45.112255],[1.461289,45.111679],[1.462083,45.111149],[1.461997,45.110786],[1.462061,45.110347],[1.461847,45.11021],[1.461804,45.109726],[1.461461,45.109695],[1.461289,45.108832],[1.461074,45.108544],[1.461418,45.107772],[1.461589,45.106985],[1.46219,45.106667],[1.461718,45.106243],[1.461654,45.105864],[1.461954,45.105152],[1.462426,45.104713],[1.462233,45.104471],[1.461675,45.104243],[1.461654,45.104047],[1.461053,45.103592],[1.460731,45.103001],[1.461267,45.103017],[1.461997,45.103047],[1.46219,45.102759],[1.46219,45.102381],[1.462984,45.100911],[1.463542,45.100548],[1.463671,45.100199],[1.463821,45.099578],[1.46425,45.099215],[1.464636,45.098564],[1.465473,45.098049],[1.465387,45.097867],[1.465409,45.097458],[1.464572,45.096534],[1.464593,45.095883],[1.465087,45.095337],[1.46558,45.09505],[1.466718,45.094868],[1.467061,45.094625],[1.467769,45.09461],[1.46867,45.094731],[1.469271,45.094534],[1.469722,45.09458],[1.470237,45.094837],[1.470795,45.094913],[1.47146,45.095231],[1.471717,45.095156],[1.472189,45.095201],[1.472447,45.09511],[1.472769,45.095095],[1.473348,45.09461],[1.473584,45.093974],[1.473863,45.093898],[1.47455,45.093989],[1.475108,45.093868],[1.475451,45.093626],[1.475902,45.092914],[1.475794,45.092202],[1.475215,45.091641],[1.474078,45.090747],[1.475644,45.090293],[1.475558,45.089914],[1.476524,45.08946],[1.477511,45.08849],[1.477575,45.088036],[1.477919,45.08743],[1.478713,45.087051],[1.479957,45.086218],[1.481652,45.085687],[1.482425,45.085354],[1.48324,45.0854],[1.483777,45.085521],[1.484077,45.085763],[1.484699,45.085854],[1.485,45.085506],[1.485343,45.085066],[1.485794,45.084839],[1.486673,45.084794],[1.487725,45.085081],[1.488154,45.085339],[1.488175,45.085566],[1.488669,45.085642],[1.490364,45.085339],[1.490965,45.085081],[1.492145,45.085021],[1.49339,45.085097],[1.493948,45.085384],[1.494462,45.085309],[1.494956,45.085188],[1.495171,45.08496],[1.496007,45.085021],[1.49678,45.085294],[1.498518,45.085581],[1.500471,45.085612],[1.500986,45.086157],[1.501479,45.086384],[1.501844,45.086657],[1.502359,45.086793],[1.504633,45.087157],[1.50517,45.087021],[1.505749,45.086975],[1.505964,45.086384],[1.506608,45.086172],[1.507466,45.086309],[1.50914,45.087021],[1.510556,45.087445],[1.513045,45.087748],[1.513045,45.088763],[1.513774,45.089005],[1.514719,45.089717],[1.515942,45.090308],[1.516671,45.090763],[1.517572,45.091156],[1.517208,45.091656],[1.517916,45.092171],[1.518645,45.092474],[1.518924,45.092308],[1.520405,45.092202],[1.520147,45.090838],[1.520426,45.090732],[1.520512,45.090338],[1.520405,45.089914],[1.520876,45.089266],[1.521074,45.088836],[1.521527,45.088307],[1.522249,45.088017],[1.5224,45.086824],[1.522229,45.086354],[1.522272,45.08599],[1.521156,45.085627],[1.520405,45.085733],[1.520061,45.085506],[1.519783,45.085475],[1.519396,45.085672],[1.518774,45.085854],[1.519053,45.084415],[1.518559,45.083763],[1.517444,45.083642],[1.517122,45.083491],[1.517851,45.083203],[1.519911,45.082673],[1.520233,45.08246],[1.520233,45.082036],[1.52092,45.080642],[1.520362,45.079551],[1.521173,45.078471],[1.52072,45.077071],[1.520947,45.076512],[1.521824,45.075972],[1.522504,45.075412],[1.524373,45.074372],[1.524571,45.073712],[1.524896,45.073652],[1.524797,45.073432],[1.525236,45.072863],[1.524995,45.072403],[1.524949,45.071882],[1.524629,45.07167],[1.525029,45.071147],[1.525329,45.07051],[1.52603,45.069789],[1.526971,45.068997],[1.527512,45.068757],[1.527972,45.068375],[1.529314,45.068206],[1.529474,45.067513],[1.529374,45.066537],[1.529494,45.065731],[1.529213,45.065335],[1.529374,45.064685],[1.529854,45.064133],[1.530595,45.064218],[1.531636,45.064713],[1.533218,45.066693],[1.533918,45.066848],[1.534139,45.067089],[1.534719,45.067329],[1.53518,45.067909],[1.5358,45.068121],[1.536361,45.069096],[1.537542,45.069775],[1.539704,45.070836],[1.540525,45.071839],[1.541266,45.072207],[1.541847,45.072292],[1.542627,45.072292],[1.543348,45.072617],[1.544629,45.072829],[1.54527,45.073564],[1.547572,45.073791],[1.549434,45.074653],[1.549775,45.074964],[1.550475,45.075247],[1.551757,45.075572],[1.552638,45.076095],[1.553879,45.076576],[1.55482,45.077608],[1.556522,45.07864],[1.557042,45.079276],[1.559505,45.079785],[1.560426,45.079827],[1.560926,45.079728],[1.560866,45.078993],[1.561507,45.078725],[1.562168,45.078216],[1.562368,45.077806],[1.562948,45.077283],[1.563529,45.077297],[1.56429,45.076986],[1.56447,45.076335],[1.565031,45.075105],[1.565091,45.074695],[1.565992,45.07454],[1.566993,45.074144],[1.567593,45.073663],[1.567974,45.073225],[1.568574,45.072843],[1.569095,45.072801],[1.569735,45.07249],[1.570676,45.072476],[1.571297,45.072179],[1.572378,45.071981],[1.573079,45.071543],[1.573339,45.071132],[1.57456,45.071274],[1.573539,45.072391],[1.573059,45.073126],[1.572899,45.074087],[1.573399,45.07396],[1.574,45.073522],[1.574721,45.073296],[1.575381,45.071543],[1.575942,45.070737],[1.576382,45.07027],[1.576963,45.069323],[1.577163,45.068616],[1.577564,45.068022],[1.577764,45.067004],[1.579806,45.066636],[1.580987,45.066862],[1.581848,45.066749],[1.582969,45.066297],[1.583249,45.065887],[1.583169,45.065491],[1.58345,45.064034],[1.582949,45.063695],[1.582088,45.062804],[1.580847,45.060965],[1.581067,45.060499],[1.581047,45.060004],[1.581648,45.059424],[1.580967,45.059113],[1.580206,45.058335],[1.581087,45.057529],[1.581768,45.057812],[1.581988,45.057543],[1.581928,45.057373],[1.582669,45.057274],[1.583029,45.056907],[1.583289,45.055676],[1.58367,45.055252],[1.58417,45.055068],[1.58423,45.054814],[1.58383,45.054743],[1.583269,45.054828],[1.582909,45.055068],[1.582629,45.054446],[1.582348,45.054149],[1.581788,45.053484],[1.580907,45.053201],[1.580226,45.053074],[1.579445,45.05272],[1.578805,45.052041],[1.578264,45.05115],[1.578565,45.051009],[1.578645,45.050344],[1.579265,45.049255],[1.579546,45.048067],[1.579946,45.047487],[1.580487,45.046426],[1.581047,45.045945],[1.581788,45.045761],[1.58337,45.045054],[1.58419,45.044361],[1.584491,45.043993],[1.584511,45.043809],[1.585031,45.043342],[1.584631,45.043286],[1.584331,45.043498],[1.58431,45.043286],[1.584571,45.043088],[1.584511,45.04289],[1.58385,45.043102],[1.583089,45.043017],[1.58369,45.04296],[1.58415,45.042776],[1.58431,45.042592],[1.58371,45.042691],[1.582789,45.042592],[1.582088,45.04231],[1.581347,45.042352],[1.580146,45.042578],[1.577383,45.04388],[1.576623,45.043894],[1.576102,45.043851],[1.575201,45.043908],[1.574841,45.043682],[1.57412,45.042706],[1.573179,45.042394],[1.572318,45.04139],[1.571177,45.040824],[1.570416,45.040584],[1.570136,45.040159],[1.569996,45.039537],[1.570356,45.03924],[1.570276,45.038844],[1.570416,45.038051],[1.570056,45.037556],[1.569415,45.036934],[1.569175,45.035915],[1.568774,45.035307],[1.570416,45.035901],[1.571517,45.035731],[1.573099,45.035222],[1.573339,45.034741],[1.573119,45.03409],[1.572398,45.033],[1.571958,45.03143],[1.571497,45.030779],[1.571357,45.030015],[1.571117,45.029562],[1.571137,45.027978],[1.571277,45.026902],[1.571497,45.026265],[1.571317,45.02543],[1.571077,45.025034],[1.571157,45.024666],[1.571657,45.024369],[1.572038,45.023577],[1.572258,45.022289],[1.571958,45.021652],[1.571878,45.020846],[1.573119,45.019303],[1.57394,45.017775],[1.575081,45.016727],[1.575882,45.015821],[1.576082,45.015029],[1.576102,45.014279],[1.575982,45.013769],[1.576182,45.013132],[1.576082,45.011788],[1.576502,45.010995],[1.576843,45.010585],[1.576783,45.010103],[1.580046,45.007485],[1.581588,45.005715],[1.582228,45.004866],[1.582248,45.004356],[1.581948,45.003861],[1.582128,45.003606],[1.582028,45.002884],[1.582368,45.002403],[1.582409,45.001992],[1.583009,45.00144],[1.58403,45.001129],[1.584591,45.001186],[1.585852,45.001016],[1.586733,45.000025],[1.586773,44.999657],[1.587193,44.999345],[1.587674,44.998892],[1.589756,44.997915],[1.590116,44.997646],[1.589696,44.997377],[1.589376,44.996882],[1.588835,44.996981],[1.586873,44.996457],[1.585772,44.996471],[1.585091,44.996896],[1.585752,44.995862],[1.586253,44.995381],[1.586833,44.994489],[1.587153,44.993781],[1.587654,44.993555],[1.588495,44.993356],[1.588455,44.993017],[1.588975,44.992833],[1.589135,44.992295],[1.589196,44.991827],[1.590697,44.989703],[1.592379,44.987891],[1.59378,44.986829],[1.59394,44.986362],[1.594461,44.985668],[1.594601,44.985059],[1.594641,44.983544],[1.594561,44.982992],[1.594962,44.981944],[1.594841,44.980655],[1.594941,44.979961],[1.595162,44.979536],[1.59384,44.977978],[1.59334,44.977808],[1.592479,44.977029],[1.592559,44.976491],[1.592999,44.97618],[1.5939,44.975741],[1.594381,44.975188],[1.594681,44.974438],[1.595122,44.973942],[1.595622,44.972837],[1.595782,44.972412],[1.596083,44.972398],[1.596683,44.972526],[1.597224,44.972384],[1.597364,44.9722],[1.597224,44.971817],[1.597885,44.971633],[1.598305,44.971393],[1.599726,44.971038],[1.601688,44.9705],[1.60289,44.969976],[1.604992,44.96965],[1.606053,44.969325],[1.607675,44.968078],[1.608255,44.967441],[1.607995,44.967342],[1.607074,44.967526],[1.606834,44.967384],[1.606934,44.967087],[1.607755,44.966591],[1.608215,44.966378],[1.608255,44.966067],[1.607615,44.965713],[1.607294,44.964834],[1.607054,44.96448],[1.607434,44.963914],[1.606874,44.962624],[1.605572,44.961321],[1.604531,44.960443],[1.60303,44.960188],[1.602589,44.959975],[1.602469,44.959649],[1.601989,44.95921],[1.600727,44.958332],[1.600127,44.957326],[1.599566,44.957029],[1.599466,44.956589],[1.600407,44.955711],[1.601288,44.954478],[1.602529,44.953699],[1.60293,44.953047],[1.603911,44.952311],[1.604892,44.951829],[1.605753,44.951503],[1.606173,44.951149],[1.605993,44.950724],[1.605653,44.950228],[1.605032,44.949548],[1.604932,44.949094],[1.605192,44.948471],[1.605633,44.947847],[1.606594,44.947096],[1.606734,44.946728],[1.606734,44.945878],[1.607374,44.944588],[1.607374,44.943965],[1.607755,44.943724],[1.608035,44.943681],[1.608776,44.942038],[1.609917,44.94106],[1.610958,44.940252],[1.612019,44.93892],[1.612259,44.938183],[1.612019,44.937715],[1.611639,44.93746],[1.611499,44.937162],[1.611376,44.937158],[1.611521,44.93698],[1.611072,44.93683],[1.610636,44.936849],[1.608549,44.936545],[1.608306,44.935501],[1.607876,44.934443],[1.607372,44.933663],[1.607017,44.932816],[1.606718,44.932459],[1.605803,44.931891],[1.605578,44.931626],[1.604831,44.931137],[1.604775,44.929933],[1.60457,44.929444],[1.605298,44.928624],[1.605971,44.92668],[1.608362,44.924352],[1.608493,44.923321],[1.609557,44.922659],[1.610417,44.921575],[1.610921,44.919657],[1.611388,44.918942],[1.61178,44.917646],[1.611967,44.91549],[1.61221,44.914273],[1.612602,44.913029],[1.612583,44.911164],[1.612696,44.910833],[1.612621,44.90955],[1.612042,44.908293],[1.611444,44.907817],[1.61079,44.906772],[1.610697,44.905462],[1.610585,44.904801],[1.610566,44.904046],[1.610603,44.903504],[1.610118,44.902406],[1.610248,44.90148],[1.611967,44.903597],[1.611948,44.903914],[1.612322,44.904404],[1.612733,44.904549],[1.614078,44.905515],[1.61475,44.906084],[1.618356,44.908373],[1.619962,44.909206],[1.621045,44.90959],[1.622185,44.909802],[1.623605,44.910463],[1.624763,44.910635],[1.625921,44.910966],[1.6265,44.910701],[1.626649,44.909815],[1.627042,44.909272],[1.627733,44.908743],[1.628667,44.908254],[1.62594,44.906719],[1.625585,44.906931],[1.624781,44.907129],[1.624202,44.907089],[1.623847,44.906745],[1.623586,44.906269],[1.622633,44.906097],[1.621811,44.905092],[1.622166,44.904827],[1.62254,44.904298],[1.622148,44.904086],[1.621905,44.903226],[1.621886,44.902551],[1.621475,44.902168],[1.621344,44.901731],[1.620485,44.901003],[1.621681,44.900434],[1.622484,44.900262],[1.62183,44.898317],[1.621886,44.89702],[1.621045,44.89575],[1.618206,44.896359],[1.616039,44.896279],[1.616133,44.894731],[1.616077,44.893434],[1.616375,44.892005],[1.616936,44.891383],[1.617664,44.89002],[1.61787,44.889491],[1.618412,44.88953],[1.618636,44.889239],[1.618617,44.888816],[1.619065,44.887439],[1.619308,44.88638],[1.619402,44.885242],[1.618953,44.883681],[1.618505,44.883151],[1.617758,44.881457],[1.6183,44.881272],[1.620541,44.880848],[1.620635,44.88061],[1.619757,44.88008],[1.619607,44.879683],[1.620616,44.878161],[1.621811,44.876705],[1.62211,44.876228],[1.623063,44.875368],[1.623437,44.874825],[1.623362,44.874521],[1.623773,44.873766],[1.623362,44.873422],[1.623362,44.872628],[1.623231,44.871913],[1.623287,44.870523],[1.623418,44.869133],[1.624034,44.866763],[1.624613,44.865466],[1.624931,44.864261],[1.62495,44.862619],[1.625174,44.862023],[1.625417,44.861162],[1.62607,44.859958],[1.626201,44.859004],[1.626033,44.858488],[1.625865,44.856912],[1.62594,44.855747],[1.626089,44.855111],[1.625865,44.853999],[1.625417,44.852847],[1.625454,44.851602],[1.625697,44.849695],[1.625977,44.848529],[1.626014,44.847496],[1.625772,44.846847],[1.625473,44.845629],[1.625753,44.845086],[1.626295,44.844556],[1.626182,44.844172],[1.625753,44.843444],[1.625342,44.841762],[1.625491,44.840927],[1.625155,44.839934],[1.624258,44.83947],[1.623623,44.839324],[1.623231,44.83898],[1.622559,44.837086],[1.622297,44.835721],[1.621942,44.835271],[1.621737,44.834595],[1.621718,44.834185],[1.622801,44.83343],[1.623306,44.832966],[1.624277,44.832436],[1.624408,44.831072],[1.624258,44.830171],[1.623978,44.829893],[1.62396,44.829429],[1.624669,44.829085],[1.628499,44.827018],[1.629657,44.826859],[1.630143,44.82662],[1.631301,44.825136],[1.632571,44.824024],[1.632085,44.822712],[1.632011,44.822182],[1.6316,44.820923],[1.631039,44.820314],[1.630796,44.819704],[1.630012,44.818565],[1.629171,44.817319],[1.628928,44.816656],[1.628368,44.815861],[1.627882,44.815146],[1.628144,44.815],[1.628312,44.814656],[1.628125,44.814616],[1.628387,44.814033],[1.627565,44.813781],[1.626799,44.813476],[1.626108,44.813489],[1.625996,44.813079],[1.624483,44.810839],[1.624333,44.810441],[1.624557,44.809116],[1.625603,44.807327],[1.625828,44.806545],[1.626556,44.805445],[1.625958,44.80408],[1.624296,44.80412],[1.623437,44.803934],[1.622671,44.803603],[1.621531,44.802781],[1.620747,44.802357],[1.618972,44.800925],[1.618393,44.80017]]],"type":"MultiLineString"},"properties":{"geo_point":{"lon":1.56093313445525,"lat":45.187766805367325},"name":"GR46 De La Méchaussie (Corrèze) à Rocamadour (Lot) (2019)","code_gr":"GR46"}},{"type":"Feature","geometry":{"coordinates":[[[1.421886,46.889158],[1.423217,46.887339],[1.423302,46.886151],[1.424676,46.883864],[1.424826,46.882734],[1.425942,46.88049],[1.426457,46.879977],[1.427916,46.879258],[1.429439,46.87807],[1.431134,46.87873],[1.435984,46.879214],[1.439675,46.879816],[1.441627,46.878921],[1.44225,46.87851],[1.441005,46.877792],[1.440361,46.877645],[1.437658,46.875459],[1.438494,46.875019],[1.439503,46.873948],[1.440726,46.87279],[1.441134,46.872056],[1.439396,46.873127],[1.439009,46.872819],[1.43946,46.869342],[1.446627,46.866922],[1.447163,46.866335],[1.448451,46.865528],[1.44903,46.865719],[1.449438,46.865249],[1.450575,46.864956],[1.453365,46.863254],[1.457935,46.860818],[1.459373,46.860584],[1.460875,46.860525],[1.463214,46.860188],[1.471024,46.858045],[1.485637,46.85536],[1.489049,46.854729],[1.490615,46.854729],[1.492203,46.854993],[1.493726,46.855595],[1.500808,46.859498],[1.503382,46.86051],[1.505099,46.860907],[1.505786,46.860907],[1.507674,46.861229],[1.511107,46.861185],[1.512223,46.861039],[1.513446,46.860334],[1.515163,46.858838],[1.515592,46.858574],[1.516407,46.857723],[1.516214,46.857429],[1.516944,46.856534],[1.5163,46.855213],[1.5163,46.852205],[1.515828,46.849887],[1.515592,46.846819],[1.516987,46.846819],[1.519047,46.847054],[1.519948,46.847318],[1.525613,46.848595],[1.526085,46.848845],[1.52823,46.848977],[1.529496,46.848698],[1.532222,46.848478],[1.533273,46.848507],[1.534947,46.84836],[1.537736,46.847553],[1.537393,46.847025],[1.537586,46.846658],[1.538637,46.845954],[1.538702,46.845557],[1.538337,46.845293],[1.537779,46.845132],[1.538552,46.844236],[1.538466,46.844016],[1.541062,46.840831],[1.541599,46.840993],[1.542586,46.839701],[1.544924,46.840494],[1.545976,46.839481],[1.546491,46.839158],[1.546255,46.836986],[1.546813,46.836075],[1.548208,46.834622],[1.549752,46.835268],[1.550847,46.835327],[1.553894,46.836853],[1.554538,46.836736],[1.555374,46.836751],[1.55722,46.837206],[1.559945,46.837411],[1.561297,46.837764],[1.561297,46.837764],[1.564816,46.837279],[1.564086,46.836868],[1.563872,46.836457],[1.564151,46.836266],[1.564236,46.83587],[1.565223,46.835885],[1.565653,46.835753],[1.565567,46.83496],[1.564794,46.834035],[1.563893,46.834285],[1.563593,46.834197],[1.563507,46.832508],[1.563957,46.830747],[1.56385,46.82944],[1.564,46.829073],[1.564537,46.82922],[1.564966,46.828236],[1.564515,46.826988],[1.564515,46.824037],[1.568979,46.823817],[1.57312,46.823861],[1.576403,46.823744],[1.579407,46.822731],[1.580673,46.822525],[1.581746,46.822231],[1.582883,46.822129],[1.585479,46.821439],[1.589106,46.820249],[1.590007,46.821306],[1.593462,46.820088],[1.59447,46.819427],[1.595951,46.817826],[1.597903,46.8179],[1.600414,46.81674],[1.608568,46.814846],[1.609276,46.814464],[1.601573,46.803772],[1.601573,46.803772],[1.602109,46.802935],[1.603804,46.802964],[1.605564,46.803185],[1.609855,46.802773],[1.611593,46.803038],[1.616851,46.803038],[1.618052,46.803346],[1.621228,46.803567],[1.626034,46.803552],[1.627515,46.80458],[1.630798,46.80245],[1.631613,46.803111],[1.631656,46.803787],[1.632086,46.804081],[1.633266,46.803713],[1.635068,46.80411],[1.634961,46.804815],[1.635175,46.805035],[1.635626,46.80527],[1.635905,46.805726],[1.637514,46.805535],[1.637922,46.805285],[1.639639,46.806842],[1.640304,46.807077],[1.64348,46.807194],[1.644595,46.807885],[1.649359,46.809662],[1.65408,46.815345],[1.6582,46.813627],[1.661998,46.811776],[1.662727,46.812687],[1.663414,46.812452],[1.665967,46.814948],[1.667341,46.815727],[1.668843,46.816285],[1.669057,46.815859],[1.669572,46.815859],[1.670988,46.816534],[1.672104,46.816476],[1.672362,46.816285],[1.672297,46.815903],[1.672705,46.816241],[1.673392,46.816123],[1.67352,46.815727],[1.673949,46.815198],[1.673992,46.815036],[1.67528,46.813906],[1.677318,46.814097],[1.679743,46.813465],[1.680129,46.81323],[1.68073,46.813157],[1.681309,46.813025],[1.684657,46.81345],[1.684764,46.814067],[1.685129,46.813495],[1.685901,46.813553],[1.68809,46.814743],[1.689013,46.816167],[1.689056,46.817151],[1.689785,46.817166],[1.689935,46.818311],[1.691437,46.819706],[1.691502,46.820763],[1.69088,46.821908],[1.690944,46.822657],[1.691223,46.823274],[1.691137,46.823744],[1.691395,46.823993],[1.691716,46.824008],[1.691373,46.82508],[1.692768,46.824889],[1.693412,46.824478],[1.694184,46.824713],[1.694892,46.825829],[1.695901,46.826533],[1.696008,46.826827],[1.696265,46.827165],[1.696137,46.827458],[1.697081,46.827561],[1.698004,46.828222],[1.698368,46.827943],[1.697961,46.827414],[1.698089,46.827194],[1.698497,46.827018],[1.698776,46.826695],[1.699119,46.826988],[1.700063,46.827532],[1.701008,46.826665],[1.701651,46.82693],[1.70251,46.826064],[1.70296,46.826181],[1.703368,46.825344],[1.703969,46.824904],[1.703346,46.824478],[1.702402,46.824566],[1.701952,46.824507],[1.701523,46.824595],[1.701158,46.824537],[1.700385,46.82505],[1.69987,46.824698],[1.698926,46.824801],[1.697789,46.824067],[1.696952,46.818384],[1.696673,46.818032],[1.697016,46.817768],[1.696437,46.814611],[1.696523,46.814332],[1.69633,46.814097],[1.694871,46.813656],[1.694034,46.812878],[1.694763,46.811718],[1.698991,46.809941],[1.698497,46.809691],[1.698561,46.809544],[1.697531,46.809089],[1.698583,46.807987],[1.696416,46.807106],[1.695107,46.806915],[1.695064,46.806533],[1.697896,46.805417],[1.700042,46.803155],[1.70266,46.801202],[1.703625,46.800041],[1.704226,46.799101],[1.707659,46.79634],[1.708153,46.796251],[1.708239,46.795899],[1.7112,46.793122],[1.712659,46.79396],[1.713882,46.795267],[1.716114,46.796266],[1.716929,46.79468],[1.717573,46.794004],[1.719225,46.791756],[1.720362,46.790978],[1.721006,46.790331],[1.720234,46.790243],[1.720062,46.789171],[1.718989,46.788436],[1.718131,46.788186],[1.717916,46.786041],[1.717916,46.786041],[1.718324,46.78419],[1.718324,46.78419],[1.71753,46.780972],[1.717594,46.780208],[1.718066,46.778812],[1.718131,46.777695],[1.721178,46.775079],[1.723538,46.774051],[1.725577,46.773301],[1.726907,46.772625],[1.728001,46.772787],[1.728302,46.772978],[1.73137,46.772801],[1.733816,46.771229],[1.734331,46.77067],[1.736434,46.769406],[1.739825,46.767011],[1.741262,46.766526],[1.741713,46.765967],[1.745811,46.764512],[1.747335,46.763248],[1.747485,46.760058],[1.747378,46.759514],[1.747485,46.758265],[1.747485,46.758265],[1.748901,46.757897],[1.749223,46.757221],[1.750575,46.756618],[1.757634,46.763909],[1.768342,46.76435],[1.772354,46.765526],[1.776303,46.767951],[1.776303,46.767951],[1.77744,46.766981],[1.77877,46.765908],[1.780272,46.765027],[1.78156,46.763998],[1.786838,46.760543],[1.791001,46.758015],[1.798855,46.753237],[1.799756,46.752032],[1.806408,46.749253],[1.807502,46.748385],[1.809347,46.747474],[1.811214,46.746842],[1.811579,46.74618],[1.811987,46.745974],[1.812952,46.745812],[1.807159,46.742695],[1.805936,46.742342],[1.806901,46.740857],[1.807416,46.739592],[1.810313,46.736622],[1.811257,46.735901],[1.813424,46.733784],[1.815098,46.732857],[1.817179,46.732872],[1.81851,46.733372],[1.818145,46.730548],[1.819003,46.730077],[1.820119,46.729224],[1.823295,46.727783],[1.826535,46.725915],[1.828466,46.724356],[1.830269,46.722944],[1.83132,46.722855],[1.831213,46.722223],[1.833745,46.720355],[1.83426,46.719295],[1.834903,46.71878],[1.835654,46.718501],[1.83692,46.718163],[1.838809,46.716809],[1.840633,46.715809],[1.841985,46.715338],[1.844002,46.715632],[1.846276,46.714705],[1.846619,46.714161],[1.846941,46.713308],[1.847606,46.712734],[1.847564,46.712145],[1.848036,46.711984],[1.848036,46.709938],[1.847435,46.70907],[1.847413,46.708688],[1.847778,46.707216],[1.84737,46.70701],[1.847006,46.70626],[1.845074,46.703449],[1.845804,46.700271],[1.845911,46.69952],[1.846319,46.698122],[1.846662,46.697504],[1.844753,46.697239],[1.84368,46.697254],[1.843916,46.697828],[1.840783,46.697828],[1.839453,46.697534],[1.839066,46.697578],[1.836341,46.698564],[1.833938,46.699932],[1.83353,46.699947],[1.831942,46.701875],[1.829367,46.704156],[1.827179,46.703096],[1.827179,46.703096],[1.825183,46.702567],[1.823831,46.702022],[1.824647,46.701095],[1.828702,46.697416],[1.828616,46.692353],[1.828831,46.691426],[1.828573,46.689203],[1.828595,46.687717],[1.828702,46.687187],[1.829153,46.686377],[1.828981,46.683109],[1.829174,46.681004],[1.8272,46.679252],[1.826771,46.678325],[1.825934,46.677795],[1.825355,46.677604],[1.824153,46.676853],[1.81851,46.676499],[1.81778,46.675822],[1.818403,46.675336],[1.817909,46.674144],[1.817244,46.67379],[1.81645,46.673673],[1.815463,46.673098],[1.814283,46.67276],[1.814519,46.672524],[1.81366,46.672053],[1.815871,46.670065],[1.817501,46.669933],[1.818896,46.669565],[1.818939,46.669255],[1.819196,46.668946],[1.819862,46.669093],[1.821278,46.668622],[1.821793,46.668593],[1.826277,46.667091],[1.829689,46.666605],[1.830805,46.66634],[1.832844,46.66631],[1.833788,46.666649],[1.834818,46.666561],[1.838337,46.664941],[1.840053,46.664278],[1.842092,46.663262],[1.843744,46.661377],[1.846491,46.660067],[1.846298,46.659802],[1.843186,46.657578],[1.841555,46.657254],[1.84059,46.656503],[1.840053,46.655796],[1.837757,46.654249],[1.836212,46.653454],[1.835654,46.653351],[1.833487,46.65229],[1.833273,46.650773],[1.833316,46.650449],[1.832886,46.650537],[1.831513,46.651127],[1.831492,46.651657],[1.831105,46.651775],[1.830526,46.651318],[1.830483,46.651038],[1.829346,46.650655],[1.827071,46.649271],[1.826235,46.647739],[1.827029,46.646192],[1.827071,46.645721],[1.82572,46.645426],[1.82484,46.645529],[1.823381,46.645279],[1.824132,46.643806],[1.824089,46.642612],[1.822801,46.642215],[1.822458,46.641876],[1.822673,46.641345],[1.821793,46.640815],[1.821063,46.64108],[1.820226,46.640962],[1.819368,46.641507],[1.818918,46.641566],[1.81778,46.640741],[1.81881,46.639371],[1.82072,46.638311],[1.820827,46.637648],[1.824153,46.634671],[1.825376,46.634391],[1.827372,46.63283],[1.827801,46.632299],[1.828402,46.632063],[1.829131,46.631253],[1.829818,46.631135],[1.83029,46.630826],[1.830462,46.630575],[1.831041,46.630339],[1.831191,46.629883],[1.832028,46.629131],[1.833015,46.628601],[1.833831,46.627849],[1.834946,46.62726],[1.836041,46.626361],[1.838165,46.627201],[1.83868,46.627672],[1.838551,46.629102],[1.839967,46.630104],[1.840804,46.631003],[1.841834,46.631459],[1.842542,46.631194],[1.843079,46.631312],[1.844087,46.631857],[1.845482,46.63227],[1.847327,46.631916],[1.849044,46.631769],[1.849602,46.631607],[1.85046,46.63084],[1.849838,46.630767],[1.850439,46.629971],[1.850396,46.629279],[1.850653,46.628866],[1.851362,46.629175],[1.85237,46.627834],[1.851919,46.627216],[1.85267,46.626302],[1.853035,46.625197],[1.853786,46.624902],[1.854859,46.623738],[1.855374,46.623016],[1.855953,46.622706],[1.856082,46.622485],[1.856704,46.622235],[1.856941,46.621675],[1.857069,46.621542],[1.857627,46.621734],[1.858228,46.622205],[1.859129,46.622574],[1.859709,46.621748],[1.86149,46.622058],[1.863356,46.621247],[1.865416,46.619656],[1.866039,46.61939],[1.867433,46.618963],[1.870824,46.616737],[1.871875,46.616015],[1.872926,46.615278],[1.873506,46.615028],[1.876295,46.614187],[1.87799,46.614025],[1.878613,46.614011],[1.879943,46.613598],[1.880394,46.613554],[1.883806,46.612846],[1.886359,46.612094],[1.886702,46.611564],[1.888633,46.610252],[1.888741,46.609839],[1.889985,46.607997],[1.890865,46.607142],[1.892517,46.604842],[1.893247,46.604134],[1.893976,46.604031],[1.895886,46.603633],[1.897839,46.603574],[1.900607,46.603161],[1.901787,46.602277],[1.90183,46.600286],[1.902431,46.60092],[1.902731,46.601083],[1.90316,46.601716],[1.903804,46.601893],[1.904383,46.601716],[1.905027,46.601333],[1.905027,46.601333],[1.906529,46.602188],[1.907044,46.602793],[1.914619,46.60583],[1.915155,46.605373],[1.915906,46.605255],[1.918374,46.601599],[1.918374,46.601599],[1.918578,46.600692],[1.918084,46.600191],[1.917226,46.598274],[1.91714,46.597065],[1.917419,46.597035],[1.917526,46.596003],[1.918063,46.595119],[1.918127,46.594101],[1.919865,46.592391],[1.919822,46.591801],[1.919286,46.591049],[1.917912,46.588218],[1.916625,46.586846],[1.916389,46.585445],[1.916754,46.58372],[1.91802,46.583189],[1.9189,46.582717],[1.921153,46.582275],[1.922655,46.581729],[1.922805,46.581478],[1.924994,46.580121],[1.925444,46.579413],[1.926839,46.578897],[1.92862,46.577584],[1.929671,46.577186],[1.931967,46.574841],[1.933834,46.573395],[1.932804,46.572319],[1.933662,46.572378],[1.933856,46.571478],[1.9348,46.57164],[1.938018,46.571699],[1.938877,46.571876],[1.941087,46.572643],[1.941344,46.572968],[1.941773,46.572968],[1.943168,46.572407],[1.94467,46.571625],[1.946709,46.570858],[1.950206,46.570298],[1.955506,46.568646],[1.956279,46.568262],[1.957974,46.568041],[1.958832,46.56748],[1.959626,46.566182],[1.960442,46.566108],[1.961708,46.565872],[1.961708,46.565872],[1.962201,46.565164],[1.96278,46.563585],[1.963531,46.563423],[1.964197,46.562258],[1.96424,46.561269],[1.964111,46.560871],[1.964261,46.560281],[1.964154,46.559484],[1.964046,46.559056],[1.964283,46.558466],[1.964283,46.557699],[1.96381,46.556858],[1.964154,46.555087],[1.963617,46.554202],[1.96381,46.553272],[1.964218,46.552239],[1.964154,46.551619],[1.96424,46.550675],[1.965634,46.549642],[1.966021,46.549686],[1.966149,46.549996],[1.966514,46.549686],[1.967651,46.54945],[1.968424,46.54973],[1.971449,46.550513],[1.971106,46.55004],[1.971943,46.548786],[1.9722,46.547591],[1.973402,46.545805],[1.974475,46.545318],[1.974582,46.545111],[1.975097,46.54489],[1.976192,46.545067],[1.9769,46.54548],[1.977329,46.545525],[1.976943,46.543134],[1.977586,46.542189],[1.97793,46.5412],[1.978509,46.540816],[1.978337,46.53971],[1.97896,46.539119],[1.980054,46.538691],[1.980376,46.537983],[1.981406,46.537761],[1.982157,46.538056],[1.983616,46.538234],[1.984946,46.538101],[1.987929,46.538115],[1.992049,46.537274],[1.994001,46.537141],[1.994409,46.535606],[1.995139,46.534204],[1.995353,46.533274],[1.99589,46.533805],[1.996684,46.534145],[1.997885,46.534957],[2.00222,46.531207],[2.005074,46.527989],[2.005481,46.526601],[2.006597,46.524889],[2.007434,46.524372],[2.008163,46.523353],[2.010009,46.522054],[2.010653,46.521168],[2.013978,46.518555],[2.014451,46.517698],[2.015588,46.517226],[2.015824,46.516857],[2.015845,46.516281],[2.01621,46.515203],[2.016124,46.514007],[2.015588,46.513534],[2.015717,46.512855],[2.015309,46.51188],[2.018463,46.511733],[2.020609,46.511157],[2.021338,46.510108],[2.024493,46.507657],[2.024214,46.506785],[2.024192,46.506136],[2.023849,46.505574],[2.019879,46.5033],[2.018249,46.502975],[2.017347,46.503389],[2.017991,46.501483],[2.017905,46.499991],[2.018034,46.49943],[2.017583,46.498751],[2.017605,46.498012],[2.021574,46.498559],[2.02445,46.499622],[2.02563,46.50104],[2.026381,46.500435],[2.027068,46.499755],[2.027454,46.499696],[2.027647,46.499282],[2.028312,46.498957],[2.028656,46.498204],[2.030329,46.496107],[2.028656,46.496048],[2.027626,46.494836],[2.026188,46.493773],[2.02254,46.491439],[2.024514,46.489917],[2.023119,46.489533],[2.021403,46.488602],[2.019869,46.48719],[2.01864,46.48531],[2.022282,46.484202],[2.023374,46.48369],[2.024482,46.483492],[2.025043,46.483126],[2.024968,46.481695],[2.025437,46.481259],[2.025453,46.481016],[2.025969,46.480942],[2.026075,46.480734],[2.026181,46.480305],[2.026596,46.480314],[2.028591,46.480609],[2.031016,46.481156],[2.031767,46.481481],[2.03314,46.481702],[2.034943,46.482175],[2.036616,46.482175],[2.038075,46.481998],[2.038784,46.482057],[2.039771,46.483239],[2.040779,46.485441],[2.042582,46.484465],[2.044341,46.483549],[2.0458,46.483017],[2.0458,46.482678],[2.045457,46.482013],[2.045457,46.482013],[2.045607,46.481481],[2.0458,46.480373],[2.046337,46.479634],[2.047109,46.479161],[2.047989,46.47888],[2.048268,46.478156],[2.048912,46.477447],[2.052302,46.478304],[2.052302,46.478304],[2.058203,46.481038],[2.059233,46.481791],[2.059898,46.481924],[2.060477,46.481791],[2.060842,46.481289],[2.061314,46.481437],[2.061378,46.482323],[2.06228,46.48284],[2.062323,46.483223],[2.063855,46.483768],[2.064357,46.48446],[2.06503,46.484523],[2.065796,46.48486],[2.067831,46.485615],[2.067857,46.485888],[2.068042,46.486324],[2.069072,46.486206],[2.069891,46.485933],[2.069957,46.485788],[2.069855,46.485488],[2.069759,46.485477],[2.069609,46.485104],[2.069963,46.484982],[2.070627,46.48459],[2.071105,46.484432],[2.071481,46.484413],[2.071459,46.484258],[2.071277,46.483767],[2.072023,46.48318],[2.072337,46.482489],[2.072236,46.482249],[2.071397,46.481757],[2.070061,46.482081],[2.070168,46.48182],[2.070456,46.481507],[2.072258,46.480314],[2.073051,46.480121],[2.073623,46.479458],[2.073379,46.478258],[2.073159,46.47761],[2.073009,46.476575],[2.072773,46.475969],[2.072901,46.475275],[2.072644,46.474447],[2.072769,46.472965],[2.072129,46.471743],[2.072086,46.470974],[2.072246,46.470384],[2.072515,46.46991],[2.073327,46.469592],[2.073588,46.469136],[2.073623,46.468511],[2.073501,46.467935],[2.073605,46.467047],[2.073989,46.466447],[2.074564,46.466002],[2.074721,46.465522],[2.075035,46.465174],[2.076028,46.465366],[2.076568,46.46527],[2.079357,46.463889],[2.082669,46.462593],[2.084743,46.463217],[2.086764,46.463169],[2.086294,46.464322],[2.085614,46.467143],[2.085928,46.467491],[2.086695,46.467779],[2.087165,46.467671],[2.087915,46.467047],[2.088472,46.466831],[2.089605,46.466519],[2.090564,46.466507],[2.091383,46.466351],[2.093353,46.466471],[2.09391,46.466387],[2.094102,46.46611],[2.094241,46.465534],[2.094503,46.465198],[2.094921,46.464826],[2.0952,46.464442],[2.097292,46.464118],[2.097623,46.464274],[2.098982,46.464358],[2.099749,46.46449],[2.100708,46.464406],[2.101527,46.464634],[2.102241,46.464634],[2.102276,46.464478],[2.103671,46.464298],[2.104106,46.464166],[2.104629,46.464406],[2.105117,46.46443],[2.105466,46.464262],[2.105971,46.464214],[2.107034,46.464358],[2.107453,46.464538],[2.107766,46.465042],[2.107836,46.465474],[2.107557,46.466363],[2.107627,46.466771],[2.10808,46.467287],[2.108481,46.467863],[2.109178,46.468511],[2.110799,46.4691],[2.111862,46.469328],[2.113762,46.471536],[2.114511,46.471344],[2.115505,46.470876],[2.116097,46.470744],[2.118328,46.470696],[2.119165,46.470504],[2.119601,46.47048],[2.120176,46.470624],[2.120664,46.470516],[2.121535,46.470504],[2.122232,46.471392],[2.122965,46.47114],[2.124132,46.470972],[2.125195,46.471284],[2.126764,46.471116],[2.133701,46.471212],[2.134799,46.471128],[2.135043,46.470912],[2.136786,46.470816],[2.138093,46.470432],[2.138616,46.470396],[2.13947,46.470588]]],"type":"MultiLineString"},"properties":{"geo_point":{"lon":1.7964236520384815,"lat":46.68791000101115},"name":"GR46 De Buzançais à Pérassay (Indre) (2019)","code_gr":"GR46"}},{"type":"Feature","geometry":{"coordinates":[[[2.13947,46.470588],[2.139313,46.470144],[2.13947,46.46994],[2.139696,46.469952],[2.140062,46.470144],[2.140568,46.47012],[2.14062,46.469568],[2.139505,46.467467],[2.139644,46.466471],[2.139574,46.466122],[2.138999,46.465498],[2.138633,46.464934],[2.137936,46.46473],[2.137291,46.464022],[2.136855,46.462377],[2.136751,46.461248],[2.136385,46.460948],[2.134747,46.459735],[2.135845,46.459195],[2.136106,46.458823],[2.138232,46.457442],[2.139853,46.456073],[2.140341,46.455785],[2.141736,46.454753],[2.14252,46.454549],[2.142136,46.4533],[2.142293,46.451583],[2.142189,46.450874],[2.14238,46.45061],[2.142781,46.450682],[2.144019,46.450646],[2.143409,46.45043],[2.143513,46.449913],[2.143792,46.449721],[2.144106,46.449409],[2.144489,46.449265],[2.145239,46.449205],[2.146459,46.448785],[2.146877,46.448496],[2.146302,46.447932],[2.145378,46.44738],[2.144855,46.446815],[2.144664,46.446395],[2.144733,46.445806],[2.145204,46.444569],[2.145012,46.443897],[2.144751,46.443453],[2.144646,46.44248],[2.144699,46.440582],[2.144855,46.43991],[2.144507,46.438877],[2.143949,46.438096],[2.142868,46.437832],[2.142398,46.437916],[2.14177,46.437183],[2.141387,46.43633],[2.141666,46.435574],[2.143635,46.435838],[2.14557,46.435994],[2.146424,46.435862],[2.148951,46.43657],[2.149736,46.436931],[2.150607,46.437183],[2.151269,46.437171],[2.152489,46.437483],[2.153291,46.435646],[2.153047,46.435538],[2.152925,46.434468],[2.152576,46.434048],[2.152664,46.433339],[2.15235,46.432354],[2.151234,46.431922],[2.149701,46.430456],[2.150572,46.430264],[2.151182,46.429591],[2.152036,46.428907],[2.152786,46.428498],[2.153221,46.428054],[2.153762,46.427633],[2.154755,46.426108],[2.15479,46.425699],[2.154668,46.425098],[2.154825,46.424702],[2.155609,46.424053],[2.154197,46.423825],[2.15343,46.423549],[2.152786,46.424161],[2.151722,46.424053],[2.150834,46.424197],[2.15045,46.424173],[2.150485,46.42326],[2.152088,46.422191],[2.153326,46.421626],[2.153796,46.421026],[2.154999,46.418346],[2.155435,46.417745],[2.157387,46.418082],[2.158276,46.415018],[2.158677,46.414417],[2.160855,46.412206],[2.161134,46.412098],[2.162598,46.409851],[2.162877,46.408865],[2.162912,46.407423],[2.163679,46.405693],[2.164934,46.404527],[2.167374,46.403097],[2.170006,46.401847],[2.174084,46.401402],[2.17438,46.401486],[2.175008,46.401847],[2.176385,46.401787],[2.178389,46.402123],[2.18109,46.402784],[2.182154,46.403421],[2.183757,46.403854],[2.18794,46.404911],[2.188533,46.404791],[2.189177,46.405428],[2.190345,46.404094],[2.19113,46.402664],[2.191931,46.402928],[2.194999,46.404515],[2.196219,46.404695],[2.196219,46.405008],[2.19777,46.406798],[2.19838,46.407664],[2.198833,46.408601],[2.200297,46.409646],[2.20082,46.409346],[2.201988,46.409009],[2.202511,46.407892],[2.20319,46.407195],[2.203644,46.406414],[2.204027,46.406113],[2.205334,46.405705],[2.206084,46.405248],[2.206572,46.405224],[2.209604,46.405849],[2.210528,46.406137],[2.212236,46.406402],[2.212358,46.406197],[2.215077,46.404839],[2.215182,46.403469],[2.215408,46.402412],[2.214955,46.401931],[2.214694,46.401486],[2.213857,46.401138],[2.213944,46.400416],[2.213543,46.399707],[2.212829,46.398902],[2.212933,46.397988],[2.212602,46.39752],[2.211748,46.397279],[2.212149,46.396606],[2.212724,46.396041],[2.212951,46.395524],[2.212724,46.394995],[2.212288,46.394587],[2.212184,46.394118],[2.212288,46.393397],[2.212184,46.39294],[2.212219,46.392567],[2.2118,46.391581],[2.211277,46.390992],[2.211068,46.3905],[2.211243,46.390103],[2.211626,46.38955],[2.21119,46.387698],[2.210807,46.38741],[2.210772,46.386628],[2.210197,46.384693],[2.209744,46.384585],[2.209291,46.384176],[2.208977,46.383551],[2.208942,46.383058],[2.208611,46.382072],[2.208681,46.381819],[2.208158,46.38022],[2.208036,46.379523],[2.207373,46.378621],[2.207129,46.378116],[2.207129,46.377803],[2.206606,46.377719],[2.205857,46.376601],[2.20563,46.374833],[2.20448,46.374364],[2.204916,46.372512],[2.20272,46.372548],[2.20258,46.373198],[2.200663,46.373907],[2.199461,46.373739],[2.198694,46.373102],[2.19838,46.373054],[2.198049,46.372789],[2.198031,46.373126],[2.197003,46.373498],[2.196585,46.37339],[2.195504,46.370648],[2.196567,46.368893],[2.196411,46.367894],[2.196463,46.366114],[2.196637,46.364527],[2.198136,46.3617],[2.198328,46.360774],[2.19967,46.357875],[2.201901,46.355097],[2.202232,46.35482],[2.202877,46.353256],[2.203086,46.352498],[2.205038,46.349659],[2.207705,46.348961],[2.208698,46.348601],[2.208977,46.348372],[2.209395,46.348252],[2.209413,46.347939],[2.210127,46.348071],[2.210232,46.348685],[2.210598,46.34925],[2.21126,46.349334],[2.2118,46.349635],[2.212358,46.349924],[2.212718,46.349937],[2.213523,46.349683],[2.213352,46.349407],[2.212567,46.348949],[2.212986,46.348564],[2.213264,46.348528],[2.213334,46.3483],[2.213735,46.347867],[2.213857,46.347446],[2.213735,46.347385],[2.213508,46.346844],[2.213177,46.346519],[2.212951,46.346844],[2.21201,46.34694],[2.211626,46.345653],[2.211731,46.345172],[2.212166,46.344835],[2.213055,46.344474],[2.214345,46.344077],[2.21492,46.34368],[2.21567,46.343078],[2.216088,46.342585],[2.218005,46.340924],[2.217901,46.34078],[2.217848,46.34013],[2.217517,46.339673],[2.216524,46.338795],[2.215809,46.338265],[2.215094,46.336448],[2.217796,46.336135],[2.217343,46.335654],[2.217116,46.335173],[2.216733,46.334102],[2.217186,46.333548],[2.216663,46.3322],[2.216646,46.331141],[2.216454,46.330251],[2.216402,46.329757],[2.216245,46.329059],[2.218179,46.327699],[2.218737,46.327543],[2.219173,46.327627],[2.220114,46.328481],[2.220741,46.328012],[2.221578,46.327747],[2.222118,46.327723],[2.223757,46.327976],[2.224489,46.32788],[2.225813,46.327422],[2.226563,46.327278],[2.228044,46.327302],[2.228968,46.326977],[2.229787,46.326845],[2.230415,46.325773],[2.230293,46.325184],[2.230606,46.32475],[2.230275,46.32398],[2.230676,46.323053],[2.230972,46.322163],[2.231181,46.322006],[2.231722,46.321814],[2.23207,46.321501],[2.232924,46.321525],[2.234092,46.321862],[2.234476,46.321789],[2.234946,46.321176],[2.236619,46.320357],[2.23763,46.319755],[2.238153,46.319045],[2.239094,46.317889],[2.239286,46.316301],[2.240698,46.314687],[2.240645,46.314049],[2.241081,46.314194],[2.241656,46.314134],[2.242632,46.314398],[2.243103,46.314447],[2.243643,46.314796],[2.244062,46.314784],[2.244358,46.314495],[2.24495,46.314483],[2.245299,46.314627],[2.245613,46.315049],[2.246519,46.315362],[2.247338,46.315759],[2.248907,46.31748],[2.249621,46.317962],[2.250284,46.318142],[2.252166,46.318443],[2.252079,46.318708],[2.252358,46.319334],[2.251992,46.32014],[2.25295,46.32049],[2.253508,46.320393],[2.253996,46.31937],[2.253717,46.316926],[2.253891,46.316457],[2.254536,46.315506],[2.254571,46.315012],[2.254345,46.314158],[2.254798,46.312123],[2.256262,46.314134],[2.257064,46.314796],[2.257656,46.315061],[2.258458,46.315121],[2.259974,46.315759],[2.260968,46.316024],[2.263338,46.316337],[2.264366,46.316156],[2.264994,46.315879],[2.266092,46.315867],[2.26651,46.316108],[2.267085,46.316325],[2.267939,46.316842],[2.268968,46.316589],[2.269752,46.316722],[2.270362,46.316409],[2.271111,46.316553],[2.271582,46.316493],[2.27214,46.316288],[2.273987,46.315085],[2.274667,46.314001],[2.275207,46.313399],[2.276602,46.312436],[2.277386,46.312256],[2.278501,46.311389],[2.278494,46.311348],[2.278081,46.310909],[2.27792,46.310566],[2.277764,46.309849],[2.277823,46.308914],[2.277968,46.308605],[2.27844,46.308315],[2.279191,46.30777],[2.280334,46.306141],[2.280682,46.306053],[2.280806,46.305901],[2.280623,46.305389],[2.281299,46.305222],[2.281702,46.305229],[2.281927,46.304844],[2.282318,46.304569],[2.282549,46.304165],[2.282603,46.303909],[2.283311,46.301975],[2.283751,46.301292],[2.284158,46.300591],[2.285011,46.299942],[2.28545,46.299451],[2.285905,46.298698],[2.28654,46.297856],[2.287184,46.297207],[2.288032,46.29615],[2.288112,46.295883],[2.288117,46.29526],[2.28771,46.294833],[2.287206,46.29453],[2.287179,46.294216],[2.287517,46.293861],[2.287822,46.293205],[2.288359,46.293381],[2.291906,46.294283],[2.292833,46.29444],[2.29402,46.294743],[2.295241,46.294788],[2.296346,46.294709],[2.29757,46.294785],[2.297934,46.294868],[2.298573,46.294872],[2.298911,46.294941],[2.298991,46.295265],[2.299436,46.295609],[2.300509,46.295986],[2.301727,46.296074],[2.303438,46.29575],[2.304168,46.295689],[2.305552,46.295986],[2.307386,46.295982],[2.307601,46.295696],[2.3081,46.294815],[2.308416,46.294189],[2.308937,46.293468],[2.309242,46.292931],[2.31001,46.292351],[2.310331,46.292011],[2.308041,46.289616],[2.305718,46.286671],[2.304849,46.285553],[2.306314,46.284885],[2.306672,46.284675],[2.305793,46.283569],[2.304688,46.283472],[2.303486,46.282799],[2.304151,46.281629],[2.303517,46.281236],[2.302993,46.280731],[2.30081,46.279984],[2.300134,46.279552],[2.299034,46.278152],[2.298658,46.277954],[2.298267,46.277924],[2.297248,46.277897],[2.293927,46.274048],[2.29876,46.272957],[2.298167,46.269917],[2.300411,46.269198],[2.300091,46.265705],[2.300026,46.264378],[2.299168,46.262764],[2.29846,46.261292],[2.298562,46.260963],[2.29839,46.260433],[2.29854,46.260185],[2.298535,46.259949],[2.298931,46.259731],[2.301387,46.260114],[2.30266,46.260563],[2.303873,46.259174],[2.304119,46.258765],[2.304916,46.258573],[2.308052,46.257362],[2.310299,46.25354],[2.307268,46.249233],[2.310321,46.247452],[2.310632,46.24725],[2.312171,46.24593],[2.313153,46.245003],[2.317069,46.243229],[2.318158,46.242748],[2.319826,46.242157],[2.321162,46.241936],[2.322348,46.241661],[2.323281,46.242126],[2.323694,46.242031],[2.324043,46.241833],[2.324864,46.241161],[2.326596,46.241562],[2.327369,46.241497],[2.329413,46.242069],[2.332317,46.241784],[2.331864,46.240942],[2.331451,46.240695],[2.331487,46.240412],[2.331357,46.240153],[2.331406,46.23967],[2.331748,46.239479],[2.332268,46.239816],[2.336008,46.241211],[2.337701,46.240593],[2.338377,46.240452],[2.339551,46.240566],[2.343371,46.241318],[2.343253,46.241779],[2.345248,46.241505],[2.347748,46.241154],[2.349653,46.240875],[2.349921,46.241058],[2.350602,46.241806],[2.351058,46.242092],[2.350468,46.242748],[2.353397,46.242741],[2.354164,46.242805],[2.357742,46.243378],[2.358145,46.243355],[2.35985,46.243523],[2.361165,46.243881],[2.362205,46.244022],[2.364094,46.244148],[2.364866,46.244289],[2.365842,46.244354],[2.366003,46.24424],[2.365966,46.243484],[2.365832,46.243095],[2.365665,46.241928],[2.365816,46.241718],[2.366685,46.241505],[2.367157,46.241486],[2.367833,46.241638],[2.368987,46.241424],[2.370679,46.241683],[2.373069,46.240918],[2.373378,46.241166],[2.373817,46.241289],[2.374828,46.241375],[2.375595,46.241211],[2.376534,46.241119],[2.378116,46.240803],[2.378749,46.240734],[2.380316,46.24025],[2.380643,46.240124],[2.381464,46.240341],[2.382059,46.240639],[2.382349,46.241138],[2.38259,46.241154],[2.383266,46.240746],[2.384237,46.240448],[2.384672,46.240482],[2.385927,46.240234],[2.385905,46.240604],[2.386302,46.241676],[2.386887,46.242237],[2.387118,46.242332],[2.387804,46.241573],[2.388014,46.241058],[2.388475,46.240173],[2.388818,46.240047],[2.390873,46.240402],[2.392938,46.240948],[2.394097,46.240978],[2.39547,46.24136],[2.397648,46.241753],[2.398866,46.241718],[2.400395,46.241917],[2.402267,46.241718],[2.402599,46.241184],[2.402803,46.240475],[2.402873,46.239792],[2.402455,46.238808],[2.402417,46.238457],[2.402626,46.238052],[2.403764,46.237167],[2.404324,46.236588],[2.404292,46.236217],[2.403755,46.235519],[2.404682,46.235609],[2.405823,46.234119],[2.406376,46.233963],[2.406971,46.233982],[2.408034,46.233757],[2.408876,46.233456],[2.409412,46.233196],[2.410372,46.232941],[2.411724,46.232685],[2.415561,46.231594],[2.417336,46.231228],[2.418183,46.230976],[2.419165,46.230026],[2.419884,46.229416],[2.4216,46.226513],[2.421665,46.226151],[2.421815,46.22543],[2.42218,46.22451],[2.422598,46.222469],[2.422598,46.222092],[2.421214,46.221909],[2.420211,46.221169],[2.41991,46.219604],[2.419857,46.219181],[2.419986,46.218918],[2.421123,46.217922],[2.42079,46.216785],[2.42013,46.21545],[2.422335,46.215115],[2.425575,46.213623],[2.427844,46.212418],[2.429432,46.211761],[2.430055,46.211418],[2.431085,46.210571],[2.430993,46.210251],[2.43065,46.209606],[2.43058,46.20927],[2.430457,46.208309],[2.430366,46.208],[2.430586,46.207375],[2.43102,46.20731],[2.431278,46.207554],[2.432147,46.207397],[2.433193,46.206875],[2.434915,46.206692],[2.436186,46.205551],[2.435194,46.20483],[2.434775,46.204185],[2.43403,46.202698],[2.433531,46.201771],[2.433418,46.20153],[2.433139,46.201061],[2.433091,46.200745],[2.433161,46.200382],[2.432753,46.199734],[2.431927,46.199039],[2.431498,46.19865],[2.43094,46.198292],[2.430242,46.197403],[2.429228,46.195587],[2.428172,46.19455],[2.427968,46.19437],[2.427898,46.194077],[2.428059,46.19379],[2.428032,46.193607],[2.428579,46.192867],[2.42852,46.192574],[2.428306,46.192528],[2.427769,46.19265],[2.427474,46.192566],[2.42726,46.190941],[2.427281,46.190582],[2.427072,46.190483],[2.426198,46.190491],[2.425672,46.190533],[2.424846,46.190639],[2.423043,46.190964],[2.422695,46.190605],[2.422748,46.190372],[2.423855,46.190035],[2.424961,46.189596],[2.424473,46.188504],[2.42753,46.1882],[2.428181,46.188042],[2.42888,46.187175],[2.427034,46.186291],[2.426428,46.185596],[2.424985,46.184956],[2.424343,46.184699],[2.425042,46.184271],[2.426083,46.184113],[2.42616,46.183262],[2.425978,46.183022],[2.425908,46.182648],[2.426434,46.181358],[2.42705,46.180775],[2.427351,46.180546],[2.427405,46.180153],[2.427238,46.179928],[2.426369,46.179325],[2.426037,46.178795],[2.426148,46.17693],[2.426652,46.175939],[2.426815,46.175252],[2.4255,46.173214],[2.425591,46.172928],[2.427721,46.171276],[2.427571,46.170849],[2.427313,46.170498],[2.42697,46.170277],[2.4269,46.169418],[2.426702,46.168465],[2.426326,46.167931],[2.426385,46.167423],[2.425967,46.16584],[2.425618,46.164772],[2.426873,46.163467],[2.427882,46.162079],[2.428316,46.161781],[2.428848,46.161671],[2.42991,46.161785],[2.430698,46.161812],[2.43094,46.161629],[2.430752,46.161106],[2.430661,46.160606],[2.430832,46.160179],[2.430832,46.159451],[2.431095,46.159149],[2.431573,46.158798],[2.432731,46.158142],[2.433348,46.157719],[2.433402,46.157257],[2.433155,46.157104],[2.431857,46.157192],[2.430189,46.157085],[2.429829,46.15699],[2.430902,46.156288],[2.431481,46.155338],[2.432206,46.154011],[2.43256,46.153439],[2.432957,46.152973],[2.434013,46.152176],[2.435709,46.151176],[2.436052,46.150864],[2.43661,46.149948],[2.437232,46.149574],[2.437441,46.149117],[2.437774,46.148804],[2.438418,46.14843],[2.438654,46.148079],[2.438848,46.147093],[2.437886,46.147004],[2.433799,46.146111],[2.432635,46.145771],[2.43241,46.145382],[2.432013,46.144966],[2.431787,46.144428],[2.431567,46.144276],[2.431492,46.143883],[2.431176,46.14336],[2.430999,46.142769],[2.430907,46.142124],[2.430747,46.141525],[2.430489,46.141064],[2.430194,46.140778],[2.429652,46.140438],[2.428928,46.139652],[2.428644,46.139523],[2.42786,46.139507],[2.42712,46.139221],[2.427008,46.138988],[2.426986,46.138596],[2.426868,46.138256],[2.426654,46.137844],[2.426637,46.137299],[2.426149,46.13702],[2.42505,46.136154],[2.425092,46.135834],[2.424996,46.135433],[2.425683,46.134518],[2.425715,46.133804],[2.425157,46.133293],[2.42476,46.132706],[2.423987,46.131916],[2.424932,46.131611],[2.425436,46.13139],[2.425253,46.130318],[2.425039,46.129227],[2.425071,46.128765],[2.425253,46.128349],[2.425339,46.127426],[2.425243,46.125568],[2.425597,46.125099],[2.426616,46.123486],[2.425779,46.122795],[2.426122,46.121269],[2.426198,46.119595],[2.425457,46.118622],[2.425275,46.117981],[2.425779,46.117661],[2.426487,46.117519],[2.428547,46.11755],[2.429245,46.118324],[2.432753,46.119774],[2.433187,46.119751],[2.434984,46.119343],[2.436631,46.119499],[2.438471,46.119915],[2.438788,46.12009],[2.439373,46.11982],[2.439684,46.119339],[2.439662,46.119141],[2.43926,46.118637],[2.439356,46.11842],[2.439786,46.118233],[2.440161,46.116474],[2.439979,46.116009],[2.439297,46.115437],[2.43911,46.115135],[2.438713,46.114044],[2.439035,46.113384],[2.439024,46.112576],[2.439201,46.112213],[2.439753,46.111713],[2.439791,46.111237],[2.439035,46.110352],[2.437873,46.109721],[2.437222,46.109563],[2.437307,46.108925],[2.43758,46.108729],[2.437369,46.106226],[2.436214,46.103779],[2.435451,46.103725],[2.434233,46.103474],[2.434169,46.103069],[2.433627,46.102928],[2.431782,46.103123],[2.431567,46.102833],[2.430972,46.102482],[2.430575,46.102055],[2.429931,46.101776],[2.428595,46.100674],[2.427844,46.100227],[2.427598,46.100025],[2.426342,46.099239],[2.425908,46.098877],[2.424814,46.098299],[2.425328,46.098427],[2.425806,46.098431],[2.426251,46.098316],[2.426627,46.098106],[2.426895,46.097755],[2.427152,46.097332],[2.427925,46.096531],[2.428397,46.09618],[2.429046,46.09594],[2.429379,46.095699],[2.42962,46.095417],[2.429298,46.095432],[2.429035,46.095337],[2.42896,46.094917],[2.428483,46.094597],[2.427785,46.093956],[2.426916,46.093403],[2.426439,46.093628],[2.426148,46.093608],[2.425725,46.093383],[2.425296,46.093315],[2.424545,46.09148],[2.4241,46.09153],[2.423944,46.091408],[2.423676,46.091362],[2.423006,46.090542],[2.423006,46.090542],[2.422061,46.089771],[2.421009,46.08877],[2.419578,46.086999],[2.418457,46.08617],[2.417963,46.085187],[2.418049,46.083342],[2.417936,46.0826],[2.417057,46.082104],[2.416618,46.080502],[2.416163,46.079171],[2.41696,46.079025],[2.41453,46.077344],[2.413886,46.076718],[2.413736,46.075825],[2.414101,46.074381],[2.413382,46.074354],[2.412878,46.074095],[2.41239,46.074016],[2.412163,46.073734],[2.412114,46.07291],[2.412244,46.0722],[2.411366,46.072076],[2.410488,46.071714],[2.40974,46.071771],[2.408813,46.071782],[2.407739,46.071557],[2.407821,46.07115],[2.407658,46.070349],[2.40826,46.069029],[2.407333,46.068668],[2.406617,46.068228],[2.406146,46.067766],[2.406064,46.066626],[2.405609,46.065475],[2.40478,46.064437],[2.404373,46.06367],[2.404373,46.063343],[2.403885,46.062891],[2.403788,46.062496],[2.403755,46.061695],[2.403219,46.059777],[2.402162,46.057712],[2.401918,46.056978],[2.401251,46.056279],[2.401267,46.055985],[2.401804,46.054902],[2.401836,46.053965],[2.401511,46.053514],[2.400535,46.053209],[2.399755,46.052555],[2.399381,46.052194],[2.398714,46.051957],[2.398389,46.0519],[2.398015,46.051742],[2.396942,46.051832],[2.39621,46.05199],[2.395478,46.052024],[2.394795,46.052453],[2.39377,46.052803],[2.392128,46.052408],[2.391217,46.05225],[2.391201,46.051799],[2.38868,46.051787],[2.387282,46.051708],[2.387493,46.0512],[2.388241,46.050805],[2.388843,46.050241],[2.389103,46.049756],[2.388729,46.049361],[2.388632,46.049033],[2.38868,46.04865],[2.388258,46.047532],[2.387835,46.047182],[2.387022,46.045726],[2.387038,46.045106],[2.386729,46.044586],[2.386713,46.044349],[2.386892,46.043367],[2.387331,46.043074],[2.3879,46.042306],[2.387965,46.042024],[2.388632,46.041618],[2.38868,46.04129],[2.389054,46.041381],[2.390095,46.041144],[2.390681,46.04076],[2.391087,46.040229],[2.391591,46.039563],[2.39299,46.038073],[2.393884,46.037531],[2.394681,46.037227],[2.394128,46.033998],[2.392892,46.032485],[2.391559,46.031921],[2.390746,46.031672],[2.389949,46.031288],[2.389494,46.031288],[2.389185,46.031537],[2.388567,46.031503],[2.38803,46.031266],[2.388355,46.030204],[2.388306,46.029663],[2.388534,46.029042],[2.388046,46.028612],[2.387965,46.028285],[2.387623,46.027935],[2.38764,46.027348],[2.387201,46.027054],[2.387217,46.026524],[2.387461,46.025519],[2.387477,46.024762],[2.387233,46.024491],[2.387206,46.023665],[2.387015,46.023011],[2.387032,46.022527],[2.386858,46.022176],[2.386875,46.021922],[2.386631,46.021849],[2.386335,46.021026],[2.386073,46.020821],[2.38569,46.020228],[2.385725,46.019368],[2.385341,46.018654],[2.385219,46.017952],[2.385097,46.017141],[2.384818,46.016669],[2.384923,46.016391],[2.384784,46.016016],[2.382936,46.016355],[2.381873,46.016706],[2.381542,46.016415],[2.381437,46.016088],[2.3825,46.015556],[2.382884,46.015277],[2.382187,46.015047],[2.38203,46.014696],[2.381699,46.01437],[2.381315,46.014164],[2.38027,46.014382],[2.378683,46.013462],[2.377533,46.012566],[2.377202,46.012711],[2.376418,46.012796],[2.37586,46.012941],[2.374936,46.013038],[2.373768,46.01328],[2.372775,46.013425],[2.371747,46.013099],[2.371346,46.01305],[2.370858,46.013074],[2.370178,46.012869],[2.369446,46.012808],[2.367686,46.012929],[2.367355,46.013014],[2.367006,46.012953],[2.366431,46.012978],[2.366082,46.012796],[2.365734,46.011658],[2.366117,46.011743],[2.366623,46.011646],[2.366832,46.011452],[2.366954,46.011126],[2.367302,46.010871],[2.367076,46.010436],[2.365873,46.009818],[2.365699,46.009358],[2.365368,46.009274],[2.365019,46.008777],[2.364479,46.008789],[2.36284,46.009116],[2.362126,46.008995],[2.35986,46.008475],[2.359163,46.008099],[2.358065,46.007857],[2.357507,46.007639],[2.356827,46.007228],[2.356183,46.007107],[2.355677,46.007143],[2.355259,46.006852],[2.355224,46.006574],[2.35498,46.006308],[2.354597,46.006223],[2.354283,46.005981],[2.354405,46.005678],[2.354788,46.005509],[2.356827,46.005654],[2.357071,46.005569],[2.357315,46.005109],[2.357106,46.004577],[2.356967,46.00379],[2.357298,46.003124],[2.357647,46.002857],[2.359424,46.002458],[2.359825,46.002228],[2.35993,46.001986],[2.359843,46.001659],[2.36047,46.000981],[2.361115,46.000037],[2.361952,45.999552],[2.362893,45.998644],[2.364915,45.997397],[2.364531,45.99707],[2.364357,45.996368],[2.363869,45.995726],[2.36352,45.995375],[2.362387,45.994988],[2.360923,45.995218],[2.359947,45.995278],[2.359773,45.995157],[2.359651,45.994515],[2.358222,45.994576],[2.357193,45.994927],[2.356897,45.995327],[2.354788,45.995835],[2.354614,45.99638],[2.352923,45.997821],[2.352069,45.998329],[2.350501,45.999032],[2.349943,45.999225],[2.349629,45.999552],[2.348305,45.999831],[2.347503,45.999819],[2.346719,45.99994],[2.346527,46.000533],[2.346021,46.000836],[2.345533,46.000957],[2.344645,46.001344],[2.344157,46.002216],[2.344174,46.002991],[2.343547,46.003281],[2.343111,46.00362],[2.342501,46.003681],[2.341629,46.004153],[2.341159,46.004165],[2.340322,46.003693],[2.340374,46.003196],[2.340688,46.002966],[2.340723,46.002591],[2.340584,46.002555],[2.340165,46.002736],[2.339799,46.002785],[2.339346,46.002978],[2.33905,46.002942],[2.339555,46.002409],[2.339486,46.002058],[2.339032,46.001949],[2.338004,46.00207],[2.337812,46.00201],[2.337673,46.001671],[2.336923,46.001417],[2.336313,46.002252],[2.336261,46.002736],[2.335895,46.003209],[2.335512,46.003378],[2.3341,46.003342],[2.333769,46.003233],[2.331032,46.001344],[2.33037,46.001054],[2.330998,45.999649],[2.331747,45.999649],[2.332008,45.999116],[2.331921,45.998693],[2.332406,45.998306],[2.333179,45.997803],[2.332536,45.99795],[2.330016,45.997741],[2.328625,45.997403],[2.327168,45.996858],[2.326047,45.996728],[2.325636,45.996495],[2.324982,45.996702],[2.324553,45.996949],[2.323562,45.997118],[2.321582,45.996936],[2.319285,45.99665],[2.318388,45.996002],[2.317865,45.995872],[2.317174,45.995859],[2.316539,45.99556],[2.315754,45.995405],[2.314951,45.995067],[2.313681,45.994185],[2.312691,45.993912],[2.312074,45.993575],[2.311551,45.993185],[2.31058,45.992822],[2.309665,45.99242],[2.308618,45.991758],[2.306807,45.990486],[2.306171,45.989941],[2.303668,45.987747],[2.302604,45.986813],[2.301763,45.986385],[2.300138,45.985684],[2.299577,45.985632],[2.299783,45.985281],[2.299858,45.984658],[2.299764,45.983983],[2.298662,45.983075],[2.298307,45.982672],[2.298232,45.982309],[2.296775,45.981907],[2.295412,45.981777],[2.293581,45.981517],[2.293525,45.981089],[2.293282,45.980621],[2.293282,45.979765],[2.292666,45.979051],[2.292423,45.977389],[2.291769,45.976844],[2.291134,45.976597],[2.290462,45.976454],[2.290032,45.976117],[2.290051,45.975195],[2.289005,45.973572],[2.288538,45.973157],[2.287697,45.972781],[2.286053,45.972703],[2.284764,45.972469],[2.284073,45.972028],[2.283587,45.971586],[2.283643,45.971365],[2.284036,45.970976],[2.284521,45.968899],[2.284858,45.968613],[2.285922,45.968496],[2.286688,45.968548],[2.287006,45.968405],[2.286987,45.967886],[2.287417,45.967315],[2.286371,45.966587],[2.285829,45.965899],[2.285455,45.965808],[2.28426,45.966237],[2.283195,45.966964],[2.282784,45.967367],[2.282448,45.967328],[2.281514,45.966704],[2.280916,45.966834],[2.280505,45.966678],[2.2803,45.966302],[2.280262,45.965847],[2.280001,45.965575],[2.279011,45.965367],[2.278469,45.965094],[2.275387,45.965782],[2.275387,45.964705],[2.275219,45.964276],[2.275443,45.963809],[2.27365,45.963069],[2.272566,45.962277],[2.272062,45.961757],[2.272286,45.961614],[2.272361,45.961108],[2.273052,45.960887],[2.273537,45.960615],[2.274322,45.960381],[2.274845,45.959887],[2.276358,45.95955],[2.277068,45.959004],[2.278151,45.95855],[2.278805,45.958134],[2.279422,45.957563],[2.279814,45.957667],[2.279945,45.957186],[2.280412,45.956368],[2.281701,45.955615],[2.282485,45.955316],[2.282018,45.954615],[2.281887,45.953953],[2.281551,45.953433],[2.281458,45.952992],[2.281476,45.952589],[2.281308,45.952043],[2.280486,45.951394],[2.279496,45.951043],[2.279403,45.950368],[2.278973,45.949797],[2.278656,45.949719],[2.278544,45.949667],[2.279011,45.949147],[2.278581,45.948459],[2.277703,45.948238],[2.27675,45.948342],[2.276657,45.948277],[2.277236,45.948004],[2.277255,45.947641],[2.277012,45.947277],[2.27647,45.946874],[2.276302,45.945614],[2.276919,45.945121],[2.276713,45.944211],[2.276769,45.943523],[2.277068,45.94312],[2.277554,45.9429],[2.278151,45.942679],[2.278282,45.942458],[2.278077,45.941536],[2.277759,45.941159],[2.277871,45.940925],[2.278413,45.940678],[2.27888,45.940535],[2.279029,45.94025],[2.278973,45.939873],[2.278712,45.939639],[2.278002,45.939366],[2.277255,45.93899],[2.277161,45.938548],[2.275574,45.937275],[2.276041,45.936768],[2.276489,45.936443],[2.276283,45.936067],[2.277012,45.935404],[2.277535,45.9343],[2.277554,45.934105],[2.277217,45.93365],[2.276526,45.933858],[2.275742,45.933897],[2.275742,45.933559],[2.276265,45.933169],[2.27718,45.932689],[2.275947,45.93187],[2.275742,45.931532],[2.275742,45.931364],[2.275032,45.931234],[2.274901,45.931039],[2.273855,45.930766],[2.273108,45.930389],[2.272697,45.93035],[2.271987,45.930441],[2.271501,45.930324],[2.270511,45.930415],[2.270119,45.930272],[2.268438,45.930064],[2.267821,45.929921],[2.267186,45.929714],[2.265655,45.929714],[2.265337,45.929649],[2.264608,45.92935],[2.263693,45.929506],[2.263805,45.929064],[2.263338,45.928479],[2.263245,45.928089],[2.263899,45.927284],[2.264011,45.926868],[2.263749,45.926322],[2.263749,45.925777],[2.264029,45.925075],[2.263936,45.923996],[2.265486,45.922606],[2.265897,45.920826],[2.267037,45.919708],[2.265711,45.919747],[2.26487,45.919435],[2.264216,45.91902],[2.263114,45.918799],[2.26175,45.918006],[2.261059,45.916148],[2.260349,45.915576],[2.260181,45.91529],[2.259229,45.91555],[2.257977,45.916615],[2.25779,45.917473],[2.257473,45.917577],[2.257305,45.917928],[2.256576,45.9185],[2.255082,45.919318],[2.254708,45.919721],[2.254204,45.920267],[2.253214,45.920787],[2.25228,45.921216],[2.251645,45.921631],[2.250711,45.922008],[2.250916,45.922476],[2.24944,45.923204],[2.249011,45.923905],[2.24845,45.924321],[2.248338,45.924971],[2.247759,45.925218],[2.247385,45.925647],[2.246862,45.925829],[2.246171,45.925894],[2.245517,45.926348],[2.24378,45.926348],[2.243295,45.926075],[2.24294,45.926231],[2.242865,45.926478],[2.242267,45.926855],[2.242043,45.927648],[2.242024,45.928336],[2.241314,45.929194],[2.241053,45.92948],[2.240511,45.929766],[2.239577,45.929934],[2.238382,45.930428],[2.238102,45.930428],[2.237709,45.930779],[2.237224,45.931039],[2.236588,45.931584],[2.235318,45.931974],[2.234403,45.932182],[2.233282,45.932065],[2.232796,45.931987]]],"type":"MultiLineString"},"properties":{"geo_point":{"lon":2.310480951502134,"lat":46.18822216468996},"name":"GR46 De Pérassay (Indre) à Saint-Pardoux-le-Neuf (Creuse) (2019)","code_gr":"GR46"}},{"type":"Feature","geometry":{"coordinates":[[[0.682306,47.370003],[0.683145,47.369986],[0.684667,47.370129],[0.686811,47.370259],[0.694672,47.369244],[0.696258,47.369255],[0.699186,47.369586],[0.701417,47.369704],[0.70607,47.36968],[0.707691,47.369822],[0.709347,47.370259],[0.713512,47.371911],[0.714663,47.372136],[0.716162,47.372171],[0.717939,47.372112],[0.718166,47.371888],[0.719072,47.371982],[0.721286,47.371899],[0.721913,47.37164],[0.722366,47.371073],[0.72383,47.370094],[0.728641,47.370648],[0.735386,47.369161],[0.7357,47.368512],[0.737477,47.368535],[0.737607,47.368083],[0.738228,47.367545],[0.738234,47.366931],[0.739515,47.367048],[0.740649,47.367182],[0.742251,47.367148],[0.743533,47.367182],[0.744987,47.366698],[0.746146,47.366648],[0.748438,47.36628],[0.749939,47.36621],[0.749765,47.365159],[0.749503,47.36425],[0.751804,47.36281],[0.751246,47.361972],[0.751421,47.361134],[0.749991,47.360815],[0.749974,47.360343],[0.749817,47.359988],[0.749991,47.359044],[0.749904,47.358288],[0.749329,47.357403],[0.748005,47.355998],[0.748475,47.355502],[0.749225,47.355596],[0.749974,47.355596],[0.750532,47.355029],[0.751177,47.354604],[0.751839,47.353943],[0.752362,47.353152],[0.752379,47.352148],[0.753861,47.350708],[0.754558,47.349562],[0.754906,47.349468],[0.755429,47.349066],[0.759316,47.348074],[0.759769,47.34785],[0.760222,47.348086],[0.762017,47.348641],[0.762331,47.347378],[0.762941,47.345512],[0.762994,47.345063],[0.763168,47.344732],[0.763255,47.344307],[0.763656,47.343752],[0.762558,47.343327],[0.76261,47.342748],[0.762906,47.342737],[0.763046,47.342252],[0.76242,47.342044],[0.762452,47.34141],[0.762672,47.340689],[0.763428,47.339377],[0.764087,47.338088],[0.764932,47.336787],[0.76551,47.335426],[0.765762,47.335079],[0.7659,47.334126],[0.766567,47.332205],[0.766455,47.331091],[0.764194,47.326204],[0.763914,47.325482],[0.76341,47.325089],[0.763111,47.325127],[0.762326,47.324747],[0.760869,47.323291],[0.759207,47.322126],[0.756536,47.319733],[0.756069,47.319188],[0.753472,47.315529],[0.752463,47.314883],[0.749661,47.311615],[0.750734,47.311329],[0.752908,47.310534],[0.755397,47.309908],[0.755568,47.308453],[0.754796,47.306358],[0.754453,47.306198],[0.75383,47.305165],[0.753208,47.304088],[0.752157,47.302662],[0.751384,47.301265],[0.753444,47.300072],[0.754109,47.299388],[0.754496,47.298238],[0.754217,47.297278],[0.755525,47.295881],[0.756899,47.295401],[0.758379,47.294251],[0.759302,47.293159],[0.759688,47.29332],[0.760589,47.292519],[0.762735,47.291835],[0.764151,47.294411],[0.765739,47.294804],[0.766855,47.29527],[0.76737,47.294935],[0.768529,47.294658],[0.769108,47.294673],[0.769237,47.294193],[0.770417,47.293931],[0.770954,47.294004],[0.771833,47.293625],[0.7734,47.292839],[0.774623,47.292184],[0.776297,47.291879],[0.778528,47.291355],[0.780073,47.291166],[0.780996,47.290962],[0.782369,47.287512],[0.782047,47.285707],[0.782455,47.284747],[0.782498,47.284427],[0.78297,47.284339],[0.783099,47.284601],[0.783442,47.284659],[0.784686,47.28431],[0.785416,47.284368],[0.785588,47.283888],[0.785588,47.283888],[0.785974,47.283742],[0.786382,47.283451],[0.787862,47.282985],[0.788227,47.282622],[0.788699,47.28233],[0.7896,47.282039],[0.787948,47.279477],[0.788034,47.279142],[0.792497,47.277061],[0.793613,47.276828],[0.793892,47.276595],[0.793527,47.276144],[0.79342,47.275474],[0.791016,47.26997],[0.791317,47.26965],[0.792454,47.269315],[0.792905,47.26815],[0.793527,47.267306],[0.794364,47.266607],[0.794299,47.265908],[0.793913,47.265413],[0.793849,47.264831],[0.793248,47.263768],[0.794063,47.263287],[0.794278,47.262472],[0.7949,47.262107],[0.795973,47.261074],[0.796746,47.260083],[0.797239,47.259093],[0.797733,47.257171],[0.798355,47.256108],[0.799063,47.253996],[0.799857,47.253573],[0.801187,47.253282],[0.804014,47.256313],[0.804014,47.256313],[0.80646,47.25742],[0.807833,47.257813],[0.808563,47.258221],[0.81058,47.258993],[0.811288,47.259197],[0.811052,47.259619],[0.811932,47.261046],[0.812511,47.26259],[0.813927,47.265138],[0.813777,47.26556],[0.813863,47.266099],[0.815,47.265866],[0.815837,47.265851],[0.817468,47.265589],[0.818584,47.265735],[0.819335,47.265968],[0.8203,47.266012],[0.821287,47.266492],[0.823347,47.266507],[0.830299,47.267977],[0.832595,47.267817],[0.83414,47.267293],[0.834355,47.267671],[0.834806,47.26805],[0.834055,47.268196],[0.834012,47.268472],[0.834569,47.26837],[0.835449,47.268516],[0.834355,47.270496],[0.834999,47.270613],[0.834784,47.271544],[0.834355,47.272083],[0.838561,47.272374],[0.839483,47.272695],[0.841522,47.272549],[0.842809,47.272491],[0.844912,47.272025],[0.845384,47.271705],[0.846221,47.271675],[0.847165,47.271894],[0.848646,47.271675],[0.848839,47.272753],[0.849332,47.272593],[0.851178,47.27268],[0.852744,47.27201],[0.853753,47.271486],[0.854482,47.270889],[0.854482,47.270889],[0.856134,47.270118],[0.857293,47.269957],[0.857808,47.269681],[0.857658,47.268574],[0.857894,47.26805],[0.857873,47.267511],[0.859847,47.26655],[0.860662,47.265939],[0.86137,47.265516],[0.862851,47.265123],[0.865039,47.263259],[0.865404,47.262022],[0.866563,47.261017],[0.866735,47.259896],[0.867185,47.259663],[0.867464,47.259182],[0.867486,47.258876],[0.868086,47.257726],[0.868108,47.256997],[0.868601,47.255585],[0.869374,47.254492],[0.871348,47.253196],[0.871563,47.252803],[0.873429,47.251827],[0.873494,47.251536],[0.87476,47.250371],[0.876219,47.250123],[0.876004,47.249278],[0.875918,47.248069],[0.877463,47.247341],[0.877463,47.246219],[0.873086,47.2415],[0.872657,47.241339],[0.883321,47.235672],[0.883793,47.234885],[0.885467,47.232918],[0.887205,47.232889],[0.887699,47.232933],[0.888664,47.232773],[0.889072,47.232612],[0.890424,47.232904],[0.890832,47.232831],[0.89111,47.232598],[0.89111,47.231928],[0.896711,47.229509],[0.898277,47.231257],[0.900487,47.23133],[0.903449,47.230281],[0.902633,47.229319],[0.90332,47.229013],[0.902805,47.228285],[0.902977,47.227644],[0.903599,47.226901],[0.903792,47.226201],[0.903706,47.225691],[0.906367,47.223957],[0.909822,47.225749],[0.91113,47.226973],[0.913577,47.227964],[0.914413,47.227993],[0.915315,47.227717],[0.916667,47.232438],[0.918126,47.23251],[0.918748,47.233428],[0.91952,47.23541],[0.920829,47.235526],[0.921409,47.236357],[0.922632,47.236517],[0.924649,47.237275],[0.926323,47.237377],[0.928254,47.23844],[0.930593,47.238163],[0.932931,47.236488],[0.935421,47.233224],[0.934262,47.232204],[0.93424,47.231913],[0.934948,47.231287],[0.935013,47.230675],[0.93467,47.229655],[0.932953,47.228591],[0.932781,47.228052],[0.932245,47.227746],[0.932824,47.227221],[0.933618,47.225808],[0.936086,47.224074],[0.937974,47.222908],[0.939111,47.222573],[0.940849,47.223126],[0.941343,47.223141],[0.941429,47.222864],[0.941064,47.222077],[0.940656,47.221756],[0.94057,47.221013],[0.943317,47.218521],[0.94484,47.217472],[0.947287,47.215067],[0.948445,47.21428],[0.949454,47.213405],[0.950205,47.212954],[0.950548,47.212531],[0.947973,47.210286],[0.948123,47.210082],[0.950527,47.209149],[0.95632,47.208231],[0.956041,47.20721],[0.956535,47.206525],[0.956127,47.206117],[0.956385,47.205621],[0.957994,47.204222],[0.958981,47.202793],[0.959067,47.2024],[0.960762,47.200067],[0.961427,47.199863],[0.961771,47.199251],[0.964002,47.19683],[0.964839,47.196233],[0.967199,47.193214],[0.968573,47.192165],[0.969259,47.1918],[0.969796,47.19094],[0.970203,47.190706],[0.970783,47.190925],[0.972178,47.189613],[0.972328,47.189234],[0.978679,47.191231],[0.984001,47.194395],[0.985825,47.193375],[0.986597,47.191742],[0.987498,47.190269],[0.988507,47.190298],[0.989365,47.190211],[0.997197,47.185136],[0.99827,47.184596],[1.002605,47.184421],[1.016209,47.177815],[1.015157,47.173497],[1.014235,47.172068],[1.010158,47.172359],[1.004107,47.170492],[0.999579,47.168071],[0.998377,47.167604],[0.997583,47.167458],[0.994579,47.166378],[0.994579,47.166276],[0.993185,47.165649],[0.993721,47.165138],[0.994064,47.164394],[0.994579,47.163869],[0.995674,47.163344],[0.996081,47.163067],[0.99694,47.163038],[0.996961,47.162658],[0.997262,47.162075],[1.000909,47.162644],[1.002068,47.162396],[1.004343,47.162191],[1.005029,47.161987],[1.010479,47.161637],[1.011767,47.160557],[1.016423,47.159769],[1.018719,47.159623],[1.017968,47.159434],[1.017925,47.156968],[1.017131,47.155713],[1.016681,47.155348],[1.016852,47.154225],[1.01741,47.153335],[1.017196,47.153043],[1.015286,47.151715],[1.015114,47.151204],[1.015586,47.150314],[1.014492,47.149905],[1.013634,47.14957],[1.012411,47.149336],[1.010201,47.148373],[1.008935,47.148023],[1.00887,47.147702],[1.009256,47.147235],[1.009213,47.146228],[1.008076,47.145192],[1.007325,47.144185],[1.00945,47.144345],[1.010587,47.144623],[1.012282,47.144462],[1.013097,47.14455],[1.015372,47.145527],[1.016552,47.145863],[1.019063,47.14614],[1.020371,47.146374],[1.019685,47.143528],[1.019084,47.143148],[1.018054,47.142156],[1.018054,47.141047],[1.018612,47.140273],[1.018054,47.140127],[1.016552,47.139967],[1.016166,47.139704],[1.016316,47.139135],[1.015672,47.138288],[1.015458,47.1375],[1.014771,47.136639],[1.014792,47.135632],[1.014492,47.135456],[1.014986,47.134829],[1.015372,47.132756],[1.015887,47.132041],[1.015715,47.131413],[1.016316,47.131048],[1.015136,47.130887],[1.013956,47.130464],[1.014235,47.129851],[1.014642,47.129471],[1.014642,47.129019],[1.013054,47.129165],[1.013398,47.128698],[1.013505,47.128128],[1.012883,47.127734],[1.012046,47.127617],[1.011853,47.128347],[1.010801,47.128318],[1.010973,47.127398],[1.011552,47.127486],[1.011552,47.127209],[1.010222,47.126902],[1.009063,47.127428],[1.008119,47.127252],[1.007154,47.127252],[1.007111,47.127515],[1.003999,47.127296],[1.003549,47.127063],[1.002948,47.127063],[1.00224,47.12661],[1.001725,47.126727],[1.000588,47.126625],[1.00121,47.125165],[1.001575,47.124741],[1.001575,47.124741],[1.001925,47.124547],[1.002654,47.123306],[1.002397,47.122941],[1.00156,47.122517],[1.001066,47.122503],[1.000873,47.123043],[1.000465,47.122824],[1.000337,47.12259],[0.999972,47.122678],[1.000294,47.123379],[0.999757,47.124124],[0.999157,47.124109],[0.998255,47.123919],[0.998341,47.123145],[0.998041,47.122021],[0.997075,47.121744],[0.996324,47.121087],[0.994608,47.120123],[0.9942,47.117714],[0.993899,47.117057],[0.993749,47.116195],[0.993857,47.115903],[0.993706,47.114341],[0.995423,47.113479],[0.996603,47.11345],[0.996968,47.112428],[0.997354,47.112282],[0.997097,47.111916],[0.997912,47.11104],[0.998513,47.11104],[0.998019,47.110602],[0.998062,47.110149],[0.997869,47.109814],[0.997826,47.109448],[0.996174,47.10828],[0.994414,47.105198],[0.992548,47.104132],[0.992548,47.104132],[0.993921,47.101065],[0.993578,47.100817],[0.993041,47.099648],[0.992912,47.098932],[0.994693,47.099035],[0.995552,47.099181],[0.996796,47.09715],[0.997204,47.097033],[0.998835,47.097282],[0.998835,47.097282],[0.999757,47.096347],[1.000873,47.09696],[1.001989,47.097311],[1.005143,47.097778],[1.006409,47.097778],[1.0104,47.098392],[1.013104,47.099736],[1.014499,47.100861],[1.017267,47.102394],[1.019177,47.103665],[1.019713,47.104468],[1.020807,47.103314],[1.022653,47.102701],[1.02364,47.101883],[1.02452,47.100539],[1.024434,47.099707],[1.024815,47.099372],[1.025421,47.099166],[1.026773,47.09902],[1.029004,47.098523],[1.03027,47.098114],[1.032373,47.097778],[1.037308,47.098713],[1.038467,47.100057],[1.040184,47.100934],[1.040677,47.100992],[1.042201,47.101605],[1.045076,47.103154],[1.045076,47.103154],[1.046063,47.1033],[1.047329,47.104074],[1.048166,47.104527],[1.050076,47.104746],[1.051921,47.103694],[1.053423,47.10124],[1.054346,47.098728],[1.057092,47.096522],[1.054496,47.094945],[1.056663,47.093791],[1.059281,47.089948],[1.060268,47.088853],[1.061062,47.088137],[1.061727,47.087669],[1.063229,47.084616],[1.063723,47.084075],[1.063637,47.08371],[1.066276,47.083593],[1.068701,47.082789],[1.069581,47.082862],[1.070031,47.082424],[1.068336,47.081956],[1.068014,47.08165],[1.067864,47.080641],[1.065804,47.079487],[1.065761,47.079224],[1.06516,47.078903],[1.070696,47.077061],[1.070696,47.077061],[1.06825,47.073671],[1.068443,47.072999],[1.067456,47.070529],[1.067542,47.069842],[1.067306,47.069111],[1.066662,47.068468],[1.066491,47.06822],[1.064839,47.067167],[1.062736,47.064639],[1.063336,47.064449],[1.064238,47.063616],[1.063336,47.063323],[1.062435,47.062666],[1.062435,47.060239],[1.062757,47.059421],[1.062478,47.05847],[1.0625,47.057783],[1.060633,47.057973],[1.057715,47.048383],[1.052157,47.050064],[1.051385,47.050547],[1.049303,47.053588],[1.048316,47.054275],[1.047372,47.054757],[1.04705,47.05521],[1.045269,47.055941],[1.04469,47.056424],[1.04381,47.056906],[1.041729,47.055751],[1.041535,47.055093],[1.040269,47.053895],[1.041514,47.05252],[1.03969,47.050284],[1.039304,47.050313],[1.039368,47.049538],[1.039948,47.047783],[1.041192,47.046117],[1.04514,47.046892],[1.04557,47.046862],[1.046256,47.046146],[1.047436,47.046102],[1.048316,47.045795],[1.053144,47.045181],[1.053487,47.044713],[1.053788,47.041979],[1.053595,47.041481],[1.054539,47.041277],[1.055612,47.040721],[1.054539,47.037226],[1.061877,47.036495],[1.062736,47.036159],[1.064216,47.034842],[1.064989,47.034594],[1.075439,47.032298],[1.074001,47.031435],[1.074752,47.028904],[1.073786,47.0275],[1.076962,47.024458],[1.07767,47.024721],[1.080975,47.024853],[1.081554,47.025101],[1.081983,47.026359],[1.083614,47.027281],[1.083936,47.026988],[1.085245,47.026462],[1.08591,47.025043],[1.087455,47.025058],[1.089837,47.023726],[1.091124,47.023375],[1.093978,47.023024],[1.097046,47.022088],[1.098656,47.020933],[1.100544,47.02023],[1.103827,47.019777],[1.104385,47.019382],[1.107303,47.020464],[1.108762,47.019221],[1.110608,47.017027],[1.107368,47.014145],[1.106423,47.013676],[1.105866,47.013676],[1.103634,47.01293],[1.103548,47.012608],[1.102776,47.01236],[1.10181,47.01236],[1.100823,47.012257],[1.097068,47.011057],[1.096853,47.010897],[1.095845,47.010648],[1.093957,47.010326],[1.092927,47.010341],[1.091832,47.010443],[1.090867,47.010238],[1.091253,47.009068],[1.092519,47.008438],[1.09327,47.007926],[1.09357,47.00737],[1.094557,47.006785],[1.094944,47.00617],[1.096102,47.00639],[1.098613,47.005863],[1.100115,47.002029],[1.101789,47.000903],[1.103999,47.000405],[1.105758,46.999585],[1.106745,46.99881],[1.108312,46.999995],[1.109106,46.999249],[1.110651,46.9996],[1.111423,46.999615],[1.112432,47.000112],[1.11314,46.99922],[1.115715,46.998122],[1.116573,46.997434],[1.115929,46.996161],[1.116101,46.995122],[1.115607,46.994449],[1.114256,46.993249],[1.115436,46.993044],[1.11726,46.993644],[1.118719,46.994302],[1.120307,46.994566],[1.125177,46.996424],[1.125864,46.996337],[1.126658,46.996746],[1.129598,46.997317],[1.131078,46.99742],[1.130778,46.998254],[1.132022,46.998883],[1.133846,46.999073],[1.134984,46.999512],[1.136829,46.999659],[1.136057,46.998239],[1.136014,46.997581],[1.1367,46.996117],[1.136893,46.993761],[1.136743,46.99319],[1.136958,46.992634],[1.13861,46.991112],[1.141013,46.989853],[1.141914,46.989619],[1.143374,46.988843],[1.144382,46.987233],[1.144682,46.986355],[1.145627,46.985345],[1.146378,46.985183],[1.149382,46.98309],[1.150476,46.982153],[1.151249,46.9817],[1.152236,46.980924],[1.15406,46.980265],[1.155047,46.980367],[1.154853,46.981246],[1.155154,46.983281],[1.155068,46.984437],[1.155604,46.984964],[1.161656,46.987877],[1.162278,46.988331],[1.162728,46.98896],[1.169724,46.98874],[1.171698,46.988858],[1.17305,46.989824],[1.174444,46.989502],[1.174702,46.988726],[1.17571,46.988009],[1.175946,46.987482],[1.177513,46.987701],[1.178564,46.988579],[1.185366,46.992048],[1.186053,46.991199],[1.187233,46.988682],[1.188563,46.989209],[1.19028,46.989209],[1.191449,46.987452],[1.192265,46.98754],[1.193574,46.987408],[1.194883,46.98694],[1.196277,46.987306],[1.197222,46.985667],[1.197629,46.985593],[1.198573,46.986003],[1.199239,46.986603],[1.19956,46.986633],[1.2022,46.985242],[1.201685,46.98451],[1.195505,46.982402],[1.196406,46.981963],[1.198209,46.981538],[1.19896,46.98148],[1.204217,46.98047],[1.207178,46.978801],[1.207178,46.978801],[1.208315,46.978288],[1.209002,46.9776],[1.211148,46.976107],[1.211984,46.975726],[1.216684,46.974614],[1.218744,46.973969],[1.220031,46.975214],[1.221125,46.97536],[1.221941,46.975155],[1.222842,46.974467],[1.224323,46.974174],[1.224559,46.973852],[1.224923,46.973706],[1.225159,46.97334],[1.224516,46.971012],[1.226168,46.970265],[1.226898,46.97006],[1.229022,46.968376],[1.230417,46.967644],[1.230438,46.967278],[1.229966,46.966971],[1.228121,46.966443],[1.22664,46.966121],[1.225589,46.96555],[1.224172,46.965052],[1.223786,46.964701],[1.222198,46.963734],[1.222949,46.963559],[1.224237,46.962577],[1.224709,46.963149],[1.225996,46.96391],[1.225996,46.963881],[1.227391,46.963603],[1.229236,46.962665],[1.231876,46.962138],[1.233034,46.962153],[1.234644,46.962431],[1.238549,46.962123],[1.239772,46.962285],[1.239772,46.962285],[1.241832,46.961743],[1.241618,46.96142],[1.240974,46.960923],[1.239944,46.96019],[1.239944,46.959853],[1.240566,46.959282],[1.241274,46.959209],[1.240759,46.958081],[1.240609,46.957217],[1.24151,46.957188],[1.247046,46.955841],[1.249621,46.955841],[1.250737,46.955665],[1.251617,46.956177],[1.251917,46.9565],[1.252604,46.956807],[1.25299,46.957144],[1.253805,46.957598],[1.254127,46.957964],[1.2549,46.959399],[1.255973,46.959531],[1.258333,46.959151],[1.261595,46.959063],[1.26374,46.958579],[1.264856,46.958345],[1.266744,46.957554],[1.267367,46.957115],[1.268161,46.956705],[1.269126,46.955987],[1.270135,46.95543],[1.270843,46.954478],[1.272109,46.954068],[1.272409,46.953629],[1.272903,46.953439],[1.273997,46.952252],[1.275285,46.951183],[1.276508,46.950538],[1.278503,46.949791],[1.280477,46.948707],[1.281422,46.948532],[1.284469,46.947155],[1.285971,46.946847],[1.288159,46.946847],[1.289661,46.94673],[1.290198,46.946422],[1.289983,46.946788],[1.290155,46.947814],[1.290176,46.948678],[1.290756,46.949],[1.291163,46.948854],[1.291936,46.950011],[1.292,46.9507],[1.292515,46.95152],[1.292343,46.953526],[1.293652,46.953629],[1.293931,46.953439],[1.29406,46.953146],[1.294575,46.952662],[1.296549,46.951988],[1.298137,46.952194],[1.300004,46.951505],[1.301484,46.951476],[1.302429,46.951329],[1.302493,46.951476],[1.304381,46.950802],[1.309381,46.948283],[1.30981,46.947711],[1.309295,46.947081],[1.308265,46.946012],[1.308351,46.94547],[1.31011,46.944972],[1.310765,46.944503],[1.310765,46.944298],[1.313361,46.943903],[1.314713,46.944049],[1.315164,46.943888],[1.313812,46.943507],[1.313511,46.943126],[1.31261,46.942599],[1.313104,46.939478],[1.312675,46.938907],[1.312868,46.938614],[1.313662,46.938394],[1.314799,46.938336],[1.32424,46.932592],[1.324798,46.934218],[1.325764,46.935742],[1.326472,46.935625],[1.328897,46.935537],[1.330227,46.935742],[1.332029,46.935815],[1.332802,46.934468],[1.332759,46.9335],[1.333939,46.933603],[1.334776,46.932431],[1.335785,46.931889],[1.336729,46.93164],[1.337501,46.931654],[1.337566,46.932065],[1.341621,46.93164],[1.342715,46.931654],[1.344174,46.93142],[1.346256,46.93101],[1.345204,46.929427],[1.344518,46.929119],[1.343423,46.928987],[1.341256,46.928387],[1.340441,46.928152],[1.340613,46.926643],[1.340162,46.925382],[1.339497,46.924401],[1.338338,46.925324],[1.338402,46.924122],[1.339325,46.922701],[1.339754,46.921103],[1.339754,46.921103],[1.340334,46.920341],[1.341428,46.919608],[1.347694,46.917219],[1.348251,46.917131],[1.352865,46.914786],[1.358315,46.911561],[1.359517,46.910491],[1.359774,46.908908],[1.360911,46.907252],[1.361748,46.906416],[1.364001,46.903044],[1.363916,46.90278],[1.364903,46.902678],[1.365418,46.902839],[1.366297,46.902942],[1.366662,46.902517],[1.366769,46.901989],[1.367413,46.901182],[1.367778,46.901006],[1.372134,46.897766],[1.373207,46.897224],[1.373958,46.896432],[1.374644,46.895376],[1.375546,46.894335],[1.37664,46.893235],[1.376983,46.89171],[1.378936,46.890127],[1.379279,46.889511],[1.379,46.888983],[1.379172,46.888015],[1.379601,46.887678],[1.37915,46.887194],[1.380824,46.887267],[1.384365,46.887311],[1.385094,46.885962],[1.386274,46.884715],[1.387605,46.882824],[1.388206,46.880536],[1.388163,46.879538],[1.388527,46.878247],[1.388592,46.877529],[1.389493,46.875065],[1.389364,46.87395],[1.390459,46.872072],[1.391081,46.871397],[1.390502,46.871001],[1.389429,46.869989],[1.388013,46.868141],[1.386274,46.867143],[1.387261,46.866864],[1.388442,46.866013],[1.389064,46.865881],[1.389793,46.865984],[1.391682,46.866043],[1.393141,46.866234],[1.393699,46.86616],[1.394686,46.867393],[1.3949,46.868111],[1.39563,46.868082],[1.395845,46.867965],[1.396638,46.868405],[1.398613,46.868845],[1.399685,46.869256],[1.400479,46.86908],[1.401295,46.869182],[1.401939,46.869681],[1.40284,46.870591],[1.403462,46.870473],[1.404471,46.870605],[1.40593,46.87461],[1.405908,46.876165],[1.406316,46.87725],[1.406316,46.877705],[1.407153,46.878908],[1.407775,46.878805],[1.408054,46.878966],[1.409084,46.880448],[1.40902,46.880961],[1.407324,46.881812],[1.406573,46.882516],[1.407088,46.883088],[1.408097,46.883396],[1.410178,46.883733],[1.410178,46.883733],[1.412045,46.885009],[1.415478,46.886373],[1.415907,46.886769],[1.416465,46.886769],[1.418203,46.887487],[1.419126,46.888147],[1.421886,46.889158],[1.421886,46.889158],[1.423217,46.887339],[1.423302,46.886151],[1.424676,46.883864],[1.424826,46.882734],[1.425942,46.88049],[1.426457,46.879977],[1.427916,46.879258],[1.429439,46.87807],[1.431134,46.87873],[1.435984,46.879214],[1.439675,46.879816],[1.441627,46.878921],[1.44225,46.87851],[1.441005,46.877792],[1.440361,46.877645],[1.437658,46.875459],[1.438494,46.875019],[1.439503,46.873948],[1.440726,46.87279],[1.441134,46.872056],[1.439396,46.873127],[1.439009,46.872819],[1.43946,46.869342],[1.446627,46.866922],[1.447163,46.866335],[1.448451,46.865528],[1.44903,46.865719],[1.449438,46.865249],[1.450575,46.864956],[1.453365,46.863254],[1.457935,46.860818],[1.459373,46.860584],[1.460875,46.860525],[1.463214,46.860188],[1.471024,46.858045],[1.485637,46.85536],[1.489049,46.854729],[1.490615,46.854729],[1.492203,46.854993],[1.493726,46.855595],[1.500808,46.859498],[1.503382,46.86051],[1.505099,46.860907],[1.505786,46.860907],[1.507674,46.861229],[1.511107,46.861185],[1.512223,46.861039],[1.513446,46.860334],[1.515163,46.858838],[1.515592,46.858574],[1.516407,46.857723],[1.516214,46.857429],[1.516944,46.856534],[1.5163,46.855213],[1.5163,46.852205],[1.515828,46.849887],[1.515592,46.846819],[1.516987,46.846819],[1.519047,46.847054],[1.519948,46.847318],[1.525613,46.848595],[1.526085,46.848845],[1.52823,46.848977],[1.529496,46.848698],[1.532222,46.848478],[1.533273,46.848507],[1.534947,46.84836],[1.537736,46.847553],[1.537393,46.847025],[1.537586,46.846658],[1.538637,46.845954],[1.538702,46.845557],[1.538337,46.845293],[1.537779,46.845132],[1.538552,46.844236],[1.538466,46.844016],[1.541062,46.840831],[1.541599,46.840993],[1.542586,46.839701],[1.544924,46.840494],[1.545976,46.839481],[1.546491,46.839158],[1.546255,46.836986],[1.546813,46.836075],[1.548208,46.834622],[1.549752,46.835268],[1.550847,46.835327],[1.553894,46.836853],[1.554538,46.836736],[1.555374,46.836751],[1.55722,46.837206],[1.559945,46.837411],[1.561297,46.837764],[1.561297,46.837764],[1.564816,46.837279],[1.564086,46.836868],[1.563872,46.836457],[1.564151,46.836266],[1.564236,46.83587],[1.565223,46.835885],[1.565653,46.835753],[1.565567,46.83496],[1.564794,46.834035],[1.563893,46.834285],[1.563593,46.834197],[1.563507,46.832508],[1.563957,46.830747],[1.56385,46.82944],[1.564,46.829073],[1.564537,46.82922],[1.564966,46.828236],[1.564515,46.826988],[1.564515,46.824037],[1.568979,46.823817],[1.57312,46.823861],[1.576403,46.823744],[1.579407,46.822731],[1.580673,46.822525],[1.581746,46.822231],[1.582883,46.822129],[1.585479,46.821439],[1.589106,46.820249],[1.590007,46.821306],[1.593462,46.820088],[1.59447,46.819427],[1.595951,46.817826],[1.597903,46.8179],[1.600414,46.81674],[1.608568,46.814846],[1.609276,46.814464],[1.601573,46.803772],[1.601573,46.803772],[1.602109,46.802935],[1.603804,46.802964],[1.605564,46.803185],[1.609855,46.802773],[1.611593,46.803038],[1.616851,46.803038],[1.618052,46.803346],[1.621228,46.803567],[1.626034,46.803552],[1.627515,46.80458],[1.630798,46.80245],[1.631613,46.803111],[1.631656,46.803787],[1.632086,46.804081],[1.633266,46.803713],[1.635068,46.80411],[1.634961,46.804815],[1.635175,46.805035],[1.635626,46.80527],[1.635905,46.805726],[1.637514,46.805535],[1.637922,46.805285],[1.639639,46.806842],[1.640304,46.807077],[1.64348,46.807194],[1.644595,46.807885],[1.649359,46.809662],[1.65408,46.815345],[1.6582,46.813627],[1.661998,46.811776],[1.662727,46.812687],[1.663414,46.812452],[1.665967,46.814948],[1.667341,46.815727],[1.668843,46.816285],[1.669057,46.815859],[1.669572,46.815859],[1.670988,46.816534],[1.672104,46.816476],[1.672362,46.816285],[1.672297,46.815903],[1.672705,46.816241],[1.673392,46.816123],[1.67352,46.815727],[1.673949,46.815198],[1.673992,46.815036],[1.67528,46.813906],[1.677318,46.814097],[1.679743,46.813465],[1.680129,46.81323],[1.68073,46.813157],[1.681309,46.813025],[1.684657,46.81345],[1.684764,46.814067],[1.685129,46.813495],[1.685901,46.813553],[1.68809,46.814743],[1.689013,46.816167],[1.689056,46.817151],[1.689785,46.817166],[1.689935,46.818311],[1.691437,46.819706],[1.691502,46.820763],[1.69088,46.821908],[1.690944,46.822657],[1.691223,46.823274],[1.691137,46.823744],[1.691395,46.823993],[1.691716,46.824008],[1.691373,46.82508],[1.692768,46.824889],[1.693412,46.824478],[1.694184,46.824713],[1.694892,46.825829],[1.695901,46.826533],[1.696008,46.826827],[1.696265,46.827165],[1.696137,46.827458],[1.697081,46.827561],[1.698004,46.828222],[1.698368,46.827943],[1.697961,46.827414],[1.698089,46.827194],[1.698497,46.827018],[1.698776,46.826695],[1.699119,46.826988],[1.700063,46.827532],[1.701008,46.826665],[1.701651,46.82693],[1.70251,46.826064],[1.70296,46.826181],[1.703368,46.825344],[1.703969,46.824904],[1.703346,46.824478],[1.702402,46.824566],[1.701952,46.824507],[1.701523,46.824595],[1.701158,46.824537],[1.700385,46.82505],[1.69987,46.824698],[1.698926,46.824801],[1.697789,46.824067],[1.696952,46.818384],[1.696673,46.818032],[1.697016,46.817768],[1.696437,46.814611],[1.696523,46.814332],[1.69633,46.814097],[1.694871,46.813656],[1.694034,46.812878],[1.694763,46.811718],[1.698991,46.809941],[1.698497,46.809691],[1.698561,46.809544],[1.697531,46.809089],[1.698583,46.807987],[1.696416,46.807106],[1.695107,46.806915],[1.695064,46.806533],[1.697896,46.805417],[1.700042,46.803155],[1.70266,46.801202],[1.703625,46.800041],[1.704226,46.799101],[1.707659,46.79634],[1.708153,46.796251],[1.708239,46.795899],[1.7112,46.793122],[1.712659,46.79396],[1.713882,46.795267],[1.716114,46.796266],[1.716929,46.79468],[1.717573,46.794004],[1.719225,46.791756],[1.720362,46.790978],[1.721006,46.790331],[1.720234,46.790243],[1.720062,46.789171],[1.718989,46.788436],[1.718131,46.788186],[1.717916,46.786041],[1.717916,46.786041],[1.718324,46.78419],[1.718324,46.78419],[1.71753,46.780972],[1.717594,46.780208],[1.718066,46.778812],[1.718131,46.777695],[1.721178,46.775079],[1.723538,46.774051],[1.725577,46.773301],[1.726907,46.772625],[1.728001,46.772787],[1.728302,46.772978],[1.73137,46.772801],[1.733816,46.771229],[1.734331,46.77067],[1.736434,46.769406],[1.739825,46.767011],[1.741262,46.766526],[1.741713,46.765967],[1.745811,46.764512],[1.747335,46.763248],[1.747485,46.760058],[1.747378,46.759514],[1.747485,46.758265],[1.747485,46.758265],[1.748901,46.757897],[1.749223,46.757221],[1.750575,46.756618],[1.757634,46.763909],[1.768342,46.76435],[1.772354,46.765526],[1.776303,46.767951],[1.776303,46.767951],[1.77744,46.766981],[1.77877,46.765908],[1.780272,46.765027],[1.78156,46.763998],[1.786838,46.760543],[1.791001,46.758015],[1.798855,46.753237],[1.799756,46.752032],[1.806408,46.749253],[1.807502,46.748385],[1.809347,46.747474],[1.811214,46.746842],[1.811579,46.74618],[1.811987,46.745974],[1.812952,46.745812],[1.807159,46.742695],[1.805936,46.742342],[1.806901,46.740857],[1.807416,46.739592],[1.810313,46.736622],[1.811257,46.735901],[1.813424,46.733784],[1.815098,46.732857],[1.817179,46.732872],[1.81851,46.733372],[1.818145,46.730548],[1.819003,46.730077],[1.820119,46.729224],[1.823295,46.727783],[1.826535,46.725915],[1.828466,46.724356],[1.830269,46.722944],[1.83132,46.722855],[1.831213,46.722223],[1.833745,46.720355],[1.83426,46.719295],[1.834903,46.71878],[1.835654,46.718501],[1.83692,46.718163],[1.838809,46.716809],[1.840633,46.715809],[1.841985,46.715338],[1.844002,46.715632],[1.846276,46.714705],[1.846619,46.714161],[1.846941,46.713308],[1.847606,46.712734],[1.847564,46.712145],[1.848036,46.711984],[1.848036,46.709938],[1.847435,46.70907],[1.847413,46.708688],[1.847778,46.707216],[1.84737,46.70701],[1.847006,46.70626],[1.845074,46.703449],[1.845804,46.700271],[1.845911,46.69952],[1.846319,46.698122],[1.846662,46.697504],[1.844753,46.697239],[1.84368,46.697254],[1.843916,46.697828],[1.840783,46.697828],[1.839453,46.697534],[1.839066,46.697578],[1.836341,46.698564],[1.833938,46.699932],[1.83353,46.699947],[1.831942,46.701875],[1.829367,46.704156],[1.827179,46.703096],[1.827179,46.703096],[1.825183,46.702567],[1.823831,46.702022],[1.824647,46.701095],[1.828702,46.697416],[1.828616,46.692353],[1.828831,46.691426],[1.828573,46.689203],[1.828595,46.687717],[1.828702,46.687187],[1.829153,46.686377],[1.828981,46.683109],[1.829174,46.681004],[1.8272,46.679252],[1.826771,46.678325],[1.825934,46.677795],[1.825355,46.677604],[1.824153,46.676853],[1.81851,46.676499],[1.81778,46.675822],[1.818403,46.675336],[1.817909,46.674144],[1.817244,46.67379],[1.81645,46.673673],[1.815463,46.673098],[1.814283,46.67276],[1.814519,46.672524],[1.81366,46.672053],[1.815871,46.670065],[1.817501,46.669933],[1.818896,46.669565],[1.818939,46.669255],[1.819196,46.668946],[1.819862,46.669093],[1.821278,46.668622],[1.821793,46.668593],[1.826277,46.667091],[1.829689,46.666605],[1.830805,46.66634],[1.832844,46.66631],[1.833788,46.666649],[1.834818,46.666561],[1.838337,46.664941],[1.840053,46.664278],[1.842092,46.663262],[1.843744,46.661377],[1.846491,46.660067],[1.846298,46.659802],[1.843186,46.657578],[1.841555,46.657254],[1.84059,46.656503],[1.840053,46.655796],[1.837757,46.654249],[1.836212,46.653454],[1.835654,46.653351],[1.833487,46.65229],[1.833273,46.650773],[1.833316,46.650449],[1.832886,46.650537],[1.831513,46.651127],[1.831492,46.651657],[1.831105,46.651775],[1.830526,46.651318],[1.830483,46.651038],[1.829346,46.650655],[1.827071,46.649271],[1.826235,46.647739],[1.827029,46.646192],[1.827071,46.645721],[1.82572,46.645426],[1.82484,46.645529],[1.823381,46.645279],[1.824132,46.643806],[1.824089,46.642612],[1.822801,46.642215],[1.822458,46.641876],[1.822673,46.641345],[1.821793,46.640815],[1.821063,46.64108],[1.820226,46.640962],[1.819368,46.641507],[1.818918,46.641566],[1.81778,46.640741],[1.81881,46.639371],[1.82072,46.638311],[1.820827,46.637648],[1.824153,46.634671],[1.825376,46.634391],[1.827372,46.63283],[1.827801,46.632299],[1.828402,46.632063],[1.829131,46.631253],[1.829818,46.631135],[1.83029,46.630826],[1.830462,46.630575],[1.831041,46.630339],[1.831191,46.629883],[1.832028,46.629131],[1.833015,46.628601],[1.833831,46.627849],[1.834946,46.62726],[1.836041,46.626361],[1.838165,46.627201],[1.83868,46.627672],[1.838551,46.629102],[1.839967,46.630104],[1.840804,46.631003],[1.841834,46.631459],[1.842542,46.631194],[1.843079,46.631312],[1.844087,46.631857],[1.845482,46.63227],[1.847327,46.631916],[1.849044,46.631769],[1.849602,46.631607],[1.85046,46.63084],[1.849838,46.630767],[1.850439,46.629971],[1.850396,46.629279],[1.850653,46.628866],[1.851362,46.629175],[1.85237,46.627834],[1.851919,46.627216],[1.85267,46.626302],[1.853035,46.625197],[1.853786,46.624902],[1.854859,46.623738],[1.855374,46.623016],[1.855953,46.622706],[1.856082,46.622485],[1.856704,46.622235],[1.856941,46.621675],[1.857069,46.621542],[1.857627,46.621734],[1.858228,46.622205],[1.859129,46.622574],[1.859709,46.621748],[1.86149,46.622058],[1.863356,46.621247],[1.865416,46.619656],[1.866039,46.61939],[1.867433,46.618963],[1.870824,46.616737],[1.871875,46.616015],[1.872926,46.615278],[1.873506,46.615028],[1.876295,46.614187],[1.87799,46.614025],[1.878613,46.614011],[1.879943,46.613598],[1.880394,46.613554],[1.883806,46.612846],[1.886359,46.612094],[1.886702,46.611564],[1.888633,46.610252],[1.888741,46.609839],[1.889985,46.607997],[1.890865,46.607142],[1.892517,46.604842],[1.893247,46.604134],[1.893976,46.604031],[1.895886,46.603633],[1.897839,46.603574],[1.900607,46.603161],[1.901787,46.602277],[1.90183,46.600286],[1.902431,46.60092],[1.902731,46.601083],[1.90316,46.601716],[1.903804,46.601893],[1.904383,46.601716],[1.905027,46.601333],[1.905027,46.601333],[1.906529,46.602188],[1.907044,46.602793],[1.914619,46.60583],[1.915155,46.605373],[1.915906,46.605255],[1.918374,46.601599],[1.918374,46.601599],[1.918578,46.600692],[1.918084,46.600191],[1.917226,46.598274],[1.91714,46.597065],[1.917419,46.597035],[1.917526,46.596003],[1.918063,46.595119],[1.918127,46.594101],[1.919865,46.592391],[1.919822,46.591801],[1.919286,46.591049],[1.917912,46.588218],[1.916625,46.586846],[1.916389,46.585445],[1.916754,46.58372],[1.91802,46.583189],[1.9189,46.582717],[1.921153,46.582275],[1.922655,46.581729],[1.922805,46.581478],[1.924994,46.580121],[1.925444,46.579413],[1.926839,46.578897],[1.92862,46.577584],[1.929671,46.577186],[1.931967,46.574841],[1.933834,46.573395],[1.932804,46.572319],[1.933662,46.572378],[1.933856,46.571478],[1.9348,46.57164],[1.938018,46.571699],[1.938877,46.571876],[1.941087,46.572643],[1.941344,46.572968],[1.941773,46.572968],[1.943168,46.572407],[1.94467,46.571625],[1.946709,46.570858],[1.950206,46.570298],[1.955506,46.568646],[1.956279,46.568262],[1.957974,46.568041],[1.958832,46.56748],[1.959626,46.566182],[1.960442,46.566108],[1.961708,46.565872],[1.961708,46.565872],[1.962201,46.565164],[1.96278,46.563585],[1.963531,46.563423],[1.964197,46.562258],[1.96424,46.561269],[1.964111,46.560871],[1.964261,46.560281],[1.964154,46.559484],[1.964046,46.559056],[1.964283,46.558466],[1.964283,46.557699],[1.96381,46.556858],[1.964154,46.555087],[1.963617,46.554202],[1.96381,46.553272],[1.964218,46.552239],[1.964154,46.551619],[1.96424,46.550675],[1.965634,46.549642],[1.966021,46.549686],[1.966149,46.549996],[1.966514,46.549686],[1.967651,46.54945],[1.968424,46.54973],[1.971449,46.550513],[1.971106,46.55004],[1.971943,46.548786],[1.9722,46.547591],[1.973402,46.545805],[1.974475,46.545318],[1.974582,46.545111],[1.975097,46.54489],[1.976192,46.545067],[1.9769,46.54548],[1.977329,46.545525],[1.976943,46.543134],[1.977586,46.542189],[1.97793,46.5412],[1.978509,46.540816],[1.978337,46.53971],[1.97896,46.539119],[1.980054,46.538691],[1.980376,46.537983],[1.981406,46.537761],[1.982157,46.538056],[1.983616,46.538234],[1.984946,46.538101],[1.987929,46.538115],[1.992049,46.537274],[1.994001,46.537141],[1.994409,46.535606],[1.995139,46.534204],[1.995353,46.533274],[1.99589,46.533805],[1.996684,46.534145],[1.997885,46.534957],[2.00222,46.531207],[2.005074,46.527989],[2.005481,46.526601],[2.006597,46.524889],[2.007434,46.524372],[2.008163,46.523353],[2.010009,46.522054],[2.010653,46.521168],[2.013978,46.518555],[2.014451,46.517698],[2.015588,46.517226],[2.015824,46.516857],[2.015845,46.516281],[2.01621,46.515203],[2.016124,46.514007],[2.015588,46.513534],[2.015717,46.512855],[2.015309,46.51188],[2.018463,46.511733],[2.020609,46.511157],[2.021338,46.510108],[2.024493,46.507657],[2.024214,46.506785],[2.024192,46.506136],[2.023849,46.505574],[2.019879,46.5033],[2.018249,46.502975],[2.017347,46.503389],[2.017991,46.501483],[2.017905,46.499991],[2.018034,46.49943],[2.017583,46.498751],[2.017605,46.498012],[2.021574,46.498559],[2.02445,46.499622],[2.02563,46.50104],[2.026381,46.500435],[2.027068,46.499755],[2.027454,46.499696],[2.027647,46.499282],[2.028312,46.498957],[2.028656,46.498204],[2.030329,46.496107],[2.028656,46.496048],[2.027626,46.494836],[2.026188,46.493773],[2.02254,46.491439],[2.024514,46.489917],[2.023119,46.489533],[2.021403,46.488602],[2.019869,46.48719],[2.01864,46.48531],[2.022282,46.484202],[2.023374,46.48369],[2.024482,46.483492],[2.025043,46.483126],[2.024968,46.481695],[2.025437,46.481259],[2.025453,46.481016],[2.025969,46.480942],[2.026075,46.480734],[2.026181,46.480305],[2.026596,46.480314],[2.028591,46.480609],[2.031016,46.481156],[2.031767,46.481481],[2.03314,46.481702],[2.034943,46.482175],[2.036616,46.482175],[2.038075,46.481998],[2.038784,46.482057],[2.039771,46.483239],[2.040779,46.485441],[2.042582,46.484465],[2.044341,46.483549],[2.0458,46.483017],[2.0458,46.482678],[2.045457,46.482013],[2.045457,46.482013],[2.045607,46.481481],[2.0458,46.480373],[2.046337,46.479634],[2.047109,46.479161],[2.047989,46.47888],[2.048268,46.478156],[2.048912,46.477447],[2.052302,46.478304],[2.052302,46.478304],[2.058203,46.481038],[2.059233,46.481791],[2.059898,46.481924],[2.060477,46.481791],[2.060842,46.481289],[2.061314,46.481437],[2.061378,46.482323],[2.06228,46.48284],[2.062323,46.483223],[2.063855,46.483768],[2.064357,46.48446],[2.06503,46.484523],[2.065796,46.48486],[2.067831,46.485615],[2.067857,46.485888],[2.068042,46.486324],[2.069072,46.486206],[2.069891,46.485933],[2.069957,46.485788],[2.069855,46.485488],[2.069759,46.485477],[2.069609,46.485104],[2.069963,46.484982],[2.070627,46.48459],[2.071105,46.484432],[2.071481,46.484413],[2.071459,46.484258],[2.071277,46.483767],[2.072023,46.48318],[2.072337,46.482489],[2.072236,46.482249],[2.071397,46.481757],[2.070061,46.482081],[2.070168,46.48182],[2.070456,46.481507],[2.072258,46.480314],[2.073051,46.480121],[2.073623,46.479458],[2.073379,46.478258],[2.073159,46.47761],[2.073009,46.476575],[2.072773,46.475969],[2.072901,46.475275],[2.072644,46.474447],[2.072769,46.472965],[2.072129,46.471743],[2.072086,46.470974],[2.072246,46.470384],[2.072515,46.46991],[2.073327,46.469592],[2.073588,46.469136],[2.073623,46.468511],[2.073501,46.467935],[2.073605,46.467047],[2.073989,46.466447],[2.074564,46.466002],[2.074721,46.465522],[2.075035,46.465174],[2.076028,46.465366],[2.076568,46.46527],[2.079357,46.463889],[2.082669,46.462593],[2.084743,46.463217],[2.086764,46.463169],[2.086294,46.464322],[2.085614,46.467143],[2.085928,46.467491],[2.086695,46.467779],[2.087165,46.467671],[2.087915,46.467047],[2.088472,46.466831],[2.089605,46.466519],[2.090564,46.466507],[2.091383,46.466351],[2.093353,46.466471],[2.09391,46.466387],[2.094102,46.46611],[2.094241,46.465534],[2.094503,46.465198],[2.094921,46.464826],[2.0952,46.464442],[2.097292,46.464118],[2.097623,46.464274],[2.098982,46.464358],[2.099749,46.46449],[2.100708,46.464406],[2.101527,46.464634],[2.102241,46.464634],[2.102276,46.464478],[2.103671,46.464298],[2.104106,46.464166],[2.104629,46.464406],[2.105117,46.46443],[2.105466,46.464262],[2.105971,46.464214],[2.107034,46.464358],[2.107453,46.464538],[2.107766,46.465042],[2.107836,46.465474],[2.107557,46.466363],[2.107627,46.466771],[2.10808,46.467287],[2.108481,46.467863],[2.109178,46.468511],[2.110799,46.4691],[2.111862,46.469328],[2.113762,46.471536],[2.114511,46.471344],[2.115505,46.470876],[2.116097,46.470744],[2.118328,46.470696],[2.119165,46.470504],[2.119601,46.47048],[2.120176,46.470624],[2.120664,46.470516],[2.121535,46.470504],[2.122232,46.471392],[2.122965,46.47114],[2.124132,46.470972],[2.125195,46.471284],[2.126764,46.471116],[2.133701,46.471212],[2.134799,46.471128],[2.135043,46.470912],[2.136786,46.470816],[2.138093,46.470432],[2.138616,46.470396],[2.13947,46.470588],[2.13947,46.470588],[2.139629,46.47053],[2.139313,46.470144],[2.13947,46.46994],[2.139696,46.469952],[2.140062,46.470144],[2.140568,46.47012],[2.14062,46.469568],[2.139505,46.467467],[2.139644,46.466471],[2.139574,46.466122],[2.138999,46.465498],[2.138633,46.464934],[2.137936,46.46473],[2.137291,46.464022],[2.136855,46.462377],[2.136751,46.461248],[2.136385,46.460948],[2.134747,46.459735],[2.135845,46.459195],[2.136106,46.458823],[2.138232,46.457442],[2.139853,46.456073],[2.140341,46.455785],[2.141736,46.454753],[2.14252,46.454549],[2.142136,46.4533],[2.142293,46.451583],[2.142189,46.450874],[2.14238,46.45061],[2.142781,46.450682],[2.144019,46.450646],[2.143409,46.45043],[2.143513,46.449913],[2.143792,46.449721],[2.144106,46.449409],[2.144489,46.449265],[2.145239,46.449205],[2.146459,46.448785],[2.146877,46.448496],[2.146302,46.447932],[2.145378,46.44738],[2.144855,46.446815],[2.144664,46.446395],[2.144733,46.445806],[2.145204,46.444569],[2.145012,46.443897],[2.144751,46.443453],[2.144646,46.44248],[2.144699,46.440582],[2.144855,46.43991],[2.144507,46.438877],[2.143949,46.438096],[2.142868,46.437832],[2.142398,46.437916],[2.14177,46.437183],[2.141387,46.43633],[2.141666,46.435574],[2.143635,46.435838],[2.14557,46.435994],[2.146424,46.435862],[2.148951,46.43657],[2.149736,46.436931],[2.150607,46.437183],[2.151269,46.437171],[2.152489,46.437483],[2.153291,46.435646],[2.153047,46.435538],[2.152925,46.434468],[2.152576,46.434048],[2.152664,46.433339],[2.15235,46.432354],[2.151234,46.431922],[2.149701,46.430456],[2.150572,46.430264],[2.151182,46.429591],[2.152036,46.428907],[2.152786,46.428498],[2.153221,46.428054],[2.153762,46.427633],[2.154755,46.426108],[2.15479,46.425699],[2.154668,46.425098],[2.154825,46.424702],[2.155609,46.424053],[2.154197,46.423825],[2.15343,46.423549],[2.152786,46.424161],[2.151722,46.424053],[2.150834,46.424197],[2.15045,46.424173],[2.150485,46.42326],[2.152088,46.422191],[2.153326,46.421626],[2.153796,46.421026],[2.154999,46.418346],[2.155435,46.417745],[2.157387,46.418082],[2.158276,46.415018],[2.158677,46.414417],[2.160855,46.412206],[2.161134,46.412098],[2.162598,46.409851],[2.162877,46.408865],[2.162912,46.407423],[2.163679,46.405693],[2.164934,46.404527],[2.167374,46.403097],[2.170006,46.401847],[2.174084,46.401402],[2.17438,46.401486],[2.175008,46.401847],[2.176385,46.401787],[2.178389,46.402123],[2.18109,46.402784],[2.182154,46.403421],[2.183757,46.403854],[2.18794,46.404911],[2.188533,46.404791],[2.189177,46.405428],[2.190345,46.404094],[2.19113,46.402664],[2.191931,46.402928],[2.194999,46.404515],[2.196219,46.404695],[2.196219,46.405008],[2.19777,46.406798],[2.19838,46.407664],[2.198833,46.408601],[2.200297,46.409646],[2.20082,46.409346],[2.201988,46.409009],[2.202511,46.407892],[2.20319,46.407195],[2.203644,46.406414],[2.204027,46.406113],[2.205334,46.405705],[2.206084,46.405248],[2.206572,46.405224],[2.209604,46.405849],[2.210528,46.406137],[2.212236,46.406402],[2.212358,46.406197],[2.215077,46.404839],[2.215182,46.403469],[2.215408,46.402412],[2.214955,46.401931],[2.214694,46.401486],[2.213857,46.401138],[2.213944,46.400416],[2.213543,46.399707],[2.212829,46.398902],[2.212933,46.397988],[2.212602,46.39752],[2.211748,46.397279],[2.212149,46.396606],[2.212724,46.396041],[2.212951,46.395524],[2.212724,46.394995],[2.212288,46.394587],[2.212184,46.394118],[2.212288,46.393397],[2.212184,46.39294],[2.212219,46.392567],[2.2118,46.391581],[2.211277,46.390992],[2.211068,46.3905],[2.211243,46.390103],[2.211626,46.38955],[2.21119,46.387698],[2.210807,46.38741],[2.210772,46.386628],[2.210197,46.384693],[2.209744,46.384585],[2.209291,46.384176],[2.208977,46.383551],[2.208942,46.383058],[2.208611,46.382072],[2.208681,46.381819],[2.208158,46.38022],[2.208036,46.379523],[2.207373,46.378621],[2.207129,46.378116],[2.207129,46.377803],[2.206606,46.377719],[2.205857,46.376601],[2.20563,46.374833],[2.20448,46.374364],[2.204916,46.372512],[2.20272,46.372548],[2.20258,46.373198],[2.200663,46.373907],[2.199461,46.373739],[2.198694,46.373102],[2.19838,46.373054],[2.198049,46.372789],[2.198031,46.373126],[2.197003,46.373498],[2.196585,46.37339],[2.195504,46.370648],[2.196567,46.368893],[2.196411,46.367894],[2.196463,46.366114],[2.196637,46.364527],[2.198136,46.3617],[2.198328,46.360774],[2.19967,46.357875],[2.201901,46.355097],[2.202232,46.35482],[2.202877,46.353256],[2.203086,46.352498],[2.205038,46.349659],[2.207705,46.348961],[2.208698,46.348601],[2.208977,46.348372],[2.209395,46.348252],[2.209413,46.347939],[2.210127,46.348071],[2.210232,46.348685],[2.210598,46.34925],[2.21126,46.349334],[2.2118,46.349635],[2.212358,46.349924],[2.212718,46.349937],[2.213523,46.349683],[2.213352,46.349407],[2.212567,46.348949],[2.212986,46.348564],[2.213264,46.348528],[2.213334,46.3483],[2.213735,46.347867],[2.213857,46.347446],[2.213735,46.347385],[2.213508,46.346844],[2.213177,46.346519],[2.212951,46.346844],[2.21201,46.34694],[2.211626,46.345653],[2.211731,46.345172],[2.212166,46.344835],[2.213055,46.344474],[2.214345,46.344077],[2.21492,46.34368],[2.21567,46.343078],[2.216088,46.342585],[2.218005,46.340924],[2.217901,46.34078],[2.217848,46.34013],[2.217517,46.339673],[2.216524,46.338795],[2.215809,46.338265],[2.215094,46.336448],[2.217796,46.336135],[2.217343,46.335654],[2.217116,46.335173],[2.216733,46.334102],[2.217186,46.333548],[2.216663,46.3322],[2.216646,46.331141],[2.216454,46.330251],[2.216402,46.329757],[2.216245,46.329059],[2.218179,46.327699],[2.218737,46.327543],[2.219173,46.327627],[2.220114,46.328481],[2.220741,46.328012],[2.221578,46.327747],[2.222118,46.327723],[2.223757,46.327976],[2.224489,46.32788],[2.225813,46.327422],[2.226563,46.327278],[2.228044,46.327302],[2.228968,46.326977],[2.229787,46.326845],[2.230415,46.325773],[2.230293,46.325184],[2.230606,46.32475],[2.230275,46.32398],[2.230676,46.323053],[2.230972,46.322163],[2.231181,46.322006],[2.231722,46.321814],[2.23207,46.321501],[2.232924,46.321525],[2.234092,46.321862],[2.234476,46.321789],[2.234946,46.321176],[2.236619,46.320357],[2.23763,46.319755],[2.238153,46.319045],[2.239094,46.317889],[2.239286,46.316301],[2.240698,46.314687],[2.240645,46.314049],[2.241081,46.314194],[2.241656,46.314134],[2.242632,46.314398],[2.243103,46.314447],[2.243643,46.314796],[2.244062,46.314784],[2.244358,46.314495],[2.24495,46.314483],[2.245299,46.314627],[2.245613,46.315049],[2.246519,46.315362],[2.247338,46.315759],[2.248907,46.31748],[2.249621,46.317962],[2.250284,46.318142],[2.252166,46.318443],[2.252079,46.318708],[2.252358,46.319334],[2.251992,46.32014],[2.25295,46.32049],[2.253508,46.320393],[2.253996,46.31937],[2.253717,46.316926],[2.253891,46.316457],[2.254536,46.315506],[2.254571,46.315012],[2.254345,46.314158],[2.254798,46.312123],[2.256262,46.314134],[2.257064,46.314796],[2.257656,46.315061],[2.258458,46.315121],[2.259974,46.315759],[2.260968,46.316024],[2.263338,46.316337],[2.264366,46.316156],[2.264994,46.315879],[2.266092,46.315867],[2.26651,46.316108],[2.267085,46.316325],[2.267939,46.316842],[2.268968,46.316589],[2.269752,46.316722],[2.270362,46.316409],[2.271111,46.316553],[2.271582,46.316493],[2.27214,46.316288],[2.273987,46.315085],[2.274667,46.314001],[2.275207,46.313399],[2.276602,46.312436],[2.277386,46.312256],[2.278501,46.311389],[2.278494,46.311348],[2.278081,46.310909],[2.27792,46.310566],[2.277764,46.309849],[2.277823,46.308914],[2.277968,46.308605],[2.27844,46.308315],[2.279191,46.30777],[2.280334,46.306141],[2.280682,46.306053],[2.280806,46.305901],[2.280623,46.305389],[2.281299,46.305222],[2.281702,46.305229],[2.281927,46.304844],[2.282318,46.304569],[2.282549,46.304165],[2.282603,46.303909],[2.283311,46.301975],[2.283751,46.301292],[2.284158,46.300591],[2.285011,46.299942],[2.28545,46.299451],[2.285905,46.298698],[2.28654,46.297856],[2.287184,46.297207],[2.288032,46.29615],[2.288112,46.295883],[2.288117,46.29526],[2.28771,46.294833],[2.287206,46.29453],[2.287179,46.294216],[2.287517,46.293861],[2.287822,46.293205],[2.288359,46.293381],[2.291906,46.294283],[2.292833,46.29444],[2.29402,46.294743],[2.295241,46.294788],[2.296346,46.294709],[2.29757,46.294785],[2.297934,46.294868],[2.298573,46.294872],[2.298911,46.294941],[2.298991,46.295265],[2.299436,46.295609],[2.300509,46.295986],[2.301727,46.296074],[2.303438,46.29575],[2.304168,46.295689],[2.305552,46.295986],[2.307386,46.295982],[2.307601,46.295696],[2.3081,46.294815],[2.308416,46.294189],[2.308937,46.293468],[2.309242,46.292931],[2.31001,46.292351],[2.310331,46.292011],[2.308041,46.289616],[2.305718,46.286671],[2.304849,46.285553],[2.306314,46.284885],[2.306672,46.284675],[2.305793,46.283569],[2.304688,46.283472],[2.303486,46.282799],[2.304151,46.281629],[2.303517,46.281236],[2.302993,46.280731],[2.30081,46.279984],[2.300134,46.279552],[2.299034,46.278152],[2.298658,46.277954],[2.298267,46.277924],[2.297248,46.277897],[2.293927,46.274048],[2.29876,46.272957],[2.298167,46.269917],[2.300411,46.269198],[2.300091,46.265705],[2.300026,46.264378],[2.299168,46.262764],[2.29846,46.261292],[2.298562,46.260963],[2.29839,46.260433],[2.29854,46.260185],[2.298535,46.259949],[2.298931,46.259731],[2.301387,46.260114],[2.30266,46.260563],[2.303873,46.259174],[2.304119,46.258765],[2.304916,46.258573],[2.308052,46.257362],[2.310299,46.25354],[2.307268,46.249233],[2.310321,46.247452],[2.310632,46.24725],[2.312171,46.24593],[2.313153,46.245003],[2.317069,46.243229],[2.318158,46.242748],[2.319826,46.242157],[2.321162,46.241936],[2.322348,46.241661],[2.323281,46.242126],[2.323694,46.242031],[2.324043,46.241833],[2.324864,46.241161],[2.326596,46.241562],[2.327369,46.241497],[2.329413,46.242069],[2.332317,46.241784],[2.331864,46.240942],[2.331451,46.240695],[2.331487,46.240412],[2.331357,46.240153],[2.331406,46.23967],[2.331748,46.239479],[2.332268,46.239816],[2.336008,46.241211],[2.337701,46.240593],[2.338377,46.240452],[2.339551,46.240566],[2.343371,46.241318],[2.343253,46.241779],[2.345248,46.241505],[2.347748,46.241154],[2.349653,46.240875],[2.349921,46.241058],[2.350602,46.241806],[2.351058,46.242092],[2.350468,46.242748],[2.353397,46.242741],[2.354164,46.242805],[2.357742,46.243378],[2.358145,46.243355],[2.35985,46.243523],[2.361165,46.243881],[2.362205,46.244022],[2.364094,46.244148],[2.364866,46.244289],[2.365842,46.244354],[2.366003,46.24424],[2.365966,46.243484],[2.365832,46.243095],[2.365665,46.241928],[2.365816,46.241718],[2.366685,46.241505],[2.367157,46.241486],[2.367833,46.241638],[2.368987,46.241424],[2.370679,46.241683],[2.373069,46.240918],[2.373378,46.241166],[2.373817,46.241289],[2.374828,46.241375],[2.375595,46.241211],[2.376534,46.241119],[2.378116,46.240803],[2.378749,46.240734],[2.380316,46.24025],[2.380643,46.240124],[2.381464,46.240341],[2.382059,46.240639],[2.382349,46.241138],[2.38259,46.241154],[2.383266,46.240746],[2.384237,46.240448],[2.384672,46.240482],[2.385927,46.240234],[2.385905,46.240604],[2.386302,46.241676],[2.386887,46.242237],[2.387118,46.242332],[2.387804,46.241573],[2.388014,46.241058],[2.388475,46.240173],[2.388818,46.240047],[2.390873,46.240402],[2.392938,46.240948],[2.394097,46.240978],[2.39547,46.24136],[2.397648,46.241753],[2.398866,46.241718],[2.400395,46.241917],[2.402267,46.241718],[2.402599,46.241184],[2.402803,46.240475],[2.402873,46.239792],[2.402455,46.238808],[2.402417,46.238457],[2.402626,46.238052],[2.403764,46.237167],[2.404324,46.236588],[2.404292,46.236217],[2.403755,46.235519],[2.404682,46.235609],[2.405823,46.234119],[2.406376,46.233963],[2.406971,46.233982],[2.408034,46.233757],[2.408876,46.233456],[2.409412,46.233196],[2.410372,46.232941],[2.411724,46.232685],[2.415561,46.231594],[2.417336,46.231228],[2.418183,46.230976],[2.419165,46.230026],[2.419884,46.229416],[2.4216,46.226513],[2.421665,46.226151],[2.421815,46.22543],[2.42218,46.22451],[2.422598,46.222469],[2.422598,46.222092],[2.421214,46.221909],[2.420211,46.221169],[2.41991,46.219604],[2.419857,46.219181],[2.419986,46.218918],[2.421123,46.217922],[2.42079,46.216785],[2.42013,46.21545],[2.422335,46.215115],[2.425575,46.213623],[2.427844,46.212418],[2.429432,46.211761],[2.430055,46.211418],[2.431085,46.210571],[2.430993,46.210251],[2.43065,46.209606],[2.43058,46.20927],[2.430457,46.208309],[2.430366,46.208],[2.430586,46.207375],[2.43102,46.20731],[2.431278,46.207554],[2.432147,46.207397],[2.433193,46.206875],[2.434915,46.206692],[2.436186,46.205551],[2.435194,46.20483],[2.434775,46.204185],[2.43403,46.202698],[2.433531,46.201771],[2.433418,46.20153],[2.433139,46.201061],[2.433091,46.200745],[2.433161,46.200382],[2.432753,46.199734],[2.431927,46.199039],[2.431498,46.19865],[2.43094,46.198292],[2.430242,46.197403],[2.429228,46.195587],[2.428172,46.19455],[2.427968,46.19437],[2.427898,46.194077],[2.428059,46.19379],[2.428032,46.193607],[2.428579,46.192867],[2.42852,46.192574],[2.428306,46.192528],[2.427769,46.19265],[2.427474,46.192566],[2.42726,46.190941],[2.427281,46.190582],[2.427072,46.190483],[2.426198,46.190491],[2.425672,46.190533],[2.424846,46.190639],[2.423043,46.190964],[2.422695,46.190605],[2.422748,46.190372],[2.423855,46.190035],[2.424961,46.189596],[2.424473,46.188504],[2.42753,46.1882],[2.428181,46.188042],[2.42888,46.187175],[2.427034,46.186291],[2.426428,46.185596],[2.424985,46.184956],[2.424343,46.184699],[2.425042,46.184271],[2.426083,46.184113],[2.42616,46.183262],[2.425978,46.183022],[2.425908,46.182648],[2.426434,46.181358],[2.42705,46.180775],[2.427351,46.180546],[2.427405,46.180153],[2.427238,46.179928],[2.426369,46.179325],[2.426037,46.178795],[2.426148,46.17693],[2.426652,46.175939],[2.426815,46.175252],[2.4255,46.173214],[2.425591,46.172928],[2.427721,46.171276],[2.427571,46.170849],[2.427313,46.170498],[2.42697,46.170277],[2.4269,46.169418],[2.426702,46.168465],[2.426326,46.167931],[2.426385,46.167423],[2.425967,46.16584],[2.425618,46.164772],[2.426873,46.163467],[2.427882,46.162079],[2.428316,46.161781],[2.428848,46.161671],[2.42991,46.161785],[2.430698,46.161812],[2.43094,46.161629],[2.430752,46.161106],[2.430661,46.160606],[2.430832,46.160179],[2.430832,46.159451],[2.431095,46.159149],[2.431573,46.158798],[2.432731,46.158142],[2.433348,46.157719],[2.433402,46.157257],[2.433155,46.157104],[2.431857,46.157192],[2.430189,46.157085],[2.429829,46.15699],[2.430902,46.156288],[2.431481,46.155338],[2.432206,46.154011],[2.43256,46.153439],[2.432957,46.152973],[2.434013,46.152176],[2.435709,46.151176],[2.436052,46.150864],[2.43661,46.149948],[2.437232,46.149574],[2.437441,46.149117],[2.437774,46.148804],[2.438418,46.14843],[2.438654,46.148079],[2.438848,46.147093],[2.437886,46.147004],[2.433799,46.146111],[2.432635,46.145771],[2.43241,46.145382],[2.432013,46.144966],[2.431787,46.144428],[2.431567,46.144276],[2.431492,46.143883],[2.431176,46.14336],[2.430999,46.142769],[2.430907,46.142124],[2.430747,46.141525],[2.430489,46.141064],[2.430194,46.140778],[2.429652,46.140438],[2.428928,46.139652],[2.428644,46.139523],[2.42786,46.139507],[2.42712,46.139221],[2.427008,46.138988],[2.426986,46.138596],[2.426868,46.138256],[2.426654,46.137844],[2.426637,46.137299],[2.426149,46.13702],[2.42505,46.136154],[2.425092,46.135834],[2.424996,46.135433],[2.425683,46.134518],[2.425715,46.133804],[2.425157,46.133293],[2.42476,46.132706],[2.423987,46.131916],[2.424932,46.131611],[2.425436,46.13139],[2.425253,46.130318],[2.425039,46.129227],[2.425071,46.128765],[2.425253,46.128349],[2.425339,46.127426],[2.425243,46.125568],[2.425597,46.125099],[2.426616,46.123486],[2.425779,46.122795],[2.426122,46.121269],[2.426198,46.119595],[2.425457,46.118622],[2.425275,46.117981],[2.425779,46.117661],[2.426487,46.117519],[2.428547,46.11755],[2.429245,46.118324],[2.432753,46.119774],[2.433187,46.119751],[2.434984,46.119343],[2.436631,46.119499],[2.438471,46.119915],[2.438788,46.12009],[2.439373,46.11982],[2.439684,46.119339],[2.439662,46.119141],[2.43926,46.118637],[2.439356,46.11842],[2.439786,46.118233],[2.440161,46.116474],[2.439979,46.116009],[2.439297,46.115437],[2.43911,46.115135],[2.438713,46.114044],[2.439035,46.113384],[2.439024,46.112576],[2.439201,46.112213],[2.439753,46.111713],[2.439791,46.111237],[2.439035,46.110352],[2.437873,46.109721],[2.437222,46.109563],[2.437307,46.108925],[2.43758,46.108729],[2.437369,46.106226],[2.436214,46.103779],[2.435451,46.103725],[2.434233,46.103474],[2.434169,46.103069],[2.433627,46.102928],[2.431782,46.103123],[2.431567,46.102833],[2.430972,46.102482],[2.430575,46.102055],[2.429931,46.101776],[2.428595,46.100674],[2.427844,46.100227],[2.427598,46.100025],[2.426342,46.099239],[2.425908,46.098877],[2.424814,46.098299],[2.425328,46.098427],[2.425806,46.098431],[2.426251,46.098316],[2.426627,46.098106],[2.426895,46.097755],[2.427152,46.097332],[2.427925,46.096531],[2.428397,46.09618],[2.429046,46.09594],[2.429379,46.095699],[2.42962,46.095417],[2.429298,46.095432],[2.429035,46.095337],[2.42896,46.094917],[2.428483,46.094597],[2.427785,46.093956],[2.426916,46.093403],[2.426439,46.093628],[2.426148,46.093608],[2.425725,46.093383],[2.425296,46.093315],[2.424545,46.09148],[2.4241,46.09153],[2.423944,46.091408],[2.423676,46.091362],[2.423006,46.090542],[2.423006,46.090542],[2.422061,46.089771],[2.421009,46.08877],[2.419578,46.086999],[2.418457,46.08617],[2.417963,46.085187],[2.418049,46.083342],[2.417936,46.0826],[2.417057,46.082104],[2.416618,46.080502],[2.416163,46.079171],[2.41696,46.079025],[2.41453,46.077344],[2.413886,46.076718],[2.413736,46.075825],[2.414101,46.074381],[2.413382,46.074354],[2.412878,46.074095],[2.41239,46.074016],[2.412163,46.073734],[2.412114,46.07291],[2.412244,46.0722],[2.411366,46.072076],[2.410488,46.071714],[2.40974,46.071771],[2.408813,46.071782],[2.407739,46.071557],[2.407821,46.07115],[2.407658,46.070349],[2.40826,46.069029],[2.407333,46.068668],[2.406617,46.068228],[2.406146,46.067766],[2.406064,46.066626],[2.405609,46.065475],[2.40478,46.064437],[2.404373,46.06367],[2.404373,46.063343],[2.403885,46.062891],[2.403788,46.062496],[2.403755,46.061695],[2.403219,46.059777],[2.402162,46.057712],[2.401918,46.056978],[2.401251,46.056279],[2.401267,46.055985],[2.401804,46.054902],[2.401836,46.053965],[2.401511,46.053514],[2.400535,46.053209],[2.399755,46.052555],[2.399381,46.052194],[2.398714,46.051957],[2.398389,46.0519],[2.398015,46.051742],[2.396942,46.051832],[2.39621,46.05199],[2.395478,46.052024],[2.394795,46.052453],[2.39377,46.052803],[2.392128,46.052408],[2.391217,46.05225],[2.391201,46.051799],[2.38868,46.051787],[2.387282,46.051708],[2.387493,46.0512],[2.388241,46.050805],[2.388843,46.050241],[2.389103,46.049756],[2.388729,46.049361],[2.388632,46.049033],[2.38868,46.04865],[2.388258,46.047532],[2.387835,46.047182],[2.387022,46.045726],[2.387038,46.045106],[2.386729,46.044586],[2.386713,46.044349],[2.386892,46.043367],[2.387331,46.043074],[2.3879,46.042306],[2.387965,46.042024],[2.388632,46.041618],[2.38868,46.04129],[2.389054,46.041381],[2.390095,46.041144],[2.390681,46.04076],[2.391087,46.040229],[2.391591,46.039563],[2.39299,46.038073],[2.393884,46.037531],[2.394681,46.037227],[2.394128,46.033998],[2.392892,46.032485],[2.391559,46.031921],[2.390746,46.031672],[2.389949,46.031288],[2.389494,46.031288],[2.389185,46.031537],[2.388567,46.031503],[2.38803,46.031266],[2.388355,46.030204],[2.388306,46.029663],[2.388534,46.029042],[2.388046,46.028612],[2.387965,46.028285],[2.387623,46.027935],[2.38764,46.027348],[2.387201,46.027054],[2.387217,46.026524],[2.387461,46.025519],[2.387477,46.024762],[2.387233,46.024491],[2.387206,46.023665],[2.387015,46.023011],[2.387032,46.022527],[2.386858,46.022176],[2.386875,46.021922],[2.386631,46.021849],[2.386335,46.021026],[2.386073,46.020821],[2.38569,46.020228],[2.385725,46.019368],[2.385341,46.018654],[2.385219,46.017952],[2.385097,46.017141],[2.384818,46.016669],[2.384923,46.016391],[2.384784,46.016016],[2.382936,46.016355],[2.381873,46.016706],[2.381542,46.016415],[2.381437,46.016088],[2.3825,46.015556],[2.382884,46.015277],[2.382187,46.015047],[2.38203,46.014696],[2.381699,46.01437],[2.381315,46.014164],[2.38027,46.014382],[2.378683,46.013462],[2.377533,46.012566],[2.377202,46.012711],[2.376418,46.012796],[2.37586,46.012941],[2.374936,46.013038],[2.373768,46.01328],[2.372775,46.013425],[2.371747,46.013099],[2.371346,46.01305],[2.370858,46.013074],[2.370178,46.012869],[2.369446,46.012808],[2.367686,46.012929],[2.367355,46.013014],[2.367006,46.012953],[2.366431,46.012978],[2.366082,46.012796],[2.365734,46.011658],[2.366117,46.011743],[2.366623,46.011646],[2.366832,46.011452],[2.366954,46.011126],[2.367302,46.010871],[2.367076,46.010436],[2.365873,46.009818],[2.365699,46.009358],[2.365368,46.009274],[2.365019,46.008777],[2.364479,46.008789],[2.36284,46.009116],[2.362126,46.008995],[2.35986,46.008475],[2.359163,46.008099],[2.358065,46.007857],[2.357507,46.007639],[2.356827,46.007228],[2.356183,46.007107],[2.355677,46.007143],[2.355259,46.006852],[2.355224,46.006574],[2.35498,46.006308],[2.354597,46.006223],[2.354283,46.005981],[2.354405,46.005678],[2.354788,46.005509],[2.356827,46.005654],[2.357071,46.005569],[2.357315,46.005109],[2.357106,46.004577],[2.356967,46.00379],[2.357298,46.003124],[2.357647,46.002857],[2.359424,46.002458],[2.359825,46.002228],[2.35993,46.001986],[2.359843,46.001659],[2.36047,46.000981],[2.361115,46.000037],[2.361952,45.999552],[2.362893,45.998644],[2.364915,45.997397],[2.364531,45.99707],[2.364357,45.996368],[2.363869,45.995726],[2.36352,45.995375],[2.362387,45.994988],[2.360923,45.995218],[2.359947,45.995278],[2.359773,45.995157],[2.359651,45.994515],[2.358222,45.994576],[2.357193,45.994927],[2.356897,45.995327],[2.354788,45.995835],[2.354614,45.99638],[2.352923,45.997821],[2.352069,45.998329],[2.350501,45.999032],[2.349943,45.999225],[2.349629,45.999552],[2.348305,45.999831],[2.347503,45.999819],[2.346719,45.99994],[2.346527,46.000533],[2.346021,46.000836],[2.345533,46.000957],[2.344645,46.001344],[2.344157,46.002216],[2.344174,46.002991],[2.343547,46.003281],[2.343111,46.00362],[2.342501,46.003681],[2.341629,46.004153],[2.341159,46.004165],[2.340322,46.003693],[2.340374,46.003196],[2.340688,46.002966],[2.340723,46.002591],[2.340584,46.002555],[2.340165,46.002736],[2.339799,46.002785],[2.339346,46.002978],[2.33905,46.002942],[2.339555,46.002409],[2.339486,46.002058],[2.339032,46.001949],[2.338004,46.00207],[2.337812,46.00201],[2.337673,46.001671],[2.336923,46.001417],[2.336313,46.002252],[2.336261,46.002736],[2.335895,46.003209],[2.335512,46.003378],[2.3341,46.003342],[2.333769,46.003233],[2.331032,46.001344],[2.33037,46.001054],[2.330998,45.999649],[2.331747,45.999649],[2.332008,45.999116],[2.331921,45.998693],[2.332406,45.998306],[2.333179,45.997803],[2.332536,45.99795],[2.330016,45.997741],[2.328625,45.997403],[2.327168,45.996858],[2.326047,45.996728],[2.325636,45.996495],[2.324982,45.996702],[2.324553,45.996949],[2.323562,45.997118],[2.321582,45.996936],[2.319285,45.99665],[2.318388,45.996002],[2.317865,45.995872],[2.317174,45.995859],[2.316539,45.99556],[2.315754,45.995405],[2.314951,45.995067],[2.313681,45.994185],[2.312691,45.993912],[2.312074,45.993575],[2.311551,45.993185],[2.31058,45.992822],[2.309665,45.99242],[2.308618,45.991758],[2.306807,45.990486],[2.306171,45.989941],[2.303668,45.987747],[2.302604,45.986813],[2.301763,45.986385],[2.300138,45.985684],[2.299577,45.985632],[2.299783,45.985281],[2.299858,45.984658],[2.299764,45.983983],[2.298662,45.983075],[2.298307,45.982672],[2.298232,45.982309],[2.296775,45.981907],[2.295412,45.981777],[2.293581,45.981517],[2.293525,45.981089],[2.293282,45.980621],[2.293282,45.979765],[2.292666,45.979051],[2.292423,45.977389],[2.291769,45.976844],[2.291134,45.976597],[2.290462,45.976454],[2.290032,45.976117],[2.290051,45.975195],[2.289005,45.973572],[2.288538,45.973157],[2.287697,45.972781],[2.286053,45.972703],[2.284764,45.972469],[2.284073,45.972028],[2.283587,45.971586],[2.283643,45.971365],[2.284036,45.970976],[2.284521,45.968899],[2.284858,45.968613],[2.285922,45.968496],[2.286688,45.968548],[2.287006,45.968405],[2.286987,45.967886],[2.287417,45.967315],[2.286371,45.966587],[2.285829,45.965899],[2.285455,45.965808],[2.28426,45.966237],[2.283195,45.966964],[2.282784,45.967367],[2.282448,45.967328],[2.281514,45.966704],[2.280916,45.966834],[2.280505,45.966678],[2.2803,45.966302],[2.280262,45.965847],[2.280001,45.965575],[2.279011,45.965367],[2.278469,45.965094],[2.275387,45.965782],[2.275387,45.964705],[2.275219,45.964276],[2.275443,45.963809],[2.27365,45.963069],[2.272566,45.962277],[2.272062,45.961757],[2.272286,45.961614],[2.272361,45.961108],[2.273052,45.960887],[2.273537,45.960615],[2.274322,45.960381],[2.274845,45.959887],[2.276358,45.95955],[2.277068,45.959004],[2.278151,45.95855],[2.278805,45.958134],[2.279422,45.957563],[2.279814,45.957667],[2.279945,45.957186],[2.280412,45.956368],[2.281701,45.955615],[2.282485,45.955316],[2.282018,45.954615],[2.281887,45.953953],[2.281551,45.953433],[2.281458,45.952992],[2.281476,45.952589],[2.281308,45.952043],[2.280486,45.951394],[2.279496,45.951043],[2.279403,45.950368],[2.278973,45.949797],[2.278656,45.949719],[2.278544,45.949667],[2.279011,45.949147],[2.278581,45.948459],[2.277703,45.948238],[2.27675,45.948342],[2.276657,45.948277],[2.277236,45.948004],[2.277255,45.947641],[2.277012,45.947277],[2.27647,45.946874],[2.276302,45.945614],[2.276919,45.945121],[2.276713,45.944211],[2.276769,45.943523],[2.277068,45.94312],[2.277554,45.9429],[2.278151,45.942679],[2.278282,45.942458],[2.278077,45.941536],[2.277759,45.941159],[2.277871,45.940925],[2.278413,45.940678],[2.27888,45.940535],[2.279029,45.94025],[2.278973,45.939873],[2.278712,45.939639],[2.278002,45.939366],[2.277255,45.93899],[2.277161,45.938548],[2.275574,45.937275],[2.276041,45.936768],[2.276489,45.936443],[2.276283,45.936067],[2.277012,45.935404],[2.277535,45.9343],[2.277554,45.934105],[2.277217,45.93365],[2.276526,45.933858],[2.275742,45.933897],[2.275742,45.933559],[2.276265,45.933169],[2.27718,45.932689],[2.275947,45.93187],[2.275742,45.931532],[2.275742,45.931364],[2.275032,45.931234],[2.274901,45.931039],[2.273855,45.930766],[2.273108,45.930389],[2.272697,45.93035],[2.271987,45.930441],[2.271501,45.930324],[2.270511,45.930415],[2.270119,45.930272],[2.268438,45.930064],[2.267821,45.929921],[2.267186,45.929714],[2.265655,45.929714],[2.265337,45.929649],[2.264608,45.92935],[2.263693,45.929506],[2.263805,45.929064],[2.263338,45.928479],[2.263245,45.928089],[2.263899,45.927284],[2.264011,45.926868],[2.263749,45.926322],[2.263749,45.925777],[2.264029,45.925075],[2.263936,45.923996],[2.265486,45.922606],[2.265897,45.920826],[2.267037,45.919708],[2.265711,45.919747],[2.26487,45.919435],[2.264216,45.91902],[2.263114,45.918799],[2.26175,45.918006],[2.261059,45.916148],[2.260349,45.915576],[2.260181,45.91529],[2.259229,45.91555],[2.257977,45.916615],[2.25779,45.917473],[2.257473,45.917577],[2.257305,45.917928],[2.256576,45.9185],[2.255082,45.919318],[2.254708,45.919721],[2.254204,45.920267],[2.253214,45.920787],[2.25228,45.921216],[2.251645,45.921631],[2.250711,45.922008],[2.250916,45.922476],[2.24944,45.923204],[2.249011,45.923905],[2.24845,45.924321],[2.248338,45.924971],[2.247759,45.925218],[2.247385,45.925647],[2.246862,45.925829],[2.246171,45.925894],[2.245517,45.926348],[2.24378,45.926348],[2.243295,45.926075],[2.24294,45.926231],[2.242865,45.926478],[2.242267,45.926855],[2.242043,45.927648],[2.242024,45.928336],[2.241314,45.929194],[2.241053,45.92948],[2.240511,45.929766],[2.239577,45.929934],[2.238382,45.930428],[2.238102,45.930428],[2.237709,45.930779],[2.237224,45.931039],[2.236588,45.931584],[2.235318,45.931974],[2.234403,45.932182],[2.233282,45.932065],[2.2328,45.931961],[2.2328,45.931961],[2.232263,45.932781],[2.23134,45.933483],[2.229795,45.93414],[2.227972,45.934334],[2.227349,45.934468],[2.226899,45.934692],[2.228401,45.937124],[2.228765,45.937617],[2.229152,45.938587],[2.228959,45.940467],[2.229302,45.940631],[2.229259,45.941108],[2.228508,45.941422],[2.227864,45.940646],[2.227092,45.940437],[2.225955,45.940049],[2.22501,45.939989],[2.224967,45.940616],[2.225268,45.940855],[2.224452,45.941317],[2.224324,45.94175],[2.224088,45.941974],[2.222414,45.94184],[2.221191,45.94166],[2.219989,45.941168],[2.219796,45.941004],[2.218637,45.941108],[2.217307,45.94081],[2.216878,45.940571],[2.216449,45.940482],[2.215118,45.939959],[2.214496,45.939989],[2.21308,45.939915],[2.212651,45.93993],[2.211728,45.939586],[2.211127,45.939392],[2.210312,45.939273],[2.208939,45.938646],[2.208939,45.938288],[2.208145,45.93799],[2.207694,45.937661],[2.207694,45.937393],[2.207801,45.937273],[2.207758,45.93693],[2.207329,45.936587],[2.2069,45.935975],[2.2066,45.935318],[2.205977,45.934662],[2.205355,45.934796],[2.204754,45.934542],[2.203681,45.934945],[2.202866,45.934662],[2.202051,45.934169],[2.200892,45.934363],[2.200728,45.934135],[2.200668,45.933731],[2.199988,45.933675],[2.199667,45.933522],[2.199527,45.933745],[2.199107,45.933717],[2.198766,45.9338],[2.198266,45.933731],[2.197505,45.934204],[2.196484,45.934483],[2.196564,45.93465],[2.196424,45.935067],[2.196704,45.936028],[2.196504,45.936265],[2.195323,45.936529],[2.193561,45.936627],[2.19304,45.937072],[2.192199,45.937462],[2.190958,45.939175],[2.190858,45.939718],[2.189657,45.94001],[2.188436,45.940136],[2.187855,45.940372],[2.187775,45.940776],[2.186273,45.940943],[2.185352,45.941277],[2.185012,45.941347],[2.184572,45.941528],[2.182509,45.941932],[2.182069,45.942196],[2.181609,45.942238],[2.181008,45.942029],[2.180227,45.941834],[2.179847,45.94189],[2.178766,45.942572],[2.177504,45.943004],[2.177384,45.943783],[2.177484,45.944939],[2.177244,45.945871],[2.177324,45.946818],[2.177304,45.9475],[2.176784,45.947792],[2.176303,45.948349],[2.175783,45.949407],[2.174701,45.950493],[2.174441,45.950966],[2.174441,45.951523],[2.174822,45.952247],[2.174922,45.953333],[2.174341,45.954432],[2.1735,45.955239],[2.172239,45.955476],[2.171678,45.955072],[2.170857,45.955128],[2.169576,45.954613],[2.167294,45.954808],[2.167494,45.956562],[2.166893,45.95659],[2.166853,45.956367],[2.166553,45.956228],[2.166146,45.956271],[2.166146,45.956745],[2.166043,45.956823],[2.165791,45.956673],[2.165689,45.956504],[2.165651,45.95631],[2.165143,45.95573],[2.164886,45.955759],[2.164629,45.956028],[2.163963,45.956073],[2.162676,45.955998],[2.160144,45.956759],[2.159758,45.956789],[2.159693,45.956998],[2.157354,45.957371],[2.156732,45.957415],[2.156603,45.957878],[2.156303,45.958027],[2.155466,45.958101],[2.155445,45.958355],[2.156003,45.958624],[2.156045,45.958922],[2.156367,45.95931],[2.156496,45.959862],[2.157011,45.960503],[2.157054,45.960951],[2.156689,45.961622],[2.156603,45.963292],[2.156303,45.963993],[2.156217,45.96462],[2.155981,45.964948],[2.156281,45.965649],[2.155917,45.965992],[2.155337,45.966201],[2.154651,45.966797],[2.153835,45.967797],[2.153385,45.968721],[2.153471,45.969616],[2.152998,45.970108],[2.153256,45.971495],[2.152719,45.971838],[2.151368,45.971585],[2.150831,45.971674],[2.149093,45.971137],[2.148535,45.97075],[2.14817,45.970735],[2.146969,45.970332],[2.146368,45.970272],[2.145188,45.969974],[2.144458,45.969691],[2.144008,45.969318],[2.143707,45.968632],[2.143428,45.968289],[2.142677,45.96814],[2.142484,45.967737],[2.142527,45.967454],[2.143149,45.967528],[2.143128,45.96632],[2.141562,45.96553],[2.140682,45.964829],[2.14051,45.964515],[2.140038,45.964053],[2.139544,45.962815],[2.139759,45.962666],[2.139823,45.962353],[2.140124,45.961965],[2.139931,45.961189],[2.141969,45.960414],[2.142119,45.960011],[2.143815,45.95831],[2.144415,45.958161],[2.145853,45.957997],[2.146153,45.957773],[2.146175,45.95746],[2.145381,45.955983],[2.143128,45.956296],[2.142334,45.956222],[2.138278,45.955551],[2.138021,45.95567],[2.136455,45.955759],[2.135983,45.95561],[2.134845,45.9557],[2.13388,45.955983],[2.133515,45.956401],[2.132592,45.956908],[2.131498,45.956774],[2.131197,45.956848],[2.130919,45.957206],[2.129931,45.957326],[2.129481,45.957758],[2.129052,45.957878],[2.128773,45.957878],[2.128193,45.958415],[2.126434,45.958594],[2.125146,45.95931],[2.122035,45.96013],[2.121091,45.96016],[2.120233,45.96007],[2.120082,45.959399],[2.119374,45.958728],[2.118495,45.95831],[2.118237,45.957669],[2.116327,45.956744],[2.115405,45.95658],[2.113752,45.956848],[2.112701,45.956983],[2.111843,45.957236],[2.111156,45.957311],[2.10989,45.956998],[2.108924,45.95652],[2.108238,45.956117],[2.107294,45.955297],[2.106607,45.954596],[2.106006,45.953641],[2.10429,45.95209],[2.102294,45.952791],[2.102315,45.953208],[2.101865,45.953417],[2.102101,45.95388],[2.102187,45.954551],[2.102251,45.954805],[2.102273,45.955551],[2.102101,45.956073],[2.102144,45.956789],[2.101843,45.956998],[2.099826,45.95755],[2.098904,45.958579],[2.098174,45.958922],[2.096071,45.958922],[2.094483,45.9584],[2.094269,45.958101],[2.093539,45.957833],[2.092896,45.958161],[2.09281,45.958653],[2.092531,45.959205],[2.091522,45.959981],[2.090471,45.960473],[2.089999,45.96107],[2.089999,45.961249],[2.08914,45.962114],[2.087703,45.96459],[2.087145,45.9645],[2.086737,45.96462],[2.086372,45.965037],[2.084999,45.964918],[2.084334,45.964739],[2.083647,45.965097],[2.082767,45.965023],[2.080944,45.964113],[2.078412,45.963263],[2.077339,45.963248],[2.076244,45.963382],[2.075644,45.962934],[2.075343,45.962457],[2.075343,45.962114],[2.075236,45.961905],[2.074592,45.96198],[2.073734,45.961711],[2.070751,45.960458],[2.069764,45.960473],[2.069142,45.960279],[2.068799,45.960011],[2.069485,45.958892],[2.070043,45.957639],[2.070708,45.956684],[2.07088,45.955819],[2.07088,45.954969],[2.071373,45.95376],[2.07191,45.952761],[2.071867,45.952194],[2.071974,45.951045],[2.071953,45.950613],[2.071996,45.950225],[2.071631,45.949673],[2.071502,45.949076],[2.06985,45.947882],[2.069807,45.947554],[2.069528,45.947509],[2.069035,45.946913],[2.068262,45.946331],[2.067232,45.946047],[2.06661,45.9456],[2.066202,45.945241],[2.064786,45.944928],[2.06382,45.944794],[2.062168,45.945435],[2.060666,45.946226],[2.060065,45.946674],[2.059121,45.948017],[2.058027,45.946002],[2.057319,45.944361],[2.057426,45.943899],[2.057834,45.943436],[2.058349,45.943033],[2.057555,45.942586],[2.057104,45.942556],[2.056782,45.940855],[2.056332,45.940318],[2.056482,45.939765],[2.056267,45.938885],[2.055581,45.938124],[2.055345,45.938005],[2.054465,45.936572],[2.053735,45.936184],[2.052963,45.936423],[2.052448,45.936811],[2.051439,45.937691],[2.050045,45.938587],[2.048135,45.939736],[2.047427,45.939915],[2.046847,45.939915],[2.046354,45.93981],[2.045603,45.939765],[2.044444,45.940064],[2.04247,45.940795],[2.042255,45.941437],[2.041204,45.942884],[2.040904,45.942884],[2.040839,45.94269],[2.040153,45.942347],[2.039831,45.942033],[2.038221,45.939855],[2.038178,45.939392],[2.039444,45.938482],[2.040217,45.938139],[2.040732,45.937363],[2.039831,45.937915],[2.038672,45.938094],[2.037277,45.938572],[2.036655,45.93893],[2.035475,45.940541],[2.034702,45.940437],[2.033372,45.94084],[2.032557,45.940646],[2.031205,45.940601],[2.028694,45.941317],[2.028093,45.941586],[2.027836,45.942004],[2.027299,45.942451],[2.026806,45.943138],[2.026355,45.943317],[2.025905,45.943347],[2.025626,45.943466],[2.02539,45.943466],[2.024467,45.94369],[2.024124,45.943675],[2.02378,45.943541],[2.022815,45.943332],[2.02215,45.942571],[2.021892,45.941974],[2.02112,45.939348],[2.020712,45.939198],[2.020712,45.938378],[2.020068,45.937915],[2.020047,45.937617],[2.019081,45.937154],[2.018116,45.936094],[2.01715,45.936065],[2.016807,45.935886],[2.015691,45.934154],[2.015412,45.933901],[2.01524,45.933393],[2.014897,45.932886],[2.014639,45.932632],[2.013953,45.932617],[2.012365,45.932453],[2.011228,45.932244],[2.010198,45.931796],[2.007987,45.931006],[2.006721,45.930737],[2.00464,45.9302],[2.003868,45.930095],[2.003396,45.929841],[2.002001,45.930006],[2.001164,45.930438],[2.001851,45.929185],[2.002537,45.928901],[2.003717,45.928558],[2.00479,45.928573],[2.003567,45.927349],[2.003717,45.927215],[2.004168,45.927035],[2.005005,45.926483],[2.006013,45.926334],[2.006893,45.925797],[2.00758,45.92514],[2.007794,45.924752],[2.007773,45.924185],[2.007945,45.92411],[2.008481,45.924215],[2.008932,45.92408],[2.009232,45.924185],[2.009683,45.923752],[2.009575,45.92314],[2.00994,45.922826],[2.010026,45.922483],[2.010326,45.922095],[2.010434,45.921274],[2.011099,45.920393],[2.011013,45.919901],[2.010262,45.918826],[2.009897,45.918094],[2.009618,45.917258],[2.008781,45.916632],[2.007601,45.916139],[2.0064,45.915467],[2.005713,45.915273],[2.004919,45.915258],[2.004747,45.91484],[2.004383,45.914721],[2.004468,45.914228],[2.005091,45.912362],[2.004876,45.912317],[2.004597,45.911093],[2.006657,45.910421],[2.005584,45.909794],[2.005134,45.9096],[2.003095,45.907301],[2.002881,45.906897],[2.00273,45.906166],[2.001765,45.905225],[1.999855,45.9053],[1.997988,45.90412],[1.997194,45.903732],[1.996679,45.903598],[1.995413,45.90418],[1.99492,45.90415],[1.994555,45.904613],[1.994147,45.904747],[1.99374,45.905001],[1.992903,45.904718],[1.99198,45.903747],[1.991057,45.903269],[1.990435,45.902806],[1.98977,45.902418],[1.989813,45.902179],[1.989727,45.901925],[1.990392,45.898625],[1.990671,45.898715],[1.990843,45.897983],[1.992259,45.896923],[1.992774,45.896385],[1.992881,45.895922],[1.992645,45.895773],[1.992645,45.894996],[1.99228,45.894548],[1.992023,45.894459],[1.991808,45.89416],[1.991787,45.893413],[1.992538,45.892368],[1.99213,45.89195],[1.992044,45.891517],[1.992538,45.89077],[1.992731,45.890232],[1.992688,45.889754],[1.993761,45.88953],[1.994576,45.887708],[1.995714,45.887006],[1.994212,45.885557],[1.993182,45.884825],[1.992345,45.884512],[1.991487,45.884452],[1.989684,45.884377],[1.988246,45.884422],[1.986551,45.884243],[1.985865,45.884079],[1.983011,45.883152],[1.981745,45.883152],[1.979964,45.882884],[1.978741,45.882913],[1.97726,45.883093],[1.97681,45.883376],[1.976316,45.883421],[1.975329,45.883123],[1.974535,45.883093],[1.973526,45.883601],[1.973226,45.883526],[1.973033,45.883257],[1.97284,45.882839],[1.971767,45.882749],[1.971102,45.88263],[1.967905,45.881211],[1.966274,45.880703],[1.964428,45.879791],[1.963141,45.879045],[1.962562,45.878566],[1.962154,45.878178],[1.960824,45.877685],[1.960223,45.877655],[1.959257,45.877356],[1.95857,45.877103],[1.957047,45.876849],[1.95621,45.877073],[1.955481,45.877491],[1.955416,45.878133],[1.955009,45.878298],[1.954343,45.878208],[1.95385,45.878014],[1.953077,45.8764],[1.9537,45.872531],[1.954772,45.869618],[1.956103,45.868153],[1.958356,45.866301],[1.958721,45.865703],[1.959064,45.865329],[1.9593,45.864821],[1.959193,45.864493],[1.958828,45.864821],[1.957412,45.865434],[1.956789,45.865539],[1.956553,45.86524],[1.956661,45.864777],[1.956124,45.864343],[1.955438,45.864254],[1.953871,45.864149],[1.953313,45.86397],[1.943486,45.859188],[1.942735,45.859009],[1.941855,45.8601],[1.94164,45.860832],[1.94119,45.861504],[1.940761,45.861698],[1.940439,45.862087],[1.940138,45.862236],[1.939816,45.862595],[1.93958,45.862804],[1.939216,45.862894],[1.937628,45.862759],[1.936898,45.862969],[1.936598,45.863492],[1.935589,45.863731],[1.935031,45.864059],[1.934602,45.864717],[1.93265,45.865359],[1.931083,45.866092],[1.929753,45.866346],[1.929109,45.866136],[1.928251,45.866136],[1.926835,45.865643],[1.92632,45.865285],[1.926105,45.864627],[1.925483,45.864508],[1.925633,45.864089],[1.925805,45.86394],[1.924989,45.863028],[1.924131,45.862939],[1.923466,45.862685],[1.923165,45.861131],[1.922543,45.859816],[1.9225,45.859024],[1.922929,45.85862],[1.923509,45.858336],[1.92441,45.855332],[1.92426,45.855048],[1.924603,45.85472],[1.924882,45.853121],[1.924646,45.852837],[1.924217,45.851477],[1.925182,45.850924],[1.92544,45.850341],[1.925826,45.849952],[1.926084,45.848995],[1.926019,45.847994],[1.925247,45.847874],[1.924453,45.847471],[1.924045,45.846918],[1.923981,45.846455],[1.922758,45.845797],[1.921792,45.845124],[1.920998,45.844736],[1.919668,45.844392],[1.917779,45.843674],[1.915312,45.842583],[1.914003,45.841731],[1.913381,45.841537],[1.911235,45.841193],[1.911449,45.840475],[1.911364,45.840117],[1.911986,45.839848],[1.912823,45.839728],[1.913273,45.839474],[1.91396,45.839354],[1.914775,45.839459],[1.915183,45.839354],[1.915097,45.838517],[1.914904,45.837934],[1.915312,45.837515],[1.916792,45.836992],[1.9169,45.83632],[1.918037,45.835587],[1.918788,45.835318],[1.919088,45.834884],[1.920354,45.834406],[1.921427,45.834525],[1.921749,45.834271],[1.922522,45.833315],[1.923637,45.832881],[1.923981,45.832104],[1.926856,45.8317],[1.926792,45.831221],[1.926577,45.830788],[1.926513,45.83007],[1.926191,45.829397],[1.926234,45.829038],[1.926577,45.82865],[1.927457,45.828201],[1.927264,45.827543],[1.927006,45.826826],[1.927114,45.826123],[1.926877,45.825659],[1.926363,45.825166],[1.926405,45.824687],[1.927435,45.82373],[1.928444,45.823252],[1.929345,45.822848],[1.929495,45.822549],[1.930289,45.82225],[1.930053,45.820755],[1.931319,45.820426],[1.932027,45.820665],[1.934366,45.819603],[1.934924,45.819573],[1.934988,45.819364],[1.934001,45.817659],[1.933722,45.816926],[1.934066,45.816313],[1.933937,45.815939],[1.933422,45.815565],[1.933293,45.815251],[1.932285,45.814264],[1.932113,45.813965],[1.933143,45.813247],[1.933572,45.812514],[1.933572,45.811243],[1.932092,45.811587],[1.931448,45.811467],[1.930783,45.811527],[1.930289,45.811198],[1.929324,45.810271],[1.928144,45.81048],[1.927757,45.810361],[1.927199,45.810301],[1.926942,45.810047],[1.925912,45.808446],[1.926126,45.807833],[1.92589,45.807309],[1.92486,45.806457],[1.92441,45.806292],[1.923895,45.805514],[1.923723,45.804946],[1.923745,45.804662],[1.923337,45.804572],[1.922328,45.804811],[1.921942,45.804767],[1.921363,45.804422],[1.920226,45.804856],[1.918616,45.805245],[1.917822,45.805858],[1.917243,45.805739],[1.91823,45.804856],[1.919153,45.803794],[1.919088,45.802747],[1.919432,45.802343],[1.919711,45.80167],[1.920183,45.801476],[1.920784,45.800578],[1.920912,45.800204],[1.921685,45.799292],[1.923144,45.798379],[1.925504,45.797048],[1.926234,45.796928],[1.927135,45.797242],[1.927907,45.79781],[1.928787,45.798918],[1.929023,45.798828],[1.929495,45.798259],[1.930289,45.796464],[1.930912,45.796539],[1.931298,45.796285],[1.932199,45.796285],[1.9328,45.79594],[1.933744,45.795821],[1.93413,45.795955],[1.934474,45.796374],[1.934946,45.796494],[1.935589,45.796329],[1.934988,45.795686],[1.934817,45.795327],[1.933615,45.794923],[1.933293,45.793502],[1.933057,45.793008],[1.933165,45.792664],[1.933787,45.792275],[1.933959,45.791886],[1.934366,45.791437],[1.93383,45.789791],[1.934495,45.788968],[1.934817,45.788086],[1.935225,45.787861],[1.935825,45.787831],[1.936469,45.787143],[1.937134,45.786829],[1.937177,45.786529],[1.936877,45.785841],[1.936984,45.785272],[1.936576,45.784135],[1.936877,45.783686],[1.937735,45.783043],[1.938121,45.782355],[1.938164,45.781098],[1.938872,45.779766],[1.939645,45.779017],[1.939645,45.778269],[1.939237,45.777162],[1.939001,45.776862],[1.93928,45.776129],[1.939108,45.77562],[1.937156,45.773854],[1.936598,45.773076],[1.935654,45.772372],[1.933959,45.771489],[1.932778,45.770816],[1.931791,45.770397],[1.932242,45.770202],[1.931834,45.769873],[1.930697,45.769678],[1.929903,45.769409],[1.929173,45.769529],[1.928551,45.768855],[1.927779,45.767523],[1.92765,45.766879],[1.92765,45.766236],[1.927521,45.766086],[1.927242,45.765517],[1.926749,45.765023],[1.925976,45.764724],[1.925697,45.764409],[1.924903,45.76414],[1.924903,45.763886],[1.92456,45.763511],[1.923938,45.762074],[1.923358,45.761625],[1.922865,45.76164],[1.922371,45.76179],[1.921427,45.761805],[1.921041,45.761625],[1.920547,45.761191],[1.919432,45.760697],[1.918616,45.760517],[1.918595,45.760338],[1.919024,45.760053],[1.91926,45.759454],[1.919818,45.759335],[1.919882,45.759155],[1.920462,45.758871],[1.920419,45.758736],[1.919775,45.758601],[1.918681,45.758257],[1.917565,45.758197],[1.916943,45.758272],[1.916964,45.758676],[1.917222,45.759005],[1.917286,45.759484],[1.917157,45.759784],[1.916707,45.759859],[1.916192,45.759754],[1.915441,45.759469],[1.914389,45.75923],[1.913745,45.75932],[1.913359,45.759245],[1.91293,45.758901],[1.912394,45.758661],[1.911857,45.758122],[1.911428,45.758077],[1.910334,45.758931],[1.910055,45.759425],[1.909089,45.759275],[1.908145,45.759574],[1.907823,45.759544],[1.907501,45.759784],[1.906922,45.758945],[1.906149,45.758481],[1.904712,45.756939],[1.904583,45.755188],[1.904089,45.75393],[1.903553,45.753077],[1.903381,45.751939],[1.903038,45.750726],[1.903338,45.749828],[1.903188,45.749408],[1.902587,45.748959],[1.902051,45.74878],[1.901278,45.747956],[1.900527,45.747731],[1.900249,45.747252],[1.899991,45.746593],[1.899025,45.745545],[1.898618,45.744602],[1.898961,45.744123],[1.898746,45.743299],[1.898403,45.743015],[1.898038,45.742955],[1.897244,45.743149],[1.896043,45.742475],[1.89527,45.742266],[1.89482,45.742251],[1.893532,45.74246],[1.893146,45.742311],[1.891773,45.741442],[1.891408,45.740918],[1.890678,45.740633],[1.890528,45.740064],[1.889927,45.739331],[1.889412,45.739196],[1.889048,45.738806],[1.889133,45.737983],[1.887932,45.737009],[1.886902,45.735736],[1.886773,45.735062],[1.886408,45.734358],[1.88658,45.7334],[1.887031,45.73349],[1.887889,45.734029],[1.888812,45.734418],[1.889327,45.734194],[1.889777,45.73343],[1.889691,45.732591],[1.889026,45.732082],[1.887975,45.731812],[1.887782,45.731618],[1.887438,45.730659],[1.887674,45.730255],[1.887202,45.729431],[1.887374,45.728547],[1.886408,45.727349],[1.885507,45.727154],[1.885207,45.726944],[1.884992,45.726045],[1.884992,45.725416],[1.884584,45.724697],[1.88379,45.723933],[1.883361,45.723784],[1.882267,45.724038],[1.881773,45.724038],[1.880121,45.72281],[1.879799,45.722301],[1.879671,45.721042],[1.879156,45.721177],[1.878898,45.721551],[1.878684,45.721566],[1.877482,45.720743],[1.876087,45.720263],[1.875122,45.719844],[1.874628,45.719349],[1.873555,45.719035],[1.872611,45.71872],[1.872332,45.71881],[1.87171,45.719694],[1.871753,45.720263],[1.871431,45.720728],[1.870186,45.720713],[1.868834,45.720922],[1.866581,45.720218],[1.865101,45.719604],[1.864672,45.718945],[1.864285,45.71878],[1.864264,45.718346],[1.863492,45.717447],[1.862483,45.716653],[1.859994,45.715604],[1.859372,45.715454],[1.858642,45.715154],[1.857827,45.715079],[1.857398,45.71472],[1.856754,45.71448],[1.858084,45.713881],[1.858149,45.713461],[1.857677,45.711753],[1.857934,45.711454],[1.859758,45.711199],[1.861882,45.711109],[1.862247,45.710794],[1.861904,45.709506],[1.862826,45.708832],[1.863277,45.707648],[1.862934,45.706929],[1.863127,45.706719],[1.864028,45.706359],[1.866496,45.706944],[1.869006,45.706614],[1.869736,45.706014],[1.869349,45.705295],[1.869843,45.704471],[1.870122,45.704246],[1.870487,45.703602],[1.870916,45.703197],[1.871066,45.702598],[1.871452,45.701908],[1.871474,45.700964],[1.871817,45.700395],[1.871688,45.699076],[1.871259,45.697098],[1.871517,45.695719],[1.871173,45.695164],[1.871045,45.694835],[1.870551,45.69464],[1.869736,45.69458],[1.868856,45.692691],[1.868019,45.692197],[1.867976,45.691462],[1.867847,45.690938],[1.868126,45.690143],[1.867483,45.689814],[1.867375,45.689604],[1.867054,45.689394],[1.866174,45.688195],[1.865702,45.687805],[1.864843,45.68776],[1.864929,45.68746],[1.865251,45.687265],[1.865959,45.68719],[1.866345,45.686756],[1.866131,45.686411],[1.865337,45.686156],[1.865444,45.685661],[1.865273,45.684987],[1.864951,45.685287],[1.864221,45.685437],[1.863449,45.685257],[1.863363,45.684687],[1.862955,45.684417],[1.862075,45.684762],[1.861689,45.685437],[1.861346,45.685497],[1.860917,45.685182],[1.860573,45.685242],[1.860123,45.685616],[1.859822,45.686081],[1.859093,45.686816],[1.8589,45.685901],[1.858428,45.685572],[1.857805,45.685347],[1.856067,45.684147],[1.855316,45.683848],[1.855016,45.683593],[1.854115,45.683308],[1.853514,45.682708],[1.852055,45.682573],[1.851432,45.682379],[1.850188,45.682678],[1.848729,45.683788],[1.8483,45.683728],[1.847377,45.683518],[1.846797,45.683533],[1.846561,45.683698],[1.846519,45.684117],[1.846282,45.684342],[1.845553,45.683758],[1.845338,45.682618],[1.845059,45.682289],[1.843879,45.681254],[1.843665,45.680789],[1.844008,45.68007],[1.843708,45.679125],[1.843107,45.678256],[1.843987,45.677851],[1.844437,45.677161],[1.845167,45.676832],[1.845489,45.676412],[1.846282,45.676067],[1.845896,45.673803],[1.846218,45.672648],[1.846797,45.672004],[1.847076,45.671389],[1.847827,45.671119],[1.847892,45.670729],[1.847527,45.66989],[1.847484,45.669095],[1.847827,45.667115],[1.847742,45.665931],[1.847506,45.665181],[1.847098,45.664641],[1.846797,45.663906],[1.846368,45.663127],[1.846068,45.662602],[1.846111,45.662167],[1.845725,45.661642],[1.844845,45.661252],[1.843557,45.660967],[1.842871,45.660697],[1.843214,45.660337],[1.843128,45.660112],[1.842635,45.659887],[1.842012,45.657743],[1.841733,45.657263],[1.84212,45.656318],[1.842549,45.655973],[1.843514,45.655013],[1.842678,45.654548],[1.842635,45.654083],[1.842356,45.653918],[1.841562,45.653828],[1.841412,45.653588],[1.84094,45.651548],[1.840189,45.650348],[1.838772,45.649943],[1.838515,45.649658],[1.838322,45.649253],[1.83727,45.648263],[1.836326,45.647543],[1.835983,45.647603],[1.835318,45.647888],[1.833708,45.648068],[1.832657,45.647933],[1.832013,45.647543],[1.831605,45.647003],[1.830983,45.646823],[1.830425,45.646373],[1.828816,45.646538],[1.827121,45.646868],[1.827142,45.647318],[1.826756,45.647573],[1.826305,45.647258],[1.825726,45.646658],[1.825683,45.645983],[1.826177,45.644903],[1.825919,45.644783],[1.825297,45.644903],[1.823859,45.644393],[1.823838,45.643958],[1.824846,45.641468],[1.824224,45.641153],[1.824138,45.640823],[1.822529,45.640043],[1.822443,45.639473],[1.822014,45.638962],[1.821263,45.638392],[1.821048,45.637717],[1.821005,45.637012],[1.819868,45.636457],[1.818881,45.635767],[1.817636,45.635242],[1.817594,45.634882],[1.817808,45.634041],[1.817765,45.633726],[1.817894,45.633291],[1.8174,45.631671],[1.81695,45.629285],[1.8171,45.628265],[1.817336,45.627409],[1.817336,45.626869],[1.817186,45.626524],[1.816864,45.626239],[1.816671,45.625338],[1.816242,45.624393],[1.816242,45.623703],[1.816092,45.622982],[1.816113,45.622307],[1.816456,45.621557],[1.816199,45.620896],[1.815255,45.620581],[1.81416,45.620776],[1.813238,45.620386],[1.812143,45.620296],[1.810856,45.620521],[1.811156,45.619711],[1.811607,45.61875],[1.811907,45.618405],[1.811993,45.61782],[1.812766,45.617474],[1.813452,45.616694],[1.813903,45.615959],[1.813216,45.615373],[1.813538,45.614233],[1.813173,45.613002],[1.81283,45.612416],[1.812272,45.612146],[1.812315,45.61045],[1.811671,45.609715],[1.811585,45.608964],[1.810577,45.608123],[1.810083,45.607463],[1.809311,45.606847],[1.808732,45.606037],[1.808002,45.605466],[1.807616,45.605256],[1.80753,45.604671],[1.808345,45.604716],[1.808689,45.604986],[1.810405,45.605421],[1.810942,45.605256],[1.811628,45.604521],[1.812079,45.604371],[1.813066,45.604536],[1.813538,45.604386],[1.814332,45.60419],[1.815104,45.604175],[1.815405,45.603545],[1.816349,45.603335],[1.816864,45.603185],[1.816993,45.602959],[1.816607,45.602584],[1.815877,45.602509],[1.814568,45.601533],[1.814654,45.600707],[1.81401,45.598546],[1.81313,45.597645],[1.812401,45.596549],[1.8115,45.596128],[1.811328,45.595693],[1.811242,45.595167],[1.80944,45.594477],[1.809332,45.593216],[1.809011,45.592585],[1.809633,45.59272],[1.810513,45.592585],[1.810963,45.59227],[1.811693,45.591684],[1.813173,45.591654],[1.813946,45.591339],[1.815233,45.590528],[1.816242,45.589447],[1.816714,45.588771],[1.816907,45.58778],[1.817465,45.586894],[1.818409,45.586564],[1.818688,45.586293],[1.818774,45.585753],[1.819375,45.585723],[1.820383,45.585137],[1.820512,45.584972],[1.821499,45.584596],[1.823666,45.584686],[1.824696,45.584581],[1.824718,45.583981],[1.825447,45.58368],[1.825533,45.583095],[1.825168,45.583095],[1.825168,45.582749],[1.824181,45.581398],[1.824267,45.580767],[1.824095,45.580376],[1.823215,45.5797],[1.821971,45.579115],[1.821306,45.578379],[1.820962,45.578078],[1.820383,45.578138],[1.82019,45.577973],[1.820126,45.577673],[1.818817,45.576742],[1.818173,45.576501],[1.817765,45.576081],[1.817207,45.575901],[1.816649,45.575856],[1.815941,45.57539],[1.815856,45.574864],[1.815083,45.574203],[1.815212,45.573257],[1.815083,45.573017],[1.813667,45.572431],[1.813452,45.571049],[1.812572,45.571515],[1.812208,45.571259],[1.811714,45.571109],[1.810727,45.570538],[1.810083,45.569938],[1.809826,45.569277],[1.809955,45.568751],[1.810341,45.568165],[1.810341,45.567865],[1.810834,45.567279],[1.810598,45.566407],[1.810277,45.566272],[1.810148,45.565476],[1.810255,45.56471],[1.81047,45.564334],[1.811113,45.564019],[1.811199,45.563778],[1.810727,45.563433],[1.810191,45.563223],[1.809826,45.562787],[1.80959,45.562126],[1.80959,45.561645],[1.809804,45.56127],[1.809783,45.560714],[1.809525,45.560143],[1.808817,45.559422],[1.808281,45.558655],[1.807873,45.558385],[1.807187,45.558355],[1.806865,45.558145],[1.806436,45.557288],[1.806371,45.556747],[1.806049,45.556372],[1.805899,45.555831],[1.805921,45.555395],[1.80577,45.554929],[1.805985,45.554343],[1.805964,45.554178],[1.805363,45.553832],[1.805255,45.553262],[1.805449,45.55248],[1.804955,45.55209],[1.804011,45.551909],[1.803153,45.550797],[1.803002,45.549866],[1.802809,45.549505],[1.802509,45.548784],[1.802659,45.548168],[1.801994,45.548393],[1.80135,45.548303],[1.800749,45.548333],[1.800234,45.548243],[1.799033,45.548363],[1.798131,45.548183],[1.797595,45.547927],[1.797788,45.546439],[1.797938,45.546004],[1.797874,45.545463],[1.797445,45.545388],[1.797187,45.545117],[1.796587,45.544892],[1.796672,45.544396],[1.796522,45.543855],[1.796415,45.542953],[1.795599,45.54157],[1.795149,45.5413],[1.794333,45.541074],[1.79517,45.540428],[1.794612,45.540533],[1.794956,45.540037],[1.79487,45.539662],[1.794398,45.539226],[1.794243,45.539203],[1.793882,45.539307],[1.793571,45.539054],[1.7935,45.538885],[1.793578,45.538538],[1.793578,45.538405],[1.793812,45.538206],[1.793528,45.537943],[1.793868,45.537735],[1.79372,45.537502],[1.793684,45.537259],[1.793755,45.537011],[1.793593,45.536884],[1.795382,45.534776],[1.796163,45.536086],[1.796472,45.535984],[1.796553,45.535391],[1.797008,45.534902],[1.79722,45.534571],[1.798033,45.533797],[1.798846,45.533364],[1.79761,45.53153],[1.797838,45.531108],[1.797659,45.530368],[1.797854,45.530083],[1.798309,45.529832],[1.798553,45.529137],[1.798423,45.52875],[1.798472,45.528203],[1.798797,45.527827],[1.798813,45.52703],[1.79909,45.526665],[1.799529,45.526585],[1.800082,45.527041],[1.800456,45.527041],[1.801058,45.526745],[1.801806,45.526483],[1.802001,45.526597],[1.80231,45.526472],[1.802733,45.526449],[1.803042,45.525959],[1.803042,45.525708],[1.80322,45.524512],[1.803074,45.523133],[1.804164,45.522666],[1.804554,45.52196],[1.804879,45.521641],[1.805009,45.521322],[1.805513,45.520718],[1.805562,45.519487],[1.805204,45.519009],[1.805741,45.51869],[1.805839,45.517995],[1.805806,45.517186],[1.805887,45.51673],[1.805676,45.515579],[1.805936,45.515226],[1.806196,45.514314],[1.806668,45.514006],[1.806701,45.513687],[1.806375,45.513095],[1.806196,45.512536],[1.806261,45.512229],[1.806148,45.511682],[1.806326,45.511249],[1.806326,45.510884],[1.806766,45.510303],[1.807107,45.50995],[1.807172,45.509494],[1.806977,45.509266],[1.806814,45.508799],[1.807026,45.508092],[1.806977,45.507762],[1.806587,45.507522],[1.806164,45.507522],[1.805692,45.507693],[1.805481,45.506702],[1.805253,45.505015],[1.804977,45.504696],[1.805042,45.503624],[1.805253,45.503305],[1.805172,45.50277],[1.80483,45.502371],[1.805107,45.501881],[1.8047,45.501379],[1.804928,45.500957],[1.804684,45.500182],[1.80457,45.499441],[1.804212,45.49902],[1.803497,45.49845],[1.803042,45.4978],[1.802163,45.496432],[1.801692,45.49609],[1.801204,45.495498],[1.800554,45.495064],[1.800293,45.494472],[1.800066,45.494323],[1.80044,45.493867],[1.801432,45.493229],[1.802765,45.493491],[1.803903,45.492716],[1.805969,45.492351],[1.807579,45.491166],[1.807823,45.487689],[1.804749,45.485671],[1.804993,45.485329],[1.805074,45.484781],[1.805887,45.484873],[1.806408,45.484838],[1.806733,45.484565],[1.806684,45.484109],[1.80753,45.483641],[1.808001,45.483561],[1.808863,45.48355],[1.809498,45.483185],[1.809367,45.48233],[1.809628,45.48225],[1.810538,45.482364],[1.810473,45.481977],[1.810538,45.481828],[1.810506,45.481099],[1.810815,45.480643],[1.810099,45.480027],[1.810522,45.47997],[1.812002,45.479491],[1.812717,45.479616],[1.813953,45.479445],[1.814766,45.479491],[1.817417,45.480232],[1.818799,45.480472],[1.81958,45.48038],[1.820686,45.48005],[1.821515,45.47989],[1.8221,45.479879],[1.823158,45.479434],[1.82371,45.47932],[1.824052,45.479081],[1.824637,45.478864],[1.825711,45.47859],[1.826101,45.477997],[1.827077,45.47737],[1.827142,45.477005],[1.827142,45.476583],[1.827581,45.476013],[1.828231,45.475671],[1.829288,45.475523],[1.830313,45.475785],[1.831223,45.47615],[1.830898,45.475512],[1.830817,45.475021],[1.830394,45.47469],[1.829044,45.474565],[1.826719,45.473026],[1.826101,45.472341],[1.824881,45.4716],[1.824377,45.470813],[1.823792,45.470756],[1.824052,45.470562],[1.823792,45.4703],[1.822214,45.470049],[1.82093,45.469718],[1.819303,45.469114],[1.818799,45.468384],[1.81906,45.467187],[1.818718,45.466445],[1.818539,45.465887],[1.818003,45.465453],[1.817157,45.46397],[1.817271,45.463012],[1.816945,45.461815],[1.816767,45.461222],[1.816913,45.459956],[1.816067,45.459967],[1.816279,45.45926],[1.817238,45.458701],[1.817157,45.458553],[1.818165,45.458142],[1.81823,45.457754],[1.818165,45.45626],[1.818702,45.45529],[1.819499,45.454982],[1.820344,45.454834],[1.821157,45.454823],[1.821483,45.454469],[1.822377,45.454412],[1.823353,45.453967],[1.823987,45.453511],[1.825353,45.452461],[1.826231,45.451457],[1.826751,45.45059],[1.827857,45.4497],[1.82893,45.449518],[1.82963,45.449005],[1.829874,45.448537],[1.830849,45.44775],[1.830963,45.446517],[1.831256,45.445753],[1.831662,45.445456],[1.832085,45.445331],[1.831126,45.443962],[1.830492,45.44346],[1.829988,45.443334],[1.82937,45.443277],[1.829922,45.442296],[1.830475,45.440858],[1.830459,45.440596],[1.83002,45.439649],[1.829012,45.439033],[1.828378,45.438839],[1.828264,45.438325],[1.827695,45.43796],[1.827532,45.437629],[1.827434,45.437104],[1.827028,45.436454],[1.826865,45.435952],[1.826247,45.435701],[1.825255,45.435644],[1.824979,45.435507],[1.824589,45.435598],[1.824036,45.436191],[1.823662,45.436317],[1.823304,45.436169],[1.822605,45.435667],[1.821775,45.435689],[1.821157,45.43553],[1.821109,45.435347],[1.821174,45.434856],[1.820816,45.434354],[1.819336,45.434069],[1.817775,45.433304],[1.816994,45.433236],[1.815986,45.433293],[1.815271,45.433601],[1.814653,45.434046],[1.813823,45.433875],[1.813791,45.43343],[1.814035,45.432643],[1.812327,45.431524],[1.81101,45.43117],[1.810067,45.430326],[1.808603,45.429276],[1.807904,45.428523],[1.807741,45.42753],[1.80779,45.427062],[1.807449,45.425259],[1.806814,45.425019],[1.805806,45.425133],[1.804782,45.424939],[1.804034,45.42454],[1.803318,45.423581],[1.803286,45.42325],[1.80296,45.423159],[1.802716,45.422953],[1.802814,45.422691],[1.802595,45.422364],[1.802284,45.422251],[1.802176,45.421972],[1.802397,45.421838],[1.802351,45.421604],[1.801881,45.421508],[1.802108,45.42121],[1.801866,45.420794],[1.801395,45.420603],[1.800288,45.419804],[1.799848,45.419357],[1.799104,45.418835],[1.798877,45.418451],[1.798862,45.418015],[1.799226,45.417333],[1.799271,45.416992],[1.798892,45.416769],[1.798153,45.416738],[1.796865,45.415774],[1.796222,45.415609],[1.79605,45.414871],[1.796136,45.413997],[1.794462,45.413741],[1.795106,45.413078],[1.793067,45.412611],[1.793303,45.41234],[1.794248,45.411888],[1.793776,45.411014],[1.792853,45.410563],[1.790686,45.412355],[1.789699,45.411647],[1.789334,45.411617],[1.789233,45.411653],[1.789233,45.411653],[1.78885,45.411922],[1.787543,45.412301],[1.786601,45.412301],[1.786444,45.412008],[1.78634,45.411518],[1.785782,45.411176],[1.78519,45.410919],[1.784458,45.410833],[1.782575,45.410319],[1.782105,45.410441],[1.781669,45.410221],[1.781233,45.409707],[1.780031,45.40934],[1.779351,45.408496],[1.779142,45.408019],[1.778723,45.407529],[1.778776,45.407138],[1.77949,45.406587],[1.779978,45.406085],[1.779943,45.405657],[1.779543,45.405266],[1.779194,45.404752],[1.778793,45.404715],[1.778445,45.405107],[1.774506,45.405902],[1.774593,45.406465],[1.773198,45.406232],[1.772798,45.40633],[1.771822,45.406404],[1.771334,45.406196],[1.771368,45.40562],[1.77102,45.405266],[1.769521,45.405045],[1.769103,45.405107],[1.768249,45.405315],[1.767621,45.405461],[1.767534,45.40578],[1.767116,45.405902],[1.766122,45.405559],[1.766541,45.405988],[1.766436,45.40704],[1.767116,45.408141],[1.768458,45.409438],[1.768928,45.410992],[1.769486,45.411518],[1.767726,45.411898],[1.766628,45.411922],[1.76363,45.412228],[1.762061,45.412522],[1.761678,45.412852],[1.759639,45.41191],[1.758854,45.411298],[1.758053,45.411066],[1.757094,45.411274],[1.7557,45.412546],[1.754358,45.412864],[1.753486,45.412876],[1.752632,45.413072],[1.751482,45.412522],[1.750488,45.411714],[1.749617,45.411518],[1.74885,45.411641],[1.747787,45.411482],[1.746549,45.411873],[1.745469,45.412032],[1.744423,45.412411],[1.743691,45.413121],[1.742837,45.413574],[1.741983,45.413757],[1.740972,45.413794],[1.740833,45.413353],[1.740362,45.412913],[1.739316,45.412411],[1.737713,45.411176],[1.736475,45.409928],[1.736179,45.409463],[1.735587,45.409683],[1.734907,45.410246],[1.734558,45.41038],[1.73407,45.410992],[1.733896,45.411322],[1.733547,45.411555],[1.73292,45.412118],[1.732327,45.41339],[1.731752,45.413757],[1.730985,45.41454],[1.730567,45.415299],[1.730863,45.415507],[1.729225,45.417073],[1.727587,45.418834],[1.728005,45.419006],[1.728528,45.422407],[1.729521,45.423434],[1.729504,45.42396],[1.72994,45.425661],[1.730602,45.426896],[1.730166,45.427875],[1.729887,45.428914],[1.729486,45.429428],[1.728911,45.428767],[1.728127,45.428376],[1.727412,45.427508],[1.72668,45.427226],[1.725216,45.42741],[1.724606,45.427324],[1.723857,45.42752],[1.72302,45.427887],[1.722062,45.427703],[1.72173,45.427434],[1.721364,45.427544],[1.720772,45.427972],[1.720458,45.428315],[1.719674,45.428608],[1.719029,45.428731],[1.71814,45.428498],[1.7176,45.427875],[1.717443,45.427495],[1.716083,45.426505],[1.71502,45.425991],[1.714097,45.426382],[1.713591,45.427031],[1.713574,45.427556],[1.713243,45.427887],[1.713382,45.428205],[1.713086,45.428645],[1.712423,45.428975],[1.712336,45.429611],[1.711831,45.429465],[1.709722,45.429942],[1.708258,45.430174],[1.707421,45.430382],[1.706811,45.430394],[1.706044,45.430529],[1.704145,45.432351],[1.703134,45.43163],[1.701844,45.431544],[1.700589,45.431299],[1.700171,45.431055],[1.699142,45.431067],[1.698724,45.430994],[1.697731,45.431006],[1.69543,45.431299],[1.69421,45.431287],[1.692763,45.431495],[1.69184,45.431923],[1.690707,45.431948],[1.689609,45.431397],[1.689138,45.431385],[1.688371,45.431201],[1.687343,45.431324],[1.68682,45.431544],[1.686175,45.431581],[1.684101,45.431263],[1.683944,45.430871],[1.683543,45.430529],[1.681556,45.430345],[1.681522,45.430553],[1.679116,45.430174],[1.678193,45.430235],[1.677478,45.430137],[1.677286,45.429599],[1.677461,45.429196],[1.678106,45.428352],[1.678193,45.427936],[1.678001,45.427654],[1.678123,45.427018],[1.677757,45.426676],[1.678524,45.426382],[1.67828,45.426199],[1.676886,45.426101],[1.676275,45.426187],[1.67584,45.426076],[1.67509,45.425379],[1.675055,45.424804],[1.674759,45.424584],[1.674201,45.424572],[1.672563,45.425257],[1.669635,45.424976],[1.668537,45.424278],[1.667753,45.423972],[1.667683,45.423104],[1.667021,45.422468],[1.66669,45.421819],[1.666742,45.421587],[1.666968,45.421208],[1.667317,45.420217],[1.666289,45.419887],[1.665609,45.420009],[1.665103,45.420033],[1.664197,45.420278],[1.663273,45.420315],[1.662942,45.420217],[1.662524,45.420205],[1.662263,45.420254],[1.660502,45.420266],[1.65984,45.419972],[1.659735,45.419691],[1.65916,45.420168],[1.658655,45.420731],[1.657975,45.420706],[1.657522,45.420559],[1.657417,45.421244],[1.655762,45.42122],[1.655239,45.421318],[1.65421,45.421049],[1.653339,45.421073],[1.653025,45.421012],[1.651735,45.42166],[1.650812,45.421832],[1.650167,45.422125],[1.649801,45.422566],[1.649104,45.422884],[1.648633,45.422969],[1.648145,45.423177],[1.647762,45.42259],[1.646977,45.422113],[1.647378,45.421367],[1.647709,45.42051],[1.647657,45.419581],[1.64743,45.419177],[1.647239,45.419153],[1.646524,45.419764],[1.645618,45.419617],[1.645025,45.419813],[1.644345,45.419764],[1.644171,45.419532],[1.645147,45.418773],[1.644851,45.418761],[1.644328,45.417746],[1.644624,45.417354],[1.644607,45.416461],[1.644781,45.415751],[1.645548,45.415189],[1.646036,45.414528],[1.645949,45.414234],[1.645391,45.413231],[1.645008,45.412314],[1.645757,45.411885],[1.64506,45.411225],[1.644624,45.41142],[1.644067,45.410833],[1.643892,45.410246],[1.643474,45.409744],[1.643195,45.408949],[1.642463,45.408337],[1.641522,45.407223],[1.641731,45.406905],[1.641836,45.406489],[1.641348,45.406037],[1.641278,45.404666],[1.641086,45.404238],[1.640476,45.404042],[1.640354,45.403712],[1.640441,45.403295],[1.637792,45.403871],[1.637252,45.404164],[1.63537,45.406012],[1.634237,45.406734],[1.633348,45.407652],[1.632685,45.40808],[1.631762,45.408276],[1.629792,45.408166],[1.62906,45.408227],[1.628293,45.408618],[1.627509,45.40923],[1.626638,45.409585],[1.625017,45.409683],[1.624372,45.409866],[1.623431,45.410368],[1.622629,45.410539],[1.621391,45.410503],[1.620781,45.410613],[1.619596,45.411127],[1.618917,45.411249],[1.616285,45.411078],[1.614751,45.410674],[1.611335,45.410833],[1.610376,45.410796],[1.609853,45.410613],[1.608494,45.409854],[1.607779,45.409781],[1.606856,45.409915],[1.603335,45.411212],[1.602307,45.411396],[1.601784,45.411543],[1.601069,45.411922],[1.598228,45.412399],[1.595039,45.412473],[1.594551,45.412411],[1.593278,45.412057],[1.592546,45.412118],[1.591936,45.412326],[1.591501,45.412607],[1.590751,45.413659],[1.590281,45.413953],[1.589095,45.414173],[1.587771,45.414577],[1.586132,45.415654],[1.584947,45.415972],[1.584424,45.416339],[1.583797,45.417048],[1.582751,45.417525],[1.581339,45.41777],[1.580625,45.418064],[1.580207,45.418565],[1.57991,45.419544],[1.579475,45.420009],[1.57883,45.420303],[1.577714,45.420584],[1.574246,45.421122],[1.573531,45.421122],[1.571405,45.420706],[1.569679,45.420156],[1.56886,45.420131],[1.568146,45.420327],[1.567605,45.420694],[1.567048,45.421575],[1.566019,45.42226],[1.565584,45.422615],[1.565392,45.423177],[1.565531,45.423801],[1.566734,45.425],[1.567588,45.425771],[1.567605,45.426346],[1.566769,45.426431],[1.565984,45.426419],[1.565653,45.426969],[1.565462,45.426884],[1.565688,45.426443],[1.56513,45.425893],[1.564451,45.425269],[1.56398,45.425135],[1.563248,45.425086],[1.562778,45.42489],[1.562917,45.424229],[1.562812,45.42363],[1.563056,45.422737],[1.563318,45.422627],[1.563126,45.422199],[1.563178,45.421501],[1.562725,45.420902],[1.562098,45.420633],[1.562098,45.420486],[1.561697,45.420192],[1.561226,45.419654],[1.560773,45.419299],[1.560303,45.41925],[1.55978,45.419018],[1.559379,45.418724],[1.556346,45.417978],[1.555893,45.417709],[1.555579,45.417317],[1.554324,45.416632],[1.553558,45.416033],[1.552616,45.415788],[1.551815,45.414773],[1.55117,45.41421],[1.550734,45.413965],[1.550455,45.413353],[1.550159,45.413023],[1.549897,45.412436],[1.549723,45.411751],[1.548974,45.411298],[1.548625,45.410919],[1.547963,45.411078],[1.547335,45.411053],[1.545889,45.410809],[1.544372,45.410344],[1.543606,45.410221],[1.541898,45.410246],[1.540573,45.409928],[1.539579,45.409536],[1.53822,45.40819],[1.538028,45.407835],[1.537749,45.407028],[1.535414,45.40737],[1.534316,45.407223],[1.533898,45.406979],[1.533514,45.406489],[1.532312,45.406171],[1.53151,45.40589],[1.530534,45.405694],[1.530081,45.405327],[1.529331,45.405058],[1.529244,45.404715],[1.529366,45.404225],[1.527414,45.40343],[1.527083,45.40283],[1.526037,45.402904],[1.52534,45.402843],[1.525026,45.402255],[1.525201,45.401448],[1.523458,45.399857],[1.523109,45.399759],[1.522726,45.399367],[1.522882,45.399037],[1.522621,45.397935],[1.522673,45.397544],[1.523126,45.396968],[1.523057,45.394863],[1.522691,45.392893],[1.522848,45.39222],[1.522743,45.391596],[1.522272,45.390996],[1.521802,45.390714],[1.521279,45.390249],[1.519153,45.389099],[1.51863,45.388499],[1.518752,45.387911],[1.519745,45.386577],[1.519658,45.386283],[1.518525,45.386283],[1.517723,45.385561],[1.517201,45.38528],[1.516503,45.38512],[1.514273,45.384202],[1.513819,45.383517],[1.513401,45.383296],[1.51285,45.382687],[1.512873,45.382542],[1.513045,45.382501],[1.513482,45.382081],[1.513057,45.381823],[1.512746,45.381298],[1.51285,45.38116],[1.513011,45.380813],[1.512907,45.380547],[1.513321,45.380466],[1.514218,45.380458],[1.514414,45.380312],[1.51497,45.379587],[1.515022,45.379122],[1.515283,45.378755],[1.514778,45.378583],[1.51436,45.378045],[1.514935,45.377751],[1.515493,45.377628],[1.515928,45.376722],[1.516312,45.376196],[1.51666,45.375976],[1.517131,45.375155],[1.517532,45.374947],[1.517096,45.373711],[1.518089,45.373539],[1.519728,45.373392],[1.520948,45.373502],[1.521924,45.373478],[1.523719,45.37409],[1.52412,45.374127],[1.524974,45.37469],[1.525113,45.374078],[1.525323,45.373649],[1.524887,45.372009],[1.524033,45.370833],[1.523527,45.370662],[1.523318,45.370392],[1.52351,45.370197],[1.523301,45.369633],[1.522656,45.36885],[1.522708,45.368078],[1.522499,45.367344],[1.522516,45.36705],[1.522325,45.366339],[1.522499,45.365715],[1.522586,45.365286],[1.522813,45.364809],[1.522778,45.364221],[1.523144,45.363621],[1.522325,45.363205],[1.521575,45.361196],[1.520338,45.361123],[1.519379,45.361147],[1.51849,45.360964],[1.518281,45.360474],[1.51795,45.360425],[1.517479,45.360559],[1.516904,45.360425],[1.516939,45.360168],[1.517427,45.359812],[1.51802,45.359714],[1.518717,45.359812],[1.519188,45.359678],[1.519588,45.359335],[1.519292,45.358318],[1.51849,45.357167],[1.518002,45.356996],[1.517601,45.356408],[1.517113,45.355918],[1.516695,45.355844],[1.516451,45.355881],[1.51612,45.355612],[1.515388,45.354007],[1.514952,45.353921],[1.51558,45.353395],[1.515702,45.352452],[1.515127,45.352011],[1.515266,45.350921],[1.51544,45.35059],[1.51558,45.349818],[1.515702,45.349537],[1.515545,45.349169],[1.515283,45.349022],[1.515127,45.348532],[1.514639,45.347871],[1.514517,45.34732],[1.515074,45.346327],[1.513907,45.34585],[1.513418,45.345764],[1.512826,45.345335],[1.511536,45.344674],[1.511432,45.344049],[1.51178,45.343571],[1.512617,45.342934],[1.513663,45.343106],[1.514133,45.342665],[1.514273,45.342175],[1.51375,45.341917],[1.513506,45.341574],[1.51375,45.341011],[1.514255,45.340656],[1.515249,45.340251],[1.515231,45.340055],[1.514604,45.339933],[1.514238,45.339737],[1.514133,45.339467],[1.513593,45.338977],[1.513122,45.338708],[1.513174,45.338107],[1.512146,45.337262],[1.511554,45.336588],[1.5107,45.336735],[1.510229,45.336931],[1.509689,45.33698],[1.509305,45.337054],[1.508817,45.336943],[1.50819,45.33698],[1.507719,45.336674],[1.507144,45.336662],[1.506273,45.336882],[1.50622,45.337029],[1.505122,45.336992],[1.504669,45.336306],[1.504251,45.335939],[1.504042,45.335608],[1.503798,45.335449],[1.504024,45.334922],[1.503833,45.334579],[1.50317,45.334505],[1.503223,45.334395],[1.504024,45.33415],[1.505053,45.333415],[1.505628,45.332864],[1.50561,45.332704],[1.50514,45.332202],[1.503833,45.33252],[1.503257,45.332545],[1.50195,45.332177],[1.501358,45.332312],[1.500835,45.332202],[1.499876,45.332177],[1.499371,45.332018],[1.499162,45.331283],[1.498813,45.331173],[1.498116,45.331356],[1.497541,45.331381],[1.497053,45.331528],[1.497244,45.331675],[1.49646,45.331798],[1.495327,45.331651],[1.495118,45.33192],[1.49463,45.332251],[1.494177,45.331994],[1.494177,45.331467],[1.493201,45.330842],[1.492835,45.330756],[1.492783,45.330254],[1.492312,45.330021],[1.490761,45.330634],[1.49036,45.330425],[1.490168,45.330511],[1.488948,45.329837],[1.488756,45.329408],[1.488478,45.329126],[1.488565,45.328771],[1.488756,45.328367],[1.488373,45.328207],[1.485985,45.327803],[1.485846,45.328036],[1.485863,45.328183],[1.485724,45.328428],[1.485096,45.328747],[1.484661,45.328808],[1.484242,45.328587],[1.483545,45.328551],[1.482778,45.328171],[1.481593,45.328011],[1.481262,45.327583],[1.480704,45.327313],[1.480094,45.327203],[1.478194,45.327656],[1.476992,45.328085],[1.476295,45.328122],[1.475841,45.327962],[1.475441,45.327962],[1.47504,45.327803],[1.474987,45.327558],[1.474639,45.327117],[1.473245,45.326872],[1.472077,45.326516],[1.47124,45.326357],[1.47016,45.325842],[1.47002,45.325536],[1.469584,45.325487],[1.470038,45.324936],[1.47117,45.324776],[1.472042,45.325132],[1.472251,45.325144],[1.473349,45.325671],[1.474465,45.32572],[1.475597,45.325218],[1.476382,45.324936],[1.477027,45.324556],[1.477532,45.323955],[1.47741,45.323428],[1.477497,45.322975],[1.477724,45.322448],[1.478438,45.321688],[1.479275,45.320965],[1.479711,45.320414],[1.480878,45.318661],[1.481244,45.317877],[1.48243,45.317313],[1.48229,45.317068],[1.48107,45.316345],[1.48114,45.316161],[1.482273,45.316014],[1.482709,45.315695],[1.482883,45.315389],[1.483615,45.315034],[1.483911,45.314494],[1.48419,45.314433],[1.484225,45.314212],[1.484643,45.31393],[1.485549,45.313918],[1.486264,45.313416],[1.486491,45.312705],[1.486194,45.312496],[1.485271,45.312362],[1.484783,45.312092],[1.484138,45.311222],[1.483092,45.310756],[1.482517,45.310339],[1.482569,45.309469],[1.482221,45.308942],[1.481889,45.308219],[1.481576,45.307912],[1.480373,45.307336],[1.480181,45.307017],[1.479746,45.306196],[1.479397,45.305865],[1.47877,45.305743],[1.478404,45.305461],[1.478142,45.304774],[1.47816,45.304284],[1.478404,45.30399],[1.47816,45.303377],[1.478282,45.302543],[1.478038,45.302384],[1.476887,45.302408],[1.47687,45.302322],[1.477375,45.301967],[1.477375,45.301317],[1.477567,45.301268],[1.477759,45.301072],[1.478752,45.300655],[1.478839,45.300116],[1.479467,45.299466],[1.480059,45.298988],[1.480077,45.298681],[1.479746,45.298191],[1.480059,45.297639],[1.480199,45.297271],[1.481122,45.296511],[1.480826,45.296205],[1.480861,45.295972],[1.481976,45.295739],[1.482186,45.295359],[1.482552,45.295187],[1.48243,45.294783],[1.482499,45.294415],[1.48182,45.294182],[1.481593,45.29336],[1.481262,45.292821],[1.481297,45.292416],[1.48114,45.29222],[1.48107,45.29092],[1.480809,45.289964],[1.480791,45.289253],[1.480931,45.288775],[1.480896,45.28799],[1.480478,45.286898],[1.480739,45.286432],[1.480512,45.286077],[1.480199,45.285071],[1.479972,45.284765],[1.479815,45.284348],[1.479519,45.284152],[1.479362,45.283735],[1.478717,45.283367],[1.478194,45.283355],[1.47795,45.283551],[1.477532,45.283624],[1.476521,45.283085],[1.475441,45.283011],[1.474604,45.283256],[1.474238,45.283661],[1.473506,45.283686],[1.47314,45.284139],[1.472684,45.284254],[1.472351,45.284481],[1.472017,45.284465],[1.471454,45.28402],[1.471178,45.283672],[1.471247,45.283551],[1.471925,45.28334],[1.471902,45.283235],[1.470937,45.283186],[1.470914,45.283025],[1.47173,45.282499],[1.472063,45.282119],[1.472144,45.281746],[1.471167,45.282086],[1.470672,45.282086],[1.470327,45.282005],[1.470178,45.281835],[1.469695,45.281803],[1.469384,45.281989],[1.469212,45.281617],[1.469407,45.280921],[1.468625,45.280646],[1.46797,45.280897],[1.467659,45.281423],[1.467613,45.282054],[1.466831,45.280905],[1.466555,45.280824],[1.466291,45.281657],[1.466383,45.282337],[1.466027,45.281965],[1.46521,45.281382],[1.465164,45.281026],[1.465233,45.28067],[1.465026,45.279837],[1.464992,45.279448],[1.465049,45.27919],[1.46498,45.278979],[1.465107,45.278817],[1.465544,45.278745],[1.46559,45.278591],[1.465371,45.278526],[1.464785,45.277757],[1.464757,45.276254],[1.464077,45.276278],[1.464112,45.276732],[1.463885,45.277272],[1.463885,45.27764],[1.463171,45.27813],[1.462648,45.278155],[1.462107,45.278486],[1.461567,45.278204],[1.46148,45.277578],[1.461166,45.277284],[1.460242,45.277026],[1.4589,45.275714],[1.456687,45.276217],[1.456408,45.275861],[1.455275,45.275064],[1.455327,45.274733],[1.455031,45.274512],[1.455467,45.273936],[1.455258,45.273126],[1.454909,45.27239],[1.454264,45.271789],[1.454055,45.270293],[1.454038,45.269446],[1.453637,45.268416],[1.453428,45.26741],[1.453271,45.266245],[1.453602,45.264797],[1.45172,45.260197],[1.451023,45.259449],[1.450569,45.258357],[1.450151,45.257756],[1.449942,45.257204],[1.448757,45.257621],[1.44738,45.257621],[1.446386,45.257486],[1.445097,45.257473],[1.446125,45.256664],[1.447188,45.254897],[1.448321,45.254541],[1.449872,45.252063],[1.451423,45.250738],[1.45165,45.250369],[1.452295,45.249817],[1.452713,45.248799],[1.45294,45.248124],[1.453619,45.247879],[1.44968,45.242737],[1.447868,45.241313],[1.446474,45.24108],[1.445463,45.240724],[1.444678,45.240233],[1.444696,45.239841],[1.445602,45.239313],[1.445288,45.239129],[1.445149,45.238687],[1.445306,45.238257],[1.444992,45.23784],[1.442796,45.236232],[1.441576,45.235606],[1.442186,45.235103],[1.441803,45.234686],[1.441768,45.234146],[1.441559,45.233753],[1.441733,45.233557],[1.441611,45.233299],[1.442291,45.23298],[1.441698,45.23228],[1.441332,45.23228],[1.441001,45.231961],[1.441036,45.231691],[1.44121,45.231568],[1.441018,45.230599],[1.440774,45.230218],[1.441088,45.229617],[1.441349,45.229555],[1.442029,45.22807],[1.44243,45.2278],[1.443563,45.227076],[1.444155,45.22629],[1.444173,45.225983],[1.444765,45.225836],[1.446142,45.224842],[1.447328,45.223479],[1.447868,45.222644],[1.448443,45.222006],[1.449262,45.221294],[1.450674,45.219735],[1.448739,45.219379],[1.449088,45.218495],[1.448582,45.218924],[1.448321,45.219563],[1.447972,45.219686],[1.447572,45.220152],[1.447328,45.220103],[1.447136,45.219293],[1.446282,45.219047],[1.446491,45.218495],[1.446369,45.218335],[1.445986,45.218519],[1.445253,45.218581],[1.444835,45.218912],[1.444957,45.218568],[1.445376,45.21809],[1.445323,45.217599],[1.445515,45.216837],[1.446474,45.21545],[1.446439,45.215192],[1.446038,45.214492],[1.446003,45.213596],[1.445742,45.212773],[1.444957,45.21227],[1.44487,45.211545],[1.44731,45.211877],[1.447728,45.210907],[1.447763,45.210084],[1.448216,45.209372],[1.448983,45.209004],[1.44968,45.208365],[1.449942,45.207972],[1.449768,45.207469],[1.451092,45.206855],[1.451737,45.20629],[1.451807,45.205357],[1.453741,45.205087],[1.454578,45.20473],[1.454961,45.203957],[1.454839,45.203257],[1.454874,45.202618],[1.454595,45.202127],[1.45402,45.201427],[1.453707,45.201329],[1.453445,45.201059],[1.452887,45.200973],[1.452887,45.200752],[1.453323,45.200641],[1.453654,45.200371],[1.453358,45.200002],[1.452905,45.199695],[1.452905,45.198959],[1.453253,45.198615],[1.453236,45.198013],[1.453829,45.197386],[1.45416,45.196576],[1.455066,45.195434],[1.45341,45.194402],[1.450099,45.193383],[1.450174,45.193198],[1.448479,45.190582],[1.447921,45.190219],[1.447792,45.189553],[1.447234,45.188313],[1.446655,45.186241],[1.445818,45.184668],[1.445518,45.183701],[1.445131,45.18358],[1.443844,45.182536],[1.442578,45.182067],[1.442599,45.181765],[1.442685,45.181507],[1.442213,45.180978],[1.441784,45.179889],[1.441784,45.178966],[1.440947,45.178225],[1.439488,45.178029],[1.438136,45.177651],[1.437471,45.177348],[1.438093,45.17697],[1.438694,45.176773],[1.440818,45.175185],[1.441441,45.175079],[1.442728,45.175245],[1.443415,45.1752],[1.44393,45.174943],[1.444788,45.174898],[1.445861,45.17514],[1.447127,45.174867],[1.448007,45.174761],[1.448522,45.174519],[1.449616,45.174565],[1.451826,45.173718],[1.452706,45.17278],[1.453285,45.17281],[1.454058,45.171676],[1.454659,45.171176],[1.455667,45.169709],[1.455882,45.168514],[1.455882,45.167757],[1.456032,45.167152],[1.455946,45.166698],[1.456032,45.166502],[1.455817,45.166033],[1.455431,45.165957],[1.45541,45.1657],[1.455667,45.165382],[1.456139,45.165246],[1.454916,45.163748],[1.454766,45.163234],[1.454401,45.163264],[1.453671,45.163945],[1.449831,45.163658],[1.448779,45.163355],[1.447513,45.16334],[1.445947,45.163158],[1.445153,45.162266],[1.444895,45.161751],[1.44423,45.161479],[1.444252,45.161131],[1.443887,45.160783],[1.444488,45.159799],[1.44511,45.159315],[1.445518,45.157847],[1.445925,45.157348],[1.445968,45.157076],[1.445045,45.15638],[1.444037,45.15635],[1.443329,45.15641],[1.443543,45.155941],[1.442428,45.155351],[1.442127,45.153807],[1.441934,45.153384],[1.441698,45.151976],[1.441441,45.151568],[1.441162,45.15063],[1.441076,45.149585],[1.44275,45.148102],[1.443865,45.14674],[1.444187,45.146468],[1.443672,45.146135],[1.443522,45.145847],[1.443822,45.144288],[1.443286,45.143017],[1.444144,45.142896],[1.44408,45.142563],[1.444831,45.1422],[1.445131,45.142442],[1.446247,45.141988],[1.445818,45.140762],[1.446419,45.140701],[1.449273,45.139657],[1.448565,45.138416],[1.448565,45.137992],[1.448286,45.137705],[1.448693,45.137326],[1.449358,45.137583],[1.449573,45.137493],[1.449509,45.137114],[1.449616,45.136978],[1.449594,45.136675],[1.449852,45.136327],[1.449873,45.136009],[1.450174,45.135449],[1.451225,45.134405],[1.451719,45.134632],[1.452062,45.133935],[1.452298,45.132694],[1.452491,45.13112],[1.453006,45.129727],[1.453221,45.128743],[1.453114,45.128365],[1.453307,45.127699],[1.453264,45.126987],[1.453564,45.126215],[1.453822,45.125806],[1.453886,45.124898],[1.453586,45.124262],[1.453843,45.124005],[1.454186,45.123959],[1.45571,45.124186],[1.45601,45.12411],[1.456397,45.123762],[1.456075,45.123308],[1.455753,45.122521],[1.455281,45.122324],[1.455152,45.122036],[1.455109,45.121703],[1.45453,45.121355],[1.454594,45.120825],[1.455173,45.120507],[1.455667,45.119599],[1.455431,45.118857],[1.455603,45.118539],[1.455946,45.118206],[1.456225,45.11757],[1.457083,45.116267],[1.457384,45.116055],[1.458092,45.115071],[1.458478,45.114874],[1.459208,45.114102],[1.460023,45.113451],[1.460431,45.112906],[1.460774,45.112255],[1.461289,45.111679],[1.462083,45.111149],[1.461997,45.110786],[1.462061,45.110347],[1.461847,45.11021],[1.461804,45.109726],[1.461461,45.109695],[1.461289,45.108832],[1.461074,45.108544],[1.461418,45.107772],[1.461589,45.106985],[1.46219,45.106667],[1.461718,45.106243],[1.461654,45.105864],[1.461954,45.105152],[1.462426,45.104713],[1.462233,45.104471],[1.461675,45.104243],[1.461654,45.104047],[1.461053,45.103592],[1.460731,45.103001],[1.461267,45.103017],[1.461997,45.103047],[1.46219,45.102759],[1.46219,45.102381],[1.462984,45.100911],[1.463542,45.100548],[1.463671,45.100199],[1.463821,45.099578],[1.46425,45.099215],[1.464636,45.098564],[1.465473,45.098049],[1.465387,45.097867],[1.465409,45.097458],[1.464572,45.096534],[1.464593,45.095883],[1.465087,45.095337],[1.46558,45.09505],[1.466718,45.094868],[1.467061,45.094625],[1.467769,45.09461],[1.46867,45.094731],[1.469271,45.094534],[1.469722,45.09458],[1.470237,45.094837],[1.470795,45.094913],[1.47146,45.095231],[1.471717,45.095156],[1.472189,45.095201],[1.472447,45.09511],[1.472769,45.095095],[1.473348,45.09461],[1.473584,45.093974],[1.473863,45.093898],[1.47455,45.093989],[1.475108,45.093868],[1.475451,45.093626],[1.475902,45.092914],[1.475794,45.092202],[1.475215,45.091641],[1.474078,45.090747],[1.475644,45.090293],[1.475558,45.089914],[1.476524,45.08946],[1.477511,45.08849],[1.477575,45.088036],[1.477919,45.08743],[1.478713,45.087051],[1.479957,45.086218],[1.481652,45.085687],[1.482425,45.085354],[1.48324,45.0854],[1.483777,45.085521],[1.484077,45.085763],[1.484699,45.085854],[1.485,45.085506],[1.485343,45.085066],[1.485794,45.084839],[1.486673,45.084794],[1.487725,45.085081],[1.488154,45.085339],[1.488175,45.085566],[1.488669,45.085642],[1.490364,45.085339],[1.490965,45.085081],[1.492145,45.085021],[1.49339,45.085097],[1.493948,45.085384],[1.494462,45.085309],[1.494956,45.085188],[1.495171,45.08496],[1.496007,45.085021],[1.49678,45.085294],[1.498518,45.085581],[1.500471,45.085612],[1.500986,45.086157],[1.501479,45.086384],[1.501844,45.086657],[1.502359,45.086793],[1.504633,45.087157],[1.50517,45.087021],[1.505749,45.086975],[1.505964,45.086384],[1.506608,45.086172],[1.507466,45.086309],[1.50914,45.087021],[1.510556,45.087445],[1.513045,45.087748],[1.513045,45.088763],[1.513774,45.089005],[1.514719,45.089717],[1.515942,45.090308],[1.516671,45.090763],[1.517572,45.091156],[1.517208,45.091656],[1.517916,45.092171],[1.518645,45.092474],[1.518924,45.092308],[1.520405,45.092202],[1.520147,45.090838],[1.520426,45.090732],[1.520512,45.090338],[1.520405,45.089914],[1.520876,45.089266],[1.521074,45.088836],[1.521527,45.088307],[1.522249,45.088017],[1.5224,45.086824],[1.522229,45.086354],[1.522272,45.08599],[1.521156,45.085627],[1.520405,45.085733],[1.520061,45.085506],[1.519783,45.085475],[1.519396,45.085672],[1.518774,45.085854],[1.519053,45.084415],[1.518559,45.083763],[1.517444,45.083642],[1.517122,45.083491],[1.517851,45.083203],[1.519911,45.082673],[1.520233,45.08246],[1.520233,45.082036],[1.52092,45.080642],[1.520362,45.079551],[1.521173,45.078471],[1.52072,45.077071],[1.520947,45.076512],[1.521824,45.075972],[1.522504,45.075412],[1.524373,45.074372],[1.524571,45.073712],[1.524896,45.073652],[1.524797,45.073432],[1.525236,45.072863],[1.524995,45.072403],[1.524949,45.071882],[1.524629,45.07167],[1.525029,45.071147],[1.525329,45.07051],[1.52603,45.069789],[1.526971,45.068997],[1.527512,45.068757],[1.527972,45.068375],[1.529314,45.068206],[1.529474,45.067513],[1.529374,45.066537],[1.529494,45.065731],[1.529213,45.065335],[1.529374,45.064685],[1.529854,45.064133],[1.530595,45.064218],[1.531636,45.064713],[1.533218,45.066693],[1.533918,45.066848],[1.534139,45.067089],[1.534719,45.067329],[1.53518,45.067909],[1.5358,45.068121],[1.536361,45.069096],[1.537542,45.069775],[1.539704,45.070836],[1.540525,45.071839],[1.541266,45.072207],[1.541847,45.072292],[1.542627,45.072292],[1.543348,45.072617],[1.544629,45.072829],[1.54527,45.073564],[1.547572,45.073791],[1.549434,45.074653],[1.549775,45.074964],[1.550475,45.075247],[1.551757,45.075572],[1.552638,45.076095],[1.553879,45.076576],[1.55482,45.077608],[1.556522,45.07864],[1.557042,45.079276],[1.559505,45.079785],[1.560426,45.079827],[1.560926,45.079728],[1.560866,45.078993],[1.561507,45.078725],[1.562168,45.078216],[1.562368,45.077806],[1.562948,45.077283],[1.563529,45.077297],[1.56429,45.076986],[1.56447,45.076335],[1.565031,45.075105],[1.565091,45.074695],[1.565992,45.07454],[1.566993,45.074144],[1.567593,45.073663],[1.567974,45.073225],[1.568574,45.072843],[1.569095,45.072801],[1.569735,45.07249],[1.570676,45.072476],[1.571297,45.072179],[1.572378,45.071981],[1.573079,45.071543],[1.573339,45.071132],[1.57456,45.071274],[1.573539,45.072391],[1.573059,45.073126],[1.572899,45.074087],[1.573399,45.07396],[1.574,45.073522],[1.574721,45.073296],[1.575381,45.071543],[1.575942,45.070737],[1.576382,45.07027],[1.576963,45.069323],[1.577163,45.068616],[1.577564,45.068022],[1.577764,45.067004],[1.579806,45.066636],[1.580987,45.066862],[1.581848,45.066749],[1.582969,45.066297],[1.583249,45.065887],[1.583169,45.065491],[1.58345,45.064034],[1.582949,45.063695],[1.582088,45.062804],[1.580847,45.060965],[1.581067,45.060499],[1.581047,45.060004],[1.581648,45.059424],[1.580967,45.059113],[1.580206,45.058335],[1.581087,45.057529],[1.581768,45.057812],[1.581988,45.057543],[1.581928,45.057373],[1.582669,45.057274],[1.583029,45.056907],[1.583289,45.055676],[1.58367,45.055252],[1.58417,45.055068],[1.58423,45.054814],[1.58383,45.054743],[1.583269,45.054828],[1.582909,45.055068],[1.582629,45.054446],[1.582348,45.054149],[1.581788,45.053484],[1.580907,45.053201],[1.580226,45.053074],[1.579445,45.05272],[1.578805,45.052041],[1.578264,45.05115],[1.578565,45.051009],[1.578645,45.050344],[1.579265,45.049255],[1.579546,45.048067],[1.579946,45.047487],[1.580487,45.046426],[1.581047,45.045945],[1.581788,45.045761],[1.58337,45.045054],[1.58419,45.044361],[1.584491,45.043993],[1.584511,45.043809],[1.585031,45.043342],[1.584631,45.043286],[1.584331,45.043498],[1.58431,45.043286],[1.584571,45.043088],[1.584511,45.04289],[1.58385,45.043102],[1.583089,45.043017],[1.58369,45.04296],[1.58415,45.042776],[1.58431,45.042592],[1.58371,45.042691],[1.582789,45.042592],[1.582088,45.04231],[1.581347,45.042352],[1.580146,45.042578],[1.577383,45.04388],[1.576623,45.043894],[1.576102,45.043851],[1.575201,45.043908],[1.574841,45.043682],[1.57412,45.042706],[1.573179,45.042394],[1.572318,45.04139],[1.571177,45.040824],[1.570416,45.040584],[1.570136,45.040159],[1.569996,45.039537],[1.570356,45.03924],[1.570276,45.038844],[1.570416,45.038051],[1.570056,45.037556],[1.569415,45.036934],[1.569175,45.035915],[1.568774,45.035307],[1.570416,45.035901],[1.571517,45.035731],[1.573099,45.035222],[1.573339,45.034741],[1.573119,45.03409],[1.572398,45.033],[1.571958,45.03143],[1.571497,45.030779],[1.571357,45.030015],[1.571117,45.029562],[1.571137,45.027978],[1.571277,45.026902],[1.571497,45.026265],[1.571317,45.02543],[1.571077,45.025034],[1.571157,45.024666],[1.571657,45.024369],[1.572038,45.023577],[1.572258,45.022289],[1.571958,45.021652],[1.571878,45.020846],[1.573119,45.019303],[1.57394,45.017775],[1.575081,45.016727],[1.575882,45.015821],[1.576082,45.015029],[1.576102,45.014279],[1.575982,45.013769],[1.576182,45.013132],[1.576082,45.011788],[1.576502,45.010995],[1.576843,45.010585],[1.576783,45.010103],[1.580046,45.007485],[1.581588,45.005715],[1.582228,45.004866],[1.582248,45.004356],[1.581948,45.003861],[1.582128,45.003606],[1.582028,45.002884],[1.582368,45.002403],[1.582409,45.001992],[1.583009,45.00144],[1.58403,45.001129],[1.584591,45.001186],[1.585852,45.001016],[1.586733,45.000025],[1.586773,44.999657],[1.587193,44.999345],[1.587674,44.998892],[1.589756,44.997915],[1.590116,44.997646],[1.589696,44.997377],[1.589376,44.996882],[1.588835,44.996981],[1.586873,44.996457],[1.585772,44.996471],[1.585091,44.996896],[1.585752,44.995862],[1.586253,44.995381],[1.586833,44.994489],[1.587153,44.993781],[1.587654,44.993555],[1.588495,44.993356],[1.588455,44.993017],[1.588975,44.992833],[1.589135,44.992295],[1.589196,44.991827],[1.590697,44.989703],[1.592379,44.987891],[1.59378,44.986829],[1.59394,44.986362],[1.594461,44.985668],[1.594601,44.985059],[1.594641,44.983544],[1.594561,44.982992],[1.594962,44.981944],[1.594841,44.980655],[1.594941,44.979961],[1.595162,44.979536],[1.59384,44.977978],[1.59334,44.977808],[1.592479,44.977029],[1.592559,44.976491],[1.592999,44.97618],[1.5939,44.975741],[1.594381,44.975188],[1.594681,44.974438],[1.595122,44.973942],[1.595622,44.972837],[1.595782,44.972412],[1.596083,44.972398],[1.596683,44.972526],[1.597224,44.972384],[1.597364,44.9722],[1.597224,44.971817],[1.597885,44.971633],[1.598305,44.971393],[1.599726,44.971038],[1.601688,44.9705],[1.60289,44.969976],[1.604992,44.96965],[1.606053,44.969325],[1.607675,44.968078],[1.608255,44.967441],[1.607995,44.967342],[1.607074,44.967526],[1.606834,44.967384],[1.606934,44.967087],[1.607755,44.966591],[1.608215,44.966378],[1.608255,44.966067],[1.607615,44.965713],[1.607294,44.964834],[1.607054,44.96448],[1.607434,44.963914],[1.606874,44.962624],[1.605572,44.961321],[1.604531,44.960443],[1.60303,44.960188],[1.602589,44.959975],[1.602469,44.959649],[1.601989,44.95921],[1.600727,44.958332],[1.600127,44.957326],[1.599566,44.957029],[1.599466,44.956589],[1.600407,44.955711],[1.601288,44.954478],[1.602529,44.953699],[1.60293,44.953047],[1.603911,44.952311],[1.604892,44.951829],[1.605753,44.951503],[1.606173,44.951149],[1.605993,44.950724],[1.605653,44.950228],[1.605032,44.949548],[1.604932,44.949094],[1.605192,44.948471],[1.605633,44.947847],[1.606594,44.947096],[1.606734,44.946728],[1.606734,44.945878],[1.607374,44.944588],[1.607374,44.943965],[1.607755,44.943724],[1.608035,44.943681],[1.608776,44.942038],[1.609917,44.94106],[1.610958,44.940252],[1.612019,44.93892],[1.612259,44.938183],[1.612019,44.937715],[1.611639,44.93746],[1.611499,44.937162],[1.611376,44.937158],[1.611521,44.93698],[1.611072,44.93683],[1.610636,44.936849],[1.608549,44.936545],[1.608306,44.935501],[1.607876,44.934443],[1.607372,44.933663],[1.607017,44.932816],[1.606718,44.932459],[1.605803,44.931891],[1.605578,44.931626],[1.604831,44.931137],[1.604775,44.929933],[1.60457,44.929444],[1.605298,44.928624],[1.605971,44.92668],[1.608362,44.924352],[1.608493,44.923321],[1.609557,44.922659],[1.610417,44.921575],[1.610921,44.919657],[1.611388,44.918942],[1.61178,44.917646],[1.611967,44.91549],[1.61221,44.914273],[1.612602,44.913029],[1.612583,44.911164],[1.612696,44.910833],[1.612621,44.90955],[1.612042,44.908293],[1.611444,44.907817],[1.61079,44.906772],[1.610697,44.905462],[1.610585,44.904801],[1.610566,44.904046],[1.610603,44.903504],[1.610118,44.902406],[1.610248,44.90148],[1.611967,44.903597],[1.611948,44.903914],[1.612322,44.904404],[1.612733,44.904549],[1.614078,44.905515],[1.61475,44.906084],[1.618356,44.908373],[1.619962,44.909206],[1.621045,44.90959],[1.622185,44.909802],[1.623605,44.910463],[1.624763,44.910635],[1.625921,44.910966],[1.6265,44.910701],[1.626649,44.909815],[1.627042,44.909272],[1.627733,44.908743],[1.628667,44.908254],[1.62594,44.906719],[1.625585,44.906931],[1.624781,44.907129],[1.624202,44.907089],[1.623847,44.906745],[1.623586,44.906269],[1.622633,44.906097],[1.621811,44.905092],[1.622166,44.904827],[1.62254,44.904298],[1.622148,44.904086],[1.621905,44.903226],[1.621886,44.902551],[1.621475,44.902168],[1.621344,44.901731],[1.620485,44.901003],[1.621681,44.900434],[1.622484,44.900262],[1.62183,44.898317],[1.621886,44.89702],[1.621045,44.89575],[1.618206,44.896359],[1.616039,44.896279],[1.616133,44.894731],[1.616077,44.893434],[1.616375,44.892005],[1.616936,44.891383],[1.617664,44.89002],[1.61787,44.889491],[1.618412,44.88953],[1.618636,44.889239],[1.618617,44.888816],[1.619065,44.887439],[1.619308,44.88638],[1.619402,44.885242],[1.618953,44.883681],[1.618505,44.883151],[1.617758,44.881457],[1.6183,44.881272],[1.620541,44.880848],[1.620635,44.88061],[1.619757,44.88008],[1.619607,44.879683],[1.620616,44.878161],[1.621811,44.876705],[1.62211,44.876228],[1.623063,44.875368],[1.623437,44.874825],[1.623362,44.874521],[1.623773,44.873766],[1.623362,44.873422],[1.623362,44.872628],[1.623231,44.871913],[1.623287,44.870523],[1.623418,44.869133],[1.624034,44.866763],[1.624613,44.865466],[1.624931,44.864261],[1.62495,44.862619],[1.625174,44.862023],[1.625417,44.861162],[1.62607,44.859958],[1.626201,44.859004],[1.626033,44.858488],[1.625865,44.856912],[1.62594,44.855747],[1.626089,44.855111],[1.625865,44.853999],[1.625417,44.852847],[1.625454,44.851602],[1.625697,44.849695],[1.625977,44.848529],[1.626014,44.847496],[1.625772,44.846847],[1.625473,44.845629],[1.625753,44.845086],[1.626295,44.844556],[1.626182,44.844172],[1.625753,44.843444],[1.625342,44.841762],[1.625491,44.840927],[1.625155,44.839934],[1.624258,44.83947],[1.623623,44.839324],[1.623231,44.83898],[1.622559,44.837086],[1.622297,44.835721],[1.621942,44.835271],[1.621737,44.834595],[1.621718,44.834185],[1.622801,44.83343],[1.623306,44.832966],[1.624277,44.832436],[1.624408,44.831072],[1.624258,44.830171],[1.623978,44.829893],[1.62396,44.829429],[1.624669,44.829085],[1.628499,44.827018],[1.629657,44.826859],[1.630143,44.82662],[1.631301,44.825136],[1.632571,44.824024],[1.632085,44.822712],[1.632011,44.822182],[1.6316,44.820923],[1.631039,44.820314],[1.630796,44.819704],[1.630012,44.818565],[1.629171,44.817319],[1.628928,44.816656],[1.628368,44.815861],[1.627882,44.815146],[1.628144,44.815],[1.628312,44.814656],[1.628125,44.814616],[1.628387,44.814033],[1.627565,44.813781],[1.626799,44.813476],[1.626108,44.813489],[1.625996,44.813079],[1.624483,44.810839],[1.624333,44.810441],[1.624557,44.809116],[1.625603,44.807327],[1.625828,44.806545],[1.626556,44.805445],[1.625999,44.804103],[1.625999,44.804103],[1.624259,44.804115],[1.623267,44.803907],[1.622486,44.803527],[1.621396,44.802696],[1.620762,44.80235],[1.620079,44.801796],[1.619022,44.801023],[1.618372,44.80025],[1.617949,44.799061],[1.616973,44.797861],[1.616339,44.797353],[1.616128,44.796926],[1.616339,44.79643],[1.614388,44.794953],[1.615428,44.795011],[1.614209,44.794572],[1.613412,44.794561],[1.612875,44.794722],[1.612355,44.795045],[1.611916,44.795507],[1.61146,44.795622],[1.610891,44.79553],[1.611184,44.79478],[1.610924,44.794261],[1.6112,44.793222],[1.61081,44.791664],[1.610387,44.790521],[1.610241,44.790406],[1.610127,44.790141],[1.609655,44.789448],[1.60933,44.788721],[1.608972,44.788282],[1.608533,44.788075],[1.609151,44.78789],[1.609883,44.787786],[1.610631,44.787544],[1.610859,44.787151],[1.610566,44.786505],[1.610647,44.78624],[1.611265,44.785709],[1.612306,44.785501],[1.613217,44.785512],[1.613591,44.785605],[1.614713,44.785582],[1.61481,44.785097],[1.614436,44.784658],[1.614729,44.783435],[1.615217,44.783054],[1.616388,44.782454],[1.616843,44.781773],[1.617526,44.781311],[1.616697,44.781323],[1.616811,44.78115],[1.616485,44.780965],[1.615705,44.780088],[1.615298,44.779984],[1.614989,44.780088],[1.614225,44.779938],[1.614127,44.779568],[1.61429,44.779014],[1.614095,44.778829],[1.614566,44.778056],[1.614485,44.777664],[1.614274,44.777548],[1.613835,44.77719],[1.613087,44.777006],[1.612729,44.776659],[1.612566,44.776301],[1.612713,44.77592],[1.613152,44.775574],[1.613412,44.775159],[1.613542,44.774685],[1.613851,44.774258],[1.614729,44.772619],[1.615038,44.772261],[1.615445,44.77121],[1.615656,44.771199],[1.615461,44.770137],[1.615314,44.769051],[1.615119,44.768255],[1.61494,44.7674],[1.61494,44.766846],[1.615087,44.766546],[1.6159,44.765957],[1.616128,44.765334],[1.615884,44.764884],[1.613103,44.763671],[1.60959,44.761928],[1.609037,44.76217],[1.608631,44.762182],[1.607753,44.762586],[1.60707,44.762736],[1.606566,44.762678],[1.605281,44.762309],[1.60463,44.762032],[1.604387,44.762066],[1.603752,44.762447],[1.603476,44.762701],[1.603053,44.763256],[1.602533,44.763625],[1.602419,44.763994],[1.602224,44.764029],[1.60172,44.763867],[1.601313,44.763556],[1.601248,44.763232],[1.601394,44.762286],[1.601215,44.761685],[1.600679,44.761235],[1.599947,44.7609],[1.598874,44.760935],[1.597898,44.760819],[1.596987,44.760981],[1.596467,44.760473],[1.597329,44.760069],[1.597931,44.759584],[1.598923,44.759053],[1.600207,44.758591],[1.600776,44.758533],[1.602338,44.758533],[1.603004,44.758406],[1.603411,44.758152],[1.603866,44.75754],[1.604305,44.755496],[1.603687,44.755507],[1.603053,44.755207],[1.602516,44.755531],[1.602256,44.755507],[1.601394,44.754757],[1.601069,44.754595],[1.600419,44.754226],[1.59928,44.753787],[1.598841,44.753475],[1.598337,44.753394],[1.59728,44.752978],[1.59676,44.752701],[1.596109,44.75217],[1.595605,44.751604],[1.595085,44.751419],[1.594174,44.750726],[1.593572,44.750507],[1.593003,44.748948],[1.592548,44.748174],[1.592027,44.747562],[1.591491,44.747135],[1.590613,44.74665],[1.589848,44.746361],[1.589361,44.746037],[1.58897,44.744571],[1.588629,44.743681],[1.588043,44.742572],[1.587312,44.741602],[1.586986,44.740389],[1.587523,44.739477],[1.587442,44.738587],[1.587816,44.737825],[1.58819,44.736993],[1.589133,44.736162],[1.590011,44.735272],[1.591019,44.734833],[1.592027,44.733978],[1.593426,44.732696],[1.595231,44.731448],[1.594808,44.731402],[1.593117,44.731633],[1.591914,44.731772],[1.591084,44.732141],[1.590483,44.732292],[1.590125,44.732176],[1.591767,44.728364],[1.590743,44.727439],[1.590515,44.726735],[1.590596,44.725937],[1.590206,44.72469],[1.590401,44.723788],[1.58923,44.722679],[1.587864,44.723303],[1.586759,44.723696],[1.58549,44.723881],[1.582661,44.724447],[1.580579,44.725048],[1.579945,44.725082],[1.578368,44.72484],[1.577164,44.724817],[1.575733,44.725048],[1.575749,44.724401],[1.575945,44.723811],[1.575457,44.723892],[1.573326,44.724008],[1.572123,44.723638],[1.571326,44.723765],[1.570578,44.72313],[1.56996,44.722113],[1.569667,44.721963],[1.5677,44.721674],[1.568952,44.721189],[1.568936,44.72068],[1.569017,44.720507],[1.568545,44.719421],[1.568253,44.718346],[1.568285,44.716509],[1.568692,44.716185],[1.569115,44.716058],[1.569798,44.715492],[1.570237,44.715365],[1.570708,44.714764],[1.572367,44.713342],[1.57292,44.713054],[1.574221,44.712811],[1.574497,44.712268],[1.573798,44.711355],[1.572676,44.709748],[1.572172,44.70939],[1.571001,44.709124],[1.5697,44.708789],[1.566968,44.708569],[1.565439,44.707795],[1.564415,44.707576],[1.563748,44.70731],[1.56313,44.706732],[1.562659,44.705553],[1.562236,44.705044],[1.562577,44.70486],[1.562268,44.704374],[1.562138,44.703842],[1.562301,44.702941],[1.562057,44.702479],[1.562024,44.702074],[1.562398,44.701889],[1.563651,44.701508],[1.564334,44.701219],[1.564382,44.699889],[1.564155,44.698757],[1.563846,44.697936],[1.563667,44.696953],[1.562594,44.695508],[1.562837,44.694803],[1.562512,44.694422],[1.563325,44.693867],[1.564236,44.692329],[1.565195,44.691092],[1.563911,44.690641],[1.564008,44.688815],[1.563634,44.687867],[1.563342,44.687462],[1.56274,44.68678],[1.56261,44.686086],[1.563195,44.685624],[1.563813,44.684734],[1.564285,44.683739],[1.564577,44.682918],[1.565212,44.682918],[1.566106,44.682155],[1.566952,44.682086],[1.569554,44.68056],[1.569196,44.679126],[1.569066,44.677958],[1.569326,44.676906],[1.569944,44.676096],[1.57022,44.675449],[1.570578,44.675148],[1.572025,44.6745],[1.572351,44.674188],[1.573034,44.672095],[1.574172,44.670973],[1.573717,44.66969],[1.573229,44.668915],[1.573521,44.668579],[1.573408,44.667758],[1.573554,44.666902],[1.574302,44.665491],[1.574318,44.664601],[1.574855,44.663745],[1.57479,44.663028],[1.575001,44.662345],[1.575717,44.662033],[1.576367,44.661894],[1.575977,44.661628],[1.575001,44.660541],[1.574595,44.660009],[1.575066,44.659535],[1.57557,44.659211],[1.573765,44.658945],[1.571895,44.657661],[1.571196,44.656666],[1.570643,44.656261],[1.570481,44.655879],[1.570855,44.654861],[1.569928,44.654456],[1.569115,44.653866],[1.568497,44.653589],[1.568236,44.652594],[1.568204,44.65183],[1.567797,44.651171],[1.567374,44.649563],[1.567505,44.648441],[1.567358,44.647561],[1.566838,44.646358],[1.566366,44.645433],[1.565504,44.6446],[1.56461,44.64335],[1.560902,44.637993],[1.560089,44.637611],[1.558528,44.636627],[1.558105,44.636141],[1.557699,44.636003],[1.557276,44.635435],[1.557699,44.634533],[1.557178,44.634035],[1.55591,44.633607],[1.555942,44.633341],[1.555162,44.632704],[1.554593,44.631929],[1.553926,44.631339],[1.553763,44.630911],[1.552901,44.629869],[1.552527,44.629152],[1.552544,44.628747],[1.552202,44.627751],[1.552723,44.626189],[1.552186,44.625217],[1.551974,44.624129],[1.551666,44.623457],[1.551682,44.623006],[1.551178,44.621455],[1.551698,44.620182],[1.551633,44.619858],[1.550576,44.619348],[1.550576,44.62002],[1.549763,44.619661],[1.549047,44.619256],[1.548706,44.618932],[1.548283,44.618885],[1.548104,44.6187],[1.54812,44.617948],[1.545762,44.617149],[1.54438,44.616455],[1.543713,44.616049],[1.543518,44.615216],[1.543307,44.614753],[1.543323,44.61422],[1.543616,44.613155],[1.543518,44.612843],[1.542998,44.612449],[1.542852,44.61209],[1.543112,44.611685],[1.543665,44.611072],[1.544055,44.610111],[1.544413,44.608803],[1.544315,44.608444],[1.543795,44.607888],[1.543258,44.607772],[1.54212,44.607992],[1.541486,44.607853],[1.540152,44.607355],[1.539518,44.607355],[1.538867,44.607437],[1.538152,44.607402],[1.537436,44.607008],[1.536314,44.605966],[1.53542,44.604855],[1.534542,44.604079],[1.532981,44.602562],[1.531647,44.601705],[1.531387,44.601439],[1.530558,44.600918],[1.528753,44.599436],[1.528379,44.599112],[1.527484,44.598568],[1.525809,44.597271],[1.525175,44.596831],[1.524931,44.595951],[1.524508,44.595383],[1.524248,44.594862],[1.523598,44.594538],[1.52324,44.594237],[1.522801,44.594075],[1.522638,44.593716],[1.521744,44.593079],[1.522833,44.593252],[1.523581,44.593102],[1.524264,44.592662],[1.524898,44.591874],[1.525273,44.59111],[1.525777,44.589246],[1.526996,44.588226],[1.527078,44.587312],[1.527419,44.586895],[1.527256,44.586026],[1.527712,44.585354],[1.528053,44.584972],[1.52859,44.584532],[1.528996,44.583849],[1.529549,44.58349],[1.530102,44.582273],[1.530362,44.581532],[1.530802,44.580837],[1.532021,44.57976],[1.532054,44.579169],[1.533599,44.577675],[1.533956,44.5772],[1.533956,44.576887],[1.533485,44.576285],[1.532753,44.575706],[1.532802,44.574374],[1.534395,44.574211],[1.535013,44.57435],[1.535469,44.57369],[1.535648,44.57296],[1.535501,44.57237],[1.53568,44.571814],[1.535664,44.571385],[1.535274,44.570933],[1.536575,44.570157],[1.536672,44.569219],[1.536997,44.568662],[1.536575,44.568535],[1.535745,44.567921],[1.535176,44.567689],[1.534477,44.566844],[1.534737,44.565662],[1.534688,44.565314],[1.534753,44.564862],[1.534656,44.564526],[1.534623,44.564063],[1.534379,44.563889],[1.534038,44.563843],[1.53433,44.562128],[1.534786,44.561502],[1.535127,44.560436],[1.535209,44.559903],[1.535778,44.558919],[1.535892,44.558107],[1.53542,44.557517],[1.534834,44.557111],[1.53446,44.556972],[1.5342,44.556636],[1.534558,44.556393],[1.535957,44.554909],[1.536314,44.554191],[1.536249,44.553391],[1.535713,44.552592],[1.535062,44.552012],[1.534639,44.551757],[1.534428,44.551143],[1.534509,44.550691],[1.53516,44.549347],[1.535875,44.548547],[1.535892,44.548095],[1.535778,44.547319],[1.535761,44.54689],[1.535452,44.546426],[1.534948,44.546032],[1.534298,44.545256],[1.534005,44.544711],[1.533875,44.544085],[1.534005,44.544004],[1.534314,44.543077],[1.535485,44.542671],[1.536217,44.542474],[1.53742,44.542381],[1.538136,44.542161],[1.538298,44.541976],[1.538217,44.541663],[1.538428,44.54128],[1.539128,44.540863],[1.540347,44.540457],[1.541047,44.540295],[1.541616,44.540353],[1.542689,44.540759],[1.543339,44.540898],[1.543957,44.540701],[1.544787,44.540736],[1.54521,44.540457],[1.54708,44.541837],[1.546998,44.542231],[1.546543,44.542532],[1.54625,44.542648],[1.546267,44.542799],[1.546933,44.543146],[1.547795,44.543158],[1.548608,44.542949],[1.549698,44.542463],[1.550495,44.542463],[1.551064,44.542683],[1.551714,44.542451],[1.55217,44.541756],[1.552657,44.541524],[1.553162,44.540944],[1.553097,44.54026],[1.553243,44.539901],[1.553812,44.539669],[1.554235,44.539252],[1.555064,44.538754],[1.555552,44.537571],[1.556219,44.537652],[1.556804,44.537432],[1.556837,44.537038],[1.557064,44.536841],[1.558967,44.537084],[1.55778,44.536296],[1.557569,44.535775],[1.557569,44.534627],[1.557341,44.533989],[1.557878,44.533445],[1.558073,44.532911],[1.557601,44.532309],[1.556479,44.531497],[1.556105,44.530141],[1.556186,44.529816],[1.555048,44.528726],[1.554463,44.528657],[1.554332,44.528297],[1.554641,44.52795],[1.555357,44.527741],[1.556349,44.527613],[1.557325,44.526976],[1.557276,44.525457],[1.557097,44.525109],[1.556886,44.524101],[1.556853,44.523277],[1.557113,44.522315],[1.557113,44.521538],[1.558187,44.520309],[1.558235,44.519683],[1.558365,44.519324],[1.558723,44.518814],[1.558674,44.518234],[1.558414,44.517724],[1.557894,44.517202],[1.557243,44.51675],[1.557048,44.516263],[1.557211,44.515532],[1.557845,44.514686],[1.558902,44.514396],[1.559,44.514141],[1.558593,44.514048],[1.558008,44.514094],[1.557666,44.514001],[1.557585,44.513549],[1.557552,44.512679],[1.55791,44.51058],[1.55778,44.509606],[1.55726,44.508354],[1.556463,44.507519],[1.555406,44.506835],[1.554983,44.506139],[1.554869,44.505675],[1.55495,44.505315],[1.555243,44.505095],[1.55565,44.505014],[1.5563,44.504469],[1.55656,44.504098],[1.55669,44.50375],[1.556902,44.503483],[1.556853,44.502497],[1.556333,44.50194],[1.556333,44.501488],[1.556479,44.501198],[1.557195,44.500873],[1.558121,44.500386],[1.558707,44.499841],[1.559,44.49918],[1.558788,44.498171],[1.558105,44.497556],[1.557048,44.497185],[1.556333,44.497069],[1.55591,44.49708],[1.555633,44.496941],[1.555503,44.496593],[1.55495,44.496129],[1.554365,44.495874],[1.55404,44.495886],[1.554072,44.495746],[1.555211,44.494726],[1.555764,44.494401],[1.556333,44.494215],[1.556934,44.493693],[1.557211,44.493125],[1.55726,44.492765],[1.55765,44.491884],[1.557764,44.491048],[1.557308,44.490318],[1.556447,44.489482],[1.555146,44.488682],[1.554186,44.488183],[1.553975,44.488195],[1.553568,44.487394],[1.553487,44.486965],[1.553357,44.48693],[1.55295,44.486222],[1.552885,44.485839],[1.552349,44.485723],[1.551617,44.484853],[1.551519,44.484331],[1.551584,44.483345],[1.555341,44.48128],[1.554755,44.480932],[1.554576,44.480572],[1.554804,44.479957],[1.555194,44.479528],[1.555422,44.479528],[1.556154,44.479099],[1.556251,44.478588],[1.556739,44.477439],[1.557016,44.477277],[1.558024,44.477254],[1.558414,44.477172],[1.558398,44.476662],[1.557878,44.476163],[1.556268,44.47549],[1.557146,44.475594],[1.557211,44.475536],[1.555812,44.474979],[1.555015,44.474805],[1.554658,44.474585],[1.554674,44.474167],[1.555861,44.473297],[1.556414,44.473216],[1.55669,44.47339],[1.556755,44.473529],[1.557211,44.473587],[1.557585,44.473506],[1.557455,44.472972],[1.557845,44.472148],[1.557682,44.471811],[1.558739,44.469885],[1.558821,44.469525],[1.559325,44.468562],[1.560105,44.467436],[1.560691,44.466787],[1.561927,44.466079],[1.562398,44.46558],[1.562333,44.465371],[1.562675,44.465127],[1.562837,44.46479],[1.563016,44.464616],[1.563472,44.464512],[1.565098,44.463084],[1.565992,44.461854],[1.566383,44.462156],[1.566594,44.462075],[1.567131,44.46161],[1.568155,44.461192],[1.569651,44.461065],[1.56996,44.461425],[1.570871,44.461924],[1.572139,44.462458],[1.572595,44.462991],[1.574123,44.46399],[1.574513,44.464268],[1.575164,44.465162],[1.575912,44.465765],[1.576091,44.466079],[1.576449,44.466229],[1.57653,44.466705],[1.577067,44.466961],[1.577343,44.467645],[1.577798,44.467959],[1.57879,44.468469],[1.579034,44.469514],[1.578628,44.469966],[1.579229,44.470175],[1.578985,44.470639],[1.579652,44.470964],[1.578742,44.471289],[1.577489,44.471428],[1.578709,44.471986],[1.578205,44.472554],[1.578693,44.472705],[1.579116,44.472345],[1.579506,44.471881],[1.580433,44.471104],[1.580856,44.470918],[1.581083,44.470558],[1.58162,44.470071],[1.582254,44.469688],[1.582368,44.46934],[1.583035,44.468551],[1.58401,44.467993],[1.584531,44.468226],[1.585425,44.467738],[1.586694,44.466647],[1.588531,44.465452],[1.589995,44.464756],[1.590954,44.464152],[1.591084,44.463839],[1.591019,44.463131],[1.590613,44.462841],[1.59058,44.462133],[1.590987,44.462585],[1.590954,44.462005],[1.591426,44.460728],[1.59206,44.459568],[1.592694,44.458929],[1.593036,44.458384],[1.593686,44.457943],[1.594955,44.456747],[1.595508,44.456341],[1.596483,44.455865],[1.59728,44.455586],[1.59754,44.455412],[1.597866,44.455064],[1.598256,44.454832],[1.598744,44.4546],[1.599004,44.454124],[1.59941,44.453729],[1.60011,44.453508],[1.601134,44.453079],[1.60185,44.452893],[1.602305,44.452754],[1.602809,44.452336],[1.603411,44.452104],[1.604175,44.451872],[1.604468,44.451651],[1.605037,44.45179],[1.605492,44.451779],[1.60624,44.451686],[1.606712,44.451581],[1.607037,44.451698],[1.608354,44.451628],[1.609639,44.45121],[1.610192,44.450873],[1.610517,44.450513],[1.611834,44.452313],[1.612761,44.452847],[1.613135,44.453276],[1.614144,44.453706],[1.615493,44.45388],[1.616648,44.454414],[1.61764,44.455006],[1.618876,44.455424],[1.619494,44.455459],[1.620161,44.455424],[1.619835,44.455853],[1.619185,44.456097],[1.618843,44.45648],[1.618746,44.45706],[1.618063,44.457908],[1.617396,44.458709],[1.616355,44.459591],[1.615672,44.459823],[1.614989,44.460229],[1.614209,44.46038],[1.613509,44.460867],[1.613168,44.461285],[1.613184,44.461738],[1.613753,44.461912],[1.614388,44.464535],[1.61442,44.465046],[1.614583,44.465846],[1.614843,44.466357],[1.615249,44.466566],[1.615282,44.467007],[1.615136,44.467135],[1.614778,44.468028],[1.614225,44.468376],[1.613965,44.468759],[1.612989,44.469432],[1.612745,44.470048],[1.612485,44.470674],[1.612729,44.472496],[1.612794,44.472728],[1.612599,44.47303],[1.61255,44.473482],[1.611948,44.474132],[1.611786,44.474144],[1.611769,44.473726],[1.611363,44.473285],[1.611265,44.473332],[1.611135,44.473691],[1.610582,44.474039],[1.609981,44.474155],[1.609476,44.474237],[1.609802,44.475304],[1.609981,44.475606],[1.609948,44.475989],[1.610143,44.476453],[1.610111,44.477149],[1.610403,44.477927],[1.610631,44.478066],[1.61068,44.478437],[1.611103,44.478901],[1.611656,44.480375],[1.611704,44.481048],[1.611769,44.4815],[1.611379,44.482603],[1.611656,44.482997],[1.612225,44.483937],[1.61268,44.484401],[1.613737,44.485178],[1.614859,44.485631],[1.61603,44.485816],[1.616225,44.48548],[1.616924,44.485317],[1.617201,44.485004],[1.617656,44.484853],[1.617998,44.48447],[1.619852,44.484958],[1.620583,44.485074],[1.621055,44.485236],[1.621348,44.48548],[1.622063,44.485839],[1.622616,44.48606],[1.623039,44.486385],[1.623527,44.486501],[1.625462,44.486478],[1.627186,44.485955],[1.628682,44.485665],[1.63021,44.485062],[1.631576,44.484958],[1.632861,44.485201],[1.633967,44.485074],[1.635154,44.484784],[1.635788,44.4849],[1.63665,44.484911],[1.637317,44.485051],[1.638195,44.484981],[1.638504,44.485178],[1.639138,44.485016],[1.639659,44.485039],[1.640228,44.485132],[1.641057,44.485074],[1.642049,44.484877],[1.642391,44.485348],[1.642581,44.485305],[1.642831,44.48531],[1.643469,44.485175],[1.644053,44.484937],[1.644258,44.484796],[1.644516,44.484628],[1.644698,44.484422],[1.64466,44.484206],[1.645206,44.483735],[1.645433,44.483394],[1.645699,44.482663],[1.645896,44.481516],[1.646002,44.48111],[1.645919,44.480412],[1.645965,44.480038],[1.645782,44.479053],[1.645631,44.478539],[1.645388,44.478182],[1.645373,44.477868],[1.645531,44.476798],[1.645653,44.476211],[1.645987,44.475502],[1.646541,44.474674],[1.647239,44.474138],[1.648256,44.47351],[1.648711,44.473272],[1.650547,44.472882],[1.651586,44.472763],[1.655535,44.472893],[1.6555,44.472022],[1.655674,44.47155],[1.657086,44.471786],[1.658986,44.471587],[1.659613,44.471438],[1.660293,44.471351],[1.661077,44.471065],[1.6616,44.470493],[1.66221,44.470269],[1.663117,44.469709],[1.663395,44.469659],[1.664005,44.469224],[1.664581,44.468639],[1.665034,44.46854],[1.665696,44.467906],[1.666341,44.467296],[1.666629,44.467042],[1.666653,44.466816],[1.666783,44.466769],[1.666767,44.466653],[1.66693,44.466438],[1.667044,44.466113],[1.667287,44.465986],[1.667182,44.46573],[1.667409,44.465452],[1.667962,44.465051],[1.668149,44.465011],[1.668035,44.464918],[1.668147,44.464745],[1.668527,44.464685],[1.668716,44.464588],[1.668792,44.46442],[1.668747,44.46422],[1.668891,44.464117],[1.669873,44.464071],[1.670946,44.463235],[1.672264,44.462922],[1.672963,44.462899],[1.673695,44.462957],[1.673174,44.46226],[1.672377,44.461924],[1.67196,44.461874],[1.671499,44.461583],[1.671574,44.46143],[1.671488,44.460802],[1.671317,44.460457],[1.671284,44.460021],[1.671445,44.459599],[1.67137,44.459247],[1.671027,44.45901],[1.670169,44.458795],[1.669986,44.458535],[1.669858,44.458221],[1.669418,44.457869],[1.668398,44.457448],[1.668184,44.456873],[1.668366,44.456674],[1.668345,44.456567],[1.667905,44.45649],[1.667444,44.456307],[1.666478,44.456092],[1.665823,44.455801],[1.665748,44.455694],[1.665824,44.455017],[1.66558,44.453973],[1.665694,44.453311],[1.665499,44.45258],[1.665173,44.451965],[1.664913,44.450455],[1.665092,44.44962],[1.665027,44.449271],[1.664832,44.448923],[1.664702,44.448528],[1.664816,44.447658],[1.664621,44.4471],[1.664263,44.446439],[1.664555,44.446102],[1.664929,44.44551],[1.66506,44.445115],[1.664799,44.444221],[1.664246,44.443757],[1.664295,44.443583],[1.663824,44.443722],[1.663612,44.443234],[1.662897,44.442735],[1.661514,44.441504],[1.661108,44.441098],[1.660506,44.440819],[1.659709,44.440669],[1.659205,44.440645],[1.658652,44.44032],[1.658295,44.43974],[1.656733,44.439078],[1.656262,44.438613],[1.655888,44.437812],[1.655254,44.436372],[1.655205,44.435896],[1.65353,44.435548],[1.651578,44.436314],[1.650944,44.436767],[1.650261,44.436187],[1.64896,44.436222],[1.648098,44.435641],[1.647334,44.435339],[1.646781,44.434735],[1.645968,44.434364],[1.645838,44.434189],[1.645838,44.433783],[1.645643,44.433423],[1.645838,44.43275],[1.645708,44.432076],[1.645789,44.431797],[1.645334,44.430938],[1.645123,44.429661],[1.645057,44.429092],[1.644765,44.428569],[1.644472,44.428256],[1.644244,44.427652],[1.644261,44.427222],[1.644098,44.427025],[1.643919,44.426095],[1.643724,44.425979],[1.642602,44.426281],[1.642618,44.425631],[1.642813,44.425271],[1.643334,44.424075],[1.643399,44.423738],[1.643757,44.423273],[1.643301,44.423285],[1.643074,44.423169],[1.643317,44.422576],[1.643382,44.42181],[1.643301,44.420532],[1.643155,44.419673],[1.643382,44.419104],[1.643431,44.418488],[1.643155,44.418186],[1.642878,44.41735],[1.642976,44.417234],[1.642927,44.416688],[1.643122,44.4157],[1.643415,44.41498],[1.643529,44.41455],[1.643822,44.41383],[1.643708,44.412587],[1.643724,44.4121],[1.643789,44.411797],[1.643382,44.409323],[1.643464,44.408591],[1.642586,44.407302],[1.642163,44.407011],[1.641236,44.40607],[1.641041,44.405641],[1.641155,44.405222],[1.64174,44.404862],[1.642358,44.404723],[1.643025,44.404328],[1.643626,44.404409],[1.643887,44.404293],[1.644033,44.403898],[1.644472,44.403735],[1.644456,44.403491],[1.644586,44.403108],[1.644358,44.402492],[1.644358,44.402155],[1.644602,44.401969],[1.644683,44.401667],[1.645171,44.401121],[1.645757,44.400726],[1.647269,44.40025],[1.648407,44.399634],[1.648684,44.399541],[1.649237,44.399053],[1.649399,44.398542],[1.650115,44.397926],[1.65083,44.39724],[1.65127,44.39659],[1.652879,44.395532],[1.655254,44.393476],[1.655384,44.392778],[1.656132,44.392197],[1.656961,44.391779],[1.659856,44.389827],[1.660718,44.389316],[1.661693,44.388293],[1.662067,44.3877],[1.663563,44.386596],[1.663385,44.38512],[1.662084,44.383121],[1.661303,44.382168],[1.659612,44.381541],[1.658034,44.379356],[1.655985,44.378763],[1.655107,44.377961],[1.657612,44.374881],[1.661092,44.374125],[1.662344,44.372382],[1.662506,44.371824],[1.662425,44.371184],[1.664116,44.368848],[1.666344,44.366755],[1.666556,44.367418],[1.66784,44.366941],[1.669027,44.366709],[1.670019,44.366686],[1.671906,44.366348],[1.672264,44.366314],[1.673743,44.365965],[1.673646,44.365256],[1.673808,44.364977],[1.673776,44.364605],[1.674085,44.364419],[1.674475,44.363907],[1.674134,44.363186],[1.67415,44.362489],[1.674036,44.361919],[1.674654,44.361605],[1.6755,44.36071],[1.676199,44.359582],[1.677175,44.358338],[1.677793,44.357803],[1.678687,44.358489],[1.681029,44.360605],[1.682021,44.361768],[1.683061,44.362593],[1.683793,44.363047],[1.685045,44.364198],[1.6862,44.365046],[1.68768,44.364477],[1.68846,44.364395],[1.688932,44.364291],[1.690714,44.364514],[1.691734,44.365166],[1.692688,44.364744],[1.693686,44.364928],[1.694008,44.365097],[1.695027,44.365411],[1.695414,44.365426],[1.696379,44.365311],[1.69772,44.36538],[1.698761,44.365273],[1.69934,44.365311],[1.701072,44.365281],[1.70177,44.365368],[1.702681,44.365194],[1.704244,44.364554],[1.704699,44.364196],[1.70529,44.363968],[1.706353,44.363437],[1.707779,44.363328],[1.709433,44.36361],[1.710734,44.363204],[1.714115,44.362744],[1.716438,44.361889],[1.718392,44.360409],[1.71853,44.360162],[1.719427,44.360261],[1.720186,44.360853],[1.720807,44.360951],[1.722049,44.360919],[1.722627,44.360803],[1.72274,44.360547],[1.72383,44.359594],[1.724318,44.358675],[1.724432,44.35828],[1.724274,44.35784],[1.724328,44.357357],[1.724663,44.357404],[1.72496,44.356822],[1.72525,44.356447],[1.726725,44.355606],[1.728204,44.355338],[1.729343,44.354268],[1.729814,44.354024],[1.730416,44.353431],[1.730969,44.353106],[1.731115,44.352606],[1.73118,44.351931],[1.731636,44.351466],[1.731782,44.35064],[1.732058,44.350036],[1.732514,44.349489],[1.732855,44.34871],[1.733132,44.347757],[1.734059,44.345559],[1.735343,44.343709],[1.739263,44.342512],[1.739946,44.342442],[1.742986,44.341639],[1.745572,44.341139],[1.74658,44.340732],[1.747247,44.34079],[1.74819,44.340593],[1.74902,44.340325],[1.75102,44.340023],[1.752272,44.339941],[1.753313,44.340058],[1.754744,44.340104],[1.759411,44.340174],[1.760273,44.339662],[1.761297,44.33922],[1.762663,44.338825],[1.763818,44.338325],[1.765574,44.338045],[1.767314,44.337987],[1.768713,44.33815],[1.771819,44.338266],[1.77286,44.338104],[1.773559,44.337836],[1.775266,44.338871],[1.776128,44.33922],[1.777234,44.339441],[1.777819,44.339767],[1.780129,44.341942],[1.780763,44.342058],[1.781836,44.342442],[1.7826,44.343884],[1.783235,44.344431],[1.784275,44.343791],[1.785121,44.342849],[1.786048,44.342314],[1.787999,44.341802],[1.788357,44.341116],[1.789349,44.339872],[1.790276,44.338918],[1.790878,44.338173],[1.791886,44.33722],[1.792764,44.335998],[1.793203,44.334905],[1.79361,44.334289],[1.794146,44.334114],[1.794276,44.333777],[1.794585,44.333498],[1.795057,44.333602],[1.795951,44.33273],[1.795886,44.331497],[1.795707,44.330636],[1.796049,44.330078],[1.79696,44.329566],[1.797789,44.328845],[1.799106,44.3276],[1.799513,44.326855],[1.799724,44.326064],[1.800147,44.32532],[1.800196,44.324913],[1.800765,44.324098],[1.801789,44.322923],[1.801936,44.322586],[1.800976,44.322435],[1.80044,44.322237],[1.799903,44.322155],[1.799139,44.32176],[1.798586,44.321178],[1.798407,44.320364],[1.797919,44.319887],[1.797122,44.31941],[1.796098,44.318688],[1.795529,44.318584],[1.794992,44.318409],[1.793301,44.318386],[1.79252,44.318176],[1.792049,44.317816],[1.791431,44.316897],[1.790536,44.316082],[1.789691,44.314849],[1.789349,44.314593],[1.789024,44.314046],[1.788585,44.313476],[1.787235,44.312335],[1.786454,44.311777],[1.785967,44.311183],[1.785788,44.31059],[1.785771,44.309357],[1.785154,44.308437],[1.784389,44.307297],[1.785723,44.306668],[1.786178,44.30618],[1.786828,44.305377],[1.789349,44.305179],[1.789626,44.305214],[1.790536,44.304632],[1.790829,44.30462],[1.791333,44.304702],[1.793366,44.304329],[1.792586,44.30339],[1.792586,44.30339],[1.792426,44.302631],[1.792866,44.301857],[1.792366,44.301742],[1.792106,44.301499],[1.793087,44.29988],[1.793592,44.299533],[1.793867,44.299049],[1.794248,44.298819],[1.794968,44.297974],[1.795189,44.297415],[1.795984,44.297648],[1.796955,44.297848],[1.79802,44.297821],[1.799103,44.297915],[1.800093,44.297273],[1.800784,44.296658],[1.801139,44.296164],[1.802223,44.295615],[1.80226,44.295375],[1.802671,44.295094],[1.802185,44.294626],[1.80183,44.294064],[1.801681,44.293423],[1.801027,44.292447],[1.800934,44.291912],[1.801102,44.291243],[1.801532,44.290735],[1.802783,44.289986],[1.80368,44.289197],[1.802708,44.288997],[1.802129,44.288703],[1.801345,44.288529],[1.800243,44.288542],[1.799944,44.288983],[1.799832,44.288609],[1.79914,44.289037],[1.798692,44.288769],[1.798393,44.288435],[1.797347,44.288342],[1.797422,44.287847],[1.797609,44.287392],[1.797272,44.287151],[1.796805,44.287432],[1.796488,44.287499],[1.796114,44.287432],[1.795703,44.287472],[1.794972,44.287189],[1.794787,44.287357],[1.794602,44.287357],[1.79459,44.286871],[1.794732,44.286429],[1.794527,44.285841],[1.79462,44.285132],[1.794825,44.284731],[1.794751,44.284477],[1.794956,44.283581],[1.795591,44.282779],[1.795199,44.282016],[1.795087,44.280559],[1.795218,44.27985],[1.794956,44.279302],[1.794545,44.279114],[1.794433,44.278432],[1.794041,44.278178],[1.793779,44.277804],[1.793406,44.277643],[1.792976,44.27755],[1.792584,44.277349],[1.792005,44.277229],[1.791145,44.276934],[1.791108,44.27648],[1.791594,44.276105],[1.791986,44.275423],[1.792285,44.27462],[1.792005,44.274326],[1.791967,44.274085],[1.790454,44.272133],[1.78995,44.272079],[1.789165,44.271731],[1.788792,44.27133],[1.788175,44.271116],[1.786718,44.27026],[1.785112,44.268387],[1.783767,44.267317],[1.784888,44.267036],[1.78485,44.266782],[1.784477,44.266635],[1.784346,44.266033],[1.784103,44.265471],[1.784103,44.264963],[1.783879,44.264535],[1.783449,44.264227],[1.782534,44.262729],[1.782385,44.262033],[1.781824,44.261739],[1.779825,44.262033],[1.779116,44.262542],[1.778835,44.262595],[1.779508,44.261418],[1.779825,44.26099],[1.779994,44.260548],[1.779695,44.259532],[1.779321,44.259398],[1.779022,44.258756],[1.778219,44.258609],[1.777528,44.258247],[1.776799,44.257726],[1.775716,44.257204],[1.77551,44.256909],[1.775884,44.255986],[1.775865,44.255478],[1.775398,44.254889],[1.775342,44.2543],[1.775398,44.253391],[1.775043,44.252695],[1.775324,44.25216],[1.775342,44.251678],[1.775006,44.251022],[1.773101,44.25117],[1.772788,44.251227],[1.772363,44.251218],[1.771889,44.251024],[1.772536,44.249554],[1.771513,44.249725],[1.77084,44.249524],[1.769682,44.249604],[1.768206,44.249912],[1.767459,44.250273],[1.767011,44.250608],[1.767067,44.250728],[1.765722,44.25121],[1.76561,44.251129],[1.766787,44.249524],[1.767964,44.248788],[1.768617,44.248748],[1.769234,44.248146],[1.770299,44.245978],[1.770654,44.244653],[1.770859,44.244118],[1.770747,44.243301],[1.771027,44.242325],[1.771121,44.241522],[1.771457,44.24096],[1.771569,44.24009],[1.771457,44.23938],[1.771307,44.238912],[1.771475,44.238243],[1.769906,44.237507],[1.76972,44.237306],[1.769084,44.237386],[1.769701,44.236864],[1.768916,44.236637],[1.769227,44.236598],[1.769066,44.23643],[1.769648,44.236355],[1.769835,44.236373],[1.769884,44.235977],[1.770046,44.235802],[1.770103,44.235499],[1.76977,44.235445],[1.769655,44.235338],[1.770218,44.234951],[1.770206,44.234836],[1.769724,44.234967],[1.769747,44.23486],[1.770206,44.234605],[1.770126,44.234432],[1.77131,44.234086],[1.771264,44.233776],[1.771612,44.233476],[1.772798,44.233401],[1.775429,44.232826],[1.776022,44.232389],[1.776405,44.231877],[1.777068,44.231565],[1.7778,44.230916],[1.777887,44.230504],[1.777747,44.229205],[1.777451,44.228743],[1.777608,44.228293],[1.776824,44.227893],[1.776719,44.227394],[1.776144,44.227032],[1.775813,44.226694],[1.77529,44.226445],[1.77468,44.226307],[1.774262,44.226107],[1.772484,44.225708],[1.771543,44.22567],[1.770863,44.225583],[1.76973,44.225745],[1.769277,44.225733],[1.768963,44.225645],[1.768527,44.22577],[1.768168,44.225763],[1.76778,44.225888],[1.768252,44.225558],[1.768493,44.225237],[1.769471,44.224462],[1.769907,44.223951],[1.770287,44.223111],[1.771177,44.222286],[1.772379,44.221449],[1.772623,44.220962],[1.772554,44.21995],[1.771804,44.220275],[1.771438,44.219987],[1.771229,44.219538],[1.770201,44.218926],[1.769015,44.218376],[1.768841,44.217864],[1.768684,44.217227],[1.768144,44.216415],[1.76722,44.21569],[1.766122,44.215091],[1.765355,44.214778],[1.763926,44.214578],[1.762741,44.214291],[1.761382,44.214116],[1.760597,44.214241],[1.759935,44.214179],[1.759534,44.214104],[1.758767,44.214104],[1.758558,44.213217],[1.758628,44.212367],[1.758732,44.211605],[1.758192,44.210681],[1.757495,44.210306],[1.75678,44.209282],[1.756275,44.208532],[1.756257,44.207108],[1.755595,44.205546],[1.754706,44.204322],[1.753364,44.201748],[1.75251,44.199536],[1.752632,44.196175],[1.752231,44.196087],[1.75183,44.195675],[1.751395,44.1956],[1.750767,44.195363],[1.749931,44.195213],[1.749355,44.19495],[1.74763,44.194775],[1.74648,44.194825],[1.745434,44.195125],[1.744109,44.195738],[1.742854,44.195763],[1.741077,44.195475],[1.741756,44.194513],[1.742192,44.193538],[1.74214,44.193201],[1.739421,44.192451],[1.739177,44.192001],[1.739404,44.190664],[1.739247,44.189839],[1.73909,44.189352],[1.739055,44.188589],[1.739508,44.188202],[1.739996,44.18789],[1.739909,44.186877],[1.74024,44.186527],[1.74038,44.185577],[1.740136,44.184753],[1.740205,44.184115],[1.740606,44.183528],[1.740798,44.182903],[1.739717,44.182665],[1.738044,44.18254],[1.736946,44.182628],[1.735517,44.182265],[1.734279,44.182165],[1.734,44.18189],[1.733565,44.181678],[1.732536,44.179441],[1.731857,44.179016],[1.732014,44.178878],[1.732641,44.178666],[1.732589,44.178566],[1.732275,44.178541],[1.732327,44.177566],[1.730898,44.177091],[1.732066,44.176253],[1.732136,44.175891],[1.735517,44.174078],[1.73604,44.173528],[1.736458,44.172515],[1.737573,44.171778],[1.738027,44.171415],[1.738149,44.17084],[1.737887,44.170215],[1.737765,44.169778],[1.736998,44.168528],[1.737626,44.16734],[1.738201,44.164689],[1.738079,44.164339],[1.738323,44.162764],[1.738915,44.162464],[1.739665,44.161814],[1.740292,44.161601],[1.741216,44.161076],[1.742192,44.160688],[1.74329,44.160026],[1.743656,44.159901],[1.744162,44.159463],[1.744336,44.158938],[1.744719,44.158613],[1.748641,44.158913],[1.749303,44.158825],[1.74946,44.158938],[1.750523,44.1588],[1.751133,44.158463],[1.751482,44.158138],[1.751586,44.157563],[1.750698,44.156587],[1.75061,44.155649],[1.750419,44.155024],[1.749425,44.153499],[1.75014,44.153361],[1.751691,44.153611],[1.752336,44.153449],[1.753922,44.153311],[1.753242,44.152536],[1.753103,44.15166],[1.753556,44.151085],[1.754323,44.150697],[1.755229,44.150422],[1.754915,44.149459],[1.752074,44.149809],[1.751482,44.150035],[1.750454,44.15011],[1.748641,44.149922],[1.745469,44.149109],[1.742632,44.14871],[1.73978,44.147365],[1.739113,44.14692],[1.738539,44.146342],[1.738493,44.145921],[1.738263,44.145905],[1.737515,44.146218],[1.736446,44.145996],[1.735733,44.145781],[1.734778,44.145715],[1.733881,44.145542],[1.733939,44.145426],[1.734709,44.145204],[1.735342,44.145121],[1.736078,44.144791],[1.735227,44.1447],[1.733815,44.144957],[1.733181,44.14519],[1.73305,44.144922],[1.732855,44.144409],[1.731278,44.144642],[1.730091,44.144549],[1.729798,44.144922],[1.729196,44.145295],[1.728318,44.145249],[1.727359,44.144875],[1.726855,44.144969],[1.726513,44.14498],[1.725619,44.144584],[1.725521,44.144304],[1.724318,44.144012],[1.723895,44.144035],[1.721651,44.144689],[1.721651,44.144327],[1.721114,44.144607],[1.72074,44.145202],[1.72074,44.145587],[1.720041,44.145611],[1.719602,44.145937],[1.719195,44.146241],[1.719179,44.146707],[1.718512,44.146964],[1.717943,44.146836],[1.717764,44.146591],[1.717781,44.146042],[1.71765,44.145646],[1.717585,44.14512],[1.717146,44.144164],[1.716967,44.143487],[1.716659,44.143078],[1.716626,44.142693],[1.717033,44.142226],[1.718008,44.140266],[1.718106,44.139787],[1.718675,44.139321],[1.718756,44.138819],[1.719082,44.138515],[1.718773,44.135469],[1.720187,44.134442],[1.720529,44.133835],[1.720838,44.13352],[1.720773,44.133345],[1.719992,44.13338],[1.719082,44.133707],[1.718382,44.133777],[1.717407,44.13345],[1.716935,44.133403],[1.716659,44.132995],[1.716024,44.132878],[1.715471,44.132423],[1.714935,44.132353],[1.714447,44.132085],[1.713292,44.131886],[1.71191,44.131839],[1.711894,44.130591],[1.711764,44.130194],[1.710853,44.130124],[1.712056,44.129575],[1.712593,44.129003],[1.713943,44.128384],[1.715634,44.127637],[1.716707,44.126949],[1.718447,44.125595],[1.719439,44.124766],[1.72074,44.123132],[1.721602,44.121906],[1.721846,44.121953],[1.72235,44.121719],[1.722708,44.121789],[1.722627,44.122093],[1.72318,44.121976],[1.723928,44.122174],[1.724578,44.122536],[1.725212,44.123027],[1.726871,44.122466],[1.726725,44.122093],[1.726887,44.121591],[1.727489,44.120949],[1.727961,44.12068],[1.728725,44.120715],[1.729261,44.12068],[1.729798,44.120972],[1.730026,44.121556],[1.730449,44.121859],[1.730969,44.121894],[1.731961,44.121766],[1.732611,44.121859],[1.733441,44.121672],[1.733815,44.121217],[1.734107,44.121007],[1.734742,44.120774],[1.735148,44.120225],[1.735815,44.119968],[1.736514,44.11984],[1.737132,44.119921],[1.737734,44.119816],[1.738108,44.119594],[1.738514,44.119209],[1.739149,44.118917],[1.739864,44.118462],[1.740645,44.117808],[1.741393,44.117446],[1.743247,44.116781],[1.743946,44.116617],[1.746011,44.116793],[1.746906,44.116804],[1.747442,44.116209],[1.74619,44.115637],[1.745491,44.115427],[1.744922,44.115333],[1.743751,44.115216],[1.74258,44.114913],[1.742222,44.114668],[1.741555,44.114516],[1.741084,44.114142],[1.740629,44.114002],[1.739263,44.11315],[1.739246,44.112613],[1.738807,44.111994],[1.738954,44.1112],[1.738645,44.110745],[1.738173,44.110359],[1.737588,44.109192],[1.736856,44.107977],[1.736807,44.107417],[1.736986,44.106868],[1.736888,44.106483],[1.735165,44.104089],[1.734563,44.103155],[1.734514,44.101742],[1.734221,44.101275],[1.73362,44.100843],[1.732172,44.09999],[1.731538,44.099406],[1.731359,44.098624],[1.729603,44.098414],[1.728822,44.09811],[1.728091,44.097526],[1.727895,44.09658],[1.728058,44.095459],[1.728644,44.094653],[1.729196,44.094092],[1.730026,44.093602],[1.730465,44.093182],[1.73131,44.092317],[1.731945,44.092177],[1.733132,44.09213],[1.73362,44.092224],[1.733506,44.091768],[1.733116,44.091161],[1.733132,44.090624],[1.733733,44.089713],[1.734856,44.088428],[1.731408,44.090005],[1.731099,44.090273],[1.730107,44.090145],[1.730335,44.089841],[1.731164,44.089514],[1.731229,44.089175],[1.732611,44.088591],[1.734156,44.087634],[1.735343,44.086781],[1.736091,44.086138],[1.738092,44.08351],[1.738498,44.083475],[1.738677,44.082774],[1.739409,44.08233],[1.737214,44.080566],[1.735961,44.07969],[1.733571,44.07858],[1.732189,44.07816],[1.73105,44.078113],[1.729749,44.078265],[1.726643,44.079515],[1.728091,44.08191],[1.728026,44.082506],[1.727521,44.082821],[1.726481,44.084083],[1.726887,44.084316],[1.72609,44.08434],[1.725066,44.084176],[1.724643,44.084421],[1.723635,44.084421],[1.722789,44.08462],[1.721537,44.084047],[1.721163,44.083709],[1.720301,44.083393],[1.718382,44.083148],[1.717016,44.082377],[1.716203,44.08184],[1.714918,44.08184],[1.712414,44.082319],[1.709454,44.08309],[1.708479,44.083265],[1.707308,44.083826],[1.705779,44.083697],[1.704348,44.083779],[1.703112,44.083744],[1.701828,44.083861],[1.700364,44.08358],[1.699909,44.08337],[1.698608,44.083312],[1.697339,44.083428],[1.696689,44.083779],[1.695941,44.084106],[1.695307,44.08455],[1.694737,44.084176],[1.694217,44.084001],[1.693648,44.083662],[1.691306,44.083989],[1.690851,44.083977],[1.690461,44.084094],[1.689729,44.084164],[1.688948,44.082727],[1.688249,44.081664],[1.687924,44.080893],[1.687794,44.080263],[1.687127,44.079001],[1.686395,44.07858],[1.68607,44.078136],[1.685924,44.077658],[1.684736,44.076302],[1.683403,44.074959],[1.68098,44.07351],[1.68059,44.07316],[1.680362,44.072739],[1.679468,44.072202],[1.678866,44.071395],[1.678264,44.070963],[1.67537,44.06997],[1.674703,44.069619],[1.673483,44.069199],[1.672524,44.068755],[1.672459,44.068544],[1.671743,44.067914],[1.671548,44.067516],[1.671434,44.067049],[1.671142,44.066897],[1.670524,44.066079],[1.669938,44.065413],[1.669743,44.064922],[1.669483,44.064338],[1.669857,44.06324],[1.669776,44.062959],[1.66971,44.06248],[1.669271,44.061907],[1.669369,44.061569],[1.669548,44.060914],[1.669125,44.060657],[1.669271,44.059956],[1.669434,44.05957],[1.66919,44.058951],[1.668995,44.058074],[1.669141,44.057502],[1.669304,44.05749],[1.669597,44.057081],[1.669564,44.056275],[1.670524,44.056333],[1.670898,44.055983],[1.671109,44.05562],[1.670881,44.055632],[1.670621,44.056029],[1.670475,44.056053],[1.670231,44.055573],[1.669515,44.055503],[1.668035,44.05451],[1.66771,44.054136],[1.668149,44.054171],[1.668653,44.054066],[1.670101,44.053026],[1.670393,44.053014],[1.670735,44.053259],[1.671304,44.052804],[1.671385,44.052383],[1.671402,44.052009],[1.671646,44.051658],[1.672491,44.051752],[1.672605,44.051354],[1.671434,44.050653],[1.671955,44.050314],[1.672589,44.04994],[1.673418,44.049332],[1.67376,44.048596],[1.673727,44.048304],[1.673321,44.047591],[1.67067,44.046071],[1.669776,44.045323],[1.670133,44.044891],[1.670637,44.044657],[1.670686,44.044587],[1.671402,44.044482],[1.67132,44.042775],[1.672751,44.041314],[1.672768,44.039654],[1.670475,44.037444],[1.670328,44.036883],[1.670052,44.03631],[1.669857,44.036077],[1.669678,44.035679],[1.669613,44.034861],[1.669532,44.034311],[1.669678,44.033551],[1.670247,44.033166],[1.670784,44.032616],[1.671613,44.032067],[1.67202,44.031424],[1.672475,44.03043],[1.672914,44.030009],[1.673499,44.02967],[1.673678,44.029436],[1.674931,44.028559],[1.676394,44.028115],[1.677093,44.027834],[1.677386,44.027729],[1.678703,44.027624],[1.679663,44.027951],[1.680297,44.028056],[1.68085,44.027822],[1.681256,44.028384],[1.681988,44.027986],[1.682671,44.027857],[1.683842,44.027787],[1.68446,44.027857],[1.684899,44.027705],[1.685842,44.027589],[1.686086,44.027437],[1.686363,44.027483],[1.688314,44.02684],[1.689339,44.026431],[1.690265,44.025917],[1.691144,44.025858],[1.692136,44.025998],[1.692688,44.026244],[1.692526,44.024174],[1.692298,44.022175],[1.692835,44.021578],[1.693583,44.021485],[1.695258,44.021602],[1.696315,44.022175],[1.69664,44.022946],[1.697128,44.023215],[1.697551,44.023461],[1.69838,44.024186],[1.69973,44.024595],[1.700543,44.025063],[1.701161,44.02511],[1.701746,44.02504],[1.702803,44.024233],[1.703145,44.024513],[1.703096,44.025121],[1.703649,44.02546],[1.704007,44.024993],[1.704348,44.024911],[1.704365,44.024619],[1.704462,44.024116],[1.704299,44.023566],[1.703763,44.023145],[1.703177,44.022549],[1.702397,44.021859],[1.701844,44.021672],[1.701502,44.021157],[1.701486,44.020807],[1.701502,44.020421],[1.701112,44.019906],[1.701161,44.018515],[1.700754,44.017871],[1.700348,44.016059],[1.700592,44.015369],[1.700153,44.015006],[1.699844,44.014281],[1.699356,44.01372],[1.698624,44.013462],[1.698331,44.013158],[1.698006,44.0131],[1.697827,44.013006],[1.697876,44.012246],[1.698266,44.012258],[1.699063,44.011954],[1.700088,44.011778],[1.700982,44.012094],[1.701372,44.011837],[1.701942,44.011474],[1.702039,44.010878],[1.702267,44.010679],[1.70321,44.010504],[1.703389,44.010316],[1.703682,44.009697],[1.7036,44.009182],[1.703812,44.008948],[1.704365,44.008644],[1.704999,44.007977],[1.705324,44.007357],[1.705291,44.006925],[1.705552,44.006445],[1.706283,44.005895],[1.707926,44.005076],[1.709227,44.004726],[1.709308,44.004562],[1.709633,44.004772],[1.709763,44.004573],[1.709113,44.004141],[1.708007,44.002959],[1.708934,44.002257],[1.709146,44.001825],[1.709097,44.00124],[1.709422,44.000339],[1.709422,43.999719],[1.709829,43.999158],[1.709991,43.998573],[1.710284,43.99807],[1.71082,43.997754],[1.710804,43.997075],[1.710544,43.996771],[1.711292,43.995543],[1.71243,43.995133],[1.712902,43.994548],[1.712436,43.994135],[1.711079,43.991438],[1.710573,43.991471],[1.709975,43.992001],[1.709239,43.992282],[1.709906,43.990925],[1.710596,43.990445],[1.710458,43.989817],[1.710136,43.989751],[1.710159,43.989436],[1.71055,43.989023],[1.710688,43.988427],[1.710186,43.988289],[1.710479,43.987739],[1.709454,43.986206],[1.709243,43.985411],[1.709568,43.984814],[1.709454,43.983866],[1.710056,43.983],[1.710609,43.981479],[1.709877,43.980859],[1.709682,43.980485],[1.709146,43.980471],[1.708853,43.979981],[1.71126,43.979783],[1.711764,43.979326],[1.713975,43.97846],[1.714122,43.97825],[1.714073,43.977992],[1.713666,43.977196],[1.714219,43.976085],[1.714024,43.975511],[1.713829,43.974224],[1.713162,43.973873],[1.713471,43.972328],[1.713374,43.971989],[1.712008,43.971684],[1.71152,43.970889],[1.711471,43.970537],[1.710853,43.969765],[1.710886,43.969402],[1.711129,43.968665],[1.71139,43.968126],[1.71152,43.967319],[1.712008,43.966956],[1.712495,43.966909],[1.712967,43.966605],[1.712284,43.966581],[1.712268,43.966394],[1.712626,43.966031],[1.713683,43.963866],[1.713878,43.962894],[1.713959,43.961502],[1.713829,43.960975],[1.71474,43.958973],[1.715618,43.958657],[1.716545,43.958236],[1.716463,43.958762],[1.716219,43.959301],[1.716268,43.959793],[1.716431,43.960027],[1.717634,43.960764],[1.718529,43.960811],[1.719878,43.960799],[1.721098,43.960869],[1.722594,43.960752],[1.723423,43.960787],[1.723732,43.961033],[1.724041,43.961923],[1.724822,43.961911],[1.725261,43.961771],[1.725586,43.961221],[1.726204,43.961384],[1.726643,43.961408],[1.727001,43.96156],[1.727375,43.961174],[1.727424,43.960706],[1.727717,43.960612],[1.728578,43.960823],[1.72892,43.96115],[1.730676,43.961326],[1.731375,43.961583],[1.732937,43.961853],[1.735197,43.961022],[1.735506,43.960858],[1.736498,43.960741],[1.7371,43.960027],[1.737734,43.960179],[1.738108,43.959711],[1.738401,43.959558],[1.738124,43.959207],[1.737978,43.958645],[1.737669,43.958247],[1.73775,43.95806],[1.737669,43.957732],[1.737848,43.954454],[1.738856,43.953846],[1.740742,43.95326],[1.742125,43.953178],[1.742206,43.952804],[1.742612,43.952031],[1.743198,43.951282],[1.743149,43.95038],[1.743182,43.949491],[1.743117,43.948671],[1.743279,43.947828],[1.743474,43.947418],[1.743783,43.947114],[1.744418,43.946763],[1.745572,43.945522],[1.746027,43.945264],[1.746857,43.944924],[1.748548,43.943765],[1.748987,43.942992],[1.749264,43.942149],[1.7498,43.942196],[1.749444,43.941718],[1.749347,43.941239],[1.750056,43.941927],[1.750517,43.942174],[1.751343,43.942468],[1.752223,43.943132],[1.752738,43.94358],[1.753317,43.943773],[1.7541,43.943804],[1.754862,43.943735],[1.755313,43.943959],[1.755452,43.944453],[1.755334,43.945025],[1.755645,43.945048],[1.757083,43.944569],[1.756761,43.945087],[1.756546,43.945805],[1.756482,43.946662],[1.756042,43.947728],[1.754444,43.949451],[1.754079,43.949629],[1.754926,43.949544],[1.755903,43.948926],[1.756675,43.948346],[1.757051,43.948254],[1.757255,43.948146],[1.758134,43.948424],[1.757931,43.949011],[1.758435,43.949374],[1.758327,43.94959],[1.757448,43.950023],[1.757244,43.950347],[1.756868,43.950664],[1.756901,43.950919],[1.757072,43.951104],[1.757947,43.95072],[1.758712,43.950521],[1.759102,43.950509],[1.759574,43.95086],[1.760257,43.951188],[1.76107,43.951387],[1.762029,43.951891],[1.761037,43.952991],[1.760126,43.953553],[1.75959,43.954255],[1.759167,43.955157],[1.758744,43.955496],[1.758386,43.956527],[1.757964,43.956819],[1.757671,43.95751],[1.757151,43.958002],[1.756533,43.958505],[1.756305,43.958973],[1.756207,43.959594],[1.755898,43.960366],[1.756045,43.960846],[1.756354,43.96115],[1.756435,43.961665],[1.756142,43.96245],[1.756679,43.962473],[1.757167,43.962649],[1.757378,43.963351],[1.757362,43.963831],[1.757622,43.964159],[1.76094,43.96396],[1.762257,43.96451],[1.763981,43.964966],[1.765184,43.965189],[1.766257,43.965212],[1.767038,43.965505],[1.767591,43.965282],[1.768014,43.965271],[1.768745,43.965446],[1.770339,43.965142],[1.770794,43.965083],[1.771851,43.964814],[1.772697,43.964521],[1.772144,43.964381],[1.77351,43.963082],[1.77416,43.96204],[1.775445,43.961771],[1.777592,43.960998],[1.778763,43.960272],[1.779104,43.959968],[1.779836,43.959687],[1.780519,43.959617],[1.781283,43.959196],[1.781625,43.958692],[1.781706,43.958212],[1.782031,43.957896],[1.782064,43.957639],[1.782698,43.956737],[1.782991,43.956515],[1.783511,43.955567],[1.783836,43.955075],[1.785007,43.954337],[1.786698,43.953436],[1.789495,43.952113],[1.791967,43.951013],[1.792943,43.950603],[1.794081,43.950275],[1.797187,43.950895],[1.798082,43.951001],[1.800261,43.951176],[1.802245,43.95134],[1.802342,43.9512],[1.803042,43.951282],[1.804115,43.951165],[1.806505,43.950591],[1.806652,43.950849],[1.807302,43.950989],[1.808408,43.951013],[1.808912,43.951235],[1.811368,43.95168],[1.811807,43.951703],[1.812262,43.952055],[1.812473,43.95278],[1.81301,43.953284],[1.81314,43.954513],[1.813433,43.954607],[1.812539,43.954923],[1.811774,43.955684],[1.811335,43.957229],[1.811351,43.958119],[1.810408,43.960401],[1.810701,43.961466],[1.810571,43.961806],[1.809563,43.962824],[1.811644,43.963339],[1.812116,43.964065],[1.812799,43.964545],[1.813433,43.964744],[1.814148,43.964837],[1.814344,43.965317],[1.814831,43.966031],[1.815693,43.965891],[1.81623,43.96616],[1.81849,43.966043],[1.818848,43.96616],[1.81906,43.966862],[1.819547,43.96712],[1.819889,43.967061],[1.820035,43.967717],[1.822751,43.969344],[1.823906,43.969683],[1.82454,43.970233],[1.824816,43.970725],[1.82602,43.971942],[1.826638,43.972094],[1.827158,43.972621],[1.828345,43.9731],[1.828865,43.973358],[1.82937,43.973545],[1.829971,43.974224],[1.830264,43.974797],[1.830817,43.975102],[1.831272,43.975441],[1.831565,43.975663],[1.831467,43.976635],[1.831549,43.976916],[1.831874,43.977571],[1.832768,43.977957],[1.834053,43.978636],[1.835614,43.978261],[1.836021,43.977969],[1.83685,43.977817],[1.837679,43.977547],[1.838297,43.977489],[1.839013,43.97722],[1.839501,43.977185],[1.840216,43.977629],[1.840867,43.977875],[1.841387,43.977782],[1.842298,43.977875],[1.843517,43.977852],[1.8442,43.977945],[1.845111,43.977641],[1.845973,43.97729],[1.846965,43.977009],[1.847583,43.976974],[1.847632,43.977688],[1.847241,43.978413],[1.847664,43.978811],[1.848705,43.979303],[1.849307,43.979467],[1.849502,43.979724],[1.8516,43.979408],[1.853746,43.979221],[1.854868,43.978963],[1.855844,43.978823],[1.856299,43.979244],[1.857129,43.979256],[1.857649,43.979689],[1.858625,43.979759],[1.859226,43.979981],[1.860056,43.98066],[1.861422,43.980017],[1.862235,43.979876],[1.862853,43.979876],[1.863763,43.979818],[1.865016,43.980262],[1.865357,43.980251],[1.865959,43.979654],[1.867439,43.97935],[1.867943,43.979666],[1.868463,43.980216],[1.869455,43.980637],[1.869049,43.979724],[1.868626,43.979221],[1.868544,43.978683],[1.868707,43.978472],[1.869797,43.978425],[1.871032,43.978729],[1.87248,43.978811],[1.877212,43.979595],[1.877716,43.980075],[1.878708,43.980426],[1.880058,43.980719],[1.881603,43.980918],[1.884644,43.980169],[1.885115,43.979981],[1.885652,43.979923],[1.887798,43.98011],[1.888221,43.9799],[1.888709,43.980017],[1.889327,43.980531],[1.892661,43.981081],[1.893734,43.980485],[1.894417,43.980438],[1.894937,43.980344],[1.89619,43.980894],[1.896612,43.980918],[1.897556,43.980777],[1.898596,43.980637],[1.899247,43.980929],[1.899735,43.980929],[1.900954,43.980847],[1.901296,43.980695],[1.903036,43.980801],[1.90245,43.979993],[1.902093,43.979432],[1.90167,43.97901],[1.901296,43.97798],[1.900906,43.977863],[1.900353,43.978004],[1.899263,43.977419],[1.898141,43.976904],[1.897084,43.976085],[1.896368,43.975769],[1.89549,43.975301],[1.893848,43.97365],[1.893815,43.973487],[1.893328,43.973171],[1.891522,43.973042],[1.890059,43.972621],[1.888189,43.97227],[1.887229,43.971965],[1.886774,43.971708],[1.885083,43.971731],[1.884335,43.971591],[1.88453,43.971006],[1.885164,43.968829],[1.885197,43.96822],[1.885717,43.967178],[1.885782,43.966488],[1.885668,43.964229],[1.886189,43.962789],[1.885684,43.962005],[1.886189,43.962251],[1.887766,43.961139],[1.888172,43.960553],[1.888514,43.959874],[1.890156,43.958458],[1.890254,43.957756],[1.889425,43.957463],[1.888091,43.957779],[1.887587,43.958002],[1.887246,43.957896],[1.886432,43.957018],[1.887685,43.956257],[1.889262,43.954876],[1.888888,43.954267],[1.889018,43.953998],[1.889441,43.953869],[1.889734,43.953623],[1.890612,43.953436],[1.890823,43.953178],[1.891295,43.953295],[1.891653,43.952897],[1.891425,43.952523],[1.891213,43.951352],[1.890498,43.951434],[1.889766,43.950615],[1.889506,43.950076],[1.889571,43.949725],[1.88936,43.949256],[1.889246,43.948823],[1.888498,43.947161],[1.886595,43.947828],[1.884709,43.947863],[1.88279,43.948121],[1.881554,43.948589],[1.880725,43.949198],[1.879391,43.950006],[1.878578,43.950837],[1.878139,43.950919],[1.878106,43.951387],[1.875732,43.953319],[1.875293,43.953085],[1.873813,43.95422],[1.872984,43.953717],[1.872675,43.952874],[1.872805,43.952687],[1.873277,43.952312],[1.873,43.951855],[1.873374,43.951176],[1.873911,43.951095],[1.874643,43.951188],[1.875358,43.951153],[1.876545,43.95038],[1.87687,43.950076],[1.877749,43.949596],[1.877342,43.949397],[1.876984,43.949327],[1.876708,43.949069],[1.876334,43.947863],[1.876318,43.947243],[1.87648,43.946727],[1.87648,43.945955],[1.877066,43.945369],[1.876757,43.944362],[1.876724,43.942946],[1.877098,43.942899],[1.877375,43.942348],[1.877765,43.941974],[1.877944,43.941576],[1.878204,43.941412],[1.879261,43.941096],[1.88022,43.940451],[1.880237,43.940182],[1.881066,43.939725],[1.880741,43.938999],[1.87957,43.938332],[1.880903,43.93743],[1.881359,43.93695],[1.881586,43.936505],[1.882253,43.936002],[1.883115,43.935732],[1.884123,43.935393],[1.884774,43.935311],[1.885961,43.934655],[1.88627,43.933706],[1.885701,43.932723],[1.885717,43.932325],[1.887083,43.931247],[1.887896,43.930474],[1.889002,43.928659],[1.888937,43.927769],[1.889164,43.927183],[1.889425,43.926715],[1.88949,43.92586],[1.889766,43.924864],[1.890693,43.923868],[1.892417,43.922346],[1.893181,43.921233],[1.894547,43.918656],[1.896694,43.916466],[1.897637,43.914615],[1.898304,43.912846],[1.898483,43.911768],[1.899231,43.909343],[1.899149,43.908605],[1.898401,43.908113],[1.898515,43.907785],[1.897978,43.907585],[1.897474,43.907269],[1.896905,43.906613],[1.896092,43.906168],[1.895783,43.904996],[1.89619,43.904586],[1.895881,43.904434],[1.895604,43.903473],[1.895425,43.903391],[1.89671,43.901633],[1.89684,43.901633],[1.897442,43.900837],[1.897686,43.900415],[1.897686,43.900415],[1.896954,43.898634],[1.89697,43.898505],[1.896303,43.898376],[1.895897,43.898142],[1.895689,43.898279],[1.895399,43.898534],[1.89483,43.898217],[1.894745,43.898333],[1.894466,43.898263],[1.892449,43.898751],[1.891539,43.898657],[1.890807,43.898423],[1.890498,43.898188],[1.886953,43.897708],[1.884692,43.897497],[1.884123,43.897661],[1.882887,43.897731],[1.881343,43.897767],[1.880692,43.897907],[1.87957,43.898294],[1.878269,43.897755],[1.876919,43.897661],[1.875537,43.897485],[1.874545,43.897579],[1.874122,43.897544],[1.873439,43.897743],[1.872398,43.897626],[1.871894,43.89772],[1.870366,43.897216],[1.869325,43.896993],[1.868788,43.897064],[1.868463,43.89745],[1.868024,43.897673],[1.867048,43.89772],[1.865845,43.89731],[1.864804,43.897485],[1.861942,43.896794],[1.861633,43.897837],[1.861275,43.898188],[1.860674,43.898329],[1.858966,43.898552],[1.858348,43.899079],[1.856413,43.898481],[1.853892,43.898845],[1.853421,43.898786],[1.850786,43.897813],[1.850477,43.897895],[1.848347,43.897392],[1.846363,43.897075],[1.844656,43.897017],[1.843111,43.8967],[1.841403,43.896021],[1.83794,43.895083],[1.836606,43.895142],[1.834281,43.894919],[1.832589,43.895189],[1.831093,43.89479],[1.830394,43.894673],[1.829532,43.89431],[1.826751,43.893759],[1.826182,43.893759],[1.824198,43.893443],[1.823125,43.893103],[1.8208,43.892142],[1.819889,43.891556],[1.817872,43.89056],[1.816994,43.890372],[1.815758,43.889798],[1.815303,43.889388],[1.815059,43.889364],[1.814734,43.889493],[1.814344,43.8892],[1.813872,43.889153],[1.813758,43.889306],[1.812295,43.889165],[1.811514,43.888895],[1.810945,43.888884],[1.810733,43.888966],[1.809221,43.888778],[1.808847,43.888884],[1.80831,43.888755],[1.808701,43.888145],[1.808766,43.887618],[1.807806,43.887442],[1.807172,43.887419],[1.8074,43.886516],[1.80605,43.88613],[1.805757,43.88477],[1.805172,43.884219],[1.803855,43.885872],[1.800635,43.887805],[1.800131,43.887677],[1.799318,43.887009],[1.799122,43.887091],[1.799106,43.887325],[1.79761,43.888649],[1.796098,43.889692],[1.793756,43.889856],[1.793203,43.889341],[1.79226,43.889915],[1.791902,43.89036],[1.791886,43.890712],[1.792455,43.891075],[1.792504,43.892177],[1.791902,43.892716],[1.79091,43.893196],[1.790455,43.892997],[1.789788,43.893161],[1.789219,43.893536],[1.787625,43.89322],[1.787007,43.892927],[1.785999,43.892564],[1.784649,43.89104],[1.784747,43.890419],[1.785105,43.88995],[1.785967,43.889411],[1.786097,43.889247],[1.785479,43.888849],[1.783495,43.888298],[1.782308,43.888098],[1.780486,43.88743],[1.780096,43.886985],[1.779478,43.885766],[1.77899,43.884196],[1.778502,43.883621],[1.777641,43.883422],[1.777624,43.88157],[1.777494,43.881207],[1.776958,43.881136],[1.776372,43.880949],[1.774356,43.882684],[1.774014,43.882742],[1.77229,43.882191],[1.770355,43.882309],[1.770079,43.882531],[1.770729,43.882988],[1.770729,43.883235],[1.769672,43.883692],[1.769249,43.884313],[1.768095,43.884032],[1.767233,43.883973],[1.766192,43.883785],[1.763314,43.882813],[1.763704,43.882285],[1.764924,43.881254],[1.765818,43.880691],[1.766322,43.88014],[1.766371,43.878417],[1.765786,43.87789],[1.765265,43.877843],[1.764647,43.877116],[1.763997,43.877421],[1.763005,43.87769],[1.762208,43.878159],[1.761297,43.878593],[1.760842,43.878593],[1.760175,43.878394],[1.759362,43.878148],[1.758321,43.878183],[1.758484,43.877257],[1.758419,43.876049],[1.758923,43.875182],[1.75946,43.874748],[1.760078,43.874525],[1.760793,43.874056],[1.761379,43.873869],[1.763005,43.872919],[1.764046,43.871817],[1.76359,43.871266],[1.763444,43.870915],[1.762989,43.87068],[1.763493,43.869496],[1.763509,43.868945],[1.763411,43.868207],[1.763607,43.866999],[1.765574,43.865334],[1.764647,43.865018],[1.764371,43.865147],[1.763525,43.864713],[1.765216,43.86245],[1.766534,43.863634],[1.768534,43.861266],[1.76964,43.860773],[1.770908,43.859988],[1.77151,43.859354],[1.772729,43.858874],[1.773429,43.858358],[1.774356,43.857373],[1.773038,43.857197],[1.770957,43.856282],[1.769737,43.855942],[1.769786,43.855332],[1.768469,43.85443],[1.767965,43.853984],[1.766664,43.853327],[1.766257,43.853034],[1.765981,43.853515],[1.7652,43.854019],[1.763688,43.854711],[1.762241,43.85559],[1.760907,43.857678],[1.760663,43.85837],[1.760208,43.858452],[1.757443,43.860656],[1.756581,43.860773],[1.753947,43.862051],[1.754223,43.862227],[1.753849,43.862731],[1.753605,43.863212],[1.752256,43.86449],[1.752174,43.864936],[1.750613,43.8649],[1.748337,43.866085],[1.747849,43.86592],[1.747312,43.86646],[1.746125,43.866788],[1.745475,43.8668],[1.744938,43.866624],[1.744499,43.866202],[1.743751,43.866096],[1.743344,43.865756],[1.742791,43.865405],[1.742547,43.865147],[1.741799,43.864537],[1.74123,43.863728],[1.740954,43.863036],[1.741149,43.862251],[1.739913,43.860785],[1.739246,43.860586],[1.737945,43.86204],[1.737376,43.862286],[1.737295,43.861993],[1.736742,43.861594],[1.736709,43.861383],[1.737181,43.861078],[1.738482,43.859284],[1.738368,43.858686],[1.738222,43.856892],[1.737994,43.856599],[1.737864,43.85606],[1.737571,43.855766],[1.737474,43.855145],[1.737214,43.854711],[1.736417,43.854125],[1.736368,43.853843],[1.736026,43.853574],[1.736091,43.852835],[1.73601,43.852166],[1.735278,43.851287],[1.73479,43.850466],[1.734238,43.849774],[1.733148,43.848812],[1.73292,43.848085],[1.73292,43.847569],[1.733002,43.847217],[1.732839,43.84642],[1.732286,43.845669],[1.731554,43.844907],[1.731213,43.84425],[1.731099,43.843523],[1.730514,43.842948],[1.729359,43.842233],[1.728318,43.841212],[1.7277,43.840415],[1.727326,43.839559],[1.72705,43.838761],[1.726578,43.837858],[1.726107,43.836779],[1.725765,43.835828],[1.724968,43.834726],[1.726042,43.834268],[1.726838,43.834151],[1.726822,43.833025],[1.72609,43.831946],[1.726464,43.831605],[1.725895,43.830186],[1.725521,43.829693],[1.725424,43.828966],[1.725586,43.828602],[1.72531,43.827992],[1.725586,43.827934],[1.725407,43.827112],[1.72557,43.826819],[1.725391,43.826291],[1.725391,43.825869],[1.725277,43.825763],[1.72505,43.825001],[1.724741,43.824531],[1.725098,43.824379],[1.725017,43.823241],[1.724789,43.822971],[1.725277,43.822595],[1.723391,43.820847],[1.723228,43.820847],[1.722578,43.82046],[1.722366,43.820143],[1.7217,43.819826],[1.721163,43.819521],[1.720187,43.819404],[1.717992,43.819427],[1.716886,43.819275],[1.715423,43.819545],[1.715032,43.81951],[1.714366,43.819298],[1.713959,43.818853],[1.713666,43.818806],[1.713341,43.818982],[1.712024,43.81904],[1.709877,43.818982],[1.709243,43.818923],[1.708332,43.819158],[1.706495,43.819205],[1.704543,43.819228],[1.704592,43.818888],[1.704169,43.81748],[1.704218,43.816283],[1.703259,43.815379],[1.702283,43.815649],[1.700283,43.81545],[1.699616,43.815485],[1.698917,43.815579],[1.698234,43.81545],[1.698104,43.814253],[1.697258,43.814077],[1.697437,43.81342],[1.697811,43.812927],[1.698543,43.81234],[1.698835,43.811906],[1.699632,43.812317],[1.700998,43.811683],[1.699779,43.810709],[1.700852,43.810275],[1.700771,43.809946],[1.701015,43.809477],[1.700868,43.80916],[1.70025,43.808902],[1.69947,43.808737],[1.698852,43.808773],[1.698396,43.808514],[1.697811,43.808409],[1.697014,43.80808],[1.695014,43.80801],[1.695209,43.807904],[1.695469,43.807869],[1.696087,43.807493],[1.696494,43.80713],[1.697697,43.806484],[1.697844,43.806203],[1.696136,43.803832],[1.694965,43.802963],[1.69477,43.802529],[1.694054,43.80159],[1.692136,43.800123],[1.691875,43.799865],[1.691566,43.799865],[1.6902,43.800311],[1.69064,43.799689],[1.690997,43.799043],[1.690526,43.797999],[1.689924,43.797541],[1.689062,43.797036],[1.687566,43.796015],[1.687306,43.795968],[1.686769,43.795733],[1.686509,43.795358],[1.685989,43.794935],[1.685712,43.794066],[1.685419,43.793292],[1.685566,43.792176],[1.684801,43.791366],[1.684395,43.790862],[1.683858,43.790427],[1.683484,43.789676],[1.682151,43.789723],[1.679386,43.789476],[1.678898,43.789265],[1.677289,43.788913],[1.676004,43.788983],[1.674996,43.788584],[1.674654,43.788338],[1.674654,43.787692],[1.673028,43.787281],[1.67306,43.786671],[1.673808,43.786131],[1.674622,43.786025],[1.67737,43.785943],[1.678378,43.78599],[1.679207,43.783196],[1.681363,43.779945],[1.681363,43.779041],[1.679925,43.776964],[1.68013,43.776627],[1.681643,43.776816],[1.682372,43.776613],[1.682858,43.776249],[1.683231,43.776114],[1.684053,43.77598],[1.684034,43.77544],[1.683698,43.774442],[1.685734,43.774105],[1.685828,43.773794],[1.684782,43.772338],[1.683399,43.770679],[1.682596,43.770058],[1.679906,43.768682],[1.678655,43.768021],[1.67787,43.767401],[1.677123,43.766767],[1.677011,43.765687],[1.677422,43.762854],[1.677795,43.761897],[1.677926,43.760858],[1.678113,43.76021],[1.677833,43.758901],[1.677254,43.758416],[1.677216,43.756446],[1.676936,43.755474],[1.676917,43.754314],[1.677683,43.752371],[1.677552,43.751238],[1.677627,43.750172],[1.677272,43.748323],[1.676955,43.747689],[1.677048,43.746987],[1.676357,43.745543],[1.676376,43.744895],[1.675367,43.744666],[1.674396,43.744167],[1.671668,43.7431],[1.671183,43.743033],[1.670958,43.743168],[1.670473,43.744652],[1.670099,43.745003],[1.669277,43.745422],[1.668511,43.746083],[1.667129,43.747608],[1.666755,43.749362],[1.666867,43.750104],[1.666755,43.751683],[1.665354,43.753612],[1.664645,43.753477],[1.661899,43.753531],[1.66132,43.75345],[1.660815,43.753653],[1.659844,43.752627],[1.659321,43.752385],[1.658256,43.750954],[1.657378,43.750077],[1.6565,43.749335],[1.65693,43.748809],[1.658163,43.745961],[1.658163,43.745192],[1.658032,43.744558],[1.657976,43.742669],[1.657864,43.742129],[1.657901,43.741656],[1.65777,43.740658],[1.657415,43.740509],[1.657023,43.740158],[1.656874,43.738336],[1.657135,43.737419],[1.656986,43.736933],[1.656631,43.73696],[1.654856,43.736784],[1.653493,43.737216],[1.652372,43.737189],[1.650728,43.736622],[1.649514,43.735907],[1.648692,43.735259],[1.648449,43.734247],[1.64787,43.733748],[1.647123,43.733343],[1.646394,43.73314],[1.645591,43.7326],[1.644227,43.732263],[1.643648,43.731925],[1.642285,43.732681],[1.640753,43.733005],[1.64051,43.732533],[1.640566,43.732182],[1.640435,43.731979],[1.639352,43.732222],[1.638978,43.733113],[1.638623,43.733248],[1.638119,43.733032],[1.637615,43.733113],[1.636811,43.733356],[1.635971,43.732965],[1.635074,43.732276],[1.634364,43.732114],[1.633823,43.731817],[1.631712,43.730279],[1.631488,43.730036],[1.628947,43.729577],[1.624707,43.729077],[1.623661,43.728767],[1.623119,43.728132],[1.621793,43.727052],[1.6214,43.727336],[1.620298,43.726323],[1.61929,43.725635],[1.615441,43.723651],[1.613517,43.722368],[1.610771,43.721315],[1.60952,43.72064],[1.607465,43.720451],[1.605317,43.719614],[1.604233,43.719722],[1.60343,43.720114],[1.602478,43.720316],[1.600367,43.72118],[1.599937,43.720883],[1.599806,43.720384],[1.599582,43.720087],[1.600199,43.719871],[1.599115,43.719236],[1.598611,43.719142],[1.597602,43.718872],[1.596743,43.718075],[1.596351,43.718237],[1.592241,43.717521],[1.591811,43.717805],[1.590989,43.717562],[1.591393,43.716919],[1.591824,43.717107],[1.592044,43.716878],[1.591491,43.71632],[1.591008,43.716279],[1.59056,43.716306],[1.590354,43.716468],[1.589364,43.71659],[1.589215,43.716387],[1.588262,43.716806],[1.58815,43.716495],[1.588468,43.716077],[1.588972,43.715847],[1.591008,43.715456],[1.590784,43.714389],[1.590205,43.713579],[1.589121,43.713363],[1.588206,43.712782],[1.588187,43.711621],[1.587646,43.710122],[1.587534,43.70911],[1.588281,43.708056],[1.588561,43.707206],[1.58843,43.706652],[1.58787,43.705882],[1.588524,43.705396],[1.58985,43.704694],[1.590298,43.704302],[1.591886,43.703722],[1.592073,43.703452],[1.591681,43.70283],[1.59254,43.702047],[1.592969,43.70148],[1.593829,43.700697],[1.592895,43.700062],[1.592185,43.699414],[1.592091,43.699036],[1.592278,43.697685],[1.592633,43.696213],[1.592951,43.695443],[1.592839,43.695159],[1.590821,43.692728],[1.588692,43.691189],[1.587235,43.689824],[1.587776,43.689379],[1.588001,43.688501],[1.587459,43.688379],[1.585852,43.687474],[1.582191,43.685191],[1.584862,43.683665],[1.586431,43.682395],[1.586487,43.682017],[1.585834,43.681719],[1.585143,43.681773],[1.5849,43.681625],[1.584339,43.681557],[1.583891,43.68199],[1.5832,43.682395],[1.582733,43.682935],[1.581444,43.683111],[1.580136,43.683111],[1.579146,43.682381],[1.578549,43.682017],[1.575373,43.67872],[1.575149,43.677545],[1.574607,43.676518],[1.573991,43.675775],[1.573169,43.675424],[1.572365,43.675289],[1.571562,43.675424],[1.57061,43.675816],[1.569246,43.675883],[1.567621,43.676288],[1.567023,43.676532],[1.566556,43.676356],[1.566743,43.675653],[1.566519,43.675478],[1.566145,43.675572],[1.565996,43.676059],[1.565697,43.67618],[1.564912,43.676316],[1.564651,43.675532],[1.563661,43.67487],[1.562241,43.673397],[1.56155,43.672384],[1.560616,43.671708],[1.560093,43.671141],[1.559402,43.669668],[1.558878,43.669168],[1.557851,43.668384],[1.55602,43.666749],[1.554918,43.66702],[1.552658,43.666803],[1.552135,43.666412],[1.551406,43.665574],[1.550846,43.664236],[1.550118,43.662263],[1.549632,43.66175],[1.548847,43.661128],[1.547839,43.659885],[1.546942,43.659304],[1.54541,43.658614],[1.545746,43.658317],[1.545279,43.657858],[1.543561,43.656898],[1.541245,43.656141],[1.538181,43.655574],[1.537359,43.656128],[1.536836,43.656128],[1.535958,43.656384],[1.531792,43.656776],[1.531269,43.656682],[1.53112,43.657452],[1.529607,43.657506],[1.527702,43.657912],[1.527253,43.656425],[1.526824,43.656087],[1.526394,43.656087],[1.525591,43.656276],[1.524974,43.656222],[1.523106,43.6551],[1.522733,43.654627],[1.520977,43.655479],[1.518586,43.656952],[1.51754,43.656114],[1.517409,43.655857],[1.516531,43.65506],[1.516774,43.654844],[1.513337,43.65183],[1.511188,43.65433],[1.510217,43.653992],[1.508499,43.653735],[1.50353,43.653979],[1.502502,43.653898],[1.49985,43.653398],[1.499084,43.653479],[1.498748,43.653357],[1.497851,43.6526],[1.497589,43.652046],[1.497814,43.651911],[1.495871,43.648599],[1.494731,43.647099],[1.494283,43.646964],[1.494134,43.646558],[1.493723,43.646477],[1.493312,43.646558],[1.493256,43.646261],[1.49277,43.646356],[1.492396,43.64668],[1.491687,43.647072],[1.491164,43.647613],[1.490753,43.647734],[1.490398,43.64764],[1.490286,43.647031],[1.489987,43.646788],[1.489146,43.646545],[1.48881,43.64622],[1.488586,43.644314],[1.488567,43.643409],[1.488362,43.642976],[1.4881,43.642679],[1.484028,43.643111],[1.483094,43.64303],[1.482291,43.642895],[1.481319,43.643422],[1.481095,43.643922],[1.480759,43.643977],[1.479713,43.643476],[1.478835,43.643138],[1.478106,43.642976],[1.477247,43.642517],[1.476817,43.642354],[1.476817,43.642165],[1.477714,43.641543],[1.478125,43.640678],[1.478237,43.638934],[1.47848,43.637947],[1.478741,43.636731],[1.47876,43.636055],[1.479022,43.635974],[1.479862,43.636325],[1.481095,43.63665],[1.481235,43.636361],[1.480668,43.636031],[1.478881,43.635308],[1.479601,43.630092],[1.480142,43.627875],[1.482178,43.621479],[1.485242,43.611985],[1.485466,43.611972],[1.485503,43.611728],[1.485335,43.611688],[1.485672,43.610727],[1.484121,43.610538],[1.48371,43.612391],[1.483112,43.612634],[1.482515,43.612621],[1.482384,43.613013],[1.481039,43.614447],[1.477266,43.612594],[1.474146,43.610998],[1.471101,43.609632],[1.47069,43.609294],[1.470653,43.609064],[1.468075,43.607711],[1.467122,43.60717],[1.465572,43.609591],[1.464638,43.610457],[1.464096,43.610092],[1.46178,43.611958],[1.461388,43.611864],[1.458847,43.6107],[1.458063,43.610903],[1.457857,43.610633],[1.456923,43.610227],[1.456696,43.610379],[1.455709,43.609821],[1.45498,43.609916],[1.447388,43.604805]]],"type":"MultiLineString"},"properties":{"geo_point":{"lon":1.6954104701351778,"lat":45.566188070767026},"name":"GR46 De Tours (Indre-et-Loire) à Toulouse (Haute-Garonne) (2020)","code_gr":"GR46"}},{"type":"Feature","geometry":{"coordinates":[[[0.682306,47.370003],[0.683145,47.369986],[0.684667,47.370129],[0.686811,47.370259],[0.694672,47.369244],[0.696258,47.369255],[0.699186,47.369586],[0.701417,47.369704],[0.70607,47.36968],[0.707691,47.369822],[0.709347,47.370259],[0.713512,47.371911],[0.714663,47.372136],[0.716162,47.372171],[0.717939,47.372112],[0.718166,47.371888],[0.719072,47.371982],[0.721286,47.371899],[0.721913,47.37164],[0.722366,47.371073],[0.72383,47.370094],[0.728641,47.370648],[0.735386,47.369161],[0.7357,47.368512],[0.737477,47.368535],[0.737607,47.368083],[0.738228,47.367545],[0.738234,47.366931],[0.739515,47.367048],[0.740649,47.367182],[0.742251,47.367148],[0.743533,47.367182],[0.744987,47.366698],[0.746146,47.366648],[0.748438,47.36628],[0.749939,47.36621],[0.749765,47.365159],[0.749503,47.36425],[0.751804,47.36281],[0.751246,47.361972],[0.751421,47.361134],[0.749991,47.360815],[0.749974,47.360343],[0.749817,47.359988],[0.749991,47.359044],[0.749904,47.358288],[0.749329,47.357403],[0.748005,47.355998],[0.748475,47.355502],[0.749225,47.355596],[0.749974,47.355596],[0.750532,47.355029],[0.751177,47.354604],[0.751839,47.353943],[0.752362,47.353152],[0.752379,47.352148],[0.753861,47.350708],[0.754558,47.349562],[0.754906,47.349468],[0.755429,47.349066],[0.759316,47.348074],[0.759769,47.34785],[0.760222,47.348086],[0.762017,47.348641],[0.762331,47.347378],[0.762941,47.345512],[0.762994,47.345063],[0.763168,47.344732],[0.763255,47.344307],[0.763656,47.343752],[0.762558,47.343327],[0.76261,47.342748],[0.762906,47.342737],[0.763046,47.342252],[0.76242,47.342044],[0.762452,47.34141],[0.762672,47.340689],[0.763428,47.339377],[0.764087,47.338088],[0.764932,47.336787],[0.76551,47.335426],[0.765762,47.335079],[0.7659,47.334126],[0.766567,47.332205],[0.766455,47.331091],[0.764194,47.326204],[0.763914,47.325482],[0.76341,47.325089],[0.763111,47.325127],[0.762326,47.324747],[0.760869,47.323291],[0.759207,47.322126],[0.756536,47.319733],[0.756069,47.319188],[0.753472,47.315529],[0.752463,47.314883],[0.749661,47.311615],[0.750734,47.311329],[0.752908,47.310534],[0.755397,47.309908],[0.755568,47.308453],[0.754796,47.306358],[0.754453,47.306198],[0.75383,47.305165],[0.753208,47.304088],[0.752157,47.302662],[0.751384,47.301265],[0.753444,47.300072],[0.754109,47.299388],[0.754496,47.298238],[0.754217,47.297278],[0.755525,47.295881],[0.756899,47.295401],[0.758379,47.294251],[0.759302,47.293159],[0.759688,47.29332],[0.760589,47.292519],[0.762735,47.291835],[0.764151,47.294411],[0.765739,47.294804],[0.766855,47.29527],[0.76737,47.294935],[0.768529,47.294658],[0.769108,47.294673],[0.769237,47.294193],[0.770417,47.293931],[0.770954,47.294004],[0.771833,47.293625],[0.7734,47.292839],[0.774623,47.292184],[0.776297,47.291879],[0.778528,47.291355],[0.780073,47.291166],[0.780996,47.290962],[0.782369,47.287512],[0.782047,47.285707],[0.782455,47.284747],[0.782498,47.284427],[0.78297,47.284339],[0.783099,47.284601],[0.783442,47.284659],[0.784686,47.28431],[0.785416,47.284368],[0.785588,47.283888],[0.785588,47.283888],[0.785974,47.283742],[0.786382,47.283451],[0.787862,47.282985],[0.788227,47.282622],[0.788699,47.28233],[0.7896,47.282039],[0.787948,47.279477],[0.788034,47.279142],[0.792497,47.277061],[0.793613,47.276828],[0.793892,47.276595],[0.793527,47.276144],[0.79342,47.275474],[0.791016,47.26997],[0.791317,47.26965],[0.792454,47.269315],[0.792905,47.26815],[0.793527,47.267306],[0.794364,47.266607],[0.794299,47.265908],[0.793913,47.265413],[0.793849,47.264831],[0.793248,47.263768],[0.794063,47.263287],[0.794278,47.262472],[0.7949,47.262107],[0.795973,47.261074],[0.796746,47.260083],[0.797239,47.259093],[0.797733,47.257171],[0.798355,47.256108],[0.799063,47.253996],[0.799857,47.253573],[0.801187,47.253282],[0.804014,47.256313],[0.804014,47.256313],[0.80646,47.25742],[0.807833,47.257813],[0.808563,47.258221],[0.81058,47.258993],[0.811288,47.259197],[0.811052,47.259619],[0.811932,47.261046],[0.812511,47.26259],[0.813927,47.265138],[0.813777,47.26556],[0.813863,47.266099],[0.815,47.265866],[0.815837,47.265851],[0.817468,47.265589],[0.818584,47.265735],[0.819335,47.265968],[0.8203,47.266012],[0.821287,47.266492],[0.823347,47.266507],[0.830299,47.267977],[0.832595,47.267817],[0.83414,47.267293],[0.834355,47.267671],[0.834806,47.26805],[0.834055,47.268196],[0.834012,47.268472],[0.834569,47.26837],[0.835449,47.268516],[0.834355,47.270496],[0.834999,47.270613],[0.834784,47.271544],[0.834355,47.272083],[0.838561,47.272374],[0.839483,47.272695],[0.841522,47.272549],[0.842809,47.272491],[0.844912,47.272025],[0.845384,47.271705],[0.846221,47.271675],[0.847165,47.271894],[0.848646,47.271675],[0.848839,47.272753],[0.849332,47.272593],[0.851178,47.27268],[0.852744,47.27201],[0.853753,47.271486],[0.854482,47.270889],[0.854482,47.270889],[0.856134,47.270118],[0.857293,47.269957],[0.857808,47.269681],[0.857658,47.268574],[0.857894,47.26805],[0.857873,47.267511],[0.859847,47.26655],[0.860662,47.265939],[0.86137,47.265516],[0.862851,47.265123],[0.865039,47.263259],[0.865404,47.262022],[0.866563,47.261017],[0.866735,47.259896],[0.867185,47.259663],[0.867464,47.259182],[0.867486,47.258876],[0.868086,47.257726],[0.868108,47.256997],[0.868601,47.255585],[0.869374,47.254492],[0.871348,47.253196],[0.871563,47.252803],[0.873429,47.251827],[0.873494,47.251536],[0.87476,47.250371],[0.876219,47.250123],[0.876004,47.249278],[0.875918,47.248069],[0.877463,47.247341],[0.877463,47.246219],[0.873086,47.2415],[0.872657,47.241339],[0.883321,47.235672],[0.883793,47.234885],[0.885467,47.232918],[0.887205,47.232889],[0.887699,47.232933],[0.888664,47.232773],[0.889072,47.232612],[0.890424,47.232904],[0.890832,47.232831],[0.89111,47.232598],[0.89111,47.231928],[0.896711,47.229509],[0.898277,47.231257],[0.900487,47.23133],[0.903449,47.230281],[0.902633,47.229319],[0.90332,47.229013],[0.902805,47.228285],[0.902977,47.227644],[0.903599,47.226901],[0.903792,47.226201],[0.903706,47.225691],[0.906367,47.223957],[0.909822,47.225749],[0.91113,47.226973],[0.913577,47.227964],[0.914413,47.227993],[0.915315,47.227717],[0.916667,47.232438],[0.918126,47.23251],[0.918748,47.233428],[0.91952,47.23541],[0.920829,47.235526],[0.921409,47.236357],[0.922632,47.236517],[0.924649,47.237275],[0.926323,47.237377],[0.928254,47.23844],[0.930593,47.238163],[0.932931,47.236488],[0.935421,47.233224],[0.934262,47.232204],[0.93424,47.231913],[0.934948,47.231287],[0.935013,47.230675],[0.93467,47.229655],[0.932953,47.228591],[0.932781,47.228052],[0.932245,47.227746],[0.932824,47.227221],[0.933618,47.225808],[0.936086,47.224074],[0.937974,47.222908],[0.939111,47.222573],[0.940849,47.223126],[0.941343,47.223141],[0.941429,47.222864],[0.941064,47.222077],[0.940656,47.221756],[0.94057,47.221013],[0.943317,47.218521],[0.94484,47.217472],[0.947287,47.215067],[0.948445,47.21428],[0.949454,47.213405],[0.950205,47.212954],[0.950548,47.212531],[0.947973,47.210286],[0.948123,47.210082],[0.950527,47.209149],[0.95632,47.208231],[0.956041,47.20721],[0.956535,47.206525],[0.956127,47.206117],[0.956385,47.205621],[0.957994,47.204222],[0.958981,47.202793],[0.959067,47.2024],[0.960762,47.200067],[0.961427,47.199863],[0.961771,47.199251],[0.964002,47.19683],[0.964839,47.196233],[0.967199,47.193214],[0.968573,47.192165],[0.969259,47.1918],[0.969796,47.19094],[0.970203,47.190706],[0.970783,47.190925],[0.972178,47.189613],[0.972328,47.189234],[0.978679,47.191231],[0.984001,47.194395],[0.985825,47.193375],[0.986597,47.191742],[0.987498,47.190269],[0.988507,47.190298],[0.989365,47.190211],[0.997197,47.185136],[0.99827,47.184596],[1.002605,47.184421],[1.016209,47.177815],[1.015157,47.173497],[1.014235,47.172068],[1.010158,47.172359],[1.004107,47.170492],[0.999579,47.168071],[0.998377,47.167604],[0.997583,47.167458],[0.994579,47.166378],[0.994579,47.166276],[0.993185,47.165649],[0.993721,47.165138],[0.994064,47.164394],[0.994579,47.163869],[0.995674,47.163344],[0.996081,47.163067],[0.99694,47.163038],[0.996961,47.162658],[0.997262,47.162075],[1.000909,47.162644],[1.002068,47.162396],[1.004343,47.162191],[1.005029,47.161987],[1.010479,47.161637],[1.011767,47.160557],[1.016423,47.159769],[1.018719,47.159623],[1.017968,47.159434],[1.017925,47.156968],[1.017131,47.155713],[1.016681,47.155348],[1.016852,47.154225],[1.01741,47.153335],[1.017196,47.153043],[1.015286,47.151715],[1.015114,47.151204],[1.015586,47.150314],[1.014492,47.149905],[1.013634,47.14957],[1.012411,47.149336],[1.010201,47.148373],[1.008935,47.148023],[1.00887,47.147702],[1.009256,47.147235],[1.009213,47.146228],[1.008076,47.145192],[1.007325,47.144185],[1.00945,47.144345],[1.010587,47.144623],[1.012282,47.144462],[1.013097,47.14455],[1.015372,47.145527],[1.016552,47.145863],[1.019063,47.14614],[1.020371,47.146374],[1.019685,47.143528],[1.019084,47.143148],[1.018054,47.142156],[1.018054,47.141047],[1.018612,47.140273],[1.018054,47.140127],[1.016552,47.139967],[1.016166,47.139704],[1.016316,47.139135],[1.015672,47.138288],[1.015458,47.1375],[1.014771,47.136639],[1.014792,47.135632],[1.014492,47.135456],[1.014986,47.134829],[1.015372,47.132756],[1.015887,47.132041],[1.015715,47.131413],[1.016316,47.131048],[1.015136,47.130887],[1.013956,47.130464],[1.014235,47.129851],[1.014642,47.129471],[1.014642,47.129019],[1.013054,47.129165],[1.013398,47.128698],[1.013505,47.128128],[1.012883,47.127734],[1.012046,47.127617],[1.011853,47.128347],[1.010801,47.128318],[1.010973,47.127398],[1.011552,47.127486],[1.011552,47.127209],[1.010222,47.126902],[1.009063,47.127428],[1.008119,47.127252],[1.007154,47.127252],[1.007111,47.127515],[1.003999,47.127296],[1.003549,47.127063],[1.002948,47.127063],[1.00224,47.12661],[1.001725,47.126727],[1.000588,47.126625],[1.00121,47.125165],[1.001575,47.124741],[1.001575,47.124741],[1.001925,47.124547],[1.002654,47.123306],[1.002397,47.122941],[1.00156,47.122517],[1.001066,47.122503],[1.000873,47.123043],[1.000465,47.122824],[1.000337,47.12259],[0.999972,47.122678],[1.000294,47.123379],[0.999757,47.124124],[0.999157,47.124109],[0.998255,47.123919],[0.998341,47.123145],[0.998041,47.122021],[0.997075,47.121744],[0.996324,47.121087],[0.994608,47.120123],[0.9942,47.117714],[0.993899,47.117057],[0.993749,47.116195],[0.993857,47.115903],[0.993706,47.114341],[0.995423,47.113479],[0.996603,47.11345],[0.996968,47.112428],[0.997354,47.112282],[0.997097,47.111916],[0.997912,47.11104],[0.998513,47.11104],[0.998019,47.110602],[0.998062,47.110149],[0.997869,47.109814],[0.997826,47.109448],[0.996174,47.10828],[0.994414,47.105198],[0.992548,47.104132],[0.992548,47.104132],[0.993921,47.101065],[0.993578,47.100817],[0.993041,47.099648],[0.992912,47.098932],[0.994693,47.099035],[0.995552,47.099181],[0.996796,47.09715],[0.997204,47.097033],[0.998835,47.097282],[0.998835,47.097282],[0.999757,47.096347],[1.000873,47.09696],[1.001989,47.097311],[1.005143,47.097778],[1.006409,47.097778],[1.0104,47.098392],[1.013104,47.099736],[1.014499,47.100861],[1.017267,47.102394],[1.019177,47.103665],[1.019713,47.104468],[1.020807,47.103314],[1.022653,47.102701],[1.02364,47.101883],[1.02452,47.100539],[1.024434,47.099707],[1.024815,47.099372],[1.025421,47.099166],[1.026773,47.09902],[1.029004,47.098523],[1.03027,47.098114],[1.032373,47.097778],[1.037308,47.098713],[1.038467,47.100057],[1.040184,47.100934],[1.040677,47.100992],[1.042201,47.101605],[1.045076,47.103154],[1.045076,47.103154],[1.046063,47.1033],[1.047329,47.104074],[1.048166,47.104527],[1.050076,47.104746],[1.051921,47.103694],[1.053423,47.10124],[1.054346,47.098728],[1.057092,47.096522],[1.054496,47.094945],[1.056663,47.093791],[1.059281,47.089948],[1.060268,47.088853],[1.061062,47.088137],[1.061727,47.087669],[1.063229,47.084616],[1.063723,47.084075],[1.063637,47.08371],[1.066276,47.083593],[1.068701,47.082789],[1.069581,47.082862],[1.070031,47.082424],[1.068336,47.081956],[1.068014,47.08165],[1.067864,47.080641],[1.065804,47.079487],[1.065761,47.079224],[1.06516,47.078903],[1.070696,47.077061],[1.070696,47.077061],[1.06825,47.073671],[1.068443,47.072999],[1.067456,47.070529],[1.067542,47.069842],[1.067306,47.069111],[1.066662,47.068468],[1.066491,47.06822],[1.064839,47.067167],[1.062736,47.064639],[1.063336,47.064449],[1.064238,47.063616],[1.063336,47.063323],[1.062435,47.062666],[1.062435,47.060239],[1.062757,47.059421],[1.062478,47.05847],[1.0625,47.057783],[1.060633,47.057973],[1.057715,47.048383],[1.052157,47.050064],[1.051385,47.050547],[1.049303,47.053588],[1.048316,47.054275],[1.047372,47.054757],[1.04705,47.05521],[1.045269,47.055941],[1.04469,47.056424],[1.04381,47.056906],[1.041729,47.055751],[1.041535,47.055093],[1.040269,47.053895],[1.041514,47.05252],[1.03969,47.050284],[1.039304,47.050313],[1.039368,47.049538],[1.039948,47.047783],[1.041192,47.046117],[1.04514,47.046892],[1.04557,47.046862],[1.046256,47.046146],[1.047436,47.046102],[1.048316,47.045795],[1.053144,47.045181],[1.053487,47.044713],[1.053788,47.041979],[1.053595,47.041481],[1.054539,47.041277],[1.055612,47.040721],[1.054539,47.037226],[1.061877,47.036495],[1.062736,47.036159],[1.064216,47.034842],[1.064989,47.034594],[1.075439,47.032298],[1.074001,47.031435],[1.074752,47.028904],[1.073786,47.0275],[1.076962,47.024458],[1.07767,47.024721],[1.080975,47.024853],[1.081554,47.025101],[1.081983,47.026359],[1.083614,47.027281],[1.083936,47.026988],[1.085245,47.026462],[1.08591,47.025043],[1.087455,47.025058],[1.089837,47.023726],[1.091124,47.023375],[1.093978,47.023024],[1.097046,47.022088],[1.098656,47.020933],[1.100544,47.02023],[1.103827,47.019777],[1.104385,47.019382],[1.107303,47.020464],[1.108762,47.019221],[1.110608,47.017027],[1.107368,47.014145],[1.106423,47.013676],[1.105866,47.013676],[1.103634,47.01293],[1.103548,47.012608],[1.102776,47.01236],[1.10181,47.01236],[1.100823,47.012257],[1.097068,47.011057],[1.096853,47.010897],[1.095845,47.010648],[1.093957,47.010326],[1.092927,47.010341],[1.091832,47.010443],[1.090867,47.010238],[1.091253,47.009068],[1.092519,47.008438],[1.09327,47.007926],[1.09357,47.00737],[1.094557,47.006785],[1.094944,47.00617],[1.096102,47.00639],[1.098613,47.005863],[1.100115,47.002029],[1.101789,47.000903],[1.103999,47.000405],[1.105758,46.999585],[1.106745,46.99881],[1.108312,46.999995],[1.109106,46.999249],[1.110651,46.9996],[1.111423,46.999615],[1.112432,47.000112],[1.11314,46.99922],[1.115715,46.998122],[1.116573,46.997434],[1.115929,46.996161],[1.116101,46.995122],[1.115607,46.994449],[1.114256,46.993249],[1.115436,46.993044],[1.11726,46.993644],[1.118719,46.994302],[1.120307,46.994566],[1.125177,46.996424],[1.125864,46.996337],[1.126658,46.996746],[1.129598,46.997317],[1.131078,46.99742],[1.130778,46.998254],[1.132022,46.998883],[1.133846,46.999073],[1.134984,46.999512],[1.136829,46.999659],[1.136057,46.998239],[1.136014,46.997581],[1.1367,46.996117],[1.136893,46.993761],[1.136743,46.99319],[1.136958,46.992634],[1.13861,46.991112],[1.141013,46.989853],[1.141914,46.989619],[1.143374,46.988843],[1.144382,46.987233],[1.144682,46.986355],[1.145627,46.985345],[1.146378,46.985183],[1.149382,46.98309],[1.150476,46.982153],[1.151249,46.9817],[1.152236,46.980924],[1.15406,46.980265],[1.155047,46.980367],[1.154853,46.981246],[1.155154,46.983281],[1.155068,46.984437],[1.155604,46.984964],[1.161656,46.987877],[1.162278,46.988331],[1.162728,46.98896],[1.169724,46.98874],[1.171698,46.988858],[1.17305,46.989824],[1.174444,46.989502],[1.174702,46.988726],[1.17571,46.988009],[1.175946,46.987482],[1.177513,46.987701],[1.178564,46.988579],[1.185366,46.992048],[1.186053,46.991199],[1.187233,46.988682],[1.188563,46.989209],[1.19028,46.989209],[1.191449,46.987452],[1.192265,46.98754],[1.193574,46.987408],[1.194883,46.98694],[1.196277,46.987306],[1.197222,46.985667],[1.197629,46.985593],[1.198573,46.986003],[1.199239,46.986603],[1.19956,46.986633],[1.2022,46.985242],[1.201685,46.98451],[1.195505,46.982402],[1.196406,46.981963],[1.198209,46.981538],[1.19896,46.98148],[1.204217,46.98047],[1.207178,46.978801],[1.207178,46.978801],[1.208315,46.978288],[1.209002,46.9776],[1.211148,46.976107],[1.211984,46.975726],[1.216684,46.974614],[1.218744,46.973969],[1.220031,46.975214],[1.221125,46.97536],[1.221941,46.975155],[1.222842,46.974467],[1.224323,46.974174],[1.224559,46.973852],[1.224923,46.973706],[1.225159,46.97334],[1.224516,46.971012],[1.226168,46.970265],[1.226898,46.97006],[1.229022,46.968376],[1.230417,46.967644],[1.230438,46.967278],[1.229966,46.966971],[1.228121,46.966443],[1.22664,46.966121],[1.225589,46.96555],[1.224172,46.965052],[1.223786,46.964701],[1.222198,46.963734],[1.222949,46.963559],[1.224237,46.962577],[1.224709,46.963149],[1.225996,46.96391],[1.225996,46.963881],[1.227391,46.963603],[1.229236,46.962665],[1.231876,46.962138],[1.233034,46.962153],[1.234644,46.962431],[1.238549,46.962123],[1.239772,46.962285],[1.239772,46.962285],[1.241832,46.961743],[1.241618,46.96142],[1.240974,46.960923],[1.239944,46.96019],[1.239944,46.959853],[1.240566,46.959282],[1.241274,46.959209],[1.240759,46.958081],[1.240609,46.957217],[1.24151,46.957188],[1.247046,46.955841],[1.249621,46.955841],[1.250737,46.955665],[1.251617,46.956177],[1.251917,46.9565],[1.252604,46.956807],[1.25299,46.957144],[1.253805,46.957598],[1.254127,46.957964],[1.2549,46.959399],[1.255973,46.959531],[1.258333,46.959151],[1.261595,46.959063],[1.26374,46.958579],[1.264856,46.958345],[1.266744,46.957554],[1.267367,46.957115],[1.268161,46.956705],[1.269126,46.955987],[1.270135,46.95543],[1.270843,46.954478],[1.272109,46.954068],[1.272409,46.953629],[1.272903,46.953439],[1.273997,46.952252],[1.275285,46.951183],[1.276508,46.950538],[1.278503,46.949791],[1.280477,46.948707],[1.281422,46.948532],[1.284469,46.947155],[1.285971,46.946847],[1.288159,46.946847],[1.289661,46.94673],[1.290198,46.946422],[1.289983,46.946788],[1.290155,46.947814],[1.290176,46.948678],[1.290756,46.949],[1.291163,46.948854],[1.291936,46.950011],[1.292,46.9507],[1.292515,46.95152],[1.292343,46.953526],[1.293652,46.953629],[1.293931,46.953439],[1.29406,46.953146],[1.294575,46.952662],[1.296549,46.951988],[1.298137,46.952194],[1.300004,46.951505],[1.301484,46.951476],[1.302429,46.951329],[1.302493,46.951476],[1.304381,46.950802],[1.309381,46.948283],[1.30981,46.947711],[1.309295,46.947081],[1.308265,46.946012],[1.308351,46.94547],[1.31011,46.944972],[1.310765,46.944503],[1.310765,46.944298],[1.313361,46.943903],[1.314713,46.944049],[1.315164,46.943888],[1.313812,46.943507],[1.313511,46.943126],[1.31261,46.942599],[1.313104,46.939478],[1.312675,46.938907],[1.312868,46.938614],[1.313662,46.938394],[1.314799,46.938336],[1.32424,46.932592],[1.324798,46.934218],[1.325764,46.935742],[1.326472,46.935625],[1.328897,46.935537],[1.330227,46.935742],[1.332029,46.935815],[1.332802,46.934468],[1.332759,46.9335],[1.333939,46.933603],[1.334776,46.932431],[1.335785,46.931889],[1.336729,46.93164],[1.337501,46.931654],[1.337566,46.932065],[1.341621,46.93164],[1.342715,46.931654],[1.344174,46.93142],[1.346256,46.93101],[1.345204,46.929427],[1.344518,46.929119],[1.343423,46.928987],[1.341256,46.928387],[1.340441,46.928152],[1.340613,46.926643],[1.340162,46.925382],[1.339497,46.924401],[1.338338,46.925324],[1.338402,46.924122],[1.339325,46.922701],[1.339754,46.921103],[1.339754,46.921103],[1.340334,46.920341],[1.341428,46.919608],[1.347694,46.917219],[1.348251,46.917131],[1.352865,46.914786],[1.358315,46.911561],[1.359517,46.910491],[1.359774,46.908908],[1.360911,46.907252],[1.361748,46.906416],[1.364001,46.903044],[1.363916,46.90278],[1.364903,46.902678],[1.365418,46.902839],[1.366297,46.902942],[1.366662,46.902517],[1.366769,46.901989],[1.367413,46.901182],[1.367778,46.901006],[1.372134,46.897766],[1.373207,46.897224],[1.373958,46.896432],[1.374644,46.895376],[1.375546,46.894335],[1.37664,46.893235],[1.376983,46.89171],[1.378936,46.890127],[1.379279,46.889511],[1.379,46.888983],[1.379172,46.888015],[1.379601,46.887678],[1.37915,46.887194],[1.380824,46.887267],[1.384365,46.887311],[1.385094,46.885962],[1.386274,46.884715],[1.387605,46.882824],[1.388206,46.880536],[1.388163,46.879538],[1.388527,46.878247],[1.388592,46.877529],[1.389493,46.875065],[1.389364,46.87395],[1.390459,46.872072],[1.391081,46.871397],[1.390502,46.871001],[1.389429,46.869989],[1.388013,46.868141],[1.386274,46.867143],[1.387261,46.866864],[1.388442,46.866013],[1.389064,46.865881],[1.389793,46.865984],[1.391682,46.866043],[1.393141,46.866234],[1.393699,46.86616],[1.394686,46.867393],[1.3949,46.868111],[1.39563,46.868082],[1.395845,46.867965],[1.396638,46.868405],[1.398613,46.868845],[1.399685,46.869256],[1.400479,46.86908],[1.401295,46.869182],[1.401939,46.869681],[1.40284,46.870591],[1.403462,46.870473],[1.404471,46.870605],[1.40593,46.87461],[1.405908,46.876165],[1.406316,46.87725],[1.406316,46.877705],[1.407153,46.878908],[1.407775,46.878805],[1.408054,46.878966],[1.409084,46.880448],[1.40902,46.880961],[1.407324,46.881812],[1.406573,46.882516],[1.407088,46.883088],[1.408097,46.883396],[1.410178,46.883733],[1.410178,46.883733],[1.412045,46.885009],[1.415478,46.886373],[1.415907,46.886769],[1.416465,46.886769],[1.418203,46.887487],[1.419126,46.888147],[1.421894,46.889203]]],"type":"MultiLineString"},"properties":{"geo_point":{"lon":1.0421046906522984,"lat":47.10932998999146},"name":"GR46 De Tours (Indre et Loire) à Buzançais (Indre) (2019)","code_gr":"GR46"}}]}