{"type":"FeatureCollection","features":[{"type":"Feature","geometry":{"coordinates":[[[3.385152,45.293767],[3.38571,45.293399],[3.386119,45.293007],[3.386374,45.29266],[3.386596,45.292344],[3.387086,45.291899],[3.387158,45.291915],[3.387312,45.291758],[3.387886,45.290813],[3.388653,45.289947],[3.389016,45.289363],[3.389179,45.289138],[3.389575,45.288979],[3.390565,45.28871],[3.392312,45.287835],[3.395962,45.286006],[3.398001,45.284996],[3.399901,45.284033],[3.400893,45.283522],[3.402124,45.282763],[3.402716,45.282443],[3.40359,45.282045],[3.404446,45.281677],[3.405455,45.281281],[3.405738,45.281129],[3.405899,45.280925],[3.406254,45.280056],[3.406814,45.278411],[3.407179,45.277337],[3.407505,45.276536],[3.407297,45.275991],[3.407285,45.275797],[3.407657,45.274557],[3.407687,45.273665],[3.407659,45.273176],[3.407937,45.272261],[3.408036,45.27136],[3.408366,45.270641],[3.408666,45.270086],[3.408888,45.269843],[3.409082,45.268772],[3.409205,45.268358],[3.408992,45.268002],[3.408772,45.267569],[3.408398,45.267157],[3.407849,45.266724],[3.4072,45.266739],[3.406496,45.266622],[3.406373,45.266502],[3.406079,45.265725],[3.405945,45.265479],[3.405204,45.264475],[3.404853,45.264399],[3.404898,45.26347],[3.406057,45.262064],[3.407435,45.260577],[3.407764,45.260476],[3.409409,45.260911],[3.410425,45.261207],[3.41057,45.261418],[3.411068,45.260991],[3.411502,45.260871],[3.411848,45.260898],[3.412278,45.261083],[3.412375,45.260987],[3.412268,45.260711],[3.412009,45.260605],[3.410966,45.260324],[3.411199,45.259657],[3.411358,45.259518],[3.411427,45.259303],[3.411251,45.25901],[3.41107,45.258428],[3.411227,45.257666],[3.411233,45.257205],[3.411298,45.256963],[3.411566,45.256797],[3.41191,45.256758],[3.412048,45.256752],[3.412341,45.256114],[3.412211,45.255871],[3.41193,45.255626],[3.411318,45.255384],[3.410269,45.254897],[3.409968,45.254527],[3.409821,45.254143],[3.409949,45.25366],[3.410456,45.253184],[3.410745,45.252828],[3.411035,45.252686],[3.411075,45.252617],[3.412105,45.252431],[3.412813,45.252221],[3.413119,45.251834],[3.413273,45.251611],[3.41382,45.251099],[3.414023,45.250997],[3.414038,45.250715],[3.414222,45.250455],[3.414772,45.249954],[3.414561,45.24986],[3.41168,45.250394],[3.41206,45.249753],[3.411211,45.249096],[3.412528,45.247939],[3.412266,45.247491],[3.411757,45.247639],[3.4112,45.247744],[3.410473,45.248209],[3.409446,45.248574],[3.408841,45.248482],[3.408441,45.248329],[3.408135,45.24718],[3.408601,45.24611],[3.408745,45.245687],[3.409031,45.245132],[3.409123,45.244492],[3.409861,45.244033],[3.410423,45.243639],[3.410936,45.242997],[3.411009,45.242816],[3.41144,45.242301],[3.411589,45.24161],[3.412192,45.240266],[3.412192,45.240266],[3.412146,45.240135],[3.41227,45.239638],[3.412107,45.239398],[3.411565,45.238938],[3.412335,45.238552],[3.412733,45.238099],[3.412969,45.237698],[3.413218,45.237186],[3.413292,45.236753],[3.413116,45.236179],[3.41307,45.235617],[3.413158,45.234937],[3.413167,45.234614],[3.412987,45.234117],[3.413583,45.232934],[3.413649,45.232419],[3.413554,45.232024],[3.413931,45.231878],[3.414241,45.231862],[3.415298,45.231424],[3.415572,45.231138],[3.414917,45.230743],[3.414142,45.230289],[3.413975,45.229835],[3.414136,45.229314],[3.414778,45.228787],[3.415286,45.228482],[3.415635,45.228325],[3.415976,45.227849],[3.415976,45.227849],[3.416923,45.227224],[3.417248,45.226855],[3.417248,45.226855],[3.416363,45.226535],[3.415795,45.226471],[3.41525,45.226523],[3.415036,45.226372],[3.414058,45.225821],[3.413318,45.225507],[3.41215,45.225161],[3.411396,45.225115],[3.410683,45.224987],[3.41004,45.224823],[3.409421,45.224545],[3.408908,45.224164],[3.408723,45.223913],[3.408466,45.223608],[3.408134,45.223292],[3.407551,45.223026],[3.407241,45.22295],[3.406726,45.222853],[3.404994,45.222136],[3.404925,45.221959],[3.405014,45.221833],[3.405292,45.221852],[3.405674,45.22175],[3.405945,45.22164],[3.407332,45.221888],[3.408436,45.221967],[3.408911,45.221878],[3.409457,45.221512],[3.409962,45.22129],[3.410179,45.220916],[3.410065,45.220409],[3.410521,45.220157],[3.411067,45.219984],[3.411691,45.219938],[3.412157,45.219762],[3.412155,45.219412],[3.412003,45.219306],[3.411572,45.219245],[3.410676,45.219034],[3.410059,45.218841],[3.409956,45.218714],[3.410161,45.218165],[3.410403,45.217851],[3.410107,45.217358],[3.409724,45.216861],[3.40924,45.21633],[3.408614,45.21576],[3.408246,45.215217],[3.407519,45.215163],[3.406916,45.214924],[3.406493,45.214514],[3.406305,45.214253],[3.406264,45.213854],[3.406407,45.21357],[3.406228,45.213439],[3.405792,45.213477],[3.405132,45.213527],[3.404764,45.213415],[3.404471,45.213057],[3.404475,45.212548],[3.404449,45.21199],[3.404703,45.211403],[3.405456,45.21008],[3.405365,45.20979],[3.405347,45.209389],[3.405148,45.209331],[3.404557,45.209443],[3.404588,45.209235],[3.404498,45.208941],[3.404708,45.208678],[3.405271,45.208281],[3.405305,45.207633],[3.405389,45.207019],[3.405635,45.206423],[3.405559,45.206088],[3.405719,45.205329],[3.406283,45.204843],[3.406318,45.204516],[3.407094,45.204072],[3.407119,45.203857],[3.406261,45.204357],[3.405944,45.204423],[3.405684,45.204657],[3.405146,45.204909],[3.404611,45.205259],[3.404637,45.204953],[3.404858,45.204541],[3.404643,45.204072],[3.404663,45.203686],[3.404221,45.203365],[3.404267,45.203199],[3.404244,45.202738],[3.404296,45.20246],[3.404198,45.202101],[3.403904,45.201262],[3.403632,45.20083],[3.403725,45.200087],[3.404016,45.199754],[3.404135,45.199184],[3.404306,45.199049],[3.404838,45.198856],[3.406442,45.198584],[3.406491,45.198471],[3.406213,45.197902],[3.40631,45.197645],[3.406385,45.197571],[3.406191,45.197376],[3.405649,45.197377],[3.404819,45.197189],[3.404753,45.197032],[3.404777,45.195887],[3.404389,45.19533],[3.403782,45.194885],[3.403572,45.194581],[3.4029,45.194091],[3.402569,45.193696],[3.402383,45.193395],[3.402091,45.193139],[3.402007,45.192581],[3.402042,45.19184],[3.401935,45.191649],[3.401507,45.191567],[3.4005,45.191637],[3.399652,45.191857],[3.399296,45.192093],[3.399118,45.192274],[3.398775,45.192489],[3.398558,45.192757],[3.398694,45.193028],[3.398678,45.193318],[3.398351,45.19363],[3.397857,45.193804],[3.397397,45.194011],[3.396812,45.194034],[3.395837,45.193954],[3.394803,45.194034],[3.393644,45.194046],[3.392788,45.194396],[3.392143,45.19499],[3.391927,45.19504],[3.391334,45.194386],[3.390984,45.194021],[3.390694,45.193823],[3.390131,45.19374],[3.389849,45.193601],[3.38935,45.193714],[3.388855,45.193827],[3.388644,45.194139],[3.388767,45.194278],[3.389028,45.194329],[3.389064,45.194471],[3.388727,45.19491],[3.388313,45.19503],[3.388184,45.195149],[3.388067,45.195231],[3.388014,45.195355],[3.388305,45.19554],[3.388095,45.195687],[3.387914,45.195732],[3.389016,45.196471],[3.389245,45.196633],[3.389241,45.196856],[3.38989,45.197532],[3.389704,45.19767],[3.388601,45.197508],[3.38829,45.197565],[3.38754,45.198054],[3.38626,45.198884],[3.385701,45.198754],[3.385453,45.198855],[3.385412,45.199102],[3.384623,45.199123],[3.384411,45.198985],[3.384493,45.198538],[3.384256,45.198425],[3.384093,45.198372],[3.383549,45.197465],[3.382033,45.198074],[3.381706,45.198071],[3.380543,45.197437],[3.380306,45.197168],[3.379762,45.196529],[3.379348,45.196217],[3.378826,45.196042],[3.378574,45.196099],[3.378386,45.1963],[3.378153,45.196439],[3.37777,45.196869],[3.377283,45.197618],[3.376697,45.197487],[3.376161,45.197293],[3.375265,45.196755],[3.374204,45.196173],[3.373902,45.19615],[3.373274,45.196043],[3.372815,45.196125],[3.371895,45.19651],[3.371499,45.196585],[3.371413,45.196499],[3.371365,45.195707],[3.371176,45.195471],[3.370787,45.194912],[3.370684,45.194874],[3.370729,45.195033],[3.370606,45.19498],[3.370468,45.19461],[3.370172,45.194444],[3.369731,45.194486],[3.368994,45.194073],[3.368596,45.19401],[3.368403,45.193913],[3.368377,45.193537],[3.368044,45.192921],[3.36769,45.19255],[3.367634,45.191993],[3.367053,45.191289],[3.366628,45.191011],[3.36638,45.190801],[3.366932,45.1903],[3.367682,45.189391],[3.368197,45.189037],[3.368407,45.189035],[3.368939,45.189115],[3.369408,45.188963],[3.369789,45.188288],[3.369766,45.188081],[3.369985,45.187751],[3.370011,45.187391],[3.370123,45.187148],[3.369992,45.18693],[3.369459,45.186577],[3.369479,45.186407],[3.369378,45.186056],[3.369137,45.18573],[3.369246,45.185639],[3.369843,45.18575],[3.369997,45.185938],[3.37013,45.185847],[3.370113,45.185677],[3.370277,45.185704],[3.3705,45.185863],[3.370614,45.185849],[3.370472,45.185322],[3.37031,45.18461],[3.370414,45.184222],[3.369996,45.184007],[3.369883,45.183827],[3.370033,45.183614],[3.370306,45.183621],[3.370908,45.183546],[3.371609,45.183811],[3.371956,45.183884],[3.372208,45.183864],[3.371517,45.183263],[3.371187,45.183045],[3.370871,45.182913],[3.370784,45.182306],[3.370347,45.18226],[3.370198,45.18206],[3.369991,45.181918],[3.36989,45.18173],[3.369872,45.181459],[3.369981,45.181157],[3.370088,45.181217],[3.370248,45.181504],[3.370376,45.181519],[3.370483,45.18148],[3.370377,45.181331],[3.370406,45.181246],[3.370675,45.181265],[3.371038,45.181244],[3.371738,45.181278],[3.371905,45.181429],[3.372053,45.181807],[3.372153,45.182092],[3.372374,45.182286],[3.373299,45.182677],[3.374254,45.183373],[3.37445,45.183866],[3.374749,45.184163],[3.375271,45.184286],[3.375321,45.184403],[3.374941,45.185226],[3.375011,45.185542],[3.375332,45.186085],[3.375539,45.186327],[3.37585,45.1864],[3.376323,45.186338],[3.376576,45.186293],[3.376984,45.186497],[3.37731,45.186724],[3.377691,45.187218],[3.377866,45.187827],[3.378042,45.187906],[3.378723,45.187549],[3.379469,45.187524],[3.380152,45.187039],[3.380629,45.186672],[3.380934,45.186313],[3.381563,45.185947],[3.382225,45.185501],[3.383218,45.185162],[3.383348,45.18495],[3.383811,45.184474],[3.383959,45.18411],[3.383968,45.183688],[3.384016,45.183316],[3.384082,45.182991],[3.38382,45.182749],[3.383291,45.182518],[3.383334,45.182183],[3.38326,45.181911],[3.383107,45.181736],[3.382437,45.181136],[3.382268,45.180803],[3.381961,45.180544],[3.381489,45.180396],[3.381137,45.180459],[3.380983,45.180439],[3.381048,45.180214],[3.380731,45.179738],[3.380259,45.17921],[3.380226,45.17901],[3.380725,45.178862],[3.380649,45.178197],[3.380783,45.177916],[3.380701,45.177638],[3.380811,45.177403],[3.380655,45.177063],[3.380605,45.176498],[3.380405,45.175968],[3.380397,45.175635],[3.380308,45.17551],[3.3804,45.175413],[3.380985,45.175521],[3.380968,45.175255],[3.380768,45.174988],[3.38057,45.174719],[3.380395,45.174505],[3.380249,45.174174],[3.380191,45.173937],[3.380399,45.173585],[3.380645,45.173304],[3.380782,45.173008],[3.380927,45.172719],[3.380997,45.172226],[3.380755,45.171581],[3.380616,45.171094],[3.380645,45.170647],[3.380823,45.170078],[3.380933,45.169801],[3.381278,45.16972],[3.381537,45.169941],[3.382105,45.170376],[3.382448,45.17088],[3.382925,45.1714],[3.383153,45.172055],[3.383397,45.173182],[3.38408,45.173652],[3.384625,45.173626],[3.386147,45.173703],[3.386277,45.173594],[3.386378,45.173118],[3.386586,45.172722],[3.386842,45.172449],[3.387179,45.172399],[3.387842,45.172453],[3.388485,45.172289],[3.388993,45.172307],[3.39047,45.173734],[3.390964,45.173887],[3.391953,45.173803],[3.392912,45.174313],[3.393244,45.174366],[3.39405,45.174251],[3.394866,45.174415],[3.395543,45.174371],[3.396174,45.174253],[3.396847,45.174071],[3.397359,45.174002],[3.397707,45.17395],[3.397853,45.173798],[3.397941,45.173593],[3.398704,45.172293],[3.398672,45.171891],[3.398611,45.171798],[3.39846,45.171734],[3.398508,45.171572],[3.398797,45.171528],[3.398872,45.171301],[3.399523,45.171001],[3.400124,45.170799],[3.400697,45.170678],[3.400654,45.170409],[3.400463,45.170097],[3.400265,45.170045],[3.399757,45.170053],[3.399455,45.169908],[3.399342,45.169669],[3.399294,45.169059],[3.398836,45.168365],[3.398899,45.168098],[3.39879,45.167713],[3.398129,45.167028],[3.398227,45.166939],[3.39856,45.167025],[3.399482,45.167312],[3.400312,45.167791],[3.400809,45.167926],[3.401454,45.167876],[3.402332,45.167738],[3.403405,45.167541],[3.403856,45.167385],[3.404165,45.167155],[3.404699,45.166781],[3.405325,45.166058],[3.406077,45.165509],[3.40661,45.165172],[3.406888,45.165001],[3.407597,45.164742],[3.408416,45.164236],[3.408761,45.163867],[3.408741,45.163562],[3.408518,45.163192],[3.408401,45.162944],[3.407644,45.162486],[3.407445,45.162116],[3.40707,45.161819],[3.406659,45.161616],[3.406381,45.161367],[3.406247,45.160958],[3.405528,45.16061],[3.405109,45.160313],[3.40479,45.159919],[3.404487,45.159725],[3.404009,45.159781],[3.403276,45.159584],[3.403101,45.159383],[3.4031,45.159037],[3.402846,45.158727],[3.402514,45.15861],[3.401957,45.158577],[3.401411,45.158673],[3.400759,45.158875],[3.400748,45.158407],[3.400649,45.158099],[3.401105,45.157153],[3.401082,45.156885],[3.400816,45.156719],[3.400596,45.156518],[3.40066,45.156119],[3.400634,45.155778],[3.400813,45.155136],[3.401061,45.154445],[3.401065,45.154273],[3.402244,45.15384],[3.402647,45.153629],[3.403136,45.153314],[3.403728,45.152785],[3.404073,45.152194],[3.404171,45.151879],[3.404351,45.151504],[3.404287,45.151284],[3.403904,45.150901],[3.403895,45.150678],[3.403673,45.150581],[3.403415,45.15048],[3.403146,45.15013],[3.402775,45.149679],[3.40189,45.148957],[3.402531,45.148167],[3.40303,45.148069],[3.403575,45.148328],[3.403925,45.14866],[3.405472,45.149424],[3.406633,45.149849],[3.407247,45.14993],[3.408351,45.150399],[3.408695,45.15045],[3.409348,45.150448],[3.409938,45.150636],[3.410276,45.150848],[3.41068,45.151229],[3.410945,45.151435],[3.411188,45.151426],[3.411488,45.151288],[3.412149,45.151887],[3.412681,45.152003],[3.413943,45.15226],[3.415309,45.152285],[3.416087,45.152476],[3.41671,45.15335],[3.417425,45.154145],[3.417972,45.154716],[3.418849,45.155215],[3.419577,45.155652],[3.420052,45.155865],[3.420287,45.156161],[3.420394,45.15628],[3.420431,45.156486],[3.420429,45.156787],[3.420613,45.156902],[3.420885,45.156847],[3.421866,45.157254],[3.422539,45.157575],[3.423159,45.157784],[3.423658,45.158063],[3.424616,45.158095],[3.425599,45.15831],[3.426381,45.158321],[3.426752,45.158333],[3.4272,45.158364],[3.427532,45.158487],[3.427882,45.158656],[3.428894,45.158395],[3.429542,45.158344],[3.43015,45.158123],[3.430465,45.158143],[3.431678,45.158336],[3.432449,45.158414],[3.433102,45.158417],[3.433552,45.158286],[3.435064,45.158165],[3.435462,45.158137],[3.435924,45.158287],[3.436637,45.158195],[3.436856,45.158027],[3.436849,45.157484],[3.437089,45.156726],[3.436661,45.156331],[3.436449,45.15664],[3.436108,45.155837],[3.43575,45.155459],[3.435968,45.155279],[3.436449,45.155298],[3.436809,45.155365],[3.437189,45.155407],[3.437212,45.155308],[3.436863,45.155263],[3.436331,45.155074],[3.436942,45.155129],[3.437323,45.154221],[3.437468,45.154131],[3.438805,45.153863],[3.439527,45.153424],[3.439096,45.153149],[3.437976,45.15294],[3.437538,45.152949],[3.437348,45.152921],[3.437278,45.15267],[3.437362,45.152192],[3.437468,45.151634],[3.437676,45.151134],[3.438144,45.149735],[3.43798,45.149408],[3.438126,45.148991],[3.438126,45.148991],[3.438208,45.148642],[3.437832,45.147876],[3.437534,45.147755],[3.437315,45.147363],[3.437272,45.147134],[3.43734,45.146799],[3.437694,45.146197],[3.437708,45.145888],[3.438007,45.145415],[3.438229,45.14517],[3.438429,45.144757],[3.438535,45.144653],[3.43884,45.144704],[3.439367,45.143875],[3.439985,45.143135],[3.440157,45.142851],[3.440541,45.142446],[3.440718,45.142336],[3.440129,45.142193],[3.439638,45.142288],[3.438661,45.142665],[3.437827,45.142994],[3.437767,45.142946],[3.438087,45.142777],[3.437311,45.142289],[3.436979,45.142274],[3.437183,45.142055],[3.437715,45.141819],[3.437872,45.141689],[3.43783,45.141486],[3.437527,45.141357],[3.43693,45.141362],[3.436297,45.141259],[3.437594,45.139477],[3.439184,45.138789],[3.439333,45.138596],[3.439364,45.138169],[3.439613,45.13796],[3.440034,45.138064],[3.440592,45.137985],[3.44107,45.137748],[3.441518,45.137505],[3.441931,45.137268],[3.442261,45.137008],[3.442755,45.136683],[3.443063,45.136535],[3.443908,45.135956],[3.444544,45.135576],[3.445073,45.135545],[3.445431,45.135516],[3.445817,45.135452],[3.445852,45.135241],[3.445629,45.134908],[3.445723,45.134601],[3.445697,45.134278],[3.445837,45.133852],[3.446181,45.133276],[3.446402,45.13303],[3.446683,45.132569],[3.446949,45.131938],[3.447155,45.13158],[3.447427,45.131148],[3.447765,45.13112],[3.448451,45.13114],[3.448639,45.131936],[3.448866,45.13256],[3.449113,45.133292],[3.449335,45.133431],[3.449471,45.133715],[3.449449,45.134271],[3.449356,45.134419],[3.449307,45.134779],[3.44976,45.134615],[3.450066,45.134269],[3.450044,45.133911],[3.450774,45.134807],[3.450754,45.135528],[3.450788,45.13584],[3.450927,45.135857],[3.45126,45.135559],[3.452085,45.135274],[3.452827,45.135026],[3.453096,45.134869],[3.453723,45.134711],[3.454886,45.134609],[3.455635,45.134638],[3.456281,45.134626],[3.457043,45.134569],[3.457265,45.134541],[3.457711,45.134683],[3.458114,45.134567],[3.458867,45.1347],[3.459217,45.134881],[3.45942,45.135146],[3.459558,45.135041],[3.459725,45.1348],[3.459553,45.134548],[3.459654,45.134299],[3.460002,45.134231],[3.460629,45.133731],[3.46069,45.133257],[3.460861,45.132941],[3.46144,45.131832],[3.461755,45.131479],[3.461944,45.131154],[3.461923,45.130821],[3.462308,45.131549],[3.46251,45.13179],[3.462727,45.131999],[3.462849,45.132329],[3.462957,45.132698],[3.464379,45.133141],[3.464294,45.133572],[3.464145,45.133998],[3.464267,45.134371],[3.464431,45.134685],[3.464443,45.135062],[3.464582,45.135418],[3.464753,45.135577],[3.465058,45.136179],[3.465534,45.13646],[3.467693,45.137345],[3.468573,45.136589],[3.469401,45.135799],[3.469807,45.135627],[3.470183,45.135224],[3.470313,45.134886],[3.470225,45.134632],[3.469666,45.134233],[3.469522,45.134014],[3.469408,45.13356],[3.46911,45.13323],[3.469019,45.132971],[3.469041,45.132507],[3.469424,45.131898],[3.469929,45.131682],[3.470558,45.131063],[3.470821,45.130468],[3.471086,45.130245],[3.471459,45.130136],[3.471753,45.129835],[3.471903,45.129278],[3.471539,45.128657],[3.47109,45.127888],[3.470457,45.126178],[3.469752,45.125355],[3.469293,45.12473],[3.469426,45.12453],[3.469423,45.124253],[3.469158,45.124138],[3.469043,45.123689],[3.46873,45.123065],[3.468478,45.122735],[3.468198,45.12207],[3.468269,45.121481],[3.468157,45.121207],[3.467615,45.120558],[3.467368,45.120087],[3.466965,45.119781],[3.466639,45.119412],[3.466372,45.118895],[3.466372,45.118895],[3.465682,45.118285],[3.465682,45.118285],[3.464919,45.117489],[3.464526,45.117007],[3.463995,45.115896],[3.463538,45.11542],[3.463359,45.114729],[3.462918,45.114073],[3.461927,45.112733],[3.46186,45.112379],[3.462139,45.111786],[3.461976,45.111372],[3.46204,45.110985],[3.461632,45.109966],[3.461939,45.109258],[3.461876,45.108574],[3.461988,45.10818],[3.462674,45.107649],[3.462947,45.107571],[3.463094,45.107417],[3.463165,45.106877],[3.46444,45.106013],[3.465628,45.104794],[3.465536,45.104279],[3.465566,45.103949],[3.465916,45.103524],[3.465916,45.103003],[3.465974,45.102851],[3.466555,45.102472],[3.468891,45.101866],[3.469389,45.101922],[3.470131,45.101817],[3.470658,45.101651],[3.471222,45.101762],[3.47254,45.102426],[3.472692,45.102572],[3.473009,45.10265],[3.473379,45.102615],[3.473883,45.102388],[3.474209,45.102386],[3.475092,45.101982],[3.475476,45.10187],[3.4759,45.101808],[3.476606,45.101856],[3.477159,45.101806],[3.478393,45.101648],[3.478748,45.101661],[3.479071,45.101737],[3.479643,45.101791],[3.479751,45.102016],[3.480472,45.101991],[3.480829,45.102064],[3.481252,45.102074],[3.481988,45.101881],[3.482454,45.101403],[3.482806,45.100914],[3.482974,45.100295],[3.483172,45.10026],[3.484532,45.10104],[3.485453,45.101237],[3.486231,45.101028],[3.487025,45.100902],[3.489057,45.100315],[3.490336,45.100117],[3.490997,45.099256],[3.491268,45.098714],[3.492851,45.098979],[3.493878,45.099084],[3.494554,45.098954],[3.494739,45.09846],[3.495683,45.098206],[3.496508,45.09831],[3.496847,45.098281],[3.496966,45.097925],[3.497352,45.09786],[3.497476,45.097743],[3.49833,45.0967],[3.499478,45.095939],[3.500126,45.095598],[3.500926,45.095247],[3.501365,45.094973],[3.501947,45.094742],[3.502691,45.094298],[3.503788,45.093887],[3.503702,45.093707],[3.50227,45.094061],[3.502127,45.093574],[3.50135,45.09346],[3.501001,45.092877],[3.500507,45.092245],[3.500292,45.092066],[3.500497,45.091158],[3.500863,45.090628],[3.500962,45.090266],[3.50118,45.089889],[3.501225,45.089537],[3.501458,45.089094],[3.501601,45.088799],[3.502209,45.08789],[3.50284,45.08734],[3.503119,45.086711],[3.503345,45.086232],[3.503313,45.085951],[3.503219,45.085546],[3.502975,45.083631],[3.502574,45.083122],[3.501732,45.082399],[3.501357,45.082244],[3.50094,45.08158],[3.50073,45.081376],[3.500067,45.081051],[3.500009,45.080732],[3.499788,45.080463],[3.499491,45.080225],[3.499368,45.07996],[3.499592,45.079806],[3.499902,45.07986],[3.500613,45.079587],[3.501443,45.079405],[3.501903,45.079085],[3.502117,45.079061],[3.503153,45.079155],[3.503468,45.0791],[3.503958,45.078943],[3.504545,45.078579],[3.50488,45.07822],[3.505418,45.077841],[3.505593,45.077369],[3.506258,45.077032],[3.506989,45.076822],[3.50753,45.076847],[3.50799,45.076806],[3.508435,45.076759],[3.508963,45.076559],[3.509409,45.076874],[3.510041,45.076964],[3.511425,45.077352],[3.512067,45.07702],[3.512772,45.077044],[3.513314,45.077219],[3.513606,45.077378],[3.513771,45.077568],[3.513955,45.077583],[3.51414,45.077508],[3.515207,45.077261],[3.515301,45.076911],[3.515864,45.076218],[3.516132,45.076062],[3.516553,45.075719],[3.516666,45.075372],[3.516706,45.075058],[3.516836,45.07484],[3.517013,45.074688],[3.518321,45.07435],[3.518821,45.074312],[3.519298,45.074196],[3.519669,45.074319],[3.520155,45.074376],[3.520556,45.074397],[3.520991,45.074518],[3.523507,45.074688],[3.524164,45.074589],[3.524726,45.073816],[3.524979,45.073509],[3.525254,45.073234],[3.525457,45.072875],[3.525508,45.072525],[3.525495,45.072102],[3.525647,45.071951],[3.526121,45.07195],[3.527344,45.071786],[3.527864,45.071587],[3.528098,45.071621],[3.528504,45.071859],[3.52879,45.07182],[3.529211,45.071666],[3.529697,45.071572],[3.530771,45.0711],[3.531099,45.071268],[3.532361,45.072132],[3.532692,45.072011],[3.533166,45.072333],[3.533472,45.072269],[3.533303,45.072476],[3.533294,45.072683],[3.533428,45.072833],[3.533256,45.073028],[3.532842,45.073282],[3.5328,45.073479],[3.532633,45.073589],[3.532367,45.073859],[3.532236,45.074043],[3.532822,45.073936],[3.533133,45.073709],[3.533433,45.073595],[3.534413,45.072734],[3.534498,45.072404],[3.534308,45.072123],[3.534429,45.071915],[3.534742,45.071753],[3.535237,45.071583],[3.535851,45.071208],[3.537157,45.070724],[3.537716,45.070607],[3.538484,45.070474],[3.539302,45.07031],[3.539756,45.07019],[3.540506,45.069965],[3.541803,45.069508],[3.54284,45.069335],[3.544457,45.069268],[3.54522,45.069013],[3.545655,45.06884],[3.546219,45.068574],[3.545834,45.068514],[3.54561,45.06828],[3.546089,45.06815],[3.547009,45.067664],[3.546899,45.067529],[3.547131,45.067265],[3.547163,45.066966],[3.547328,45.066562],[3.547674,45.065924],[3.547716,45.065539],[3.547528,45.06517],[3.547053,45.064983],[3.547126,45.064559],[3.547078,45.064101],[3.54687,45.063684],[3.546851,45.063411],[3.547212,45.062972],[3.547454,45.06242],[3.548013,45.061913],[3.548312,45.061373],[3.54845,45.06098],[3.548477,45.060742],[3.54841,45.060307],[3.54857,45.059651],[3.548805,45.059141],[3.548902,45.058761],[3.548605,45.058606],[3.548662,45.058269],[3.548497,45.057868],[3.547915,45.057506],[3.548312,45.057139],[3.548288,45.057013],[3.547534,45.05697],[3.546653,45.056756],[3.547344,45.056532],[3.547483,45.056466],[3.548092,45.056537],[3.548538,45.056482],[3.549156,45.056223],[3.550254,45.055741],[3.550623,45.055444],[3.550981,45.055002],[3.551196,45.054697],[3.551476,45.054604],[3.551582,45.054781],[3.551342,45.055494],[3.551267,45.055794],[3.551126,45.05611],[3.550731,45.056797],[3.55076,45.057001],[3.551356,45.05712],[3.551864,45.057107],[3.552436,45.05689],[3.552845,45.056864],[3.553349,45.056683],[3.553767,45.056661],[3.554124,45.05654],[3.554321,45.056384],[3.554556,45.056373],[3.554853,45.056532],[3.555376,45.056706],[3.555546,45.056844],[3.555505,45.057236],[3.555377,45.057413],[3.555148,45.057605],[3.555035,45.058062],[3.555233,45.058524],[3.555212,45.058864],[3.554971,45.059164],[3.554295,45.059668],[3.554101,45.059839],[3.554057,45.05972],[3.553397,45.060253],[3.554921,45.061446],[3.55545,45.061334],[3.555897,45.061436],[3.556659,45.061353],[3.557857,45.061311],[3.558362,45.061241],[3.559328,45.060978],[3.559957,45.060601],[3.560475,45.060536],[3.560959,45.060414],[3.562758,45.060597],[3.56304,45.06046],[3.563108,45.060239],[3.563498,45.060196],[3.564081,45.060008],[3.564239,45.059772],[3.564445,45.0587],[3.56468,45.058286],[3.564791,45.057959],[3.565579,45.057141],[3.566534,45.056705],[3.566904,45.056327],[3.567837,45.055759],[3.568077,45.055507],[3.568242,45.055035],[3.568421,45.054961],[3.5689,45.055107],[3.569682,45.055197],[3.57096,45.055355],[3.57214,45.055402],[3.572917,45.055438],[3.573876,45.055252],[3.574306,45.055044],[3.574844,45.054855],[3.575346,45.05453],[3.576144,45.053638],[3.576299,45.053235],[3.576233,45.052893],[3.57612,45.05246],[3.576331,45.051587],[3.576288,45.051418],[3.576387,45.051147],[3.576401,45.05082],[3.576522,45.050578],[3.577007,45.05035],[3.577333,45.049834],[3.577445,45.049347],[3.577702,45.04902],[3.578152,45.048776],[3.578366,45.048599],[3.578798,45.047999],[3.579364,45.047582],[3.580305,45.047052],[3.580824,45.046695],[3.581205,45.046549],[3.581394,45.04661],[3.581348,45.046725],[3.580912,45.046978],[3.580762,45.047339],[3.580633,45.047612],[3.58097,45.04748],[3.581311,45.04718],[3.581817,45.046917],[3.58162,45.047176],[3.58145,45.04747],[3.581584,45.047474],[3.58218,45.047045],[3.582512,45.04705],[3.583216,45.046983],[3.583726,45.046926],[3.583877,45.04696],[3.583921,45.047075],[3.583166,45.047258],[3.582987,45.047414],[3.583077,45.047635],[3.583639,45.048491],[3.58451,45.048176],[3.584823,45.048036],[3.585398,45.047964],[3.586134,45.047798],[3.58661,45.047654],[3.588353,45.047153],[3.588685,45.04704],[3.589454,45.046887],[3.590573,45.04648],[3.590904,45.046196],[3.591016,45.045967],[3.591756,45.045048],[3.592139,45.044749],[3.592319,45.044409],[3.592618,45.044145],[3.592928,45.043769],[3.592948,45.043539],[3.592831,45.043077],[3.592702,45.042657],[3.592697,45.04249],[3.592321,45.041903],[3.591683,45.041728],[3.591237,45.041249],[3.590839,45.040948],[3.590201,45.040445],[3.590732,45.040179],[3.590366,45.03926],[3.590484,45.03918],[3.590752,45.039271],[3.590865,45.039242],[3.590786,45.038689],[3.590314,45.037811],[3.590333,45.037124],[3.590613,45.036761],[3.59104,45.036554],[3.590548,45.035924],[3.590408,45.035877],[3.590296,45.035727],[3.590869,45.035396],[3.591573,45.035277],[3.593328,45.034322],[3.593599,45.034087],[3.594115,45.033561],[3.594567,45.03311],[3.594774,45.032517],[3.594715,45.032083],[3.594442,45.031888],[3.594403,45.032002],[3.594395,45.032719],[3.594219,45.033065],[3.593871,45.032542],[3.593759,45.031748],[3.593274,45.030999],[3.59326,45.030653],[3.593425,45.030274],[3.593563,45.030028],[3.593769,45.029869],[3.594086,45.029663],[3.594523,45.029635],[3.594636,45.02951],[3.594695,45.028949],[3.594548,45.028792],[3.594129,45.02822],[3.593688,45.027509],[3.593751,45.027125],[3.593922,45.026946],[3.594749,45.02678],[3.594963,45.02664],[3.59541,45.026768],[3.595718,45.026723],[3.596155,45.026757],[3.596545,45.026609],[3.597257,45.026036],[3.597412,45.025308],[3.597528,45.025054],[3.597804,45.024587],[3.597515,45.023926],[3.597482,45.023574],[3.597762,45.023138],[3.597907,45.022671],[3.59806,45.022418],[3.59864,45.021998],[3.599438,45.021829],[3.599826,45.021822],[3.600077,45.021687],[3.600064,45.021307],[3.599987,45.021157],[3.600158,45.021055],[3.600971,45.021069],[3.601785,45.021174],[3.602668,45.021375],[3.603299,45.021495],[3.60447,45.02191],[3.604782,45.021981],[3.605402,45.021842],[3.605779,45.021634],[3.606113,45.021597],[3.606499,45.021733],[3.607433,45.02152],[3.607975,45.021521],[3.608837,45.021626],[3.609274,45.021815],[3.610186,45.021593],[3.610809,45.021622],[3.611727,45.021334],[3.612067,45.020789],[3.61267,45.020274],[3.612711,45.020029],[3.613588,45.019358],[3.614089,45.018739],[3.613491,45.018359],[3.613493,45.017958],[3.613243,45.017816],[3.612426,45.017564],[3.612401,45.017235],[3.61189,45.016503],[3.61119,45.015713],[3.611023,45.015653],[3.61053,45.015552],[3.610103,45.014704],[3.609858,45.014401],[3.609767,45.014079],[3.609526,45.013954],[3.609269,45.013439],[3.608937,45.013245],[3.609138,45.012884],[3.609165,45.012469],[3.608775,45.012097],[3.60883,45.011705],[3.608784,45.011415],[3.608614,45.011195],[3.607934,45.010682],[3.607594,45.010452],[3.607213,45.010117],[3.60662,45.009743],[3.606437,45.009478],[3.606396,45.009287],[3.60618,45.008967],[3.605985,45.008818],[3.605799,45.008216],[3.605909,45.007897],[3.605809,45.007654],[3.605517,45.007521],[3.605311,45.007263],[3.605357,45.006916],[3.605607,45.006451],[3.605919,45.005937],[3.605904,45.005726],[3.605724,45.005271],[3.605389,45.004765],[3.605408,45.004576],[3.605533,45.004535],[3.605658,45.004627],[3.605725,45.00442],[3.6061,45.004726],[3.606284,45.005046],[3.60686,45.005253],[3.606852,45.00463],[3.607059,45.00437],[3.60723,45.004355],[3.607136,45.004523],[3.607253,45.004776],[3.60759,45.005068],[3.607672,45.004985],[3.60762,45.004683],[3.607814,45.004456],[3.608116,45.004388],[3.608282,45.004576],[3.60832,45.004812],[3.60861,45.005104],[3.608833,45.00512],[3.608766,45.004753],[3.609001,45.004777],[3.609231,45.004416],[3.609474,45.004245],[3.609825,45.004128],[3.610228,45.003415],[3.610593,45.00317],[3.610976,45.002809],[3.611273,45.002308],[3.611723,45.002144],[3.61221,45.001838],[3.612478,45.001661],[3.612725,45.001612],[3.61271,45.001273],[3.612486,45.001008],[3.612403,45.000616],[3.612443,45.000367],[3.612355,45.000053],[3.612357,44.999773],[3.611946,44.9991],[3.611968,44.998868],[3.611878,44.998498],[3.611907,44.998047],[3.611753,44.997791],[3.611343,44.997388],[3.611258,44.997047],[3.61087,44.996802],[3.610629,44.996366],[3.610643,44.996066],[3.610882,44.995662],[3.61094,44.995319],[3.610916,44.995076],[3.610489,44.994608],[3.610427,44.994422],[3.610501,44.993919],[3.61079,44.993538],[3.611583,44.992254],[3.611542,44.992021],[3.61121,44.99173],[3.611054,44.991335],[3.610736,44.990815],[3.610263,44.990503],[3.610728,44.990093],[3.610874,44.989694],[3.610787,44.988894],[3.610617,44.98823],[3.610904,44.987593],[3.61076,44.986971],[3.611391,44.986753],[3.611986,44.986486],[3.612491,44.986084],[3.612827,44.985739],[3.613501,44.985353],[3.61394,44.985339],[3.614379,44.985462],[3.614761,44.98541],[3.615243,44.985383],[3.615603,44.985375],[3.615907,44.985451],[3.616047,44.98539],[3.615893,44.985289],[3.615642,44.985044],[3.615423,44.984545],[3.615152,44.984388],[3.614751,44.984303],[3.614628,44.984037],[3.614276,44.983639],[3.614083,44.983431],[3.614098,44.983281],[3.614307,44.98327],[3.616162,44.983672],[3.616668,44.983718],[3.616858,44.983662],[3.617098,44.983348],[3.617583,44.983088],[3.617627,44.982679],[3.617725,44.982373],[3.61788,44.982259],[3.618788,44.982331],[3.619606,44.982059],[3.620537,44.981872],[3.622511,44.981705],[3.623147,44.981822],[3.623572,44.981858],[3.624144,44.981789],[3.624271,44.981698],[3.62459,44.981781],[3.625599,44.981437],[3.626602,44.981112],[3.626964,44.980844],[3.627243,44.980269],[3.627221,44.979955],[3.626955,44.979401],[3.627009,44.977061],[3.627461,44.976338],[3.627881,44.976305],[3.627956,44.976062],[3.627677,44.975895],[3.627688,44.975478],[3.628342,44.975303],[3.628835,44.975392],[3.629718,44.975054],[3.629931,44.974925],[3.631307,44.97474],[3.632911,44.974403],[3.633512,44.973825],[3.633569,44.973637],[3.633484,44.973462],[3.633527,44.973376],[3.633862,44.973402],[3.634464,44.973257],[3.634909,44.97326],[3.636337,44.972928],[3.63725,44.972566],[3.637541,44.972379],[3.637463,44.972054],[3.637632,44.972033],[3.637742,44.971948],[3.637869,44.97203],[3.637766,44.972207],[3.638287,44.972772],[3.63871,44.972969],[3.639006,44.973236],[3.639658,44.973348],[3.639639,44.97327],[3.639309,44.97309],[3.63906,44.972149],[3.639488,44.972661],[3.639805,44.972987],[3.640213,44.973209],[3.640585,44.973253],[3.64039,44.973112],[3.640322,44.972957],[3.640335,44.972901],[3.640156,44.972769],[3.640007,44.972558],[3.640005,44.972482],[3.639935,44.972379],[3.639822,44.972314],[3.639698,44.972122],[3.639759,44.971785],[3.639573,44.971613],[3.639587,44.971508],[3.639736,44.971503],[3.639823,44.971387],[3.63992,44.971312],[3.639994,44.971187],[3.640294,44.970895],[3.640355,44.970692],[3.641286,44.969813],[3.641476,44.968936],[3.64164,44.968811],[3.642125,44.968843],[3.642953,44.969016],[3.64291,44.968834],[3.643098,44.968496],[3.643252,44.968378],[3.643293,44.967998],[3.643073,44.967903],[3.643092,44.967787],[3.643234,44.96772],[3.643405,44.967514],[3.643749,44.967566],[3.644223,44.967569],[3.644511,44.967499],[3.644648,44.967201],[3.643692,44.966875],[3.6439,44.966722],[3.644705,44.966967],[3.645195,44.967035],[3.645828,44.966804],[3.646104,44.966402],[3.646104,44.966256],[3.646241,44.96606],[3.645981,44.966117],[3.645759,44.966293],[3.645479,44.966175],[3.645593,44.965932],[3.64591,44.965707],[3.646073,44.96557],[3.646153,44.965445],[3.646261,44.965283],[3.646259,44.965203],[3.646131,44.965121],[3.646121,44.965212],[3.646043,44.965186],[3.645977,44.965278],[3.645815,44.965343],[3.645658,44.965316],[3.645523,44.965343],[3.645121,44.965217],[3.644856,44.965051],[3.644824,44.964878],[3.644723,44.964773],[3.644828,44.964641],[3.644873,44.96441],[3.644915,44.964335],[3.644843,44.964129],[3.644756,44.964062],[3.644609,44.963672],[3.644794,44.963129],[3.64481,44.962837],[3.644559,44.962565],[3.644491,44.962307],[3.644446,44.962147],[3.644714,44.961564],[3.644639,44.960805],[3.644371,44.960744],[3.644017,44.959772],[3.644211,44.959083],[3.644992,44.959013],[3.645219,44.958749],[3.645719,44.958631],[3.646056,44.958048],[3.646184,44.957603],[3.646683,44.957026],[3.647185,44.956753],[3.647448,44.956514],[3.647401,44.956153],[3.647468,44.956039],[3.647467,44.955482],[3.647327,44.955244],[3.647565,44.955177],[3.647823,44.955163],[3.647996,44.954878],[3.648052,44.954394],[3.647862,44.95407],[3.647889,44.95377],[3.648258,44.953669],[3.648487,44.953381],[3.648591,44.95295],[3.648623,44.952589],[3.649006,44.951984],[3.649368,44.951221],[3.649788,44.950926],[3.650479,44.950154],[3.650715,44.949835],[3.65082,44.949417],[3.651013,44.948785],[3.651223,44.948454],[3.651564,44.949139],[3.651619,44.94985],[3.651661,44.950383],[3.651679,44.950868],[3.651649,44.951182],[3.651762,44.951446],[3.651604,44.951859],[3.65149,44.95303],[3.651745,44.953679],[3.652116,44.953697],[3.652299,44.953909],[3.652072,44.954481],[3.652451,44.955658],[3.652856,44.956071],[3.652485,44.956976],[3.65237,44.957598],[3.652395,44.957872],[3.652197,44.95851],[3.652204,44.959165],[3.651948,44.960379],[3.65207,44.960977],[3.652516,44.961419],[3.652634,44.961804],[3.653095,44.962029],[3.653964,44.962291],[3.654906,44.962771],[3.655963,44.963548],[3.656858,44.963328],[3.659176,44.962302],[3.660094,44.962098],[3.660941,44.961821],[3.661219,44.961622],[3.661378,44.961363],[3.661606,44.961306],[3.661823,44.961394],[3.661997,44.96169],[3.663038,44.962113],[3.663657,44.962312],[3.664249,44.962309],[3.66461,44.962183],[3.665482,44.96197],[3.665703,44.962028],[3.665664,44.962508],[3.66574,44.962873],[3.665643,44.963093],[3.665585,44.963445],[3.665819,44.963696],[3.666058,44.963772],[3.665937,44.964075],[3.665929,44.964621],[3.666102,44.96498],[3.666918,44.965409],[3.667032,44.965563],[3.667239,44.966036],[3.667568,44.966259],[3.668366,44.966386],[3.66891,44.96628],[3.669481,44.96639],[3.669874,44.966297],[3.670489,44.965901],[3.671107,44.965699],[3.671468,44.965487],[3.671826,44.965234],[3.672081,44.965212],[3.672461,44.965526],[3.672843,44.965552],[3.673669,44.965165],[3.673826,44.965006],[3.674077,44.964498],[3.674434,44.964576],[3.675369,44.965057],[3.675968,44.96578],[3.675949,44.966008],[3.676084,44.966133],[3.676287,44.966144],[3.67713,44.96548],[3.677342,44.965531],[3.67792,44.966242],[3.67848,44.966622],[3.678689,44.966424],[3.679396,44.965869],[3.680242,44.965397],[3.681207,44.965027],[3.681759,44.964848],[3.681628,44.96467],[3.681501,44.964254],[3.681722,44.963934],[3.68143,44.963722],[3.681562,44.963232],[3.681479,44.963016],[3.68176,44.962583],[3.68157,44.962203],[3.68167,44.962073],[3.682151,44.961902],[3.68267,44.961508],[3.682635,44.961252],[3.682412,44.96098],[3.682302,44.960826],[3.682213,44.9606],[3.681794,44.960309],[3.681913,44.959899],[3.681789,44.959357],[3.682064,44.958958],[3.682486,44.958515],[3.682788,44.958185],[3.683035,44.958074],[3.68339,44.957624],[3.684207,44.957249],[3.684688,44.956821],[3.685002,44.956312],[3.686177,44.956226],[3.686574,44.956097],[3.686612,44.955929],[3.686414,44.955822],[3.685638,44.955635],[3.684737,44.955665],[3.684271,44.955903],[3.68363,44.956266],[3.68275,44.956708],[3.682215,44.956764],[3.681866,44.957014],[3.681619,44.957347],[3.681271,44.957574],[3.680616,44.9576],[3.679927,44.957582],[3.679624,44.957535],[3.679404,44.957736],[3.678977,44.958018],[3.678733,44.958261],[3.678336,44.958589],[3.677823,44.958738],[3.677587,44.958545],[3.67747,44.958568],[3.677473,44.958686],[3.6774,44.959095],[3.676957,44.959478],[3.676602,44.959706],[3.676322,44.95999],[3.675885,44.960621],[3.675692,44.960909],[3.675418,44.961295],[3.675085,44.961575],[3.674833,44.961778],[3.674384,44.96189],[3.674041,44.961885],[3.673809,44.962045],[3.673686,44.962188],[3.673246,44.962119],[3.672718,44.961956],[3.672247,44.961939],[3.671752,44.961758],[3.671899,44.961645],[3.67198,44.961495],[3.672092,44.960669],[3.67208,44.96046],[3.671108,44.95931],[3.670011,44.958029],[3.669897,44.957491],[3.669859,44.956847],[3.669607,44.95631],[3.669086,44.956013],[3.668607,44.955735],[3.668072,44.955611],[3.667645,44.955362],[3.667185,44.955157],[3.666792,44.954808],[3.666608,44.954531],[3.666274,44.954279],[3.666023,44.953951],[3.665603,44.953555],[3.665359,44.953081],[3.665073,44.952767],[3.664773,44.952469],[3.664733,44.952243],[3.664775,44.951798],[3.664613,44.951405],[3.664207,44.951103],[3.662863,44.950546],[3.66268,44.950414],[3.66251,44.950019],[3.66193,44.949751],[3.661645,44.94973],[3.661149,44.949738],[3.660709,44.949549],[3.659596,44.948611],[3.660085,44.94795],[3.660749,44.947346],[3.660874,44.946988],[3.660653,44.946529],[3.660803,44.946156],[3.66113,44.945798],[3.661209,44.945393],[3.661258,44.945132],[3.661446,44.9449],[3.661779,44.944774],[3.661523,44.944458],[3.661419,44.943849],[3.661892,44.943397],[3.662188,44.942918],[3.662615,44.942529],[3.662824,44.941768],[3.662851,44.941464],[3.663136,44.94082],[3.663265,44.940301],[3.6636,44.939944],[3.663939,44.939532],[3.664114,44.939116],[3.664094,44.938774],[3.664008,44.93839],[3.663778,44.938313],[3.663452,44.937961],[3.663565,44.937048],[3.663657,44.93628],[3.664197,44.935376],[3.664292,44.935119],[3.664286,44.93478],[3.663635,44.933579],[3.664015,44.93353],[3.66582,44.934116],[3.666522,44.934743],[3.667119,44.93489],[3.667768,44.93489],[3.668234,44.93521],[3.669455,44.935251],[3.669845,44.935067],[3.670713,44.934412],[3.6708,44.934249],[3.67085,44.933928],[3.671743,44.933259],[3.672057,44.933059],[3.673865,44.9326],[3.673773,44.932241],[3.6737,44.931817],[3.672988,44.930683],[3.673318,44.929554],[3.673274,44.929299],[3.673477,44.929017],[3.673896,44.928887],[3.674201,44.928855],[3.674496,44.928681],[3.674628,44.928393],[3.674564,44.927774],[3.674564,44.927566],[3.674563,44.927151],[3.674368,44.926526],[3.673287,44.925138],[3.672736,44.924824],[3.67234,44.92467],[3.671694,44.924044],[3.670961,44.923538],[3.670912,44.923198],[3.670505,44.92325],[3.670443,44.922159],[3.670861,44.922281],[3.671208,44.921889],[3.671468,44.922105],[3.672338,44.922192],[3.672976,44.922217],[3.672849,44.921898],[3.672209,44.921359],[3.672653,44.921361],[3.672157,44.921043],[3.671868,44.92061],[3.671868,44.92061],[3.67118,44.920141],[3.671105,44.920012],[3.671154,44.919899],[3.671154,44.919899],[3.669524,44.918703],[3.668614,44.918459],[3.667651,44.918003],[3.667385,44.917768],[3.667,44.917746],[3.666756,44.917644],[3.666627,44.917408],[3.666151,44.917114],[3.665732,44.916779],[3.665238,44.916683],[3.665096,44.916531],[3.665012,44.916263],[3.66487,44.915947],[3.664909,44.915527],[3.665087,44.91507],[3.665001,44.914799],[3.665308,44.914558],[3.665658,44.914138],[3.665976,44.91362],[3.666476,44.913358],[3.667366,44.912841],[3.66769,44.912507],[3.669456,44.912197],[3.66987,44.911563],[3.670222,44.910933],[3.670493,44.910203],[3.670718,44.909981],[3.670742,44.909591],[3.671004,44.909197],[3.670763,44.908867],[3.670848,44.908342],[3.670855,44.907909],[3.670993,44.907682],[3.671305,44.907448],[3.671922,44.906578],[3.671975,44.906316],[3.671937,44.905793],[3.672075,44.905579],[3.67245,44.905608],[3.672666,44.90484],[3.67236,44.904341],[3.672345,44.904143],[3.671917,44.903973],[3.671377,44.903637],[3.671316,44.903457],[3.671185,44.902866],[3.671072,44.902881],[3.670788,44.903361],[3.670084,44.903627],[3.669452,44.90368],[3.668732,44.903624],[3.667883,44.903462],[3.667234,44.903606],[3.667355,44.90346],[3.66843,44.903248],[3.66883,44.90328],[3.669427,44.902941],[3.66937,44.902744],[3.668795,44.9024],[3.668586,44.902181],[3.668222,44.901952],[3.667944,44.901632],[3.667549,44.901371],[3.667292,44.901017],[3.667979,44.901224],[3.668836,44.901374],[3.669325,44.901232],[3.669719,44.900697],[3.669835,44.900424],[3.669733,44.900443],[3.669221,44.900802],[3.66884,44.900757],[3.668493,44.90061],[3.668345,44.900435],[3.668127,44.900057],[3.667756,44.899779],[3.667359,44.899696],[3.667059,44.899295],[3.667141,44.899032],[3.667148,44.898931],[3.666839,44.899073],[3.666806,44.899034],[3.666867,44.898382],[3.666547,44.898508],[3.665885,44.898234],[3.665588,44.898037],[3.66435,44.897581],[3.664447,44.897513],[3.665541,44.897196],[3.665214,44.897027],[3.665357,44.896933],[3.665523,44.896779],[3.665379,44.89627],[3.665259,44.895934],[3.665237,44.895881],[3.665255,44.895632],[3.665367,44.895203],[3.665398,44.894956],[3.665771,44.893684],[3.665487,44.893187],[3.664923,44.892756],[3.664217,44.892609],[3.663923,44.892332],[3.663805,44.891979],[3.663509,44.89167],[3.663016,44.891192],[3.662393,44.890694],[3.662937,44.890407],[3.663566,44.890237],[3.66445,44.889961],[3.664752,44.889827],[3.665018,44.889599],[3.665861,44.888563],[3.666065,44.888091],[3.66646,44.887976],[3.666896,44.887944],[3.668061,44.888162],[3.668811,44.88849],[3.66931,44.888591],[3.669866,44.888566],[3.669986,44.888594],[3.670293,44.888925],[3.670755,44.889263],[3.67116,44.889442],[3.671875,44.88967],[3.672604,44.889784],[3.673121,44.889738],[3.673502,44.889607],[3.673981,44.889284],[3.674403,44.888858],[3.674664,44.88864],[3.675188,44.888544],[3.676297,44.888771],[3.677135,44.888824],[3.676642,44.88837],[3.676421,44.887916],[3.675667,44.887789],[3.675253,44.887547],[3.675136,44.887305],[3.675063,44.886905],[3.674999,44.886351],[3.674959,44.886128],[3.675103,44.885237],[3.675069,44.884925],[3.674885,44.884703],[3.674604,44.884613],[3.674096,44.884591],[3.673695,44.88437],[3.67349,44.884101],[3.673246,44.883765],[3.672285,44.8837],[3.671625,44.883602],[3.67125,44.883414],[3.671025,44.883324],[3.670477,44.883154],[3.67052,44.883002],[3.670497,44.882848],[3.671072,44.882432],[3.671214,44.881991],[3.671206,44.881622],[3.67121,44.881073],[3.671274,44.880535],[3.671336,44.880163],[3.671204,44.879949],[3.671363,44.87947],[3.671587,44.878858],[3.672254,44.878099],[3.67236,44.877959],[3.672506,44.877584],[3.672792,44.877055],[3.672904,44.876575],[3.672788,44.875904],[3.672735,44.875516],[3.67261,44.875174],[3.672449,44.874862],[3.672054,44.874227],[3.672191,44.873855],[3.672195,44.872978],[3.672201,44.872773],[3.672367,44.87254],[3.672589,44.872473],[3.672985,44.872924],[3.673273,44.873361],[3.673293,44.873653],[3.673386,44.873834],[3.67379,44.874027],[3.674271,44.874361],[3.67506,44.874668],[3.67506,44.874668],[3.675507,44.874733],[3.676213,44.874598],[3.676545,44.874916],[3.676856,44.87544],[3.67703,44.87569],[3.677478,44.876189],[3.678064,44.876636],[3.679031,44.877007],[3.679397,44.877189],[3.679564,44.877441],[3.67971,44.877275],[3.679754,44.87696],[3.679651,44.876297],[3.679928,44.876205],[3.680544,44.876128],[3.68131,44.875919],[3.681557,44.875604],[3.681491,44.874422],[3.681576,44.873874],[3.681599,44.873634],[3.681449,44.873538],[3.681418,44.873307],[3.681598,44.873012],[3.682569,44.872624],[3.683314,44.872206],[3.683554,44.872033],[3.683612,44.871741],[3.683622,44.87167],[3.683535,44.871443],[3.683452,44.871139],[3.683495,44.87088],[3.683463,44.870801],[3.68337,44.870556],[3.683351,44.870338],[3.683057,44.870056],[3.682756,44.869745],[3.682759,44.869423],[3.683061,44.869126],[3.683052,44.86898],[3.682592,44.868651],[3.682277,44.868491],[3.681941,44.868178],[3.680862,44.867603],[3.68013,44.867419],[3.680316,44.867125],[3.68033,44.866938],[3.681222,44.866728],[3.681357,44.866604],[3.681904,44.866537],[3.682531,44.866605],[3.682777,44.86661],[3.683281,44.866565],[3.683831,44.866384],[3.68491,44.866272],[3.685352,44.866239],[3.68596,44.866273],[3.686248,44.866215],[3.686926,44.865415],[3.686885,44.864982],[3.686726,44.864492],[3.686835,44.864057],[3.687771,44.863865],[3.688312,44.863649],[3.689234,44.863318],[3.689589,44.862938],[3.689886,44.862652],[3.690741,44.862239],[3.691308,44.862274],[3.691949,44.862536],[3.69232,44.862534],[3.693355,44.862436],[3.694027,44.862715],[3.69432,44.863002],[3.694736,44.863172],[3.69498,44.863267],[3.69524,44.863135],[3.695418,44.863146],[3.696045,44.863435],[3.69694,44.863573],[3.697301,44.86349],[3.697665,44.86327],[3.698077,44.863394],[3.698348,44.863568],[3.69841,44.863758],[3.69796,44.864176],[3.697938,44.864256],[3.697964,44.864347],[3.698664,44.865022],[3.69902,44.865495],[3.699626,44.866238],[3.699951,44.86663],[3.700462,44.866976],[3.700512,44.867365],[3.700504,44.867684],[3.701017,44.867756],[3.701147,44.86766],[3.701644,44.867326],[3.70244,44.866589],[3.702679,44.866121],[3.702888,44.865602],[3.703024,44.865326],[3.703691,44.864456],[3.703814,44.863738],[3.704057,44.863133],[3.704095,44.862074],[3.704005,44.861708],[3.704169,44.861495],[3.704367,44.861097],[3.704726,44.860517],[3.705061,44.860172],[3.704982,44.859781],[3.704758,44.85923],[3.704659,44.858938],[3.704126,44.858751],[3.704075,44.858574],[3.704318,44.858287],[3.704429,44.857866],[3.704483,44.857416],[3.704183,44.857076],[3.704061,44.856807],[3.704156,44.856341],[3.70425,44.856034],[3.704532,44.855865],[3.704846,44.85565],[3.70509,44.85563],[3.705175,44.85548],[3.705079,44.855354],[3.704894,44.855287],[3.704911,44.855054],[3.705283,44.854852],[3.706024,44.854835],[3.706557,44.854939],[3.707015,44.854817],[3.707865,44.854644],[3.708419,44.854521],[3.709424,44.854051],[3.709727,44.853774],[3.710024,44.853294],[3.709981,44.853026],[3.709953,44.85243],[3.709675,44.852224],[3.709728,44.851774],[3.710092,44.851339],[3.709608,44.849918],[3.709931,44.849143],[3.709975,44.848597],[3.710294,44.848263],[3.710535,44.84752],[3.71039,44.846184],[3.710583,44.845808],[3.711021,44.84539],[3.711216,44.845081],[3.711512,44.844771],[3.711978,44.844326],[3.712073,44.843749],[3.712404,44.843042],[3.712658,44.843012],[3.713155,44.84279],[3.713957,44.842721],[3.714162,44.842591],[3.714546,44.842199],[3.715224,44.841984],[3.715922,44.841631],[3.716446,44.841151],[3.716797,44.840755],[3.7173,44.840513],[3.717894,44.840333],[3.718206,44.840171],[3.718797,44.839907],[3.719693,44.83949],[3.721273,44.839258],[3.720827,44.838793],[3.72049,44.838548],[3.720304,44.83842],[3.719979,44.838064],[3.719589,44.837642],[3.719354,44.837516],[3.719105,44.837456],[3.718715,44.837457],[3.718248,44.837529],[3.717919,44.837601],[3.71753,44.837637],[3.717073,44.837545],[3.716802,44.837407],[3.716548,44.837365],[3.716913,44.837048],[3.717305,44.836808],[3.717677,44.836656],[3.71807,44.836425],[3.718397,44.836233],[3.718852,44.836106],[3.71927,44.835885],[3.719755,44.835812],[3.720154,44.835825],[3.720637,44.835936],[3.720964,44.835854],[3.721857,44.835956],[3.722438,44.835918],[3.723572,44.835755],[3.723901,44.835782],[3.724689,44.835678],[3.725953,44.835774],[3.726741,44.83514],[3.728227,44.836046],[3.72824,44.836266],[3.728148,44.836554],[3.728188,44.836656],[3.728602,44.837212],[3.728751,44.837868],[3.728947,44.838436],[3.729148,44.838756],[3.729916,44.839117],[3.730584,44.839617],[3.730323,44.84018],[3.730443,44.840384],[3.730979,44.84031],[3.73142,44.84026],[3.732089,44.840407],[3.732318,44.840571],[3.732541,44.84083],[3.73271,44.841197],[3.733027,44.84173],[3.733436,44.841865],[3.733661,44.84203],[3.733983,44.842091],[3.734289,44.842164],[3.734264,44.841956],[3.733798,44.841663],[3.733472,44.841424],[3.733545,44.841218],[3.733321,44.840938],[3.733412,44.840646],[3.733516,44.840366],[3.73339,44.84019],[3.733282,44.839847],[3.732738,44.839417],[3.732883,44.838881],[3.732633,44.838378],[3.732497,44.837969],[3.732815,44.837648],[3.733545,44.837652],[3.733879,44.837782],[3.735253,44.83695],[3.735675,44.836779],[3.736104,44.836557],[3.736399,44.836014],[3.736156,44.835477],[3.73612,44.835292],[3.736317,44.835261],[3.737262,44.835258],[3.737387,44.836029],[3.737423,44.836816],[3.737541,44.837135],[3.737731,44.837442],[3.738006,44.837714],[3.738258,44.838088],[3.738258,44.838088],[3.739037,44.839397],[3.739356,44.840009],[3.738979,44.840099],[3.738611,44.840301],[3.73832,44.84058],[3.737985,44.840889],[3.737996,44.840961],[3.73814,44.840923],[3.738382,44.840818],[3.738468,44.840736],[3.738639,44.840641],[3.739088,44.840948],[3.739144,44.840911],[3.739071,44.840777],[3.739118,44.840629],[3.739378,44.840894],[3.739851,44.841095],[3.740032,44.841127],[3.73994,44.841051],[3.739771,44.840952],[3.739772,44.840807],[3.740118,44.840816],[3.74052,44.840893],[3.741177,44.841448],[3.741777,44.841772],[3.742037,44.841814],[3.742681,44.842276],[3.742763,44.842139],[3.743094,44.841873],[3.743405,44.842203],[3.743594,44.842802],[3.743657,44.843082],[3.743931,44.843447],[3.744087,44.843705],[3.744366,44.844074],[3.744766,44.844595],[3.744857,44.845066],[3.744704,44.845275],[3.744728,44.845512],[3.74443,44.845799],[3.744406,44.845943],[3.744578,44.84611],[3.744997,44.846373],[3.745322,44.846705],[3.74598,44.847089],[3.746076,44.847189],[3.746447,44.847324],[3.746893,44.847495],[3.746958,44.847774],[3.748327,44.848381],[3.749126,44.848702],[3.750067,44.849074],[3.750431,44.849148],[3.750919,44.849766],[3.751531,44.850151],[3.752024,44.85033],[3.752145,44.850379],[3.752506,44.850042],[3.752672,44.849838],[3.752869,44.849457],[3.752971,44.849107],[3.753223,44.848657],[3.753632,44.848071],[3.753424,44.847636],[3.753909,44.84797],[3.754356,44.848115],[3.754829,44.848158],[3.755219,44.848028],[3.755379,44.847823],[3.754928,44.847658],[3.754893,44.84734],[3.755087,44.847061],[3.755287,44.846828],[3.755665,44.846613],[3.755756,44.846672],[3.755969,44.84661],[3.756442,44.846398],[3.757041,44.846365],[3.757205,44.84648],[3.75769,44.84626],[3.75807,44.846269],[3.757852,44.846419],[3.758217,44.846541],[3.758453,44.846799],[3.758889,44.846585],[3.759081,44.846729],[3.759106,44.847048],[3.759268,44.847246],[3.759581,44.848052],[3.759925,44.848151],[3.76029,44.848539],[3.760459,44.849133],[3.760188,44.849483],[3.757821,44.849402],[3.757314,44.84955],[3.758343,44.850552],[3.759311,44.851592],[3.760154,44.852067],[3.760548,44.852448],[3.761883,44.853912],[3.762822,44.854137],[3.763925,44.854276],[3.764385,44.854136],[3.76502,44.854111],[3.766633,44.854],[3.767447,44.854213],[3.768453,44.854154],[3.770378,44.853999],[3.772802,44.853758],[3.773477,44.853551],[3.774005,44.853471],[3.775727,44.853374],[3.776225,44.853496],[3.777197,44.853937],[3.777502,44.853502],[3.778081,44.853193],[3.778333,44.852973],[3.778757,44.852475],[3.779086,44.851885],[3.77939,44.851431],[3.780279,44.85075],[3.780837,44.84969],[3.781214,44.848817],[3.781465,44.848573],[3.781737,44.848526],[3.78164,44.847956],[3.78147,44.84727],[3.781615,44.846501],[3.782072,44.845389],[3.782365,44.845207],[3.782702,44.844763],[3.782653,44.843899],[3.782583,44.843641],[3.782211,44.843314],[3.781556,44.842814],[3.781469,44.84263],[3.781857,44.842629],[3.782487,44.84299],[3.782977,44.843198],[3.783464,44.843187],[3.784421,44.843026],[3.784616,44.842734],[3.784381,44.842473],[3.783866,44.842175],[3.784167,44.842198],[3.785189,44.841936],[3.786496,44.841696],[3.78774,44.841658],[3.788026,44.841872],[3.788688,44.841688],[3.790301,44.84169],[3.791917,44.841593],[3.792408,44.841639],[3.793085,44.841842],[3.793531,44.841648],[3.794183,44.841588],[3.796625,44.842017],[3.797495,44.842131],[3.799093,44.842161],[3.799171,44.842226],[3.79988,44.842096],[3.80074,44.842118],[3.801426,44.841763],[3.801797,44.841668],[3.802289,44.841643],[3.803308,44.841432],[3.80398,44.840699],[3.804249,44.839813],[3.805138,44.839157],[3.806611,44.838658],[3.808028,44.837514],[3.808355,44.837159],[3.809152,44.836936],[3.80969,44.836878],[3.810206,44.836667],[3.81159,44.836643],[3.812717,44.836726],[3.814479,44.837661],[3.815626,44.838351],[3.816613,44.838692],[3.817624,44.838943],[3.818813,44.839636],[3.819557,44.839888],[3.82024,44.839893],[3.820537,44.839684],[3.821887,44.840486],[3.822556,44.840702],[3.822963,44.841035],[3.824339,44.841614],[3.825521,44.841795],[3.826026,44.841792],[3.82687,44.84199],[3.827543,44.842036],[3.827997,44.842],[3.828941,44.841989],[3.829198,44.842628],[3.829136,44.842832],[3.829306,44.843661],[3.829586,44.843878],[3.830005,44.843699],[3.829962,44.843049],[3.829855,44.843007],[3.829967,44.842554],[3.829758,44.841866],[3.829919,44.84136],[3.830375,44.840856],[3.830646,44.840657],[3.830756,44.840359],[3.83141,44.840078],[3.832483,44.839165],[3.832827,44.838594],[3.832805,44.837731],[3.833009,44.835338],[3.833186,44.834954],[3.832,44.833991],[3.830954,44.832926],[3.830477,44.832333],[3.829281,44.831366],[3.827741,44.83072],[3.825037,44.829974],[3.823664,44.829152],[3.822978,44.827669],[3.822398,44.82714],[3.821712,44.826771],[3.82022,44.825713],[3.819405,44.824716],[3.818026,44.823289],[3.815435,44.822114],[3.814105,44.821855],[3.813381,44.821531],[3.812772,44.821431],[3.811991,44.821147],[3.812077,44.820325],[3.811251,44.819351],[3.811938,44.818194],[3.812538,44.818522],[3.813853,44.818936],[3.814609,44.81891],[3.815811,44.818225],[3.814373,44.816421],[3.814459,44.814967],[3.814727,44.814495],[3.814716,44.814145],[3.816304,44.81308],[3.816551,44.812479],[3.817559,44.811824],[3.817227,44.811428],[3.822484,44.809031],[3.823299,44.809],[3.823471,44.807896],[3.823439,44.807402],[3.823793,44.806869],[3.824796,44.806842],[3.825469,44.806715],[3.825992,44.80677],[3.82654,44.80731],[3.827645,44.807508],[3.827934,44.80731],[3.827527,44.80658],[3.827419,44.80621],[3.827462,44.805735],[3.827688,44.805419],[3.827832,44.804713],[3.828267,44.804227],[3.828667,44.804124],[3.829565,44.803268],[3.83023,44.803276],[3.830187,44.803984],[3.830423,44.805118],[3.83082,44.806081],[3.830895,44.806633],[3.832462,44.806439],[3.833792,44.805963],[3.835294,44.80497],[3.83714,44.803923],[3.83818,44.803668],[3.840948,44.802446],[3.842086,44.802096],[3.843073,44.801959],[3.844247,44.80143],[3.845766,44.800946],[3.846345,44.800901],[3.846881,44.800672],[3.848137,44.800665],[3.849971,44.800809],[3.85054,44.800672],[3.850765,44.800748],[3.852997,44.799119],[3.854424,44.79762],[3.855186,44.797087],[3.855507,44.796489],[3.856763,44.794947],[3.85798,44.794262],[3.858726,44.793668],[3.858694,44.793402],[3.858876,44.792739],[3.858705,44.791978],[3.85879,44.791498],[3.859241,44.790265],[3.859595,44.78977],[3.859595,44.78977],[3.859874,44.789609],[3.860711,44.78958],[3.861017,44.789403],[3.861063,44.789349],[3.861056,44.789292],[3.860514,44.788834],[3.860405,44.788585],[3.860627,44.788347],[3.860784,44.788019],[3.86145,44.787293],[3.861689,44.787142],[3.862016,44.787038],[3.863505,44.786429],[3.864378,44.786016],[3.865586,44.785419],[3.866028,44.785209],[3.866207,44.785045],[3.866849,44.784527],[3.867429,44.78407],[3.868043,44.783726],[3.868665,44.78343],[3.869472,44.783062],[3.869995,44.782775],[3.87087,44.782403],[3.871202,44.782413],[3.87181,44.782677],[3.872563,44.783062],[3.873781,44.78352],[3.873995,44.783801],[3.874528,44.784231],[3.87489,44.78456],[3.875094,44.784932],[3.875194,44.784904],[3.875302,44.784661],[3.875367,44.784069],[3.875493,44.783734],[3.876085,44.782996],[3.876418,44.78256],[3.876824,44.781459],[3.876902,44.781083],[3.8774,44.780608],[3.877726,44.780133],[3.878422,44.779879],[3.878635,44.779592],[3.8786,44.779018],[3.878879,44.77881],[3.880099,44.778208],[3.880666,44.777742],[3.881124,44.777432],[3.88143,44.777247],[3.883025,44.776583],[3.883253,44.776409],[3.883258,44.776196],[3.883011,44.776103],[3.882129,44.775694],[3.881645,44.775059],[3.882847,44.77375],[3.882827,44.773128],[3.882989,44.772824],[3.883118,44.772841],[3.883639,44.771732],[3.883861,44.771647],[3.88388,44.771557],[3.88388,44.771557],[3.88308,44.770206],[3.883123,44.770053],[3.882898,44.769867],[3.881589,44.769398],[3.882013,44.768724],[3.882166,44.768158],[3.882147,44.767943],[3.883209,44.766903],[3.883209,44.766903],[3.883182,44.766418],[3.88275,44.765817],[3.881993,44.764585],[3.881614,44.763548],[3.880447,44.762188],[3.87996,44.76174],[3.879254,44.761491],[3.878213,44.761121],[3.876586,44.760219],[3.874938,44.759821],[3.874655,44.759601],[3.87412,44.758948],[3.873563,44.75834],[3.872235,44.756578],[3.870845,44.755538],[3.870171,44.755112],[3.869547,44.75499],[3.868731,44.754519],[3.868142,44.754079],[3.867487,44.75337],[3.866942,44.752899],[3.866367,44.752488],[3.865637,44.752009],[3.864629,44.75148],[3.863761,44.751134],[3.863197,44.750673],[3.862222,44.749852],[3.86192,44.749366],[3.861742,44.748813],[3.861227,44.747799],[3.860687,44.747262],[3.859443,44.74577],[3.859362,44.745439],[3.859602,44.745119],[3.860097,44.744515],[3.860034,44.743901],[3.859597,44.742606],[3.859167,44.742098],[3.858662,44.741851],[3.857824,44.741786],[3.857261,44.741397],[3.856941,44.74076],[3.856513,44.740336],[3.856815,44.739608],[3.857455,44.738953],[3.85692,44.736998],[3.857637,44.736785],[3.857428,44.736529],[3.857854,44.735965],[3.858239,44.735827],[3.858388,44.73556],[3.858452,44.735332],[3.858262,44.735113],[3.858262,44.735113],[3.857289,44.734628],[3.857289,44.734628],[3.857085,44.734382],[3.855153,44.735479],[3.854756,44.73493],[3.854188,44.734397],[3.854649,44.733658],[3.855861,44.73288],[3.855738,44.731973],[3.855894,44.731295],[3.856301,44.731028],[3.856162,44.730274],[3.855829,44.729641],[3.855753,44.729136],[3.855824,44.728436],[3.855595,44.727806],[3.85546,44.727377],[3.85514,44.727346],[3.854609,44.726865],[3.854713,44.726596],[3.855177,44.726134],[3.855661,44.726264],[3.856322,44.725671],[3.856427,44.725454],[3.85654,44.725346],[3.856388,44.725159],[3.856562,44.724884],[3.856392,44.72479],[3.856105,44.724438],[3.85601,44.724399],[3.856275,44.723017],[3.855764,44.722593],[3.855507,44.722229],[3.855502,44.721879],[3.855634,44.721335],[3.85587,44.720756],[3.855874,44.720652],[3.855782,44.719922],[3.855831,44.719724],[3.856129,44.718851],[3.855986,44.717238],[3.856009,44.716497],[3.856171,44.715984],[3.856453,44.714424],[3.856595,44.713412],[3.856659,44.712148],[3.856517,44.711617],[3.856375,44.710258],[3.856482,44.709497],[3.8567,44.708766],[3.85687,44.707952],[3.85691,44.707002],[3.856822,44.706593],[3.856563,44.70629],[3.856432,44.705927],[3.856684,44.705035],[3.856765,44.704465],[3.856814,44.703484],[3.857123,44.702639],[3.8575,44.701701],[3.857793,44.700762],[3.858165,44.699196],[3.857679,44.698787],[3.857133,44.698501],[3.855847,44.697548],[3.855175,44.697341],[3.854331,44.696992],[3.853874,44.696732],[3.853297,44.6963],[3.852694,44.696619],[3.85205,44.696927],[3.851511,44.697559],[3.851164,44.697989],[3.850299,44.698142],[3.849868,44.698274],[3.847657,44.698759],[3.847047,44.6988],[3.846454,44.698755],[3.845814,44.69863],[3.845372,44.698752],[3.84455,44.698994],[3.843753,44.699261],[3.843374,44.699414],[3.842945,44.699453],[3.842478,44.699376],[3.841973,44.699387],[3.841973,44.699387],[3.841649,44.699543],[3.841256,44.699556],[3.841256,44.699556],[3.840808,44.699344],[3.840646,44.699089],[3.840517,44.698511],[3.840414,44.698409],[3.839916,44.698084],[3.838895,44.697398],[3.837853,44.697151],[3.837485,44.696591],[3.837116,44.696495],[3.836558,44.696837],[3.836119,44.696366],[3.835456,44.696123],[3.834455,44.695803],[3.834279,44.696506],[3.834315,44.696915],[3.834366,44.697307],[3.834658,44.697643],[3.834715,44.697801],[3.834135,44.697694],[3.833194,44.69745],[3.832314,44.697177],[3.831304,44.696591],[3.830179,44.696105],[3.829328,44.696131],[3.828791,44.696008],[3.828228,44.695941],[3.827291,44.695844],[3.826036,44.695899],[3.825697,44.695762],[3.825373,44.695095],[3.825117,44.694606],[3.824649,44.693998],[3.824191,44.693629],[3.823529,44.693209],[3.823075,44.692981],[3.822627,44.692722],[3.822388,44.690805],[3.8251,44.68907],[3.825839,44.688036],[3.826406,44.686547],[3.826308,44.68539],[3.825839,44.685215],[3.825322,44.685197],[3.824927,44.684531],[3.823991,44.683936],[3.823103,44.683585],[3.822462,44.68348],[3.821526,44.68206],[3.819258,44.681938],[3.818617,44.682095],[3.818691,44.681359],[3.818628,44.681286],[3.818208,44.681091],[3.816241,44.680423],[3.815814,44.68039],[3.815127,44.680156],[3.813522,44.680151],[3.812707,44.679913],[3.812118,44.679842],[3.811241,44.679589],[3.810838,44.679363],[3.810103,44.679238],[3.809741,44.679532],[3.809271,44.679749],[3.808679,44.679219],[3.80813,44.678613],[3.807962,44.678511],[3.807448,44.678285],[3.806866,44.678142],[3.806156,44.678083],[3.805548,44.677894],[3.804788,44.677467],[3.804485,44.677213],[3.804246,44.676707],[3.803964,44.676685],[3.803737,44.676473],[3.803399,44.67623],[3.802696,44.675881],[3.801894,44.675587],[3.801427,44.675191],[3.800975,44.674824],[3.800464,44.674702],[3.79998,44.67445],[3.799488,44.67408],[3.799204,44.673399],[3.798793,44.672411],[3.798179,44.671465],[3.797613,44.670751],[3.796824,44.669987],[3.796002,44.669316],[3.795124,44.668797],[3.794183,44.668185],[3.793722,44.667825],[3.792877,44.666814],[3.792287,44.66645],[3.79203,44.666208],[3.791046,44.665797],[3.790488,44.665369],[3.789788,44.664979],[3.789259,44.664647],[3.788651,44.664128],[3.788038,44.663395],[3.786978,44.663003],[3.786157,44.662574],[3.78452,44.661637],[3.783875,44.660932],[3.783247,44.660709],[3.782556,44.660702],[3.781955,44.660463],[3.781443,44.660277],[3.780548,44.659828],[3.779328,44.659448],[3.779673,44.658712],[3.780116,44.658231],[3.780679,44.657758],[3.781359,44.657178],[3.783337,44.656203],[3.784075,44.656037],[3.784936,44.655994],[3.787263,44.655735],[3.789275,44.655375],[3.792019,44.655077],[3.792752,44.655219],[3.794299,44.654946],[3.795067,44.65488],[3.795546,44.654891],[3.798455,44.656327],[3.798085,44.654889],[3.798381,44.654223],[3.798915,44.65366],[3.799156,44.653226],[3.799477,44.653024],[3.799834,44.652965],[3.800138,44.652738],[3.800771,44.652348],[3.80159,44.652341],[3.80202,44.65227],[3.802342,44.651938],[3.802786,44.651126],[3.803055,44.650569],[3.803212,44.649808],[3.803283,44.649083],[3.803344,44.648266],[3.803344,44.648266],[3.803399,44.648088],[3.803245,44.6478],[3.803278,44.647303],[3.803268,44.647055],[3.803392,44.646738],[3.803229,44.646232],[3.803709,44.645831],[3.803991,44.645762],[3.804308,44.645833],[3.804593,44.645642],[3.805175,44.645235],[3.805685,44.645017],[3.806029,44.645032],[3.806126,44.644925],[3.806662,44.644864],[3.807448,44.644907],[3.80792,44.644518],[3.808687,44.644287],[3.809002,44.644082],[3.809653,44.643336],[3.809664,44.642768],[3.809897,44.642172],[3.810111,44.641751],[3.810311,44.640938],[3.810651,44.640364],[3.810711,44.639655],[3.810762,44.638822],[3.810951,44.638325],[3.811278,44.638155],[3.81156,44.637925],[3.81207,44.637758],[3.812669,44.637619],[3.813412,44.637042],[3.814062,44.636776],[3.814914,44.636537],[3.815498,44.636592],[3.815717,44.636803],[3.815868,44.636185],[3.816052,44.6358],[3.816372,44.635301],[3.816586,44.634282],[3.816476,44.633401],[3.816448,44.632635],[3.816152,44.632582],[3.815955,44.631618],[3.815512,44.631354],[3.814821,44.630267],[3.813786,44.629793],[3.813022,44.628934],[3.812726,44.627829],[3.811371,44.62539],[3.810631,44.624548],[3.808881,44.624689],[3.807846,44.624531],[3.807106,44.623952],[3.806687,44.623443],[3.805135,44.622303],[3.805184,44.620461],[3.804888,44.619776],[3.804888,44.619127],[3.804518,44.618864],[3.804025,44.618039],[3.803187,44.61711],[3.802867,44.616302],[3.802275,44.615881],[3.80124,44.615864],[3.800943,44.615702],[3.800878,44.615666],[3.800392,44.615407],[3.800255,44.615246],[3.800029,44.614499],[3.79975,44.613256],[3.800158,44.610717],[3.800188,44.608667],[3.799805,44.607259],[3.799151,44.606158],[3.798675,44.605394],[3.798606,44.604932],[3.798228,44.604295],[3.79818,44.603256],[3.798673,44.602599],[3.799295,44.602309],[3.799767,44.6013],[3.799789,44.601041],[3.801119,44.599513],[3.801527,44.599268],[3.802042,44.598275],[3.802321,44.597114],[3.801806,44.596243],[3.801892,44.595647],[3.801312,44.595494],[3.798995,44.594303],[3.798587,44.593309],[3.798437,44.592515],[3.797708,44.591124],[3.797965,44.589963],[3.797536,44.589673],[3.79554,44.589413],[3.793867,44.590009],[3.792472,44.591537],[3.791957,44.590849],[3.791013,44.590207],[3.790927,44.589535],[3.790584,44.589306],[3.790841,44.589015],[3.792472,44.588847],[3.793437,44.589015],[3.79494,44.588985],[3.796184,44.589291],[3.797665,44.589336],[3.799746,44.590421],[3.800282,44.590895],[3.803072,44.59172],[3.804295,44.59305],[3.805261,44.59363],[3.80687,44.59389],[3.809659,44.593875],[3.810561,44.594104],[3.813286,44.594486],[3.814466,44.594364],[3.815475,44.594562],[3.818521,44.595479],[3.819594,44.596106],[3.821075,44.596595],[3.823607,44.597114],[3.82807,44.596579],[3.828607,44.596365],[3.830709,44.597374],[3.833585,44.597695],[3.835752,44.598153],[3.837082,44.598107],[3.838499,44.597817],[3.839121,44.597649],[3.840365,44.597725],[3.841567,44.598046],[3.842726,44.598596],[3.843262,44.59852],[3.844593,44.597572],[3.846331,44.596747],[3.846653,44.595937],[3.846974,44.59554],[3.849421,44.594639],[3.850429,44.594516],[3.852081,44.595021],[3.853133,44.59499],[3.854206,44.594746],[3.853455,44.593905],[3.852038,44.593111],[3.851223,44.592973],[3.850687,44.591384],[3.850322,44.589902],[3.849914,44.589107],[3.850901,44.588496],[3.851438,44.587869],[3.852038,44.587594],[3.853991,44.586173],[3.854249,44.585669],[3.85412,44.584813],[3.853219,44.583804],[3.852253,44.583422],[3.852274,44.582994],[3.853025,44.582948],[3.853712,44.58275],[3.856351,44.583606],[3.857167,44.583545],[3.85854,44.584141],[3.859742,44.5844],[3.86163,44.585287],[3.862252,44.585378],[3.863389,44.585317],[3.864291,44.585409],[3.866501,44.584828],[3.868217,44.585287],[3.869441,44.585791],[3.871543,44.586234],[3.873174,44.586326],[3.874526,44.586234],[3.876758,44.58576],[3.878367,44.585485],[3.879375,44.584477],[3.879912,44.583376],[3.88077,44.583575],[3.882251,44.585134],[3.883345,44.585348],[3.884461,44.585424],[3.885083,44.586311],[3.884826,44.586861],[3.885298,44.587136],[3.886199,44.587824],[3.886135,44.588221],[3.885856,44.588924],[3.885534,44.589336],[3.886285,44.589703],[3.887744,44.589856],[3.888495,44.589902],[3.88931,44.59036],[3.889761,44.591201],[3.890319,44.591735],[3.891714,44.592545],[3.893023,44.592545],[3.894718,44.592698],[3.897057,44.593707],[3.897936,44.592897],[3.89858,44.592102],[3.898602,44.591231],[3.899117,44.590024],[3.899717,44.589459],[3.900082,44.589566],[3.902335,44.592744],[3.90285,44.593493],[3.902421,44.594089],[3.903043,44.593936],[3.903751,44.593951],[3.903966,44.594547],[3.904309,44.594501],[3.904395,44.593722],[3.904631,44.593248],[3.904459,44.592072]]],"type":"MultiLineString"},"properties":{"geo_point":{"lon":3.6469153355315056,"lat":44.930397851569545},"name":"GR470 Chemin des Gorges de l'Allier (2020)","code_gr":"GR470"}},{"type":"Feature","geometry":{"coordinates":[[[3.385152,45.293767],[3.38571,45.293399],[3.386119,45.293007],[3.386374,45.29266],[3.386596,45.292344],[3.387086,45.291899],[3.387158,45.291915],[3.387312,45.291758],[3.387886,45.290813],[3.388653,45.289947],[3.389016,45.289363],[3.389179,45.289138],[3.389575,45.288979],[3.390565,45.28871],[3.392312,45.287835],[3.395962,45.286006],[3.398001,45.284996],[3.399901,45.284033],[3.400893,45.283522],[3.402124,45.282763],[3.402716,45.282443],[3.40359,45.282045],[3.404446,45.281677],[3.405455,45.281281],[3.405738,45.281129],[3.405899,45.280925],[3.406254,45.280056],[3.406814,45.278411],[3.407179,45.277337],[3.407505,45.276536],[3.407297,45.275991],[3.407285,45.275797],[3.407657,45.274557],[3.407687,45.273665],[3.407659,45.273176],[3.407937,45.272261],[3.408036,45.27136],[3.408366,45.270641],[3.408666,45.270086],[3.408888,45.269843],[3.409082,45.268772],[3.409205,45.268358],[3.408992,45.268002],[3.408772,45.267569],[3.408398,45.267157],[3.407849,45.266724],[3.4072,45.266739],[3.406496,45.266622],[3.406373,45.266502],[3.406079,45.265725],[3.405945,45.265479],[3.405204,45.264475],[3.404853,45.264399],[3.404898,45.26347],[3.406057,45.262064],[3.407435,45.260577],[3.407764,45.260476],[3.409409,45.260911],[3.410425,45.261207],[3.41057,45.261418],[3.411068,45.260991],[3.411502,45.260871],[3.411848,45.260898],[3.412278,45.261083],[3.412375,45.260987],[3.412268,45.260711],[3.412009,45.260605],[3.410966,45.260324],[3.411199,45.259657],[3.411358,45.259518],[3.411427,45.259303],[3.411251,45.25901],[3.41107,45.258428],[3.411227,45.257666],[3.411233,45.257205],[3.411298,45.256963],[3.411566,45.256797],[3.41191,45.256758],[3.412048,45.256752],[3.412341,45.256114],[3.412211,45.255871],[3.41193,45.255626],[3.411318,45.255384],[3.410269,45.254897],[3.409968,45.254527],[3.409821,45.254143],[3.409949,45.25366],[3.410456,45.253184],[3.410745,45.252828],[3.411035,45.252686],[3.411075,45.252617],[3.412105,45.252431],[3.412813,45.252221],[3.413119,45.251834],[3.413273,45.251611],[3.41382,45.251099],[3.414023,45.250997],[3.414038,45.250715],[3.414222,45.250455],[3.414772,45.249954],[3.414561,45.24986],[3.41168,45.250394],[3.41206,45.249753],[3.411211,45.249096],[3.412528,45.247939],[3.412266,45.247491],[3.411757,45.247639],[3.4112,45.247744],[3.410473,45.248209],[3.409446,45.248574],[3.408841,45.248482],[3.408441,45.248329],[3.408135,45.24718],[3.408601,45.24611],[3.408745,45.245687],[3.409031,45.245132],[3.409123,45.244492],[3.409861,45.244033],[3.410423,45.243639],[3.410936,45.242997],[3.411009,45.242816],[3.41144,45.242301],[3.411589,45.24161],[3.412192,45.240266],[3.412192,45.240266],[3.412146,45.240135],[3.41227,45.239638],[3.412107,45.239398],[3.411565,45.238938],[3.412335,45.238552],[3.412733,45.238099],[3.412969,45.237698],[3.413218,45.237186],[3.413292,45.236753],[3.413116,45.236179],[3.41307,45.235617],[3.413158,45.234937],[3.413167,45.234614],[3.412987,45.234117],[3.413583,45.232934],[3.413649,45.232419],[3.413554,45.232024],[3.413931,45.231878],[3.414241,45.231862],[3.415298,45.231424],[3.415572,45.231138],[3.414917,45.230743],[3.414142,45.230289],[3.413975,45.229835],[3.414136,45.229314],[3.414778,45.228787],[3.415286,45.228482],[3.415635,45.228325],[3.415976,45.227849],[3.415976,45.227849],[3.416923,45.227224],[3.417248,45.226855],[3.417248,45.226855],[3.416363,45.226535],[3.415795,45.226471],[3.41525,45.226523],[3.415036,45.226372],[3.414058,45.225821],[3.413318,45.225507],[3.41215,45.225161],[3.411396,45.225115],[3.410683,45.224987],[3.41004,45.224823],[3.409421,45.224545],[3.408908,45.224164],[3.408723,45.223913],[3.408466,45.223608],[3.408134,45.223292],[3.407551,45.223026],[3.407241,45.22295],[3.406726,45.222853],[3.404994,45.222136],[3.404925,45.221959],[3.405014,45.221833],[3.405292,45.221852],[3.405674,45.22175],[3.405945,45.22164],[3.407332,45.221888],[3.408436,45.221967],[3.408911,45.221878],[3.409457,45.221512],[3.409962,45.22129],[3.410179,45.220916],[3.410065,45.220409],[3.410521,45.220157],[3.411067,45.219984],[3.411691,45.219938],[3.412157,45.219762],[3.412155,45.219412],[3.412003,45.219306],[3.411572,45.219245],[3.410676,45.219034],[3.410059,45.218841],[3.409956,45.218714],[3.410161,45.218165],[3.410403,45.217851],[3.410107,45.217358],[3.409724,45.216861],[3.40924,45.21633],[3.408614,45.21576],[3.408246,45.215217],[3.407519,45.215163],[3.406916,45.214924],[3.406493,45.214514],[3.406305,45.214253],[3.406264,45.213854],[3.406407,45.21357],[3.406228,45.213439],[3.405792,45.213477],[3.405132,45.213527],[3.404764,45.213415],[3.404471,45.213057],[3.404475,45.212548],[3.404449,45.21199],[3.404703,45.211403],[3.405456,45.21008],[3.405365,45.20979],[3.405347,45.209389],[3.405148,45.209331],[3.404557,45.209443],[3.404588,45.209235],[3.404498,45.208941],[3.404708,45.208678],[3.405271,45.208281],[3.405305,45.207633],[3.405389,45.207019],[3.405635,45.206423],[3.405559,45.206088],[3.405719,45.205329],[3.406283,45.204843],[3.406318,45.204516],[3.407094,45.204072],[3.407119,45.203857],[3.406261,45.204357],[3.405944,45.204423],[3.405684,45.204657],[3.405146,45.204909],[3.404611,45.205259],[3.404637,45.204953],[3.404858,45.204541],[3.404643,45.204072],[3.404663,45.203686],[3.404221,45.203365],[3.404267,45.203199],[3.404244,45.202738],[3.404296,45.20246],[3.404198,45.202101],[3.403904,45.201262],[3.403632,45.20083],[3.403725,45.200087],[3.404016,45.199754],[3.404135,45.199184],[3.404306,45.199049],[3.404838,45.198856],[3.406442,45.198584],[3.406491,45.198471],[3.406213,45.197902],[3.40631,45.197645],[3.406385,45.197571],[3.406191,45.197376],[3.405649,45.197377],[3.404819,45.197189],[3.404753,45.197032],[3.404777,45.195887],[3.404389,45.19533],[3.403782,45.194885],[3.403572,45.194581],[3.4029,45.194091],[3.402569,45.193696],[3.402383,45.193395],[3.402091,45.193139],[3.402007,45.192581],[3.402042,45.19184],[3.401935,45.191649],[3.401507,45.191567],[3.4005,45.191637],[3.399652,45.191857],[3.399296,45.192093],[3.399118,45.192274],[3.398775,45.192489],[3.398558,45.192757],[3.398694,45.193028],[3.398678,45.193318],[3.398351,45.19363],[3.397857,45.193804],[3.397397,45.194011],[3.396812,45.194034],[3.395837,45.193954],[3.394803,45.194034],[3.393644,45.194046],[3.392788,45.194396],[3.392143,45.19499],[3.391927,45.19504],[3.391334,45.194386],[3.390984,45.194021],[3.390694,45.193823],[3.390131,45.19374],[3.389849,45.193601],[3.38935,45.193714],[3.388855,45.193827],[3.388644,45.194139],[3.388767,45.194278],[3.389028,45.194329],[3.389064,45.194471],[3.388727,45.19491],[3.388313,45.19503],[3.388184,45.195149],[3.388067,45.195231],[3.388014,45.195355],[3.388305,45.19554],[3.388095,45.195687],[3.387914,45.195732],[3.389016,45.196471],[3.389245,45.196633],[3.389241,45.196856],[3.38989,45.197532],[3.389704,45.19767],[3.388601,45.197508],[3.38829,45.197565],[3.38754,45.198054],[3.38626,45.198884],[3.385701,45.198754],[3.385453,45.198855],[3.385412,45.199102],[3.384623,45.199123],[3.384411,45.198985],[3.384493,45.198538],[3.384256,45.198425],[3.384093,45.198372],[3.383549,45.197465],[3.382033,45.198074],[3.381706,45.198071],[3.380543,45.197437],[3.380306,45.197168],[3.379762,45.196529],[3.379348,45.196217],[3.378826,45.196042],[3.378574,45.196099],[3.378386,45.1963],[3.378153,45.196439],[3.37777,45.196869],[3.377283,45.197618],[3.376697,45.197487],[3.376161,45.197293],[3.375265,45.196755],[3.374204,45.196173],[3.373902,45.19615],[3.373274,45.196043],[3.372815,45.196125],[3.371895,45.19651],[3.371499,45.196585],[3.371413,45.196499],[3.371365,45.195707],[3.371176,45.195471],[3.370787,45.194912],[3.370684,45.194874],[3.370729,45.195033],[3.370606,45.19498],[3.370468,45.19461],[3.370172,45.194444],[3.369731,45.194486],[3.368994,45.194073],[3.368596,45.19401],[3.368403,45.193913],[3.368377,45.193537],[3.368044,45.192921],[3.36769,45.19255],[3.367634,45.191993],[3.367053,45.191289],[3.366628,45.191011],[3.36638,45.190801],[3.366932,45.1903],[3.367682,45.189391],[3.368197,45.189037],[3.368407,45.189035],[3.368939,45.189115],[3.369408,45.188963],[3.369789,45.188288],[3.369766,45.188081],[3.369985,45.187751],[3.370011,45.187391],[3.370123,45.187148],[3.369992,45.18693],[3.369459,45.186577],[3.369479,45.186407],[3.369378,45.186056],[3.369137,45.18573],[3.369246,45.185639],[3.369843,45.18575],[3.369997,45.185938],[3.37013,45.185847],[3.370113,45.185677],[3.370277,45.185704],[3.3705,45.185863],[3.370614,45.185849],[3.370472,45.185322],[3.37031,45.18461],[3.370414,45.184222],[3.369996,45.184007],[3.369883,45.183827],[3.370033,45.183614],[3.370306,45.183621],[3.370908,45.183546],[3.371609,45.183811],[3.371956,45.183884],[3.372208,45.183864],[3.371517,45.183263],[3.371187,45.183045],[3.370871,45.182913],[3.370784,45.182306],[3.370347,45.18226],[3.370198,45.18206],[3.369991,45.181918],[3.36989,45.18173],[3.369872,45.181459],[3.369981,45.181157],[3.370088,45.181217],[3.370248,45.181504],[3.370376,45.181519],[3.370483,45.18148],[3.370377,45.181331],[3.370406,45.181246],[3.370675,45.181265],[3.371038,45.181244],[3.371738,45.181278],[3.371905,45.181429],[3.372053,45.181807],[3.372153,45.182092],[3.372374,45.182286],[3.373299,45.182677],[3.374254,45.183373],[3.37445,45.183866],[3.374749,45.184163],[3.375271,45.184286],[3.375321,45.184403],[3.374941,45.185226],[3.375011,45.185542],[3.375332,45.186085],[3.375539,45.186327],[3.37585,45.1864],[3.376323,45.186338],[3.376576,45.186293],[3.376984,45.186497],[3.37731,45.186724],[3.377691,45.187218],[3.377866,45.187827],[3.378042,45.187906],[3.378723,45.187549],[3.379469,45.187524],[3.380152,45.187039],[3.380629,45.186672],[3.380934,45.186313],[3.381563,45.185947],[3.382225,45.185501],[3.383218,45.185162],[3.383348,45.18495],[3.383811,45.184474],[3.383959,45.18411],[3.383968,45.183688],[3.384016,45.183316],[3.384082,45.182991],[3.38382,45.182749],[3.383291,45.182518],[3.383334,45.182183],[3.38326,45.181911],[3.383107,45.181736],[3.382437,45.181136],[3.382268,45.180803],[3.381961,45.180544],[3.381489,45.180396],[3.381137,45.180459],[3.380983,45.180439],[3.381048,45.180214],[3.380731,45.179738],[3.380259,45.17921],[3.380226,45.17901],[3.380725,45.178862],[3.380649,45.178197],[3.380783,45.177916],[3.380701,45.177638],[3.380811,45.177403],[3.380655,45.177063],[3.380605,45.176498],[3.380405,45.175968],[3.380397,45.175635],[3.380308,45.17551],[3.3804,45.175413],[3.380985,45.175521],[3.380968,45.175255],[3.380768,45.174988],[3.38057,45.174719],[3.380395,45.174505],[3.380249,45.174174],[3.380191,45.173937],[3.380399,45.173585],[3.380645,45.173304],[3.380782,45.173008],[3.380927,45.172719],[3.380997,45.172226],[3.380755,45.171581],[3.380616,45.171094],[3.380645,45.170647],[3.380823,45.170078],[3.380933,45.169801],[3.381278,45.16972],[3.381537,45.169941],[3.382105,45.170376],[3.382448,45.17088],[3.382925,45.1714],[3.383153,45.172055],[3.383397,45.173182],[3.38408,45.173652],[3.384625,45.173626],[3.386147,45.173703],[3.386277,45.173594],[3.386378,45.173118],[3.386586,45.172722],[3.386842,45.172449],[3.387179,45.172399],[3.387842,45.172453],[3.388485,45.172289],[3.388993,45.172307],[3.39047,45.173734],[3.390964,45.173887],[3.391953,45.173803],[3.392912,45.174313],[3.393244,45.174366],[3.39405,45.174251],[3.394866,45.174415],[3.395543,45.174371],[3.396174,45.174253],[3.396847,45.174071],[3.397359,45.174002],[3.397707,45.17395],[3.397853,45.173798],[3.397941,45.173593],[3.398704,45.172293],[3.398672,45.171891],[3.398611,45.171798],[3.39846,45.171734],[3.398508,45.171572],[3.398797,45.171528],[3.398872,45.171301],[3.399523,45.171001],[3.400124,45.170799],[3.400697,45.170678],[3.400654,45.170409],[3.400463,45.170097],[3.400265,45.170045],[3.399757,45.170053],[3.399455,45.169908],[3.399342,45.169669],[3.399294,45.169059],[3.398836,45.168365],[3.398899,45.168098],[3.39879,45.167713],[3.398129,45.167028],[3.398227,45.166939],[3.39856,45.167025],[3.399482,45.167312],[3.400312,45.167791],[3.400809,45.167926],[3.401454,45.167876],[3.402332,45.167738],[3.403405,45.167541],[3.403856,45.167385],[3.404165,45.167155],[3.404699,45.166781],[3.405325,45.166058],[3.406077,45.165509],[3.40661,45.165172],[3.406888,45.165001],[3.407597,45.164742],[3.408416,45.164236],[3.408761,45.163867],[3.408741,45.163562],[3.408518,45.163192],[3.408401,45.162944],[3.407644,45.162486],[3.407445,45.162116],[3.40707,45.161819],[3.406659,45.161616],[3.406381,45.161367],[3.406247,45.160958],[3.405528,45.16061],[3.405109,45.160313],[3.40479,45.159919],[3.404487,45.159725],[3.404009,45.159781],[3.403276,45.159584],[3.403101,45.159383],[3.4031,45.159037],[3.402846,45.158727],[3.402514,45.15861],[3.401957,45.158577],[3.401411,45.158673],[3.400759,45.158875],[3.400748,45.158407],[3.400649,45.158099],[3.401105,45.157153],[3.401082,45.156885],[3.400816,45.156719],[3.400596,45.156518],[3.40066,45.156119],[3.400634,45.155778],[3.400813,45.155136],[3.401061,45.154445],[3.401065,45.154273],[3.402244,45.15384],[3.402647,45.153629],[3.403136,45.153314],[3.403728,45.152785],[3.404073,45.152194],[3.404171,45.151879],[3.404351,45.151504],[3.404287,45.151284],[3.403904,45.150901],[3.403895,45.150678],[3.403673,45.150581],[3.403415,45.15048],[3.403146,45.15013],[3.402775,45.149679],[3.40189,45.148957],[3.402531,45.148167],[3.40303,45.148069],[3.403575,45.148328],[3.403925,45.14866],[3.405472,45.149424],[3.406633,45.149849],[3.407247,45.14993],[3.408351,45.150399],[3.408695,45.15045],[3.409348,45.150448],[3.409938,45.150636],[3.410276,45.150848],[3.41068,45.151229],[3.410945,45.151435],[3.411188,45.151426],[3.411488,45.151288],[3.412149,45.151887],[3.412681,45.152003],[3.413943,45.15226],[3.415309,45.152285],[3.416087,45.152476],[3.41671,45.15335],[3.417425,45.154145],[3.417972,45.154716],[3.418849,45.155215],[3.419577,45.155652],[3.420052,45.155865],[3.420287,45.156161],[3.420394,45.15628],[3.420431,45.156486],[3.420429,45.156787],[3.420613,45.156902],[3.420885,45.156847],[3.421866,45.157254],[3.422539,45.157575],[3.423159,45.157784],[3.423658,45.158063],[3.424616,45.158095],[3.425599,45.15831],[3.426381,45.158321],[3.426752,45.158333],[3.4272,45.158364],[3.427532,45.158487],[3.427882,45.158656],[3.428894,45.158395],[3.429542,45.158344],[3.43015,45.158123],[3.430465,45.158143],[3.431678,45.158336],[3.432449,45.158414],[3.433102,45.158417],[3.433552,45.158286],[3.435064,45.158165],[3.435462,45.158137],[3.435924,45.158287],[3.436637,45.158195],[3.436856,45.158027],[3.436849,45.157484],[3.437089,45.156726],[3.436661,45.156331],[3.436449,45.15664],[3.436108,45.155837],[3.43575,45.155459],[3.435968,45.155279],[3.436449,45.155298],[3.436809,45.155365],[3.437189,45.155407],[3.437212,45.155308],[3.436863,45.155263],[3.436331,45.155074],[3.436942,45.155129],[3.437323,45.154221],[3.437468,45.154131],[3.438805,45.153863],[3.439527,45.153424],[3.439096,45.153149],[3.437976,45.15294],[3.437538,45.152949],[3.437348,45.152921],[3.437278,45.15267],[3.437362,45.152192],[3.437468,45.151634],[3.437676,45.151134],[3.438144,45.149735],[3.43798,45.149408],[3.438126,45.148991],[3.438126,45.148991],[3.438208,45.148642],[3.437832,45.147876],[3.437534,45.147755],[3.437315,45.147363],[3.437272,45.147134],[3.43734,45.146799],[3.437694,45.146197],[3.437708,45.145888],[3.438007,45.145415],[3.438229,45.14517],[3.438429,45.144757],[3.438535,45.144653],[3.43884,45.144704],[3.439367,45.143875],[3.439985,45.143135],[3.440157,45.142851],[3.440541,45.142446],[3.440718,45.142336],[3.440129,45.142193],[3.439638,45.142288],[3.438661,45.142665],[3.437827,45.142994],[3.437767,45.142946],[3.438087,45.142777],[3.437311,45.142289],[3.436979,45.142274],[3.437183,45.142055],[3.437715,45.141819],[3.437872,45.141689],[3.43783,45.141486],[3.437527,45.141357],[3.43693,45.141362],[3.436297,45.141259],[3.437594,45.139477],[3.439184,45.138789],[3.439333,45.138596],[3.439364,45.138169],[3.439613,45.13796],[3.440034,45.138064],[3.440592,45.137985],[3.44107,45.137748],[3.441518,45.137505],[3.441931,45.137268],[3.442261,45.137008],[3.442755,45.136683],[3.443063,45.136535],[3.443908,45.135956],[3.444544,45.135576],[3.445073,45.135545],[3.445431,45.135516],[3.445817,45.135452],[3.445852,45.135241],[3.445629,45.134908],[3.445723,45.134601],[3.445697,45.134278],[3.445837,45.133852],[3.446181,45.133276],[3.446402,45.13303],[3.446683,45.132569],[3.446949,45.131938],[3.447155,45.13158],[3.447427,45.131148],[3.447765,45.13112],[3.448451,45.13114],[3.448639,45.131936],[3.448866,45.13256],[3.449113,45.133292],[3.449335,45.133431],[3.449471,45.133715],[3.449449,45.134271],[3.449356,45.134419],[3.449307,45.134779],[3.44976,45.134615],[3.450066,45.134269],[3.450044,45.133911],[3.450774,45.134807],[3.450754,45.135528],[3.450788,45.13584],[3.450927,45.135857],[3.45126,45.135559],[3.452085,45.135274],[3.452827,45.135026],[3.453096,45.134869],[3.453723,45.134711],[3.454886,45.134609],[3.455635,45.134638],[3.456281,45.134626],[3.457043,45.134569],[3.457265,45.134541],[3.457711,45.134683],[3.458114,45.134567],[3.458867,45.1347],[3.459217,45.134881],[3.45942,45.135146],[3.459558,45.135041],[3.459725,45.1348],[3.459553,45.134548],[3.459654,45.134299],[3.460002,45.134231],[3.460629,45.133731],[3.46069,45.133257],[3.460861,45.132941],[3.46144,45.131832],[3.461755,45.131479],[3.461944,45.131154],[3.461923,45.130821],[3.462308,45.131549],[3.46251,45.13179],[3.462727,45.131999],[3.462849,45.132329],[3.462957,45.132698],[3.464379,45.133141],[3.464294,45.133572],[3.464145,45.133998],[3.464267,45.134371],[3.464431,45.134685],[3.464443,45.135062],[3.464582,45.135418],[3.464753,45.135577],[3.465058,45.136179],[3.465534,45.13646],[3.467693,45.137345],[3.468573,45.136589],[3.469401,45.135799],[3.469807,45.135627],[3.470183,45.135224],[3.470313,45.134886],[3.470225,45.134632],[3.469666,45.134233],[3.469522,45.134014],[3.469408,45.13356],[3.46911,45.13323],[3.469019,45.132971],[3.469041,45.132507],[3.469424,45.131898],[3.469929,45.131682],[3.470558,45.131063],[3.470821,45.130468],[3.471086,45.130245],[3.471459,45.130136],[3.471753,45.129835],[3.471903,45.129278],[3.471539,45.128657],[3.47109,45.127888],[3.470457,45.126178],[3.469752,45.125355],[3.469293,45.12473],[3.469426,45.12453],[3.469423,45.124253],[3.469158,45.124138],[3.469043,45.123689],[3.46873,45.123065],[3.468478,45.122735],[3.468198,45.12207],[3.468269,45.121481],[3.468157,45.121207],[3.467615,45.120558],[3.467368,45.120087],[3.466965,45.119781],[3.466639,45.119412],[3.466372,45.118895],[3.466372,45.118895],[3.465682,45.118285],[3.465682,45.118285],[3.464919,45.117489],[3.464526,45.117007],[3.463995,45.115896],[3.463538,45.11542],[3.463359,45.114729],[3.462918,45.114073],[3.461927,45.112733],[3.46186,45.112379],[3.462139,45.111786],[3.461976,45.111372],[3.46204,45.110985],[3.461632,45.109966],[3.461939,45.109258],[3.461876,45.108574],[3.461988,45.10818],[3.462674,45.107649],[3.462947,45.107571],[3.463094,45.107417],[3.463165,45.106877],[3.46444,45.106013],[3.465628,45.104794],[3.465536,45.104279],[3.465566,45.103949],[3.465916,45.103524],[3.465916,45.103003],[3.465974,45.102851],[3.466555,45.102472],[3.468891,45.101866],[3.469389,45.101922],[3.470131,45.101817],[3.470658,45.101651],[3.471222,45.101762],[3.47254,45.102426],[3.472692,45.102572],[3.473009,45.10265],[3.473379,45.102615],[3.473883,45.102388],[3.474209,45.102386],[3.475092,45.101982],[3.475476,45.10187],[3.4759,45.101808],[3.476606,45.101856],[3.477159,45.101806],[3.478393,45.101648],[3.478748,45.101661],[3.479071,45.101737],[3.479643,45.101791],[3.479751,45.102016],[3.480472,45.101991],[3.480829,45.102064],[3.481252,45.102074],[3.481988,45.101881],[3.482454,45.101403],[3.482806,45.100914],[3.482974,45.100295],[3.483172,45.10026],[3.484532,45.10104],[3.485453,45.101237],[3.486231,45.101028],[3.487025,45.100902],[3.489057,45.100315],[3.490336,45.100117],[3.490997,45.099256],[3.491268,45.098714],[3.492851,45.098979],[3.493878,45.099084],[3.494554,45.098954],[3.494739,45.09846],[3.495683,45.098206],[3.496508,45.09831],[3.496847,45.098281],[3.496966,45.097925],[3.497352,45.09786],[3.497476,45.097743],[3.49833,45.0967],[3.499478,45.095939],[3.500126,45.095598],[3.500926,45.095247],[3.501365,45.094973],[3.501947,45.094742],[3.502691,45.094298],[3.503788,45.093887],[3.503702,45.093707],[3.50227,45.094061],[3.502127,45.093574],[3.50135,45.09346],[3.501001,45.092877],[3.500507,45.092245],[3.500292,45.092066],[3.500497,45.091158],[3.500863,45.090628],[3.500962,45.090266],[3.50118,45.089889],[3.501225,45.089537],[3.501458,45.089094],[3.501601,45.088799],[3.502209,45.08789],[3.50284,45.08734],[3.503119,45.086711],[3.503345,45.086232],[3.503313,45.085951],[3.503219,45.085546],[3.502975,45.083631],[3.502574,45.083122],[3.501732,45.082399],[3.501357,45.082244],[3.50094,45.08158],[3.50073,45.081376],[3.500067,45.081051],[3.500009,45.080732],[3.499788,45.080463],[3.499491,45.080225],[3.499368,45.07996],[3.499592,45.079806],[3.499902,45.07986],[3.500613,45.079587],[3.501443,45.079405],[3.501903,45.079085],[3.502117,45.079061],[3.503153,45.079155],[3.503468,45.0791],[3.503958,45.078943],[3.504545,45.078579],[3.50488,45.07822],[3.505418,45.077841],[3.505593,45.077369],[3.506258,45.077032],[3.506989,45.076822],[3.50753,45.076847],[3.50799,45.076806],[3.508435,45.076759],[3.508963,45.076559],[3.509409,45.076874],[3.510041,45.076964],[3.511425,45.077352],[3.512067,45.07702],[3.512772,45.077044],[3.513314,45.077219],[3.513606,45.077378],[3.513771,45.077568],[3.513955,45.077583],[3.51414,45.077508],[3.515207,45.077261],[3.515301,45.076911],[3.515864,45.076218],[3.516132,45.076062],[3.516553,45.075719],[3.516666,45.075372],[3.516706,45.075058],[3.516836,45.07484],[3.517013,45.074688],[3.518321,45.07435],[3.518821,45.074312],[3.519298,45.074196],[3.519669,45.074319],[3.520155,45.074376],[3.520556,45.074397],[3.520991,45.074518],[3.523507,45.074688],[3.524164,45.074589],[3.524726,45.073816],[3.524979,45.073509],[3.525254,45.073234],[3.525457,45.072875],[3.525508,45.072525],[3.525495,45.072102],[3.525647,45.071951],[3.526121,45.07195],[3.527344,45.071786],[3.527864,45.071587],[3.528098,45.071621],[3.528504,45.071859],[3.52879,45.07182],[3.529211,45.071666],[3.529697,45.071572],[3.530771,45.0711],[3.531099,45.071268],[3.532361,45.072132],[3.532692,45.072011],[3.533166,45.072333],[3.533472,45.072269],[3.533303,45.072476],[3.533294,45.072683],[3.533428,45.072833],[3.533256,45.073028],[3.532842,45.073282],[3.5328,45.073479],[3.532633,45.073589],[3.532367,45.073859],[3.532236,45.074043],[3.532822,45.073936],[3.533133,45.073709],[3.533433,45.073595],[3.534413,45.072734],[3.534498,45.072404],[3.534308,45.072123],[3.534429,45.071915],[3.534742,45.071753],[3.535237,45.071583],[3.535851,45.071208],[3.537157,45.070724],[3.537716,45.070607],[3.538484,45.070474],[3.539302,45.07031],[3.539756,45.07019],[3.540506,45.069965],[3.541803,45.069508],[3.54284,45.069335],[3.544457,45.069268],[3.54522,45.069013],[3.545655,45.06884],[3.546219,45.068574],[3.545834,45.068514],[3.54561,45.06828],[3.546089,45.06815],[3.547009,45.067664],[3.546899,45.067529],[3.547131,45.067265],[3.547163,45.066966],[3.547328,45.066562],[3.547674,45.065924],[3.547716,45.065539],[3.547528,45.06517],[3.547053,45.064983],[3.547126,45.064559],[3.547078,45.064101],[3.54687,45.063684],[3.546851,45.063411],[3.547212,45.062972],[3.547454,45.06242],[3.548013,45.061913],[3.548312,45.061373],[3.54845,45.06098],[3.548477,45.060742],[3.54841,45.060307],[3.54857,45.059651],[3.548805,45.059141],[3.548902,45.058761],[3.548605,45.058606],[3.548662,45.058269],[3.548497,45.057868],[3.547915,45.057506],[3.548312,45.057139],[3.548288,45.057013],[3.547534,45.05697],[3.546653,45.056756],[3.547344,45.056532],[3.547483,45.056466],[3.548092,45.056537],[3.548538,45.056482],[3.549156,45.056223],[3.550254,45.055741],[3.550623,45.055444],[3.550981,45.055002],[3.551196,45.054697],[3.551476,45.054604],[3.551582,45.054781],[3.551342,45.055494],[3.551267,45.055794],[3.551126,45.05611],[3.550731,45.056797],[3.55076,45.057001],[3.551356,45.05712],[3.551864,45.057107],[3.552436,45.05689],[3.552845,45.056864],[3.553349,45.056683],[3.553767,45.056661],[3.554124,45.05654],[3.554321,45.056384],[3.554556,45.056373],[3.554853,45.056532],[3.555376,45.056706],[3.555546,45.056844],[3.555505,45.057236],[3.555377,45.057413],[3.555148,45.057605],[3.555035,45.058062],[3.555233,45.058524],[3.555212,45.058864],[3.554971,45.059164],[3.554295,45.059668],[3.554101,45.059839],[3.554057,45.05972],[3.553397,45.060253],[3.554921,45.061446],[3.55545,45.061334],[3.555897,45.061436],[3.556659,45.061353],[3.557857,45.061311],[3.558362,45.061241],[3.559328,45.060978],[3.559957,45.060601],[3.560475,45.060536],[3.560959,45.060414],[3.562758,45.060597],[3.56304,45.06046],[3.563108,45.060239],[3.563498,45.060196],[3.564081,45.060008],[3.564239,45.059772],[3.564445,45.0587],[3.56468,45.058286],[3.564791,45.057959],[3.565579,45.057141],[3.566534,45.056705],[3.566904,45.056327],[3.567837,45.055759],[3.568077,45.055507],[3.568242,45.055035],[3.568421,45.054961],[3.5689,45.055107],[3.569682,45.055197],[3.57096,45.055355],[3.57214,45.055402],[3.572917,45.055438],[3.573876,45.055252],[3.574306,45.055044],[3.574844,45.054855],[3.575346,45.05453],[3.576144,45.053638],[3.576299,45.053235],[3.576233,45.052893],[3.57612,45.05246],[3.576331,45.051587],[3.576288,45.051418],[3.576387,45.051147],[3.576401,45.05082],[3.576522,45.050578],[3.577007,45.05035],[3.577333,45.049834],[3.577445,45.049347],[3.577702,45.04902],[3.578152,45.048776],[3.578366,45.048599],[3.578798,45.047999],[3.579364,45.047582],[3.580305,45.047052],[3.580824,45.046695],[3.581205,45.046549],[3.581394,45.04661],[3.581348,45.046725],[3.580912,45.046978],[3.580762,45.047339],[3.580633,45.047612],[3.58097,45.04748],[3.581311,45.04718],[3.581817,45.046917],[3.58162,45.047176],[3.58145,45.04747],[3.581584,45.047474],[3.58218,45.047045],[3.582512,45.04705],[3.583216,45.046983],[3.583726,45.046926],[3.583877,45.04696],[3.583921,45.047075],[3.583166,45.047258],[3.582987,45.047414],[3.583077,45.047635],[3.583639,45.048491],[3.58451,45.048176],[3.584823,45.048036],[3.585398,45.047964],[3.586134,45.047798],[3.58661,45.047654],[3.588353,45.047153],[3.588685,45.04704],[3.589454,45.046887],[3.590573,45.04648],[3.590904,45.046196],[3.591016,45.045967],[3.591756,45.045048],[3.592139,45.044749],[3.592319,45.044409],[3.592618,45.044145],[3.592928,45.043769],[3.592948,45.043539],[3.592831,45.043077],[3.592702,45.042657],[3.592697,45.04249],[3.592321,45.041903],[3.591683,45.041728],[3.591237,45.041249],[3.590839,45.040948],[3.590201,45.040445],[3.590732,45.040179],[3.590366,45.03926],[3.590484,45.03918],[3.590752,45.039271],[3.590865,45.039242],[3.590786,45.038689],[3.590314,45.037811],[3.590333,45.037124],[3.590613,45.036761],[3.59104,45.036554],[3.590548,45.035924],[3.590408,45.035877],[3.590296,45.035727],[3.590869,45.035396],[3.591573,45.035277],[3.593328,45.034322],[3.593599,45.034087],[3.594115,45.033561],[3.594567,45.03311],[3.594774,45.032517],[3.594715,45.032083],[3.594442,45.031888],[3.594403,45.032002],[3.594395,45.032719],[3.594219,45.033065],[3.593871,45.032542],[3.593759,45.031748],[3.593274,45.030999],[3.59326,45.030653],[3.593425,45.030274],[3.593563,45.030028],[3.593769,45.029869],[3.594086,45.029663],[3.594523,45.029635],[3.594636,45.02951],[3.594695,45.028949],[3.594548,45.028792],[3.594129,45.02822],[3.593688,45.027509],[3.593751,45.027125],[3.593922,45.026946],[3.594749,45.02678],[3.594963,45.02664],[3.59541,45.026768],[3.595718,45.026723],[3.596155,45.026757],[3.596545,45.026609],[3.597257,45.026036],[3.597412,45.025308],[3.597528,45.025054],[3.597804,45.024587],[3.597515,45.023926],[3.597482,45.023574],[3.597762,45.023138],[3.597907,45.022671],[3.59806,45.022418],[3.59864,45.021998],[3.599438,45.021829],[3.599826,45.021822],[3.600077,45.021687],[3.600064,45.021307],[3.599987,45.021157],[3.600158,45.021055],[3.600971,45.021069],[3.601785,45.021174],[3.602668,45.021375],[3.603299,45.021495],[3.60447,45.02191],[3.604782,45.021981],[3.605402,45.021842],[3.605779,45.021634],[3.606113,45.021597],[3.606499,45.021733],[3.607433,45.02152],[3.607975,45.021521],[3.608837,45.021626],[3.609274,45.021815],[3.610186,45.021593],[3.610809,45.021622],[3.611727,45.021334],[3.612067,45.020789],[3.61267,45.020274],[3.612711,45.020029],[3.613588,45.019358],[3.614089,45.018739],[3.613491,45.018359],[3.613493,45.017958],[3.613243,45.017816],[3.612426,45.017564],[3.612401,45.017235],[3.61189,45.016503],[3.61119,45.015713],[3.611023,45.015653],[3.61053,45.015552],[3.610103,45.014704],[3.609858,45.014401],[3.609767,45.014079],[3.609526,45.013954],[3.609269,45.013439],[3.608937,45.013245],[3.609138,45.012884],[3.609165,45.012469],[3.608775,45.012097],[3.60883,45.011705],[3.608784,45.011415],[3.608614,45.011195],[3.607934,45.010682],[3.607594,45.010452],[3.607213,45.010117],[3.60662,45.009743],[3.606437,45.009478],[3.606396,45.009287],[3.60618,45.008967],[3.605985,45.008818],[3.605799,45.008216],[3.605909,45.007897],[3.605809,45.007654],[3.605517,45.007521],[3.605311,45.007263],[3.605357,45.006916],[3.605607,45.006451],[3.605919,45.005937],[3.605904,45.005726],[3.605724,45.005271],[3.605389,45.004765],[3.605408,45.004576],[3.605533,45.004535],[3.605658,45.004627],[3.605725,45.00442],[3.6061,45.004726],[3.606284,45.005046],[3.60686,45.005253],[3.606852,45.00463],[3.607059,45.00437],[3.60723,45.004355],[3.607136,45.004523],[3.607253,45.004776],[3.60759,45.005068],[3.607672,45.004985],[3.60762,45.004683],[3.607814,45.004456],[3.608116,45.004388],[3.608282,45.004576],[3.60832,45.004812],[3.60861,45.005104],[3.608833,45.00512],[3.608766,45.004753],[3.609001,45.004777],[3.609231,45.004416],[3.609474,45.004245],[3.609825,45.004128],[3.610228,45.003415],[3.610593,45.00317],[3.610976,45.002809],[3.611273,45.002308],[3.611723,45.002144],[3.61221,45.001838],[3.612478,45.001661],[3.612725,45.001612],[3.61271,45.001273],[3.612486,45.001008],[3.612403,45.000616],[3.612443,45.000367],[3.612355,45.000053],[3.612357,44.999773],[3.611946,44.9991],[3.611968,44.998868],[3.611878,44.998498],[3.611907,44.998047],[3.611753,44.997791],[3.611343,44.997388],[3.611258,44.997047],[3.61087,44.996802],[3.610629,44.996366],[3.610643,44.996066],[3.610882,44.995662],[3.61094,44.995319],[3.610916,44.995076],[3.610489,44.994608],[3.610427,44.994422],[3.610501,44.993919],[3.61079,44.993538],[3.611583,44.992254],[3.611542,44.992021],[3.61121,44.99173],[3.611054,44.991335],[3.610736,44.990815],[3.610263,44.990503],[3.610728,44.990093],[3.610874,44.989694],[3.610787,44.988894],[3.610617,44.98823],[3.610904,44.987593],[3.61076,44.986971],[3.611391,44.986753],[3.611986,44.986486],[3.612491,44.986084],[3.612827,44.985739],[3.613501,44.985353],[3.61394,44.985339],[3.614379,44.985462],[3.614761,44.98541],[3.615243,44.985383],[3.615603,44.985375],[3.615907,44.985451],[3.616047,44.98539],[3.615893,44.985289],[3.615642,44.985044],[3.615423,44.984545],[3.615152,44.984388],[3.614751,44.984303],[3.614628,44.984037],[3.614276,44.983639],[3.614083,44.983431],[3.614098,44.983281],[3.614307,44.98327],[3.616162,44.983672],[3.616668,44.983718],[3.616858,44.983662],[3.617098,44.983348],[3.617583,44.983088],[3.617627,44.982679],[3.617725,44.982373],[3.61788,44.982259],[3.618788,44.982331],[3.619606,44.982059],[3.620537,44.981872],[3.622511,44.981705],[3.623147,44.981822],[3.623572,44.981858],[3.624144,44.981789],[3.624271,44.981698],[3.62459,44.981781],[3.625599,44.981437],[3.626602,44.981112],[3.626964,44.980844],[3.627243,44.980269],[3.627221,44.979955],[3.626955,44.979401],[3.627009,44.977061],[3.627461,44.976338],[3.627881,44.976305],[3.627956,44.976062],[3.627677,44.975895],[3.627688,44.975478],[3.628342,44.975303],[3.628835,44.975392],[3.629718,44.975054],[3.629931,44.974925],[3.631307,44.97474],[3.632911,44.974403],[3.633512,44.973825],[3.633569,44.973637],[3.633484,44.973462],[3.633527,44.973376],[3.633862,44.973402],[3.634464,44.973257],[3.634909,44.97326],[3.636337,44.972928],[3.63725,44.972566],[3.637541,44.972379],[3.637463,44.972054],[3.637632,44.972033],[3.637742,44.971948],[3.637869,44.97203],[3.637766,44.972207],[3.638287,44.972772],[3.63871,44.972969],[3.639006,44.973236],[3.639658,44.973348],[3.639639,44.97327],[3.639309,44.97309],[3.63906,44.972149],[3.639488,44.972661],[3.639805,44.972987],[3.640213,44.973209],[3.640585,44.973253],[3.64039,44.973112],[3.640322,44.972957],[3.640335,44.972901],[3.640156,44.972769],[3.640007,44.972558],[3.640005,44.972482],[3.639935,44.972379],[3.639822,44.972314],[3.639698,44.972122],[3.639759,44.971785],[3.639573,44.971613],[3.639587,44.971508],[3.639736,44.971503],[3.639823,44.971387],[3.63992,44.971312],[3.639994,44.971187],[3.640294,44.970895],[3.640355,44.970692],[3.641286,44.969813],[3.641476,44.968936],[3.64164,44.968811],[3.642125,44.968843],[3.642953,44.969016],[3.64291,44.968834],[3.643098,44.968496],[3.643252,44.968378],[3.643293,44.967998],[3.643073,44.967903],[3.643092,44.967787],[3.643234,44.96772],[3.643405,44.967514],[3.643749,44.967566],[3.644223,44.967569],[3.644511,44.967499],[3.644648,44.967201],[3.643692,44.966875],[3.6439,44.966722],[3.644705,44.966967],[3.645195,44.967035],[3.645828,44.966804],[3.646104,44.966402],[3.646104,44.966256],[3.646241,44.96606],[3.645981,44.966117],[3.645759,44.966293],[3.645479,44.966175],[3.645593,44.965932],[3.64591,44.965707],[3.646073,44.96557],[3.646153,44.965445],[3.646261,44.965283],[3.646259,44.965203],[3.646131,44.965121],[3.646121,44.965212],[3.646043,44.965186],[3.645977,44.965278],[3.645815,44.965343],[3.645658,44.965316],[3.645523,44.965343],[3.645121,44.965217],[3.644856,44.965051],[3.644824,44.964878],[3.644723,44.964773],[3.644828,44.964641],[3.644873,44.96441],[3.644915,44.964335],[3.644843,44.964129],[3.644756,44.964062],[3.644609,44.963672],[3.644794,44.963129],[3.64481,44.962837],[3.644559,44.962565],[3.644491,44.962307],[3.644446,44.962147],[3.644714,44.961564],[3.644639,44.960805],[3.644371,44.960744],[3.644017,44.959772],[3.644211,44.959083],[3.644992,44.959013],[3.645219,44.958749],[3.645719,44.958631],[3.646056,44.958048],[3.646184,44.957603],[3.646683,44.957026],[3.647185,44.956753],[3.647448,44.956514],[3.647401,44.956153],[3.647468,44.956039],[3.647467,44.955482],[3.647327,44.955244],[3.647565,44.955177],[3.647823,44.955163],[3.647996,44.954878],[3.648052,44.954394],[3.647862,44.95407],[3.647889,44.95377],[3.648258,44.953669],[3.648487,44.953381],[3.648591,44.95295],[3.648623,44.952589],[3.649006,44.951984],[3.649368,44.951221],[3.649788,44.950926],[3.650479,44.950154],[3.650715,44.949835],[3.65082,44.949417],[3.651013,44.948785],[3.651223,44.948454],[3.651564,44.949139],[3.651619,44.94985],[3.651661,44.950383],[3.651679,44.950868],[3.651649,44.951182],[3.651762,44.951446],[3.651604,44.951859],[3.65149,44.95303],[3.651745,44.953679],[3.652116,44.953697],[3.652299,44.953909],[3.652072,44.954481],[3.652451,44.955658],[3.652856,44.956071],[3.652485,44.956976],[3.65237,44.957598],[3.652395,44.957872],[3.652197,44.95851],[3.652204,44.959165],[3.651948,44.960379],[3.65207,44.960977],[3.652516,44.961419],[3.652634,44.961804],[3.653095,44.962029],[3.653964,44.962291],[3.654906,44.962771],[3.655963,44.963548],[3.656858,44.963328],[3.659176,44.962302],[3.660094,44.962098],[3.660941,44.961821],[3.661219,44.961622],[3.661378,44.961363],[3.661606,44.961306],[3.661823,44.961394],[3.661997,44.96169],[3.663038,44.962113],[3.663657,44.962312],[3.664249,44.962309],[3.66461,44.962183],[3.665482,44.96197],[3.665703,44.962028],[3.665664,44.962508],[3.66574,44.962873],[3.665643,44.963093],[3.665585,44.963445],[3.665819,44.963696],[3.666058,44.963772],[3.665937,44.964075],[3.665929,44.964621],[3.666102,44.96498],[3.666918,44.965409],[3.667032,44.965563],[3.667239,44.966036],[3.667568,44.966259],[3.668366,44.966386],[3.66891,44.96628],[3.669481,44.96639],[3.669874,44.966297],[3.670489,44.965901],[3.671107,44.965699],[3.671468,44.965487],[3.671826,44.965234],[3.672081,44.965212],[3.672461,44.965526],[3.672843,44.965552],[3.673669,44.965165],[3.673826,44.965006],[3.674077,44.964498],[3.674434,44.964576],[3.675369,44.965057],[3.675968,44.96578],[3.675949,44.966008],[3.676084,44.966133],[3.676287,44.966144],[3.67713,44.96548],[3.677342,44.965531],[3.67792,44.966242],[3.67848,44.966622],[3.678689,44.966424],[3.679396,44.965869],[3.680242,44.965397],[3.681207,44.965027],[3.681759,44.964848],[3.681628,44.96467],[3.681501,44.964254],[3.681722,44.963934],[3.68143,44.963722],[3.681562,44.963232],[3.681479,44.963016],[3.68176,44.962583],[3.68157,44.962203],[3.68167,44.962073],[3.682151,44.961902],[3.68267,44.961508],[3.682635,44.961252],[3.682412,44.96098],[3.682302,44.960826],[3.682213,44.9606],[3.681794,44.960309],[3.681913,44.959899],[3.681789,44.959357],[3.682064,44.958958],[3.682486,44.958515],[3.682788,44.958185],[3.683035,44.958074],[3.68339,44.957624],[3.684207,44.957249],[3.684688,44.956821],[3.685002,44.956312],[3.686177,44.956226],[3.686574,44.956097],[3.686612,44.955929],[3.686414,44.955822],[3.685638,44.955635],[3.684737,44.955665],[3.684271,44.955903],[3.68363,44.956266],[3.68275,44.956708],[3.682215,44.956764],[3.681866,44.957014],[3.681619,44.957347],[3.681271,44.957574],[3.680616,44.9576],[3.679927,44.957582],[3.679624,44.957535],[3.679404,44.957736],[3.678977,44.958018],[3.678733,44.958261],[3.678336,44.958589],[3.677823,44.958738],[3.677587,44.958545],[3.67747,44.958568],[3.677473,44.958686],[3.6774,44.959095],[3.676957,44.959478],[3.676602,44.959706],[3.676322,44.95999],[3.675885,44.960621],[3.675692,44.960909],[3.675418,44.961295],[3.675085,44.961575],[3.674833,44.961778],[3.674384,44.96189],[3.674041,44.961885],[3.673809,44.962045],[3.673686,44.962188],[3.673246,44.962119],[3.672718,44.961956],[3.672247,44.961939],[3.671752,44.961758],[3.671899,44.961645],[3.67198,44.961495],[3.672092,44.960669],[3.67208,44.96046],[3.671108,44.95931],[3.670011,44.958029],[3.669897,44.957491],[3.669859,44.956847],[3.669607,44.95631],[3.669086,44.956013],[3.668607,44.955735],[3.668072,44.955611],[3.667645,44.955362],[3.667185,44.955157],[3.666792,44.954808],[3.666608,44.954531],[3.666274,44.954279],[3.666023,44.953951],[3.665603,44.953555],[3.665359,44.953081],[3.665073,44.952767],[3.664773,44.952469],[3.664733,44.952243],[3.664775,44.951798],[3.664613,44.951405],[3.664207,44.951103],[3.662863,44.950546],[3.66268,44.950414],[3.66251,44.950019],[3.66193,44.949751],[3.661645,44.94973],[3.661149,44.949738],[3.660709,44.949549],[3.659596,44.948611],[3.660085,44.94795],[3.660749,44.947346],[3.660874,44.946988],[3.660653,44.946529],[3.660803,44.946156],[3.66113,44.945798],[3.661209,44.945393],[3.661258,44.945132],[3.661446,44.9449],[3.661779,44.944774],[3.661523,44.944458],[3.661419,44.943849],[3.661892,44.943397],[3.662188,44.942918],[3.662615,44.942529],[3.662824,44.941768],[3.662851,44.941464],[3.663136,44.94082],[3.663265,44.940301],[3.6636,44.939944],[3.663939,44.939532],[3.664114,44.939116],[3.664094,44.938774],[3.664008,44.93839],[3.663778,44.938313],[3.663452,44.937961],[3.663565,44.937048],[3.663657,44.93628],[3.664197,44.935376],[3.664292,44.935119],[3.664286,44.93478],[3.663635,44.933579],[3.664015,44.93353],[3.66582,44.934116],[3.666522,44.934743],[3.667119,44.93489],[3.667768,44.93489],[3.668234,44.93521],[3.669455,44.935251],[3.669845,44.935067],[3.670713,44.934412],[3.6708,44.934249],[3.67085,44.933928],[3.671743,44.933259],[3.672057,44.933059],[3.673865,44.9326],[3.673773,44.932241],[3.6737,44.931817],[3.672988,44.930683],[3.673318,44.929554],[3.673274,44.929299],[3.673477,44.929017],[3.673896,44.928887],[3.674201,44.928855],[3.674496,44.928681],[3.674628,44.928393],[3.674564,44.927774],[3.674564,44.927566],[3.674563,44.927151],[3.674368,44.926526],[3.673287,44.925138],[3.672736,44.924824],[3.67234,44.92467],[3.671694,44.924044],[3.670961,44.923538],[3.670912,44.923198],[3.670505,44.92325],[3.670443,44.922159],[3.670861,44.922281],[3.671208,44.921889],[3.671468,44.922105],[3.672338,44.922192],[3.672976,44.922217],[3.672849,44.921898],[3.672209,44.921359],[3.672653,44.921361],[3.672157,44.921043],[3.671868,44.92061],[3.671868,44.92061],[3.67118,44.920141],[3.671105,44.920012],[3.671148,44.91989]]],"type":"MultiLineString"},"properties":{"geo_point":{"lon":3.508168834502044,"lat":45.09811910543767},"name":"GR470 De Brioude à Pont d´Alleyras (Haute-Loire) (2019)","code_gr":"GR470"}},{"type":"Feature","geometry":{"coordinates":[[[3.671154,44.919899],[3.669524,44.918703],[3.668614,44.918459],[3.667651,44.918003],[3.667385,44.917768],[3.667,44.917746],[3.666756,44.917644],[3.666627,44.917408],[3.666151,44.917114],[3.665732,44.916779],[3.665238,44.916683],[3.665096,44.916531],[3.665012,44.916263],[3.66487,44.915947],[3.664909,44.915527],[3.665087,44.91507],[3.665001,44.914799],[3.665308,44.914558],[3.665658,44.914138],[3.665976,44.91362],[3.666476,44.913358],[3.667366,44.912841],[3.66769,44.912507],[3.669456,44.912197],[3.66987,44.911563],[3.670222,44.910933],[3.670493,44.910203],[3.670718,44.909981],[3.670742,44.909591],[3.671004,44.909197],[3.670763,44.908867],[3.670848,44.908342],[3.670855,44.907909],[3.670993,44.907682],[3.671305,44.907448],[3.671922,44.906578],[3.671975,44.906316],[3.671937,44.905793],[3.672075,44.905579],[3.67245,44.905608],[3.672666,44.90484],[3.67236,44.904341],[3.672345,44.904143],[3.671917,44.903973],[3.671377,44.903637],[3.671316,44.903457],[3.671185,44.902866],[3.671072,44.902881],[3.670788,44.903361],[3.670084,44.903627],[3.669452,44.90368],[3.668732,44.903624],[3.667883,44.903462],[3.667234,44.903606],[3.667355,44.90346],[3.66843,44.903248],[3.66883,44.90328],[3.669427,44.902941],[3.66937,44.902744],[3.668795,44.9024],[3.668586,44.902181],[3.668222,44.901952],[3.667944,44.901632],[3.667549,44.901371],[3.667292,44.901017],[3.667979,44.901224],[3.668836,44.901374],[3.669325,44.901232],[3.669719,44.900697],[3.669835,44.900424],[3.669733,44.900443],[3.669221,44.900802],[3.66884,44.900757],[3.668493,44.90061],[3.668345,44.900435],[3.668127,44.900057],[3.667756,44.899779],[3.667359,44.899696],[3.667059,44.899295],[3.667141,44.899032],[3.667148,44.898931],[3.666839,44.899073],[3.666806,44.899034],[3.666867,44.898382],[3.666547,44.898508],[3.665885,44.898234],[3.665588,44.898037],[3.66435,44.897581],[3.664447,44.897513],[3.665541,44.897196],[3.665214,44.897027],[3.665357,44.896933],[3.665523,44.896779],[3.665379,44.89627],[3.665259,44.895934],[3.665237,44.895881],[3.665255,44.895632],[3.665367,44.895203],[3.665398,44.894956],[3.665771,44.893684],[3.665487,44.893187],[3.664923,44.892756],[3.664217,44.892609],[3.663923,44.892332],[3.663805,44.891979],[3.663509,44.89167],[3.663016,44.891192],[3.662393,44.890694],[3.662937,44.890407],[3.663566,44.890237],[3.66445,44.889961],[3.664752,44.889827],[3.665018,44.889599],[3.665861,44.888563],[3.666065,44.888091],[3.66646,44.887976],[3.666896,44.887944],[3.668061,44.888162],[3.668811,44.88849],[3.66931,44.888591],[3.669866,44.888566],[3.669986,44.888594],[3.670293,44.888925],[3.670755,44.889263],[3.67116,44.889442],[3.671875,44.88967],[3.672604,44.889784],[3.673121,44.889738],[3.673502,44.889607],[3.673981,44.889284],[3.674403,44.888858],[3.674664,44.88864],[3.675188,44.888544],[3.676297,44.888771],[3.677135,44.888824],[3.676642,44.88837],[3.676421,44.887916],[3.675667,44.887789],[3.675253,44.887547],[3.675136,44.887305],[3.675063,44.886905],[3.674999,44.886351],[3.674959,44.886128],[3.675103,44.885237],[3.675069,44.884925],[3.674885,44.884703],[3.674604,44.884613],[3.674096,44.884591],[3.673695,44.88437],[3.67349,44.884101],[3.673246,44.883765],[3.672285,44.8837],[3.671625,44.883602],[3.67125,44.883414],[3.671025,44.883324],[3.670477,44.883154],[3.67052,44.883002],[3.670497,44.882848],[3.671072,44.882432],[3.671214,44.881991],[3.671206,44.881622],[3.67121,44.881073],[3.671274,44.880535],[3.671336,44.880163],[3.671204,44.879949],[3.671363,44.87947],[3.671587,44.878858],[3.672254,44.878099],[3.67236,44.877959],[3.672506,44.877584],[3.672792,44.877055],[3.672904,44.876575],[3.672788,44.875904],[3.672735,44.875516],[3.67261,44.875174],[3.672449,44.874862],[3.672054,44.874227],[3.672191,44.873855],[3.672195,44.872978],[3.672201,44.872773],[3.672367,44.87254],[3.672589,44.872473],[3.672985,44.872924],[3.673273,44.873361],[3.673293,44.873653],[3.673386,44.873834],[3.67379,44.874027],[3.674271,44.874361],[3.67506,44.874668],[3.67506,44.874668],[3.675507,44.874733],[3.676213,44.874598],[3.676545,44.874916],[3.676856,44.87544],[3.67703,44.87569],[3.677478,44.876189],[3.678064,44.876636],[3.679031,44.877007],[3.679397,44.877189],[3.679564,44.877441],[3.67971,44.877275],[3.679754,44.87696],[3.679651,44.876297],[3.679928,44.876205],[3.680544,44.876128],[3.68131,44.875919],[3.681557,44.875604],[3.681491,44.874422],[3.681576,44.873874],[3.681599,44.873634],[3.681449,44.873538],[3.681418,44.873307],[3.681598,44.873012],[3.682569,44.872624],[3.683314,44.872206],[3.683554,44.872033],[3.683612,44.871741],[3.683622,44.87167],[3.683535,44.871443],[3.683452,44.871139],[3.683495,44.87088],[3.683463,44.870801],[3.68337,44.870556],[3.683351,44.870338],[3.683057,44.870056],[3.682756,44.869745],[3.682759,44.869423],[3.683061,44.869126],[3.683052,44.86898],[3.682592,44.868651],[3.682277,44.868491],[3.681941,44.868178],[3.680862,44.867603],[3.68013,44.867419],[3.680316,44.867125],[3.68033,44.866938],[3.681222,44.866728],[3.681357,44.866604],[3.681904,44.866537],[3.682531,44.866605],[3.682777,44.86661],[3.683281,44.866565],[3.683831,44.866384],[3.68491,44.866272],[3.685352,44.866239],[3.68596,44.866273],[3.686248,44.866215],[3.686926,44.865415],[3.686885,44.864982],[3.686726,44.864492],[3.686835,44.864057],[3.687771,44.863865],[3.688312,44.863649],[3.689234,44.863318],[3.689589,44.862938],[3.689886,44.862652],[3.690741,44.862239],[3.691308,44.862274],[3.691949,44.862536],[3.69232,44.862534],[3.693355,44.862436],[3.694027,44.862715],[3.69432,44.863002],[3.694736,44.863172],[3.69498,44.863267],[3.69524,44.863135],[3.695418,44.863146],[3.696045,44.863435],[3.69694,44.863573],[3.697301,44.86349],[3.697665,44.86327],[3.698077,44.863394],[3.698348,44.863568],[3.69841,44.863758],[3.69796,44.864176],[3.697938,44.864256],[3.697964,44.864347],[3.698664,44.865022],[3.69902,44.865495],[3.699626,44.866238],[3.699951,44.86663],[3.700462,44.866976],[3.700512,44.867365],[3.700504,44.867684],[3.701017,44.867756],[3.701147,44.86766],[3.701644,44.867326],[3.70244,44.866589],[3.702679,44.866121],[3.702888,44.865602],[3.703024,44.865326],[3.703691,44.864456],[3.703814,44.863738],[3.704057,44.863133],[3.704095,44.862074],[3.704005,44.861708],[3.704169,44.861495],[3.704367,44.861097],[3.704726,44.860517],[3.705061,44.860172],[3.704982,44.859781],[3.704758,44.85923],[3.704659,44.858938],[3.704126,44.858751],[3.704075,44.858574],[3.704318,44.858287],[3.704429,44.857866],[3.704483,44.857416],[3.704183,44.857076],[3.704061,44.856807],[3.704156,44.856341],[3.70425,44.856034],[3.704532,44.855865],[3.704846,44.85565],[3.70509,44.85563],[3.705175,44.85548],[3.705079,44.855354],[3.704894,44.855287],[3.704911,44.855054],[3.705283,44.854852],[3.706024,44.854835],[3.706557,44.854939],[3.707015,44.854817],[3.707865,44.854644],[3.708419,44.854521],[3.709424,44.854051],[3.709727,44.853774],[3.710024,44.853294],[3.709981,44.853026],[3.709953,44.85243],[3.709675,44.852224],[3.709728,44.851774],[3.710092,44.851339],[3.709608,44.849918],[3.709931,44.849143],[3.709975,44.848597],[3.710294,44.848263],[3.710535,44.84752],[3.71039,44.846184],[3.710583,44.845808],[3.711021,44.84539],[3.711216,44.845081],[3.711512,44.844771],[3.711978,44.844326],[3.712073,44.843749],[3.712404,44.843042],[3.712658,44.843012],[3.713155,44.84279],[3.713957,44.842721],[3.714162,44.842591],[3.714546,44.842199],[3.715224,44.841984],[3.715922,44.841631],[3.716446,44.841151],[3.716797,44.840755],[3.7173,44.840513],[3.717894,44.840333],[3.718206,44.840171],[3.718797,44.839907],[3.719693,44.83949],[3.721273,44.839258],[3.720827,44.838793],[3.72049,44.838548],[3.720304,44.83842],[3.719979,44.838064],[3.719589,44.837642],[3.719354,44.837516],[3.719105,44.837456],[3.718715,44.837457],[3.718248,44.837529],[3.717919,44.837601],[3.71753,44.837637],[3.717073,44.837545],[3.716802,44.837407],[3.716548,44.837365],[3.716913,44.837048],[3.717305,44.836808],[3.717677,44.836656],[3.71807,44.836425],[3.718397,44.836233],[3.718852,44.836106],[3.71927,44.835885],[3.719755,44.835812],[3.720154,44.835825],[3.720637,44.835936],[3.720964,44.835854],[3.721857,44.835956],[3.722438,44.835918],[3.723572,44.835755],[3.723901,44.835782],[3.724689,44.835678],[3.725953,44.835774],[3.726741,44.83514],[3.728227,44.836046],[3.72824,44.836266],[3.728148,44.836554],[3.728188,44.836656],[3.728602,44.837212],[3.728751,44.837868],[3.728947,44.838436],[3.729148,44.838756],[3.729916,44.839117],[3.730584,44.839617],[3.730323,44.84018],[3.730443,44.840384],[3.730979,44.84031],[3.73142,44.84026],[3.732089,44.840407],[3.732318,44.840571],[3.732541,44.84083],[3.73271,44.841197],[3.733027,44.84173],[3.733436,44.841865],[3.733661,44.84203],[3.733983,44.842091],[3.734289,44.842164],[3.734264,44.841956],[3.733798,44.841663],[3.733472,44.841424],[3.733545,44.841218],[3.733321,44.840938],[3.733412,44.840646],[3.733516,44.840366],[3.73339,44.84019],[3.733282,44.839847],[3.732738,44.839417],[3.732883,44.838881],[3.732633,44.838378],[3.732497,44.837969],[3.732815,44.837648],[3.733545,44.837652],[3.733879,44.837782],[3.735253,44.83695],[3.735675,44.836779],[3.736104,44.836557],[3.736399,44.836014],[3.736156,44.835477],[3.73612,44.835292],[3.736317,44.835261],[3.737262,44.835258],[3.737387,44.836029],[3.737423,44.836816],[3.737541,44.837135],[3.737731,44.837442],[3.738006,44.837714],[3.738258,44.838088],[3.738258,44.838088],[3.739037,44.839397],[3.739356,44.840009],[3.738979,44.840099],[3.738611,44.840301],[3.73832,44.84058],[3.737985,44.840889],[3.737996,44.840961],[3.73814,44.840923],[3.738382,44.840818],[3.738468,44.840736],[3.738639,44.840641],[3.739088,44.840948],[3.739144,44.840911],[3.739071,44.840777],[3.739118,44.840629],[3.739378,44.840894],[3.739851,44.841095],[3.740032,44.841127],[3.73994,44.841051],[3.739771,44.840952],[3.739772,44.840807],[3.740118,44.840816],[3.74052,44.840893],[3.741177,44.841448],[3.741777,44.841772],[3.742037,44.841814],[3.742681,44.842276],[3.742763,44.842139],[3.743094,44.841873],[3.743405,44.842203],[3.743594,44.842802],[3.743657,44.843082],[3.743931,44.843447],[3.744087,44.843705],[3.744366,44.844074],[3.744766,44.844595],[3.744857,44.845066],[3.744704,44.845275],[3.744728,44.845512],[3.74443,44.845799],[3.744406,44.845943],[3.744578,44.84611],[3.744997,44.846373],[3.745322,44.846705],[3.74598,44.847089],[3.746076,44.847189],[3.746447,44.847324],[3.746893,44.847495],[3.746958,44.847774],[3.748327,44.848381],[3.749126,44.848702],[3.750067,44.849074],[3.750431,44.849148],[3.750919,44.849766],[3.751531,44.850151],[3.752024,44.85033],[3.752145,44.850379],[3.752506,44.850042],[3.752672,44.849838],[3.752869,44.849457],[3.752971,44.849107],[3.753223,44.848657],[3.753632,44.848071],[3.753424,44.847636],[3.753909,44.84797],[3.754356,44.848115],[3.754829,44.848158],[3.755219,44.848028],[3.755379,44.847823],[3.754928,44.847658],[3.754893,44.84734],[3.755087,44.847061],[3.755287,44.846828],[3.755665,44.846613],[3.755756,44.846672],[3.755969,44.84661],[3.756442,44.846398],[3.757041,44.846365],[3.757205,44.84648],[3.75769,44.84626],[3.75807,44.846269],[3.757852,44.846419],[3.758217,44.846541],[3.758453,44.846799],[3.758889,44.846585],[3.759081,44.846729],[3.759106,44.847048],[3.759268,44.847246],[3.759581,44.848052],[3.759925,44.848151],[3.76029,44.848539],[3.760459,44.849133],[3.760188,44.849483],[3.757821,44.849402],[3.757314,44.84955],[3.758343,44.850552],[3.759311,44.851592],[3.760154,44.852067],[3.760548,44.852448],[3.761883,44.853912],[3.762822,44.854137],[3.763925,44.854276],[3.764385,44.854136],[3.76502,44.854111],[3.766633,44.854],[3.767447,44.854213],[3.768453,44.854154],[3.770378,44.853999],[3.772802,44.853758],[3.773477,44.853551],[3.774005,44.853471],[3.775727,44.853374],[3.776225,44.853496],[3.777197,44.853937],[3.777502,44.853502],[3.778081,44.853193],[3.778333,44.852973],[3.778757,44.852475],[3.779086,44.851885],[3.77939,44.851431],[3.780279,44.85075],[3.780837,44.84969],[3.781214,44.848817],[3.781465,44.848573],[3.781737,44.848526],[3.78164,44.847956],[3.78147,44.84727],[3.781615,44.846501],[3.782072,44.845389],[3.782365,44.845207],[3.782702,44.844763],[3.782653,44.843899],[3.782583,44.843641],[3.782211,44.843314],[3.781556,44.842814],[3.781469,44.84263],[3.781857,44.842629],[3.782487,44.84299],[3.782977,44.843198],[3.783464,44.843187],[3.784421,44.843026],[3.784616,44.842734],[3.784381,44.842473],[3.783866,44.842175],[3.784167,44.842198],[3.785189,44.841936],[3.786496,44.841696],[3.78774,44.841658],[3.788026,44.841872],[3.788688,44.841688],[3.790301,44.84169],[3.791917,44.841593],[3.792408,44.841639],[3.793085,44.841842],[3.793531,44.841648],[3.794183,44.841588],[3.796625,44.842017],[3.797495,44.842131],[3.799093,44.842161],[3.799171,44.842226],[3.79988,44.842096],[3.80074,44.842118],[3.801426,44.841763],[3.801797,44.841668],[3.802289,44.841643],[3.803308,44.841432],[3.80398,44.840699],[3.804249,44.839813],[3.805138,44.839157],[3.806611,44.838658],[3.808028,44.837514],[3.808355,44.837159],[3.809152,44.836936],[3.80969,44.836878],[3.810206,44.836667],[3.81159,44.836643],[3.812717,44.836726],[3.814479,44.837661],[3.815626,44.838351],[3.816613,44.838692],[3.817624,44.838943],[3.818813,44.839636],[3.819557,44.839888],[3.82024,44.839893],[3.820537,44.839684],[3.821887,44.840486],[3.822556,44.840702],[3.822963,44.841035],[3.824339,44.841614],[3.825521,44.841795],[3.826026,44.841792],[3.82687,44.84199],[3.827543,44.842036],[3.827997,44.842],[3.828941,44.841989],[3.829198,44.842628],[3.829136,44.842832],[3.829306,44.843661],[3.829586,44.843878],[3.830005,44.843699],[3.829962,44.843049],[3.829855,44.843007],[3.829967,44.842554],[3.829758,44.841866],[3.829919,44.84136],[3.830375,44.840856],[3.830646,44.840657],[3.830756,44.840359],[3.83141,44.840078],[3.832483,44.839165],[3.832827,44.838594],[3.832805,44.837731],[3.833009,44.835338],[3.833186,44.834954],[3.832,44.833991],[3.830954,44.832926],[3.830477,44.832333],[3.829281,44.831366],[3.827741,44.83072],[3.825037,44.829974],[3.823664,44.829152],[3.822978,44.827669],[3.822398,44.82714],[3.821712,44.826771],[3.82022,44.825713],[3.819405,44.824716],[3.818026,44.823289],[3.815435,44.822114],[3.814105,44.821855],[3.813381,44.821531],[3.812772,44.821431],[3.811991,44.821147],[3.812077,44.820325],[3.811251,44.819351],[3.811938,44.818194],[3.812538,44.818522],[3.813853,44.818936],[3.814609,44.81891],[3.815811,44.818225],[3.814373,44.816421],[3.814459,44.814967],[3.814727,44.814495],[3.814716,44.814145],[3.816304,44.81308],[3.816551,44.812479],[3.817559,44.811824],[3.817227,44.811428],[3.822484,44.809031],[3.823299,44.809],[3.823471,44.807896],[3.823439,44.807402],[3.823793,44.806869],[3.824796,44.806842],[3.825469,44.806715],[3.825992,44.80677],[3.82654,44.80731],[3.827645,44.807508],[3.827934,44.80731],[3.827527,44.80658],[3.827419,44.80621],[3.827462,44.805735],[3.827688,44.805419],[3.827832,44.804713],[3.828267,44.804227],[3.828667,44.804124],[3.829565,44.803268],[3.83023,44.803276],[3.830187,44.803984],[3.830423,44.805118],[3.83082,44.806081],[3.830895,44.806633],[3.832462,44.806439],[3.833792,44.805963],[3.835294,44.80497],[3.83714,44.803923],[3.83818,44.803668],[3.840948,44.802446],[3.842086,44.802096],[3.843073,44.801959],[3.844247,44.80143],[3.845766,44.800946],[3.846345,44.800901],[3.846881,44.800672],[3.848137,44.800665],[3.849971,44.800809],[3.85054,44.800672],[3.850765,44.800748],[3.852997,44.799119],[3.854424,44.79762],[3.855186,44.797087],[3.855507,44.796489],[3.856763,44.794947],[3.85798,44.794262],[3.858726,44.793668],[3.858694,44.793402],[3.858876,44.792739],[3.858705,44.791978],[3.85879,44.791498],[3.859241,44.790265],[3.859595,44.78977],[3.859595,44.78977],[3.859874,44.789609],[3.860711,44.78958],[3.861017,44.789403],[3.861063,44.789349],[3.861056,44.789292],[3.860514,44.788834],[3.860405,44.788585],[3.860627,44.788347],[3.860784,44.788019],[3.86145,44.787293],[3.861689,44.787142],[3.862016,44.787038],[3.863505,44.786429],[3.864378,44.786016],[3.865586,44.785419],[3.866028,44.785209],[3.866207,44.785045],[3.866849,44.784527],[3.867429,44.78407],[3.868043,44.783726],[3.868665,44.78343],[3.869472,44.783062],[3.869995,44.782775],[3.87087,44.782403],[3.871202,44.782413],[3.87181,44.782677],[3.872563,44.783062],[3.873781,44.78352],[3.873995,44.783801],[3.874528,44.784231],[3.87489,44.78456],[3.875094,44.784932],[3.875194,44.784904],[3.875302,44.784661],[3.875367,44.784069],[3.875493,44.783734],[3.876085,44.782996],[3.876418,44.78256],[3.876824,44.781459],[3.876902,44.781083],[3.8774,44.780608],[3.877726,44.780133],[3.878422,44.779879],[3.878635,44.779592],[3.8786,44.779018],[3.878879,44.77881],[3.880099,44.778208],[3.880666,44.777742],[3.881124,44.777432],[3.88143,44.777247],[3.883025,44.776583],[3.883253,44.776409],[3.883258,44.776196],[3.883011,44.776103],[3.882129,44.775694],[3.881645,44.775059],[3.882847,44.77375],[3.882827,44.773128],[3.882989,44.772824],[3.883118,44.772841],[3.883639,44.771732],[3.883861,44.771647],[3.88388,44.771557],[3.88388,44.771557],[3.88308,44.770206],[3.883123,44.770053],[3.882898,44.769867],[3.881589,44.769398],[3.882013,44.768724],[3.882166,44.768158],[3.882147,44.767943],[3.883209,44.766903],[3.883209,44.766903],[3.883182,44.766418],[3.88275,44.765817],[3.881993,44.764585],[3.881614,44.763548],[3.880447,44.762188],[3.87996,44.76174],[3.879254,44.761491],[3.878213,44.761121],[3.876586,44.760219],[3.874938,44.759821],[3.874655,44.759601],[3.87412,44.758948],[3.873563,44.75834],[3.872235,44.756578],[3.870845,44.755538],[3.870171,44.755112],[3.869547,44.75499],[3.868731,44.754519],[3.868142,44.754079],[3.867487,44.75337],[3.866942,44.752899],[3.866367,44.752488],[3.865637,44.752009],[3.864629,44.75148],[3.863761,44.751134],[3.863197,44.750673],[3.862222,44.749852],[3.86192,44.749366],[3.861742,44.748813],[3.861227,44.747799],[3.860687,44.747262],[3.859443,44.74577],[3.859362,44.745439],[3.859602,44.745119],[3.860097,44.744515],[3.860034,44.743901],[3.859597,44.742606],[3.859167,44.742098],[3.858662,44.741851],[3.857824,44.741786],[3.857261,44.741397],[3.856941,44.74076],[3.856513,44.740336],[3.856815,44.739608],[3.857455,44.738953],[3.85692,44.736998],[3.857637,44.736785],[3.857428,44.736529],[3.857854,44.735965],[3.858239,44.735827],[3.858388,44.73556],[3.858452,44.735332],[3.858262,44.735113],[3.858262,44.735113],[3.857289,44.734628],[3.857289,44.734628],[3.857085,44.734382],[3.855153,44.735479],[3.854756,44.73493],[3.854188,44.734397],[3.854649,44.733658],[3.855861,44.73288],[3.855738,44.731973],[3.855894,44.731295],[3.856301,44.731028],[3.856162,44.730274],[3.855829,44.729641],[3.855753,44.729136],[3.855824,44.728436],[3.855595,44.727806],[3.85546,44.727377],[3.85514,44.727346],[3.854609,44.726865],[3.854713,44.726596],[3.855177,44.726134],[3.855661,44.726264],[3.856322,44.725671],[3.856427,44.725454],[3.85654,44.725346],[3.856388,44.725159],[3.856562,44.724884],[3.856392,44.72479],[3.856105,44.724438],[3.85601,44.724399],[3.856275,44.723017],[3.855764,44.722593],[3.855507,44.722229],[3.855502,44.721879],[3.855634,44.721335],[3.85587,44.720756],[3.855874,44.720652],[3.855782,44.719922],[3.855831,44.719724],[3.856129,44.718851],[3.855986,44.717238],[3.856009,44.716497],[3.856171,44.715984],[3.856453,44.714424],[3.856595,44.713412],[3.856659,44.712148],[3.856517,44.711617],[3.856375,44.710258],[3.856482,44.709497],[3.8567,44.708766],[3.85687,44.707952],[3.85691,44.707002],[3.856822,44.706593],[3.856563,44.70629],[3.856432,44.705927],[3.856684,44.705035],[3.856765,44.704465],[3.856814,44.703484],[3.857123,44.702639],[3.8575,44.701701],[3.857793,44.700762],[3.858165,44.699196],[3.857679,44.698787],[3.857133,44.698501],[3.855847,44.697548],[3.855175,44.697341],[3.854331,44.696992],[3.853874,44.696732],[3.853297,44.6963],[3.852694,44.696619],[3.85205,44.696927],[3.851511,44.697559],[3.851164,44.697989],[3.850299,44.698142],[3.849868,44.698274],[3.847657,44.698759],[3.847047,44.6988],[3.846454,44.698755],[3.845814,44.69863],[3.845372,44.698752],[3.84455,44.698994],[3.843753,44.699261],[3.843374,44.699414],[3.842945,44.699453],[3.842478,44.699376],[3.841973,44.699387],[3.841973,44.699387],[3.841649,44.699543],[3.841256,44.699556],[3.841256,44.699556],[3.840808,44.699344],[3.840646,44.699089],[3.840517,44.698511],[3.840414,44.698409],[3.839916,44.698084],[3.838895,44.697398],[3.837853,44.697151],[3.837485,44.696591],[3.837116,44.696495],[3.836558,44.696837],[3.836119,44.696366],[3.835456,44.696123],[3.834455,44.695803],[3.834279,44.696506],[3.834315,44.696915],[3.834366,44.697307],[3.834658,44.697643],[3.834715,44.697801],[3.834135,44.697694],[3.833194,44.69745],[3.832314,44.697177],[3.831304,44.696591],[3.830179,44.696105],[3.829328,44.696131],[3.828791,44.696008],[3.828228,44.695941],[3.827291,44.695844],[3.826036,44.695899],[3.825697,44.695762],[3.825373,44.695095],[3.825117,44.694606],[3.824649,44.693998],[3.824191,44.693629],[3.823529,44.693209],[3.823075,44.692981],[3.822627,44.692722],[3.822388,44.690805],[3.8251,44.68907],[3.825839,44.688036],[3.826406,44.686547],[3.826308,44.68539],[3.825839,44.685215],[3.825322,44.685197],[3.824927,44.684531],[3.823991,44.683936],[3.823103,44.683585],[3.822462,44.68348],[3.821526,44.68206],[3.819258,44.681938],[3.818617,44.682095],[3.818691,44.681359],[3.818628,44.681286],[3.818208,44.681091],[3.816241,44.680423],[3.815814,44.68039],[3.815127,44.680156],[3.813522,44.680151],[3.812707,44.679913],[3.812118,44.679842],[3.811241,44.679589],[3.810838,44.679363],[3.810103,44.679238],[3.809741,44.679532],[3.809271,44.679749],[3.808679,44.679219],[3.80813,44.678613],[3.807962,44.678511],[3.807448,44.678285],[3.806866,44.678142],[3.806156,44.678083],[3.805548,44.677894],[3.804788,44.677467],[3.804485,44.677213],[3.804246,44.676707],[3.803964,44.676685],[3.803737,44.676473],[3.803399,44.67623],[3.802696,44.675881],[3.801894,44.675587],[3.801427,44.675191],[3.800975,44.674824],[3.800464,44.674702],[3.79998,44.67445],[3.799488,44.67408],[3.799204,44.673399],[3.798793,44.672411],[3.798179,44.671465],[3.797613,44.670751],[3.796824,44.669987],[3.796002,44.669316],[3.795124,44.668797],[3.794183,44.668185],[3.793722,44.667825],[3.792877,44.666814],[3.792287,44.66645],[3.79203,44.666208],[3.791046,44.665797],[3.790488,44.665369],[3.789788,44.664979],[3.789259,44.664647],[3.788651,44.664128],[3.788038,44.663395],[3.786978,44.663003],[3.786157,44.662574],[3.78452,44.661637],[3.783875,44.660932],[3.783247,44.660709],[3.782556,44.660702],[3.781955,44.660463],[3.781443,44.660277],[3.780548,44.659828],[3.779328,44.659448],[3.779673,44.658712],[3.780116,44.658231],[3.780679,44.657758],[3.781359,44.657178],[3.783337,44.656203],[3.784075,44.656037],[3.784936,44.655994],[3.787263,44.655735],[3.789275,44.655375],[3.792019,44.655077],[3.792752,44.655219],[3.794299,44.654946],[3.795067,44.65488],[3.795546,44.654891],[3.798455,44.656327],[3.798085,44.654889],[3.798381,44.654223],[3.798915,44.65366],[3.799156,44.653226],[3.799477,44.653024],[3.799834,44.652965],[3.800138,44.652738],[3.800771,44.652348],[3.80159,44.652341],[3.80202,44.65227],[3.802342,44.651938],[3.802786,44.651126],[3.803055,44.650569],[3.803212,44.649808],[3.803283,44.649083],[3.803344,44.648266],[3.803344,44.648266],[3.803399,44.648088],[3.803245,44.6478],[3.803278,44.647303],[3.803268,44.647055],[3.803392,44.646738],[3.803229,44.646232],[3.803709,44.645831],[3.803991,44.645762],[3.804308,44.645833],[3.804593,44.645642],[3.805175,44.645235],[3.805685,44.645017],[3.806029,44.645032],[3.806126,44.644925],[3.806662,44.644864],[3.807448,44.644907],[3.80792,44.644518],[3.808687,44.644287],[3.809002,44.644082],[3.809653,44.643336],[3.809664,44.642768],[3.809897,44.642172],[3.810111,44.641751],[3.810311,44.640938],[3.810651,44.640364],[3.810711,44.639655],[3.810762,44.638822],[3.810951,44.638325],[3.811278,44.638155],[3.81156,44.637925],[3.81207,44.637758],[3.812669,44.637619],[3.813412,44.637042],[3.814062,44.636776],[3.814914,44.636537],[3.815498,44.636592],[3.815717,44.636803],[3.815868,44.636185],[3.816052,44.6358],[3.816372,44.635301],[3.816586,44.634282],[3.816476,44.633401],[3.816448,44.632635],[3.816152,44.632582],[3.815955,44.631618],[3.815512,44.631354],[3.814821,44.630267],[3.813786,44.629793],[3.813022,44.628934],[3.812726,44.627829],[3.811371,44.62539],[3.810631,44.624548],[3.808881,44.624689],[3.807846,44.624531],[3.807106,44.623952],[3.806687,44.623443],[3.805135,44.622303],[3.805184,44.620461],[3.804888,44.619776],[3.804888,44.619127],[3.804518,44.618864],[3.804025,44.618039],[3.803187,44.61711],[3.802867,44.616302],[3.802275,44.615881],[3.80124,44.615864],[3.800943,44.615702],[3.800878,44.615666],[3.800392,44.615407],[3.800255,44.615246],[3.800029,44.614499],[3.79975,44.613256],[3.800158,44.610717],[3.800188,44.608667],[3.799805,44.607259],[3.799151,44.606158],[3.798675,44.605394],[3.798606,44.604932],[3.798228,44.604295],[3.79818,44.603256],[3.798673,44.602599],[3.799295,44.602309],[3.799767,44.6013],[3.799789,44.601041],[3.801119,44.599513],[3.801527,44.599268],[3.802042,44.598275],[3.802321,44.597114],[3.801806,44.596243],[3.801892,44.595647],[3.801312,44.595494],[3.798995,44.594303],[3.798587,44.593309],[3.798437,44.592515],[3.797708,44.591124],[3.797965,44.589963],[3.797536,44.589673],[3.79554,44.589413],[3.793867,44.590009],[3.792472,44.591537],[3.791957,44.590849],[3.791013,44.590207],[3.790927,44.589535],[3.790584,44.589306],[3.790841,44.589015],[3.792472,44.588847],[3.793437,44.589015],[3.79494,44.588985],[3.796184,44.589291],[3.797665,44.589336],[3.799746,44.590421],[3.800282,44.590895],[3.803072,44.59172],[3.804295,44.59305],[3.805261,44.59363],[3.80687,44.59389],[3.809659,44.593875],[3.810561,44.594104],[3.813286,44.594486],[3.814466,44.594364],[3.815475,44.594562],[3.818521,44.595479],[3.819594,44.596106],[3.821075,44.596595],[3.823607,44.597114],[3.82807,44.596579],[3.828607,44.596365],[3.830709,44.597374],[3.833585,44.597695],[3.835752,44.598153],[3.837082,44.598107],[3.838499,44.597817],[3.839121,44.597649],[3.840365,44.597725],[3.841567,44.598046],[3.842726,44.598596],[3.843262,44.59852],[3.844593,44.597572],[3.846331,44.596747],[3.846653,44.595937],[3.846974,44.59554],[3.849421,44.594639],[3.850429,44.594516],[3.852081,44.595021],[3.853133,44.59499],[3.854206,44.594746],[3.853455,44.593905],[3.852038,44.593111],[3.851223,44.592973],[3.850687,44.591384],[3.850322,44.589902],[3.849914,44.589107],[3.850901,44.588496],[3.851438,44.587869],[3.852038,44.587594],[3.853991,44.586173],[3.854249,44.585669],[3.85412,44.584813],[3.853219,44.583804],[3.852253,44.583422],[3.852274,44.582994],[3.853025,44.582948],[3.853712,44.58275],[3.856351,44.583606],[3.857167,44.583545],[3.85854,44.584141],[3.859742,44.5844],[3.86163,44.585287],[3.862252,44.585378],[3.863389,44.585317],[3.864291,44.585409],[3.866501,44.584828],[3.868217,44.585287],[3.869441,44.585791],[3.871543,44.586234],[3.873174,44.586326],[3.874526,44.586234],[3.876758,44.58576],[3.878367,44.585485],[3.879375,44.584477],[3.879912,44.583376],[3.88077,44.583575],[3.882251,44.585134],[3.883345,44.585348],[3.884461,44.585424],[3.885083,44.586311],[3.884826,44.586861],[3.885298,44.587136],[3.886199,44.587824],[3.886135,44.588221],[3.885856,44.588924],[3.885534,44.589336],[3.886285,44.589703],[3.887744,44.589856],[3.888495,44.589902],[3.88931,44.59036],[3.889761,44.591201],[3.890319,44.591735],[3.891714,44.592545],[3.893023,44.592545],[3.894718,44.592698],[3.897057,44.593707],[3.897936,44.592897],[3.89858,44.592102],[3.898602,44.591231],[3.899117,44.590024],[3.899717,44.589459],[3.900082,44.589566],[3.902335,44.592744],[3.90285,44.593493],[3.902421,44.594089],[3.903043,44.593936],[3.903751,44.593951],[3.903966,44.594547],[3.904309,44.594501],[3.904395,44.593722],[3.904631,44.593248],[3.904459,44.592072]]],"type":"MultiLineString"},"properties":{"geo_point":{"lon":3.7947498519884393,"lat":44.751690826241166},"name":"GR470 De Pont d´Alleyras (Haute-Loire) à La Bastide-Puylaurent (Lozère) (2019)","code_gr":"GR470"}}]}