{"type":"FeatureCollection","features":[{"type":"Feature","geometry":{"coordinates":[[[0.682032,46.23156],[0.681453,46.232098],[0.680873,46.232349],[0.680315,46.233192],[0.679822,46.234447],[0.681324,46.235161],[0.681978,46.235813],[0.681667,46.236176],[0.682236,46.23769],[0.683545,46.23922],[0.685315,46.240593],[0.686313,46.241756],[0.687826,46.243107],[0.689102,46.243896],[0.690867,46.244833],[0.692997,46.246586],[0.693942,46.247315],[0.694456,46.248532],[0.694735,46.25003],[0.694241,46.251768],[0.694027,46.253154],[0.696591,46.258953],[0.696859,46.259045],[0.697235,46.260021],[0.6976,46.260334],[0.697975,46.260937],[0.698748,46.261692],[0.700196,46.262581],[0.700926,46.262767],[0.701301,46.262314],[0.701827,46.262424],[0.702438,46.263012],[0.702685,46.263065],[0.702996,46.263348],[0.703028,46.263916],[0.70335,46.264488],[0.70438,46.265266],[0.705346,46.265713],[0.704402,46.267506],[0.705292,46.272935],[0.705673,46.275152],[0.705625,46.275974],[0.706075,46.276004],[0.706826,46.276623],[0.707256,46.277275],[0.708532,46.278385],[0.708629,46.278938],[0.709048,46.279284],[0.709337,46.27978],[0.709788,46.280277],[0.709573,46.280789],[0.710045,46.281241],[0.710624,46.28167],[0.710903,46.282509],[0.711375,46.283241],[0.711569,46.283829],[0.711815,46.284348],[0.711579,46.284777],[0.711172,46.285074],[0.711279,46.285503],[0.710624,46.28598],[0.709788,46.285698],[0.709594,46.285173],[0.708747,46.284987],[0.707481,46.286098],[0.706312,46.28643],[0.705099,46.286289],[0.704359,46.288568],[0.703393,46.287884],[0.699702,46.290782],[0.699166,46.291593],[0.699048,46.296559],[0.697846,46.298248],[0.697653,46.298965],[0.697396,46.301125],[0.697503,46.301746],[0.701054,46.303349],[0.701526,46.303783],[0.703307,46.303783],[0.703061,46.305262],[0.702792,46.305764],[0.702567,46.306896],[0.701773,46.307595],[0.699778,46.30875],[0.698994,46.309002],[0.698254,46.309017],[0.696773,46.31122],[0.69643,46.311405],[0.695357,46.313597],[0.694456,46.31416],[0.693169,46.315243],[0.691516,46.316074],[0.691087,46.316605],[0.690755,46.317318],[0.690046,46.317734],[0.689843,46.318333],[0.690068,46.319309],[0.68996,46.320113],[0.690454,46.320684],[0.69024,46.321726],[0.690476,46.322712],[0.690743,46.323326],[0.690862,46.324432],[0.691517,46.325543],[0.691924,46.325942],[0.692772,46.327919],[0.692632,46.328964],[0.692718,46.330639],[0.693716,46.33292],[0.69363,46.333424],[0.693008,46.334507],[0.691549,46.335239],[0.688727,46.335938],[0.691226,46.340721],[0.692697,46.343196],[0.693287,46.344505],[0.69658,46.350681],[0.697085,46.352356],[0.697009,46.355516],[0.696977,46.36379],[0.698018,46.367363],[0.699434,46.373428],[0.699917,46.3751],[0.701226,46.377276],[0.703039,46.380851],[0.704777,46.38382],[0.705142,46.385803],[0.707213,46.392272],[0.707685,46.393959],[0.708071,46.398472],[0.708017,46.402083],[0.708425,46.402912],[0.70967,46.404373],[0.709498,46.404457],[0.709476,46.405159],[0.709637,46.405331],[0.71071,46.405354],[0.711858,46.405739],[0.713253,46.406113],[0.715474,46.406586],[0.716815,46.406307],[0.717566,46.405701],[0.719733,46.405342],[0.721772,46.40519],[0.721697,46.405523],[0.72138,46.406],[0.722308,46.405945],[0.723338,46.406151],[0.723821,46.406277],[0.724808,46.406094],[0.725495,46.405575],[0.725784,46.405398],[0.726256,46.405041],[0.726879,46.40539],[0.727448,46.40533],[0.728262,46.404828],[0.728349,46.404433],[0.729083,46.404245],[0.730451,46.404606],[0.731095,46.403436],[0.732994,46.402999],[0.735311,46.402867],[0.735279,46.402252],[0.736159,46.402416],[0.736771,46.40234],[0.737275,46.402889],[0.741583,46.403076],[0.74559,46.40353],[0.745568,46.403797],[0.745429,46.404018],[0.745987,46.40416],[0.747596,46.403992],[0.749785,46.404228],[0.751169,46.404525],[0.752424,46.404881],[0.753239,46.405212],[0.753368,46.403774],[0.753593,46.403275],[0.753368,46.401337],[0.75281,46.401211],[0.752671,46.399353],[0.752038,46.398384],[0.75104,46.397324],[0.755149,46.394833],[0.755707,46.395054],[0.756415,46.395103],[0.758325,46.395897],[0.759012,46.395874],[0.759752,46.395985],[0.76179,46.395756],[0.762691,46.395809],[0.764161,46.395622],[0.76502,46.395607],[0.765481,46.395699],[0.769268,46.394625],[0.771071,46.394432],[0.771639,46.394077],[0.774418,46.394062],[0.776575,46.394779],[0.777626,46.394711],[0.778098,46.394455],[0.778399,46.393307],[0.783913,46.393456],[0.784793,46.393864],[0.786499,46.393112],[0.78607,46.392639],[0.78622,46.392353],[0.787894,46.3915],[0.789406,46.39085],[0.789739,46.390537],[0.790565,46.390213],[0.792067,46.389828],[0.792625,46.389301],[0.792807,46.388542],[0.792314,46.387348],[0.793194,46.386803],[0.793515,46.386269],[0.795071,46.386868],[0.796525,46.386424],[0.797807,46.385773],[0.799202,46.385713],[0.799609,46.385631],[0.800693,46.385891],[0.802345,46.385811],[0.803955,46.385551],[0.805639,46.38501],[0.80948,46.384338],[0.811529,46.383781],[0.813342,46.383732],[0.81507,46.383293],[0.816025,46.383018],[0.817312,46.383263],[0.817913,46.383991],[0.818471,46.384239],[0.819007,46.384743],[0.820777,46.387646],[0.822891,46.390511],[0.827311,46.395164],[0.829993,46.39703],[0.833931,46.399368],[0.835701,46.401451],[0.835733,46.403324],[0.83613,46.403946],[0.838341,46.405109],[0.840057,46.407001],[0.84069,46.408718],[0.840808,46.409374],[0.839135,46.40968],[0.838223,46.410092],[0.836474,46.411345],[0.836431,46.412476],[0.838394,46.412678],[0.839564,46.412933],[0.841591,46.414051],[0.843008,46.414791],[0.845625,46.415388],[0.848533,46.415989],[0.851719,46.416374],[0.856687,46.418147],[0.857749,46.418769],[0.859562,46.419532],[0.859755,46.419829],[0.860228,46.41987],[0.860786,46.42066],[0.862159,46.420887],[0.863328,46.420879],[0.863457,46.421314],[0.863553,46.422897],[0.86454,46.423702],[0.864551,46.423725],[0.864927,46.42474],[0.864937,46.425167],[0.865495,46.425434],[0.865839,46.425884],[0.866332,46.425995],[0.866714,46.425927],[0.866905,46.4263],[0.867219,46.426696],[0.867882,46.427994],[0.867969,46.428594],[0.868265,46.429267],[0.868509,46.429772],[0.868648,46.430384],[0.868422,46.430721],[0.866696,46.431069],[0.86633,46.431057],[0.866383,46.431874],[0.866644,46.433688],[0.866539,46.43436],[0.866243,46.434637],[0.864762,46.434685],[0.862967,46.434444],[0.863176,46.434925],[0.863054,46.436679],[0.865354,46.436558],[0.865441,46.439741],[0.865633,46.440858],[0.865598,46.441255],[0.86457,46.442588],[0.863437,46.443344],[0.864169,46.444377],[0.864134,46.444726],[0.863385,46.445638],[0.862827,46.446119],[0.862182,46.446155],[0.861607,46.446119],[0.860579,46.445915],[0.859934,46.445878],[0.859829,46.446287],[0.85955,46.446671],[0.860492,46.446947],[0.860526,46.447163],[0.860858,46.447356],[0.860666,46.448064],[0.860788,46.44834],[0.860701,46.448605],[0.86037,46.449037],[0.860038,46.449721],[0.860126,46.450154],[0.860004,46.450754],[0.860265,46.451174],[0.860265,46.451703],[0.860091,46.452159],[0.85908,46.453444],[0.85854,46.454368],[0.858348,46.454837],[0.857842,46.455485],[0.857703,46.455809],[0.857354,46.456854],[0.85718,46.457022],[0.856657,46.45785],[0.855995,46.458715],[0.856134,46.459159],[0.855995,46.459339],[0.855489,46.461428],[0.855943,46.462353],[0.85596,46.462845],[0.855838,46.463817],[0.854269,46.465594],[0.852527,46.465546],[0.852265,46.465726],[0.851934,46.466687],[0.851516,46.467287],[0.85155,46.467395],[0.851411,46.467959],[0.85094,46.468703],[0.850348,46.469268],[0.846758,46.471884],[0.845956,46.472629],[0.844387,46.473625],[0.842296,46.474765],[0.841738,46.475629],[0.840518,46.47647],[0.83888,46.47749],[0.837642,46.477646],[0.836492,46.478102],[0.836196,46.47827],[0.835533,46.478018],[0.835289,46.478234],[0.834923,46.47881],[0.834348,46.47941],[0.833877,46.479338],[0.833267,46.47971],[0.831246,46.479626],[0.830723,46.479818],[0.830287,46.479518],[0.82966,46.479638],[0.827847,46.479506],[0.826575,46.47953],[0.826209,46.479326],[0.823228,46.479446],[0.823437,46.480922],[0.82274,46.481474],[0.822897,46.482591],[0.823315,46.483203],[0.82396,46.483875],[0.823995,46.484355],[0.823803,46.484991],[0.824135,46.485543],[0.823908,46.486191],[0.823664,46.486407],[0.824692,46.487079],[0.825651,46.487583],[0.825651,46.488351],[0.825424,46.488663],[0.825442,46.488975],[0.825843,46.489155],[0.826505,46.489191],[0.827098,46.489587],[0.826976,46.490007],[0.826261,46.491207],[0.827324,46.491531],[0.828753,46.491063],[0.831751,46.490283],[0.832431,46.490427],[0.835777,46.490799],[0.838444,46.490631],[0.838514,46.491903],[0.839002,46.492143],[0.839542,46.492299],[0.839716,46.492827],[0.838984,46.494398],[0.836753,46.495742],[0.834801,46.496858],[0.833389,46.497914],[0.832762,46.498538],[0.831594,46.499834],[0.831385,46.500289],[0.831263,46.501105],[0.831071,46.501717],[0.831002,46.502869],[0.831124,46.504272],[0.831403,46.504656],[0.831612,46.505736],[0.831455,46.506204],[0.83196,46.506972],[0.832623,46.507535],[0.834191,46.508363],[0.836962,46.508819],[0.839664,46.509898],[0.841703,46.51003],[0.841738,46.510402],[0.84193,46.510642],[0.841529,46.510798],[0.841982,46.511686],[0.842418,46.512213],[0.842853,46.512561],[0.842592,46.512765],[0.843376,46.513629],[0.843986,46.514516],[0.844474,46.51556],[0.845224,46.516052],[0.845276,46.516315],[0.845607,46.516927],[0.846217,46.517359],[0.846792,46.518282],[0.847786,46.520105],[0.850104,46.522228],[0.852927,46.525814],[0.854531,46.52784],[0.856204,46.53073],[0.8565,46.53109],[0.856448,46.531438],[0.856849,46.532289],[0.857354,46.534747],[0.857895,46.535418],[0.85784,46.535469],[0.85403,46.536072],[0.85365,46.535091],[0.85353,46.53458],[0.85313,46.53392],[0.85309,46.533581],[0.85238,46.533539],[0.85194,46.532509],[0.8514,46.532318],[0.85104,46.532341],[0.85017,46.532059],[0.84984,46.53146],[0.84835,46.531349],[0.847256,46.531588],[0.846119,46.531704],[0.844853,46.531639],[0.843308,46.531662],[0.842171,46.531876],[0.843093,46.532604],[0.844327,46.533787],[0.841066,46.534134],[0.838716,46.534068],[0.835155,46.535091],[0.835771,46.535738],[0.836195,46.53702],[0.837375,46.540083],[0.838126,46.539963],[0.839574,46.539883],[0.839746,46.540173],[0.840454,46.540516],[0.841184,46.540768],[0.842224,46.541985],[0.84304,46.542442],[0.843748,46.543427],[0.844381,46.544105],[0.844756,46.544724],[0.846065,46.544518],[0.84672,46.545795],[0.846591,46.546356],[0.846763,46.54677],[0.847374,46.547093],[0.848576,46.54808],[0.849756,46.548885],[0.850389,46.550053],[0.854058,46.549858],[0.854198,46.552235],[0.855324,46.554436],[0.857792,46.558372],[0.859004,46.559139],[0.860345,46.558578],[0.86144,46.559437],[0.861794,46.559856],[0.862877,46.560188],[0.863221,46.56134],[0.864079,46.561287],[0.864133,46.560947],[0.864905,46.560852],[0.865624,46.563648],[0.866547,46.564255],[0.867029,46.565125],[0.866557,46.565388],[0.866976,46.565876],[0.867866,46.56609],[0.868843,46.565292],[0.869379,46.565125],[0.870978,46.565102],[0.871128,46.566074],[0.872598,46.565582],[0.873488,46.565582],[0.874701,46.565907],[0.875527,46.565948],[0.876095,46.56786],[0.876567,46.568577],[0.876267,46.56876],[0.876439,46.569202],[0.87661,46.570419],[0.87705,46.570766],[0.877501,46.571888],[0.878209,46.57222],[0.879303,46.572323],[0.88176,46.572956],[0.882146,46.5737],[0.882565,46.574242],[0.882736,46.574844],[0.882736,46.574844],[0.882474,46.575693],[0.88256,46.576504],[0.888911,46.579174],[0.890263,46.579218],[0.891078,46.57941],[0.892795,46.579483],[0.893868,46.579601],[0.894662,46.579675],[0.895821,46.580191],[0.895649,46.580752],[0.896529,46.581224],[0.897945,46.581578],[0.900756,46.583097],[0.901657,46.583229],[0.901957,46.583126],[0.904511,46.583746],[0.906013,46.584424],[0.906678,46.584866],[0.908496,46.58556],[0.908496,46.58556],[0.910025,46.586533],[0.910562,46.586725],[0.911806,46.587978],[0.913566,46.589276],[0.913802,46.589689],[0.915154,46.590382],[0.915841,46.59109],[0.917793,46.591561],[0.918609,46.591561],[0.918614,46.593418],[0.919129,46.593987],[0.919794,46.594303],[0.920244,46.594673],[0.921189,46.594997],[0.924536,46.597946],[0.926832,46.598652],[0.92842,46.599804],[0.928012,46.600296],[0.927401,46.60144],[0.926446,46.602303],[0.92445,46.603783],[0.923463,46.604771],[0.922723,46.606026],[0.922648,46.606613],[0.917434,46.611074],[0.916651,46.612158],[0.916757,46.613107],[0.916543,46.61372],[0.916125,46.617336],[0.916275,46.618031],[0.915706,46.62114],[0.915363,46.622002],[0.914708,46.622814],[0.914398,46.62391],[0.913871,46.624302],[0.912455,46.625774],[0.911168,46.626152],[0.908936,46.627682],[0.908775,46.628582],[0.907316,46.629864],[0.906866,46.631222],[0.907831,46.633262],[0.907005,46.633923],[0.908657,46.636589],[0.909376,46.638329],[0.908475,46.641098],[0.908529,46.641659],[0.908722,46.642979],[0.907402,46.645615],[0.906608,46.647831],[0.906372,46.648663],[0.905846,46.649605],[0.905492,46.650112],[0.90575,46.650608],[0.90634,46.65099],[0.90766,46.652645],[0.910589,46.654083],[0.911007,46.655159],[0.912037,46.655506],[0.912766,46.655865],[0.906018,46.663628],[0.906383,46.66613],[0.908657,46.668472],[0.909097,46.669121],[0.909505,46.669384],[0.910825,46.671497],[0.911286,46.673706],[0.910245,46.674633],[0.909719,46.675411],[0.908453,46.67514],[0.907037,46.674641],[0.906072,46.673706],[0.904033,46.674671],[0.901877,46.674576],[0.900986,46.674721],[0.900439,46.6745],[0.899817,46.673515],[0.899795,46.672985],[0.899452,46.672283],[0.898894,46.671844],[0.898358,46.672138],[0.898293,46.672779],[0.897059,46.673519],[0.896341,46.674854],[0.895654,46.674789],[0.894796,46.675243],[0.893873,46.675529],[0.892435,46.676384],[0.891256,46.677245],[0.890236,46.677976],[0.889184,46.678253],[0.888884,46.67849],[0.887243,46.677944],[0.886792,46.678337],[0.885483,46.678482],[0.885526,46.679485],[0.883498,46.681751],[0.882855,46.682236],[0.882307,46.6831],[0.88235,46.684715],[0.882028,46.685173],[0.880912,46.685211],[0.880483,46.685757],[0.880698,46.687042],[0.88087,46.687256],[0.88044,46.687874],[0.880795,46.688396],[0.880398,46.689194],[0.880526,46.689709],[0.880473,46.690018],[0.881149,46.69067],[0.881009,46.691591],[0.881749,46.692039],[0.881696,46.693653],[0.882071,46.694084]]],"type":"MultiLineString"},"properties":{"geo_point":{"lon":0.8120184224522861,"lat":46.46312297199056},"name":"GR48 De L'Isle-Jourdain (Gers) à Angles-sur-l'Anglin (Vienne) (2019)","code_gr":"GR48"}},{"type":"Feature","geometry":{"coordinates":[[[0.995916,45.789561],[0.995509,45.789346],[0.994924,45.789289],[0.994648,45.78947],[0.994192,45.789924],[0.992875,45.790287],[0.991932,45.790876],[0.99107,45.791375],[0.99094,45.791942],[0.990875,45.793518],[0.992078,45.793042],[0.992273,45.792906],[0.992631,45.792861],[0.993363,45.793552],[0.993753,45.794777],[0.994111,45.795401],[0.994517,45.795865],[0.994566,45.79633],[0.994274,45.797283],[0.99442,45.797929],[0.991818,45.797736],[0.989021,45.798428],[0.986761,45.799289],[0.984809,45.80023],[0.985313,45.80082],[0.984289,45.800559],[0.982955,45.800956],[0.982012,45.801523],[0.982451,45.801591],[0.984272,45.804085],[0.984338,45.80447],[0.984338,45.805309],[0.984793,45.806772],[0.982939,45.80735],[0.98289,45.807746],[0.98141,45.808642],[0.980435,45.808676],[0.979735,45.808744],[0.977995,45.808721],[0.976629,45.809039],[0.975231,45.809084],[0.97445,45.809379],[0.974027,45.809662],[0.973572,45.810365],[0.972629,45.810365],[0.971686,45.81058],[0.97097,45.810592],[0.970369,45.810694],[0.969588,45.810388],[0.969051,45.81066],[0.968742,45.810512],[0.965523,45.810467],[0.964531,45.810138],[0.963587,45.810014],[0.9557,45.807565],[0.955212,45.807939],[0.955489,45.808177],[0.955456,45.808506],[0.955229,45.808948],[0.956578,45.812723],[0.951261,45.811918],[0.949992,45.811544],[0.948139,45.811498],[0.945098,45.809243],[0.944528,45.808506],[0.94378,45.807803],[0.943293,45.807055],[0.942821,45.807429],[0.942414,45.80786],[0.941065,45.806692],[0.939894,45.806012],[0.939764,45.805457],[0.939601,45.805389],[0.939211,45.805536],[0.938739,45.805321],[0.937991,45.805411],[0.938089,45.805842],[0.937829,45.806284],[0.936755,45.806647],[0.936235,45.806466],[0.935845,45.806023],[0.935438,45.805933],[0.935179,45.806016],[0.934975,45.806285],[0.93456,45.806171],[0.935227,45.805389],[0.935828,45.805423],[0.936544,45.805604],[0.936511,45.805343],[0.935845,45.804686],[0.934105,45.804119],[0.933633,45.804652],[0.933178,45.804822],[0.932787,45.805139],[0.93256,45.80506],[0.931877,45.805026],[0.931893,45.804482],[0.931698,45.804425],[0.930934,45.804527],[0.930169,45.804901],[0.929828,45.805434],[0.929275,45.805899],[0.927958,45.805831],[0.927047,45.805649],[0.924673,45.805967],[0.924543,45.80608],[0.924234,45.806057],[0.923795,45.805366],[0.92329,45.80523],[0.922851,45.805219],[0.921827,45.805638],[0.921339,45.806227],[0.92103,45.806273],[0.918786,45.806069],[0.917631,45.806148],[0.915973,45.805729],[0.913485,45.80557],[0.913062,45.804425],[0.912834,45.803677],[0.912541,45.803087],[0.910931,45.803552],[0.908866,45.804482],[0.90615,45.804142],[0.906037,45.804266],[0.905679,45.804255],[0.904849,45.804448],[0.9015,45.804187],[0.900914,45.804074],[0.900101,45.804244],[0.892962,45.806398],[0.886945,45.808098],[0.884701,45.808608],[0.884018,45.808948],[0.883189,45.809152],[0.882733,45.809379],[0.882457,45.809696],[0.88179,45.810138],[0.880945,45.810399],[0.880343,45.810705],[0.878066,45.812179],[0.875204,45.814434],[0.874375,45.814808],[0.87109,45.814751],[0.869138,45.814513],[0.86774,45.814502],[0.865447,45.814706],[0.864878,45.81491],[0.864309,45.814853],[0.863983,45.815035],[0.862959,45.815205],[0.862487,45.815159],[0.861788,45.815171],[0.861024,45.815261],[0.860568,45.815125],[0.860568,45.814933],[0.85956,45.814502],[0.857966,45.814763],[0.856779,45.814819],[0.855543,45.814921],[0.854763,45.815182],[0.854291,45.815386],[0.854015,45.815341],[0.853803,45.815568],[0.852389,45.815851],[0.851299,45.815783],[0.848421,45.816395],[0.847575,45.816531],[0.846746,45.81644],[0.846681,45.81669],[0.846925,45.817268],[0.847006,45.817902],[0.847169,45.818265],[0.846177,45.818594],[0.844811,45.818696],[0.844274,45.81907],[0.844176,45.819398],[0.843867,45.819602],[0.843575,45.819387],[0.843152,45.819648],[0.843233,45.819976],[0.843184,45.820407],[0.842469,45.820384],[0.841591,45.820611],[0.840143,45.82009],[0.839005,45.820736],[0.838403,45.820872],[0.838078,45.821064],[0.836826,45.821246],[0.836176,45.821212],[0.835444,45.821404],[0.834452,45.821438],[0.833476,45.821574],[0.831996,45.821518],[0.83089,45.821688],[0.829736,45.821801],[0.829183,45.821699],[0.82741,45.82171],[0.826451,45.822028],[0.826077,45.821948],[0.825866,45.822254],[0.824174,45.821801],[0.823345,45.82179],[0.822483,45.821914],[0.822353,45.822028],[0.821654,45.821892],[0.821019,45.821676],[0.820548,45.821688],[0.819995,45.821722],[0.819361,45.821835],[0.819475,45.822096],[0.819361,45.822232],[0.819784,45.823523],[0.817312,45.823999],[0.816824,45.824294],[0.816027,45.824566],[0.815523,45.825031],[0.814564,45.825722],[0.814694,45.825994],[0.813799,45.826345],[0.813035,45.826787],[0.812758,45.827059],[0.812449,45.827229],[0.811636,45.827932],[0.810498,45.827059],[0.810433,45.828306],[0.810498,45.828691],[0.810352,45.828838],[0.809083,45.828861],[0.808026,45.829019],[0.807034,45.829257],[0.806335,45.829552],[0.805034,45.829677],[0.804091,45.82962],[0.803018,45.829813],[0.802286,45.829994],[0.801473,45.830153],[0.801115,45.830334],[0.800887,45.83064],[0.800302,45.831172],[0.800237,45.83158],[0.799001,45.832668],[0.798497,45.833065],[0.797651,45.833472],[0.796838,45.833688],[0.796269,45.833744],[0.795521,45.833699],[0.794773,45.833892],[0.79435,45.833756],[0.794496,45.834084],[0.79448,45.834787],[0.794334,45.835195],[0.793472,45.835331],[0.793098,45.835172],[0.792594,45.835217],[0.792187,45.835433],[0.792057,45.835784],[0.790951,45.835569],[0.790122,45.835127],[0.788967,45.835308],[0.788317,45.835308],[0.786723,45.835546],[0.784869,45.83541],[0.783845,45.835512],[0.782999,45.835376],[0.781406,45.835557],[0.781487,45.837064],[0.783032,45.839047],[0.782967,45.839273],[0.782641,45.839568],[0.782219,45.839636],[0.781519,45.840248],[0.78165,45.840723],[0.781991,45.841086],[0.782284,45.84112],[0.782398,45.841279],[0.782089,45.841437],[0.781113,45.841505],[0.780056,45.841732],[0.778918,45.841913],[0.776576,45.843034],[0.775128,45.843669],[0.773632,45.844349],[0.772722,45.844552],[0.771372,45.8447],[0.770413,45.844711],[0.771356,45.844145],[0.771827,45.843578],[0.771648,45.842808],[0.771957,45.84206],[0.772055,45.841516],[0.771063,45.840893],[0.769713,45.840508],[0.768786,45.840395],[0.768168,45.840384],[0.767583,45.840248],[0.767372,45.839998],[0.76677,45.839489],[0.766624,45.838763],[0.766672,45.837982],[0.764266,45.837404],[0.763322,45.837495],[0.762688,45.837381],[0.762363,45.837041],[0.761924,45.836917],[0.761485,45.83686],[0.760916,45.836701],[0.759728,45.836577],[0.758932,45.836645],[0.757647,45.837506],[0.756671,45.837902],[0.755809,45.838072],[0.754948,45.838582],[0.754378,45.839307],[0.753191,45.839421],[0.752638,45.839602],[0.751841,45.840044],[0.751158,45.840191],[0.750118,45.840542],[0.749484,45.840893],[0.749028,45.840621],[0.749484,45.840361],[0.749142,45.840214],[0.748264,45.83959],[0.747776,45.838922],[0.748378,45.838673],[0.74963,45.838367],[0.750183,45.838038],[0.750459,45.837132],[0.750833,45.836475],[0.750654,45.835897],[0.750134,45.834979],[0.751207,45.834685],[0.751012,45.834107],[0.750931,45.832929],[0.750996,45.832645],[0.750719,45.831512],[0.751646,45.831286],[0.749435,45.829416],[0.748931,45.829235],[0.746849,45.828951],[0.745548,45.828147],[0.744963,45.827456],[0.744507,45.827059],[0.744215,45.826492],[0.743678,45.826288],[0.742654,45.825541],[0.742458,45.826005],[0.742133,45.826209],[0.741694,45.826651],[0.740263,45.827025],[0.739287,45.827252],[0.738848,45.827524],[0.738182,45.828238],[0.736702,45.828725],[0.734344,45.829359],[0.732815,45.830107],[0.731888,45.830526],[0.731335,45.830753],[0.730587,45.831184],[0.729449,45.83149],[0.728831,45.831716],[0.727563,45.831965],[0.726668,45.832577],[0.726229,45.833144],[0.725432,45.834062],[0.724782,45.834164],[0.724391,45.834175],[0.723237,45.834481],[0.721237,45.834152],[0.720407,45.83422],[0.719025,45.834537],[0.718098,45.834005],[0.717415,45.834039],[0.716537,45.834662],[0.716212,45.834696],[0.715935,45.834118],[0.71574,45.834753],[0.715301,45.834979],[0.714764,45.835081],[0.71439,45.835365],[0.714325,45.835806],[0.714016,45.835467],[0.71361,45.835195],[0.713594,45.835342],[0.713691,45.835546],[0.712959,45.83601],[0.712358,45.836713],[0.712423,45.837064],[0.713057,45.837574],[0.711512,45.838106],[0.710341,45.838299],[0.708617,45.838197],[0.707707,45.838242],[0.70665,45.83771],[0.706406,45.837766],[0.706081,45.838333],[0.705983,45.838809],[0.705625,45.839183],[0.705007,45.839534],[0.704276,45.839103],[0.703316,45.838344],[0.702259,45.837721],[0.7006,45.837053],[0.700584,45.836611],[0.700145,45.835557],[0.699478,45.835093],[0.698974,45.835263],[0.696519,45.834911],[0.696161,45.835614],[0.695738,45.835942],[0.694583,45.836294],[0.693868,45.836679],[0.693413,45.837109],[0.689998,45.838344],[0.687884,45.839013],[0.685314,45.839987],[0.682062,45.840882],[0.678484,45.841641],[0.677037,45.842004],[0.676208,45.842026],[0.675085,45.842139],[0.674289,45.8424],[0.673101,45.842989],[0.671996,45.843216],[0.671004,45.843499],[0.669264,45.844315],[0.667637,45.844926],[0.666548,45.845425],[0.665149,45.845934],[0.663995,45.84615],[0.662369,45.846376],[0.659929,45.846818],[0.658986,45.846841],[0.657571,45.846739],[0.656352,45.846943],[0.653912,45.8476],[0.649554,45.849106],[0.648026,45.849876],[0.645912,45.850885],[0.64396,45.851553],[0.641358,45.852991],[0.640431,45.85332],[0.63996,45.85366],[0.638805,45.854339],[0.638236,45.854996],[0.636707,45.855755],[0.635032,45.8564],[0.633845,45.856525],[0.632805,45.85648],[0.631926,45.856446],[0.630398,45.856706],[0.629146,45.856853],[0.628235,45.857046],[0.627145,45.857114],[0.626706,45.857035],[0.626332,45.857137],[0.625731,45.857363],[0.625113,45.857103],[0.624739,45.856378],[0.623291,45.856819],[0.621844,45.8564],[0.621568,45.857125],[0.621746,45.85751],[0.621584,45.857975],[0.62025,45.858801],[0.618136,45.859572],[0.616266,45.860172],[0.614933,45.860659],[0.614168,45.859606],[0.61412,45.858235],[0.613599,45.856797],[0.611599,45.857171],[0.611111,45.857533],[0.610835,45.857873],[0.608997,45.859073],[0.607729,45.859753],[0.60729,45.85853],[0.605078,45.853897],[0.603907,45.855177],[0.603257,45.855608],[0.6022,45.856208],[0.601029,45.857239],[0.598557,45.858892],[0.59685,45.859572],[0.596362,45.860059],[0.595614,45.8611],[0.595305,45.862742],[0.595028,45.863377],[0.594329,45.863297],[0.592182,45.864384],[0.591743,45.864702],[0.591093,45.865415],[0.588719,45.866876],[0.587206,45.868948],[0.589532,45.869208],[0.589418,45.870159],[0.589597,45.870363],[0.590117,45.870477],[0.590491,45.870918],[0.590816,45.87102],[0.59215,45.872447],[0.592069,45.873013],[0.591743,45.873805],[0.591337,45.875255],[0.592589,45.876115],[0.5935,45.877066],[0.59467,45.877768],[0.596508,45.878391],[0.597776,45.878719],[0.597533,45.879591],[0.597386,45.880757],[0.596671,45.881142],[0.596508,45.881594],[0.596801,45.882568],[0.596931,45.883734],[0.596264,45.884164],[0.596768,45.884096],[0.597061,45.884357],[0.597793,45.886858],[0.598199,45.888115],[0.598899,45.888918],[0.599305,45.889677],[0.599354,45.890345],[0.599029,45.891352],[0.599289,45.89211],[0.599549,45.89245],[0.599468,45.892835],[0.598866,45.893729],[0.598573,45.894385],[0.59924,45.894702],[0.599419,45.894951],[0.599403,45.895257],[0.600183,45.8952],[0.600476,45.895268],[0.601809,45.896196],[0.602135,45.896785],[0.602606,45.896886],[0.603712,45.896796],[0.604102,45.897],[0.604655,45.897599],[0.60472,45.898165],[0.604606,45.898686],[0.604932,45.898946],[0.605696,45.899037],[0.606135,45.89924],[0.606672,45.89958],[0.608477,45.90035],[0.609924,45.900961],[0.610005,45.902703],[0.609761,45.904672],[0.60955,45.905102],[0.608916,45.906132],[0.608607,45.907026],[0.608558,45.907762],[0.6089,45.909017],[0.608623,45.912808],[0.609046,45.915105],[0.609339,45.915897],[0.609371,45.916847],[0.609274,45.917831],[0.60916,45.918533],[0.609225,45.920071],[0.609209,45.921474],[0.60968,45.921904],[0.612884,45.921859],[0.613616,45.921938],[0.614917,45.921904],[0.615697,45.92204],[0.616315,45.9223],[0.618266,45.923454],[0.618771,45.923488],[0.619372,45.923623],[0.619632,45.92368],[0.620446,45.924279],[0.621161,45.924596],[0.620933,45.924834],[0.621616,45.924596],[0.622202,45.924607],[0.622657,45.924766],[0.623682,45.924777],[0.62508,45.925105],[0.625633,45.924958],[0.626121,45.925015],[0.626902,45.925263],[0.626641,45.926655],[0.625812,45.926938],[0.625292,45.927503],[0.625796,45.927967],[0.624544,45.927797],[0.624397,45.92791],[0.623308,45.928125],[0.622625,45.928351],[0.62186,45.928306],[0.620478,45.928555],[0.619519,45.928894],[0.618771,45.928928],[0.617844,45.928928],[0.616982,45.928996],[0.614819,45.928906],[0.613648,45.928793],[0.614266,45.929392],[0.614656,45.92998],[0.615356,45.93058],[0.61664,45.931202],[0.61773,45.931507],[0.618657,45.931892],[0.619909,45.932355],[0.620153,45.932536],[0.621063,45.932978],[0.621503,45.933328],[0.622218,45.934188],[0.623178,45.935172],[0.62456,45.936144],[0.625796,45.936755],[0.627357,45.938101],[0.628268,45.938564],[0.629292,45.939288],[0.629926,45.93948],[0.630528,45.940476],[0.631943,45.941132],[0.632983,45.941787],[0.635748,45.942805],[0.635,45.94311],[0.632707,45.945496],[0.630609,45.946503],[0.629081,45.946966],[0.629503,45.947645],[0.630008,45.948165],[0.630349,45.9489],[0.631113,45.949748],[0.631764,45.950302],[0.631764,45.950539],[0.631406,45.950698],[0.630869,45.950743],[0.629959,45.950223],[0.628869,45.950121],[0.62721,45.950528],[0.625633,45.950743],[0.62521,45.951376],[0.62443,45.953015],[0.624072,45.953592],[0.622934,45.955084],[0.623145,45.955435],[0.62308,45.955932],[0.622673,45.956475],[0.621893,45.956667],[0.621746,45.95695],[0.622381,45.957153],[0.622104,45.957798],[0.622381,45.958453],[0.623389,45.958906],[0.623291,45.959109],[0.623308,45.959279],[0.622999,45.95938],[0.621763,45.960036],[0.622852,45.960398],[0.623714,45.960816],[0.624462,45.96094],[0.625145,45.961291],[0.625763,45.961347],[0.626658,45.961246],[0.627471,45.961076],[0.628365,45.962139],[0.629162,45.962331],[0.629894,45.962715],[0.630772,45.962738],[0.630837,45.963088],[0.630756,45.963506],[0.630902,45.963653],[0.63139,45.963608],[0.632479,45.963099],[0.632561,45.96371],[0.632902,45.964264],[0.633975,45.965055],[0.634203,45.965643],[0.634398,45.965801],[0.634414,45.966547],[0.634772,45.966931],[0.635228,45.967225],[0.635195,45.967994],[0.634723,45.968378],[0.634528,45.968672],[0.63448,45.96935],[0.633569,45.970933],[0.63326,45.971656],[0.632544,45.972651],[0.632479,45.973069],[0.631341,45.97369],[0.630853,45.974041],[0.630447,45.974493],[0.629259,45.974967],[0.628658,45.975589],[0.628658,45.976776],[0.62843,45.977081],[0.627666,45.977702],[0.627341,45.978392],[0.627747,45.979284],[0.628544,45.979804],[0.629455,45.98046],[0.631211,45.98142],[0.631796,45.981985],[0.632707,45.982076],[0.634073,45.982449],[0.635032,45.983353],[0.636171,45.984595],[0.636529,45.985262],[0.637179,45.985737],[0.638057,45.986155],[0.639342,45.987669],[0.639797,45.988076],[0.641293,45.989025],[0.641732,45.98898],[0.642529,45.989228],[0.643716,45.989861],[0.644611,45.990652],[0.64544,45.990878],[0.645603,45.991262],[0.646302,45.991431],[0.64731,45.991465],[0.647684,45.991612],[0.647977,45.992934],[0.650839,45.992945],[0.651262,45.992719],[0.652937,45.990607],[0.653408,45.991815],[0.65349,45.992403],[0.653799,45.992911],[0.656189,45.994188],[0.656758,45.994742],[0.65697,45.995273],[0.659442,45.99708],[0.660043,45.997069],[0.660466,45.997555],[0.66058,45.997916],[0.66019,45.998379],[0.66019,45.998617],[0.660433,45.99891],[0.660531,45.999283],[0.6611,45.999904],[0.662531,46.000514],[0.662726,46.001158],[0.663409,46.002231],[0.664174,46.003101],[0.665101,46.004005],[0.665052,46.004942],[0.665702,46.005812],[0.666011,46.006083],[0.667345,46.006761],[0.667833,46.007348],[0.668272,46.008195],[0.668483,46.009189],[0.669264,46.00981],[0.670792,46.010601],[0.671752,46.011075],[0.671996,46.011426],[0.671931,46.011911],[0.672028,46.012397],[0.67224,46.01251],[0.672679,46.012397],[0.673768,46.012984],[0.674289,46.013425],[0.67424,46.013842],[0.674256,46.014667],[0.674793,46.014802],[0.67463,46.015175],[0.674679,46.015638],[0.675037,46.015909],[0.675606,46.015774],[0.677004,46.01609],[0.67824,46.016293],[0.679427,46.016733],[0.681184,46.017027],[0.682485,46.017682],[0.683184,46.017897],[0.683249,46.018235],[0.68281,46.019444],[0.690664,46.022944],[0.686989,46.025891],[0.686875,46.026445],[0.686534,46.026637],[0.685086,46.026874],[0.683899,46.026716],[0.681818,46.026366],[0.68081,46.026411],[0.67959,46.02658],[0.678549,46.027009],[0.679118,46.027958],[0.678305,46.028375],[0.677996,46.028421],[0.677021,46.029392],[0.676972,46.029663],[0.677622,46.029979],[0.677411,46.030825],[0.678143,46.030825],[0.678565,46.031142],[0.679866,46.031051],[0.680663,46.031435],[0.682062,46.031401],[0.682517,46.031277],[0.682859,46.030995],[0.684029,46.031221],[0.682907,46.032383],[0.682826,46.032643],[0.683346,46.033896],[0.683786,46.033885],[0.683981,46.034348],[0.684647,46.034957],[0.685282,46.035815],[0.685509,46.036504],[0.685461,46.037091],[0.685249,46.037678],[0.685184,46.038209],[0.68533,46.038615],[0.685509,46.039473],[0.685379,46.040116],[0.685444,46.040591],[0.686013,46.041302],[0.68603,46.041482],[0.685721,46.042002],[0.685981,46.042487],[0.684859,46.04304],[0.685363,46.043571],[0.685184,46.043661],[0.684566,46.043672],[0.684485,46.043932],[0.68494,46.044541],[0.685753,46.044485],[0.686013,46.044654],[0.685704,46.04497],[0.685412,46.046234],[0.685526,46.046573],[0.687022,46.047363],[0.687201,46.048006],[0.687412,46.048277],[0.687233,46.048616],[0.68707,46.049801],[0.686761,46.050072],[0.686339,46.050173],[0.686062,46.050478],[0.685981,46.050828],[0.685948,46.051641],[0.686013,46.052182],[0.685656,46.053017],[0.68533,46.053096],[0.684859,46.053085],[0.684908,46.053672],[0.685038,46.054112],[0.684826,46.054733],[0.684338,46.054665],[0.684208,46.055703],[0.684322,46.056132],[0.683655,46.056459],[0.683542,46.056888],[0.683672,46.057498],[0.68333,46.057565],[0.683298,46.057678],[0.68346,46.057893],[0.68359,46.059235],[0.683883,46.061786],[0.684062,46.063377],[0.684029,46.064494],[0.683916,46.065261],[0.683932,46.065633],[0.684322,46.066265],[0.684664,46.067619],[0.684712,46.068962],[0.684436,46.070101],[0.684712,46.071421],[0.684924,46.071974],[0.685558,46.072594],[0.686192,46.072741],[0.687493,46.07326],[0.687916,46.07326],[0.687802,46.073824],[0.687672,46.076024],[0.687932,46.076972],[0.688632,46.078246],[0.689168,46.079803],[0.689022,46.080886],[0.688713,46.081777],[0.688388,46.082318],[0.68855,46.082984],[0.688745,46.083469],[0.688404,46.083976],[0.68855,46.084732],[0.688924,46.085217],[0.689526,46.085612],[0.689607,46.086469],[0.689461,46.087349],[0.689656,46.087913],[0.689461,46.088939],[0.689217,46.089672],[0.688957,46.090338],[0.688989,46.09168],[0.689315,46.092447],[0.689721,46.09248],[0.690534,46.093089],[0.692177,46.093349],[0.692778,46.093247],[0.695218,46.093687],[0.694795,46.095345],[0.695006,46.095785],[0.694746,46.096033],[0.694551,46.096472],[0.694177,46.096495],[0.693315,46.096991],[0.692908,46.097724],[0.692486,46.098288],[0.692079,46.098525],[0.691201,46.098965],[0.690648,46.099878],[0.689965,46.100509],[0.688843,46.101175],[0.68829,46.101682],[0.687981,46.102167],[0.687916,46.103249],[0.687721,46.10396],[0.687753,46.104681],[0.686827,46.106215],[0.685672,46.107556],[0.684729,46.107985],[0.684761,46.108188],[0.684566,46.108447],[0.684631,46.108706],[0.684956,46.108988],[0.685249,46.109124],[0.685997,46.109879],[0.686485,46.110059],[0.687753,46.111514],[0.687721,46.111728],[0.688615,46.112201],[0.688957,46.112528],[0.689526,46.113554],[0.690437,46.114591],[0.691152,46.11564],[0.690697,46.115572],[0.689802,46.116034],[0.68925,46.116271],[0.689006,46.11653],[0.688778,46.116913],[0.687786,46.117522],[0.686696,46.117736],[0.685607,46.118311],[0.684973,46.118672],[0.683997,46.119641],[0.683493,46.119912],[0.682842,46.120103],[0.68185,46.120554],[0.681525,46.120239],[0.681005,46.12007],[0.680533,46.120205],[0.678517,46.121039],[0.677752,46.121456],[0.676159,46.121783],[0.674972,46.122166],[0.673947,46.12238],[0.673687,46.122358],[0.673101,46.122516],[0.672158,46.122572],[0.671557,46.123023],[0.670906,46.123305],[0.67063,46.123496],[0.669865,46.12371],[0.669003,46.123913],[0.66876,46.124296],[0.667979,46.124635],[0.667426,46.124961],[0.66715,46.125638],[0.666711,46.125987],[0.666353,46.126393],[0.665897,46.126618],[0.664792,46.126968],[0.66606,46.127802],[0.667263,46.128072],[0.667654,46.128331],[0.668613,46.128636],[0.668028,46.129796],[0.66793,46.13054],[0.668093,46.131329],[0.669069,46.132659],[0.670288,46.132388],[0.670451,46.13267],[0.672435,46.132929],[0.67315,46.133369],[0.673898,46.13347],[0.674744,46.133459],[0.675833,46.133256],[0.676923,46.134361],[0.677037,46.134845],[0.67785,46.135341],[0.677834,46.135735],[0.67894,46.137538],[0.679005,46.138214],[0.678956,46.13924],[0.67907,46.140085],[0.679379,46.141031],[0.679964,46.141257],[0.679834,46.142203],[0.679427,46.142631],[0.67998,46.142936],[0.680094,46.143161],[0.67985,46.143274],[0.680127,46.143803],[0.680354,46.143938],[0.680484,46.145245],[0.681054,46.145944],[0.681948,46.146687],[0.685932,46.148783],[0.686241,46.151081],[0.686257,46.152501],[0.687038,46.155407],[0.686827,46.15615],[0.68694,46.156511],[0.687379,46.156973],[0.687753,46.157176],[0.687949,46.15775],[0.688371,46.158302],[0.688469,46.158561],[0.688697,46.158798],[0.689851,46.158719],[0.690225,46.15882],[0.690128,46.159057],[0.689217,46.160352],[0.688973,46.160555],[0.689266,46.161017],[0.689282,46.161918],[0.689916,46.162852],[0.690242,46.16372],[0.690111,46.1647],[0.690453,46.165263],[0.689136,46.166197],[0.688144,46.16658],[0.686111,46.167943],[0.685672,46.167617],[0.684924,46.167403],[0.684387,46.167448],[0.683623,46.167245],[0.682566,46.167436],[0.680875,46.167414],[0.678858,46.166839],[0.67811,46.166558],[0.675931,46.166276],[0.675183,46.166423],[0.674711,46.166254],[0.674093,46.166175],[0.673801,46.166794],[0.673996,46.167481],[0.674045,46.167662],[0.673947,46.167831],[0.67411,46.168225],[0.674028,46.168551],[0.674451,46.168788],[0.674402,46.169238],[0.674077,46.169576],[0.673638,46.169779],[0.673394,46.170545],[0.673248,46.171896],[0.672435,46.173439],[0.673459,46.174362],[0.673313,46.175331],[0.673573,46.175488],[0.674175,46.175533],[0.675199,46.17586],[0.675508,46.176581],[0.676045,46.176918],[0.675882,46.177144],[0.675703,46.178168],[0.675947,46.178934],[0.677378,46.179666],[0.680663,46.181366],[0.681135,46.181569],[0.682615,46.18301],[0.684371,46.184361],[0.684647,46.184496],[0.684566,46.185025],[0.684192,46.185588],[0.684452,46.186534],[0.684956,46.187592],[0.685379,46.188999],[0.687087,46.188774],[0.68707,46.188988],[0.687363,46.19017],[0.687802,46.19142],[0.688567,46.192782],[0.689054,46.192996],[0.691201,46.193581],[0.691559,46.193874],[0.69164,46.1942],[0.691477,46.195855],[0.691786,46.197881],[0.69151,46.198601],[0.691152,46.198973],[0.690681,46.199378],[0.690729,46.199603],[0.692014,46.200177],[0.692713,46.200582],[0.693917,46.201865],[0.6946,46.202665],[0.695868,46.205861],[0.695705,46.20612],[0.695039,46.206401],[0.69499,46.206671],[0.696291,46.209271],[0.696941,46.211161],[0.696844,46.211634],[0.695933,46.212906],[0.692421,46.215573],[0.691624,46.215899],[0.690339,46.216304],[0.689591,46.216776],[0.688892,46.2178],[0.68707,46.219533],[0.685769,46.220973],[0.684761,46.22175],[0.684322,46.221952],[0.683737,46.222357],[0.682111,46.224619],[0.681476,46.22535],[0.680907,46.22589],[0.680387,46.226182],[0.679948,46.226914],[0.679964,46.227791],[0.680533,46.22877],[0.680923,46.230154],[0.681281,46.230716],[0.681964,46.231189],[0.682094,46.231504],[0.682032,46.23156],[0.682032,46.23156],[0.681453,46.232098],[0.680873,46.232349],[0.680315,46.233192],[0.679822,46.234447],[0.681324,46.235161],[0.681978,46.235813],[0.681667,46.236176],[0.682236,46.23769],[0.683545,46.23922],[0.685315,46.240593],[0.686313,46.241756],[0.687826,46.243107],[0.689102,46.243896],[0.690867,46.244833],[0.692997,46.246586],[0.693942,46.247315],[0.694456,46.248532],[0.694735,46.25003],[0.694241,46.251768],[0.694027,46.253154],[0.696591,46.258953],[0.696859,46.259045],[0.697235,46.260021],[0.6976,46.260334],[0.697975,46.260937],[0.698748,46.261692],[0.700196,46.262581],[0.700926,46.262767],[0.701301,46.262314],[0.701827,46.262424],[0.702438,46.263012],[0.702685,46.263065],[0.702996,46.263348],[0.703028,46.263916],[0.70335,46.264488],[0.70438,46.265266],[0.705346,46.265713],[0.704402,46.267506],[0.705292,46.272935],[0.705673,46.275152],[0.705625,46.275974],[0.706075,46.276004],[0.706826,46.276623],[0.707256,46.277275],[0.708532,46.278385],[0.708629,46.278938],[0.709048,46.279284],[0.709337,46.27978],[0.709788,46.280277],[0.709573,46.280789],[0.710045,46.281241],[0.710624,46.28167],[0.710903,46.282509],[0.711375,46.283241],[0.711569,46.283829],[0.711815,46.284348],[0.711579,46.284777],[0.711172,46.285074],[0.711279,46.285503],[0.710624,46.28598],[0.709788,46.285698],[0.709594,46.285173],[0.708747,46.284987],[0.707481,46.286098],[0.706312,46.28643],[0.705099,46.286289],[0.704359,46.288568],[0.703393,46.287884],[0.699702,46.290782],[0.699166,46.291593],[0.699048,46.296559],[0.697846,46.298248],[0.697653,46.298965],[0.697396,46.301125],[0.697503,46.301746],[0.701054,46.303349],[0.701526,46.303783],[0.703307,46.303783],[0.703061,46.305262],[0.702792,46.305764],[0.702567,46.306896],[0.701773,46.307595],[0.699778,46.30875],[0.698994,46.309002],[0.698254,46.309017],[0.696773,46.31122],[0.69643,46.311405],[0.695357,46.313597],[0.694456,46.31416],[0.693169,46.315243],[0.691516,46.316074],[0.691087,46.316605],[0.690755,46.317318],[0.690046,46.317734],[0.689843,46.318333],[0.690068,46.319309],[0.68996,46.320113],[0.690454,46.320684],[0.69024,46.321726],[0.690476,46.322712],[0.690743,46.323326],[0.690862,46.324432],[0.691517,46.325543],[0.691924,46.325942],[0.692772,46.327919],[0.692632,46.328964],[0.692718,46.330639],[0.693716,46.33292],[0.69363,46.333424],[0.693008,46.334507],[0.691549,46.335239],[0.688727,46.335938],[0.691226,46.340721],[0.692697,46.343196],[0.693287,46.344505],[0.69658,46.350681],[0.697085,46.352356],[0.697009,46.355516],[0.696977,46.36379],[0.698018,46.367363],[0.699434,46.373428],[0.699917,46.3751],[0.701226,46.377276],[0.703039,46.380851],[0.704777,46.38382],[0.705142,46.385803],[0.707213,46.392272],[0.707685,46.393959],[0.708071,46.398472],[0.708017,46.402083],[0.708425,46.402912],[0.70967,46.404373],[0.709498,46.404457],[0.709476,46.405159],[0.709637,46.405331],[0.71071,46.405354],[0.711858,46.405739],[0.713253,46.406113],[0.715474,46.406586],[0.716815,46.406307],[0.717566,46.405701],[0.719733,46.405342],[0.721772,46.40519],[0.721697,46.405523],[0.72138,46.406],[0.722308,46.405945],[0.723338,46.406151],[0.723821,46.406277],[0.724808,46.406094],[0.725495,46.405575],[0.725784,46.405398],[0.726256,46.405041],[0.726879,46.40539],[0.727448,46.40533],[0.728262,46.404828],[0.728349,46.404433],[0.729083,46.404245],[0.730451,46.404606],[0.731095,46.403436],[0.732994,46.402999],[0.735311,46.402867],[0.735279,46.402252],[0.736159,46.402416],[0.736771,46.40234],[0.737275,46.402889],[0.741583,46.403076],[0.74559,46.40353],[0.745568,46.403797],[0.745429,46.404018],[0.745987,46.40416],[0.747596,46.403992],[0.749785,46.404228],[0.751169,46.404525],[0.752424,46.404881],[0.753239,46.405212],[0.753368,46.403774],[0.753593,46.403275],[0.753368,46.401337],[0.75281,46.401211],[0.752671,46.399353],[0.752038,46.398384],[0.75104,46.397324],[0.755149,46.394833],[0.755707,46.395054],[0.756415,46.395103],[0.758325,46.395897],[0.759012,46.395874],[0.759752,46.395985],[0.76179,46.395756],[0.762691,46.395809],[0.764161,46.395622],[0.76502,46.395607],[0.765481,46.395699],[0.769268,46.394625],[0.771071,46.394432],[0.771639,46.394077],[0.774418,46.394062],[0.776575,46.394779],[0.777626,46.394711],[0.778098,46.394455],[0.778399,46.393307],[0.783913,46.393456],[0.784793,46.393864],[0.786499,46.393112],[0.78607,46.392639],[0.78622,46.392353],[0.787894,46.3915],[0.789406,46.39085],[0.789739,46.390537],[0.790565,46.390213],[0.792067,46.389828],[0.792625,46.389301],[0.792807,46.388542],[0.792314,46.387348],[0.793194,46.386803],[0.793515,46.386269],[0.795071,46.386868],[0.796525,46.386424],[0.797807,46.385773],[0.799202,46.385713],[0.799609,46.385631],[0.800693,46.385891],[0.802345,46.385811],[0.803955,46.385551],[0.805639,46.38501],[0.80948,46.384338],[0.811529,46.383781],[0.813342,46.383732],[0.81507,46.383293],[0.816025,46.383018],[0.817312,46.383263],[0.817913,46.383991],[0.818471,46.384239],[0.819007,46.384743],[0.820777,46.387646],[0.822891,46.390511],[0.827311,46.395164],[0.829993,46.39703],[0.833931,46.399368],[0.835701,46.401451],[0.835733,46.403324],[0.83613,46.403946],[0.838341,46.405109],[0.840057,46.407001],[0.84069,46.408718],[0.840808,46.409374],[0.839135,46.40968],[0.838223,46.410092],[0.836474,46.411345],[0.836431,46.412476],[0.838394,46.412678],[0.839564,46.412933],[0.841591,46.414051],[0.843008,46.414791],[0.845625,46.415388],[0.848533,46.415989],[0.851719,46.416374],[0.856687,46.418147],[0.857749,46.418769],[0.859562,46.419532],[0.859755,46.419829],[0.860228,46.41987],[0.860786,46.42066],[0.862159,46.420887],[0.863328,46.420879],[0.863457,46.421314],[0.863553,46.422897],[0.86454,46.423702],[0.864551,46.423725],[0.864927,46.42474],[0.864937,46.425167],[0.865495,46.425434],[0.865839,46.425884],[0.866332,46.425995],[0.866714,46.425927],[0.866905,46.4263],[0.867219,46.426696],[0.867882,46.427994],[0.867969,46.428594],[0.868265,46.429267],[0.868509,46.429772],[0.868648,46.430384],[0.868422,46.430721],[0.866696,46.431069],[0.86633,46.431057],[0.866383,46.431874],[0.866644,46.433688],[0.866539,46.43436],[0.866243,46.434637],[0.864762,46.434685],[0.862967,46.434444],[0.863176,46.434925],[0.863054,46.436679],[0.865354,46.436558],[0.865441,46.439741],[0.865633,46.440858],[0.865598,46.441255],[0.86457,46.442588],[0.863437,46.443344],[0.864169,46.444377],[0.864134,46.444726],[0.863385,46.445638],[0.862827,46.446119],[0.862182,46.446155],[0.861607,46.446119],[0.860579,46.445915],[0.859934,46.445878],[0.859829,46.446287],[0.85955,46.446671],[0.860492,46.446947],[0.860526,46.447163],[0.860858,46.447356],[0.860666,46.448064],[0.860788,46.44834],[0.860701,46.448605],[0.86037,46.449037],[0.860038,46.449721],[0.860126,46.450154],[0.860004,46.450754],[0.860265,46.451174],[0.860265,46.451703],[0.860091,46.452159],[0.85908,46.453444],[0.85854,46.454368],[0.858348,46.454837],[0.857842,46.455485],[0.857703,46.455809],[0.857354,46.456854],[0.85718,46.457022],[0.856657,46.45785],[0.855995,46.458715],[0.856134,46.459159],[0.855995,46.459339],[0.855489,46.461428],[0.855943,46.462353],[0.85596,46.462845],[0.855838,46.463817],[0.854269,46.465594],[0.852527,46.465546],[0.852265,46.465726],[0.851934,46.466687],[0.851516,46.467287],[0.85155,46.467395],[0.851411,46.467959],[0.85094,46.468703],[0.850348,46.469268],[0.846758,46.471884],[0.845956,46.472629],[0.844387,46.473625],[0.842296,46.474765],[0.841738,46.475629],[0.840518,46.47647],[0.83888,46.47749],[0.837642,46.477646],[0.836492,46.478102],[0.836196,46.47827],[0.835533,46.478018],[0.835289,46.478234],[0.834923,46.47881],[0.834348,46.47941],[0.833877,46.479338],[0.833267,46.47971],[0.831246,46.479626],[0.830723,46.479818],[0.830287,46.479518],[0.82966,46.479638],[0.827847,46.479506],[0.826575,46.47953],[0.826209,46.479326],[0.823228,46.479446],[0.823437,46.480922],[0.82274,46.481474],[0.822897,46.482591],[0.823315,46.483203],[0.82396,46.483875],[0.823995,46.484355],[0.823803,46.484991],[0.824135,46.485543],[0.823908,46.486191],[0.823664,46.486407],[0.824692,46.487079],[0.825651,46.487583],[0.825651,46.488351],[0.825424,46.488663],[0.825442,46.488975],[0.825843,46.489155],[0.826505,46.489191],[0.827098,46.489587],[0.826976,46.490007],[0.826261,46.491207],[0.827324,46.491531],[0.828753,46.491063],[0.831751,46.490283],[0.832431,46.490427],[0.835777,46.490799],[0.838444,46.490631],[0.838514,46.491903],[0.839002,46.492143],[0.839542,46.492299],[0.839716,46.492827],[0.838984,46.494398],[0.836753,46.495742],[0.834801,46.496858],[0.833389,46.497914],[0.832762,46.498538],[0.831594,46.499834],[0.831385,46.500289],[0.831263,46.501105],[0.831071,46.501717],[0.831002,46.502869],[0.831124,46.504272],[0.831403,46.504656],[0.831612,46.505736],[0.831455,46.506204],[0.83196,46.506972],[0.832623,46.507535],[0.834191,46.508363],[0.836962,46.508819],[0.839664,46.509898],[0.841703,46.51003],[0.841738,46.510402],[0.84193,46.510642],[0.841529,46.510798],[0.841982,46.511686],[0.842418,46.512213],[0.842853,46.512561],[0.842592,46.512765],[0.843376,46.513629],[0.843986,46.514516],[0.844474,46.51556],[0.845224,46.516052],[0.845276,46.516315],[0.845607,46.516927],[0.846217,46.517359],[0.846792,46.518282],[0.847786,46.520105],[0.850104,46.522228],[0.852927,46.525814],[0.854531,46.52784],[0.856204,46.53073],[0.8565,46.53109],[0.856448,46.531438],[0.856849,46.532289],[0.857354,46.534747],[0.857895,46.535418],[0.85784,46.535469],[0.85403,46.536072],[0.85365,46.535091],[0.85353,46.53458],[0.85313,46.53392],[0.85309,46.533581],[0.85238,46.533539],[0.85194,46.532509],[0.8514,46.532318],[0.85104,46.532341],[0.85017,46.532059],[0.84984,46.53146],[0.84835,46.531349],[0.847256,46.531588],[0.846119,46.531704],[0.844853,46.531639],[0.843308,46.531662],[0.842171,46.531876],[0.843093,46.532604],[0.844327,46.533787],[0.841066,46.534134],[0.838716,46.534068],[0.835155,46.535091],[0.835771,46.535738],[0.836195,46.53702],[0.837375,46.540083],[0.838126,46.539963],[0.839574,46.539883],[0.839746,46.540173],[0.840454,46.540516],[0.841184,46.540768],[0.842224,46.541985],[0.84304,46.542442],[0.843748,46.543427],[0.844381,46.544105],[0.844756,46.544724],[0.846065,46.544518],[0.84672,46.545795],[0.846591,46.546356],[0.846763,46.54677],[0.847374,46.547093],[0.848576,46.54808],[0.849756,46.548885],[0.850389,46.550053],[0.854058,46.549858],[0.854198,46.552235],[0.855324,46.554436],[0.857792,46.558372],[0.859004,46.559139],[0.860345,46.558578],[0.86144,46.559437],[0.861794,46.559856],[0.862877,46.560188],[0.863221,46.56134],[0.864079,46.561287],[0.864133,46.560947],[0.864905,46.560852],[0.865624,46.563648],[0.866547,46.564255],[0.867029,46.565125],[0.866557,46.565388],[0.866976,46.565876],[0.867866,46.56609],[0.868843,46.565292],[0.869379,46.565125],[0.870978,46.565102],[0.871128,46.566074],[0.872598,46.565582],[0.873488,46.565582],[0.874701,46.565907],[0.875527,46.565948],[0.876095,46.56786],[0.876567,46.568577],[0.876267,46.56876],[0.876439,46.569202],[0.87661,46.570419],[0.87705,46.570766],[0.877501,46.571888],[0.878209,46.57222],[0.879303,46.572323],[0.88176,46.572956],[0.882146,46.5737],[0.882565,46.574242],[0.882736,46.574844],[0.882736,46.574844],[0.882474,46.575693],[0.88256,46.576504],[0.888911,46.579174],[0.890263,46.579218],[0.891078,46.57941],[0.892795,46.579483],[0.893868,46.579601],[0.894662,46.579675],[0.895821,46.580191],[0.895649,46.580752],[0.896529,46.581224],[0.897945,46.581578],[0.900756,46.583097],[0.901657,46.583229],[0.901957,46.583126],[0.904511,46.583746],[0.906013,46.584424],[0.906678,46.584866],[0.908496,46.58556],[0.908496,46.58556],[0.910025,46.586533],[0.910562,46.586725],[0.911806,46.587978],[0.913566,46.589276],[0.913802,46.589689],[0.915154,46.590382],[0.915841,46.59109],[0.917793,46.591561],[0.918609,46.591561],[0.918614,46.593418],[0.919129,46.593987],[0.919794,46.594303],[0.920244,46.594673],[0.921189,46.594997],[0.924536,46.597946],[0.926832,46.598652],[0.92842,46.599804],[0.928012,46.600296],[0.927401,46.60144],[0.926446,46.602303],[0.92445,46.603783],[0.923463,46.604771],[0.922723,46.606026],[0.922648,46.606613],[0.917434,46.611074],[0.916651,46.612158],[0.916757,46.613107],[0.916543,46.61372],[0.916125,46.617336],[0.916275,46.618031],[0.915706,46.62114],[0.915363,46.622002],[0.914708,46.622814],[0.914398,46.62391],[0.913871,46.624302],[0.912455,46.625774],[0.911168,46.626152],[0.908936,46.627682],[0.908775,46.628582],[0.907316,46.629864],[0.906866,46.631222],[0.907831,46.633262],[0.907005,46.633923],[0.908657,46.636589],[0.909376,46.638329],[0.908475,46.641098],[0.908529,46.641659],[0.908722,46.642979],[0.907402,46.645615],[0.906608,46.647831],[0.906372,46.648663],[0.905846,46.649605],[0.905492,46.650112],[0.90575,46.650608],[0.90634,46.65099],[0.90766,46.652645],[0.910589,46.654083],[0.911007,46.655159],[0.912037,46.655506],[0.912766,46.655865],[0.906018,46.663628],[0.906383,46.66613],[0.908657,46.668472],[0.909097,46.669121],[0.909505,46.669384],[0.910825,46.671497],[0.911286,46.673706],[0.910245,46.674633],[0.909719,46.675411],[0.908453,46.67514],[0.907037,46.674641],[0.906072,46.673706],[0.904033,46.674671],[0.901877,46.674576],[0.900986,46.674721],[0.900439,46.6745],[0.899817,46.673515],[0.899795,46.672985],[0.899452,46.672283],[0.898894,46.671844],[0.898358,46.672138],[0.898293,46.672779],[0.897059,46.673519],[0.896341,46.674854],[0.895654,46.674789],[0.894796,46.675243],[0.893873,46.675529],[0.892435,46.676384],[0.891256,46.677245],[0.890236,46.677976],[0.889184,46.678253],[0.888884,46.67849],[0.887243,46.677944],[0.886792,46.678337],[0.885483,46.678482],[0.885526,46.679485],[0.883498,46.681751],[0.882855,46.682236],[0.882307,46.6831],[0.88235,46.684715],[0.882028,46.685173],[0.880912,46.685211],[0.880483,46.685757],[0.880698,46.687042],[0.88087,46.687256],[0.88044,46.687874],[0.880795,46.688396],[0.880398,46.689194],[0.880526,46.689709],[0.880473,46.690018],[0.881149,46.69067],[0.881009,46.691591],[0.881749,46.692039],[0.881817,46.69237],[0.881696,46.693653],[0.882114,46.694065],[0.881566,46.694219],[0.880891,46.694491],[0.879593,46.695374],[0.879378,46.6957],[0.877147,46.697075],[0.876932,46.697796],[0.877555,46.698538],[0.878187,46.699598],[0.878413,46.700473],[0.878971,46.701122],[0.879175,46.702061],[0.879475,46.702591],[0.879142,46.704174],[0.879411,46.704506],[0.878692,46.705139],[0.877941,46.706367],[0.877136,46.70761],[0.875935,46.71204],[0.873767,46.712768],[0.872769,46.713972],[0.872308,46.714401],[0.872222,46.714863],[0.870956,46.715391],[0.870699,46.716701],[0.867995,46.716915],[0.867962,46.717172],[0.867598,46.717232],[0.867083,46.717531],[0.865302,46.71765],[0.865366,46.720107],[0.865849,46.720345],[0.867491,46.720219],[0.866654,46.72068],[0.863382,46.720955],[0.862094,46.721184],[0.861976,46.72068],[0.86159,46.720322],[0.8613,46.719864],[0.862738,46.719547],[0.863028,46.719013],[0.863993,46.718063],[0.864058,46.717476],[0.863832,46.716835],[0.864369,46.714008],[0.860732,46.713524],[0.861193,46.712017],[0.859466,46.711765],[0.859176,46.712097],[0.857234,46.712818],[0.856419,46.713362],[0.855571,46.713272],[0.854498,46.713421],[0.854563,46.7146],[0.854359,46.715357],[0.853222,46.714937],[0.853211,46.713843],[0.852803,46.71337],[0.853007,46.713037],[0.851945,46.712664],[0.852084,46.712231],[0.850829,46.711788],[0.849499,46.709889],[0.849338,46.709155],[0.849434,46.708603],[0.848629,46.7085],[0.847986,46.70853],[0.847385,46.708855],[0.845829,46.708752],[0.844306,46.708801],[0.841999,46.709988],[0.840926,46.711288],[0.841012,46.712347],[0.838356,46.71461],[0.837461,46.715489],[0.836774,46.715843],[0.834875,46.716011],[0.833695,46.716858],[0.832837,46.717239],[0.832429,46.718643],[0.832643,46.719195],[0.833395,46.719761],[0.833588,46.720154],[0.833041,46.720406],[0.832536,46.720865],[0.831002,46.723618],[0.829757,46.725006],[0.830026,46.725258],[0.828846,46.726185],[0.82907,46.726969],[0.830584,46.727116],[0.830884,46.728638],[0.831259,46.729427],[0.828867,46.730228],[0.828094,46.731171],[0.82788,46.732449],[0.825284,46.733082],[0.825734,46.734032],[0.827129,46.735729],[0.826217,46.73642],[0.825766,46.737259],[0.827054,46.737579],[0.826507,46.739737],[0.828438,46.739971],[0.829586,46.740406],[0.831528,46.741032],[0.833834,46.742802],[0.835057,46.743912],[0.835583,46.744801],[0.835186,46.74556],[0.835218,46.745888],[0.835422,46.746638],[0.83421,46.746925],[0.833191,46.746956],[0.832729,46.747116],[0.829875,46.746487],[0.828545,46.748955],[0.827301,46.749683],[0.826238,46.749802],[0.82567,46.749733],[0.824618,46.750042],[0.823631,46.750698],[0.823824,46.75161],[0.823578,46.752014],[0.822816,46.752697],[0.822843,46.753964],[0.822376,46.755024],[0.824705,46.75555],[0.823953,46.757099],[0.822913,46.757997],[0.822827,46.758408],[0.822344,46.759083],[0.820488,46.759872],[0.818557,46.760399],[0.816475,46.760767],[0.815847,46.760491],[0.815069,46.759979],[0.814523,46.760174],[0.813739,46.760048],[0.812731,46.760643],[0.812033,46.761364],[0.809888,46.76273],[0.809877,46.763062],[0.809276,46.763412],[0.809759,46.763847],[0.808128,46.764786],[0.807163,46.765213],[0.806733,46.765217],[0.807227,46.765617],[0.808016,46.766054],[0.810006,46.768196],[0.810145,46.768799],[0.8114,46.770805],[0.81184,46.771908],[0.812087,46.773575],[0.812505,46.774986],[0.813729,46.776436],[0.813943,46.77766],[0.81434,46.77869],[0.813299,46.780636],[0.81537,46.781975],[0.816121,46.783356],[0.817387,46.784451],[0.818074,46.785082],[0.819018,46.784435],[0.821496,46.783806],[0.82184,46.785721],[0.822784,46.788528],[0.821871,46.788675],[0.820016,46.788492],[0.819008,46.788573],[0.81772,46.789474],[0.819554,46.790943],[0.819114,46.791553],[0.818546,46.791618],[0.818374,46.791973],[0.819114,46.794266],[0.819447,46.795967],[0.819136,46.79649],[0.819211,46.796711],[0.817709,46.801426],[0.817773,46.802498],[0.817569,46.803123],[0.818717,46.805317],[0.820273,46.806316],[0.819329,46.807705],[0.818782,46.808903],[0.818696,46.80957],[0.818299,46.811787],[0.818664,46.813034],[0.818782,46.815319],[0.818009,46.817406],[0.821292,46.818439],[0.823889,46.819122],[0.825702,46.819462],[0.825391,46.820869],[0.825992,46.821369],[0.826024,46.821693],[0.825552,46.822491],[0.825412,46.823528],[0.824114,46.824902],[0.823867,46.82584],[0.824296,46.826706],[0.82361,46.828129],[0.822762,46.829152],[0.821872,46.830734],[0.821539,46.831669],[0.822869,46.83202],[0.825992,46.832085],[0.826721,46.832298],[0.827258,46.832996],[0.827794,46.833172],[0.828331,46.833824],[0.828878,46.834984],[0.82935,46.835213],[0.829779,46.835911],[0.832053,46.83712],[0.833985,46.839199],[0.83377,46.840372],[0.83318,46.84126],[0.832847,46.842353],[0.833545,46.843388],[0.830294,46.844219],[0.828642,46.844242],[0.827451,46.844739],[0.825831,46.84655],[0.825005,46.846844],[0.825101,46.847981],[0.824823,46.848671],[0.824457,46.849209],[0.824801,46.850111],[0.826346,46.850052],[0.828545,46.851181],[0.83068,46.851219],[0.832601,46.853317],[0.832965,46.854328],[0.834049,46.856243],[0.836227,46.856228],[0.838062,46.856449],[0.838727,46.856495],[0.838909,46.858849],[0.839338,46.859383],[0.83951,46.860031],[0.840712,46.861065],[0.841699,46.861652],[0.842224,46.861843],[0.84392,46.863213],[0.84511,46.863197],[0.8454,46.863978],[0.846934,46.864761],[0.847395,46.866213],[0.848973,46.867681],[0.849746,46.868152],[0.851859,46.871384],[0.854541,46.870117],[0.855764,46.869968],[0.857309,46.869476],[0.860088,46.869404],[0.860914,46.86919],[0.863156,46.871906],[0.860764,46.872845],[0.860764,46.873417],[0.864229,46.876591],[0.86439,46.877598],[0.862223,46.879086],[0.863007,46.880655],[0.862701,46.881407],[0.862137,46.882099],[0.862159,46.883369],[0.862352,46.883888],[0.862319,46.884827],[0.862952,46.88583],[0.861675,46.886772],[0.861686,46.88752],[0.86232,46.888788],[0.862995,46.889095],[0.863789,46.888429],[0.864627,46.888957],[0.865206,46.88884],[0.865495,46.888309],[0.866021,46.888221],[0.866472,46.888802],[0.867341,46.889088],[0.868671,46.890759],[0.868767,46.891678],[0.868564,46.893356],[0.869046,46.895409],[0.866182,46.895809],[0.861408,46.895531],[0.857685,46.895634],[0.855346,46.896111],[0.854123,46.89653],[0.85158,46.897739],[0.848758,46.899372],[0.847718,46.900684],[0.844992,46.902306],[0.842986,46.903099],[0.842975,46.903099],[0.841999,46.903656],[0.833663,46.905598],[0.833244,46.90583],[0.830991,46.906185],[0.830251,46.906162],[0.828341,46.906506],[0.827301,46.906975],[0.826485,46.907516],[0.823685,46.908455],[0.821432,46.909004],[0.819029,46.909901],[0.816539,46.909642],[0.813546,46.909863],[0.811036,46.910603],[0.808182,46.912304],[0.80712,46.91209],[0.80609,46.913841],[0.806401,46.914715],[0.805349,46.91637],[0.80653,46.918423],[0.805832,46.918644],[0.805285,46.919003],[0.803729,46.919327],[0.803322,46.920349],[0.803032,46.921001],[0.802142,46.921714],[0.801595,46.921553],[0.799159,46.924454],[0.796477,46.926101],[0.79197,46.92402],[0.791767,46.923203],[0.790297,46.924145],[0.789374,46.9245],[0.789052,46.924168],[0.787958,46.924675],[0.786445,46.924812],[0.779246,46.924755],[0.776929,46.924931],[0.776038,46.924915],[0.775545,46.925186],[0.774837,46.925312],[0.774043,46.925144],[0.773248,46.924791],[0.772498,46.924364],[0.771714,46.924242],[0.770749,46.922409],[0.770116,46.921736],[0.769011,46.919172],[0.768389,46.919264],[0.766994,46.920645],[0.76568,46.921713],[0.764907,46.922036],[0.764907,46.922036],[0.763834,46.921537],[0.76259,46.920028],[0.761538,46.918328],[0.760374,46.917236],[0.758893,46.916225],[0.756823,46.915485],[0.755299,46.914577],[0.753851,46.91572],[0.752306,46.917507],[0.747617,46.915104],[0.746437,46.915119],[0.744699,46.914978],[0.743551,46.915119],[0.741899,46.916012],[0.740461,46.917236],[0.735687,46.91906],[0.73102,46.921364],[0.729818,46.924595],[0.729507,46.927994],[0.730419,46.928757],[0.731471,46.930351],[0.732597,46.931671],[0.73323,46.933716],[0.733628,46.934454],[0.732104,46.934973],[0.730022,46.936178],[0.726192,46.937027],[0.724701,46.937254],[0.726922,46.940228],[0.727382,46.941101],[0.726546,46.941298],[0.725849,46.941563],[0.725248,46.941702],[0.723928,46.942272],[0.724025,46.943031],[0.723231,46.943501],[0.722909,46.945061],[0.722362,46.94545],[0.721825,46.946659],[0.721471,46.947105],[0.726664,46.948799],[0.73014,46.949236],[0.730205,46.95052],[0.730709,46.951515],[0.730612,46.952114],[0.728285,46.956217],[0.724261,46.958038],[0.715978,46.960419],[0.711858,46.961376],[0.710678,46.961883],[0.709777,46.962661],[0.708907,46.963042],[0.706505,46.962834],[0.705539,46.963303],[0.705453,46.962513],[0.704992,46.962234],[0.70393,46.962154],[0.702063,46.961716],[0.696291,46.961102],[0.695271,46.963501],[0.695175,46.964821],[0.696141,46.967873],[0.695776,46.970333],[0.695518,46.970858],[0.695937,46.971079],[0.695819,46.971622],[0.695819,46.971622],[0.696114,46.972046],[0.695578,46.972017],[0.695492,46.972236],[0.69341,46.971782],[0.692702,46.973173],[0.691522,46.973993],[0.691029,46.973964],[0.690514,46.974301],[0.689419,46.974681],[0.689183,46.974637],[0.688711,46.97474],[0.688625,46.974901],[0.685879,46.975677],[0.684892,46.976043],[0.684205,46.976102],[0.683025,46.975106],[0.67972,46.976028],[0.677596,46.976921],[0.677145,46.97676],[0.676587,46.976321],[0.676094,46.976233],[0.674871,46.976468],[0.670901,46.976643],[0.668133,46.977053],[0.667275,46.976995],[0.663927,46.977463],[0.661696,46.977551],[0.660194,46.977082],[0.658885,46.977566],[0.658306,46.976995],[0.656675,46.976921],[0.655409,46.976643],[0.654572,46.976775],[0.652898,46.975736],[0.652963,46.975487],[0.651525,46.974916],[0.651353,46.974579],[0.651461,46.974169],[0.652812,46.97209],[0.652319,46.971328],[0.65116,46.968678],[0.649208,46.96534],[0.646654,46.96389],[0.645624,46.964974],[0.644337,46.965589],[0.641483,46.967097],[0.639509,46.968327],[0.637556,46.970099],[0.636419,46.97086],[0.635346,46.972807],[0.633715,46.973247],[0.632642,46.973378],[0.631805,46.973671],[0.628522,46.973964],[0.627492,46.974242],[0.626419,46.97414],[0.624617,46.974916],[0.626205,46.975267],[0.626205,46.975267],[0.623372,46.977185],[0.622514,46.977536],[0.618931,46.978429],[0.617311,46.979681],[0.617354,46.979125],[0.61686,46.978656],[0.616002,46.975875],[0.615444,46.974938],[0.615337,46.9734],[0.613985,46.972785],[0.611367,46.972873],[0.608899,46.973627],[0.607848,46.973766],[0.605509,46.973459],[0.604736,46.975479],[0.601861,46.974601],[0.602719,46.973591],[0.603106,46.971819],[0.603621,46.970517],[0.59978,46.970194],[0.598213,46.969623],[0.598213,46.969623],[0.596883,46.971819],[0.595317,46.972507],[0.593257,46.974074],[0.590725,46.975143],[0.587485,46.97605],[0.580232,46.977924],[0.57961,46.977822],[0.57918,46.977558],[0.578494,46.978495],[0.577871,46.978744],[0.577399,46.978539],[0.577442,46.977983],[0.577635,46.977383],[0.577635,46.977383],[0.575747,46.977002],[0.575018,46.97627],[0.574546,46.975216],[0.57388,46.97463],[0.57388,46.97463],[0.573172,46.974586],[0.572185,46.974352],[0.569374,46.973122],[0.568988,46.973635],[0.56828,46.97564],[0.568988,46.976885],[0.564053,46.975406],[0.561907,46.978934],[0.561649,46.979813],[0.55901,46.979227],[0.557058,46.978715],[0.555834,46.978276],[0.555427,46.979052],[0.555727,46.980252],[0.555813,46.98255],[0.555148,46.983692],[0.554783,46.984117],[0.554483,46.985756],[0.555792,46.986034],[0.556907,46.986386],[0.558495,46.987103],[0.559461,46.985493],[0.562851,46.98681],[0.56519,46.986605],[0.571413,46.987703],[0.570705,46.991494],[0.570233,46.99287],[0.568022,46.992167],[0.566735,46.992299],[0.566156,46.993294],[0.565126,46.994407],[0.562937,46.993558],[0.562164,46.994963],[0.561263,46.996177],[0.560984,46.996997],[0.560362,46.997641],[0.559268,46.998036],[0.557208,46.999412],[0.556543,46.999573],[0.556414,47.000114],[0.557229,47.000656],[0.557143,47.000831],[0.55607,47.00127],[0.554869,47.000524],[0.554096,47.000012],[0.551049,46.999295],[0.547874,46.998885],[0.547874,46.998885],[0.545406,47.005089],[0.546415,47.006333],[0.545127,47.007006],[0.542874,47.008938],[0.542788,47.009479],[0.542016,47.010854],[0.54105,47.011484],[0.543196,47.012976],[0.544312,47.013312],[0.545642,47.013342],[0.546887,47.013298],[0.54959,47.013883],[0.549333,47.014249],[0.548775,47.014483],[0.548002,47.01517],[0.549118,47.015639],[0.548904,47.016736],[0.547294,47.018579],[0.546758,47.019881],[0.546157,47.019969],[0.545127,47.020613],[0.544719,47.021037],[0.543561,47.021519],[0.543153,47.022061],[0.541629,47.022148],[0.540535,47.022646],[0.539913,47.023743],[0.539162,47.024153],[0.539806,47.024679],[0.540449,47.025688],[0.540363,47.027005],[0.539956,47.027473],[0.53957,47.028248],[0.537874,47.029374],[0.538261,47.03034],[0.538089,47.030954],[0.537703,47.031319],[0.538089,47.032109],[0.539055,47.033279],[0.53869,47.033323],[0.537531,47.034054],[0.53648,47.035312],[0.534463,47.036424],[0.531695,47.035692],[0.531759,47.036014],[0.533154,47.037374],[0.53487,47.038778],[0.536158,47.040401],[0.537209,47.041893],[0.538368,47.042214],[0.538668,47.042595],[0.540256,47.042624],[0.540514,47.04375],[0.539698,47.046937],[0.541243,47.050563],[0.547514,47.049622],[0.547385,47.050533],[0.549885,47.051609],[0.550271,47.052275],[0.551355,47.052698],[0.551312,47.054241],[0.551607,47.060299],[0.552074,47.065479],[0.550926,47.067207],[0.552417,47.067593],[0.555743,47.068302],[0.558779,47.069969],[0.560496,47.07021],[0.561633,47.07072],[0.564289,47.071521],[0.56527,47.071884],[0.564283,47.073009],[0.564219,47.073841],[0.564734,47.074936],[0.564734,47.075748],[0.563961,47.076649],[0.563961,47.076904],[0.564423,47.07716],[0.56424,47.078758],[0.56217,47.078518],[0.561,47.07951],[0.559273,47.080387],[0.556086,47.080746],[0.552342,47.079876],[0.552074,47.081558],[0.55143,47.083637],[0.546259,47.086678],[0.542933,47.085575],[0.541109,47.084393],[0.539746,47.084145],[0.538448,47.084487],[0.538116,47.085503],[0.536753,47.084412],[0.534339,47.082806],[0.532494,47.081814],[0.532225,47.081382],[0.530627,47.08157],[0.529425,47.081989],[0.528116,47.08217],[0.52507,47.083194],[0.523718,47.083478],[0.522044,47.084282],[0.517859,47.0867],[0.512549,47.090221],[0.51404,47.091873],[0.515982,47.093178],[0.518879,47.096481],[0.520477,47.097446],[0.522162,47.099155],[0.52287,47.100452],[0.523878,47.10304],[0.523041,47.103958],[0.521132,47.104572],[0.520252,47.1045],[0.518643,47.104614],[0.515381,47.10564],[0.512109,47.107063],[0.507689,47.109318],[0.497957,47.113716],[0.496767,47.113205],[0.495297,47.112869],[0.493462,47.113804],[0.490093,47.115276],[0.48798,47.116035],[0.489256,47.117519],[0.486231,47.118168],[0.477895,47.119411],[0.477176,47.118191],[0.476618,47.117802],[0.47489,47.11705],[0.472927,47.116723],[0.472466,47.115584],[0.470749,47.115292],[0.469419,47.115204],[0.466318,47.115898],[0.465986,47.115131],[0.464827,47.115256],[0.463432,47.115753],[0.462134,47.116528],[0.458089,47.119663],[0.456126,47.120602],[0.454334,47.121117],[0.454034,47.120949],[0.45244,47.121243],[0.450804,47.121361],[0.448744,47.121281],[0.446953,47.120934],[0.446105,47.121178],[0.44161,47.120781],[0.440215,47.120773],[0.440075,47.1203],[0.437436,47.120085],[0.435312,47.119812],[0.434893,47.119926],[0.432823,47.120045],[0.432823,47.120045],[0.432635,47.11995],[0.430833,47.120082],[0.429395,47.120359],[0.427872,47.120783],[0.427485,47.121075],[0.426048,47.121338],[0.426134,47.121542],[0.426305,47.121819],[0.425855,47.122053],[0.426005,47.12233],[0.426091,47.122783],[0.426563,47.123323],[0.426949,47.124155],[0.422035,47.124608],[0.420984,47.124491],[0.414697,47.125601],[0.413044,47.126418],[0.410362,47.127105],[0.411499,47.128959],[0.412722,47.130404],[0.413543,47.130981],[0.408726,47.132263],[0.405722,47.132973],[0.404284,47.133907],[0.407138,47.136608],[0.405239,47.137745],[0.403758,47.138153],[0.401623,47.139256],[0.39952,47.140846],[0.398619,47.141167],[0.398737,47.142014],[0.399563,47.143837],[0.401204,47.145927],[0.400947,47.146465],[0.400389,47.146671],[0.400701,47.148815],[0.399832,47.149628],[0.401151,47.150215],[0.401226,47.151136],[0.400615,47.152138],[0.400207,47.15213],[0.400035,47.152626],[0.398136,47.152554],[0.396581,47.151642],[0.394853,47.151173],[0.393545,47.15105],[0.390809,47.151312],[0.389446,47.15123],[0.387751,47.150967],[0.387386,47.150589],[0.387064,47.153923],[0.386496,47.154778],[0.383642,47.155148],[0.382955,47.155529],[0.38082,47.158417],[0.379372,47.159214],[0.376174,47.160831],[0.371551,47.161342],[0.370852,47.161115],[0.368922,47.160241],[0.367559,47.160544],[0.366685,47.160404],[0.365475,47.160027],[0.364591,47.160817],[0.364643,47.16127],[0.364261,47.161525],[0.364263,47.162062],[0.363835,47.162782],[0.362506,47.162773],[0.361658,47.162502],[0.360081,47.162292],[0.358998,47.162201],[0.356948,47.161961],[0.355639,47.162312],[0.353032,47.162296],[0.351337,47.162071],[0.350007,47.162167],[0.350103,47.162743],[0.350447,47.163486],[0.350629,47.165764],[0.349996,47.166054],[0.349653,47.166412],[0.34947,47.166245],[0.348837,47.166595],[0.34725,47.166557],[0.347496,47.167835],[0.347099,47.168956],[0.347099,47.168956],[0.346912,47.169914],[0.345796,47.170352],[0.344315,47.170687],[0.342626,47.171505],[0.341027,47.171795],[0.33989,47.172487],[0.337283,47.172379],[0.336156,47.172583],[0.332637,47.172954],[0.330212,47.173561],[0.329074,47.174216],[0.320545,47.175274],[0.3187,47.175243],[0.3162,47.175049],[0.313132,47.175114],[0.312531,47.173721],[0.311544,47.173401],[0.309259,47.172256],[0.307027,47.171665],[0.307027,47.171665],[0.303685,47.170031],[0.301947,47.171052],[0.299952,47.172759],[0.299265,47.17378],[0.299136,47.174976],[0.298299,47.175283],[0.297119,47.175283],[0.295982,47.174655],[0.293171,47.174087],[0.290382,47.174101],[0.287141,47.173591],[0.284223,47.173605],[0.282743,47.173795],[0.27843,47.173853],[0.276842,47.173926],[0.274117,47.173007]]],"type":"MultiLineString"},"properties":{"geo_point":{"lon":0.7149823853513407,"lat":46.4971035526069},"name":"GR48 De La Ribière (Haute-Vienne) à Chinon (Indre-et-Loire) (2020)","code_gr":"GR48"}},{"type":"Feature","geometry":{"coordinates":[[[0.995916,45.789561],[0.995509,45.789346],[0.994924,45.789289],[0.994648,45.78947],[0.994192,45.789924],[0.992875,45.790287],[0.991932,45.790876],[0.99107,45.791375],[0.99094,45.791942],[0.990875,45.793518],[0.992078,45.793042],[0.992273,45.792906],[0.992631,45.792861],[0.993363,45.793552],[0.993753,45.794777],[0.994111,45.795401],[0.994517,45.795865],[0.994566,45.79633],[0.994274,45.797283],[0.99442,45.797929],[0.991818,45.797736],[0.989021,45.798428],[0.986761,45.799289],[0.984809,45.80023],[0.985313,45.80082],[0.984289,45.800559],[0.982955,45.800956],[0.982012,45.801523],[0.982451,45.801591],[0.984272,45.804085],[0.984338,45.80447],[0.984338,45.805309],[0.984793,45.806772],[0.982939,45.80735],[0.98289,45.807746],[0.98141,45.808642],[0.980435,45.808676],[0.979735,45.808744],[0.977995,45.808721],[0.976629,45.809039],[0.975231,45.809084],[0.97445,45.809379],[0.974027,45.809662],[0.973572,45.810365],[0.972629,45.810365],[0.971686,45.81058],[0.97097,45.810592],[0.970369,45.810694],[0.969588,45.810388],[0.969051,45.81066],[0.968742,45.810512],[0.965523,45.810467],[0.964531,45.810138],[0.963587,45.810014],[0.9557,45.807565],[0.955212,45.807939],[0.955489,45.808177],[0.955456,45.808506],[0.955229,45.808948],[0.956578,45.812723],[0.951261,45.811918],[0.949992,45.811544],[0.948139,45.811498],[0.945098,45.809243],[0.944528,45.808506],[0.94378,45.807803],[0.943293,45.807055],[0.942821,45.807429],[0.942414,45.80786],[0.941065,45.806692],[0.939894,45.806012],[0.939764,45.805457],[0.939601,45.805389],[0.939211,45.805536],[0.938739,45.805321],[0.937991,45.805411],[0.938089,45.805842],[0.937829,45.806284],[0.936755,45.806647],[0.936235,45.806466],[0.935845,45.806023],[0.935438,45.805933],[0.935179,45.806016],[0.934975,45.806285],[0.93456,45.806171],[0.935227,45.805389],[0.935828,45.805423],[0.936544,45.805604],[0.936511,45.805343],[0.935845,45.804686],[0.934105,45.804119],[0.933633,45.804652],[0.933178,45.804822],[0.932787,45.805139],[0.93256,45.80506],[0.931877,45.805026],[0.931893,45.804482],[0.931698,45.804425],[0.930934,45.804527],[0.930169,45.804901],[0.929828,45.805434],[0.929275,45.805899],[0.927958,45.805831],[0.927047,45.805649],[0.924673,45.805967],[0.924543,45.80608],[0.924234,45.806057],[0.923795,45.805366],[0.92329,45.80523],[0.922851,45.805219],[0.921827,45.805638],[0.921339,45.806227],[0.92103,45.806273],[0.918786,45.806069],[0.917631,45.806148],[0.915973,45.805729],[0.913485,45.80557],[0.913062,45.804425],[0.912834,45.803677],[0.912541,45.803087],[0.910931,45.803552],[0.908866,45.804482],[0.90615,45.804142],[0.906037,45.804266],[0.905679,45.804255],[0.904849,45.804448],[0.9015,45.804187],[0.900914,45.804074],[0.900101,45.804244],[0.892962,45.806398],[0.886945,45.808098],[0.884701,45.808608],[0.884018,45.808948],[0.883189,45.809152],[0.882733,45.809379],[0.882457,45.809696],[0.88179,45.810138],[0.880945,45.810399],[0.880343,45.810705],[0.878066,45.812179],[0.875204,45.814434],[0.874375,45.814808],[0.87109,45.814751],[0.869138,45.814513],[0.86774,45.814502],[0.865447,45.814706],[0.864878,45.81491],[0.864309,45.814853],[0.863983,45.815035],[0.862959,45.815205],[0.862487,45.815159],[0.861788,45.815171],[0.861024,45.815261],[0.860568,45.815125],[0.860568,45.814933],[0.85956,45.814502],[0.857966,45.814763],[0.856779,45.814819],[0.855543,45.814921],[0.854763,45.815182],[0.854291,45.815386],[0.854015,45.815341],[0.853803,45.815568],[0.852389,45.815851],[0.851299,45.815783],[0.848421,45.816395],[0.847575,45.816531],[0.846746,45.81644],[0.846681,45.81669],[0.846925,45.817268],[0.847006,45.817902],[0.847169,45.818265],[0.846177,45.818594],[0.844811,45.818696],[0.844274,45.81907],[0.844176,45.819398],[0.843867,45.819602],[0.843575,45.819387],[0.843152,45.819648],[0.843233,45.819976],[0.843184,45.820407],[0.842469,45.820384],[0.841591,45.820611],[0.840143,45.82009],[0.839005,45.820736],[0.838403,45.820872],[0.838078,45.821064],[0.836826,45.821246],[0.836176,45.821212],[0.835444,45.821404],[0.834452,45.821438],[0.833476,45.821574],[0.831996,45.821518],[0.83089,45.821688],[0.829736,45.821801],[0.829183,45.821699],[0.82741,45.82171],[0.826451,45.822028],[0.826077,45.821948],[0.825866,45.822254],[0.824174,45.821801],[0.823345,45.82179],[0.822483,45.821914],[0.822353,45.822028],[0.821654,45.821892],[0.821019,45.821676],[0.820548,45.821688],[0.819995,45.821722],[0.819361,45.821835],[0.819475,45.822096],[0.819361,45.822232],[0.819784,45.823523],[0.817312,45.823999],[0.816824,45.824294],[0.816027,45.824566],[0.815523,45.825031],[0.814564,45.825722],[0.814694,45.825994],[0.813799,45.826345],[0.813035,45.826787],[0.812758,45.827059],[0.812449,45.827229],[0.811636,45.827932],[0.810498,45.827059],[0.810433,45.828306],[0.810498,45.828691],[0.810352,45.828838],[0.809083,45.828861],[0.808026,45.829019],[0.807034,45.829257],[0.806335,45.829552],[0.805034,45.829677],[0.804091,45.82962],[0.803018,45.829813],[0.802286,45.829994],[0.801473,45.830153],[0.801115,45.830334],[0.800887,45.83064],[0.800302,45.831172],[0.800237,45.83158],[0.799001,45.832668],[0.798497,45.833065],[0.797651,45.833472],[0.796838,45.833688],[0.796269,45.833744],[0.795521,45.833699],[0.794773,45.833892],[0.79435,45.833756],[0.794496,45.834084],[0.79448,45.834787],[0.794334,45.835195],[0.793472,45.835331],[0.793098,45.835172],[0.792594,45.835217],[0.792187,45.835433],[0.792057,45.835784],[0.790951,45.835569],[0.790122,45.835127],[0.788967,45.835308],[0.788317,45.835308],[0.786723,45.835546],[0.784869,45.83541],[0.783845,45.835512],[0.782999,45.835376],[0.781406,45.835557],[0.781487,45.837064],[0.783032,45.839047],[0.782967,45.839273],[0.782641,45.839568],[0.782219,45.839636],[0.781519,45.840248],[0.78165,45.840723],[0.781991,45.841086],[0.782284,45.84112],[0.782398,45.841279],[0.782089,45.841437],[0.781113,45.841505],[0.780056,45.841732],[0.778918,45.841913],[0.776576,45.843034],[0.775128,45.843669],[0.773632,45.844349],[0.772722,45.844552],[0.771372,45.8447],[0.770413,45.844711],[0.771356,45.844145],[0.771827,45.843578],[0.771648,45.842808],[0.771957,45.84206],[0.772055,45.841516],[0.771063,45.840893],[0.769713,45.840508],[0.768786,45.840395],[0.768168,45.840384],[0.767583,45.840248],[0.767372,45.839998],[0.76677,45.839489],[0.766624,45.838763],[0.766672,45.837982],[0.764266,45.837404],[0.763322,45.837495],[0.762688,45.837381],[0.762363,45.837041],[0.761924,45.836917],[0.761485,45.83686],[0.760916,45.836701],[0.759728,45.836577],[0.758932,45.836645],[0.757647,45.837506],[0.756671,45.837902],[0.755809,45.838072],[0.754948,45.838582],[0.754378,45.839307],[0.753191,45.839421],[0.752638,45.839602],[0.751841,45.840044],[0.751158,45.840191],[0.750118,45.840542],[0.749484,45.840893],[0.749028,45.840621],[0.749484,45.840361],[0.749142,45.840214],[0.748264,45.83959],[0.747776,45.838922],[0.748378,45.838673],[0.74963,45.838367],[0.750183,45.838038],[0.750459,45.837132],[0.750833,45.836475],[0.750654,45.835897],[0.750134,45.834979],[0.751207,45.834685],[0.751012,45.834107],[0.750931,45.832929],[0.750996,45.832645],[0.750719,45.831512],[0.751646,45.831286],[0.749435,45.829416],[0.748931,45.829235],[0.746849,45.828951],[0.745548,45.828147],[0.744963,45.827456],[0.744507,45.827059],[0.744215,45.826492],[0.743678,45.826288],[0.742654,45.825541],[0.742458,45.826005],[0.742133,45.826209],[0.741694,45.826651],[0.740263,45.827025],[0.739287,45.827252],[0.738848,45.827524],[0.738182,45.828238],[0.736702,45.828725],[0.734344,45.829359],[0.732815,45.830107],[0.731888,45.830526],[0.731335,45.830753],[0.730587,45.831184],[0.729449,45.83149],[0.728831,45.831716],[0.727563,45.831965],[0.726668,45.832577],[0.726229,45.833144],[0.725432,45.834062],[0.724782,45.834164],[0.724391,45.834175],[0.723237,45.834481],[0.721237,45.834152],[0.720407,45.83422],[0.719025,45.834537],[0.718098,45.834005],[0.717415,45.834039],[0.716537,45.834662],[0.716212,45.834696],[0.715935,45.834118],[0.71574,45.834753],[0.715301,45.834979],[0.714764,45.835081],[0.71439,45.835365],[0.714325,45.835806],[0.714016,45.835467],[0.71361,45.835195],[0.713594,45.835342],[0.713691,45.835546],[0.712959,45.83601],[0.712358,45.836713],[0.712423,45.837064],[0.713057,45.837574],[0.711512,45.838106],[0.710341,45.838299],[0.708617,45.838197],[0.707707,45.838242],[0.70665,45.83771],[0.706406,45.837766],[0.706081,45.838333],[0.705983,45.838809],[0.705625,45.839183],[0.705007,45.839534],[0.704276,45.839103],[0.703316,45.838344],[0.702259,45.837721],[0.7006,45.837053],[0.700584,45.836611],[0.700145,45.835557],[0.699478,45.835093],[0.698974,45.835263],[0.696519,45.834911],[0.696161,45.835614],[0.695738,45.835942],[0.694583,45.836294],[0.693868,45.836679],[0.693413,45.837109],[0.689998,45.838344],[0.687884,45.839013],[0.685314,45.839987],[0.682062,45.840882],[0.678484,45.841641],[0.677037,45.842004],[0.676208,45.842026],[0.675085,45.842139],[0.674289,45.8424],[0.673101,45.842989],[0.671996,45.843216],[0.671004,45.843499],[0.669264,45.844315],[0.667637,45.844926],[0.666548,45.845425],[0.665149,45.845934],[0.663995,45.84615],[0.662369,45.846376],[0.659929,45.846818],[0.658986,45.846841],[0.657571,45.846739],[0.656352,45.846943],[0.653912,45.8476],[0.649554,45.849106],[0.648026,45.849876],[0.645912,45.850885],[0.64396,45.851553],[0.641358,45.852991],[0.640431,45.85332],[0.63996,45.85366],[0.638805,45.854339],[0.638236,45.854996],[0.636707,45.855755],[0.635032,45.8564],[0.633845,45.856525],[0.632805,45.85648],[0.631926,45.856446],[0.630398,45.856706],[0.629146,45.856853],[0.628235,45.857046],[0.627145,45.857114],[0.626706,45.857035],[0.626332,45.857137],[0.625731,45.857363],[0.625113,45.857103],[0.624739,45.856378],[0.623291,45.856819],[0.621844,45.8564],[0.621568,45.857125],[0.621746,45.85751],[0.621584,45.857975],[0.62025,45.858801],[0.618136,45.859572],[0.616266,45.860172],[0.614933,45.860659],[0.614168,45.859606],[0.61412,45.858235],[0.613599,45.856797],[0.611599,45.857171],[0.611111,45.857533],[0.610835,45.857873],[0.608997,45.859073],[0.607729,45.859753],[0.60729,45.85853],[0.605078,45.853897],[0.603907,45.855177],[0.603257,45.855608],[0.6022,45.856208],[0.601029,45.857239],[0.598557,45.858892],[0.59685,45.859572],[0.596362,45.860059],[0.595614,45.8611],[0.595305,45.862742],[0.595028,45.863377],[0.594329,45.863297],[0.592182,45.864384],[0.591743,45.864702],[0.591093,45.865415],[0.588719,45.866876],[0.587206,45.868948],[0.589532,45.869208],[0.589418,45.870159],[0.589597,45.870363],[0.590117,45.870477],[0.590491,45.870918],[0.590816,45.87102],[0.59215,45.872447],[0.592069,45.873013],[0.591743,45.873805],[0.591337,45.875255],[0.592589,45.876115],[0.5935,45.877066],[0.59467,45.877768],[0.596508,45.878391],[0.597776,45.878719],[0.597533,45.879591],[0.597386,45.880757],[0.596671,45.881142],[0.596508,45.881594],[0.596801,45.882568],[0.596931,45.883734],[0.596264,45.884164],[0.596768,45.884096],[0.597061,45.884357],[0.597793,45.886858],[0.598199,45.888115],[0.598899,45.888918],[0.599305,45.889677],[0.599354,45.890345],[0.599029,45.891352],[0.599289,45.89211],[0.599549,45.89245],[0.599468,45.892835],[0.598866,45.893729],[0.598573,45.894385],[0.59924,45.894702],[0.599419,45.894951],[0.599403,45.895257],[0.600183,45.8952],[0.600476,45.895268],[0.601809,45.896196],[0.602135,45.896785],[0.602606,45.896886],[0.603712,45.896796],[0.604102,45.897],[0.604655,45.897599],[0.60472,45.898165],[0.604606,45.898686],[0.604932,45.898946],[0.605696,45.899037],[0.606135,45.89924],[0.606672,45.89958],[0.608477,45.90035],[0.609924,45.900961],[0.610005,45.902703],[0.609761,45.904672],[0.60955,45.905102],[0.608916,45.906132],[0.608607,45.907026],[0.608558,45.907762],[0.6089,45.909017],[0.608623,45.912808],[0.609046,45.915105],[0.609339,45.915897],[0.609371,45.916847],[0.609274,45.917831],[0.60916,45.918533],[0.609225,45.920071],[0.609209,45.921474],[0.60968,45.921904],[0.612884,45.921859],[0.613616,45.921938],[0.614917,45.921904],[0.615697,45.92204],[0.616315,45.9223],[0.618266,45.923454],[0.618771,45.923488],[0.619372,45.923623],[0.619632,45.92368],[0.620446,45.924279],[0.621161,45.924596],[0.620933,45.924834],[0.621616,45.924596],[0.622202,45.924607],[0.622657,45.924766],[0.623682,45.924777],[0.62508,45.925105],[0.625633,45.924958],[0.626121,45.925015],[0.626902,45.925263],[0.626641,45.926655],[0.625812,45.926938],[0.625292,45.927503],[0.625796,45.927967],[0.624544,45.927797],[0.624397,45.92791],[0.623308,45.928125],[0.622625,45.928351],[0.62186,45.928306],[0.620478,45.928555],[0.619519,45.928894],[0.618771,45.928928],[0.617844,45.928928],[0.616982,45.928996],[0.614819,45.928906],[0.613648,45.928793],[0.614266,45.929392],[0.614656,45.92998],[0.615356,45.93058],[0.61664,45.931202],[0.61773,45.931507],[0.618657,45.931892],[0.619909,45.932355],[0.620153,45.932536],[0.621063,45.932978],[0.621503,45.933328],[0.622218,45.934188],[0.623178,45.935172],[0.62456,45.936144],[0.625796,45.936755],[0.627357,45.938101],[0.628268,45.938564],[0.629292,45.939288],[0.629926,45.93948],[0.630528,45.940476],[0.631943,45.941132],[0.632983,45.941787],[0.635748,45.942805],[0.635,45.94311],[0.632707,45.945496],[0.630609,45.946503],[0.629081,45.946966],[0.629503,45.947645],[0.630008,45.948165],[0.630349,45.9489],[0.631113,45.949748],[0.631764,45.950302],[0.631764,45.950539],[0.631406,45.950698],[0.630869,45.950743],[0.629959,45.950223],[0.628869,45.950121],[0.62721,45.950528],[0.625633,45.950743],[0.62521,45.951376],[0.62443,45.953015],[0.624072,45.953592],[0.622934,45.955084],[0.623145,45.955435],[0.62308,45.955932],[0.622673,45.956475],[0.621893,45.956667],[0.621746,45.95695],[0.622381,45.957153],[0.622104,45.957798],[0.622381,45.958453],[0.623389,45.958906],[0.623291,45.959109],[0.623308,45.959279],[0.622999,45.95938],[0.621763,45.960036],[0.622852,45.960398],[0.623714,45.960816],[0.624462,45.96094],[0.625145,45.961291],[0.625763,45.961347],[0.626658,45.961246],[0.627471,45.961076],[0.628365,45.962139],[0.629162,45.962331],[0.629894,45.962715],[0.630772,45.962738],[0.630837,45.963088],[0.630756,45.963506],[0.630902,45.963653],[0.63139,45.963608],[0.632479,45.963099],[0.632561,45.96371],[0.632902,45.964264],[0.633975,45.965055],[0.634203,45.965643],[0.634398,45.965801],[0.634414,45.966547],[0.634772,45.966931],[0.635228,45.967225],[0.635195,45.967994],[0.634723,45.968378],[0.634528,45.968672],[0.63448,45.96935],[0.633569,45.970933],[0.63326,45.971656],[0.632544,45.972651],[0.632479,45.973069],[0.631341,45.97369],[0.630853,45.974041],[0.630447,45.974493],[0.629259,45.974967],[0.628658,45.975589],[0.628658,45.976776],[0.62843,45.977081],[0.627666,45.977702],[0.627341,45.978392],[0.627747,45.979284],[0.628544,45.979804],[0.629455,45.98046],[0.631211,45.98142],[0.631796,45.981985],[0.632707,45.982076],[0.634073,45.982449],[0.635032,45.983353],[0.636171,45.984595],[0.636529,45.985262],[0.637179,45.985737],[0.638057,45.986155],[0.639342,45.987669],[0.639797,45.988076],[0.641293,45.989025],[0.641732,45.98898],[0.642529,45.989228],[0.643716,45.989861],[0.644611,45.990652],[0.64544,45.990878],[0.645603,45.991262],[0.646302,45.991431],[0.64731,45.991465],[0.647684,45.991612],[0.647977,45.992934],[0.650839,45.992945],[0.651262,45.992719],[0.652937,45.990607],[0.653408,45.991815],[0.65349,45.992403],[0.653799,45.992911],[0.656189,45.994188],[0.656758,45.994742],[0.65697,45.995273],[0.659442,45.99708],[0.660043,45.997069],[0.660466,45.997555],[0.66058,45.997916],[0.66019,45.998379],[0.66019,45.998617],[0.660433,45.99891],[0.660531,45.999283],[0.6611,45.999904],[0.662531,46.000514],[0.662726,46.001158],[0.663409,46.002231],[0.664174,46.003101],[0.665101,46.004005],[0.665052,46.004942],[0.665702,46.005812],[0.666011,46.006083],[0.667345,46.006761],[0.667833,46.007348],[0.668272,46.008195],[0.668483,46.009189],[0.669264,46.00981],[0.670792,46.010601],[0.671752,46.011075],[0.671996,46.011426],[0.671931,46.011911],[0.672028,46.012397],[0.67224,46.01251],[0.672679,46.012397],[0.673768,46.012984],[0.674289,46.013425],[0.67424,46.013842],[0.674256,46.014667],[0.674793,46.014802],[0.67463,46.015175],[0.674679,46.015638],[0.675037,46.015909],[0.675606,46.015774],[0.677004,46.01609],[0.67824,46.016293],[0.679427,46.016733],[0.681184,46.017027],[0.682485,46.017682],[0.683184,46.017897],[0.683249,46.018235],[0.68281,46.019444],[0.690664,46.022944],[0.686989,46.025891],[0.686875,46.026445],[0.686534,46.026637],[0.685086,46.026874],[0.683899,46.026716],[0.681818,46.026366],[0.68081,46.026411],[0.67959,46.02658],[0.678549,46.027009],[0.679118,46.027958],[0.678305,46.028375],[0.677996,46.028421],[0.677021,46.029392],[0.676972,46.029663],[0.677622,46.029979],[0.677411,46.030825],[0.678143,46.030825],[0.678565,46.031142],[0.679866,46.031051],[0.680663,46.031435],[0.682062,46.031401],[0.682517,46.031277],[0.682859,46.030995],[0.684029,46.031221],[0.682907,46.032383],[0.682826,46.032643],[0.683346,46.033896],[0.683786,46.033885],[0.683981,46.034348],[0.684647,46.034957],[0.685282,46.035815],[0.685509,46.036504],[0.685461,46.037091],[0.685249,46.037678],[0.685184,46.038209],[0.68533,46.038615],[0.685509,46.039473],[0.685379,46.040116],[0.685444,46.040591],[0.686013,46.041302],[0.68603,46.041482],[0.685721,46.042002],[0.685981,46.042487],[0.684859,46.04304],[0.685363,46.043571],[0.685184,46.043661],[0.684566,46.043672],[0.684485,46.043932],[0.68494,46.044541],[0.685753,46.044485],[0.686013,46.044654],[0.685704,46.04497],[0.685412,46.046234],[0.685526,46.046573],[0.687022,46.047363],[0.687201,46.048006],[0.687412,46.048277],[0.687233,46.048616],[0.68707,46.049801],[0.686761,46.050072],[0.686339,46.050173],[0.686062,46.050478],[0.685981,46.050828],[0.685948,46.051641],[0.686013,46.052182],[0.685656,46.053017],[0.68533,46.053096],[0.684859,46.053085],[0.684908,46.053672],[0.685038,46.054112],[0.684826,46.054733],[0.684338,46.054665],[0.684208,46.055703],[0.684322,46.056132],[0.683655,46.056459],[0.683542,46.056888],[0.683672,46.057498],[0.68333,46.057565],[0.683298,46.057678],[0.68346,46.057893],[0.68359,46.059235],[0.683883,46.061786],[0.684062,46.063377],[0.684029,46.064494],[0.683916,46.065261],[0.683932,46.065633],[0.684322,46.066265],[0.684664,46.067619],[0.684712,46.068962],[0.684436,46.070101],[0.684712,46.071421],[0.684924,46.071974],[0.685558,46.072594],[0.686192,46.072741],[0.687493,46.07326],[0.687916,46.07326],[0.687802,46.073824],[0.687672,46.076024],[0.687932,46.076972],[0.688632,46.078246],[0.689168,46.079803],[0.689022,46.080886],[0.688713,46.081777],[0.688388,46.082318],[0.68855,46.082984],[0.688745,46.083469],[0.688404,46.083976],[0.68855,46.084732],[0.688924,46.085217],[0.689526,46.085612],[0.689607,46.086469],[0.689461,46.087349],[0.689656,46.087913],[0.689461,46.088939],[0.689217,46.089672],[0.688957,46.090338],[0.688989,46.09168],[0.689315,46.092447],[0.689721,46.09248],[0.690534,46.093089],[0.692177,46.093349],[0.692778,46.093247],[0.695218,46.093687],[0.694795,46.095345],[0.695006,46.095785],[0.694746,46.096033],[0.694551,46.096472],[0.694177,46.096495],[0.693315,46.096991],[0.692908,46.097724],[0.692486,46.098288],[0.692079,46.098525],[0.691201,46.098965],[0.690648,46.099878],[0.689965,46.100509],[0.688843,46.101175],[0.68829,46.101682],[0.687981,46.102167],[0.687916,46.103249],[0.687721,46.10396],[0.687753,46.104681],[0.686827,46.106215],[0.685672,46.107556],[0.684729,46.107985],[0.684761,46.108188],[0.684566,46.108447],[0.684631,46.108706],[0.684956,46.108988],[0.685249,46.109124],[0.685997,46.109879],[0.686485,46.110059],[0.687753,46.111514],[0.687721,46.111728],[0.688615,46.112201],[0.688957,46.112528],[0.689526,46.113554],[0.690437,46.114591],[0.691152,46.11564],[0.690697,46.115572],[0.689802,46.116034],[0.68925,46.116271],[0.689006,46.11653],[0.688778,46.116913],[0.687786,46.117522],[0.686696,46.117736],[0.685607,46.118311],[0.684973,46.118672],[0.683997,46.119641],[0.683493,46.119912],[0.682842,46.120103],[0.68185,46.120554],[0.681525,46.120239],[0.681005,46.12007],[0.680533,46.120205],[0.678517,46.121039],[0.677752,46.121456],[0.676159,46.121783],[0.674972,46.122166],[0.673947,46.12238],[0.673687,46.122358],[0.673101,46.122516],[0.672158,46.122572],[0.671557,46.123023],[0.670906,46.123305],[0.67063,46.123496],[0.669865,46.12371],[0.669003,46.123913],[0.66876,46.124296],[0.667979,46.124635],[0.667426,46.124961],[0.66715,46.125638],[0.666711,46.125987],[0.666353,46.126393],[0.665897,46.126618],[0.664792,46.126968],[0.66606,46.127802],[0.667263,46.128072],[0.667654,46.128331],[0.668613,46.128636],[0.668028,46.129796],[0.66793,46.13054],[0.668093,46.131329],[0.669069,46.132659],[0.670288,46.132388],[0.670451,46.13267],[0.672435,46.132929],[0.67315,46.133369],[0.673898,46.13347],[0.674744,46.133459],[0.675833,46.133256],[0.676923,46.134361],[0.677037,46.134845],[0.67785,46.135341],[0.677834,46.135735],[0.67894,46.137538],[0.679005,46.138214],[0.678956,46.13924],[0.67907,46.140085],[0.679379,46.141031],[0.679964,46.141257],[0.679834,46.142203],[0.679427,46.142631],[0.67998,46.142936],[0.680094,46.143161],[0.67985,46.143274],[0.680127,46.143803],[0.680354,46.143938],[0.680484,46.145245],[0.681054,46.145944],[0.681948,46.146687],[0.685932,46.148783],[0.686241,46.151081],[0.686257,46.152501],[0.687038,46.155407],[0.686827,46.15615],[0.68694,46.156511],[0.687379,46.156973],[0.687753,46.157176],[0.687949,46.15775],[0.688371,46.158302],[0.688469,46.158561],[0.688697,46.158798],[0.689851,46.158719],[0.690225,46.15882],[0.690128,46.159057],[0.689217,46.160352],[0.688973,46.160555],[0.689266,46.161017],[0.689282,46.161918],[0.689916,46.162852],[0.690242,46.16372],[0.690111,46.1647],[0.690453,46.165263],[0.689136,46.166197],[0.688144,46.16658],[0.686111,46.167943],[0.685672,46.167617],[0.684924,46.167403],[0.684387,46.167448],[0.683623,46.167245],[0.682566,46.167436],[0.680875,46.167414],[0.678858,46.166839],[0.67811,46.166558],[0.675931,46.166276],[0.675183,46.166423],[0.674711,46.166254],[0.674093,46.166175],[0.673801,46.166794],[0.673996,46.167481],[0.674045,46.167662],[0.673947,46.167831],[0.67411,46.168225],[0.674028,46.168551],[0.674451,46.168788],[0.674402,46.169238],[0.674077,46.169576],[0.673638,46.169779],[0.673394,46.170545],[0.673248,46.171896],[0.672435,46.173439],[0.673459,46.174362],[0.673313,46.175331],[0.673573,46.175488],[0.674175,46.175533],[0.675199,46.17586],[0.675508,46.176581],[0.676045,46.176918],[0.675882,46.177144],[0.675703,46.178168],[0.675947,46.178934],[0.677378,46.179666],[0.680663,46.181366],[0.681135,46.181569],[0.682615,46.18301],[0.684371,46.184361],[0.684647,46.184496],[0.684566,46.185025],[0.684192,46.185588],[0.684452,46.186534],[0.684956,46.187592],[0.685379,46.188999],[0.687087,46.188774],[0.68707,46.188988],[0.687363,46.19017],[0.687802,46.19142],[0.688567,46.192782],[0.689054,46.192996],[0.691201,46.193581],[0.691559,46.193874],[0.69164,46.1942],[0.691477,46.195855],[0.691786,46.197881],[0.69151,46.198601],[0.691152,46.198973],[0.690681,46.199378],[0.690729,46.199603],[0.692014,46.200177],[0.692713,46.200582],[0.693917,46.201865],[0.6946,46.202665],[0.695868,46.205861],[0.695705,46.20612],[0.695039,46.206401],[0.69499,46.206671],[0.696291,46.209271],[0.696941,46.211161],[0.696844,46.211634],[0.695933,46.212906],[0.692421,46.215573],[0.691624,46.215899],[0.690339,46.216304],[0.689591,46.216776],[0.688892,46.2178],[0.68707,46.219533],[0.685769,46.220973],[0.684761,46.22175],[0.684322,46.221952],[0.683737,46.222357],[0.682111,46.224619],[0.681476,46.22535],[0.680907,46.22589],[0.680387,46.226182],[0.679948,46.226914],[0.679964,46.227791],[0.680533,46.22877],[0.680923,46.230154],[0.681281,46.230716],[0.681964,46.231189],[0.682094,46.231504]]],"type":"MultiLineString"},"properties":{"geo_point":{"lon":0.7239084268764178,"lat":45.94281860836984},"name":"GR48 De La Ribière (Haute-Vienne) à L'Isle-Jourdain (Gers) (2019)","code_gr":"GR48"}},{"type":"Feature","geometry":{"coordinates":[[[0.88205,46.694063],[0.880891,46.694491],[0.879593,46.695374],[0.879378,46.6957],[0.877147,46.697075],[0.876932,46.697796],[0.877555,46.698538],[0.878187,46.699598],[0.878413,46.700473],[0.878971,46.701122],[0.879175,46.702061],[0.879475,46.702591],[0.879142,46.704174],[0.879411,46.704506],[0.878692,46.705139],[0.877941,46.706367],[0.877136,46.70761],[0.875935,46.71204],[0.873767,46.712768],[0.872769,46.713972],[0.872308,46.714401],[0.872222,46.714863],[0.870956,46.715391],[0.870699,46.716701],[0.867995,46.716915],[0.867962,46.717172],[0.867598,46.717232],[0.867083,46.717531],[0.865302,46.71765],[0.865366,46.720107],[0.865849,46.720345],[0.867491,46.720219],[0.866654,46.72068],[0.863382,46.720955],[0.862094,46.721184],[0.861976,46.72068],[0.86159,46.720322],[0.8613,46.719864],[0.862738,46.719547],[0.863028,46.719013],[0.863993,46.718063],[0.864058,46.717476],[0.863832,46.716835],[0.864369,46.714008],[0.860732,46.713524],[0.861193,46.712017],[0.859466,46.711765],[0.859176,46.712097],[0.857234,46.712818],[0.856419,46.713362],[0.855571,46.713272],[0.854498,46.713421],[0.854563,46.7146],[0.854359,46.715357],[0.853222,46.714937],[0.853211,46.713843],[0.852803,46.71337],[0.853007,46.713037],[0.851945,46.712664],[0.852084,46.712231],[0.850829,46.711788],[0.849499,46.709889],[0.849338,46.709155],[0.849434,46.708603],[0.848629,46.7085],[0.847986,46.70853],[0.847385,46.708855],[0.845829,46.708752],[0.844306,46.708801],[0.841999,46.709988],[0.840926,46.711288],[0.841012,46.712347],[0.838356,46.71461],[0.837461,46.715489],[0.836774,46.715843],[0.834875,46.716011],[0.833695,46.716858],[0.832837,46.717239],[0.832429,46.718643],[0.832643,46.719195],[0.833395,46.719761],[0.833588,46.720154],[0.833041,46.720406],[0.832536,46.720865],[0.831002,46.723618],[0.829757,46.725006],[0.830026,46.725258],[0.828846,46.726185],[0.82907,46.726969],[0.830584,46.727116],[0.830884,46.728638],[0.831259,46.729427],[0.828867,46.730228],[0.828094,46.731171],[0.82788,46.732449],[0.825284,46.733082],[0.825734,46.734032],[0.827129,46.735729],[0.826217,46.73642],[0.825766,46.737259],[0.827054,46.737579],[0.826507,46.739737],[0.828438,46.739971],[0.829586,46.740406],[0.831528,46.741032],[0.833834,46.742802],[0.835057,46.743912],[0.835583,46.744801],[0.835186,46.74556],[0.835218,46.745888],[0.835422,46.746638],[0.83421,46.746925],[0.833191,46.746956],[0.832729,46.747116],[0.829875,46.746487],[0.828545,46.748955],[0.827301,46.749683],[0.826238,46.749802],[0.82567,46.749733],[0.824618,46.750042],[0.823631,46.750698],[0.823824,46.75161],[0.823578,46.752014],[0.822816,46.752697],[0.822843,46.753964],[0.822376,46.755024],[0.824705,46.75555],[0.823953,46.757099],[0.822913,46.757997],[0.822827,46.758408],[0.822344,46.759083],[0.820488,46.759872],[0.818557,46.760399],[0.816475,46.760767],[0.815847,46.760491],[0.815069,46.759979],[0.814523,46.760174],[0.813739,46.760048],[0.812731,46.760643],[0.812033,46.761364],[0.809888,46.76273],[0.809877,46.763062],[0.809276,46.763412],[0.809759,46.763847],[0.808128,46.764786],[0.807163,46.765213],[0.806733,46.765217],[0.807227,46.765617],[0.808016,46.766054],[0.810006,46.768196],[0.810145,46.768799],[0.8114,46.770805],[0.81184,46.771908],[0.812087,46.773575],[0.812505,46.774986],[0.813729,46.776436],[0.813943,46.77766],[0.81434,46.77869],[0.813299,46.780636],[0.81537,46.781975],[0.816121,46.783356],[0.817387,46.784451],[0.818074,46.785082],[0.819018,46.784435],[0.821496,46.783806],[0.82184,46.785721],[0.822784,46.788528],[0.821871,46.788675],[0.820016,46.788492],[0.819008,46.788573],[0.81772,46.789474],[0.819554,46.790943],[0.819114,46.791553],[0.818546,46.791618],[0.818374,46.791973],[0.819114,46.794266],[0.819447,46.795967],[0.819136,46.79649],[0.819211,46.796711],[0.817709,46.801426],[0.817773,46.802498],[0.817569,46.803123],[0.818717,46.805317],[0.820273,46.806316],[0.819329,46.807705],[0.818782,46.808903],[0.818696,46.80957],[0.818299,46.811787],[0.818664,46.813034],[0.818782,46.815319],[0.818009,46.817406],[0.821292,46.818439],[0.823889,46.819122],[0.825702,46.819462],[0.825391,46.820869],[0.825992,46.821369],[0.826024,46.821693],[0.825552,46.822491],[0.825412,46.823528],[0.824114,46.824902],[0.823867,46.82584],[0.824296,46.826706],[0.82361,46.828129],[0.822762,46.829152],[0.821872,46.830734],[0.821539,46.831669],[0.822869,46.83202],[0.825992,46.832085],[0.826721,46.832298],[0.827258,46.832996],[0.827794,46.833172],[0.828331,46.833824],[0.828878,46.834984],[0.82935,46.835213],[0.829779,46.835911],[0.832053,46.83712],[0.833985,46.839199],[0.83377,46.840372],[0.83318,46.84126],[0.832847,46.842353],[0.833545,46.843388],[0.830294,46.844219],[0.828642,46.844242],[0.827451,46.844739],[0.825831,46.84655],[0.825005,46.846844],[0.825101,46.847981],[0.824823,46.848671],[0.824457,46.849209],[0.824801,46.850111],[0.826346,46.850052],[0.828545,46.851181],[0.83068,46.851219],[0.832601,46.853317],[0.832965,46.854328],[0.834049,46.856243],[0.836227,46.856228],[0.838062,46.856449],[0.838727,46.856495],[0.838909,46.858849],[0.839338,46.859383],[0.83951,46.860031],[0.840712,46.861065],[0.841699,46.861652],[0.842224,46.861843],[0.84392,46.863213],[0.84511,46.863197],[0.8454,46.863978],[0.846934,46.864761],[0.847395,46.866213],[0.848973,46.867681],[0.849746,46.868152],[0.851859,46.871384],[0.854541,46.870117],[0.855764,46.869968],[0.857309,46.869476],[0.860088,46.869404],[0.860914,46.86919],[0.863156,46.871906],[0.860764,46.872845],[0.860764,46.873417],[0.864229,46.876591],[0.86439,46.877598],[0.862223,46.879086],[0.863007,46.880655],[0.862701,46.881407],[0.862137,46.882099],[0.862159,46.883369],[0.862352,46.883888],[0.862319,46.884827],[0.862952,46.88583],[0.861675,46.886772],[0.861686,46.88752],[0.86232,46.888788],[0.862995,46.889095],[0.863789,46.888429],[0.864627,46.888957],[0.865206,46.88884],[0.865495,46.888309],[0.866021,46.888221],[0.866472,46.888802],[0.867341,46.889088],[0.868671,46.890759],[0.868767,46.891678],[0.868564,46.893356],[0.869046,46.895409],[0.866182,46.895809],[0.861408,46.895531],[0.857685,46.895634],[0.855346,46.896111],[0.854123,46.89653],[0.85158,46.897739],[0.848758,46.899372],[0.847718,46.900684],[0.844992,46.902306],[0.842986,46.903099],[0.842975,46.903099],[0.841999,46.903656],[0.833663,46.905598],[0.833244,46.90583],[0.830991,46.906185],[0.830251,46.906162],[0.828341,46.906506],[0.827301,46.906975],[0.826485,46.907516],[0.823685,46.908455],[0.821432,46.909004],[0.819029,46.909901],[0.816539,46.909642],[0.813546,46.909863],[0.811036,46.910603],[0.808182,46.912304],[0.80712,46.91209],[0.80609,46.913841],[0.806401,46.914715],[0.805349,46.91637],[0.80653,46.918423],[0.805832,46.918644],[0.805285,46.919003],[0.803729,46.919327],[0.803322,46.920349],[0.803032,46.921001],[0.802142,46.921714],[0.801595,46.921553],[0.799159,46.924454],[0.796477,46.926101],[0.79197,46.92402],[0.791767,46.923203],[0.790297,46.924145],[0.789374,46.9245],[0.789052,46.924168],[0.787958,46.924675],[0.786445,46.924812],[0.779246,46.924755],[0.776929,46.924931],[0.776038,46.924915],[0.775545,46.925186],[0.774837,46.925312],[0.774043,46.925144],[0.773248,46.924791],[0.772498,46.924364],[0.771714,46.924242],[0.770749,46.922409],[0.770116,46.921736],[0.769011,46.919172],[0.768389,46.919264],[0.766994,46.920645],[0.76568,46.921713],[0.764907,46.922036],[0.764907,46.922036],[0.763834,46.921537],[0.76259,46.920028],[0.761538,46.918328],[0.760374,46.917236],[0.758893,46.916225],[0.756823,46.915485],[0.755299,46.914577],[0.753851,46.91572],[0.752306,46.917507],[0.747617,46.915104],[0.746437,46.915119],[0.744699,46.914978],[0.743551,46.915119],[0.741899,46.916012],[0.740461,46.917236],[0.735687,46.91906],[0.73102,46.921364],[0.729818,46.924595],[0.729507,46.927994],[0.730419,46.928757],[0.731471,46.930351],[0.732597,46.931671],[0.73323,46.933716],[0.733628,46.934454],[0.732104,46.934973],[0.730022,46.936178],[0.726192,46.937027],[0.724701,46.937254],[0.726922,46.940228],[0.727382,46.941101],[0.726546,46.941298],[0.725849,46.941563],[0.725248,46.941702],[0.723928,46.942272],[0.724025,46.943031],[0.723231,46.943501],[0.722909,46.945061],[0.722362,46.94545],[0.721825,46.946659],[0.721471,46.947105],[0.726664,46.948799],[0.73014,46.949236],[0.730205,46.95052],[0.730709,46.951515],[0.730612,46.952114],[0.728285,46.956217],[0.724261,46.958038],[0.715978,46.960419],[0.711858,46.961376],[0.710678,46.961883],[0.709777,46.962661],[0.708907,46.963042],[0.706505,46.962834],[0.705539,46.963303],[0.705453,46.962513],[0.704992,46.962234],[0.70393,46.962154],[0.702063,46.961716],[0.696291,46.961102],[0.695271,46.963501],[0.695175,46.964821],[0.696141,46.967873],[0.695776,46.970333],[0.695518,46.970858],[0.695937,46.971079],[0.695819,46.971622],[0.695819,46.971622],[0.696114,46.972046],[0.695578,46.972017],[0.695492,46.972236],[0.69341,46.971782],[0.692702,46.973173],[0.691522,46.973993],[0.691029,46.973964],[0.690514,46.974301],[0.689419,46.974681],[0.689183,46.974637],[0.688711,46.97474],[0.688625,46.974901],[0.685879,46.975677],[0.684892,46.976043],[0.684205,46.976102],[0.683025,46.975106],[0.67972,46.976028],[0.677596,46.976921],[0.677145,46.97676],[0.676587,46.976321],[0.676094,46.976233],[0.674871,46.976468],[0.670901,46.976643],[0.668133,46.977053],[0.667275,46.976995],[0.663927,46.977463],[0.661696,46.977551],[0.660194,46.977082],[0.658885,46.977566],[0.658306,46.976995],[0.656675,46.976921],[0.655409,46.976643],[0.654572,46.976775],[0.652898,46.975736],[0.652963,46.975487],[0.651525,46.974916],[0.651353,46.974579],[0.651461,46.974169],[0.652812,46.97209],[0.652319,46.971328],[0.65116,46.968678],[0.649208,46.96534],[0.646654,46.96389],[0.645624,46.964974],[0.644337,46.965589],[0.641483,46.967097],[0.639509,46.968327],[0.637556,46.970099],[0.636419,46.97086],[0.635346,46.972807],[0.633715,46.973247],[0.632642,46.973378],[0.631805,46.973671],[0.628522,46.973964],[0.627492,46.974242],[0.626419,46.97414],[0.624617,46.974916],[0.626205,46.975267],[0.626205,46.975267],[0.623372,46.977185],[0.622514,46.977536],[0.618931,46.978429],[0.617311,46.979681],[0.617354,46.979125],[0.61686,46.978656],[0.616002,46.975875],[0.615444,46.974938],[0.615337,46.9734],[0.613985,46.972785],[0.611367,46.972873],[0.608899,46.973627],[0.607848,46.973766],[0.605509,46.973459],[0.604736,46.975479],[0.601861,46.974601],[0.602719,46.973591],[0.603106,46.971819],[0.603621,46.970517],[0.59978,46.970194],[0.598213,46.969623],[0.598213,46.969623],[0.596883,46.971819],[0.595317,46.972507],[0.593257,46.974074],[0.590725,46.975143],[0.587485,46.97605],[0.580232,46.977924],[0.57961,46.977822],[0.57918,46.977558],[0.578494,46.978495],[0.577871,46.978744],[0.577399,46.978539],[0.577442,46.977983],[0.577635,46.977383],[0.577635,46.977383],[0.575747,46.977002],[0.575018,46.97627],[0.574546,46.975216],[0.57388,46.97463],[0.57388,46.97463],[0.573172,46.974586],[0.572185,46.974352],[0.569374,46.973122],[0.568988,46.973635],[0.56828,46.97564],[0.568988,46.976885],[0.564053,46.975406],[0.561907,46.978934],[0.561649,46.979813],[0.55901,46.979227],[0.557058,46.978715],[0.555834,46.978276],[0.555427,46.979052],[0.555727,46.980252],[0.555813,46.98255],[0.555148,46.983692],[0.554783,46.984117],[0.554483,46.985756],[0.555792,46.986034],[0.556907,46.986386],[0.558495,46.987103],[0.559461,46.985493],[0.562851,46.98681],[0.56519,46.986605],[0.571413,46.987703],[0.570705,46.991494],[0.570233,46.99287],[0.568022,46.992167],[0.566735,46.992299],[0.566156,46.993294],[0.565126,46.994407],[0.562937,46.993558],[0.562164,46.994963],[0.561263,46.996177],[0.560984,46.996997],[0.560362,46.997641],[0.559268,46.998036],[0.557208,46.999412],[0.556543,46.999573],[0.556414,47.000114],[0.557229,47.000656],[0.557143,47.000831],[0.55607,47.00127],[0.554869,47.000524],[0.554096,47.000012],[0.551049,46.999295],[0.547874,46.998885],[0.547874,46.998885],[0.545406,47.005089],[0.546415,47.006333],[0.545127,47.007006],[0.542874,47.008938],[0.542788,47.009479],[0.542016,47.010854],[0.54105,47.011484],[0.543196,47.012976],[0.544312,47.013312],[0.545642,47.013342],[0.546887,47.013298],[0.54959,47.013883],[0.549333,47.014249],[0.548775,47.014483],[0.548002,47.01517],[0.549118,47.015639],[0.548904,47.016736],[0.547294,47.018579],[0.546758,47.019881],[0.546157,47.019969],[0.545127,47.020613],[0.544719,47.021037],[0.543561,47.021519],[0.543153,47.022061],[0.541629,47.022148],[0.540535,47.022646],[0.539913,47.023743],[0.539162,47.024153],[0.539806,47.024679],[0.540449,47.025688],[0.540363,47.027005],[0.539956,47.027473],[0.53957,47.028248],[0.537874,47.029374],[0.538261,47.03034],[0.538089,47.030954],[0.537703,47.031319],[0.538089,47.032109],[0.539055,47.033279],[0.53869,47.033323],[0.537531,47.034054],[0.53648,47.035312],[0.534463,47.036424],[0.531695,47.035692],[0.531759,47.036014],[0.533154,47.037374],[0.53487,47.038778],[0.536158,47.040401],[0.537209,47.041893],[0.538368,47.042214],[0.538668,47.042595],[0.540256,47.042624],[0.540514,47.04375],[0.539698,47.046937],[0.541243,47.050563],[0.547514,47.049622],[0.547385,47.050533],[0.549885,47.051609],[0.550271,47.052275],[0.551355,47.052698],[0.551312,47.054241],[0.551607,47.060299],[0.552074,47.065479],[0.550926,47.067207],[0.552417,47.067593],[0.555743,47.068302],[0.558779,47.069969],[0.560496,47.07021],[0.561633,47.07072],[0.564289,47.071521],[0.56527,47.071884],[0.564283,47.073009],[0.564219,47.073841],[0.564734,47.074936],[0.564734,47.075748],[0.563961,47.076649],[0.563961,47.076904],[0.564423,47.07716],[0.56424,47.078758],[0.56217,47.078518],[0.561,47.07951],[0.559273,47.080387],[0.556086,47.080746],[0.552342,47.079876],[0.552074,47.081558],[0.55143,47.083637],[0.546259,47.086678],[0.542933,47.085575],[0.541109,47.084393],[0.539746,47.084145],[0.538448,47.084487],[0.538116,47.085503],[0.536753,47.084412],[0.534339,47.082806],[0.532494,47.081814],[0.532225,47.081382],[0.530627,47.08157],[0.529425,47.081989],[0.528116,47.08217],[0.52507,47.083194],[0.523718,47.083478],[0.522044,47.084282],[0.517859,47.0867],[0.512549,47.090221],[0.51404,47.091873],[0.515982,47.093178],[0.518879,47.096481],[0.520477,47.097446],[0.522162,47.099155],[0.52287,47.100452],[0.523878,47.10304],[0.523041,47.103958],[0.521132,47.104572],[0.520252,47.1045],[0.518643,47.104614],[0.515381,47.10564],[0.512109,47.107063],[0.507689,47.109318],[0.497957,47.113716],[0.496767,47.113205],[0.495297,47.112869],[0.493462,47.113804],[0.490093,47.115276],[0.48798,47.116035],[0.489256,47.117519],[0.486231,47.118168],[0.477895,47.119411],[0.477176,47.118191],[0.476618,47.117802],[0.47489,47.11705],[0.472927,47.116723],[0.472466,47.115584],[0.470749,47.115292],[0.469419,47.115204],[0.466318,47.115898],[0.465986,47.115131],[0.464827,47.115256],[0.463432,47.115753],[0.462134,47.116528],[0.458089,47.119663],[0.456126,47.120602],[0.454334,47.121117],[0.454034,47.120949],[0.45244,47.121243],[0.450804,47.121361],[0.448744,47.121281],[0.446953,47.120934],[0.446105,47.121178],[0.44161,47.120781],[0.440215,47.120773],[0.440075,47.1203],[0.437436,47.120085],[0.435312,47.119812],[0.434893,47.119926],[0.432823,47.120045],[0.432823,47.120045],[0.432635,47.11995],[0.430833,47.120082],[0.429395,47.120359],[0.427872,47.120783],[0.427485,47.121075],[0.426048,47.121338],[0.426134,47.121542],[0.426305,47.121819],[0.425855,47.122053],[0.426005,47.12233],[0.426091,47.122783],[0.426563,47.123323],[0.426949,47.124155],[0.422035,47.124608],[0.420984,47.124491],[0.414697,47.125601],[0.413044,47.126418],[0.410362,47.127105],[0.411499,47.128959],[0.412722,47.130404],[0.413543,47.130981],[0.408726,47.132263],[0.405722,47.132973],[0.404284,47.133907],[0.407138,47.136608],[0.405239,47.137745],[0.403758,47.138153],[0.401623,47.139256],[0.39952,47.140846],[0.398619,47.141167],[0.398737,47.142014],[0.399563,47.143837],[0.401204,47.145927],[0.400947,47.146465],[0.400389,47.146671],[0.400701,47.148815],[0.399832,47.149628],[0.401151,47.150215],[0.401226,47.151136],[0.400615,47.152138],[0.400207,47.15213],[0.400035,47.152626],[0.398136,47.152554],[0.396581,47.151642],[0.394853,47.151173],[0.393545,47.15105],[0.390809,47.151312],[0.389446,47.15123],[0.387751,47.150967],[0.387386,47.150589],[0.387064,47.153923],[0.386496,47.154778],[0.383642,47.155148],[0.382955,47.155529],[0.38082,47.158417],[0.379372,47.159214],[0.376174,47.160831],[0.371551,47.161342],[0.370852,47.161115],[0.368922,47.160241],[0.367559,47.160544],[0.366685,47.160404],[0.365475,47.160027],[0.364591,47.160817],[0.364643,47.16127],[0.364261,47.161525],[0.364263,47.162062],[0.363835,47.162782],[0.362506,47.162773],[0.361658,47.162502],[0.360081,47.162292],[0.358998,47.162201],[0.356948,47.161961],[0.355639,47.162312],[0.353032,47.162296],[0.351337,47.162071],[0.350007,47.162167],[0.350103,47.162743],[0.350447,47.163486],[0.350629,47.165764],[0.349996,47.166054],[0.349653,47.166412],[0.34947,47.166245],[0.348837,47.166595],[0.34725,47.166557],[0.347496,47.167835],[0.347099,47.168956],[0.347099,47.168956],[0.346912,47.169914],[0.345796,47.170352],[0.344315,47.170687],[0.342626,47.171505],[0.341027,47.171795],[0.33989,47.172487],[0.337283,47.172379],[0.336156,47.172583],[0.332637,47.172954],[0.330212,47.173561],[0.329074,47.174216],[0.320545,47.175274],[0.3187,47.175243],[0.3162,47.175049],[0.313132,47.175114],[0.312531,47.173721],[0.311544,47.173401],[0.309259,47.172256],[0.307027,47.171665],[0.307027,47.171665],[0.303685,47.170031],[0.301947,47.171052],[0.299952,47.172759],[0.299265,47.17378],[0.299136,47.174976],[0.298299,47.175283],[0.297119,47.175283],[0.295982,47.174655],[0.293171,47.174087],[0.290382,47.174101],[0.287141,47.173591],[0.284223,47.173605],[0.282743,47.173795],[0.27843,47.173853],[0.276842,47.173926],[0.274117,47.173007]]],"type":"MultiLineString"},"properties":{"geo_point":{"lon":0.6458712114177947,"lat":46.962714792899035},"name":"GR48 De Angles-sur-l'Anglin (Vienne) à Chinon (Indre-et-Loire) (2019)","code_gr":"GR48"}}]}