{"type":"FeatureCollection","features":[{"type":"Feature","geometry":{"coordinates":[[[-0.789405,44.50806],[-0.789598,44.508106],[-0.790413,44.507219],[-0.793246,44.506729],[-0.795241,44.506882],[-0.794962,44.506392],[-0.794962,44.504418],[-0.795199,44.502092],[-0.795842,44.500393],[-0.795735,44.499689],[-0.794941,44.498281],[-0.794555,44.498189],[-0.794769,44.497975],[-0.794426,44.496735],[-0.794297,44.496551],[-0.794319,44.496154],[-0.794169,44.495388],[-0.793654,44.495097],[-0.793503,44.494669],[-0.79316,44.494363],[-0.793696,44.494485],[-0.794512,44.494103],[-0.793825,44.492587],[-0.793117,44.492679],[-0.792988,44.493307],[-0.791722,44.493138],[-0.791722,44.492694],[-0.797087,44.49046],[-0.804382,44.492434],[-0.805026,44.492388],[-0.811549,44.491087],[-0.811935,44.490582],[-0.811742,44.489602],[-0.811313,44.488347],[-0.810884,44.48801],[-0.810283,44.487827],[-0.81009,44.487291],[-0.809918,44.48602],[-0.809318,44.48403],[-0.809253,44.483096],[-0.809296,44.481075],[-0.807386,44.477707],[-0.807129,44.476544],[-0.806485,44.474936],[-0.806035,44.474584],[-0.805069,44.47417],[-0.804318,44.472808],[-0.804447,44.471185],[-0.804275,44.469852],[-0.809275,44.469071],[-0.833071,44.466177],[-0.833093,44.462303],[-0.829359,44.455212],[-0.832857,44.432386],[-0.832749,44.423774],[-0.832084,44.423897],[-0.830582,44.423621],[-0.82923,44.423253],[-0.819682,44.423008],[-0.821184,44.4191],[-0.821119,44.418778],[-0.825563,44.408405],[-0.818652,44.398283],[-0.818394,44.398498],[-0.818823,44.399035],[-0.818823,44.399249],[-0.818287,44.399464],[-0.818287,44.399786],[-0.818759,44.400261],[-0.818652,44.402131],[-0.818072,44.403572],[-0.817793,44.405136],[-0.817793,44.406362],[-0.812515,44.406087],[-0.811378,44.406179],[-0.808416,44.406056],[-0.80685,44.405918],[-0.804511,44.405857],[-0.803588,44.406179],[-0.803009,44.406148],[-0.802194,44.405811],[-0.801486,44.405443],[-0.796121,44.404078],[-0.794233,44.403741],[-0.793696,44.403481],[-0.789233,44.402392],[-0.788783,44.402377],[-0.788311,44.40207],[-0.787238,44.401764],[-0.786809,44.401135],[-0.785779,44.40138],[-0.784427,44.401334],[-0.78389,44.401442],[-0.783547,44.401871],[-0.783139,44.403113],[-0.78241,44.403235],[-0.781916,44.403205],[-0.780843,44.402561],[-0.779792,44.402407],[-0.778569,44.402469],[-0.77829,44.402637],[-0.778032,44.403235],[-0.777711,44.403465],[-0.777045,44.40276],[-0.777131,44.402285],[-0.776487,44.401242],[-0.776037,44.400675],[-0.775007,44.399786],[-0.774814,44.399249],[-0.773827,44.397456],[-0.773655,44.396643],[-0.77387,44.396244],[-0.773655,44.395953],[-0.771745,44.394619],[-0.768913,44.393668],[-0.766359,44.392825],[-0.764192,44.392933],[-0.762926,44.393009],[-0.755888,44.392641],[-0.755851,44.387019],[-0.755588,44.386048],[-0.755588,44.382275],[-0.754751,44.379515],[-0.75503,44.378717],[-0.751927,44.372982],[-0.752828,44.372911],[-0.753208,44.37271],[-0.75451,44.371451],[-0.75501,44.370249],[-0.755671,44.369734],[-0.755911,44.369533],[-0.755931,44.369039],[-0.754987,44.367383],[-0.75342,44.363532],[-0.753428,44.363064],[-0.753849,44.362634],[-0.756732,44.361432],[-0.757613,44.360845],[-0.759315,44.360487],[-0.761096,44.360273],[-0.761557,44.359929],[-0.761156,44.357682],[-0.761297,44.357267],[-0.761277,44.351612],[-0.761116,44.349994],[-0.760396,44.34799],[-0.758972,44.344222],[-0.75858,44.343741],[-0.75688,44.342486],[-0.756167,44.341791],[-0.755244,44.341392],[-0.754059,44.340642],[-0.7532,44.341029],[-0.751986,44.341056],[-0.74655,44.339867],[-0.742097,44.339442],[-0.740855,44.339013],[-0.736431,44.338282],[-0.732206,44.337781],[-0.732267,44.337065],[-0.732166,44.335662],[-0.734249,44.33191],[-0.73567,44.328945],[-0.737492,44.321827],[-0.737892,44.321068],[-0.738193,44.320166],[-0.740255,44.32028],[-0.741416,44.320065],[-0.755571,44.313806],[-0.756452,44.313261],[-0.757905,44.311536],[-0.759042,44.310737],[-0.760556,44.310253],[-0.760356,44.310038],[-0.761196,44.309995],[-0.761997,44.30988],[-0.762358,44.309895],[-0.763078,44.309909],[-0.763355,44.309724],[-0.769557,44.309094],[-0.769363,44.308296],[-0.770308,44.307482],[-0.770715,44.307421],[-0.771509,44.307651],[-0.774041,44.307451],[-0.777174,44.308127],[-0.777904,44.308572],[-0.77844,44.308311],[-0.778805,44.307482],[-0.781251,44.305931],[-0.784942,44.302],[-0.785628,44.300633],[-0.786916,44.300802],[-0.791014,44.298652],[-0.795413,44.296103],[-0.798052,44.295166],[-0.799318,44.294598],[-0.801292,44.293891],[-0.803116,44.293031],[-0.804125,44.291787],[-0.805691,44.290865],[-0.807344,44.290036],[-0.80773,44.289268],[-0.809854,44.288008],[-0.811678,44.286795],[-0.813459,44.285889],[-0.814596,44.284967],[-0.815798,44.283769],[-0.816141,44.283078],[-0.81539,44.28274],[-0.81509,44.282432],[-0.817107,44.281572],[-0.817836,44.28085],[-0.821506,44.277732],[-0.82614,44.277025],[-0.82863,44.276518],[-0.838779,44.269573],[-0.848607,44.262505],[-0.881415,44.238774],[-0.896929,44.227581],[-0.90356,44.223153],[-0.912615,44.220615],[-0.915469,44.218801],[-0.916177,44.21757],[-0.919467,44.217114],[-0.920182,44.215678],[-0.919851,44.214416],[-0.921241,44.212341],[-0.921713,44.212034],[-0.922292,44.212003],[-0.922378,44.211634],[-0.926491,44.208682],[-0.926477,44.208342],[-0.925358,44.207233],[-0.925776,44.204746],[-0.923709,44.201328],[-0.923773,44.200713],[-0.924086,44.200336],[-0.925602,44.199699],[-0.93212,44.198221],[-0.932528,44.197898],[-0.94051,44.18462],[-0.940639,44.183851],[-0.940138,44.18284],[-0.940208,44.182453],[-0.940504,44.181865],[-0.944029,44.182927],[-0.944158,44.182481],[-0.943857,44.182312],[-0.943342,44.182158],[-0.943085,44.181789],[-0.960094,44.153223],[-0.96107,44.151923],[-0.962354,44.150697],[-0.965787,44.148511],[-0.968722,44.148246],[-0.969306,44.147987],[-0.970036,44.147263],[-0.970168,44.146133],[-0.969645,44.14532],[-0.970036,44.144677],[-0.971911,44.141843],[-0.973445,44.140279],[-0.977332,44.136915],[-0.978855,44.135453],[-0.979692,44.134282],[-0.980573,44.132899],[-0.981166,44.131711],[-0.992609,44.12384],[-1.001087,44.117223],[-1.010827,44.109467],[-1.020678,44.101693],[-1.027719,44.096035],[-1.026847,44.095973],[-1.025847,44.095753],[-1.025767,44.095222],[-1.025906,44.094984],[-1.026098,44.093933],[-1.026359,44.092881],[-1.025749,44.091129],[-1.024903,44.089758],[-1.02471,44.088865],[-1.024878,44.087886],[-1.024338,44.087511],[-1.024355,44.087223],[-1.024111,44.086747],[-1.022961,44.086747],[-1.022671,44.086907],[-1.021019,44.085597],[-1.019968,44.08441],[-1.021322,44.084118],[-1.022438,44.083717],[-1.023766,44.083501],[-1.026011,44.082503],[-1.027478,44.082191],[-1.028015,44.082052],[-1.029152,44.08142],[-1.033937,44.07843],[-1.035405,44.07762],[-1.036533,44.077258],[-1.037069,44.076873],[-1.038438,44.076518],[-1.03958,44.076179],[-1.041039,44.075547],[-1.041983,44.075254],[-1.04267,44.074714],[-1.044558,44.073789],[-1.045459,44.072957],[-1.047004,44.072417],[-1.048059,44.071885],[-1.048616,44.071234],[-1.051317,44.070028],[-1.052841,44.068764],[-1.053165,44.068191],[-1.05357,44.066759],[-1.053549,44.066074],[-1.053078,44.065549],[-1.052886,44.06516],[-1.056574,44.064261],[-1.059405,44.062919],[-1.060242,44.062743],[-1.062159,44.062706],[-1.064616,44.060727],[-1.065697,44.060915],[-1.067818,44.061023],[-1.068762,44.061131],[-1.069556,44.061378],[-1.069556,44.061378],[-1.070415,44.059605],[-1.071656,44.055963],[-1.071806,44.054782],[-1.072515,44.053721],[-1.072459,44.053238],[-1.071824,44.052231],[-1.07175,44.050593],[-1.071152,44.050311],[-1.070779,44.049982],[-1.069921,44.048625],[-1.069601,44.047519],[-1.068441,44.045695],[-1.067239,44.044584],[-1.066594,44.043558],[-1.06594,44.042819],[-1.065473,44.041785],[-1.06439,44.040899],[-1.064063,44.039525],[-1.064106,44.03846],[-1.063677,44.036733],[-1.063437,44.035863],[-1.063568,44.035152],[-1.063119,44.033916],[-1.063026,44.033419],[-1.06284,44.033031],[-1.06254,44.031969],[-1.062196,44.031256],[-1.061662,44.030196],[-1.061209,44.029729],[-1.060187,44.028799],[-1.059832,44.028249],[-1.059103,44.027228],[-1.05887,44.026366],[-1.058244,44.02477],[-1.059536,44.024715],[-1.060093,44.024607],[-1.061513,44.024743],[-1.062391,44.024313],[-1.063997,44.02391],[-1.065415,44.023789],[-1.066423,44.023635],[-1.06736,44.023789],[-1.068998,44.023774],[-1.07005,44.023977],[-1.07226,44.024669],[-1.071544,44.018443],[-1.07018,44.013553],[-1.070311,44.013231],[-1.070778,44.012962],[-1.073842,44.011982],[-1.073991,44.01178],[-1.073973,44.011525],[-1.072668,44.010549],[-1.072689,44.010272],[-1.073805,44.009901],[-1.074041,44.009654],[-1.070736,44.00808],[-1.068913,44.00646],[-1.069826,44.006016],[-1.070872,44.004834],[-1.071077,44.003692],[-1.071264,44.002523],[-1.072067,44.001212],[-1.073281,43.999567],[-1.075486,43.996328],[-1.076494,43.995468],[-1.07655,43.994837],[-1.077223,43.993506],[-1.079053,43.989044],[-1.079838,43.987566],[-1.079931,43.986867],[-1.080454,43.986383],[-1.081146,43.985967],[-1.081351,43.985752],[-1.081575,43.985899],[-1.082136,43.986007],[-1.0832,43.985711],[-1.083836,43.985738],[-1.08589,43.98555],[-1.086824,43.985241],[-1.087329,43.984905],[-1.087814,43.984972],[-1.088337,43.982674],[-1.089066,43.980389],[-1.090542,43.977727],[-1.091121,43.976692],[-1.091308,43.975738],[-1.091775,43.97274],[-1.091849,43.970387]]],"type":"MultiLineString"},"properties":{"geo_point":{"lon":-0.8887955826547101,"lat":44.25648662576395},"name":"GR655 De Belin-Béliet (Gironde) à Lesperon (Landes) (2020)","code_gr":"GR655"}},{"type":"Feature","geometry":{"coordinates":[[[2.979237,49.433968],[2.978722,49.433586],[2.978432,49.432762],[2.977853,49.432365],[2.976587,49.431282],[2.975246,49.430733],[2.974441,49.430206],[2.972145,49.431324],[2.971845,49.431583],[2.969731,49.432526],[2.969452,49.432129],[2.968841,49.431847],[2.968132,49.431358],[2.967156,49.430977],[2.964689,49.430618],[2.96368,49.430885],[2.963111,49.430897],[2.959957,49.433235],[2.956663,49.433411],[2.955108,49.434563],[2.955451,49.436329],[2.952458,49.43655],[2.949829,49.436279],[2.946965,49.436069],[2.94528,49.435879],[2.942405,49.436146],[2.928479,49.440315],[2.913265,49.435398],[2.912782,49.434372],[2.910379,49.432652],[2.911892,49.432804],[2.913265,49.432285],[2.914349,49.431873],[2.914832,49.431435],[2.914714,49.431072],[2.914928,49.430779],[2.914703,49.430481],[2.913877,49.429684],[2.913491,49.429043],[2.913501,49.42815],[2.914134,49.426727],[2.915186,49.424919],[2.907772,49.417809],[2.897311,49.408096],[2.896121,49.407883],[2.895445,49.407471],[2.892258,49.407726],[2.890981,49.406818],[2.890145,49.40559],[2.88993,49.405388],[2.889522,49.405338],[2.887977,49.405724],[2.887344,49.406078],[2.886733,49.406227],[2.886347,49.406239],[2.882506,49.407127],[2.878783,49.408104],[2.873762,49.409241],[2.863634,49.411652],[2.862378,49.411915],[2.862024,49.41209],[2.843045,49.416542],[2.842734,49.415985],[2.841747,49.415474],[2.840813,49.415337],[2.839644,49.415508],[2.830921,49.417576],[2.83002,49.41831],[2.829022,49.417829],[2.826501,49.416946],[2.826973,49.416523],[2.82796,49.415394],[2.828679,49.414715],[2.83016,49.413521],[2.832788,49.411037],[2.834902,49.409283],[2.837348,49.410282],[2.837713,49.411217],[2.838078,49.410681],[2.838893,49.410385],[2.839838,49.41057],[2.846006,49.405746],[2.846167,49.403671],[2.846564,49.400444],[2.847176,49.395153],[2.847573,49.391655],[2.847626,49.390656],[2.84798,49.38726],[2.848742,49.37978],[2.846843,49.37825],[2.846317,49.372208],[2.841318,49.36739],[2.842026,49.361366],[2.843002,49.354191],[2.843978,49.347374],[2.844719,49.342293],[2.845802,49.3353],[2.847455,49.325367],[2.848066,49.321583],[2.848978,49.317169],[2.839462,49.316799],[2.830664,49.311916],[2.825986,49.309135],[2.823175,49.307659],[2.821426,49.306839],[2.8206,49.306107],[2.819688,49.305027],[2.819088,49.304665],[2.818723,49.303867],[2.818025,49.303288],[2.81721,49.303123],[2.816663,49.303165],[2.815558,49.30349],[2.815171,49.303329],[2.813487,49.301746],[2.812972,49.301937],[2.812715,49.301418],[2.811985,49.30106],[2.810869,49.300724],[2.8097,49.300083],[2.808927,49.299438],[2.807994,49.299908],[2.806803,49.300262],[2.806299,49.300304],[2.805762,49.300293],[2.805312,49.29974],[2.80484,49.299583],[2.804872,49.299297],[2.805301,49.298576],[2.805612,49.298222],[2.805322,49.297871],[2.804507,49.297067],[2.803605,49.296122],[2.802747,49.295353],[2.800924,49.2962],[2.799046,49.296612],[2.797834,49.297134],[2.797093,49.29731],[2.796836,49.297661],[2.795774,49.297703],[2.795151,49.297264],[2.794535,49.297707],[2.793156,49.297852],[2.792276,49.298019],[2.791815,49.297878],[2.790881,49.297913],[2.78968,49.298145],[2.788854,49.298187],[2.788339,49.298046],[2.788038,49.297451],[2.787448,49.29631],[2.785431,49.296604],[2.784841,49.296799],[2.783854,49.297081],[2.781676,49.297256],[2.77496,49.297684],[2.770368,49.297016],[2.766795,49.296368],[2.766291,49.297745],[2.763641,49.298031],[2.761238,49.298012],[2.760229,49.298409],[2.759264,49.298618],[2.758502,49.297878],[2.757998,49.29776],[2.756774,49.29792],[2.755573,49.298149],[2.752365,49.298222],[2.750841,49.298405],[2.745938,49.298271],[2.745466,49.29908],[2.744833,49.299732],[2.740563,49.29911],[2.739297,49.29882],[2.7386,49.298447],[2.735971,49.297905],[2.735209,49.298187],[2.733643,49.298576],[2.7333,49.298615],[2.73374,49.299583],[2.733493,49.300884],[2.733879,49.301781],[2.733686,49.301861],[2.732323,49.301224],[2.731186,49.300964],[2.729706,49.301201],[2.728643,49.301739],[2.728386,49.302155],[2.727785,49.303406],[2.727077,49.30434],[2.725693,49.304432],[2.725988,49.305225],[2.726556,49.305216],[2.727308,49.306611],[2.727077,49.306843],[2.727056,49.308449],[2.72704,49.30846],[2.7266,49.30975],[2.72543,49.309471],[2.7242,49.309231],[2.72344,49.308979],[2.72062,49.309408],[2.71976,49.30949],[2.71907,49.309361],[2.71893,49.310001],[2.71689,49.31028],[2.71573,49.310699],[2.7151,49.310638],[2.7137,49.311211],[2.71218,49.311481],[2.71134,49.311779],[2.70975,49.311981],[2.70847,49.312351],[2.70685,49.312908],[2.70548,49.313278],[2.70073,49.314232],[2.70059,49.31414],[2.70025,49.311539],[2.70036,49.30928],[2.69983,49.308048],[2.69972,49.307491],[2.69733,49.307018],[2.69689,49.307041],[2.69661,49.306961],[2.69623,49.306122],[2.69547,49.30563],[2.69493,49.30537],[2.69431,49.304722],[2.69405,49.303829],[2.69402,49.303471],[2.69344,49.302502],[2.69276,49.301781],[2.6919,49.301498],[2.69135,49.301182],[2.68982,49.30064],[2.69064,49.29874],[2.69062,49.297531],[2.69094,49.296928],[2.69036,49.295311],[2.68949,49.293301],[2.68846,49.290371],[2.68784,49.290352],[2.68732,49.290531],[2.68333,49.289902],[2.68147,49.289391],[2.68029,49.288898],[2.67965,49.288879],[2.6787,49.288319],[2.67818,49.287849],[2.67576,49.284538],[2.67474,49.283581],[2.67446,49.2827],[2.67421,49.28265],[2.67297,49.283009],[2.67224,49.283131],[2.66938,49.283058],[2.66833,49.282372],[2.66689,49.278149],[2.65709,49.278179],[2.65664,49.277939],[2.65406,49.27792],[2.65301,49.278172],[2.64514,49.278191],[2.63536,49.27813],[2.63115,49.27227],[2.623302,49.271279],[2.623582,49.270618],[2.624657,49.269967],[2.626121,49.267995],[2.62755,49.267385],[2.62544,49.26445],[2.6194,49.256351],[2.62155,49.248779],[2.62041,49.24868],[2.61986,49.24852],[2.61814,49.247452],[2.61746,49.24633],[2.61726,49.245838],[2.61195,49.245831],[2.60753,49.247501],[2.60721,49.247768],[2.60682,49.248329],[2.60577,49.248798],[2.60464,49.248661],[2.59869,49.250759],[2.59762,49.249489],[2.59676,49.249531],[2.59567,49.249981],[2.59446,49.250881],[2.59335,49.251301],[2.59087,49.251999],[2.58999,49.25219],[2.58967,49.252441],[2.5891,49.252651],[2.58881,49.253288],[2.5884,49.253521],[2.58789,49.253681],[2.58753,49.254238],[2.58743,49.254921],[2.58717,49.255268],[2.58691,49.256062],[2.58641,49.256439],[2.58568,49.25658],[2.58517,49.256519],[2.58529,49.256149],[2.585219,49.256494],[2.584237,49.255615],[2.58411,49.254701],[2.583624,49.254214],[2.58227,49.25375],[2.58128,49.253239],[2.58073,49.252232],[2.58028,49.251808],[2.57909,49.24588],[2.57928,49.245121],[2.57969,49.243961],[2.57947,49.24332],[2.57901,49.242882],[2.57879,49.242279],[2.5784,49.241852],[2.57692,49.241459],[2.57526,49.241322],[2.57489,49.241421],[2.57209,49.238251],[2.57173,49.23753],[2.57184,49.236919],[2.57281,49.235561],[2.57322,49.234322],[2.57381,49.233238],[2.5747,49.232021],[2.57522,49.23082],[2.57486,49.230068],[2.57494,49.229389],[2.57443,49.22847],[2.57378,49.227581],[2.57377,49.2267],[2.57444,49.226181],[2.57541,49.22403],[2.578,49.219471],[2.57802,49.218861],[2.57748,49.216808],[2.57761,49.216251],[2.57835,49.214851],[2.57849,49.21405],[2.57935,49.212952],[2.58018,49.21159],[2.58114,49.211182],[2.58212,49.21043],[2.58223,49.209869],[2.58288,49.20929],[2.582619,49.208729],[2.582034,49.208233],[2.579566,49.207352],[2.578365,49.206383],[2.578912,49.20546],[2.577807,49.204617],[2.575468,49.20377],[2.572947,49.203091],[2.569524,49.202599],[2.569739,49.20192],[2.569953,49.201538],[2.570039,49.201042],[2.568891,49.200329],[2.567904,49.199284],[2.566305,49.198082],[2.565608,49.197906],[2.564803,49.196575],[2.563591,49.196415],[2.561123,49.195679],[2.560898,49.194668],[2.56019,49.194324],[2.560254,49.193928],[2.560866,49.193569],[2.560941,49.193184],[2.561595,49.191772],[2.564331,49.191799],[2.563162,49.190819],[2.561853,49.189991],[2.557465,49.188057],[2.553345,49.186537],[2.551253,49.185688],[2.540385,49.18173],[2.535932,49.180077],[2.534323,49.179569],[2.528647,49.177494],[2.525407,49.176991],[2.523894,49.17668],[2.522768,49.176084],[2.521094,49.174725],[2.511921,49.170929],[2.508606,49.169765],[2.506396,49.168888],[2.505376,49.168267],[2.502302,49.167251],[2.501635,49.167198],[2.500855,49.166667],[2.499538,49.16638],[2.498871,49.166146],[2.498286,49.166103],[2.497277,49.165476],[2.49557,49.165114],[2.494318,49.164678],[2.49209,49.164646],[2.490057,49.163934],[2.48861,49.163636],[2.487732,49.163562],[2.486935,49.163211],[2.486935,49.163019],[2.485959,49.162094],[2.486073,49.161637],[2.485325,49.160797],[2.485116,49.16015],[2.484521,49.159599],[2.482007,49.158053],[2.481568,49.15766],[2.481227,49.157596],[2.480983,49.157341],[2.480544,49.157202],[2.479861,49.156681],[2.479145,49.156447],[2.479606,49.155082],[2.47938,49.155005],[2.479885,49.154808],[2.479445,49.154036],[2.479659,49.15351],[2.479861,49.153267],[2.486691,49.14863],[2.491797,49.147279],[2.487227,49.142066],[2.488675,49.140737],[2.489569,49.139726],[2.487455,49.139034],[2.484869,49.139056],[2.483926,49.138662],[2.48326,49.138651],[2.481682,49.138928],[2.480414,49.139417],[2.479113,49.139609],[2.476381,49.141045],[2.460802,49.136651],[2.443955,49.140492],[2.445093,49.1428],[2.44093,49.143758],[2.440702,49.144524],[2.442182,49.145258],[2.440344,49.14563],[2.439987,49.146098],[2.439466,49.146247],[2.438035,49.146279],[2.436454,49.14678],[2.434913,49.147555],[2.434051,49.147662],[2.433775,49.147875],[2.432636,49.148055],[2.432132,49.147992],[2.431677,49.148183],[2.430555,49.148385],[2.430018,49.148438],[2.429579,49.148609],[2.428717,49.1488],[2.427628,49.148906],[2.425221,49.149342],[2.424343,49.149417],[2.423725,49.149353],[2.422554,49.149459],[2.421936,49.149247],[2.421481,49.149449],[2.4207,49.149406],[2.420294,49.14947],[2.419643,49.1493],[2.418976,49.14947],[2.417854,49.149545],[2.417415,49.14963],[2.416309,49.149502],[2.415545,49.149651],[2.415431,49.147555],[2.406926,49.147672],[2.406455,49.147555],[2.406146,49.147672],[2.402893,49.147141],[2.403023,49.142279],[2.39125,49.142449],[2.378728,49.136492],[2.378322,49.136226],[2.373492,49.133991],[2.373118,49.133938],[2.372207,49.131374],[2.371914,49.130789],[2.370353,49.129714],[2.370256,49.127298],[2.369882,49.126043],[2.369573,49.124915],[2.369524,49.124553],[2.369573,49.124382],[2.370109,49.124095],[2.370792,49.123989],[2.370955,49.123733],[2.371264,49.123457],[2.37102,49.122722],[2.371573,49.121466],[2.372077,49.121434],[2.372663,49.12087],[2.372435,49.120062],[2.37302,49.119944],[2.373736,49.119529],[2.374354,49.119338],[2.375801,49.118348],[2.376826,49.117944],[2.377476,49.11739],[2.379265,49.11838],[2.38055,49.118614],[2.381135,49.118476],[2.381265,49.11854],[2.381346,49.118891],[2.381932,49.119146],[2.384192,49.119114],[2.384566,49.11921],[2.384741,49.119431],[2.385288,49.119311],[2.386726,49.118588],[2.387266,49.118508],[2.388209,49.118518],[2.389607,49.118295],[2.390469,49.118305],[2.390908,49.118891],[2.392323,49.119157],[2.392412,49.119479],[2.393201,49.119447],[2.393176,49.118963],[2.394926,49.118817],[2.394951,49.118366],[2.395074,49.118092],[2.394975,49.117349],[2.395296,49.116188],[2.394632,49.115687],[2.394161,49.115017],[2.394144,49.114367],[2.394518,49.113846],[2.39499,49.113335],[2.395088,49.112834],[2.395006,49.111642],[2.395153,49.111387],[2.397023,49.11194],[2.39956,49.112345],[2.400763,49.112313],[2.401316,49.112121],[2.403365,49.11094],[2.404194,49.11062],[2.405137,49.110308],[2.406703,49.110189],[2.407433,49.110112],[2.407691,49.110035],[2.409967,49.110663],[2.41148,49.110663],[2.412894,49.111121],[2.413415,49.110929],[2.414602,49.111174],[2.414618,49.111504],[2.415366,49.111621],[2.415496,49.111419],[2.418001,49.112079],[2.418212,49.11309],[2.418863,49.113111],[2.419562,49.112952],[2.420033,49.112558],[2.421952,49.112132],[2.423343,49.112193],[2.424884,49.112359],[2.427046,49.112103],[2.427965,49.111576],[2.429207,49.111125],[2.430426,49.110839],[2.431162,49.111877],[2.431254,49.112239],[2.437119,49.113368],[2.441143,49.11254],[2.442546,49.112735],[2.443213,49.112961],[2.442638,49.111185],[2.442247,49.110522],[2.440637,49.109017],[2.442132,49.1084],[2.442155,49.108084],[2.44388,49.107737],[2.445674,49.106774],[2.446479,49.107286],[2.447698,49.107873],[2.448296,49.107722],[2.449192,49.107286],[2.450618,49.106864],[2.451998,49.106653],[2.453424,49.106804],[2.45439,49.106714],[2.455908,49.106458],[2.458966,49.106834],[2.460001,49.106819],[2.461473,49.106322],[2.46237,49.106202],[2.463812,49.106204],[2.464662,49.106145],[2.465815,49.105926],[2.467469,49.105976],[2.468546,49.105896],[2.469305,49.105996],[2.470894,49.104472],[2.471023,49.103404],[2.471387,49.102941],[2.471495,49.102365],[2.472224,49.101789],[2.472954,49.101508],[2.473555,49.101437],[2.471387,49.100538],[2.470508,49.100201],[2.469199,49.0994],[2.469327,49.098726],[2.470057,49.097855],[2.467933,49.097475],[2.467203,49.097518],[2.466109,49.098108],[2.466044,49.097265],[2.465379,49.09645],[2.465079,49.096225],[2.464199,49.095972],[2.46392,49.095241],[2.46407,49.094258],[2.464585,49.09385],[2.464757,49.093302],[2.465487,49.092895],[2.465637,49.092473],[2.465165,49.091588],[2.464778,49.090534],[2.463577,49.088525],[2.463791,49.087597],[2.463791,49.086909],[2.463212,49.085363],[2.461646,49.082524],[2.460401,49.08199],[2.45892,49.080683],[2.458062,49.079544],[2.458084,49.079277],[2.457762,49.078926],[2.457697,49.076494],[2.457268,49.075482],[2.456388,49.074386],[2.455788,49.07298],[2.455144,49.072221],[2.454693,49.070928],[2.453964,49.069916],[2.453513,49.068946],[2.453256,49.065783],[2.452826,49.062746],[2.447848,49.056419],[2.447226,49.055125],[2.445703,49.055336],[2.445209,49.054661],[2.444973,49.054014],[2.444351,49.053325],[2.444608,49.052284],[2.444437,49.052087],[2.445102,49.05085],[2.444544,49.050667],[2.443771,49.050822],[2.436926,49.051075],[2.431626,49.051089],[2.429705,49.049924],[2.429525,49.050199],[2.429485,49.05075],[2.428824,49.051157],[2.411586,49.051524],[2.409044,49.051984],[2.406962,49.051761],[2.405821,49.051747],[2.404539,49.051839],[2.403859,49.052049],[2.403778,49.052836],[2.403919,49.053178],[2.403718,49.053322],[2.402657,49.052653],[2.401496,49.052167],[2.400515,49.051879],[2.399414,49.051472],[2.399454,49.051354],[2.398553,49.051026],[2.397332,49.050357],[2.396291,49.049884],[2.395069,49.049491],[2.393743,49.048377],[2.39294,49.047679],[2.391969,49.045757],[2.390605,49.044165],[2.389858,49.042586],[2.389204,49.041814],[2.387971,49.040626],[2.387672,49.039965],[2.386626,49.038177],[2.384571,49.035324],[2.383507,49.033303],[2.383077,49.032421],[2.382479,49.028649],[2.382423,49.028049],[2.381975,49.025905],[2.38134,49.024877],[2.381396,49.024534],[2.381732,49.02408],[2.381676,49.023799],[2.380256,49.022831],[2.379901,49.022329],[2.380013,49.021814],[2.379995,49.021471],[2.379677,49.020687],[2.378631,49.019964],[2.37875,49.019088],[2.379555,49.017927],[2.380038,49.017535],[2.38105,49.017173],[2.380291,49.016509],[2.379279,49.016524],[2.379946,49.01574],[2.381188,49.015106],[2.382867,49.014413],[2.380889,49.014277],[2.37944,49.014262],[2.379003,49.014337],[2.377738,49.014081],[2.376703,49.014005],[2.376428,49.01304],[2.376152,49.013055],[2.376014,49.012859],[2.375232,49.013085],[2.37491,49.013658],[2.37376,49.014639],[2.370425,49.014217],[2.36939,49.018379],[2.367274,49.020581],[2.366171,49.020461],[2.365251,49.020189],[2.363756,49.020099],[2.362767,49.019661],[2.361939,49.019375],[2.356396,49.018922],[2.355982,49.019405],[2.354052,49.019234],[2.353096,49.019493],[2.352474,49.01995],[2.352004,49.019526],[2.349129,49.018304],[2.350044,49.016735],[2.350001,49.016172],[2.350323,49.014737],[2.350173,49.014413],[2.350388,49.013006],[2.348607,49.01264],[2.347019,49.012499],[2.345839,49.012175],[2.344165,49.012415],[2.342362,49.012626],[2.340817,49.012963],[2.34026,49.013329],[2.339401,49.013541],[2.339058,49.01233],[2.33865,49.011978],[2.336483,49.009445],[2.336354,49.008826],[2.335947,49.007601],[2.336011,49.007432],[2.337792,49.007052],[2.338436,49.006827],[2.339101,49.006799],[2.337899,49.005039],[2.337663,49.004434],[2.337706,49.004195],[2.33717,49.003674],[2.336311,49.003477],[2.335861,49.002928],[2.335582,49.002041],[2.334723,49.002069],[2.333136,49.001661],[2.33144,49.001647],[2.331011,49.000619],[2.330132,49.000281],[2.329509,48.998719],[2.328994,48.996438],[2.330647,48.996171],[2.329853,48.995298],[2.33144,48.994678],[2.331355,48.994523],[2.330775,48.994354],[2.330453,48.994129],[2.329895,48.993988],[2.329702,48.993068],[2.329572,48.992904],[2.329281,48.992772]]],"type":"MultiLineString"},"properties":{"geo_point":{"lon":2.607244533476359,"lat":49.22134049316477},"name":"GR655 De St Crépin-aux-Bois (Oise) à Montmorency (Val-d'Oise) (2020)","code_gr":"GR655"}},{"type":"Feature","geometry":{"coordinates":[[[1.737632,48.618561],[1.736999,48.617931],[1.73628,48.617599],[1.735829,48.617569],[1.735529,48.617455],[1.735175,48.61713],[1.734638,48.61705],[1.734767,48.616505],[1.735089,48.616108],[1.734424,48.615967],[1.734617,48.615448],[1.734145,48.61467],[1.733544,48.614456],[1.733372,48.61396],[1.733533,48.613377],[1.734273,48.612591],[1.734359,48.61079],[1.734477,48.609745],[1.735228,48.609936],[1.733308,48.605972],[1.735582,48.605476],[1.737782,48.604603],[1.739455,48.603355],[1.744794,48.595864],[1.74369,48.595529],[1.742245,48.594604],[1.738683,48.59391],[1.739112,48.593258],[1.73805,48.592838],[1.736966,48.592319],[1.735786,48.592869],[1.735046,48.593475],[1.734005,48.592319],[1.733941,48.591873],[1.733662,48.591774],[1.733748,48.591496],[1.733479,48.591393],[1.73349,48.591106],[1.733276,48.590931],[1.732932,48.59132],[1.732525,48.591988],[1.731699,48.592113],[1.730947,48.592022],[1.729822,48.592091],[1.727684,48.592593],[1.726097,48.59343],[1.724639,48.593735],[1.723038,48.593734],[1.722193,48.594242],[1.721485,48.594486],[1.719875,48.594776],[1.719157,48.594769],[1.718073,48.59462],[1.716989,48.594826],[1.716485,48.594883],[1.71626,48.595322],[1.716088,48.59621],[1.716099,48.596394],[1.714822,48.596725],[1.714039,48.596954],[1.713749,48.596905],[1.712848,48.597351],[1.712558,48.597607],[1.712215,48.598125],[1.712011,48.598804],[1.711078,48.599197],[1.70993,48.599438],[1.709608,48.599678],[1.708921,48.599743],[1.708149,48.599815],[1.707623,48.599751],[1.707308,48.59987],[1.706561,48.599964],[1.706185,48.60014],[1.705531,48.600361],[1.70478,48.599636],[1.704373,48.599735],[1.704295,48.59997],[1.703743,48.600244],[1.703191,48.600609],[1.702662,48.600107],[1.702129,48.600531],[1.702722,48.601219],[1.703331,48.601433],[1.702828,48.601558],[1.702738,48.601746],[1.703018,48.602213],[1.702548,48.602646],[1.700778,48.603523],[1.700488,48.603779],[1.698911,48.604305],[1.696551,48.604885],[1.694255,48.606064],[1.692646,48.606434],[1.691498,48.606808],[1.690457,48.606995],[1.688386,48.607807],[1.687131,48.608482],[1.68667,48.607971],[1.686466,48.607235],[1.685811,48.606148],[1.685168,48.606369],[1.682775,48.605865],[1.681627,48.604431],[1.678097,48.602039],[1.677008,48.601044],[1.676112,48.599957],[1.675372,48.600773],[1.671177,48.597836],[1.670104,48.597111],[1.669117,48.597027],[1.667722,48.596428],[1.666886,48.596222],[1.665158,48.595535],[1.663077,48.594982],[1.66238,48.594948],[1.660416,48.595322],[1.658807,48.595451],[1.658431,48.595371],[1.658893,48.597343],[1.659322,48.59779],[1.659375,48.598694],[1.656253,48.598801],[1.650095,48.600609],[1.649044,48.599701],[1.648668,48.59972],[1.648014,48.599586],[1.646908,48.598681],[1.646522,48.598175],[1.644967,48.599052],[1.642821,48.600552],[1.642413,48.600948],[1.640947,48.601424],[1.639323,48.602169],[1.638765,48.602638],[1.637635,48.603084],[1.635879,48.605],[1.631641,48.607407],[1.627854,48.610249],[1.62573,48.611767],[1.625174,48.612292],[1.624424,48.612914],[1.624324,48.613186],[1.62357,48.613502],[1.623221,48.613778],[1.621417,48.614471],[1.619582,48.615631],[1.619056,48.615662],[1.618327,48.615273],[1.617318,48.614079],[1.615859,48.613102],[1.614357,48.61256],[1.612093,48.61208],[1.610411,48.612557],[1.609365,48.612707],[1.609958,48.614075],[1.610763,48.614357],[1.611139,48.614796],[1.611085,48.61549],[1.610289,48.615553],[1.607856,48.616032],[1.606263,48.616095],[1.603231,48.616695],[1.601853,48.61659],[1.600651,48.616682],[1.600474,48.61647],[1.599712,48.616199],[1.599326,48.615585],[1.597009,48.616447],[1.59614,48.616528],[1.594359,48.616241],[1.592009,48.616734],[1.591634,48.61652],[1.590421,48.616795],[1.589316,48.617683],[1.588104,48.619064],[1.587127,48.619499],[1.585435,48.619908],[1.584372,48.620058],[1.583297,48.620293],[1.582353,48.620316],[1.581452,48.620491],[1.580261,48.620598],[1.578963,48.621258],[1.575379,48.621706],[1.574629,48.621671],[1.573792,48.621422],[1.573688,48.620807],[1.573183,48.620404],[1.571807,48.61972],[1.57171,48.617485],[1.571356,48.61681],[1.570455,48.615833],[1.569307,48.615173],[1.5692,48.615086],[1.567848,48.615223],[1.568223,48.614853],[1.56862,48.614052],[1.570294,48.611809],[1.572182,48.610767],[1.575065,48.609261],[1.576424,48.608835],[1.577235,48.608482],[1.575562,48.607292],[1.574982,48.606525],[1.574736,48.605049],[1.574661,48.603935],[1.574253,48.602787],[1.574252,48.601909],[1.573897,48.602045],[1.573393,48.602045],[1.572963,48.602342],[1.572289,48.602551],[1.572751,48.601311],[1.572794,48.60099],[1.568985,48.60014],[1.568577,48.599644],[1.570684,48.598969],[1.574028,48.597264],[1.576785,48.592392],[1.578373,48.589325],[1.577868,48.588978],[1.577815,48.588509],[1.577913,48.58801],[1.579819,48.588529],[1.580622,48.58806],[1.583008,48.587139],[1.583962,48.58717],[1.585207,48.586964],[1.585518,48.586948],[1.587123,48.586231],[1.587771,48.585472],[1.589295,48.584129],[1.590335,48.582752],[1.591204,48.580971],[1.590593,48.580086],[1.589584,48.580097],[1.587868,48.579865],[1.587943,48.579048],[1.585078,48.578518],[1.585121,48.577969],[1.585454,48.577316],[1.585035,48.576855],[1.583887,48.576515],[1.583966,48.57585],[1.584302,48.57527],[1.584338,48.574512],[1.584842,48.573364],[1.587653,48.57373],[1.588458,48.572632],[1.588866,48.571041],[1.589198,48.570274],[1.5904,48.569778],[1.588533,48.567669],[1.588404,48.566936],[1.5882,48.566463],[1.586848,48.566589],[1.586215,48.566936],[1.585561,48.566689],[1.585722,48.565872],[1.584241,48.565681],[1.58422,48.565468],[1.583447,48.565384],[1.583222,48.565407],[1.582428,48.565277],[1.58275,48.564459],[1.581924,48.562756],[1.580043,48.562649],[1.579314,48.562439],[1.578586,48.561895],[1.577409,48.561363],[1.575915,48.560906],[1.575093,48.560337],[1.574476,48.559744],[1.575149,48.55899],[1.575594,48.558895],[1.576463,48.558525],[1.57686,48.558048],[1.577858,48.558262],[1.57833,48.558846],[1.579757,48.558895],[1.579996,48.558693],[1.580106,48.557978],[1.579816,48.558017],[1.580116,48.557852],[1.580587,48.557845],[1.581097,48.558037],[1.581463,48.558285],[1.581999,48.559277],[1.582203,48.559277],[1.582131,48.558555],[1.581625,48.557368],[1.584252,48.557198],[1.58481,48.557098],[1.585314,48.556911],[1.584864,48.555584],[1.584896,48.554676],[1.584563,48.553547],[1.584842,48.55254],[1.585261,48.551868],[1.585121,48.550224],[1.584789,48.549378],[1.583984,48.549298],[1.584091,48.548782],[1.58408,48.548439],[1.583523,48.547623],[1.584038,48.547474],[1.584499,48.547398],[1.584316,48.547035],[1.584263,48.546223],[1.583898,48.545273],[1.58599,48.544994],[1.585971,48.544671],[1.587926,48.544002],[1.588705,48.543533],[1.590593,48.542973],[1.590765,48.542645],[1.591505,48.541889],[1.592234,48.541443],[1.593179,48.541153],[1.593844,48.540997],[1.5935,48.540043],[1.592149,48.538132],[1.590818,48.536736],[1.58967,48.535698],[1.588801,48.534721],[1.587417,48.53405],[1.587031,48.533394],[1.587138,48.532726],[1.586977,48.531704],[1.587406,48.530956],[1.588501,48.530277],[1.588651,48.529991],[1.588393,48.529324],[1.588597,48.528786],[1.589241,48.528301],[1.590593,48.527683],[1.591312,48.526508],[1.591237,48.526047],[1.590292,48.52494],[1.589348,48.524357],[1.589048,48.523846],[1.588554,48.522808],[1.588726,48.521835],[1.589423,48.520756],[1.589048,48.518566],[1.588501,48.51762],[1.587857,48.516804],[1.586892,48.516731],[1.585464,48.51639],[1.583909,48.515935],[1.582814,48.515709],[1.582063,48.514679],[1.581023,48.514301],[1.578534,48.51379],[1.576506,48.513237],[1.574328,48.513199],[1.572729,48.513306],[1.570745,48.514088],[1.569017,48.512547],[1.56832,48.512695],[1.564758,48.514225],[1.563878,48.515068],[1.563503,48.515255],[1.563513,48.515266],[1.563824,48.515766],[1.561958,48.516106],[1.56081,48.516861],[1.559265,48.516968],[1.558353,48.517792],[1.557827,48.517735],[1.556389,48.518543],[1.554791,48.518188],[1.553729,48.51775],[1.552441,48.516953],[1.55125,48.517925],[1.547924,48.518331],[1.546207,48.516838],[1.54595,48.516235],[1.54507,48.515336],[1.545253,48.515028],[1.544877,48.514465],[1.545961,48.514027],[1.544802,48.51273],[1.544502,48.511879],[1.543568,48.51104],[1.543558,48.510868],[1.54286,48.510647],[1.542646,48.510399],[1.542034,48.510086],[1.541637,48.510059],[1.541133,48.509682],[1.540532,48.509434],[1.539792,48.508949],[1.538386,48.508381],[1.536348,48.506947],[1.535865,48.506851],[1.534792,48.5061],[1.532936,48.504711],[1.531842,48.503811],[1.532387,48.50347],[1.533008,48.502861],[1.534631,48.502628],[1.534706,48.502232],[1.533837,48.500313],[1.533108,48.49971],[1.53461,48.499424],[1.534234,48.498756],[1.534041,48.497784],[1.533666,48.497307],[1.5352,48.496857],[1.534985,48.496426],[1.534384,48.496124],[1.534277,48.49577],[1.533923,48.495644],[1.533794,48.495373],[1.532056,48.494484],[1.532743,48.494221],[1.532464,48.493702],[1.532207,48.493656],[1.532024,48.493439],[1.533172,48.493004],[1.532962,48.492787],[1.532453,48.4925],[1.532088,48.492132],[1.533513,48.491629],[1.534063,48.491226],[1.532207,48.488544],[1.531316,48.487728],[1.530082,48.486973],[1.531037,48.487011],[1.532786,48.485374],[1.532722,48.484913],[1.533,48.484512],[1.532904,48.484116],[1.532271,48.483475],[1.528484,48.482395],[1.528237,48.482346],[1.527904,48.482784],[1.527979,48.483013],[1.527346,48.483761],[1.525952,48.483589],[1.524181,48.48362],[1.523806,48.483753],[1.52284,48.483696],[1.517991,48.483631],[1.512916,48.484165],[1.51165,48.484131],[1.511167,48.483917],[1.508818,48.482643],[1.507155,48.481277],[1.505524,48.480206],[1.50341,48.478256],[1.503035,48.478176],[1.502734,48.477779],[1.502112,48.477352],[1.501597,48.476749],[1.501157,48.476589],[1.500202,48.476036],[1.499645,48.475418],[1.497477,48.473972],[1.497134,48.473755],[1.496705,48.473583],[1.494806,48.472012],[1.49384,48.471558],[1.492714,48.471245],[1.492714,48.471245],[1.491683,48.470763],[1.490524,48.470607],[1.48958,48.470365],[1.48943,48.470849],[1.48782,48.470578],[1.486619,48.470479],[1.486189,48.470308],[1.486125,48.469853],[1.485739,48.469497],[1.485138,48.469284],[1.484773,48.468786],[1.48443,48.468515],[1.483979,48.468345],[1.48325,48.468416],[1.482735,48.46806],[1.482477,48.467519],[1.482413,48.466965],[1.483293,48.466908],[1.483058,48.465153],[1.48279,48.464512],[1.482993,48.463879],[1.483562,48.463367],[1.485547,48.461853],[1.48589,48.461317],[1.487489,48.460054],[1.488186,48.459235],[1.488604,48.458822],[1.490278,48.459367],[1.491126,48.458628],[1.49148,48.45742],[1.490793,48.456551],[1.491179,48.455791],[1.491576,48.455776],[1.491416,48.45483],[1.490933,48.453957],[1.491297,48.453655],[1.491297,48.453655],[1.490674,48.452963],[1.491489,48.452251],[1.49179,48.450173],[1.490009,48.449946],[1.489773,48.449504],[1.490438,48.448636],[1.490395,48.447796],[1.490717,48.447355],[1.490803,48.447028],[1.491168,48.446999],[1.491532,48.445903],[1.49194,48.445889],[1.492455,48.445306],[1.492369,48.445035],[1.492798,48.444566],[1.492992,48.444267],[1.493249,48.444267],[1.494049,48.443459],[1.494773,48.443683],[1.495416,48.443583],[1.495533,48.443421],[1.496073,48.44352],[1.496545,48.44336],[1.497281,48.443062],[1.497706,48.442765],[1.498235,48.442292],[1.498994,48.441827],[1.499385,48.441048],[1.499845,48.440492],[1.499822,48.439866],[1.500017,48.439286],[1.500428,48.439339],[1.50076,48.438477],[1.50031,48.43718],[1.49826,48.436348],[1.497488,48.436111],[1.495128,48.434738],[1.495128,48.434738],[1.493936,48.434003],[1.493292,48.433419],[1.492863,48.433248],[1.493099,48.434131],[1.492112,48.433818],[1.492026,48.433177],[1.491404,48.432864],[1.490567,48.431341],[1.487262,48.429148],[1.487413,48.42892],[1.485739,48.427354],[1.485139,48.425919],[1.48515,48.425411],[1.484774,48.424786],[1.484571,48.42329],[1.484807,48.422123],[1.48486,48.420841],[1.485107,48.420586],[1.485692,48.420265],[1.487178,48.420287],[1.487532,48.419218],[1.487467,48.417892],[1.487725,48.41758],[1.48706,48.416241],[1.486813,48.414833],[1.486974,48.414448],[1.486802,48.413109],[1.486362,48.412972],[1.486481,48.411207],[1.486974,48.410053],[1.4889,48.410003],[1.491254,48.410103],[1.491689,48.410769],[1.492338,48.410865],[1.492778,48.410088],[1.492885,48.409405],[1.492842,48.408943],[1.492971,48.408211],[1.492102,48.406971],[1.491809,48.406305],[1.493214,48.406174],[1.49339,48.404926],[1.492885,48.40506],[1.492252,48.404903],[1.49193,48.404491],[1.491115,48.404148],[1.490321,48.404057],[1.48942,48.403913],[1.488884,48.403289],[1.489184,48.402034],[1.488197,48.402119],[1.487553,48.401997],[1.485804,48.401299],[1.485504,48.400982],[1.485,48.401443],[1.485193,48.400616],[1.485154,48.39976],[1.484932,48.398909],[1.483059,48.398925],[1.482196,48.398696],[1.481684,48.398201],[1.480805,48.395275],[1.481481,48.394135],[1.481599,48.393192],[1.481084,48.392788],[1.477919,48.391968],[1.477146,48.391846],[1.476567,48.391335],[1.475837,48.391135],[1.473123,48.390926],[1.471302,48.390873],[1.469206,48.390709],[1.468783,48.390843],[1.468488,48.390437],[1.468515,48.389023],[1.468327,48.387695],[1.468016,48.386902],[1.464003,48.387821],[1.461933,48.387974],[1.461149,48.387558],[1.460119,48.387302],[1.456708,48.385956],[1.454819,48.384388],[1.454304,48.383598],[1.454343,48.382656],[1.453111,48.382148],[1.452588,48.381622],[1.451998,48.381237],[1.451054,48.380947],[1.450646,48.380512],[1.44982,48.380917],[1.449176,48.380966],[1.449026,48.380817],[1.44864,48.380791],[1.447835,48.380482],[1.446719,48.381737],[1.445614,48.381664],[1.444895,48.381794],[1.443704,48.382912],[1.443104,48.383377],[1.442835,48.383247],[1.441355,48.381737],[1.439241,48.381237],[1.438608,48.381752],[1.438211,48.382236],[1.437922,48.383312],[1.437213,48.384487],[1.436377,48.385906],[1.435754,48.386524],[1.435207,48.386333],[1.43451,48.38649],[1.43436,48.385761],[1.433963,48.385105],[1.433963,48.384502],[1.434639,48.38332],[1.434649,48.38287],[1.434295,48.382744],[1.434252,48.382378],[1.433372,48.38237],[1.432482,48.38282],[1.431581,48.382351],[1.431216,48.382313],[1.430916,48.382179],[1.43083,48.381924],[1.430004,48.381283],[1.429274,48.380909],[1.427171,48.382351],[1.427579,48.382912],[1.42818,48.383305],[1.425701,48.385372],[1.423792,48.386681],[1.422719,48.386761],[1.421839,48.387032],[1.421034,48.387409],[1.420273,48.38765],[1.418996,48.387657],[1.418245,48.387737],[1.416582,48.387772],[1.415595,48.387623],[1.414812,48.387844],[1.414222,48.387886],[1.41302,48.388065],[1.411861,48.388069],[1.409759,48.388428],[1.407945,48.388882],[1.406722,48.389338],[1.40625,48.389391],[1.405843,48.389262],[1.40382,48.389518],[1.402956,48.389462],[1.40036,48.390564],[1.39653,48.392155],[1.39462,48.393337],[1.392303,48.394272],[1.390103,48.395004],[1.388537,48.395851],[1.387732,48.39603],[1.386874,48.396094],[1.386241,48.396042],[1.384749,48.394726],[1.376789,48.389423],[1.376853,48.383227],[1.376349,48.383209],[1.375544,48.382877],[1.374532,48.383016],[1.373549,48.382984],[1.373119,48.383099],[1.373119,48.382839],[1.370008,48.379208],[1.369849,48.378759],[1.367851,48.378403],[1.367562,48.379116],[1.36694,48.379044],[1.361865,48.379826],[1.359698,48.380268],[1.359022,48.379387],[1.357884,48.376144],[1.357176,48.375023],[1.356372,48.375515],[1.355851,48.374714],[1.355974,48.373913],[1.356329,48.373084],[1.354719,48.372151],[1.353046,48.371412],[1.351844,48.371134],[1.350303,48.370917],[1.348848,48.370245],[1.348078,48.369392],[1.346276,48.368317],[1.345857,48.368408],[1.345321,48.367313],[1.344838,48.366077],[1.343679,48.366123],[1.342843,48.366371],[1.339656,48.36478],[1.339613,48.364761],[1.335429,48.360889],[1.334152,48.36047],[1.333777,48.360111],[1.331041,48.35545],[1.327125,48.352337],[1.321052,48.346375],[1.319035,48.345139],[1.317726,48.344555],[1.313995,48.342025],[1.310545,48.342598],[1.308854,48.340714],[1.30865,48.340172],[1.308274,48.339684],[1.307523,48.339951],[1.306515,48.339378],[1.305238,48.338043],[1.304841,48.337444],[1.30438,48.337132],[1.303575,48.336334],[1.302706,48.335827],[1.301826,48.335442],[1.303865,48.33515],[1.300464,48.333894],[1.300882,48.333668],[1.298414,48.33176],[1.294219,48.332794],[1.292492,48.330818],[1.290464,48.331421],[1.28908,48.332031],[1.287814,48.332233],[1.284435,48.333138],[1.282235,48.333645],[1.280186,48.334541],[1.277787,48.335012],[1.276678,48.335897],[1.275174,48.336782],[1.272783,48.335426],[1.272483,48.335415],[1.27171,48.334835],[1.272022,48.334637],[1.263632,48.326576],[1.260585,48.328415],[1.259211,48.329823],[1.257838,48.330391],[1.256465,48.33054],[1.252871,48.330654],[1.251025,48.331078],[1.249813,48.330978],[1.248279,48.331013],[1.246744,48.330921],[1.245757,48.330978],[1.243547,48.323357],[1.238719,48.323494],[1.238741,48.323002],[1.238118,48.322968],[1.236788,48.323288],[1.23534,48.323189],[1.234653,48.322594],[1.233773,48.322582],[1.232861,48.322437],[1.230898,48.32246],[1.228323,48.322594],[1.22636,48.322796],[1.227422,48.319336],[1.227475,48.318844],[1.228033,48.316483],[1.227357,48.316502],[1.226542,48.316322],[1.226338,48.315968],[1.226521,48.315811],[1.226381,48.315559],[1.22593,48.315304],[1.224568,48.315212],[1.224493,48.31506],[1.226542,48.31464],[1.227572,48.313667],[1.228495,48.312656],[1.229975,48.311821],[1.230683,48.310589],[1.230748,48.309681],[1.23108,48.308846],[1.231627,48.307934],[1.231863,48.306789],[1.231713,48.306175],[1.231209,48.305462],[1.231166,48.303967],[1.232497,48.303886],[1.233848,48.303509],[1.234868,48.303074],[1.236026,48.302963],[1.237056,48.303036],[1.237915,48.303181],[1.23888,48.303066],[1.239899,48.302631],[1.238837,48.301701],[1.238773,48.300945],[1.238387,48.30032],[1.237711,48.300476],[1.236799,48.300289],[1.236455,48.300224],[1.236981,48.299847],[1.237239,48.299492],[1.237496,48.299381],[1.237689,48.298599],[1.239181,48.297105],[1.241283,48.297114],[1.24111,48.296393],[1.241026,48.295292],[1.240221,48.294365],[1.239738,48.293121],[1.239438,48.29208],[1.239148,48.291351],[1.239749,48.288967],[1.240125,48.288269],[1.240962,48.287212],[1.240489,48.286026],[1.239696,48.284798],[1.239427,48.283379],[1.23904,48.279713],[1.238784,48.278454],[1.239985,48.278587],[1.242077,48.278817],[1.243601,48.279488],[1.244684,48.278664],[1.245146,48.277958],[1.245328,48.277447],[1.250843,48.276081],[1.252248,48.276009],[1.253493,48.275665],[1.255327,48.274616],[1.255778,48.272903],[1.256304,48.272266],[1.258932,48.270805],[1.261325,48.267826],[1.260681,48.267014],[1.260145,48.266647],[1.25964,48.266048],[1.257892,48.264969],[1.256787,48.264046],[1.257548,48.263256],[1.257645,48.262913],[1.260885,48.263756],[1.264619,48.263191],[1.268481,48.264107],[1.268899,48.261127],[1.26935,48.260693],[1.272676,48.258812],[1.27435,48.258827],[1.276345,48.258442],[1.283909,48.255856],[1.288484,48.255513],[1.291956,48.255112],[1.293007,48.254578],[1.293919,48.253654],[1.294949,48.253113],[1.296794,48.25272],[1.298929,48.252113],[1.29953,48.251606],[1.300131,48.25082],[1.301547,48.249874],[1.302985,48.249191],[1.303897,48.247963],[1.30439,48.246784],[1.310334,48.248999],[1.313918,48.250443],[1.315194,48.251469],[1.317008,48.252403],[1.317694,48.252449],[1.318316,48.252163],[1.319894,48.250828],[1.32131,48.250397],[1.322029,48.250061],[1.321739,48.249641],[1.322844,48.248589],[1.324024,48.24799],[1.326642,48.247734],[1.326985,48.248421],[1.328241,48.24852],[1.328444,48.248638],[1.329421,48.24826],[1.32985,48.247784],[1.33117,48.247948],[1.333036,48.248104],[1.334442,48.249348],[1.336963,48.250412],[1.33809,48.250061],[1.341308,48.249332],[1.342762,48.248837],[1.346362,48.247227],[1.348003,48.246105],[1.34957,48.24527],[1.348733,48.244537],[1.348711,48.24416],[1.349183,48.243874],[1.350546,48.243267],[1.352563,48.241009],[1.353657,48.240204],[1.354333,48.239494],[1.355524,48.238972],[1.356575,48.238716],[1.359172,48.237335],[1.361275,48.236115],[1.365416,48.234592],[1.365867,48.231762],[1.365148,48.230034],[1.367828,48.229692],[1.370491,48.229488],[1.371928,48.228138],[1.372336,48.22744],[1.373688,48.22636],[1.374729,48.224823],[1.375072,48.224201],[1.376536,48.223279],[1.376971,48.222843],[1.377057,48.222412],[1.376145,48.221191],[1.377486,48.217827],[1.376048,48.218117],[1.37563,48.217903],[1.375662,48.214165],[1.374385,48.213463],[1.373613,48.212757],[1.371446,48.211941],[1.370641,48.211155],[1.369987,48.210175],[1.369725,48.209525],[1.369306,48.20913],[1.371188,48.208775],[1.371982,48.20834],[1.372207,48.207432],[1.372647,48.20665],[1.372958,48.205612],[1.372991,48.204941],[1.373495,48.204304],[1.37399,48.203266],[1.375469,48.202469],[1.376424,48.201794],[1.377153,48.201557],[1.379653,48.200974],[1.380415,48.20055],[1.380908,48.199535],[1.381252,48.199406],[1.381434,48.1991],[1.38064,48.198833],[1.380479,48.197304],[1.38064,48.196838],[1.380447,48.196484],[1.381155,48.196354],[1.382153,48.195911],[1.380608,48.194366],[1.379757,48.193737],[1.376885,48.192326],[1.376027,48.191631],[1.375201,48.19038],[1.374911,48.189102],[1.374182,48.187626],[1.374042,48.186562],[1.374557,48.185654],[1.376789,48.183781],[1.378065,48.183716],[1.378967,48.183563],[1.380619,48.183544],[1.38343,48.182727],[1.38623,48.181206]]],"type":"MultiLineString"},"properties":{"geo_point":{"lon":1.4648718039761934,"lat":48.430929159131956},"name":"GR655 De Saint-Hilarion (Yvelines) à Bonneval (Eure-et-Loir) (2020)","code_gr":"GR655"}},{"type":"Feature","geometry":{"coordinates":[[[0.618292,47.11076],[0.618335,47.110585],[0.61752,47.109329],[0.617262,47.109329],[0.617262,47.10838],[0.617391,47.107343],[0.616533,47.107518],[0.615932,47.107562],[0.614666,47.107869],[0.613979,47.108613],[0.612885,47.105035],[0.612048,47.101661],[0.61134,47.101442],[0.61046,47.101282],[0.608915,47.098521],[0.60825,47.097864],[0.607735,47.097177],[0.606759,47.096584],[0.608389,47.095642],[0.602649,47.090374],[0.60222,47.090221],[0.599592,47.087234],[0.598551,47.084209],[0.597864,47.083668],[0.596931,47.083302],[0.59618,47.082836],[0.595922,47.082253],[0.595257,47.081734],[0.596459,47.080578],[0.597875,47.077759],[0.599892,47.075981],[0.601104,47.075199],[0.601587,47.07476],[0.603497,47.074543],[0.604098,47.074368],[0.607252,47.074226],[0.607606,47.074505],[0.609258,47.073776],[0.609934,47.072594],[0.610181,47.071941],[0.609677,47.07151],[0.610664,47.070961],[0.612026,47.070442],[0.614269,47.070129],[0.616339,47.069691],[0.616511,47.067177],[0.617369,47.067303],[0.619537,47.067059],[0.621275,47.067017],[0.62326,47.066761],[0.624676,47.06662],[0.626521,47.066036],[0.628345,47.064392],[0.625963,47.063122],[0.626425,47.060307],[0.622873,47.056396],[0.624783,47.055313],[0.624279,47.054993],[0.625448,47.054138],[0.625792,47.053978],[0.626521,47.052887],[0.626897,47.05172],[0.625352,47.051003],[0.615588,47.04826],[0.614569,47.047852],[0.615031,47.046749],[0.616028,47.04517],[0.61855,47.043003],[0.617595,47.04245],[0.614312,47.041519],[0.615277,47.040138],[0.6159,47.038456],[0.617563,47.03746],[0.619386,47.035831],[0.612037,47.030602],[0.607456,47.027348],[0.606201,47.025665],[0.605761,47.025394],[0.607595,47.024315],[0.606962,47.023788],[0.606415,47.023853],[0.605471,47.023464],[0.604795,47.02269],[0.604784,47.022266],[0.604956,47.022068],[0.604945,47.021652],[0.604935,47.021557],[0.606372,47.02029],[0.607971,47.019039],[0.605278,47.017006],[0.604366,47.016064],[0.604452,47.014549],[0.604516,47.013927],[0.604323,47.013329],[0.603175,47.013432],[0.602038,47.008186],[0.600793,47.008198],[0.600021,47.004784],[0.599946,47.00338],[0.600278,47.002171],[0.600214,47.001583],[0.600708,47.001495],[0.604806,46.998379],[0.604913,46.99794],[0.606158,46.997532],[0.601062,46.996456],[0.600386,46.99641],[0.599881,46.996529],[0.599667,46.996521],[0.599302,46.993515],[0.599366,46.99263],[0.600665,46.989594],[0.601845,46.989571],[0.603025,46.986942],[0.606008,46.987175],[0.610685,46.98708],[0.617799,46.985786],[0.618078,46.98534],[0.617509,46.984505],[0.617198,46.983398],[0.616972,46.982578],[0.617005,46.980251],[0.617369,46.979645],[0.617305,46.97908],[0.616876,46.978615],[0.615985,46.975868],[0.615438,46.974785],[0.615395,46.973415],[0.614033,46.972843],[0.612069,46.972809],[0.611297,46.972897],[0.609409,46.972748],[0.608143,46.9725],[0.60884,46.969696],[0.608926,46.968559],[0.609248,46.96611],[0.609269,46.962902],[0.609291,46.958897],[0.609398,46.957855],[0.610664,46.95787],[0.612091,46.958458],[0.615674,46.959312],[0.618228,46.960274],[0.622433,46.951675],[0.623646,46.948158],[0.62621,46.948277],[0.627455,46.947796],[0.627186,46.943691],[0.632143,46.943466],[0.632744,46.943649],[0.632937,46.943501],[0.63195,46.942242],[0.631446,46.941189],[0.631038,46.940712],[0.630834,46.940067],[0.629869,46.938629],[0.62915,46.936806],[0.629096,46.935436],[0.629214,46.934769],[0.629064,46.933811],[0.629547,46.9314],[0.630169,46.929005],[0.630684,46.928265],[0.631263,46.927906],[0.632551,46.926147],[0.635136,46.926044],[0.635716,46.926163],[0.63637,46.925751],[0.637282,46.925625],[0.638183,46.925415],[0.639492,46.925282],[0.639031,46.92326],[0.641659,46.922665],[0.648698,46.917389],[0.646327,46.916752],[0.645082,46.916161],[0.64402,46.915588],[0.642357,46.914825],[0.64049,46.914627],[0.639117,46.914108],[0.637743,46.913925],[0.634686,46.913376],[0.632486,46.913139],[0.632401,46.912987],[0.632197,46.912243],[0.631446,46.912156],[0.630555,46.911857],[0.629075,46.911278],[0.627294,46.910927],[0.624783,46.909805],[0.624987,46.909576],[0.623914,46.909225],[0.623249,46.909168],[0.622509,46.909409],[0.622476,46.908264],[0.622079,46.907696],[0.620438,46.907604],[0.619032,46.907784],[0.618335,46.90782],[0.613453,46.906559],[0.611748,46.905605],[0.610889,46.905437],[0.608636,46.905312],[0.607166,46.905304],[0.606329,46.905502],[0.6056,46.903576],[0.60443,46.902184],[0.603358,46.900772],[0.602832,46.898621],[0.602542,46.897732],[0.602092,46.896763],[0.601062,46.895267],[0.599935,46.894501],[0.599678,46.893471],[0.599924,46.892525],[0.599903,46.89114],[0.599828,46.89048],[0.599635,46.889915],[0.599806,46.889206],[0.599742,46.887959],[0.598927,46.888008],[0.597628,46.887817],[0.59662,46.887402],[0.596008,46.887329],[0.59456,46.887356],[0.592414,46.887058],[0.591974,46.88707],[0.590022,46.886257],[0.589807,46.885654],[0.589442,46.885334],[0.58764,46.886139],[0.587018,46.88496],[0.586953,46.884151],[0.586256,46.883442],[0.58602,46.8829],[0.582554,46.880566],[0.578424,46.878323],[0.578402,46.878315],[0.577544,46.877415],[0.575742,46.874889],[0.574164,46.873386],[0.573435,46.872391],[0.57307,46.871708],[0.571697,46.87022],[0.570495,46.86845],[0.567995,46.865429],[0.567695,46.863853],[0.566472,46.862442],[0.563983,46.858475],[0.561397,46.855343],[0.559734,46.852921],[0.558822,46.85215],[0.558457,46.851555],[0.557567,46.851498],[0.55702,46.851341],[0.551409,46.851784],[0.549552,46.845016],[0.541162,46.846104],[0.540347,46.84462],[0.538985,46.839241],[0.538555,46.839184],[0.537461,46.83754],[0.537847,46.83654],[0.539886,46.835823],[0.541999,46.833122],[0.542783,46.830639],[0.54274,46.828812],[0.541109,46.828812],[0.541323,46.826565],[0.540776,46.824577],[0.541248,46.822464],[0.540712,46.820633],[0.540283,46.820099],[0.539478,46.818058],[0.538416,46.816772],[0.540369,46.816154],[0.539671,46.815098],[0.539843,46.814709],[0.539167,46.814651],[0.538341,46.813114],[0.537997,46.811039],[0.537515,46.810642],[0.536753,46.810429],[0.536125,46.808127],[0.535669,46.80703],[0.53539,46.804531],[0.535734,46.803951],[0.536517,46.802353],[0.537139,46.801697],[0.538427,46.800686],[0.541366,46.797688],[0.542922,46.798363],[0.544714,46.797829],[0.545744,46.797703],[0.546645,46.797806],[0.546817,46.797195],[0.54746,46.796734],[0.547138,46.795387],[0.54657,46.795666],[0.545433,46.795982],[0.543705,46.796165],[0.54348,46.795902],[0.543931,46.794712],[0.544488,46.794559],[0.544038,46.792538],[0.544242,46.792126],[0.546291,46.791737],[0.546173,46.790539],[0.546752,46.788101],[0.543405,46.78698],[0.542343,46.782379],[0.542364,46.78072],[0.542654,46.779652],[0.542772,46.778641],[0.543072,46.777668],[0.543244,46.77562],[0.543351,46.774437],[0.542965,46.773064],[0.542396,46.772423],[0.541581,46.772282],[0.540905,46.772415],[0.537987,46.77335],[0.534725,46.77243],[0.533856,46.771946],[0.533545,46.771622],[0.532697,46.771873],[0.530884,46.770599],[0.529361,46.769962],[0.525863,46.768894],[0.524136,46.768227],[0.523202,46.767712],[0.522441,46.767006],[0.522012,46.766766],[0.52066,46.765808],[0.519168,46.765141],[0.518042,46.764572],[0.515596,46.763672],[0.513246,46.762516],[0.51301,46.761906],[0.512956,46.761288],[0.512044,46.759686],[0.511497,46.759209],[0.507517,46.754261],[0.505124,46.751896],[0.503236,46.749123],[0.504508,46.748091],[0.505192,46.746932],[0.506519,46.745537],[0.509394,46.742573],[0.511165,46.741112],[0.511969,46.74062],[0.510671,46.739265],[0.510612,46.739005],[0.510296,46.738745],[0.50977,46.738546],[0.509255,46.73736],[0.509588,46.737087],[0.509523,46.736698],[0.509834,46.73645],[0.510006,46.736322],[0.510167,46.735352],[0.509298,46.735565],[0.508461,46.734119],[0.508182,46.733097],[0.507753,46.73267],[0.506272,46.732407],[0.505757,46.731277],[0.503633,46.731529],[0.501766,46.731544],[0.500758,46.731686],[0.499803,46.731617],[0.497946,46.732162],[0.496231,46.732588],[0.494878,46.73333],[0.491848,46.734532],[0.48931,46.73563],[0.48843,46.734859],[0.488141,46.734375],[0.487862,46.734264],[0.487154,46.73436],[0.486778,46.734249],[0.486692,46.733677],[0.486252,46.733322],[0.481671,46.731293],[0.480212,46.729843],[0.479171,46.728722],[0.482444,46.727184],[0.484557,46.72464],[0.483345,46.724405],[0.482422,46.72402],[0.481167,46.723353],[0.479857,46.722367],[0.477476,46.719791],[0.476607,46.719357],[0.476296,46.718548],[0.476607,46.717358],[0.476264,46.716328],[0.476264,46.716011],[0.475191,46.715813],[0.474601,46.715591],[0.473592,46.716076],[0.472788,46.715981],[0.471865,46.715973],[0.465953,46.709553],[0.46428,46.708477],[0.460449,46.705463],[0.458733,46.70647],[0.458647,46.707699],[0.458003,46.708897],[0.457681,46.709671],[0.45693,46.711208],[0.456748,46.712048],[0.456834,46.712547],[0.455493,46.71125],[0.454259,46.709553],[0.452671,46.707874],[0.45015,46.709087],[0.448251,46.707947],[0.446202,46.70713],[0.445365,46.708008],[0.444506,46.70858],[0.443981,46.708302],[0.443498,46.706608],[0.443552,46.705166],[0.443391,46.704556],[0.442886,46.70385],[0.441985,46.703087],[0.441695,46.702473],[0.441449,46.701725],[0.441277,46.700871],[0.440462,46.699677],[0.440183,46.698875],[0.440172,46.698273],[0.442865,46.696537],[0.441492,46.695023],[0.440955,46.69413],[0.439721,46.693211],[0.438488,46.692017],[0.4372,46.690907],[0.43484,46.68856],[0.432512,46.685947],[0.431074,46.684834],[0.42852,46.682449],[0.424647,46.678837],[0.420871,46.675354],[0.418274,46.673439],[0.416129,46.671181],[0.413318,46.668259],[0.409724,46.664387],[0.407449,46.662544],[0.405207,46.660042],[0.404263,46.658722],[0.40246,46.656994],[0.400239,46.654686],[0.397053,46.651558],[0.395658,46.650639],[0.391463,46.648399],[0.387826,46.646622],[0.386378,46.645519],[0.385906,46.644588],[0.385015,46.643589],[0.383277,46.640621],[0.382622,46.638836],[0.382504,46.637409],[0.38038,46.631847],[0.378578,46.628345],[0.377687,46.625908],[0.376174,46.623085],[0.375434,46.622025],[0.374479,46.621044],[0.37346,46.620239],[0.372645,46.619122],[0.372763,46.618259],[0.371464,46.617573],[0.370713,46.617104],[0.370188,46.61655],[0.369169,46.615997],[0.368578,46.615364],[0.367945,46.615082],[0.36684,46.613895],[0.366722,46.61282],[0.367227,46.612053],[0.368096,46.612354],[0.369447,46.611698],[0.371046,46.611309],[0.37066,46.610462],[0.37008,46.607449],[0.36949,46.606144],[0.368353,46.604557],[0.367495,46.602825],[0.36684,46.601719],[0.366808,46.600609],[0.364952,46.598137],[0.363922,46.595963],[0.363439,46.595257],[0.363547,46.594494],[0.363203,46.593323],[0.361927,46.591324],[0.359899,46.589489],[0.35815,46.587269],[0.357646,46.587292],[0.35668,46.586613],[0.356401,46.586216],[0.356369,46.586178],[0.35623,46.585892],[0.355618,46.585278],[0.35535,46.584328],[0.354282,46.584049],[0.354084,46.58337],[0.354089,46.582584],[0.353939,46.582047],[0.354116,46.580849],[0.354105,46.578983],[0.353644,46.577618],[0.35358,46.576771],[0.353322,46.576336],[0.351809,46.577396],[0.351423,46.577145],[0.351241,46.576828],[0.34638,46.575222],[0.346241,46.574799],[0.345608,46.574535],[0.334643,46.571598],[0.334042,46.571178],[0.333731,46.569889],[0.332937,46.569447],[0.333205,46.569107],[0.33018,46.567684],[0.329686,46.566895],[0.329193,46.566414],[0.330427,46.565868],[0.330437,46.564747],[0.329794,46.563927],[0.330727,46.563728],[0.331886,46.563892],[0.333077,46.563648],[0.334632,46.563026],[0.337089,46.563213],[0.337154,46.562256],[0.336971,46.562012],[0.33695,46.561459],[0.337207,46.560947],[0.337411,46.560314],[0.338452,46.559326],[0.339085,46.558231],[0.33857,46.557594],[0.33916,46.556957],[0.339299,46.556381],[0.339181,46.556011],[0.338634,46.555511],[0.33784,46.554913],[0.337647,46.554176],[0.337658,46.553341],[0.337379,46.553238],[0.337411,46.55143],[0.337164,46.550125],[0.336059,46.550205],[0.333806,46.549706],[0.333045,46.549248],[0.331875,46.548435],[0.33092,46.548222],[0.328957,46.548103],[0.328227,46.547977],[0.327133,46.548126],[0.326586,46.548294],[0.326543,46.548458],[0.325727,46.548466],[0.325148,46.548412],[0.325009,46.547813],[0.324408,46.547291],[0.325985,46.546581],[0.326006,46.546261],[0.326639,46.545544],[0.326725,46.544914],[0.327004,46.544312],[0.326983,46.54343],[0.327272,46.542747],[0.327047,46.542068],[0.327594,46.542046],[0.328152,46.540974],[0.328527,46.540634],[0.329343,46.539605],[0.330158,46.538841],[0.331446,46.538673],[0.333216,46.53812],[0.336413,46.537197],[0.336692,46.536835],[0.335147,46.535294],[0.334418,46.534893],[0.333023,46.534554],[0.332648,46.534576],[0.33136,46.534294],[0.331328,46.534016],[0.331843,46.533218],[0.332122,46.532318],[0.332454,46.532112],[0.331714,46.531868],[0.329815,46.531815],[0.328302,46.53141],[0.326736,46.530628],[0.325974,46.529984],[0.326221,46.528568],[0.327079,46.526531],[0.327777,46.52597],[0.328023,46.525078],[0.329107,46.523136],[0.329697,46.522442],[0.330137,46.521999],[0.330491,46.521305],[0.329708,46.520626],[0.329279,46.519096],[0.328689,46.51799],[0.328732,46.517651],[0.327938,46.517467],[0.32709,46.516758],[0.326629,46.516056],[0.326082,46.515759],[0.325685,46.515724],[0.324676,46.515148],[0.323592,46.514832],[0.32267,46.514385],[0.320706,46.514076],[0.318797,46.513332],[0.317209,46.513199],[0.316039,46.512852],[0.315299,46.512882],[0.314698,46.512821],[0.3134,46.513065],[0.310943,46.511971],[0.310396,46.512096],[0.309656,46.512054],[0.308572,46.511765],[0.302446,46.514025],[0.300965,46.513952],[0.300815,46.51368],[0.298884,46.513943],[0.29765,46.514446],[0.297865,46.514587],[0.297704,46.516209],[0.297006,46.516972],[0.296921,46.51725],[0.294067,46.518715],[0.296277,46.520336],[0.297199,46.521313],[0.298272,46.521778],[0.299195,46.5219],[0.300171,46.521355],[0.300504,46.521984],[0.301266,46.522491],[0.302371,46.522751],[0.302671,46.523003],[0.302457,46.523754],[0.302575,46.524021],[0.302156,46.524929],[0.301577,46.525631],[0.301684,46.526081],[0.301384,46.526569],[0.301824,46.527233],[0.301749,46.527504],[0.301073,46.528191],[0.30118,46.528866],[0.303776,46.529099],[0.304849,46.529091],[0.306008,46.529404],[0.305997,46.529518],[0.304989,46.529587],[0.303851,46.530251],[0.30369,46.53141],[0.303165,46.531811],[0.301802,46.532318],[0.300354,46.53352],[0.297554,46.535248],[0.297511,46.535564],[0.296985,46.536098],[0.296695,46.536472],[0.295826,46.535965],[0.294957,46.53587],[0.294474,46.536045],[0.292575,46.537457],[0.2897,46.535904],[0.289164,46.536423],[0.288069,46.536503],[0.287758,46.537041],[0.286943,46.535824],[0.284443,46.534412],[0.28293,46.534885],[0.282587,46.534725],[0.281814,46.534576],[0.2816,46.534843],[0.280033,46.534599],[0.27999,46.534252],[0.278649,46.534039],[0.277512,46.533566],[0.276289,46.532928],[0.275485,46.532639],[0.274938,46.53232],[0.2738,46.531942],[0.272845,46.531276],[0.272347,46.53058],[0.271976,46.529883],[0.271531,46.529465],[0.270742,46.529193],[0.269218,46.528058],[0.267893,46.526755],[0.267212,46.526573],[0.266762,46.526703],[0.265871,46.526936],[0.265464,46.527313],[0.265131,46.526878],[0.263726,46.52684],[0.261869,46.525719],[0.261301,46.525875],[0.259638,46.525436],[0.25952,46.525223],[0.257374,46.525452],[0.256108,46.525906],[0.254745,46.525925],[0.253683,46.526398],[0.252203,46.526817],[0.251999,46.526493],[0.251237,46.525948],[0.249403,46.524975],[0.248973,46.524532],[0.246302,46.520786],[0.244435,46.518684],[0.243663,46.51717],[0.244671,46.515923],[0.245508,46.515316],[0.24671,46.51503],[0.247085,46.514629],[0.242225,46.510458],[0.241088,46.509846],[0.240283,46.50864],[0.239285,46.507851],[0.23788,46.507092],[0.238105,46.505939],[0.238266,46.50552],[0.23833,46.504032],[0.237697,46.501892],[0.235476,46.502003],[0.234232,46.50219],[0.233041,46.502106],[0.230166,46.502316],[0.226132,46.501411],[0.22419,46.501656],[0.22301,46.50148],[0.221604,46.500992],[0.220993,46.501537],[0.220242,46.501862],[0.219544,46.502335],[0.218536,46.502666],[0.217613,46.503296],[0.216497,46.502106],[0.211197,46.49958],[0.211358,46.49938],[0.205854,46.496937],[0.205092,46.497475],[0.200801,46.493118],[0.19917,46.491802],[0.197872,46.491123],[0.194943,46.488682],[0.191553,46.48695],[0.190566,46.487034],[0.189675,46.486706],[0.186403,46.485962],[0.184761,46.484707],[0.184321,46.484158],[0.18357,46.484425],[0.182176,46.484402],[0.18048,46.483692],[0.179214,46.482933],[0.177433,46.48262],[0.175824,46.48217],[0.174891,46.482098],[0.172713,46.482388],[0.169795,46.48251],[0.167595,46.482365],[0.166329,46.480049],[0.165256,46.478886],[0.164205,46.477776],[0.163443,46.476315],[0.159506,46.475513],[0.158004,46.47485],[0.154957,46.473942],[0.155439,46.473186],[0.155965,46.472687],[0.156373,46.471382],[0.156534,46.470451],[0.159334,46.469913],[0.161394,46.468983],[0.162907,46.467823],[0.164098,46.466564],[0.165642,46.465427],[0.164323,46.46389],[0.164838,46.463093],[0.164355,46.461998],[0.164495,46.461422],[0.164934,46.460846],[0.164806,46.460617],[0.164258,46.46027],[0.16428,46.459854],[0.164623,46.459354],[0.164537,46.459023],[0.164258,46.458733],[0.164602,46.457623],[0.164269,46.457203],[0.164044,46.456966],[0.162585,46.457165],[0.161072,46.457493],[0.157371,46.457596],[0.155697,46.457363],[0.153272,46.456383],[0.152189,46.455814],[0.155632,46.454056],[0.153905,46.453152],[0.152457,46.451092],[0.151287,46.450085],[0.14942,46.450722],[0.146137,46.452057],[0.143359,46.453663],[0.144442,46.454521],[0.143251,46.455208],[0.142758,46.455021],[0.142372,46.455097],[0.140086,46.452625],[0.138295,46.451424],[0.137393,46.451103],[0.135001,46.449783],[0.133392,46.447643],[0.134357,46.446922],[0.13557,46.446404],[0.135795,46.445854],[0.130173,46.438271],[0.129733,46.438435],[0.12748,46.436771],[0.125678,46.436546],[0.124691,46.43626],[0.123607,46.435867]]],"type":"MultiLineString"},"properties":{"geo_point":{"lon":0.4441470363236082,"lat":46.73772824484699},"name":"GR655 De Ste-Maure-de-Touraine (Indre-et-Loire) à Lusignan (Vienne) (2020)","code_gr":"GR655"}},{"type":"Feature","geometry":{"coordinates":[[[3.423089,49.946546],[3.422767,49.945979],[3.421855,49.944473],[3.421543,49.944127],[3.423089,49.943047],[3.423775,49.942444],[3.426799,49.940268],[3.427248,49.939529],[3.427896,49.939172],[3.428226,49.939342],[3.429216,49.938747],[3.429408,49.937756],[3.430835,49.936699],[3.433377,49.935312],[3.434685,49.934742],[3.43763,49.932846],[3.437961,49.932081],[3.437749,49.931137],[3.437144,49.929913],[3.437862,49.929001],[3.435352,49.927769],[3.43327,49.925076],[3.432777,49.924786],[3.427885,49.922916],[3.423851,49.920761],[3.421715,49.919495],[3.421018,49.918797],[3.419527,49.917202],[3.419001,49.916878],[3.418111,49.91613],[3.416265,49.914516],[3.413186,49.91296],[3.411791,49.91164],[3.409678,49.910286],[3.404914,49.906494],[3.404378,49.905186],[3.403341,49.905767],[3.403235,49.906261],[3.400514,49.906703],[3.400382,49.906295],[3.400514,49.905887],[3.400963,49.905444],[3.400144,49.904525],[3.399642,49.904202],[3.398189,49.902875],[3.396277,49.904564],[3.395934,49.904648],[3.395119,49.904697],[3.394893,49.905235],[3.394078,49.905946],[3.388969,49.903028],[3.387807,49.902722],[3.381705,49.902654],[3.382545,49.901588],[3.383156,49.900448],[3.38233,49.900143],[3.382008,49.899719],[3.381493,49.899666],[3.381,49.899216],[3.380624,49.898659],[3.380463,49.898022],[3.379294,49.896423],[3.379015,49.895927],[3.377856,49.89473],[3.377137,49.893127],[3.375968,49.891273],[3.375431,49.890869],[3.373704,49.890175],[3.371526,49.889519],[3.372331,49.886845],[3.372481,49.886017],[3.37291,49.882877],[3.367106,49.884571],[3.366644,49.882198],[3.366709,49.880009],[3.366494,49.879398],[3.366387,49.878571],[3.365797,49.877796],[3.36157,49.877178],[3.360314,49.877289],[3.357536,49.877747],[3.354896,49.877865],[3.353137,49.878021],[3.350809,49.877346],[3.349768,49.877151],[3.348448,49.876812],[3.350036,49.874332],[3.350809,49.870674],[3.352193,49.868389],[3.352772,49.868172],[3.353244,49.867577],[3.352128,49.86705],[3.351184,49.866837],[3.350787,49.86689],[3.347214,49.865501],[3.344586,49.86467],[3.343835,49.864567],[3.342601,49.864063],[3.340573,49.86301],[3.339307,49.861919],[3.337537,49.860813],[3.335359,49.85981],[3.332763,49.858799],[3.330038,49.857922],[3.324308,49.857124],[3.320918,49.857029],[3.318805,49.856876],[3.316938,49.857403],[3.315178,49.857616],[3.311133,49.857712],[3.310672,49.852077],[3.310221,49.851246],[3.309385,49.850609],[3.304406,49.847691],[3.301316,49.845657],[3.296767,49.841858],[3.296113,49.842106],[3.295308,49.841911],[3.291306,49.844189],[3.28988,49.845661],[3.289558,49.846882],[3.288871,49.847496],[3.286006,49.846516],[3.283067,49.845482],[3.283051,49.84547],[3.277005,49.842766],[3.273561,49.839191],[3.2731,49.838909],[3.274891,49.838596],[3.278335,49.837379],[3.279687,49.836765],[3.280588,49.836182],[3.276983,49.836067],[3.273615,49.835926],[3.269784,49.835255],[3.266587,49.834564],[3.266244,49.834354],[3.264892,49.832489],[3.262682,49.831036],[3.261867,49.829914],[3.261094,49.829182],[3.25897,49.828239],[3.259474,49.827789],[3.258455,49.827534],[3.256792,49.82682],[3.255494,49.826439],[3.255032,49.826084],[3.253155,49.823601],[3.247104,49.822624],[3.244389,49.820915],[3.243467,49.818516],[3.242812,49.817547],[3.241117,49.816605],[3.239712,49.81591],[3.237684,49.815128],[3.235763,49.812832],[3.235141,49.812374],[3.233017,49.811161],[3.23085,49.809494],[3.23042,49.80875],[3.230098,49.807896],[3.229498,49.807514],[3.229047,49.807346],[3.228103,49.806656],[3.227266,49.806122],[3.225287,49.805348],[3.222935,49.802859],[3.222169,49.801188],[3.22106,49.800284],[3.219627,49.799752],[3.218394,49.799566],[3.216087,49.799538],[3.213404,49.798939],[3.212739,49.798565],[3.212321,49.797901],[3.209727,49.79041],[3.20941,49.789131],[3.211237,49.786083],[3.211021,49.785396],[3.210347,49.78511],[3.20936,49.784866],[3.210057,49.783676],[3.211044,49.782482],[3.21202,49.78154],[3.211924,49.781147],[3.211409,49.780155],[3.211795,49.779686],[3.213522,49.778381],[3.214713,49.777287],[3.215851,49.776524],[3.218533,49.775299],[3.220035,49.773678],[3.220614,49.773323],[3.221891,49.772797],[3.222867,49.771904],[3.223876,49.771278],[3.224916,49.770496],[3.226161,49.769852],[3.221805,49.768674],[3.220882,49.768549],[3.21732,49.767578],[3.215014,49.766616],[3.213683,49.765566],[3.212954,49.765141],[3.213512,49.765038],[3.213233,49.764095],[3.213425,49.763269],[3.210863,49.760112],[3.204707,49.758013],[3.204392,49.757378],[3.203437,49.75668],[3.202375,49.754745],[3.199457,49.754341],[3.196764,49.754501],[3.195959,49.754425],[3.193653,49.753998],[3.192151,49.753933],[3.190134,49.754494],[3.189619,49.752057],[3.189426,49.751362],[3.189672,49.749699],[3.189694,49.748512],[3.189737,49.747662],[3.189329,49.746349],[3.188381,49.744563],[3.177613,49.746517],[3.172161,49.74347],[3.174116,49.741575],[3.17154,49.741165],[3.169738,49.740936],[3.166755,49.74181],[3.163902,49.742565],[3.161123,49.743839],[3.160683,49.74382],[3.160071,49.74334],[3.15975,49.743446],[3.158644,49.742481],[3.158011,49.742355],[3.142648,49.741581],[3.142111,49.741863],[3.140159,49.741745],[3.139794,49.742233],[3.139225,49.742428],[3.138109,49.742702],[3.136656,49.743572],[3.137723,49.744659],[3.136586,49.74847],[3.131672,49.750694],[3.129323,49.75116],[3.128467,49.750588],[3.127799,49.750317],[3.127327,49.748844],[3.122756,49.747536],[3.118819,49.747417],[3.115879,49.747368],[3.114109,49.747467],[3.113122,49.747646],[3.111159,49.748325],[3.109785,49.748928],[3.10853,49.749184],[3.107189,49.749283],[3.105547,49.749638],[3.104367,49.750217],[3.104099,49.750591],[3.10411,49.751148],[3.10294,49.751598],[3.102103,49.751625],[3.101052,49.751377],[3.100537,49.751377],[3.099861,49.75153],[3.099228,49.750622],[3.098402,49.750141],[3.098091,49.749302],[3.097801,49.748783],[3.0972,49.748268],[3.095967,49.749157],[3.094776,49.749538],[3.093638,49.749588],[3.087017,49.748386],[3.086727,49.748147],[3.083425,49.747482],[3.077266,49.745613],[3.075689,49.744442],[3.074906,49.744888],[3.072674,49.745789],[3.071365,49.745338],[3.069037,49.743084],[3.068876,49.741776],[3.068265,49.736843],[3.068211,49.736477],[3.068726,49.736136],[3.069026,49.735276],[3.069595,49.73428],[3.070271,49.732239],[3.07144,49.729931],[3.072513,49.728764],[3.073189,49.728313],[3.073372,49.72781],[3.0735,49.727114],[3.074562,49.726476],[3.075496,49.726464],[3.075239,49.725257],[3.075475,49.724354],[3.076183,49.723965],[3.07128,49.716446],[3.070925,49.710724],[3.07026,49.709206],[3.070271,49.708122],[3.070046,49.707596],[3.07173,49.704548],[3.074311,49.701696],[3.075196,49.70137],[3.077009,49.698784],[3.079219,49.696262],[3.078146,49.694881],[3.077964,49.693516],[3.078854,49.692638],[3.078951,49.692017],[3.08203,49.691036],[3.083586,49.69046],[3.086321,49.688629],[3.086793,49.688019],[3.085603,49.68758],[3.084326,49.686615],[3.085141,49.684944],[3.084959,49.684444],[3.084047,49.683624],[3.082845,49.682708],[3.08188,49.681599],[3.072937,49.675257],[3.071237,49.675098],[3.071183,49.674355],[3.071011,49.674086],[3.069917,49.673939],[3.068984,49.673965],[3.068436,49.673634],[3.068351,49.673225],[3.06776,49.67284],[3.06717,49.67226],[3.066269,49.671829],[3.065776,49.671246],[3.065808,49.67112],[3.065014,49.670685],[3.064917,49.670258],[3.065636,49.669502],[3.064188,49.668934],[3.062096,49.66785],[3.060304,49.666641],[3.059092,49.665573],[3.056463,49.662712],[3.055766,49.662094],[3.054693,49.660706],[3.054146,49.65963],[3.053513,49.658905],[3.053309,49.658894],[3.053309,49.659878],[3.051699,49.658615],[3.049639,49.657036],[3.048674,49.657455],[3.048647,49.657455],[3.046217,49.654106],[3.044983,49.654312],[3.0417,49.653294],[3.041239,49.65287],[3.037709,49.655571],[3.036733,49.655071],[3.029577,49.651829],[3.0283,49.651611],[3.029405,49.64912],[3.03051,49.646793],[3.029684,49.646263],[3.027452,49.643276],[3.026519,49.641518],[3.026304,49.640568],[3.02609,49.639648],[3.026152,49.639446],[3.024008,49.638046],[3.019266,49.634487],[3.017839,49.633057],[3.015854,49.630555],[3.014835,49.628658],[3.014202,49.626968],[3.011799,49.623425],[3.010812,49.622257],[3.009084,49.620762],[3.008462,49.620274],[3.008677,49.619469],[3.008548,49.618477],[3.008119,49.617634],[3.0077,49.617069],[3.007722,49.616611],[3.00843,49.614338],[3.009396,49.612724],[3.009793,49.611759],[3.009803,49.610981],[3.009235,49.610146],[3.008763,49.609646],[3.008559,49.608311],[3.008527,49.607567],[3.007861,49.606571],[3.007464,49.605705],[3.006713,49.604633],[3.006327,49.603798],[3.006467,49.602654],[3.006681,49.601711],[3.006628,49.600815],[3.006413,49.600189],[3.006274,49.599106],[3.004954,49.594414],[3.003259,49.594803],[3.001746,49.595371],[3.001188,49.595303],[3.000923,49.595527],[3.000447,49.594997],[2.998956,49.593918],[2.997894,49.593342],[2.996703,49.592556],[2.995234,49.591972],[2.993894,49.591749],[2.994016,49.591297],[2.994354,49.590683],[2.994622,49.590309],[2.9948,49.589512],[2.994819,49.588992],[2.995201,49.588326],[2.995044,49.588134],[2.99518,49.587109],[2.995276,49.58654],[2.995244,49.585995],[2.994483,49.585045],[2.997454,49.583179],[2.998635,49.582623],[2.999547,49.582352],[2.999643,49.581898],[2.999289,49.581703],[2.998763,49.581295],[2.998592,49.58099],[2.99426,49.578258],[2.988282,49.573409],[2.986178,49.573898],[2.985781,49.573627],[2.984221,49.565667],[2.984552,49.565384],[2.984291,49.56492],[2.984064,49.564819],[2.983715,49.563507],[2.983402,49.562513],[2.983524,49.562354],[2.983436,49.561993],[2.983663,49.561597],[2.983454,49.560839],[2.983942,49.560331],[2.986783,49.561088],[2.987428,49.561506],[2.987968,49.563055],[2.988195,49.56336],[2.989728,49.562784],[2.990826,49.56197],[2.990948,49.561733],[2.991454,49.561891],[2.991768,49.561574],[2.985005,49.560184],[2.983663,49.559799],[2.982241,49.559113],[2.981265,49.558403],[2.963519,49.541546],[2.962639,49.540367],[2.962114,49.539227],[2.961481,49.535801],[2.961685,49.53526],[2.961749,49.534721],[2.966217,49.534763],[2.970514,49.535011],[2.971008,49.534767],[2.971351,49.534309],[2.971201,49.53376],[2.972767,49.530773],[2.974645,49.529762],[2.974409,49.527443],[2.97428,49.523521],[2.973722,49.51952],[2.9834,49.519802],[2.991103,49.520103],[2.998216,49.516998],[2.99931,49.517017],[3.000126,49.51759],[3.000512,49.518002],[3.001285,49.518131],[3.002197,49.518036],[3.002572,49.518089],[3.00299,49.518402],[3.005533,49.518764],[3.008355,49.518898],[3.011295,49.518829],[3.015419,49.518212],[3.017153,49.518162],[3.018665,49.517735],[3.019245,49.516872],[3.021069,49.515186],[3.023204,49.514614],[3.026015,49.513012],[3.028579,49.512177],[3.030156,49.511871],[3.029984,49.511299],[3.029984,49.510666],[3.029051,49.509632],[3.02918,49.509361],[3.030821,49.508649],[3.031297,49.507586],[3.031218,49.505337],[3.029974,49.503777],[3.026016,49.501678],[3.023593,49.497614],[3.020177,49.49501],[3.019942,49.494179],[3.019305,49.492678],[3.017109,49.492044],[3.01568,49.491693],[3.010434,49.489791],[3.009284,49.488987],[3.008813,49.488818],[3.008133,49.488795],[3.008029,49.488444],[3.008465,49.487719],[3.009249,49.485783],[3.010574,49.485534],[3.010608,49.484334],[3.012142,49.482919],[3.012682,49.482794],[3.013536,49.481832],[3.014722,49.481424],[3.015349,49.480745],[3.015523,49.48019],[3.016116,49.479793],[3.017162,49.479522],[3.017458,49.479352],[3.017493,49.479012],[3.01819,49.478706],[3.018783,49.478299],[3.020682,49.478015],[3.020107,49.477936],[3.019584,49.477914],[3.018626,49.477698],[3.017719,49.477789],[3.017226,49.477342],[3.016225,49.476804],[3.016122,49.47658],[3.01634,49.476117],[3.016409,49.475691],[3.015977,49.474946],[3.016133,49.47429],[3.015506,49.474176],[3.014565,49.474233],[3.014164,49.47404],[3.013693,49.473327],[3.012491,49.473089],[3.011985,49.472806],[3.01155,49.4725],[3.009929,49.472511],[3.009179,49.472353],[3.008465,49.471436],[3.007994,49.470212],[3.006617,49.469295],[3.005711,49.469567],[3.004857,49.469261],[3.003916,49.468797],[3.00273,49.468661],[3.00165,49.468865],[3.000744,49.468853],[2.997171,49.467936],[2.990216,49.466497],[2.987114,49.466826],[2.985755,49.467517],[2.983663,49.467755],[2.983349,49.467913],[2.982704,49.468015],[2.98185,49.467777],[2.980508,49.466894],[2.978818,49.465421],[2.973729,49.457106],[2.97453,49.454308],[2.975227,49.451566],[2.991158,49.448144],[2.990792,49.450014],[2.990548,49.45032],[2.991192,49.450036],[2.99189,49.447566],[2.990565,49.44675],[2.99006,49.446274],[2.988439,49.445424],[2.987201,49.444665],[2.986748,49.444155],[2.98626,49.443849],[2.985092,49.442569],[2.984465,49.442195],[2.983628,49.441991],[2.9826,49.441877],[2.982147,49.441662],[2.981938,49.441243],[2.981781,49.440552],[2.982112,49.44011],[2.982216,49.439679],[2.98206,49.439192],[2.98206,49.438704],[2.983018,49.438081],[2.98267,49.436857],[2.982548,49.436131],[2.981606,49.435678],[2.98016,49.434794]]],"type":"MultiLineString"},"properties":{"geo_point":{"lon":3.1415299662197405,"lat":49.698497225197755},"name":"GR655 De Fresnoy-le-Grand à St Crépin-aux-Bois (Oise) (2020)","code_gr":"GR655"}},{"type":"Feature","geometry":{"coordinates":[[[0.923871,47.695438],[0.924439,47.694679],[0.927486,47.693275],[0.928248,47.692181],[0.92842,47.691662],[0.929053,47.690815],[0.929579,47.689991],[0.931048,47.688972],[0.933419,47.686829],[0.935576,47.686035],[0.937496,47.684807],[0.93888,47.684486],[0.939181,47.682648],[0.939524,47.682098],[0.940254,47.681156],[0.939964,47.679836],[0.940028,47.67844],[0.942818,47.674202],[0.944524,47.673046],[0.944813,47.671154],[0.945125,47.670128],[0.945854,47.669144],[0.950221,47.665287],[0.951101,47.664707],[0.951122,47.664448],[0.950811,47.664131],[0.950575,47.663738],[0.952882,47.663132],[0.952806,47.662655],[0.952227,47.662178],[0.951648,47.661636],[0.951916,47.661247],[0.952592,47.661144],[0.953311,47.661552],[0.953751,47.661579],[0.952871,47.660141],[0.951637,47.659576],[0.950768,47.659721],[0.949931,47.659607],[0.947582,47.659058],[0.945017,47.657959],[0.943161,47.656044],[0.941337,47.655254],[0.940758,47.65517],[0.939878,47.655186],[0.939202,47.655075],[0.938698,47.653954],[0.938945,47.653419],[0.941573,47.651627],[0.942314,47.650784],[0.942131,47.650318],[0.94211,47.649979],[0.941702,47.649387],[0.941327,47.649429],[0.940415,47.64938],[0.939696,47.649082],[0.939074,47.648273],[0.936981,47.646278],[0.935007,47.64518],[0.934632,47.645138],[0.933913,47.644741],[0.932572,47.644314],[0.930415,47.643379],[0.929203,47.642803],[0.925502,47.640663],[0.924879,47.640476],[0.924289,47.639984],[0.923012,47.63966],[0.922626,47.639462],[0.922025,47.639339],[0.920577,47.638271],[0.919429,47.638142],[0.919354,47.637844],[0.919504,47.637207],[0.918002,47.636093],[0.919547,47.634911],[0.920212,47.634087],[0.920427,47.633419],[0.920405,47.633045],[0.919236,47.632214],[0.918603,47.63261],[0.918142,47.632645],[0.914279,47.63139],[0.913796,47.630932],[0.913614,47.63015],[0.913314,47.629726],[0.913217,47.628906],[0.913517,47.628056],[0.912734,47.628201],[0.91164,47.628185],[0.911726,47.627853],[0.911522,47.627048],[0.91105,47.626724],[0.910084,47.62624],[0.909312,47.625183],[0.909237,47.624214],[0.909247,47.623398],[0.909011,47.623253],[0.908861,47.623001],[0.907638,47.622147],[0.906383,47.622463],[0.904752,47.622646],[0.903647,47.622372],[0.902638,47.621338],[0.902488,47.620174],[0.902714,47.619064],[0.903186,47.618439],[0.903057,47.618156],[0.903261,47.617432],[0.903636,47.616917],[0.901995,47.614582],[0.901072,47.614864],[0.900568,47.614826],[0.900697,47.61417],[0.900321,47.613266],[0.899066,47.611855],[0.897864,47.610699],[0.897092,47.609512],[0.896845,47.608852],[0.896426,47.608421],[0.896448,47.607937],[0.896544,47.607704],[0.896716,47.606308],[0.896577,47.605591],[0.895976,47.605209],[0.895118,47.605091],[0.894409,47.604946],[0.89471,47.604435],[0.894806,47.603863],[0.895236,47.603588],[0.896341,47.603264],[0.896577,47.603088],[0.897253,47.601742],[0.899806,47.602192],[0.899441,47.602928],[0.899613,47.603073],[0.901587,47.603741],[0.902027,47.603611],[0.902317,47.60334],[0.902488,47.602364],[0.902789,47.601894],[0.902628,47.600883],[0.902681,47.600407],[0.902585,47.599529],[0.903003,47.598255],[0.906168,47.595303],[0.906351,47.594818],[0.907735,47.593378],[0.9084,47.593259],[0.909006,47.592961],[0.909202,47.59229],[0.908785,47.592491],[0.908861,47.591909],[0.90914,47.591214],[0.909784,47.590519],[0.90914,47.590288],[0.908925,47.589999],[0.909462,47.589169],[0.909526,47.588959],[0.909183,47.588539],[0.908711,47.588249],[0.909022,47.587395],[0.909204,47.586895],[0.909033,47.586796],[0.910728,47.585354],[0.910728,47.585354],[0.911978,47.585142],[0.912322,47.585157],[0.912665,47.584259],[0.915068,47.584838],[0.915347,47.584375],[0.917107,47.584838],[0.917729,47.584491],[0.918008,47.58423],[0.918544,47.583304],[0.918909,47.58219],[0.919489,47.581176],[0.919746,47.580597],[0.920068,47.579975],[0.920282,47.578933],[0.920647,47.578079],[0.92142,47.576559],[0.921656,47.574011],[0.922664,47.568133],[0.915927,47.566005],[0.912965,47.565889],[0.911614,47.565687],[0.910712,47.565672],[0.908416,47.565774],[0.902859,47.565643],[0.901893,47.565108],[0.900026,47.565021],[0.899147,47.565238],[0.898846,47.564977],[0.8981,47.564873],[0.897639,47.563519],[0.89722,47.562851],[0.89677,47.562332],[0.897006,47.561913],[0.89692,47.561695],[0.896534,47.56144],[0.895783,47.560505],[0.894796,47.559196],[0.894377,47.558884],[0.893648,47.557812],[0.892586,47.555462],[0.892382,47.554157],[0.891813,47.552917],[0.891073,47.551601],[0.890912,47.550724],[0.891116,47.549629],[0.892457,47.548176],[0.893401,47.54763],[0.894377,47.546768],[0.895021,47.54591],[0.895761,47.545345],[0.89619,47.544712],[0.896834,47.544662],[0.898948,47.543839],[0.903229,47.542034],[0.904012,47.54192],[0.907305,47.542622],[0.90634,47.540623],[0.905932,47.538311],[0.904098,47.537586],[0.903754,47.537552],[0.903325,47.537182],[0.902499,47.535297],[0.901909,47.534805],[0.901512,47.534676],[0.900911,47.534023],[0.900074,47.532871],[0.900064,47.532543],[0.899506,47.532211],[0.898916,47.532124],[0.898358,47.532524],[0.897403,47.532284],[0.900031,47.528606],[0.900686,47.528141],[0.901115,47.527504],[0.900933,47.525967],[0.901512,47.525505],[0.902478,47.523476],[0.903089,47.522293],[0.903003,47.521488],[0.903035,47.52076],[0.902864,47.520229],[0.902134,47.519962],[0.901104,47.52002],[0.900128,47.519497],[0.898476,47.518787],[0.899516,47.51878],[0.900246,47.518513],[0.901212,47.517715],[0.902832,47.515652],[0.902488,47.515057],[0.903261,47.5145],[0.905653,47.515186],[0.906501,47.515228],[0.908196,47.514503],[0.909172,47.514469],[0.909698,47.514503],[0.909687,47.514114],[0.909516,47.513657],[0.910599,47.513416],[0.910385,47.512512],[0.910631,47.512295],[0.910589,47.511665],[0.911318,47.511627],[0.909591,47.510376],[0.909441,47.510452],[0.908518,47.509983],[0.908132,47.510231],[0.907724,47.509998],[0.907359,47.510498],[0.906039,47.510811],[0.90561,47.511112],[0.905052,47.511112],[0.904269,47.510811],[0.903744,47.510578],[0.902638,47.510307],[0.902016,47.509941],[0.899988,47.51075],[0.898926,47.510006],[0.897682,47.509579],[0.896791,47.509071],[0.894463,47.508293],[0.893734,47.507736],[0.892875,47.508064],[0.892135,47.508614],[0.891491,47.508678],[0.889732,47.507542],[0.889034,47.507896],[0.8875,47.503445],[0.8872,47.503098],[0.886395,47.503002],[0.886492,47.501766],[0.887178,47.5009],[0.887554,47.499676],[0.889131,47.499222],[0.889517,47.498894],[0.890118,47.498039],[0.88868,47.49791],[0.887629,47.497574],[0.886116,47.497341],[0.885043,47.49741],[0.884324,47.497299],[0.883552,47.497341],[0.883294,47.495575],[0.882415,47.495453],[0.882618,47.49342],[0.882297,47.492104],[0.883756,47.491776],[0.884292,47.491299],[0.884625,47.490479],[0.884646,47.489746],[0.884593,47.489288],[0.883917,47.488701],[0.884314,47.487453],[0.884142,47.487057],[0.883842,47.486462],[0.883466,47.484756],[0.883659,47.484207],[0.884013,47.483837],[0.884507,47.48262],[0.884496,47.4823],[0.885515,47.482059],[0.885494,47.481525],[0.887243,47.481277],[0.89103,47.480198],[0.890493,47.479191],[0.890354,47.478687],[0.889581,47.477898],[0.888895,47.476673],[0.888519,47.475555],[0.888412,47.474815],[0.888766,47.473808],[0.888712,47.473549],[0.888906,47.473206],[0.889453,47.472851],[0.888788,47.471756],[0.889238,47.470921],[0.889667,47.469898],[0.889571,47.468891],[0.889989,47.468418],[0.88986,47.467884],[0.889077,47.466572],[0.888305,47.466888],[0.88809,47.46666],[0.887897,47.465977],[0.887961,47.465084],[0.888273,47.46497],[0.890847,47.464764],[0.892993,47.463581],[0.898111,47.462849],[0.898583,47.463001],[0.899098,47.463009],[0.900718,47.462242],[0.901201,47.461777],[0.900031,47.460876],[0.898283,47.460022],[0.895107,47.457539],[0.89427,47.457802],[0.892221,47.458061],[0.891341,47.458042],[0.890193,47.457699],[0.889302,47.457535],[0.888251,47.456676],[0.884689,47.457859],[0.884153,47.45649],[0.882736,47.454189],[0.882715,47.454166],[0.881749,47.453403],[0.881782,47.453022],[0.886878,47.450306],[0.886556,47.450081],[0.887886,47.448753],[0.886137,47.448299],[0.888133,47.44622],[0.889388,47.445213],[0.88721,47.442348],[0.88676,47.442173],[0.884517,47.441696],[0.883477,47.441723],[0.882833,47.441586],[0.883241,47.440876],[0.883648,47.439613],[0.881985,47.439407],[0.880988,47.439526],[0.880172,47.43948],[0.879056,47.439163],[0.875838,47.438358],[0.874239,47.43811],[0.872802,47.437782],[0.87175,47.437813],[0.870945,47.438087],[0.869787,47.438133],[0.868703,47.43787],[0.868338,47.437614],[0.866171,47.438931],[0.865345,47.439323],[0.864991,47.43964],[0.866729,47.440628],[0.865452,47.441158],[0.864776,47.44157],[0.864605,47.442074],[0.86248,47.443081],[0.860957,47.442673],[0.859348,47.443443],[0.858639,47.443413],[0.857266,47.443195],[0.855582,47.443111],[0.855743,47.443844],[0.85659,47.444946],[0.857288,47.445122],[0.857019,47.446163],[0.856547,47.446533],[0.854906,47.446442],[0.854573,47.446606],[0.853951,47.447456],[0.853103,47.448021],[0.852588,47.448219],[0.852009,47.448769],[0.851011,47.448971],[0.850432,47.449242],[0.850121,47.449677],[0.84967,47.45015],[0.849413,47.450539],[0.84923,47.450981],[0.848608,47.451775],[0.8476,47.451694],[0.846441,47.451839],[0.844188,47.452358],[0.842342,47.451706],[0.842074,47.451221],[0.842417,47.450344],[0.842257,47.450104],[0.84201,47.450306],[0.84201,47.449623],[0.840594,47.449772],[0.839885,47.449604],[0.839145,47.449177],[0.837686,47.448727],[0.836442,47.448334],[0.836828,47.447914],[0.836356,47.447208],[0.836506,47.446884],[0.837761,47.446388],[0.837182,47.445477],[0.83656,47.44437],[0.836463,47.443748],[0.836184,47.443401],[0.836045,47.443539],[0.833008,47.444466],[0.831946,47.445198],[0.830348,47.446259],[0.829146,47.446362],[0.826839,47.446026],[0.825187,47.445236],[0.827097,47.444672],[0.828105,47.444584],[0.828384,47.444145],[0.827612,47.442348],[0.828524,47.441425],[0.828738,47.440651],[0.827097,47.440178],[0.827011,47.439838],[0.826271,47.439243],[0.82612,47.438721],[0.827311,47.43565],[0.826968,47.435184],[0.826646,47.435104],[0.826592,47.434757],[0.826946,47.432713],[0.827461,47.431316],[0.827515,47.430649],[0.828202,47.429352],[0.828727,47.427906],[0.828631,47.427448],[0.828116,47.426918],[0.828545,47.425472],[0.829511,47.424355],[0.829961,47.422977],[0.828985,47.422043],[0.828384,47.420841],[0.827891,47.419254],[0.827805,47.418491],[0.828009,47.417809],[0.82818,47.416065],[0.829951,47.415878],[0.829811,47.415138],[0.83082,47.414848],[0.831292,47.41452],[0.833169,47.414448],[0.834146,47.41457],[0.836581,47.414658],[0.837203,47.414482],[0.838308,47.41486],[0.838941,47.414455],[0.838931,47.41357],[0.838276,47.413437],[0.837547,47.413525],[0.836678,47.413517],[0.835937,47.41317],[0.835884,47.412472],[0.835959,47.411972],[0.835927,47.411602],[0.836345,47.410107],[0.832204,47.409401],[0.828202,47.409382],[0.826174,47.409153],[0.823535,47.409206],[0.820595,47.409302],[0.817677,47.409191],[0.814362,47.409206],[0.810403,47.409554],[0.807506,47.409546],[0.804298,47.409714],[0.803386,47.410187],[0.802324,47.409901],[0.801659,47.409954],[0.801766,47.41177],[0.802259,47.411781],[0.802184,47.41251],[0.799223,47.412342],[0.799116,47.411987],[0.797893,47.412247],[0.796123,47.411827],[0.793977,47.411804],[0.792292,47.411411],[0.789278,47.411449],[0.784836,47.411137],[0.783398,47.4114],[0.781907,47.411537],[0.781671,47.41103],[0.779929,47.410849],[0.779646,47.410987],[0.780668,47.411206],[0.779793,47.412661],[0.778688,47.412481],[0.77798,47.412539],[0.777561,47.41283],[0.777132,47.413171],[0.775684,47.413502],[0.773453,47.413403],[0.773774,47.411781],[0.771554,47.41169],[0.766994,47.411137],[0.765975,47.411709],[0.764934,47.412022],[0.764344,47.413708],[0.763228,47.41362],[0.761844,47.41362],[0.760471,47.413357],[0.759087,47.412907],[0.758797,47.41259],[0.758947,47.411346],[0.758829,47.410767],[0.759902,47.409969],[0.759763,47.408958],[0.760127,47.40884],[0.76031,47.408466],[0.760031,47.408169],[0.759355,47.408108],[0.758411,47.40781],[0.757198,47.407784],[0.755342,47.407608],[0.75399,47.407368],[0.750439,47.406521],[0.746791,47.406055],[0.74574,47.405857],[0.744517,47.405697],[0.741888,47.405102],[0.73927,47.404964],[0.738358,47.404819],[0.736846,47.404747],[0.734915,47.404327],[0.732898,47.404572],[0.732554,47.404789],[0.727758,47.403984],[0.725548,47.403358],[0.724561,47.403259],[0.723327,47.402977],[0.721665,47.402474],[0.720023,47.401997],[0.717995,47.401653],[0.716922,47.401478],[0.715742,47.401508],[0.714852,47.401398],[0.714079,47.401306],[0.710785,47.401306],[0.709541,47.400928],[0.707738,47.4002],[0.705453,47.400471],[0.704434,47.400513],[0.702728,47.400753],[0.702084,47.400799],[0.700636,47.400936],[0.697932,47.401241],[0.696108,47.401695],[0.694242,47.401951],[0.693362,47.401958],[0.692858,47.397556],[0.693909,47.394858],[0.692525,47.394757],[0.693443,47.392935],[0.693716,47.39213],[0.693587,47.390831],[0.693587,47.390831],[0.688904,47.390204],[0.695942,47.372392],[0.692853,47.371825],[0.69075,47.371738],[0.68884,47.371956],[0.687209,47.372144],[0.684548,47.371956],[0.682617,47.371926],[0.682317,47.370008],[0.683197,47.369965],[0.684827,47.370124],[0.686523,47.37027],[0.694934,47.369194],[0.696307,47.369253],[0.699183,47.369572],[0.699183,47.369572],[0.699466,47.369614],[0.702567,47.369713],[0.706569,47.369682],[0.707996,47.369911],[0.709509,47.370316],[0.713661,47.371937],[0.714734,47.37212],[0.716439,47.372177],[0.718049,47.372074],[0.718242,47.372017],[0.719014,47.372105],[0.721911,47.371937],[0.722255,47.371689],[0.722373,47.371044],[0.723885,47.37009],[0.728434,47.370579],[0.729443,47.370533],[0.72955,47.370674],[0.735526,47.369278],[0.735505,47.369053],[0.735558,47.368725],[0.735762,47.36853],[0.738358,47.36861],[0.738219,47.368385],[0.737822,47.368252],[0.737768,47.367996],[0.738165,47.367527],[0.738251,47.366966],[0.740837,47.367229],[0.743701,47.367191],[0.745118,47.366711],[0.746083,47.366646],[0.74825,47.366299],[0.749935,47.366219],[0.749527,47.364269],[0.751812,47.362782],[0.751212,47.362003],[0.751394,47.361122],[0.749978,47.360821],[0.749989,47.360359],[0.749806,47.360043],[0.749956,47.358776],[0.749742,47.357918],[0.749152,47.35714],[0.748347,47.356438],[0.748047,47.35603],[0.748465,47.355515],[0.749474,47.355652],[0.750031,47.355572],[0.750611,47.354961],[0.751405,47.354424],[0.752413,47.353085],[0.75237,47.352226],[0.753239,47.351414],[0.754162,47.350338],[0.754505,47.349567],[0.754516,47.349583],[0.754924,47.349422],[0.755342,47.349117],[0.75928,47.348083],[0.759752,47.347874],[0.762005,47.348644],[0.763024,47.344967],[0.763206,47.344673],[0.763206,47.344364],[0.763646,47.343765],[0.762563,47.343323],[0.762595,47.342762],[0.762917,47.342728],[0.763046,47.342449],[0.762906,47.342152],[0.762509,47.342052],[0.762595,47.341148],[0.763003,47.340343],[0.764784,47.3372],[0.765846,47.335094],[0.766565,47.332184],[0.766414,47.331013],[0.763754,47.325348],[0.763357,47.32513],[0.762895,47.325066],[0.762209,47.324696],[0.761533,47.323959],[0.760717,47.323189],[0.759087,47.322067],[0.756243,47.319435],[0.753765,47.315937],[0.753282,47.31543],[0.75237,47.314816],[0.749731,47.311695],[0.749613,47.311363],[0.748755,47.310787],[0.747864,47.310291],[0.746373,47.30806],[0.745536,47.306087],[0.744485,47.304821],[0.74235,47.302967],[0.74133,47.302383],[0.740225,47.301357],[0.739485,47.299503],[0.739002,47.297745],[0.738219,47.29631],[0.737414,47.295326],[0.736299,47.29377],[0.735837,47.292175],[0.734078,47.291283],[0.736803,47.286873],[0.735515,47.286274],[0.733885,47.285328],[0.732994,47.284542],[0.731943,47.283794],[0.732458,47.282921],[0.73191,47.282265],[0.730484,47.281769],[0.730666,47.280869],[0.727555,47.280396],[0.727576,47.28019],[0.72616,47.280148],[0.725623,47.280212],[0.72558,47.279839],[0.72498,47.279339],[0.724561,47.278122],[0.723789,47.278641],[0.723295,47.279163],[0.723081,47.279678],[0.722834,47.279942],[0.722802,47.28027],[0.721278,47.280575],[0.721568,47.279213],[0.721836,47.278515],[0.720377,47.277802],[0.720162,47.277344],[0.720173,47.277073],[0.719916,47.27663],[0.719604,47.274651],[0.719304,47.273609],[0.719014,47.273506],[0.717963,47.273594],[0.717705,47.273827],[0.716107,47.273705],[0.715495,47.273544],[0.71394,47.272968],[0.712652,47.272133],[0.713886,47.270508],[0.71438,47.269619],[0.715313,47.2686],[0.715903,47.267391],[0.71615,47.267029],[0.716053,47.266541],[0.716203,47.266285],[0.714927,47.264648],[0.714734,47.263336],[0.714777,47.26194],[0.714648,47.261539],[0.713907,47.261372],[0.711493,47.259979],[0.711762,47.259274],[0.709637,47.257488],[0.706419,47.251736],[0.706108,47.250675],[0.705378,47.249466],[0.703919,47.248569],[0.703704,47.247795],[0.70467,47.245373],[0.701151,47.245407],[0.699735,47.244301],[0.698715,47.242737],[0.6979,47.242218],[0.696763,47.241688],[0.695304,47.241383],[0.695819,47.240814],[0.695872,47.240376],[0.695454,47.239014],[0.695014,47.238583],[0.695347,47.238007],[0.695636,47.237797],[0.695604,47.237518],[0.695282,47.237171],[0.694048,47.231136],[0.690905,47.228733],[0.689521,47.225777],[0.689027,47.222477],[0.686946,47.218956],[0.688512,47.218666],[0.691237,47.217907],[0.692396,47.217857],[0.693072,47.21809],[0.697396,47.218075],[0.698179,47.217659],[0.699316,47.21677],[0.700818,47.216026],[0.700679,47.215721],[0.701097,47.21537],[0.701827,47.21349],[0.702041,47.212463],[0.704037,47.21056],[0.703543,47.210072],[0.708039,47.207981],[0.711815,47.206684],[0.710925,47.20575],[0.710549,47.204651],[0.709916,47.203819],[0.705496,47.200386],[0.70924,47.198433],[0.70924,47.198433],[0.707487,47.196934],[0.704933,47.194499],[0.700577,47.191467],[0.697573,47.188098],[0.696586,47.188667],[0.679613,47.177714],[0.681378,47.177067],[0.679822,47.173592],[0.675187,47.166164],[0.67258,47.164181],[0.67288,47.162224],[0.672494,47.160904],[0.663933,47.160313],[0.662774,47.159985],[0.658514,47.157738],[0.657538,47.157394],[0.656937,47.157257],[0.656379,47.156914],[0.655693,47.156464],[0.654266,47.157368],[0.652946,47.15773],[0.651165,47.155579],[0.650822,47.154713],[0.650532,47.154472],[0.649663,47.154148],[0.649277,47.153675],[0.649019,47.153221],[0.648226,47.152954],[0.647753,47.152691],[0.646284,47.152325],[0.646251,47.152149],[0.646316,47.151917],[0.645576,47.151684],[0.644674,47.151299],[0.643001,47.150867],[0.641263,47.150566],[0.638634,47.149532],[0.638151,47.149239],[0.637743,47.149639],[0.636252,47.149143],[0.62975,47.146591],[0.629128,47.141636],[0.625942,47.142021],[0.623549,47.141933],[0.623238,47.140549],[0.622455,47.140343],[0.623925,47.139069],[0.623817,47.138783],[0.622981,47.138145],[0.622487,47.137321],[0.622863,47.137112],[0.623581,47.137081],[0.624665,47.13689],[0.624955,47.136745],[0.624944,47.136299],[0.625008,47.135914],[0.624965,47.135227],[0.624708,47.134533],[0.624204,47.133572],[0.623946,47.132084],[0.623506,47.130672],[0.622863,47.12933],[0.622026,47.128113],[0.620459,47.127602],[0.617466,47.127274],[0.614762,47.127205],[0.61458,47.126972],[0.614483,47.126446],[0.612499,47.125782],[0.613099,47.124519],[0.616618,47.121426],[0.617906,47.119846],[0.618292,47.118877],[0.618292,47.118877],[0.619854,47.117151],[0.618824,47.115471],[0.621635,47.113734],[0.621506,47.113456],[0.622192,47.113018],[0.622064,47.112434],[0.621162,47.111748],[0.620476,47.111777],[0.619274,47.111339]]],"type":"MultiLineString"},"properties":{"geo_point":{"lon":0.7980177195116865,"lat":47.40703225509414},"name":"GR655 De Prunay-Cassereau (Loir-et-Cher) à Ste-Maure-de-Touraine (Indre-et-Loire) (2020)","code_gr":"GR655"}},{"type":"Feature","geometry":{"coordinates":[[[4.047577,50.329841],[4.04779,50.329489],[4.047744,50.329144],[4.047342,50.328204],[4.047215,50.326633],[4.047298,50.325252],[4.046686,50.323447],[4.046698,50.323139],[4.046502,50.323095],[4.046249,50.322867],[4.045946,50.322731],[4.04159,50.322635],[4.041375,50.322334],[4.041097,50.320991],[4.040028,50.320349],[4.03958,50.320011],[4.038929,50.319567],[4.038607,50.317525],[4.038071,50.316662],[4.03805,50.316076],[4.03759,50.316164],[4.034573,50.317498],[4.030153,50.316895],[4.02953,50.316935],[4.027449,50.317498],[4.026954,50.317801],[4.026529,50.318271],[4.023995,50.322882],[4.021677,50.322019],[4.01951,50.320896],[4.018502,50.321704],[4.011465,50.324064],[4.011292,50.324334],[4.011718,50.32482],[4.011637,50.325026],[4.010755,50.325403],[4.010016,50.325048],[4.009189,50.324896],[4.008717,50.32491],[4.00773,50.324773],[4.007365,50.324047],[4.006721,50.323485],[4.006206,50.323088],[4.00597,50.322731],[4.005498,50.322663],[4.004833,50.322622],[4.003202,50.322033],[4.002709,50.321882],[4.002044,50.321649],[4.001614,50.321841],[3.999855,50.321594],[3.99625,50.320389],[3.994469,50.319676],[3.992624,50.319334],[3.991562,50.319313],[3.991792,50.318525],[3.991613,50.317486],[3.991207,50.316417],[3.9908,50.315856],[3.990573,50.315181],[3.991658,50.31473],[3.992709,50.314182],[3.992667,50.31351],[3.992302,50.312291],[3.991701,50.311304],[3.991079,50.310852],[3.988718,50.309536],[3.987688,50.30807],[3.985822,50.307029],[3.984877,50.306152],[3.984019,50.305658],[3.979706,50.304603],[3.978032,50.303548],[3.977475,50.303369],[3.97437,50.303504],[3.970329,50.303739],[3.968913,50.303904],[3.965372,50.303328],[3.962825,50.302013],[3.962997,50.301462],[3.963239,50.301183],[3.963548,50.300395],[3.964446,50.299633],[3.965287,50.299189],[3.966252,50.297626],[3.967046,50.296667],[3.967218,50.295296],[3.968103,50.294638],[3.969192,50.293939],[3.969707,50.292938],[3.970351,50.292184],[3.970989,50.291854],[3.973427,50.290186],[3.974117,50.289863],[3.974943,50.289799],[3.974784,50.288908],[3.974738,50.288342],[3.974835,50.283245],[3.974406,50.282683],[3.974664,50.282149],[3.975014,50.281825],[3.973891,50.281065],[3.974041,50.28016],[3.973668,50.280054],[3.973784,50.279708],[3.973398,50.279434],[3.972947,50.278734],[3.974385,50.27835],[3.973749,50.277012],[3.973668,50.276578],[3.971724,50.272865],[3.972645,50.272691],[3.972898,50.272139],[3.972904,50.271343],[3.975007,50.268833],[3.975908,50.267502],[3.978333,50.265788],[3.97859,50.265363],[3.978526,50.264745],[3.978762,50.263593],[3.97814,50.263593],[3.977711,50.263278],[3.977174,50.262715],[3.975586,50.261961],[3.974234,50.261083],[3.972689,50.260548],[3.972153,50.258518],[3.971702,50.257105],[3.971295,50.255582],[3.970866,50.255019],[3.970357,50.254012],[3.970029,50.253222],[3.969385,50.252275],[3.969149,50.251527],[3.969126,50.250674],[3.969425,50.249674],[3.969437,50.24874],[3.968913,50.247391],[3.968591,50.245744],[3.967389,50.243741],[3.970345,50.242983],[3.970839,50.242924],[3.972001,50.243005],[3.972947,50.240804],[3.973548,50.240365],[3.973677,50.239624],[3.97387,50.239047],[3.974968,50.239129],[3.976048,50.23907],[3.977152,50.238872],[3.977635,50.238666],[3.978268,50.238004],[3.978955,50.237414],[3.98168,50.236906],[3.982646,50.236371],[3.982982,50.236003],[3.983454,50.235694],[3.984598,50.235328],[3.985156,50.234971],[3.984641,50.234106],[3.984558,50.232274],[3.982624,50.230139],[3.98065,50.228341],[3.980264,50.227806],[3.979832,50.226676],[3.979567,50.225683],[3.979492,50.224909],[3.97905,50.22441],[3.97947,50.223839],[3.979599,50.223056],[3.979899,50.221875],[3.979935,50.220989],[3.979751,50.220644],[3.978831,50.220519],[3.977775,50.220489],[3.977131,50.220502],[3.974749,50.220136],[3.971316,50.21972],[3.970782,50.219032],[3.969299,50.218608],[3.967711,50.218031],[3.96696,50.21766],[3.965823,50.217317],[3.963699,50.216946],[3.962819,50.216658],[3.962218,50.216603],[3.962261,50.216823],[3.961381,50.216823],[3.960111,50.216354],[3.958871,50.215793],[3.957455,50.214914],[3.957304,50.214598],[3.957326,50.214022],[3.957691,50.214022],[3.957733,50.214145],[3.958651,50.214264],[3.95895,50.214176],[3.95949,50.214367],[3.959793,50.214406],[3.960122,50.214205],[3.960523,50.21409],[3.961467,50.21431],[3.962304,50.214489],[3.962468,50.213823],[3.962284,50.213131],[3.962261,50.212607],[3.96254,50.212552],[3.962894,50.211181],[3.963055,50.209985],[3.96327,50.207403],[3.963227,50.206071],[3.963141,50.205178],[3.963162,50.204148],[3.960909,50.199107],[3.956897,50.19864],[3.950674,50.198585],[3.945645,50.198647],[3.943127,50.199229],[3.940267,50.200247],[3.938321,50.20101],[3.937803,50.20129],[3.936877,50.202211],[3.936061,50.203214],[3.935181,50.202924],[3.93428,50.202775],[3.933054,50.202629],[3.932698,50.203343],[3.931697,50.202975],[3.929602,50.202637],[3.92795,50.202156],[3.927392,50.202156],[3.926083,50.20239],[3.925654,50.202321],[3.924925,50.202033],[3.923272,50.201923],[3.921985,50.201703],[3.92147,50.201689],[3.919389,50.202239],[3.917221,50.202321],[3.914861,50.202555],[3.913874,50.202829],[3.909561,50.202349],[3.907887,50.202802],[3.906857,50.202788],[3.905677,50.203132],[3.905269,50.203667],[3.900849,50.204738],[3.89821,50.205576],[3.896193,50.206016],[3.894777,50.206222],[3.893189,50.20695],[3.890336,50.207914],[3.888468,50.208295],[3.887932,50.208282],[3.886748,50.207605],[3.885104,50.208348],[3.884011,50.207936],[3.883643,50.207958],[3.882996,50.208474],[3.880507,50.209545],[3.878683,50.211001],[3.877385,50.212649],[3.876044,50.213363],[3.875143,50.215518],[3.874327,50.215711],[3.873019,50.214804],[3.870587,50.213295],[3.868372,50.213605],[3.867955,50.214241],[3.86624,50.213834],[3.866142,50.213994],[3.863835,50.214749],[3.863427,50.214338],[3.861152,50.213527],[3.860535,50.214203],[3.860133,50.214436],[3.859898,50.214266],[3.859139,50.213906],[3.858548,50.21379],[3.856423,50.213042],[3.855468,50.212853],[3.854588,50.21277],[3.853874,50.21279],[3.85348,50.212969],[3.853108,50.213285],[3.852714,50.213829],[3.852494,50.214013],[3.852001,50.214159],[3.851249,50.214091],[3.850627,50.214101],[3.849854,50.2143],[3.849603,50.214431],[3.84842,50.214615],[3.847972,50.214892],[3.847752,50.215251],[3.847745,50.215431],[3.847828,50.215669],[3.848321,50.216052],[3.848693,50.21629],[3.848845,50.216494],[3.848685,50.217106],[3.848048,50.216994],[3.847987,50.217232],[3.847767,50.217518],[3.846425,50.218513],[3.846144,50.21861],[3.845848,50.218834],[3.845643,50.219169],[3.845522,50.220018],[3.84521,50.220382],[3.844569,50.220843],[3.843238,50.221592],[3.841736,50.222124],[3.840996,50.222079],[3.840535,50.221868],[3.840065,50.221298],[3.839054,50.220446],[3.837772,50.219274],[3.83545,50.21773],[3.834769,50.217109],[3.834349,50.216359],[3.833938,50.215885],[3.832589,50.214722],[3.832231,50.21428],[3.832142,50.213953],[3.831719,50.213588],[3.831158,50.213223],[3.830727,50.212896],[3.830554,50.212923],[3.829857,50.212438],[3.829287,50.211959],[3.826715,50.208847],[3.826427,50.208323],[3.825756,50.207704],[3.825195,50.207066],[3.825015,50.206254],[3.824832,50.206058],[3.824414,50.205874],[3.823638,50.20564],[3.822765,50.20548],[3.822113,50.205478],[3.821634,50.205367],[3.820925,50.204868],[3.819734,50.203933],[3.819447,50.203654],[3.818715,50.203113],[3.81841,50.202745],[3.81813,50.202266],[3.818087,50.201975],[3.817782,50.201814],[3.817503,50.201479],[3.817242,50.201289],[3.817059,50.201066],[3.816954,50.200787],[3.816628,50.200495],[3.815883,50.200185],[3.815543,50.199912],[3.815334,50.199543],[3.815061,50.199217],[3.814289,50.198517],[3.814246,50.198091],[3.814724,50.197385],[3.814741,50.197061],[3.814589,50.196813],[3.813795,50.196044],[3.813345,50.195426],[3.813164,50.194902],[3.81312,50.194556],[3.813207,50.194149],[3.813425,50.193797],[3.813852,50.193323],[3.814872,50.19243],[3.815473,50.192252],[3.815403,50.192157],[3.815551,50.191889],[3.815534,50.191778],[3.816737,50.190121],[3.817216,50.189897],[3.817756,50.18968],[3.818131,50.189273],[3.818113,50.188916],[3.816563,50.187925],[3.816484,50.187727],[3.816641,50.187521],[3.816998,50.187487],[3.817582,50.187498],[3.818854,50.186901],[3.82031,50.18602],[3.820475,50.185763],[3.820649,50.185138],[3.821042,50.184368],[3.820859,50.184134],[3.820153,50.183922],[3.819795,50.183637],[3.819647,50.183357],[3.819653,50.183048],[3.820233,50.182629],[3.820673,50.182546],[3.821381,50.182684],[3.821831,50.182567],[3.822401,50.182225],[3.822741,50.181896],[3.822819,50.181622],[3.822462,50.180919],[3.821982,50.180375],[3.819857,50.178025],[3.818613,50.177297],[3.816867,50.176505],[3.815094,50.175772],[3.81231,50.175138],[3.811691,50.175121],[3.811177,50.175004],[3.810488,50.175004],[3.809782,50.175126],[3.808789,50.175205],[3.807281,50.17545],[3.806297,50.175523],[3.805695,50.175523],[3.80431,50.175378],[3.802872,50.175294],[3.802498,50.175098],[3.802381,50.174772],[3.802331,50.174462],[3.802061,50.174261],[3.799944,50.173875],[3.799505,50.173614],[3.799325,50.172849],[3.798968,50.172503],[3.798645,50.17242],[3.798088,50.172514],[3.79678,50.172565],[3.794724,50.172291],[3.794262,50.172325],[3.79339,50.172626],[3.791909,50.172556],[3.790863,50.17271],[3.790244,50.172548],[3.789565,50.172073],[3.789293,50.171971],[3.788894,50.171999],[3.788411,50.172171],[3.787451,50.172171],[3.786099,50.172333],[3.785509,50.172288],[3.785096,50.172181],[3.784608,50.172274],[3.783733,50.172185],[3.781695,50.171721],[3.780391,50.171384],[3.778181,50.170694],[3.777108,50.17035],[3.775949,50.1698],[3.775263,50.169031],[3.775055,50.168535],[3.774984,50.168069],[3.77625,50.164303],[3.776314,50.163437],[3.775992,50.162254],[3.775508,50.161585],[3.774962,50.161017],[3.774323,50.160502],[3.77346,50.16],[3.77213,50.159478],[3.770454,50.159089],[3.769391,50.158715],[3.767731,50.158034],[3.766881,50.157559],[3.766165,50.157058],[3.765356,50.156577],[3.764405,50.156151],[3.762989,50.155573],[3.762245,50.15546],[3.761426,50.155438],[3.760537,50.155214],[3.759084,50.155037],[3.758483,50.15479],[3.758011,50.15479],[3.757496,50.155023],[3.749835,50.155622],[3.749173,50.1557],[3.746097,50.155918],[3.743596,50.156164],[3.743791,50.155713],[3.744374,50.155181],[3.744299,50.15459],[3.743859,50.153532],[3.743924,50.153277],[3.744876,50.152151],[3.745887,50.151249],[3.745887,50.151249],[3.74621,50.150736],[3.747238,50.149748],[3.74829,50.148829],[3.748728,50.148782],[3.750559,50.148821],[3.752303,50.148596],[3.754599,50.148444],[3.75509,50.148341],[3.755195,50.14724],[3.755587,50.14657],[3.75608,50.145928],[3.754599,50.145736],[3.753704,50.145364],[3.753007,50.144962],[3.748301,50.144035],[3.747325,50.143996],[3.74628,50.144001],[3.745544,50.143838],[3.744763,50.143543],[3.744232,50.1437],[3.743398,50.143577],[3.742541,50.143281],[3.741504,50.143007],[3.741188,50.142174],[3.746114,50.140086],[3.747352,50.13979],[3.748188,50.139461],[3.748964,50.138969],[3.749765,50.138785],[3.750393,50.138488],[3.750829,50.137964],[3.751142,50.137752],[3.751517,50.137662],[3.75285,50.137467],[3.753652,50.137394],[3.754166,50.137266],[3.754733,50.136992],[3.7555,50.136489],[3.755683,50.136327],[3.756432,50.135903],[3.756745,50.135586],[3.757582,50.135091],[3.757896,50.134769],[3.759379,50.134128],[3.75947,50.133942],[3.758906,50.133912],[3.75895,50.133695],[3.75815,50.133547],[3.758445,50.132859],[3.758848,50.13289],[3.758875,50.132694],[3.758821,50.132618],[3.758976,50.132367],[3.759148,50.132189],[3.75947,50.131607],[3.759921,50.131047],[3.760071,50.129479],[3.759985,50.129012],[3.759985,50.129012],[3.759813,50.128503],[3.758655,50.127498],[3.759084,50.125834],[3.758735,50.125452],[3.758499,50.124535],[3.758174,50.124055],[3.757796,50.123674],[3.757199,50.12318],[3.75645,50.122658],[3.755844,50.122463],[3.754148,50.122436],[3.751214,50.12258],[3.749213,50.122491],[3.748543,50.122395],[3.747393,50.122808],[3.745898,50.123133],[3.745392,50.123122],[3.744872,50.123034],[3.744132,50.123299],[3.743083,50.123576],[3.740587,50.123831],[3.739758,50.123962],[3.739099,50.12417],[3.73824,50.124828],[3.73744,50.125145],[3.737131,50.125296],[3.736896,50.125932],[3.7384,50.126297],[3.738286,50.126427],[3.736676,50.12704],[3.735066,50.127394],[3.734895,50.127657],[3.734082,50.127944],[3.732974,50.128219],[3.730984,50.128064],[3.730635,50.128283],[3.728529,50.128142],[3.7275,50.12875],[3.727033,50.128471],[3.724602,50.130239],[3.723057,50.12957],[3.721958,50.129635],[3.721512,50.129534],[3.720796,50.12932],[3.720162,50.128987],[3.719878,50.12871],[3.71952,50.127991],[3.719178,50.127845],[3.718503,50.127678],[3.718276,50.127449],[3.718071,50.126981],[3.717887,50.126067],[3.717565,50.125698],[3.717864,50.124917],[3.717617,50.124551],[3.717593,50.124358],[3.715439,50.123743],[3.711429,50.122377],[3.710226,50.121501],[3.70898,50.120661],[3.708649,50.120557],[3.708055,50.120479],[3.707494,50.120281],[3.70589,50.118707],[3.704478,50.118394],[3.697875,50.119535],[3.695948,50.120776],[3.694607,50.12196],[3.692093,50.123633],[3.691305,50.12381],[3.689834,50.124509],[3.689003,50.125077],[3.688622,50.125551],[3.688142,50.1265],[3.687833,50.126766],[3.687029,50.126308],[3.686691,50.126232],[3.680962,50.122064],[3.676735,50.118896],[3.668543,50.112887],[3.668012,50.112629],[3.663613,50.110867],[3.663152,50.110778],[3.662626,50.110764],[3.662245,50.110799],[3.661779,50.110905],[3.658496,50.112495],[3.655373,50.114001],[3.654633,50.114194],[3.653911,50.114207],[3.653415,50.114118],[3.652765,50.113931],[3.652106,50.113613],[3.647106,50.110562],[3.646683,50.11015],[3.643084,50.105952],[3.643084,50.105952],[3.641723,50.104779],[3.636877,50.100831],[3.635714,50.099861],[3.635251,50.099402],[3.63421,50.099762],[3.63395,50.099971],[3.633449,50.099772],[3.632982,50.09935],[3.63173,50.099157],[3.631047,50.099971],[3.629933,50.10093],[3.629153,50.101462],[3.627591,50.10274],[3.627087,50.103225],[3.626713,50.103512],[3.626299,50.1031],[3.623557,50.101534],[3.622355,50.100956],[3.622168,50.101045],[3.621615,50.101014],[3.619738,50.100611],[3.615124,50.099868],[3.614289,50.099877],[3.613769,50.099913],[3.613078,50.100023],[3.612874,50.099903],[3.612102,50.099908],[3.612013,50.099762],[3.612061,50.099621],[3.612004,50.099329],[3.61211,50.098776],[3.61307,50.098281],[3.613899,50.098223],[3.614289,50.098067],[3.614704,50.097728],[3.615037,50.097514],[3.614988,50.097404],[3.612777,50.096643],[3.610842,50.096168],[3.608955,50.095767],[3.608858,50.096288],[3.608297,50.09682],[3.60724,50.097123],[3.605971,50.09753],[3.605313,50.098056],[3.60554,50.098349],[3.604402,50.099047],[3.603686,50.098881],[3.602808,50.099178],[3.602068,50.098974],[3.601231,50.098844],[3.600117,50.099475],[3.599792,50.099924],[3.59945,50.099929],[3.598954,50.100018],[3.598905,50.100148],[3.598515,50.100174],[3.595694,50.100868],[3.595181,50.100889],[3.594092,50.100763],[3.593173,50.100708],[3.592344,50.100737],[3.587725,50.101447],[3.58577,50.101479],[3.583888,50.101728],[3.582058,50.102104],[3.581538,50.10214],[3.580489,50.10201],[3.579376,50.102263],[3.578448,50.101942],[3.577163,50.101394],[3.5767,50.101321],[3.574226,50.10174],[3.573773,50.10178],[3.571886,50.101749],[3.570213,50.101024],[3.566351,50.104493],[3.565235,50.104066],[3.56291,50.103689],[3.562308,50.103548],[3.559186,50.102709],[3.556287,50.101836],[3.551616,50.103204],[3.548526,50.103653],[3.545816,50.104383],[3.544185,50.105318],[3.543648,50.105024],[3.539689,50.106291],[3.539551,50.105959],[3.539321,50.104764],[3.539378,50.104506],[3.53993,50.103577],[3.540344,50.102508],[3.54054,50.101792],[3.540333,50.101239],[3.539872,50.101258],[3.537662,50.101616],[3.537383,50.101286],[3.536589,50.10057],[3.536074,50.09962],[3.535323,50.097969],[3.53511,50.097785],[3.534486,50.096689],[3.533801,50.095954],[3.532947,50.095245],[3.531622,50.094306],[3.530947,50.093957],[3.529444,50.092986],[3.528256,50.092089],[3.528093,50.092152],[3.527394,50.091787],[3.526955,50.091354],[3.526808,50.090947],[3.526573,50.089126],[3.526239,50.087514],[3.526547,50.087286],[3.525947,50.086632],[3.526231,50.086179],[3.529565,50.081953],[3.529874,50.081739],[3.530419,50.081509],[3.530573,50.081358],[3.530451,50.080612],[3.531199,50.078504],[3.531268,50.077372],[3.53101,50.076615],[3.530774,50.075321],[3.531074,50.075045],[3.532898,50.074308],[3.533264,50.073985],[3.53363,50.073484],[3.53385,50.072873],[3.534151,50.072336],[3.534663,50.071673],[3.534809,50.071266],[3.534826,50.070796],[3.534679,50.070452],[3.534451,50.070086],[3.534663,50.070039],[3.536094,50.067529],[3.536175,50.067153],[3.53624,50.066303],[3.53611,50.065661],[3.535671,50.064883],[3.53572,50.064032],[3.536143,50.064027],[3.537842,50.063635],[3.539808,50.062732],[3.539808,50.062732],[3.539737,50.061161],[3.53994,50.06078],[3.540022,50.060122],[3.540411,50.058489],[3.540729,50.056964],[3.539623,50.056766],[3.539306,50.056515],[3.539306,50.056228],[3.539232,50.055993],[3.537273,50.056348],[3.536834,50.05639],[3.536736,50.055675],[3.536533,50.055101],[3.537216,50.053832],[3.537232,50.053477],[3.537118,50.053122],[3.536777,50.05249],[3.536761,50.052177],[3.537404,50.051008],[3.53868,50.049572],[3.538891,50.049107],[3.539013,50.048653],[3.53985,50.047698],[3.540428,50.046956],[3.540485,50.046658],[3.540065,50.045759],[3.539615,50.044904],[3.539164,50.044257],[3.539135,50.044079],[3.539322,50.043865],[3.539802,50.043546],[3.540143,50.043071],[3.540078,50.042664],[3.540094,50.041891],[3.540033,50.041618],[3.539346,50.041267],[3.538224,50.038758],[3.537973,50.038349],[3.537541,50.038089],[3.536297,50.037572],[3.535297,50.03576],[3.53511,50.035097],[3.534826,50.034366],[3.534972,50.033739],[3.53498,50.032961],[3.535265,50.032261],[3.535525,50.031953],[3.53546,50.031671],[3.535076,50.031033],[3.534606,50.030694],[3.534931,50.03013],[3.534947,50.029832],[3.534159,50.028558],[3.534094,50.028239],[3.534232,50.027424],[3.533907,50.026667],[3.533964,50.026265],[3.534281,50.025847],[3.534378,50.025445],[3.534712,50.024865],[3.534712,50.024536],[3.534435,50.024039],[3.533956,50.02394],[3.528897,50.022575],[3.524442,50.02243],[3.523979,50.022524],[3.523832,50.022739],[3.52345,50.023449],[3.523149,50.023533],[3.522149,50.023345],[3.520889,50.023292],[3.520198,50.02336],[3.519263,50.023538],[3.518312,50.023595],[3.518116,50.023668],[3.515758,50.023151],[3.515153,50.023491],[3.514807,50.023601],[3.51438,50.023617],[3.513905,50.023616],[3.513701,50.023527],[3.513506,50.022984],[3.513287,50.022645],[3.51175,50.021594],[3.510636,50.020889],[3.509477,50.020271],[3.507701,50.019343],[3.506318,50.018732],[3.505839,50.018439],[3.505383,50.018523],[3.502568,50.018841],[3.500163,50.019353],[3.498952,50.019395],[3.498309,50.019526],[3.49587,50.02032],[3.495586,50.020346],[3.493903,50.019761],[3.493154,50.019447],[3.492463,50.019097],[3.491577,50.01882],[3.490504,50.018904],[3.486609,50.019437],[3.483129,50.019829],[3.478307,50.020513],[3.475551,50.020853],[3.475088,50.020497],[3.473713,50.018611],[3.473152,50.018209],[3.472827,50.017823],[3.472274,50.01777],[3.471331,50.017551],[3.470957,50.017237],[3.469664,50.017509],[3.469656,50.01672],[3.469575,50.016145],[3.469672,50.01602],[3.469859,50.015926],[3.469632,50.01369],[3.469518,50.012274],[3.469315,50.011746],[3.466219,50.005832],[3.462753,49.999366],[3.461895,49.992236],[3.461826,49.991546],[3.461444,49.990773],[3.460476,49.989821],[3.458948,49.9883],[3.458907,49.988086],[3.458476,49.987615],[3.45785,49.987228],[3.457614,49.986957],[3.45724,49.986706],[3.456931,49.986591],[3.455573,49.986585],[3.454939,49.986685],[3.454654,49.986606],[3.452646,49.986455],[3.451679,49.986376],[3.450459,49.986225],[3.446231,49.986908],[3.442312,49.987547],[3.442173,49.986674],[3.441564,49.984907],[3.441417,49.98428],[3.44097,49.982936],[3.44084,49.98211],[3.440523,49.981007],[3.440149,49.980751],[3.43841,49.980034],[3.437376,49.979464],[3.437157,49.97924],[3.436848,49.978664],[3.436579,49.978047],[3.436327,49.97777],[3.433839,49.976128],[3.436205,49.973132],[3.436709,49.972588],[3.436994,49.972457],[3.437547,49.972321],[3.437791,49.972107],[3.438871,49.970482],[3.438807,49.969419],[3.439742,49.96944],[3.439767,49.969063],[3.439482,49.968771],[3.439417,49.966778],[3.439165,49.965361],[3.43871,49.963927],[3.437758,49.96229],[3.436962,49.96104],[3.435709,49.95888],[3.435384,49.958043],[3.434891,49.95594],[3.434869,49.954369],[3.435051,49.954182],[3.434945,49.953466],[3.43474,49.952747],[3.434449,49.952016],[3.434197,49.951566],[3.433116,49.951671],[3.432636,49.951624],[3.432237,49.951488],[3.431896,49.951174],[3.431408,49.950379],[3.431091,49.950222],[3.429205,49.949751],[3.427777,49.949604],[3.425288,49.949554],[3.423089,49.946546],[3.423089,49.946546],[3.422767,49.945979],[3.421855,49.944473],[3.421543,49.944127],[3.423089,49.943047],[3.423775,49.942444],[3.426799,49.940268],[3.427248,49.939529],[3.427896,49.939172],[3.428226,49.939342],[3.429216,49.938747],[3.429408,49.937756],[3.430835,49.936699],[3.433377,49.935312],[3.434685,49.934742],[3.43763,49.932846],[3.437961,49.932081],[3.437749,49.931137],[3.437144,49.929913],[3.437862,49.929001],[3.435352,49.927769],[3.43327,49.925076],[3.432777,49.924786],[3.427885,49.922916],[3.423851,49.920761],[3.421715,49.919495],[3.421018,49.918797],[3.419527,49.917202],[3.419001,49.916878],[3.418111,49.91613],[3.416265,49.914516],[3.413186,49.91296],[3.411791,49.91164],[3.409678,49.910286],[3.404914,49.906494],[3.404378,49.905186],[3.403341,49.905767],[3.403235,49.906261],[3.400514,49.906703],[3.400382,49.906295],[3.400514,49.905887],[3.400963,49.905444],[3.400144,49.904525],[3.399642,49.904202],[3.398189,49.902875],[3.396277,49.904564],[3.395934,49.904648],[3.395119,49.904697],[3.394893,49.905235],[3.394078,49.905946],[3.388969,49.903028],[3.387807,49.902722],[3.381705,49.902654],[3.382545,49.901588],[3.383156,49.900448],[3.38233,49.900143],[3.382008,49.899719],[3.381493,49.899666],[3.381,49.899216],[3.380624,49.898659],[3.380463,49.898022],[3.379294,49.896423],[3.379015,49.895927],[3.377856,49.89473],[3.377137,49.893127],[3.375968,49.891273],[3.375431,49.890869],[3.373704,49.890175],[3.371526,49.889519],[3.372331,49.886845],[3.372481,49.886017],[3.37291,49.882877],[3.367106,49.884571],[3.366644,49.882198],[3.366709,49.880009],[3.366494,49.879398],[3.366387,49.878571],[3.365797,49.877796],[3.36157,49.877178],[3.360314,49.877289],[3.357536,49.877747],[3.354896,49.877865],[3.353137,49.878021],[3.350809,49.877346],[3.349768,49.877151],[3.348448,49.876812],[3.350036,49.874332],[3.350809,49.870674],[3.352193,49.868389],[3.352772,49.868172],[3.353244,49.867577],[3.352128,49.86705],[3.351184,49.866837],[3.350787,49.86689],[3.347214,49.865501],[3.344586,49.86467],[3.343835,49.864567],[3.342601,49.864063],[3.340573,49.86301],[3.339307,49.861919],[3.337537,49.860813],[3.335359,49.85981],[3.332763,49.858799],[3.330038,49.857922],[3.324308,49.857124],[3.320918,49.857029],[3.318805,49.856876],[3.316938,49.857403],[3.315178,49.857616],[3.311133,49.857712],[3.310672,49.852077],[3.310221,49.851246],[3.309385,49.850609],[3.304406,49.847691],[3.301316,49.845657],[3.296767,49.841858],[3.296113,49.842106],[3.295308,49.841911],[3.291306,49.844189],[3.28988,49.845661],[3.289558,49.846882],[3.288871,49.847496],[3.286006,49.846516],[3.283067,49.845482],[3.283051,49.84547],[3.277005,49.842766],[3.273561,49.839191],[3.2731,49.838909],[3.274891,49.838596],[3.278335,49.837379],[3.279687,49.836765],[3.280588,49.836182],[3.276983,49.836067],[3.273615,49.835926],[3.269784,49.835255],[3.266587,49.834564],[3.266244,49.834354],[3.264892,49.832489],[3.262682,49.831036],[3.261867,49.829914],[3.261094,49.829182],[3.25897,49.828239],[3.259474,49.827789],[3.258455,49.827534],[3.256792,49.82682],[3.255494,49.826439],[3.255032,49.826084],[3.253155,49.823601],[3.247104,49.822624],[3.244389,49.820915],[3.243467,49.818516],[3.242812,49.817547],[3.241117,49.816605],[3.239712,49.81591],[3.237684,49.815128],[3.235763,49.812832],[3.235141,49.812374],[3.233017,49.811161],[3.23085,49.809494],[3.23042,49.80875],[3.230098,49.807896],[3.229498,49.807514],[3.229047,49.807346],[3.228103,49.806656],[3.227266,49.806122],[3.225287,49.805348],[3.222935,49.802859],[3.222169,49.801188],[3.22106,49.800284],[3.219627,49.799752],[3.218394,49.799566],[3.216087,49.799538],[3.213404,49.798939],[3.212739,49.798565],[3.212321,49.797901],[3.209727,49.79041],[3.20941,49.789131],[3.211237,49.786083],[3.211021,49.785396],[3.210347,49.78511],[3.20936,49.784866],[3.210057,49.783676],[3.211044,49.782482],[3.21202,49.78154],[3.211924,49.781147],[3.211409,49.780155],[3.211795,49.779686],[3.213522,49.778381],[3.214713,49.777287],[3.215851,49.776524],[3.218533,49.775299],[3.220035,49.773678],[3.220614,49.773323],[3.221891,49.772797],[3.222867,49.771904],[3.223876,49.771278],[3.224916,49.770496],[3.226161,49.769852],[3.221805,49.768674],[3.220882,49.768549],[3.21732,49.767578],[3.215014,49.766616],[3.213683,49.765566],[3.212954,49.765141],[3.213512,49.765038],[3.213233,49.764095],[3.213425,49.763269],[3.210863,49.760112],[3.204707,49.758013],[3.204392,49.757378],[3.203437,49.75668],[3.202375,49.754745],[3.199457,49.754341],[3.196764,49.754501],[3.195959,49.754425],[3.193653,49.753998],[3.192151,49.753933],[3.190134,49.754494],[3.189619,49.752057],[3.189426,49.751362],[3.189672,49.749699],[3.189694,49.748512],[3.189737,49.747662],[3.189329,49.746349],[3.188381,49.744563],[3.177613,49.746517],[3.172161,49.74347],[3.174116,49.741575],[3.17154,49.741165],[3.169738,49.740936],[3.166755,49.74181],[3.163902,49.742565],[3.161123,49.743839],[3.160683,49.74382],[3.160071,49.74334],[3.15975,49.743446],[3.158644,49.742481],[3.158011,49.742355],[3.142648,49.741581],[3.142111,49.741863],[3.140159,49.741745],[3.139794,49.742233],[3.139225,49.742428],[3.138109,49.742702],[3.136656,49.743572],[3.137723,49.744659],[3.136586,49.74847],[3.131672,49.750694],[3.129323,49.75116],[3.128467,49.750588],[3.127799,49.750317],[3.127327,49.748844],[3.122756,49.747536],[3.118819,49.747417],[3.115879,49.747368],[3.114109,49.747467],[3.113122,49.747646],[3.111159,49.748325],[3.109785,49.748928],[3.10853,49.749184],[3.107189,49.749283],[3.105547,49.749638],[3.104367,49.750217],[3.104099,49.750591],[3.10411,49.751148],[3.10294,49.751598],[3.102103,49.751625],[3.101052,49.751377],[3.100537,49.751377],[3.099861,49.75153],[3.099228,49.750622],[3.098402,49.750141],[3.098091,49.749302],[3.097801,49.748783],[3.0972,49.748268],[3.095967,49.749157],[3.094776,49.749538],[3.093638,49.749588],[3.087017,49.748386],[3.086727,49.748147],[3.083425,49.747482],[3.077266,49.745613],[3.075689,49.744442],[3.074906,49.744888],[3.072674,49.745789],[3.071365,49.745338],[3.069037,49.743084],[3.068876,49.741776],[3.068265,49.736843],[3.068211,49.736477],[3.068726,49.736136],[3.069026,49.735276],[3.069595,49.73428],[3.070271,49.732239],[3.07144,49.729931],[3.072513,49.728764],[3.073189,49.728313],[3.073372,49.72781],[3.0735,49.727114],[3.074562,49.726476],[3.075496,49.726464],[3.075239,49.725257],[3.075475,49.724354],[3.076183,49.723965],[3.07128,49.716446],[3.070925,49.710724],[3.07026,49.709206],[3.070271,49.708122],[3.070046,49.707596],[3.07173,49.704548],[3.074311,49.701696],[3.075196,49.70137],[3.077009,49.698784],[3.079219,49.696262],[3.078146,49.694881],[3.077964,49.693516],[3.078854,49.692638],[3.078951,49.692017],[3.08203,49.691036],[3.083586,49.69046],[3.086321,49.688629],[3.086793,49.688019],[3.085603,49.68758],[3.084326,49.686615],[3.085141,49.684944],[3.084959,49.684444],[3.084047,49.683624],[3.082845,49.682708],[3.08188,49.681599],[3.072937,49.675257],[3.071237,49.675098],[3.071183,49.674355],[3.071011,49.674086],[3.069917,49.673939],[3.068984,49.673965],[3.068436,49.673634],[3.068351,49.673225],[3.06776,49.67284],[3.06717,49.67226],[3.066269,49.671829],[3.065776,49.671246],[3.065808,49.67112],[3.065014,49.670685],[3.064917,49.670258],[3.065636,49.669502],[3.064188,49.668934],[3.062096,49.66785],[3.060304,49.666641],[3.059092,49.665573],[3.056463,49.662712],[3.055766,49.662094],[3.054693,49.660706],[3.054146,49.65963],[3.053513,49.658905],[3.053309,49.658894],[3.053309,49.659878],[3.051699,49.658615],[3.049639,49.657036],[3.048674,49.657455],[3.048647,49.657455],[3.046217,49.654106],[3.044983,49.654312],[3.0417,49.653294],[3.041239,49.65287],[3.037709,49.655571],[3.036733,49.655071],[3.029577,49.651829],[3.0283,49.651611],[3.029405,49.64912],[3.03051,49.646793],[3.029684,49.646263],[3.027452,49.643276],[3.026519,49.641518],[3.026304,49.640568],[3.02609,49.639648],[3.026152,49.639446],[3.024008,49.638046],[3.019266,49.634487],[3.017839,49.633057],[3.015854,49.630555],[3.014835,49.628658],[3.014202,49.626968],[3.011799,49.623425],[3.010812,49.622257],[3.009084,49.620762],[3.008462,49.620274],[3.008677,49.619469],[3.008548,49.618477],[3.008119,49.617634],[3.0077,49.617069],[3.007722,49.616611],[3.00843,49.614338],[3.009396,49.612724],[3.009793,49.611759],[3.009803,49.610981],[3.009235,49.610146],[3.008763,49.609646],[3.008559,49.608311],[3.008527,49.607567],[3.007861,49.606571],[3.007464,49.605705],[3.006713,49.604633],[3.006327,49.603798],[3.006467,49.602654],[3.006681,49.601711],[3.006628,49.600815],[3.006413,49.600189],[3.006274,49.599106],[3.004954,49.594414],[3.003259,49.594803],[3.001746,49.595371],[3.001188,49.595303],[3.000923,49.595527],[3.000447,49.594997],[2.998956,49.593918],[2.997894,49.593342],[2.996703,49.592556],[2.995234,49.591972],[2.993894,49.591749],[2.994016,49.591297],[2.994354,49.590683],[2.994622,49.590309],[2.9948,49.589512],[2.994819,49.588992],[2.995201,49.588326],[2.995044,49.588134],[2.99518,49.587109],[2.995276,49.58654],[2.995244,49.585995],[2.994483,49.585045],[2.997454,49.583179],[2.998635,49.582623],[2.999547,49.582352],[2.999643,49.581898],[2.999289,49.581703],[2.998763,49.581295],[2.998592,49.58099],[2.99426,49.578258],[2.988282,49.573409],[2.986178,49.573898],[2.985781,49.573627],[2.984221,49.565667],[2.984552,49.565384],[2.984291,49.56492],[2.984064,49.564819],[2.983715,49.563507],[2.983402,49.562513],[2.983524,49.562354],[2.983436,49.561993],[2.983663,49.561597],[2.983454,49.560839],[2.983942,49.560331],[2.986783,49.561088],[2.987428,49.561506],[2.987968,49.563055],[2.988195,49.56336],[2.989728,49.562784],[2.990826,49.56197],[2.990948,49.561733],[2.991454,49.561891],[2.991768,49.561574],[2.985005,49.560184],[2.983663,49.559799],[2.982241,49.559113],[2.981265,49.558403],[2.963519,49.541546],[2.962639,49.540367],[2.962114,49.539227],[2.961481,49.535801],[2.961685,49.53526],[2.961749,49.534721],[2.966217,49.534763],[2.970514,49.535011],[2.971008,49.534767],[2.971351,49.534309],[2.971201,49.53376],[2.972767,49.530773],[2.974645,49.529762],[2.974409,49.527443],[2.97428,49.523521],[2.973722,49.51952],[2.9834,49.519802],[2.991103,49.520103],[2.998216,49.516998],[2.99931,49.517017],[3.000126,49.51759],[3.000512,49.518002],[3.001285,49.518131],[3.002197,49.518036],[3.002572,49.518089],[3.00299,49.518402],[3.005533,49.518764],[3.008355,49.518898],[3.011295,49.518829],[3.015419,49.518212],[3.017153,49.518162],[3.018665,49.517735],[3.019245,49.516872],[3.021069,49.515186],[3.023204,49.514614],[3.026015,49.513012],[3.028579,49.512177],[3.030156,49.511871],[3.029984,49.511299],[3.029984,49.510666],[3.029051,49.509632],[3.02918,49.509361],[3.030821,49.508649],[3.031297,49.507586],[3.031218,49.505337],[3.029974,49.503777],[3.026016,49.501678],[3.023593,49.497614],[3.020177,49.49501],[3.019942,49.494179],[3.019305,49.492678],[3.017109,49.492044],[3.01568,49.491693],[3.010434,49.489791],[3.009284,49.488987],[3.008813,49.488818],[3.008133,49.488795],[3.008029,49.488444],[3.008465,49.487719],[3.009249,49.485783],[3.010574,49.485534],[3.010608,49.484334],[3.012142,49.482919],[3.012682,49.482794],[3.013536,49.481832],[3.014722,49.481424],[3.015349,49.480745],[3.015523,49.48019],[3.016116,49.479793],[3.017162,49.479522],[3.017458,49.479352],[3.017493,49.479012],[3.01819,49.478706],[3.018783,49.478299],[3.020682,49.478015],[3.020107,49.477936],[3.019584,49.477914],[3.018626,49.477698],[3.017719,49.477789],[3.017226,49.477342],[3.016225,49.476804],[3.016122,49.47658],[3.01634,49.476117],[3.016409,49.475691],[3.015977,49.474946],[3.016133,49.47429],[3.015506,49.474176],[3.014565,49.474233],[3.014164,49.47404],[3.013693,49.473327],[3.012491,49.473089],[3.011985,49.472806],[3.01155,49.4725],[3.009929,49.472511],[3.009179,49.472353],[3.008465,49.471436],[3.007994,49.470212],[3.006617,49.469295],[3.005711,49.469567],[3.004857,49.469261],[3.003916,49.468797],[3.00273,49.468661],[3.00165,49.468865],[3.000744,49.468853],[2.997171,49.467936],[2.990216,49.466497],[2.987114,49.466826],[2.985755,49.467517],[2.983663,49.467755],[2.983349,49.467913],[2.982704,49.468015],[2.98185,49.467777],[2.980508,49.466894],[2.978818,49.465421],[2.973729,49.457106],[2.97453,49.454308],[2.975227,49.451566],[2.991158,49.448144],[2.990792,49.450014],[2.990548,49.45032],[2.991192,49.450036],[2.99189,49.447566],[2.990565,49.44675],[2.99006,49.446274],[2.988439,49.445424],[2.987201,49.444665],[2.986748,49.444155],[2.98626,49.443849],[2.985092,49.442569],[2.984465,49.442195],[2.983628,49.441991],[2.9826,49.441877],[2.982147,49.441662],[2.981938,49.441243],[2.981781,49.440552],[2.982112,49.44011],[2.982216,49.439679],[2.98206,49.439192],[2.98206,49.438704],[2.983018,49.438081],[2.98267,49.436857],[2.982548,49.436131],[2.981606,49.435678],[2.98016,49.434794],[2.979237,49.433968],[2.979237,49.433968],[2.978722,49.433586],[2.978432,49.432762],[2.977853,49.432365],[2.976587,49.431282],[2.975246,49.430733],[2.974441,49.430206],[2.972145,49.431324],[2.971845,49.431583],[2.969731,49.432526],[2.969452,49.432129],[2.968841,49.431847],[2.968132,49.431358],[2.967156,49.430977],[2.964689,49.430618],[2.96368,49.430885],[2.963111,49.430897],[2.959957,49.433235],[2.956663,49.433411],[2.955108,49.434563],[2.955451,49.436329],[2.952458,49.43655],[2.949829,49.436279],[2.946965,49.436069],[2.94528,49.435879],[2.942405,49.436146],[2.928479,49.440315],[2.913265,49.435398],[2.912782,49.434372],[2.910379,49.432652],[2.911892,49.432804],[2.913265,49.432285],[2.914349,49.431873],[2.914832,49.431435],[2.914714,49.431072],[2.914928,49.430779],[2.914703,49.430481],[2.913877,49.429684],[2.913491,49.429043],[2.913501,49.42815],[2.914134,49.426727],[2.915186,49.424919],[2.907772,49.417809],[2.897311,49.408096],[2.896121,49.407883],[2.895445,49.407471],[2.892258,49.407726],[2.890981,49.406818],[2.890145,49.40559],[2.88993,49.405388],[2.889522,49.405338],[2.887977,49.405724],[2.887344,49.406078],[2.886733,49.406227],[2.886347,49.406239],[2.882506,49.407127],[2.878783,49.408104],[2.873762,49.409241],[2.863634,49.411652],[2.862378,49.411915],[2.862024,49.41209],[2.843045,49.416542],[2.842734,49.415985],[2.841747,49.415474],[2.840813,49.415337],[2.839644,49.415508],[2.830921,49.417576],[2.83002,49.41831],[2.829022,49.417829],[2.826501,49.416946],[2.826973,49.416523],[2.82796,49.415394],[2.828679,49.414715],[2.83016,49.413521],[2.832788,49.411037],[2.834902,49.409283],[2.837348,49.410282],[2.837713,49.411217],[2.838078,49.410681],[2.838893,49.410385],[2.839838,49.41057],[2.846006,49.405746],[2.846167,49.403671],[2.846564,49.400444],[2.847176,49.395153],[2.847573,49.391655],[2.847626,49.390656],[2.84798,49.38726],[2.848742,49.37978],[2.846843,49.37825],[2.846317,49.372208],[2.841318,49.36739],[2.842026,49.361366],[2.843002,49.354191],[2.843978,49.347374],[2.844719,49.342293],[2.845802,49.3353],[2.847455,49.325367],[2.848066,49.321583],[2.848978,49.317169],[2.839462,49.316799],[2.830664,49.311916],[2.825986,49.309135],[2.823175,49.307659],[2.821426,49.306839],[2.8206,49.306107],[2.819688,49.305027],[2.819088,49.304665],[2.818723,49.303867],[2.818025,49.303288],[2.81721,49.303123],[2.816663,49.303165],[2.815558,49.30349],[2.815171,49.303329],[2.813487,49.301746],[2.812972,49.301937],[2.812715,49.301418],[2.811985,49.30106],[2.810869,49.300724],[2.8097,49.300083],[2.808927,49.299438],[2.807994,49.299908],[2.806803,49.300262],[2.806299,49.300304],[2.805762,49.300293],[2.805312,49.29974],[2.80484,49.299583],[2.804872,49.299297],[2.805301,49.298576],[2.805612,49.298222],[2.805322,49.297871],[2.804507,49.297067],[2.803605,49.296122],[2.802747,49.295353],[2.800924,49.2962],[2.799046,49.296612],[2.797834,49.297134],[2.797093,49.29731],[2.796836,49.297661],[2.795774,49.297703],[2.795151,49.297264],[2.794535,49.297707],[2.793156,49.297852],[2.792276,49.298019],[2.791815,49.297878],[2.790881,49.297913],[2.78968,49.298145],[2.788854,49.298187],[2.788339,49.298046],[2.788038,49.297451],[2.787448,49.29631],[2.785431,49.296604],[2.784841,49.296799],[2.783854,49.297081],[2.781676,49.297256],[2.77496,49.297684],[2.770368,49.297016],[2.766795,49.296368],[2.766291,49.297745],[2.763641,49.298031],[2.761238,49.298012],[2.760229,49.298409],[2.759264,49.298618],[2.758502,49.297878],[2.757998,49.29776],[2.756774,49.29792],[2.755573,49.298149],[2.752365,49.298222],[2.750841,49.298405],[2.745938,49.298271],[2.745466,49.29908],[2.744833,49.299732],[2.740563,49.29911],[2.739297,49.29882],[2.7386,49.298447],[2.735971,49.297905],[2.735209,49.298187],[2.733643,49.298576],[2.7333,49.298615],[2.73374,49.299583],[2.733493,49.300884],[2.733879,49.301781],[2.733686,49.301861],[2.732323,49.301224],[2.731186,49.300964],[2.729706,49.301201],[2.728643,49.301739],[2.728386,49.302155],[2.727785,49.303406],[2.727077,49.30434],[2.725693,49.304432],[2.725988,49.305225],[2.726556,49.305216],[2.727308,49.306611],[2.727077,49.306843],[2.727056,49.308449],[2.72704,49.30846],[2.7266,49.30975],[2.72543,49.309471],[2.7242,49.309231],[2.72344,49.308979],[2.72062,49.309408],[2.71976,49.30949],[2.71907,49.309361],[2.71893,49.310001],[2.71689,49.31028],[2.71573,49.310699],[2.7151,49.310638],[2.7137,49.311211],[2.71218,49.311481],[2.71134,49.311779],[2.70975,49.311981],[2.70847,49.312351],[2.70685,49.312908],[2.70548,49.313278],[2.70073,49.314232],[2.70059,49.31414],[2.70025,49.311539],[2.70036,49.30928],[2.69983,49.308048],[2.69972,49.307491],[2.69733,49.307018],[2.69689,49.307041],[2.69661,49.306961],[2.69623,49.306122],[2.69547,49.30563],[2.69493,49.30537],[2.69431,49.304722],[2.69405,49.303829],[2.69402,49.303471],[2.69344,49.302502],[2.69276,49.301781],[2.6919,49.301498],[2.69135,49.301182],[2.68982,49.30064],[2.69064,49.29874],[2.69062,49.297531],[2.69094,49.296928],[2.69036,49.295311],[2.68949,49.293301],[2.68846,49.290371],[2.68784,49.290352],[2.68732,49.290531],[2.68333,49.289902],[2.68147,49.289391],[2.68029,49.288898],[2.67965,49.288879],[2.6787,49.288319],[2.67818,49.287849],[2.67576,49.284538],[2.67474,49.283581],[2.67446,49.2827],[2.67421,49.28265],[2.67297,49.283009],[2.67224,49.283131],[2.66938,49.283058],[2.66833,49.282372],[2.66689,49.278149],[2.65709,49.278179],[2.65664,49.277939],[2.65406,49.27792],[2.65301,49.278172],[2.64514,49.278191],[2.63536,49.27813],[2.63115,49.27227],[2.623302,49.271279],[2.623582,49.270618],[2.624657,49.269967],[2.626121,49.267995],[2.62755,49.267385],[2.62544,49.26445],[2.6194,49.256351],[2.62155,49.248779],[2.62041,49.24868],[2.61986,49.24852],[2.61814,49.247452],[2.61746,49.24633],[2.61726,49.245838],[2.61195,49.245831],[2.60753,49.247501],[2.60721,49.247768],[2.60682,49.248329],[2.60577,49.248798],[2.60464,49.248661],[2.59869,49.250759],[2.59762,49.249489],[2.59676,49.249531],[2.59567,49.249981],[2.59446,49.250881],[2.59335,49.251301],[2.59087,49.251999],[2.58999,49.25219],[2.58967,49.252441],[2.5891,49.252651],[2.58881,49.253288],[2.5884,49.253521],[2.58789,49.253681],[2.58753,49.254238],[2.58743,49.254921],[2.58717,49.255268],[2.58691,49.256062],[2.58641,49.256439],[2.58568,49.25658],[2.58517,49.256519],[2.58529,49.256149],[2.585219,49.256494],[2.584237,49.255615],[2.58411,49.254701],[2.583624,49.254214],[2.58227,49.25375],[2.58128,49.253239],[2.58073,49.252232],[2.58028,49.251808],[2.57909,49.24588],[2.57928,49.245121],[2.57969,49.243961],[2.57947,49.24332],[2.57901,49.242882],[2.57879,49.242279],[2.5784,49.241852],[2.57692,49.241459],[2.57526,49.241322],[2.57489,49.241421],[2.57209,49.238251],[2.57173,49.23753],[2.57184,49.236919],[2.57281,49.235561],[2.57322,49.234322],[2.57381,49.233238],[2.5747,49.232021],[2.57522,49.23082],[2.57486,49.230068],[2.57494,49.229389],[2.57443,49.22847],[2.57378,49.227581],[2.57377,49.2267],[2.57444,49.226181],[2.57541,49.22403],[2.578,49.219471],[2.57802,49.218861],[2.57748,49.216808],[2.57761,49.216251],[2.57835,49.214851],[2.57849,49.21405],[2.57935,49.212952],[2.58018,49.21159],[2.58114,49.211182],[2.58212,49.21043],[2.58223,49.209869],[2.58288,49.20929],[2.582619,49.208729],[2.582034,49.208233],[2.579566,49.207352],[2.578365,49.206383],[2.578912,49.20546],[2.577807,49.204617],[2.575468,49.20377],[2.572947,49.203091],[2.569524,49.202599],[2.569739,49.20192],[2.569953,49.201538],[2.570039,49.201042],[2.568891,49.200329],[2.567904,49.199284],[2.566305,49.198082],[2.565608,49.197906],[2.564803,49.196575],[2.563591,49.196415],[2.561123,49.195679],[2.560898,49.194668],[2.56019,49.194324],[2.560254,49.193928],[2.560866,49.193569],[2.560941,49.193184],[2.561595,49.191772],[2.564331,49.191799],[2.563162,49.190819],[2.561853,49.189991],[2.557465,49.188057],[2.553345,49.186537],[2.551253,49.185688],[2.540385,49.18173],[2.535932,49.180077],[2.534323,49.179569],[2.528647,49.177494],[2.525407,49.176991],[2.523894,49.17668],[2.522768,49.176084],[2.521094,49.174725],[2.511921,49.170929],[2.508606,49.169765],[2.506396,49.168888],[2.505376,49.168267],[2.502302,49.167251],[2.501635,49.167198],[2.500855,49.166667],[2.499538,49.16638],[2.498871,49.166146],[2.498286,49.166103],[2.497277,49.165476],[2.49557,49.165114],[2.494318,49.164678],[2.49209,49.164646],[2.490057,49.163934],[2.48861,49.163636],[2.487732,49.163562],[2.486935,49.163211],[2.486935,49.163019],[2.485959,49.162094],[2.486073,49.161637],[2.485325,49.160797],[2.485116,49.16015],[2.484521,49.159599],[2.482007,49.158053],[2.481568,49.15766],[2.481227,49.157596],[2.480983,49.157341],[2.480544,49.157202],[2.479861,49.156681],[2.479145,49.156447],[2.479606,49.155082],[2.47938,49.155005],[2.479885,49.154808],[2.479445,49.154036],[2.479659,49.15351],[2.479861,49.153267],[2.486691,49.14863],[2.491797,49.147279],[2.487227,49.142066],[2.488675,49.140737],[2.489569,49.139726],[2.487455,49.139034],[2.484869,49.139056],[2.483926,49.138662],[2.48326,49.138651],[2.481682,49.138928],[2.480414,49.139417],[2.479113,49.139609],[2.476381,49.141045],[2.460802,49.136651],[2.443955,49.140492],[2.445093,49.1428],[2.44093,49.143758],[2.440702,49.144524],[2.442182,49.145258],[2.440344,49.14563],[2.439987,49.146098],[2.439466,49.146247],[2.438035,49.146279],[2.436454,49.14678],[2.434913,49.147555],[2.434051,49.147662],[2.433775,49.147875],[2.432636,49.148055],[2.432132,49.147992],[2.431677,49.148183],[2.430555,49.148385],[2.430018,49.148438],[2.429579,49.148609],[2.428717,49.1488],[2.427628,49.148906],[2.425221,49.149342],[2.424343,49.149417],[2.423725,49.149353],[2.422554,49.149459],[2.421936,49.149247],[2.421481,49.149449],[2.4207,49.149406],[2.420294,49.14947],[2.419643,49.1493],[2.418976,49.14947],[2.417854,49.149545],[2.417415,49.14963],[2.416309,49.149502],[2.415545,49.149651],[2.415431,49.147555],[2.406926,49.147672],[2.406455,49.147555],[2.406146,49.147672],[2.402893,49.147141],[2.403023,49.142279],[2.39125,49.142449],[2.378728,49.136492],[2.378322,49.136226],[2.373492,49.133991],[2.373118,49.133938],[2.372207,49.131374],[2.371914,49.130789],[2.370353,49.129714],[2.370256,49.127298],[2.369882,49.126043],[2.369573,49.124915],[2.369524,49.124553],[2.369573,49.124382],[2.370109,49.124095],[2.370792,49.123989],[2.370955,49.123733],[2.371264,49.123457],[2.37102,49.122722],[2.371573,49.121466],[2.372077,49.121434],[2.372663,49.12087],[2.372435,49.120062],[2.37302,49.119944],[2.373736,49.119529],[2.374354,49.119338],[2.375801,49.118348],[2.376826,49.117944],[2.377476,49.11739],[2.379265,49.11838],[2.38055,49.118614],[2.381135,49.118476],[2.381265,49.11854],[2.381346,49.118891],[2.381932,49.119146],[2.384192,49.119114],[2.384566,49.11921],[2.384741,49.119431],[2.385288,49.119311],[2.386726,49.118588],[2.387266,49.118508],[2.388209,49.118518],[2.389607,49.118295],[2.390469,49.118305],[2.390908,49.118891],[2.392323,49.119157],[2.392412,49.119479],[2.393201,49.119447],[2.393176,49.118963],[2.394926,49.118817],[2.394951,49.118366],[2.395074,49.118092],[2.394975,49.117349],[2.395296,49.116188],[2.394632,49.115687],[2.394161,49.115017],[2.394144,49.114367],[2.394518,49.113846],[2.39499,49.113335],[2.395088,49.112834],[2.395006,49.111642],[2.395153,49.111387],[2.397023,49.11194],[2.39956,49.112345],[2.400763,49.112313],[2.401316,49.112121],[2.403365,49.11094],[2.404194,49.11062],[2.405137,49.110308],[2.406703,49.110189],[2.407433,49.110112],[2.407691,49.110035],[2.409967,49.110663],[2.41148,49.110663],[2.412894,49.111121],[2.413415,49.110929],[2.414602,49.111174],[2.414618,49.111504],[2.415366,49.111621],[2.415496,49.111419],[2.418001,49.112079],[2.418212,49.11309],[2.418863,49.113111],[2.419562,49.112952],[2.420033,49.112558],[2.421952,49.112132],[2.423343,49.112193],[2.424884,49.112359],[2.427046,49.112103],[2.427965,49.111576],[2.429207,49.111125],[2.430426,49.110839],[2.431162,49.111877],[2.431254,49.112239],[2.437119,49.113368],[2.441143,49.11254],[2.442546,49.112735],[2.443213,49.112961],[2.442638,49.111185],[2.442247,49.110522],[2.440637,49.109017],[2.442132,49.1084],[2.442155,49.108084],[2.44388,49.107737],[2.445674,49.106774],[2.446479,49.107286],[2.447698,49.107873],[2.448296,49.107722],[2.449192,49.107286],[2.450618,49.106864],[2.451998,49.106653],[2.453424,49.106804],[2.45439,49.106714],[2.455908,49.106458],[2.458966,49.106834],[2.460001,49.106819],[2.461473,49.106322],[2.46237,49.106202],[2.463812,49.106204],[2.464662,49.106145],[2.465815,49.105926],[2.467469,49.105976],[2.468546,49.105896],[2.469305,49.105996],[2.470894,49.104472],[2.471023,49.103404],[2.471387,49.102941],[2.471495,49.102365],[2.472224,49.101789],[2.472954,49.101508],[2.473555,49.101437],[2.471387,49.100538],[2.470508,49.100201],[2.469199,49.0994],[2.469327,49.098726],[2.470057,49.097855],[2.467933,49.097475],[2.467203,49.097518],[2.466109,49.098108],[2.466044,49.097265],[2.465379,49.09645],[2.465079,49.096225],[2.464199,49.095972],[2.46392,49.095241],[2.46407,49.094258],[2.464585,49.09385],[2.464757,49.093302],[2.465487,49.092895],[2.465637,49.092473],[2.465165,49.091588],[2.464778,49.090534],[2.463577,49.088525],[2.463791,49.087597],[2.463791,49.086909],[2.463212,49.085363],[2.461646,49.082524],[2.460401,49.08199],[2.45892,49.080683],[2.458062,49.079544],[2.458084,49.079277],[2.457762,49.078926],[2.457697,49.076494],[2.457268,49.075482],[2.456388,49.074386],[2.455788,49.07298],[2.455144,49.072221],[2.454693,49.070928],[2.453964,49.069916],[2.453513,49.068946],[2.453256,49.065783],[2.452826,49.062746],[2.447848,49.056419],[2.447226,49.055125],[2.445703,49.055336],[2.445209,49.054661],[2.444973,49.054014],[2.444351,49.053325],[2.444608,49.052284],[2.444437,49.052087],[2.445102,49.05085],[2.444544,49.050667],[2.443771,49.050822],[2.436926,49.051075],[2.431626,49.051089],[2.429705,49.049924],[2.429525,49.050199],[2.429485,49.05075],[2.428824,49.051157],[2.411586,49.051524],[2.409044,49.051984],[2.406962,49.051761],[2.405821,49.051747],[2.404539,49.051839],[2.403859,49.052049],[2.403778,49.052836],[2.403919,49.053178],[2.403718,49.053322],[2.402657,49.052653],[2.401496,49.052167],[2.400515,49.051879],[2.399414,49.051472],[2.399454,49.051354],[2.398553,49.051026],[2.397332,49.050357],[2.396291,49.049884],[2.395069,49.049491],[2.393743,49.048377],[2.39294,49.047679],[2.391969,49.045757],[2.390605,49.044165],[2.389858,49.042586],[2.389204,49.041814],[2.387971,49.040626],[2.387672,49.039965],[2.386626,49.038177],[2.384571,49.035324],[2.383507,49.033303],[2.383077,49.032421],[2.382479,49.028649],[2.382423,49.028049],[2.381975,49.025905],[2.38134,49.024877],[2.381396,49.024534],[2.381732,49.02408],[2.381676,49.023799],[2.380256,49.022831],[2.379901,49.022329],[2.380013,49.021814],[2.379995,49.021471],[2.379677,49.020687],[2.378631,49.019964],[2.37875,49.019088],[2.379555,49.017927],[2.380038,49.017535],[2.38105,49.017173],[2.380291,49.016509],[2.379279,49.016524],[2.379946,49.01574],[2.381188,49.015106],[2.382867,49.014413],[2.380889,49.014277],[2.37944,49.014262],[2.379003,49.014337],[2.377738,49.014081],[2.376703,49.014005],[2.376428,49.01304],[2.376152,49.013055],[2.376014,49.012859],[2.375232,49.013085],[2.37491,49.013658],[2.37376,49.014639],[2.370425,49.014217],[2.36939,49.018379],[2.367274,49.020581],[2.366171,49.020461],[2.365251,49.020189],[2.363756,49.020099],[2.362767,49.019661],[2.361939,49.019375],[2.356396,49.018922],[2.355982,49.019405],[2.354052,49.019234],[2.353096,49.019493],[2.352474,49.01995],[2.352004,49.019526],[2.349129,49.018304],[2.350044,49.016735],[2.350001,49.016172],[2.350323,49.014737],[2.350173,49.014413],[2.350388,49.013006],[2.348607,49.01264],[2.347019,49.012499],[2.345839,49.012175],[2.344165,49.012415],[2.342362,49.012626],[2.340817,49.012963],[2.34026,49.013329],[2.339401,49.013541],[2.339058,49.01233],[2.33865,49.011978],[2.336483,49.009445],[2.336354,49.008826],[2.335947,49.007601],[2.336011,49.007432],[2.337792,49.007052],[2.338436,49.006827],[2.339101,49.006799],[2.337899,49.005039],[2.337663,49.004434],[2.337706,49.004195],[2.33717,49.003674],[2.336311,49.003477],[2.335861,49.002928],[2.335582,49.002041],[2.334723,49.002069],[2.333136,49.001661],[2.33144,49.001647],[2.331011,49.000619],[2.330132,49.000281],[2.329509,48.998719],[2.328994,48.996438],[2.330647,48.996171],[2.329853,48.995298],[2.33144,48.994678],[2.331355,48.994523],[2.330775,48.994354],[2.330453,48.994129],[2.329895,48.993988],[2.329702,48.993068],[2.329572,48.992904],[2.329281,48.992772],[2.329942,48.992799],[2.329942,48.992799],[2.332905,48.992129],[2.334467,48.991879],[2.335588,48.99159],[2.338511,48.991735],[2.338591,48.991892],[2.339532,48.992208],[2.339912,48.992208],[2.340393,48.992116],[2.341254,48.992234],[2.341834,48.992102],[2.342415,48.992273],[2.343476,48.992378],[2.343476,48.99293],[2.343616,48.992996],[2.343536,48.993574],[2.344357,48.993639],[2.346259,48.993456],[2.346379,48.99],[2.347,48.990237],[2.349522,48.990697],[2.352485,48.991051],[2.354167,48.991222],[2.354928,48.991249],[2.355008,48.990657],[2.354527,48.990644],[2.354107,48.990237],[2.354047,48.989922],[2.353907,48.989711],[2.353907,48.989436],[2.353727,48.989396],[2.353967,48.988726],[2.353907,48.988385],[2.354007,48.98778],[2.352846,48.987018],[2.353346,48.986545],[2.354848,48.987294],[2.355809,48.986493],[2.355609,48.985744],[2.354768,48.985284],[2.354828,48.985034],[2.355348,48.985271],[2.355488,48.985218],[2.355108,48.984049],[2.354487,48.983694],[2.35657,48.981973],[2.35733,48.98146],[2.357551,48.980449],[2.35651,48.980344],[2.354788,48.979884],[2.352686,48.979568],[2.351765,48.979266],[2.351244,48.979161],[2.349843,48.978254],[2.352125,48.976572],[2.351985,48.976309],[2.351925,48.975968],[2.351805,48.975823],[2.351785,48.975337],[2.352165,48.974943],[2.351765,48.974667],[2.351104,48.974089],[2.350944,48.97355],[2.351685,48.973287],[2.352225,48.972709],[2.352605,48.972525],[2.353807,48.972183],[2.352325,48.970238],[2.351624,48.969936],[2.350724,48.968805],[2.350343,48.968687],[2.350363,48.968332],[2.350143,48.967951],[2.351685,48.967294],[2.352465,48.96707],[2.353146,48.967294],[2.353286,48.967149],[2.353166,48.966834],[2.353807,48.966361],[2.353807,48.966098],[2.353466,48.965638],[2.353526,48.96523],[2.354948,48.964429],[2.355488,48.964981],[2.357611,48.963837],[2.358872,48.963377],[2.359392,48.963206],[2.359212,48.962838],[2.359052,48.961694],[2.361134,48.961077],[2.360614,48.960051],[2.363176,48.959959],[2.363216,48.959802],[2.363477,48.959762],[2.363377,48.959434],[2.365138,48.95942],[2.367161,48.955437],[2.367321,48.955437],[2.367521,48.954767],[2.367861,48.954096],[2.369123,48.952387],[2.369723,48.952624],[2.374728,48.95432],[2.378652,48.95595],[2.379293,48.955293],[2.379934,48.953991],[2.380454,48.953478],[2.381495,48.952137],[2.381796,48.952137],[2.381956,48.952676],[2.383197,48.956226],[2.383077,48.956949],[2.383638,48.957028],[2.384478,48.957291],[2.385259,48.956594],[2.384979,48.95616],[2.38602,48.955792],[2.386961,48.955279],[2.3863,48.954635],[2.389584,48.953084],[2.389664,48.952887],[2.391045,48.95336],[2.394289,48.955634],[2.394209,48.955148],[2.394409,48.95503],[2.39611,48.955043],[2.396771,48.954767],[2.396971,48.954569],[2.397732,48.954412],[2.398173,48.954438],[2.399013,48.954083],[2.399334,48.954057],[2.398553,48.952374],[2.398513,48.951861],[2.398253,48.95148],[2.398733,48.951388],[2.399514,48.951743],[2.400035,48.951809],[2.400255,48.95148],[2.400495,48.951217],[2.400435,48.951112],[2.400535,48.950783],[2.400295,48.950467],[2.399254,48.950191],[2.398673,48.949863],[2.398153,48.949284],[2.397612,48.948627],[2.397352,48.948614],[2.397212,48.948482],[2.397632,48.948206],[2.397732,48.94793],[2.397192,48.947877],[2.397112,48.947627],[2.397252,48.947194],[2.396971,48.946983],[2.396711,48.946904],[2.396691,48.946615],[2.397132,48.946378],[2.396731,48.946313],[2.396271,48.94605],[2.39579,48.946089],[2.39531,48.945852],[2.394609,48.945892],[2.394148,48.945668],[2.393848,48.945734],[2.393067,48.945681],[2.392587,48.945418],[2.392367,48.94509],[2.392367,48.944038],[2.391626,48.943801],[2.391285,48.943959],[2.391085,48.943893],[2.390625,48.94342],[2.390385,48.942973],[2.390425,48.942736],[2.388883,48.942223],[2.388302,48.941776],[2.388042,48.941684],[2.387842,48.941552],[2.38558,48.940895],[2.384478,48.940277],[2.381535,48.939317],[2.380074,48.941053],[2.376811,48.940356],[2.373247,48.939396],[2.371805,48.939343],[2.371165,48.939383],[2.370544,48.939212],[2.370464,48.939409],[2.369583,48.93933],[2.368802,48.938988],[2.367621,48.935819],[2.364758,48.936108],[2.362916,48.936253],[2.362175,48.936082],[2.361495,48.936082],[2.360734,48.936003],[2.360614,48.935898],[2.360233,48.935963],[2.359773,48.935806],[2.359052,48.935832],[2.358832,48.935687],[2.358331,48.934859],[2.357531,48.932886],[2.358772,48.931399],[2.360614,48.931873],[2.361735,48.931386],[2.362396,48.931229],[2.362916,48.931281],[2.363904,48.93184],[2.364444,48.93145],[2.365239,48.930623],[2.366079,48.929321],[2.365959,48.928992],[2.368962,48.928466],[2.365399,48.926125],[2.367261,48.92331],[2.368862,48.920666],[2.368902,48.92031],[2.369523,48.919718],[2.371845,48.915785],[2.371986,48.915298],[2.372346,48.915008],[2.373747,48.912745],[2.374028,48.912429],[2.373928,48.912285],[2.374949,48.910693],[2.375149,48.910548],[2.376971,48.907574],[2.377351,48.907113],[2.379193,48.904008],[2.379373,48.9036],[2.379653,48.903258],[2.382376,48.898901],[2.383317,48.897585],[2.384378,48.895979],[2.388062,48.892505],[2.386781,48.891899],[2.386721,48.891662],[2.379653,48.888213],[2.379954,48.887897],[2.371145,48.883513],[2.370644,48.882881],[2.369803,48.882671],[2.369983,48.882368],[2.369943,48.88192],[2.369503,48.881499],[2.365926,48.877417],[2.365318,48.877626],[2.363152,48.875263],[2.362465,48.875228],[2.362254,48.875419],[2.361487,48.875454],[2.360986,48.875193],[2.360351,48.873681],[2.359242,48.87389],[2.359031,48.873264],[2.358106,48.873317],[2.353774,48.865897],[2.35166,48.861622],[2.350286,48.858962],[2.350128,48.85898],[2.346826,48.853087],[2.341384,48.843144],[2.341199,48.841127],[2.332534,48.827842],[2.332243,48.827198],[2.327647,48.824068],[2.321359,48.825389],[2.321703,48.825633],[2.321069,48.825894],[2.316974,48.826729],[2.31523,48.827772],[2.313011,48.826311],[2.311109,48.827772],[2.30786,48.828433],[2.307596,48.828729],[2.306407,48.829076],[2.305588,48.828381],[2.305192,48.82765],[2.304663,48.82725],[2.30255,48.825981],[2.302101,48.824833],[2.301044,48.824589],[2.299961,48.823685],[2.299406,48.823024],[2.298852,48.823094],[2.297795,48.822189],[2.297504,48.821546],[2.296474,48.820693],[2.295866,48.819893],[2.295681,48.819284],[2.294546,48.819389],[2.294466,48.818415],[2.29473,48.817301],[2.295408,48.816009],[2.297898,48.813752],[2.300227,48.811545],[2.300375,48.811569],[2.300486,48.811188],[2.300868,48.810571],[2.300239,48.809987],[2.299433,48.808168],[2.297293,48.806863],[2.296342,48.805941],[2.294968,48.80481],[2.2951,48.804271],[2.294625,48.803888],[2.29444,48.802914],[2.29481,48.802113],[2.296078,48.800739],[2.295998,48.79966],[2.295734,48.798894],[2.295761,48.798007],[2.296791,48.797711],[2.296633,48.797398],[2.296263,48.797259],[2.294651,48.795623],[2.294493,48.795118],[2.293251,48.793691],[2.292934,48.793082],[2.292776,48.792578],[2.292628,48.792297],[2.29261,48.791838],[2.292497,48.791683],[2.292105,48.791396],[2.291742,48.790268],[2.291823,48.790043],[2.291722,48.789569],[2.291382,48.789437],[2.291602,48.789147],[2.291622,48.788988],[2.290962,48.788936],[2.290882,48.78879],[2.29123,48.788522],[2.291257,48.788339],[2.290781,48.78807],[2.29053,48.788017],[2.290504,48.787887],[2.290715,48.7878],[2.290755,48.787643],[2.290331,48.78733],[2.290275,48.787059],[2.289957,48.786702],[2.289864,48.786394],[2.28949,48.786013],[2.289229,48.785594],[2.288687,48.785176],[2.288444,48.784819],[2.287865,48.783699],[2.287547,48.783477],[2.287043,48.783083],[2.286856,48.782776],[2.287062,48.782345],[2.287379,48.782062],[2.287417,48.781853],[2.287249,48.781717],[2.286856,48.781496],[2.286763,48.781212],[2.286875,48.781089],[2.28708,48.780929],[2.287062,48.780695],[2.286632,48.780548],[2.286576,48.780277],[2.286782,48.779982],[2.286856,48.779772],[2.287043,48.779625],[2.287043,48.779415],[2.286651,48.778234],[2.286613,48.777852],[2.286277,48.777901],[2.286146,48.777101],[2.286296,48.777052],[2.286109,48.775242],[2.285885,48.775242],[2.285455,48.772805],[2.285698,48.772312],[2.285679,48.772054],[2.285848,48.771931],[2.286034,48.771426],[2.285792,48.771266],[2.285736,48.770995],[2.285044,48.770823],[2.284988,48.768828],[2.284689,48.76852],[2.284708,48.765849],[2.285026,48.765578],[2.285026,48.764667],[2.284858,48.764174],[2.284932,48.762524],[2.285119,48.76213],[2.284689,48.761527],[2.284783,48.760985],[2.285026,48.760615],[2.284745,48.760147],[2.284428,48.760209],[2.284447,48.759926],[2.284615,48.759446],[2.284521,48.759285],[2.284615,48.759015],[2.284671,48.758891],[2.284615,48.758436],[2.284577,48.757808],[2.284353,48.75686],[2.284559,48.756638],[2.284054,48.756527],[2.284054,48.755997],[2.283718,48.755554],[2.283849,48.755234],[2.28355,48.755],[2.283438,48.754557],[2.283419,48.754273],[2.283176,48.754002],[2.282747,48.753263],[2.282523,48.752611],[2.282579,48.752254],[2.282317,48.751933],[2.281794,48.751847],[2.281645,48.752044],[2.281196,48.752389],[2.280468,48.752906],[2.280318,48.753079],[2.279721,48.753288],[2.279216,48.753559],[2.278525,48.753522],[2.277423,48.75383],[2.277367,48.75399],[2.277161,48.753953],[2.27662,48.754212],[2.276396,48.754212],[2.275872,48.754532],[2.274733,48.754877],[2.275013,48.755259],[2.27421,48.755468],[2.27378,48.75564],[2.273369,48.75548],[2.272977,48.756084],[2.272211,48.755554],[2.270904,48.755591],[2.27053,48.755246],[2.270231,48.755197],[2.269559,48.754717],[2.269428,48.755222],[2.269204,48.756613],[2.269017,48.756884],[2.269255,48.757431],[2.269473,48.757506],[2.269429,48.757667],[2.268079,48.758075],[2.267591,48.758086],[2.266946,48.758195],[2.266376,48.758127],[2.265415,48.758298],[2.264494,48.757625],[2.264474,48.757269],[2.264274,48.75711],[2.263914,48.756371],[2.263413,48.75587],[2.262973,48.755566],[2.262893,48.755302],[2.262192,48.754827],[2.261591,48.754563],[2.261051,48.754299],[2.260991,48.753863],[2.26077,48.753533],[2.26051,48.753283],[2.259369,48.752834],[2.258528,48.752266],[2.257847,48.751963],[2.257507,48.751949],[2.255065,48.752477],[2.251841,48.752161],[2.251501,48.7522],[2.248798,48.750867],[2.246736,48.750009],[2.245595,48.749072],[2.245114,48.746973],[2.248037,48.747263],[2.248237,48.745917],[2.246356,48.744332],[2.246696,48.743791],[2.246576,48.743474],[2.246115,48.743369],[2.245595,48.743461],[2.245134,48.743593],[2.244116,48.743194],[2.243612,48.74312],[2.242874,48.743163],[2.242529,48.743317],[2.242454,48.743558],[2.242631,48.744309],[2.242912,48.744808],[2.24378,48.745541],[2.243072,48.746313],[2.24067,48.746247],[2.238968,48.743738],[2.238187,48.74387],[2.237987,48.744134],[2.237426,48.743052],[2.236806,48.741388],[2.236505,48.741045],[2.235184,48.739777],[2.234443,48.739183],[2.233522,48.738616],[2.2314,48.739632],[2.231302,48.740139],[2.230882,48.740115],[2.2309,48.73985],[2.229882,48.740386],[2.227818,48.741374],[2.227168,48.741492],[2.226745,48.74146],[2.226517,48.741824],[2.225867,48.741685],[2.224777,48.742682],[2.224517,48.743315],[2.22398,48.743679],[2.22359,48.743819],[2.222972,48.743744],[2.222663,48.743819],[2.222338,48.743969],[2.22159,48.743926],[2.221037,48.743819],[2.220419,48.743465],[2.219622,48.742864],[2.21972,48.742639],[2.219476,48.741352],[2.219492,48.741074],[2.219199,48.74087],[2.218702,48.740762],[2.218346,48.740627],[2.217906,48.740296],[2.2172,48.739881],[2.216639,48.739727],[2.216616,48.739408],[2.215834,48.738893],[2.215282,48.738483],[2.21473,48.738422],[2.213948,48.738256],[2.212353,48.737374],[2.211865,48.737245],[2.211426,48.737073],[2.210434,48.736966],[2.208938,48.736301],[2.208938,48.735936],[2.209101,48.735861],[2.208808,48.735679],[2.208011,48.735593],[2.207751,48.735475],[2.208531,48.735068],[2.208775,48.734714],[2.207426,48.73421],[2.206401,48.734231],[2.205572,48.734188],[2.205295,48.734102],[2.205003,48.733813],[2.204645,48.733781],[2.204531,48.73363],[2.204726,48.733073],[2.204661,48.732472],[2.205051,48.732118],[2.205133,48.731775],[2.204238,48.730584],[2.204694,48.730198],[2.205279,48.729887],[2.205425,48.729619],[2.204905,48.729458],[2.204612,48.729276],[2.204677,48.728793],[2.202693,48.728096],[2.202043,48.727645],[2.203767,48.726658],[2.206466,48.726937],[2.208905,48.726841],[2.208076,48.725929],[2.207117,48.725199],[2.205702,48.724309],[2.21354,48.722281],[2.214532,48.722281],[2.216321,48.722367],[2.217232,48.722249],[2.217752,48.722002],[2.218988,48.721112],[2.220321,48.720726],[2.220777,48.72034],[2.221248,48.720275],[2.223395,48.720844],[2.224761,48.721359],[2.226289,48.721541],[2.227184,48.721327],[2.227477,48.721015],[2.227672,48.720597],[2.229591,48.721144],[2.231233,48.721724],[2.231266,48.722013],[2.231558,48.721981],[2.231932,48.721498],[2.232518,48.721477],[2.233298,48.72108],[2.232778,48.720093],[2.232404,48.718795],[2.232127,48.718773],[2.231818,48.718602],[2.231428,48.718634],[2.2312,48.718505],[2.231184,48.718323],[2.231347,48.718151],[2.2312,48.718054],[2.230761,48.718183],[2.229753,48.718237],[2.229543,48.717913],[2.229369,48.717562],[2.228982,48.717272],[2.228724,48.716817],[2.22836,48.716521],[2.22792,48.716506],[2.22751,48.716281],[2.227025,48.716261],[2.226304,48.716341],[2.226008,48.71503],[2.226099,48.714839],[2.226198,48.714674],[2.226107,48.714434],[2.225773,48.714329],[2.225189,48.714249],[2.225143,48.713163],[2.225067,48.713032],[2.224159,48.712765],[2.224208,48.712475],[2.224403,48.712035],[2.224322,48.711767],[2.22359,48.71152],[2.223573,48.711014],[2.223401,48.71066],[2.22294,48.710511],[2.22279,48.710192],[2.22295,48.709973],[2.222875,48.709796],[2.223162,48.709731],[2.223352,48.709645],[2.223152,48.709553],[2.22146,48.709639],[2.221049,48.709606],[2.220789,48.709467],[2.220519,48.708714],[2.220279,48.708522],[2.219938,48.708469],[2.217858,48.708777],[2.215972,48.708777],[2.213557,48.708595],[2.213373,48.708337],[2.212315,48.707852],[2.211672,48.707761],[2.211051,48.707533],[2.210614,48.706744],[2.210901,48.705154],[2.210778,48.704829],[2.209915,48.704536],[2.209817,48.703251],[2.209965,48.702128],[2.206785,48.702877],[2.205626,48.703039],[2.203063,48.702275],[2.194707,48.700567],[2.192612,48.700518],[2.190911,48.700388],[2.187288,48.700323],[2.186672,48.700404],[2.186056,48.700258],[2.185292,48.699558],[2.184108,48.699558],[2.183813,48.699721],[2.183763,48.699883],[2.183369,48.699867],[2.183369,48.699607],[2.182629,48.699574],[2.181989,48.699428],[2.181052,48.699786],[2.18083,48.699672],[2.180805,48.69946],[2.180165,48.699753],[2.179499,48.699818],[2.178686,48.699818],[2.17807,48.699786],[2.176812,48.699965],[2.176048,48.700241],[2.175161,48.700241],[2.174791,48.700371],[2.174224,48.700746],[2.173756,48.700892],[2.173288,48.700957],[2.17277,48.701136],[2.171957,48.700973],[2.167569,48.699997],[2.167471,48.700241],[2.166485,48.70042],[2.166214,48.700079],[2.165622,48.699802],[2.165031,48.699948],[2.164907,48.699721],[2.163897,48.699737],[2.163256,48.699737],[2.162122,48.70003],[2.161235,48.699997],[2.159411,48.699672],[2.158425,48.699509],[2.157611,48.699249],[2.157118,48.699216],[2.156675,48.699086],[2.157143,48.697996],[2.155566,48.697655],[2.15347,48.697947],[2.153199,48.698289],[2.150808,48.698663],[2.150882,48.699037],[2.150094,48.69907],[2.149527,48.699005],[2.148245,48.699281],[2.146667,48.699395],[2.144646,48.699639],[2.143858,48.699916],[2.143143,48.700323],[2.142453,48.700453],[2.140136,48.700713],[2.139717,48.700876],[2.139741,48.701071],[2.139026,48.700843],[2.138558,48.700843],[2.138041,48.700908],[2.137942,48.700713],[2.137584,48.700749],[2.137504,48.700817],[2.137251,48.700832],[2.136802,48.700794],[2.136377,48.700574],[2.136158,48.700202],[2.136216,48.699982],[2.135963,48.700028],[2.135675,48.699853],[2.135583,48.699565],[2.135353,48.699421],[2.134985,48.699466],[2.134641,48.699223],[2.134066,48.698996],[2.133502,48.698578],[2.132628,48.698555],[2.13218,48.698495],[2.13195,48.698373],[2.131639,48.698335],[2.131053,48.698214],[2.130466,48.698237],[2.130128,48.698013],[2.129118,48.698566],[2.128945,48.699086],[2.129266,48.699281],[2.128674,48.699493],[2.127097,48.699981],[2.126505,48.700323],[2.125618,48.701103],[2.125396,48.700925],[2.125297,48.700664],[2.124065,48.70029],[2.123597,48.700453],[2.122512,48.700892],[2.121107,48.701152],[2.12054,48.701038],[2.119406,48.700892],[2.118026,48.700583],[2.117558,48.700664],[2.117311,48.700632],[2.115635,48.701038],[2.114501,48.701136],[2.114403,48.701266],[2.114723,48.702177],[2.113367,48.70247],[2.112702,48.702535],[2.112653,48.702698],[2.112234,48.702795],[2.111716,48.702795],[2.111297,48.702828],[2.11142,48.702437],[2.110977,48.702242],[2.110681,48.70221],[2.110262,48.702112],[2.110188,48.701901],[2.109966,48.701787],[2.108684,48.702324],[2.10755,48.702519],[2.106417,48.702502],[2.1058,48.702307],[2.105012,48.702226],[2.103607,48.701884],[2.102374,48.702324],[2.101906,48.70234],[2.101536,48.702258],[2.101191,48.702258],[2.10092,48.702031],[2.100353,48.702096],[2.100107,48.701526],[2.099737,48.701364],[2.09949,48.701136],[2.099663,48.700941],[2.0988,48.700632],[2.098825,48.700176],[2.099121,48.700095],[2.098825,48.699656],[2.098135,48.699737],[2.096459,48.70016],[2.092959,48.701169],[2.091283,48.70177],[2.089631,48.702014],[2.089582,48.702795],[2.088645,48.703039],[2.088719,48.703381],[2.088547,48.703641],[2.087363,48.703641],[2.084775,48.703869],[2.08337,48.703739],[2.082689,48.703602],[2.082263,48.703367],[2.081263,48.70257],[2.081078,48.702698],[2.078244,48.70286],[2.076617,48.702893],[2.075508,48.702746],[2.074522,48.701949],[2.073191,48.701673],[2.071465,48.701022],[2.070479,48.701592],[2.069592,48.701998],[2.069592,48.702112],[2.066782,48.701592],[2.064712,48.701006],[2.063454,48.700306],[2.062469,48.699542],[2.061754,48.698728],[2.061138,48.697492],[2.059437,48.697801],[2.058968,48.696467],[2.058821,48.69497],[2.059092,48.695003],[2.059314,48.694368],[2.060447,48.6924],[2.061064,48.690756],[2.061088,48.689438],[2.061359,48.688202],[2.061828,48.686835],[2.061877,48.685696],[2.061581,48.68498],[2.060866,48.684166],[2.059831,48.683548],[2.056627,48.68236],[2.055887,48.68205],[2.055394,48.681709],[2.054729,48.680976],[2.052659,48.678128],[2.052239,48.677396],[2.052092,48.676468],[2.052289,48.675573],[2.053176,48.673848],[2.053472,48.672708],[2.053423,48.67183],[2.053102,48.670934],[2.052461,48.669925],[2.051525,48.668916],[2.052683,48.668558],[2.05288,48.668265],[2.052757,48.667597],[2.05293,48.667011],[2.054263,48.666495],[2.054815,48.666123],[2.055655,48.665477],[2.055863,48.66534],[2.055305,48.664695],[2.054294,48.6626],[2.054329,48.661518],[2.053945,48.659377],[2.053039,48.65719],[2.052307,48.656315],[2.051436,48.654495],[2.050564,48.653713],[2.047532,48.651456],[2.047636,48.650373],[2.048438,48.649844],[2.049867,48.649084],[2.048333,48.646458],[2.049588,48.64579],[2.050216,48.646136],[2.051366,48.645929],[2.053597,48.645975],[2.055549,48.645629],[2.057048,48.64556],[2.058547,48.645583],[2.060917,48.64533],[2.060638,48.644409],[2.060464,48.644201],[2.060464,48.64381],[2.060081,48.643741],[2.058303,48.641985],[2.058106,48.642034],[2.055616,48.640535],[2.053916,48.639623],[2.052412,48.639021],[2.051623,48.638874],[2.050687,48.638841],[2.049084,48.638385],[2.048838,48.638174],[2.048493,48.638011],[2.048172,48.637669],[2.048099,48.637196],[2.047778,48.636691],[2.047187,48.6363],[2.045313,48.635795],[2.044796,48.635486],[2.044426,48.63503],[2.043637,48.634623],[2.041764,48.633824],[2.040186,48.633482],[2.038683,48.632896],[2.038313,48.632619],[2.037598,48.632619],[2.036465,48.632505],[2.035454,48.632081],[2.034641,48.631674],[2.033901,48.631104],[2.033088,48.630615],[2.033581,48.630208],[2.034148,48.630127],[2.035183,48.630127],[2.036193,48.629817],[2.037179,48.628807],[2.037105,48.628384],[2.036415,48.628139],[2.036686,48.627569],[2.037303,48.62765],[2.037524,48.626982],[2.037001,48.625689],[2.036855,48.624271],[2.036611,48.623787],[2.035993,48.623099],[2.036074,48.622959],[2.034936,48.622013],[2.033163,48.621755],[2.031797,48.621744],[2.031196,48.621873],[2.030968,48.621487],[2.0297,48.621433],[2.028334,48.621583],[2.027065,48.621949],[2.026707,48.620444],[2.026089,48.619412],[2.026398,48.619165],[2.024463,48.617961],[2.024057,48.617778],[2.024209,48.617637],[2.023647,48.616506],[2.02345,48.616522],[2.02308,48.615349],[2.022514,48.614469],[2.022193,48.613622],[2.021971,48.612791],[2.021528,48.612302],[2.020788,48.612122],[2.020468,48.611911],[2.020492,48.611682],[2.020788,48.611242],[2.021478,48.611764],[2.022094,48.611862],[2.022957,48.612106],[2.024116,48.612171],[2.02594,48.612057],[2.025866,48.611764],[2.025915,48.611014],[2.025742,48.609596],[2.025225,48.608749],[2.025644,48.607934],[2.024781,48.607641],[2.020813,48.605897],[2.020443,48.605359],[2.019506,48.604674],[2.019038,48.604071],[2.018323,48.603582],[2.017682,48.603485],[2.017042,48.603093],[2.016277,48.602099],[2.015735,48.601692],[2.0147,48.600746],[2.013985,48.600241],[2.013443,48.599361],[2.01332,48.597991],[2.012358,48.596361],[2.012753,48.595954],[2.012876,48.595481],[2.014922,48.593557],[2.015415,48.593182],[2.015711,48.592318],[2.016031,48.592481],[2.017066,48.592074],[2.017608,48.591373],[2.015365,48.590329],[2.013714,48.589954],[2.011693,48.587248],[2.010707,48.586237],[2.008587,48.584378],[2.006936,48.583384],[2.003904,48.581345],[2.002302,48.580367],[2.000379,48.579421],[1.999024,48.578932],[1.997668,48.578557],[1.995844,48.578459],[1.991604,48.578573],[1.990643,48.578312],[1.98978,48.578247],[1.989238,48.578329],[1.988375,48.57828],[1.985393,48.577888],[1.982805,48.577807],[1.980661,48.577611],[1.979428,48.577676],[1.977308,48.577954],[1.975903,48.57797],[1.973217,48.577611],[1.970579,48.577171],[1.969618,48.576812],[1.967671,48.576372],[1.966019,48.576192],[1.966167,48.575426],[1.964614,48.574888],[1.963949,48.574708],[1.962593,48.574823],[1.960991,48.574757],[1.960227,48.574594],[1.958304,48.574529],[1.957713,48.574659],[1.95648,48.574659],[1.956727,48.574431],[1.956135,48.573909],[1.9551,48.573762],[1.95441,48.573485],[1.954262,48.573273],[1.953966,48.573126],[1.953892,48.572768],[1.953128,48.572474],[1.95197,48.572441],[1.951009,48.572197],[1.95054,48.57192],[1.950663,48.57143],[1.95054,48.571039],[1.950565,48.570713],[1.950244,48.570468],[1.949653,48.570664],[1.949135,48.571023],[1.948963,48.571398],[1.94953,48.571805],[1.949776,48.572099],[1.949604,48.572393],[1.94667,48.571153],[1.942,48.571375],[1.941533,48.571361],[1.941383,48.571244],[1.941174,48.571308],[1.941222,48.571446],[1.941141,48.57162],[1.940905,48.57183],[1.940653,48.571933],[1.940031,48.571776],[1.939877,48.57202],[1.939747,48.571987],[1.939617,48.572321],[1.939519,48.572724],[1.939106,48.573525],[1.939384,48.57364],[1.939576,48.573917],[1.93921,48.574297],[1.937763,48.574735],[1.937031,48.574839],[1.936003,48.574874],[1.935184,48.575047],[1.933981,48.575681],[1.933162,48.576258],[1.931088,48.578368],[1.930199,48.579406],[1.929432,48.580766],[1.928892,48.581954],[1.92846,48.582333],[1.926959,48.583044],[1.926689,48.583325],[1.926517,48.583607],[1.926275,48.583816],[1.925556,48.584196],[1.925349,48.584375],[1.924889,48.584968],[1.924372,48.585364],[1.922496,48.586127],[1.921572,48.586577],[1.918574,48.587857],[1.915541,48.588583],[1.914287,48.589056],[1.913293,48.589771],[1.911707,48.590601],[1.910243,48.5912],[1.908047,48.592042],[1.906583,48.593333],[1.904561,48.592653],[1.900413,48.595131],[1.899733,48.595385],[1.89759,48.595834],[1.895515,48.596445],[1.892842,48.599936],[1.890853,48.603453],[1.891451,48.603635],[1.891727,48.603863],[1.892394,48.604107],[1.892555,48.604502],[1.886966,48.607209],[1.883332,48.608137],[1.88239,48.60876],[1.881608,48.609505],[1.879032,48.611269],[1.878319,48.611619],[1.876962,48.612136],[1.876157,48.612257],[1.874869,48.613337],[1.875076,48.613595],[1.861301,48.619114],[1.857989,48.616226],[1.844604,48.621623],[1.844765,48.621775],[1.84442,48.622535],[1.843914,48.622991],[1.843523,48.623812],[1.843638,48.624389],[1.843454,48.625119],[1.84373,48.625514],[1.843891,48.626259],[1.841684,48.626867],[1.841523,48.62705],[1.842419,48.627369],[1.842741,48.628114],[1.84304,48.628539],[1.842534,48.629542],[1.841661,48.630378],[1.841109,48.631214],[1.84065,48.631661],[1.840446,48.632185],[1.840028,48.632795],[1.839877,48.633504],[1.83962,48.63393],[1.839137,48.6341],[1.838987,48.634383],[1.838987,48.634582],[1.837914,48.634908],[1.837656,48.635248],[1.837184,48.63539],[1.836455,48.635376],[1.83697,48.636128],[1.838214,48.637049],[1.838408,48.637404],[1.83845,48.63773],[1.837142,48.638481],[1.835983,48.638992],[1.83491,48.639786],[1.8327,48.641218],[1.831369,48.641969],[1.830812,48.642381],[1.830704,48.642707],[1.828108,48.642636],[1.826885,48.642891],[1.825941,48.643047],[1.825018,48.642721],[1.82461,48.642707],[1.825082,48.642352],[1.825168,48.641927],[1.824932,48.641601],[1.824396,48.641402],[1.823773,48.641416],[1.821778,48.64231],[1.821585,48.642168],[1.821263,48.642267],[1.818001,48.639743],[1.814182,48.641558],[1.813838,48.641402],[1.813366,48.641473],[1.813238,48.6417],[1.813366,48.641955],[1.807358,48.644692],[1.803002,48.642962],[1.800449,48.641856],[1.795471,48.639304],[1.794441,48.638439],[1.79414,48.638099],[1.792338,48.637574],[1.792123,48.637375],[1.791351,48.636978],[1.789849,48.635915],[1.789591,48.635475],[1.789463,48.634823],[1.788819,48.634681],[1.788089,48.634667],[1.78648,48.635107],[1.785321,48.635234],[1.78309,48.635092],[1.780643,48.635305],[1.779485,48.635745],[1.778433,48.636397],[1.776116,48.636936],[1.774163,48.638169],[1.774056,48.638382],[1.773026,48.638481],[1.77264,48.638978],[1.770773,48.640594],[1.770666,48.640268],[1.770666,48.639162],[1.771116,48.638566],[1.771309,48.637588],[1.770666,48.637134],[1.770515,48.636808],[1.771009,48.635362],[1.770902,48.634922],[1.771374,48.633802],[1.770086,48.633632],[1.768541,48.633107],[1.766374,48.632242],[1.767232,48.630554],[1.767662,48.629264],[1.766696,48.627335],[1.763713,48.626683],[1.763155,48.626144],[1.763134,48.625591],[1.762168,48.625009],[1.760345,48.625406],[1.760216,48.626016],[1.758177,48.626825],[1.757319,48.626966],[1.754851,48.626881],[1.754229,48.626669],[1.751997,48.626115],[1.750517,48.626314],[1.750195,48.626201],[1.748908,48.625364],[1.748393,48.625279],[1.747534,48.625392],[1.74674,48.624882],[1.744895,48.624059],[1.744208,48.624059],[1.742771,48.623633],[1.741805,48.623591],[1.741269,48.62335],[1.741054,48.623109],[1.740196,48.621194],[1.740003,48.62108],[1.739058,48.620158],[1.738737,48.619265],[1.73775,48.618598],[1.737632,48.618561],[1.737632,48.618561],[1.736999,48.617931],[1.73628,48.617599],[1.735829,48.617569],[1.735529,48.617455],[1.735175,48.61713],[1.734638,48.61705],[1.734767,48.616505],[1.735089,48.616108],[1.734424,48.615967],[1.734617,48.615448],[1.734145,48.61467],[1.733544,48.614456],[1.733372,48.61396],[1.733533,48.613377],[1.734273,48.612591],[1.734359,48.61079],[1.734477,48.609745],[1.735228,48.609936],[1.733308,48.605972],[1.735582,48.605476],[1.737782,48.604603],[1.739455,48.603355],[1.744794,48.595864],[1.74369,48.595529],[1.742245,48.594604],[1.738683,48.59391],[1.739112,48.593258],[1.73805,48.592838],[1.736966,48.592319],[1.735786,48.592869],[1.735046,48.593475],[1.734005,48.592319],[1.733941,48.591873],[1.733662,48.591774],[1.733748,48.591496],[1.733479,48.591393],[1.73349,48.591106],[1.733276,48.590931],[1.732932,48.59132],[1.732525,48.591988],[1.731699,48.592113],[1.730947,48.592022],[1.729822,48.592091],[1.727684,48.592593],[1.726097,48.59343],[1.724639,48.593735],[1.723038,48.593734],[1.722193,48.594242],[1.721485,48.594486],[1.719875,48.594776],[1.719157,48.594769],[1.718073,48.59462],[1.716989,48.594826],[1.716485,48.594883],[1.71626,48.595322],[1.716088,48.59621],[1.716099,48.596394],[1.714822,48.596725],[1.714039,48.596954],[1.713749,48.596905],[1.712848,48.597351],[1.712558,48.597607],[1.712215,48.598125],[1.712011,48.598804],[1.711078,48.599197],[1.70993,48.599438],[1.709608,48.599678],[1.708921,48.599743],[1.708149,48.599815],[1.707623,48.599751],[1.707308,48.59987],[1.706561,48.599964],[1.706185,48.60014],[1.705531,48.600361],[1.70478,48.599636],[1.704373,48.599735],[1.704295,48.59997],[1.703743,48.600244],[1.703191,48.600609],[1.702662,48.600107],[1.702129,48.600531],[1.702722,48.601219],[1.703331,48.601433],[1.702828,48.601558],[1.702738,48.601746],[1.703018,48.602213],[1.702548,48.602646],[1.700778,48.603523],[1.700488,48.603779],[1.698911,48.604305],[1.696551,48.604885],[1.694255,48.606064],[1.692646,48.606434],[1.691498,48.606808],[1.690457,48.606995],[1.688386,48.607807],[1.687131,48.608482],[1.68667,48.607971],[1.686466,48.607235],[1.685811,48.606148],[1.685168,48.606369],[1.682775,48.605865],[1.681627,48.604431],[1.678097,48.602039],[1.677008,48.601044],[1.676112,48.599957],[1.675372,48.600773],[1.671177,48.597836],[1.670104,48.597111],[1.669117,48.597027],[1.667722,48.596428],[1.666886,48.596222],[1.665158,48.595535],[1.663077,48.594982],[1.66238,48.594948],[1.660416,48.595322],[1.658807,48.595451],[1.658431,48.595371],[1.658893,48.597343],[1.659322,48.59779],[1.659375,48.598694],[1.656253,48.598801],[1.650095,48.600609],[1.649044,48.599701],[1.648668,48.59972],[1.648014,48.599586],[1.646908,48.598681],[1.646522,48.598175],[1.644967,48.599052],[1.642821,48.600552],[1.642413,48.600948],[1.640947,48.601424],[1.639323,48.602169],[1.638765,48.602638],[1.637635,48.603084],[1.635879,48.605],[1.631641,48.607407],[1.627854,48.610249],[1.62573,48.611767],[1.625174,48.612292],[1.624424,48.612914],[1.624324,48.613186],[1.62357,48.613502],[1.623221,48.613778],[1.621417,48.614471],[1.619582,48.615631],[1.619056,48.615662],[1.618327,48.615273],[1.617318,48.614079],[1.615859,48.613102],[1.614357,48.61256],[1.612093,48.61208],[1.610411,48.612557],[1.609365,48.612707],[1.609958,48.614075],[1.610763,48.614357],[1.611139,48.614796],[1.611085,48.61549],[1.610289,48.615553],[1.607856,48.616032],[1.606263,48.616095],[1.603231,48.616695],[1.601853,48.61659],[1.600651,48.616682],[1.600474,48.61647],[1.599712,48.616199],[1.599326,48.615585],[1.597009,48.616447],[1.59614,48.616528],[1.594359,48.616241],[1.592009,48.616734],[1.591634,48.61652],[1.590421,48.616795],[1.589316,48.617683],[1.588104,48.619064],[1.587127,48.619499],[1.585435,48.619908],[1.584372,48.620058],[1.583297,48.620293],[1.582353,48.620316],[1.581452,48.620491],[1.580261,48.620598],[1.578963,48.621258],[1.575379,48.621706],[1.574629,48.621671],[1.573792,48.621422],[1.573688,48.620807],[1.573183,48.620404],[1.571807,48.61972],[1.57171,48.617485],[1.571356,48.61681],[1.570455,48.615833],[1.569307,48.615173],[1.5692,48.615086],[1.567848,48.615223],[1.568223,48.614853],[1.56862,48.614052],[1.570294,48.611809],[1.572182,48.610767],[1.575065,48.609261],[1.576424,48.608835],[1.577235,48.608482],[1.575562,48.607292],[1.574982,48.606525],[1.574736,48.605049],[1.574661,48.603935],[1.574253,48.602787],[1.574252,48.601909],[1.573897,48.602045],[1.573393,48.602045],[1.572963,48.602342],[1.572289,48.602551],[1.572751,48.601311],[1.572794,48.60099],[1.568985,48.60014],[1.568577,48.599644],[1.570684,48.598969],[1.574028,48.597264],[1.576785,48.592392],[1.578373,48.589325],[1.577868,48.588978],[1.577815,48.588509],[1.577913,48.58801],[1.579819,48.588529],[1.580622,48.58806],[1.583008,48.587139],[1.583962,48.58717],[1.585207,48.586964],[1.585518,48.586948],[1.587123,48.586231],[1.587771,48.585472],[1.589295,48.584129],[1.590335,48.582752],[1.591204,48.580971],[1.590593,48.580086],[1.589584,48.580097],[1.587868,48.579865],[1.587943,48.579048],[1.585078,48.578518],[1.585121,48.577969],[1.585454,48.577316],[1.585035,48.576855],[1.583887,48.576515],[1.583966,48.57585],[1.584302,48.57527],[1.584338,48.574512],[1.584842,48.573364],[1.587653,48.57373],[1.588458,48.572632],[1.588866,48.571041],[1.589198,48.570274],[1.5904,48.569778],[1.588533,48.567669],[1.588404,48.566936],[1.5882,48.566463],[1.586848,48.566589],[1.586215,48.566936],[1.585561,48.566689],[1.585722,48.565872],[1.584241,48.565681],[1.58422,48.565468],[1.583447,48.565384],[1.583222,48.565407],[1.582428,48.565277],[1.58275,48.564459],[1.581924,48.562756],[1.580043,48.562649],[1.579314,48.562439],[1.578586,48.561895],[1.577409,48.561363],[1.575915,48.560906],[1.575093,48.560337],[1.574476,48.559744],[1.575149,48.55899],[1.575594,48.558895],[1.576463,48.558525],[1.57686,48.558048],[1.577858,48.558262],[1.57833,48.558846],[1.579757,48.558895],[1.579996,48.558693],[1.580106,48.557978],[1.579816,48.558017],[1.580116,48.557852],[1.580587,48.557845],[1.581097,48.558037],[1.581463,48.558285],[1.581999,48.559277],[1.582203,48.559277],[1.582131,48.558555],[1.581625,48.557368],[1.584252,48.557198],[1.58481,48.557098],[1.585314,48.556911],[1.584864,48.555584],[1.584896,48.554676],[1.584563,48.553547],[1.584842,48.55254],[1.585261,48.551868],[1.585121,48.550224],[1.584789,48.549378],[1.583984,48.549298],[1.584091,48.548782],[1.58408,48.548439],[1.583523,48.547623],[1.584038,48.547474],[1.584499,48.547398],[1.584316,48.547035],[1.584263,48.546223],[1.583898,48.545273],[1.58599,48.544994],[1.585971,48.544671],[1.587926,48.544002],[1.588705,48.543533],[1.590593,48.542973],[1.590765,48.542645],[1.591505,48.541889],[1.592234,48.541443],[1.593179,48.541153],[1.593844,48.540997],[1.5935,48.540043],[1.592149,48.538132],[1.590818,48.536736],[1.58967,48.535698],[1.588801,48.534721],[1.587417,48.53405],[1.587031,48.533394],[1.587138,48.532726],[1.586977,48.531704],[1.587406,48.530956],[1.588501,48.530277],[1.588651,48.529991],[1.588393,48.529324],[1.588597,48.528786],[1.589241,48.528301],[1.590593,48.527683],[1.591312,48.526508],[1.591237,48.526047],[1.590292,48.52494],[1.589348,48.524357],[1.589048,48.523846],[1.588554,48.522808],[1.588726,48.521835],[1.589423,48.520756],[1.589048,48.518566],[1.588501,48.51762],[1.587857,48.516804],[1.586892,48.516731],[1.585464,48.51639],[1.583909,48.515935],[1.582814,48.515709],[1.582063,48.514679],[1.581023,48.514301],[1.578534,48.51379],[1.576506,48.513237],[1.574328,48.513199],[1.572729,48.513306],[1.570745,48.514088],[1.569017,48.512547],[1.56832,48.512695],[1.564758,48.514225],[1.563878,48.515068],[1.563503,48.515255],[1.563513,48.515266],[1.563824,48.515766],[1.561958,48.516106],[1.56081,48.516861],[1.559265,48.516968],[1.558353,48.517792],[1.557827,48.517735],[1.556389,48.518543],[1.554791,48.518188],[1.553729,48.51775],[1.552441,48.516953],[1.55125,48.517925],[1.547924,48.518331],[1.546207,48.516838],[1.54595,48.516235],[1.54507,48.515336],[1.545253,48.515028],[1.544877,48.514465],[1.545961,48.514027],[1.544802,48.51273],[1.544502,48.511879],[1.543568,48.51104],[1.543558,48.510868],[1.54286,48.510647],[1.542646,48.510399],[1.542034,48.510086],[1.541637,48.510059],[1.541133,48.509682],[1.540532,48.509434],[1.539792,48.508949],[1.538386,48.508381],[1.536348,48.506947],[1.535865,48.506851],[1.534792,48.5061],[1.532936,48.504711],[1.531842,48.503811],[1.532387,48.50347],[1.533008,48.502861],[1.534631,48.502628],[1.534706,48.502232],[1.533837,48.500313],[1.533108,48.49971],[1.53461,48.499424],[1.534234,48.498756],[1.534041,48.497784],[1.533666,48.497307],[1.5352,48.496857],[1.534985,48.496426],[1.534384,48.496124],[1.534277,48.49577],[1.533923,48.495644],[1.533794,48.495373],[1.532056,48.494484],[1.532743,48.494221],[1.532464,48.493702],[1.532207,48.493656],[1.532024,48.493439],[1.533172,48.493004],[1.532962,48.492787],[1.532453,48.4925],[1.532088,48.492132],[1.533513,48.491629],[1.534063,48.491226],[1.532207,48.488544],[1.531316,48.487728],[1.530082,48.486973],[1.531037,48.487011],[1.532786,48.485374],[1.532722,48.484913],[1.533,48.484512],[1.532904,48.484116],[1.532271,48.483475],[1.528484,48.482395],[1.528237,48.482346],[1.527904,48.482784],[1.527979,48.483013],[1.527346,48.483761],[1.525952,48.483589],[1.524181,48.48362],[1.523806,48.483753],[1.52284,48.483696],[1.517991,48.483631],[1.512916,48.484165],[1.51165,48.484131],[1.511167,48.483917],[1.508818,48.482643],[1.507155,48.481277],[1.505524,48.480206],[1.50341,48.478256],[1.503035,48.478176],[1.502734,48.477779],[1.502112,48.477352],[1.501597,48.476749],[1.501157,48.476589],[1.500202,48.476036],[1.499645,48.475418],[1.497477,48.473972],[1.497134,48.473755],[1.496705,48.473583],[1.494806,48.472012],[1.49384,48.471558],[1.492714,48.471245],[1.492714,48.471245],[1.491683,48.470763],[1.490524,48.470607],[1.48958,48.470365],[1.48943,48.470849],[1.48782,48.470578],[1.486619,48.470479],[1.486189,48.470308],[1.486125,48.469853],[1.485739,48.469497],[1.485138,48.469284],[1.484773,48.468786],[1.48443,48.468515],[1.483979,48.468345],[1.48325,48.468416],[1.482735,48.46806],[1.482477,48.467519],[1.482413,48.466965],[1.483293,48.466908],[1.483058,48.465153],[1.48279,48.464512],[1.482993,48.463879],[1.483562,48.463367],[1.485547,48.461853],[1.48589,48.461317],[1.487489,48.460054],[1.488186,48.459235],[1.488604,48.458822],[1.490278,48.459367],[1.491126,48.458628],[1.49148,48.45742],[1.490793,48.456551],[1.491179,48.455791],[1.491576,48.455776],[1.491416,48.45483],[1.490933,48.453957],[1.491297,48.453655],[1.491297,48.453655],[1.490674,48.452963],[1.491489,48.452251],[1.49179,48.450173],[1.490009,48.449946],[1.489773,48.449504],[1.490438,48.448636],[1.490395,48.447796],[1.490717,48.447355],[1.490803,48.447028],[1.491168,48.446999],[1.491532,48.445903],[1.49194,48.445889],[1.492455,48.445306],[1.492369,48.445035],[1.492798,48.444566],[1.492992,48.444267],[1.493249,48.444267],[1.494049,48.443459],[1.494773,48.443683],[1.495416,48.443583],[1.495533,48.443421],[1.496073,48.44352],[1.496545,48.44336],[1.497281,48.443062],[1.497706,48.442765],[1.498235,48.442292],[1.498994,48.441827],[1.499385,48.441048],[1.499845,48.440492],[1.499822,48.439866],[1.500017,48.439286],[1.500428,48.439339],[1.50076,48.438477],[1.50031,48.43718],[1.49826,48.436348],[1.497488,48.436111],[1.495128,48.434738],[1.495128,48.434738],[1.493936,48.434003],[1.493292,48.433419],[1.492863,48.433248],[1.493099,48.434131],[1.492112,48.433818],[1.492026,48.433177],[1.491404,48.432864],[1.490567,48.431341],[1.487262,48.429148],[1.487413,48.42892],[1.485739,48.427354],[1.485139,48.425919],[1.48515,48.425411],[1.484774,48.424786],[1.484571,48.42329],[1.484807,48.422123],[1.48486,48.420841],[1.485107,48.420586],[1.485692,48.420265],[1.487178,48.420287],[1.487532,48.419218],[1.487467,48.417892],[1.487725,48.41758],[1.48706,48.416241],[1.486813,48.414833],[1.486974,48.414448],[1.486802,48.413109],[1.486362,48.412972],[1.486481,48.411207],[1.486974,48.410053],[1.4889,48.410003],[1.491254,48.410103],[1.491689,48.410769],[1.492338,48.410865],[1.492778,48.410088],[1.492885,48.409405],[1.492842,48.408943],[1.492971,48.408211],[1.492102,48.406971],[1.491809,48.406305],[1.493214,48.406174],[1.49339,48.404926],[1.492885,48.40506],[1.492252,48.404903],[1.49193,48.404491],[1.491115,48.404148],[1.490321,48.404057],[1.48942,48.403913],[1.488884,48.403289],[1.489184,48.402034],[1.488197,48.402119],[1.487553,48.401997],[1.485804,48.401299],[1.485504,48.400982],[1.485,48.401443],[1.485193,48.400616],[1.485154,48.39976],[1.484932,48.398909],[1.483059,48.398925],[1.482196,48.398696],[1.481684,48.398201],[1.480805,48.395275],[1.481481,48.394135],[1.481599,48.393192],[1.481084,48.392788],[1.477919,48.391968],[1.477146,48.391846],[1.476567,48.391335],[1.475837,48.391135],[1.473123,48.390926],[1.471302,48.390873],[1.469206,48.390709],[1.468783,48.390843],[1.468488,48.390437],[1.468515,48.389023],[1.468327,48.387695],[1.468016,48.386902],[1.464003,48.387821],[1.461933,48.387974],[1.461149,48.387558],[1.460119,48.387302],[1.456708,48.385956],[1.454819,48.384388],[1.454304,48.383598],[1.454343,48.382656],[1.453111,48.382148],[1.452588,48.381622],[1.451998,48.381237],[1.451054,48.380947],[1.450646,48.380512],[1.44982,48.380917],[1.449176,48.380966],[1.449026,48.380817],[1.44864,48.380791],[1.447835,48.380482],[1.446719,48.381737],[1.445614,48.381664],[1.444895,48.381794],[1.443704,48.382912],[1.443104,48.383377],[1.442835,48.383247],[1.441355,48.381737],[1.439241,48.381237],[1.438608,48.381752],[1.438211,48.382236],[1.437922,48.383312],[1.437213,48.384487],[1.436377,48.385906],[1.435754,48.386524],[1.435207,48.386333],[1.43451,48.38649],[1.43436,48.385761],[1.433963,48.385105],[1.433963,48.384502],[1.434639,48.38332],[1.434649,48.38287],[1.434295,48.382744],[1.434252,48.382378],[1.433372,48.38237],[1.432482,48.38282],[1.431581,48.382351],[1.431216,48.382313],[1.430916,48.382179],[1.43083,48.381924],[1.430004,48.381283],[1.429274,48.380909],[1.427171,48.382351],[1.427579,48.382912],[1.42818,48.383305],[1.425701,48.385372],[1.423792,48.386681],[1.422719,48.386761],[1.421839,48.387032],[1.421034,48.387409],[1.420273,48.38765],[1.418996,48.387657],[1.418245,48.387737],[1.416582,48.387772],[1.415595,48.387623],[1.414812,48.387844],[1.414222,48.387886],[1.41302,48.388065],[1.411861,48.388069],[1.409759,48.388428],[1.407945,48.388882],[1.406722,48.389338],[1.40625,48.389391],[1.405843,48.389262],[1.40382,48.389518],[1.402956,48.389462],[1.40036,48.390564],[1.39653,48.392155],[1.39462,48.393337],[1.392303,48.394272],[1.390103,48.395004],[1.388537,48.395851],[1.387732,48.39603],[1.386874,48.396094],[1.386241,48.396042],[1.384749,48.394726],[1.376789,48.389423],[1.376853,48.383227],[1.376349,48.383209],[1.375544,48.382877],[1.374532,48.383016],[1.373549,48.382984],[1.373119,48.383099],[1.373119,48.382839],[1.370008,48.379208],[1.369849,48.378759],[1.367851,48.378403],[1.367562,48.379116],[1.36694,48.379044],[1.361865,48.379826],[1.359698,48.380268],[1.359022,48.379387],[1.357884,48.376144],[1.357176,48.375023],[1.356372,48.375515],[1.355851,48.374714],[1.355974,48.373913],[1.356329,48.373084],[1.354719,48.372151],[1.353046,48.371412],[1.351844,48.371134],[1.350303,48.370917],[1.348848,48.370245],[1.348078,48.369392],[1.346276,48.368317],[1.345857,48.368408],[1.345321,48.367313],[1.344838,48.366077],[1.343679,48.366123],[1.342843,48.366371],[1.339656,48.36478],[1.339613,48.364761],[1.335429,48.360889],[1.334152,48.36047],[1.333777,48.360111],[1.331041,48.35545],[1.327125,48.352337],[1.321052,48.346375],[1.319035,48.345139],[1.317726,48.344555],[1.313995,48.342025],[1.310545,48.342598],[1.308854,48.340714],[1.30865,48.340172],[1.308274,48.339684],[1.307523,48.339951],[1.306515,48.339378],[1.305238,48.338043],[1.304841,48.337444],[1.30438,48.337132],[1.303575,48.336334],[1.302706,48.335827],[1.301826,48.335442],[1.303865,48.33515],[1.300464,48.333894],[1.300882,48.333668],[1.298414,48.33176],[1.294219,48.332794],[1.292492,48.330818],[1.290464,48.331421],[1.28908,48.332031],[1.287814,48.332233],[1.284435,48.333138],[1.282235,48.333645],[1.280186,48.334541],[1.277787,48.335012],[1.276678,48.335897],[1.275174,48.336782],[1.272783,48.335426],[1.272483,48.335415],[1.27171,48.334835],[1.272022,48.334637],[1.263632,48.326576],[1.260585,48.328415],[1.259211,48.329823],[1.257838,48.330391],[1.256465,48.33054],[1.252871,48.330654],[1.251025,48.331078],[1.249813,48.330978],[1.248279,48.331013],[1.246744,48.330921],[1.245757,48.330978],[1.243547,48.323357],[1.238719,48.323494],[1.238741,48.323002],[1.238118,48.322968],[1.236788,48.323288],[1.23534,48.323189],[1.234653,48.322594],[1.233773,48.322582],[1.232861,48.322437],[1.230898,48.32246],[1.228323,48.322594],[1.22636,48.322796],[1.227422,48.319336],[1.227475,48.318844],[1.228033,48.316483],[1.227357,48.316502],[1.226542,48.316322],[1.226338,48.315968],[1.226521,48.315811],[1.226381,48.315559],[1.22593,48.315304],[1.224568,48.315212],[1.224493,48.31506],[1.226542,48.31464],[1.227572,48.313667],[1.228495,48.312656],[1.229975,48.311821],[1.230683,48.310589],[1.230748,48.309681],[1.23108,48.308846],[1.231627,48.307934],[1.231863,48.306789],[1.231713,48.306175],[1.231209,48.305462],[1.231166,48.303967],[1.232497,48.303886],[1.233848,48.303509],[1.234868,48.303074],[1.236026,48.302963],[1.237056,48.303036],[1.237915,48.303181],[1.23888,48.303066],[1.239899,48.302631],[1.238837,48.301701],[1.238773,48.300945],[1.238387,48.30032],[1.237711,48.300476],[1.236799,48.300289],[1.236455,48.300224],[1.236981,48.299847],[1.237239,48.299492],[1.237496,48.299381],[1.237689,48.298599],[1.239181,48.297105],[1.241283,48.297114],[1.24111,48.296393],[1.241026,48.295292],[1.240221,48.294365],[1.239738,48.293121],[1.239438,48.29208],[1.239148,48.291351],[1.239749,48.288967],[1.240125,48.288269],[1.240962,48.287212],[1.240489,48.286026],[1.239696,48.284798],[1.239427,48.283379],[1.23904,48.279713],[1.238784,48.278454],[1.239985,48.278587],[1.242077,48.278817],[1.243601,48.279488],[1.244684,48.278664],[1.245146,48.277958],[1.245328,48.277447],[1.250843,48.276081],[1.252248,48.276009],[1.253493,48.275665],[1.255327,48.274616],[1.255778,48.272903],[1.256304,48.272266],[1.258932,48.270805],[1.261325,48.267826],[1.260681,48.267014],[1.260145,48.266647],[1.25964,48.266048],[1.257892,48.264969],[1.256787,48.264046],[1.257548,48.263256],[1.257645,48.262913],[1.260885,48.263756],[1.264619,48.263191],[1.268481,48.264107],[1.268899,48.261127],[1.26935,48.260693],[1.272676,48.258812],[1.27435,48.258827],[1.276345,48.258442],[1.283909,48.255856],[1.288484,48.255513],[1.291956,48.255112],[1.293007,48.254578],[1.293919,48.253654],[1.294949,48.253113],[1.296794,48.25272],[1.298929,48.252113],[1.29953,48.251606],[1.300131,48.25082],[1.301547,48.249874],[1.302985,48.249191],[1.303897,48.247963],[1.30439,48.246784],[1.310334,48.248999],[1.313918,48.250443],[1.315194,48.251469],[1.317008,48.252403],[1.317694,48.252449],[1.318316,48.252163],[1.319894,48.250828],[1.32131,48.250397],[1.322029,48.250061],[1.321739,48.249641],[1.322844,48.248589],[1.324024,48.24799],[1.326642,48.247734],[1.326985,48.248421],[1.328241,48.24852],[1.328444,48.248638],[1.329421,48.24826],[1.32985,48.247784],[1.33117,48.247948],[1.333036,48.248104],[1.334442,48.249348],[1.336963,48.250412],[1.33809,48.250061],[1.341308,48.249332],[1.342762,48.248837],[1.346362,48.247227],[1.348003,48.246105],[1.34957,48.24527],[1.348733,48.244537],[1.348711,48.24416],[1.349183,48.243874],[1.350546,48.243267],[1.352563,48.241009],[1.353657,48.240204],[1.354333,48.239494],[1.355524,48.238972],[1.356575,48.238716],[1.359172,48.237335],[1.361275,48.236115],[1.365416,48.234592],[1.365867,48.231762],[1.365148,48.230034],[1.367828,48.229692],[1.370491,48.229488],[1.371928,48.228138],[1.372336,48.22744],[1.373688,48.22636],[1.374729,48.224823],[1.375072,48.224201],[1.376536,48.223279],[1.376971,48.222843],[1.377057,48.222412],[1.376145,48.221191],[1.377486,48.217827],[1.376048,48.218117],[1.37563,48.217903],[1.375662,48.214165],[1.374385,48.213463],[1.373613,48.212757],[1.371446,48.211941],[1.370641,48.211155],[1.369987,48.210175],[1.369725,48.209525],[1.369306,48.20913],[1.371188,48.208775],[1.371982,48.20834],[1.372207,48.207432],[1.372647,48.20665],[1.372958,48.205612],[1.372991,48.204941],[1.373495,48.204304],[1.37399,48.203266],[1.375469,48.202469],[1.376424,48.201794],[1.377153,48.201557],[1.379653,48.200974],[1.380415,48.20055],[1.380908,48.199535],[1.381252,48.199406],[1.381434,48.1991],[1.38064,48.198833],[1.380479,48.197304],[1.38064,48.196838],[1.380447,48.196484],[1.381155,48.196354],[1.382153,48.195911],[1.380608,48.194366],[1.379757,48.193737],[1.376885,48.192326],[1.376027,48.191631],[1.375201,48.19038],[1.374911,48.189102],[1.374182,48.187626],[1.374042,48.186562],[1.374557,48.185654],[1.376789,48.183781],[1.378065,48.183716],[1.378967,48.183563],[1.380619,48.183544],[1.38343,48.182727],[1.38623,48.181206],[1.386122,48.181053],[1.386122,48.181053],[1.382711,48.179644],[1.381456,48.17754],[1.379675,48.176025],[1.379857,48.175144],[1.377443,48.173805],[1.375254,48.172318],[1.374278,48.171303],[1.373849,48.170616],[1.373495,48.169605],[1.373152,48.167403],[1.374139,48.165962],[1.375147,48.165421],[1.375815,48.165191],[1.376611,48.165076],[1.377193,48.164746],[1.382024,48.162956],[1.384621,48.161842],[1.38564,48.1618],[1.386048,48.161575],[1.386026,48.16132],[1.385704,48.160847],[1.386166,48.160625],[1.386584,48.160029],[1.385168,48.159424],[1.383816,48.158436],[1.383462,48.157024],[1.38343,48.155666],[1.383902,48.154507],[1.383902,48.153004],[1.384192,48.152187],[1.385468,48.150848],[1.386166,48.150234],[1.386713,48.149358],[1.388247,48.149151],[1.389062,48.149017],[1.388902,48.14856],[1.388043,48.148636],[1.387539,48.148479],[1.387324,48.148499],[1.387002,48.146152],[1.387051,48.145786],[1.389535,48.14568],[1.392485,48.145378],[1.396304,48.144592],[1.397678,48.144019],[1.399512,48.142624],[1.401798,48.141987],[1.401358,48.140282],[1.400049,48.140617],[1.398879,48.140755],[1.398193,48.140331],[1.39697,48.139912],[1.394953,48.139938],[1.394212,48.140034],[1.392458,48.140084],[1.391476,48.140248],[1.389942,48.140398],[1.388494,48.140675],[1.387512,48.139584],[1.386487,48.138693],[1.386638,48.138348],[1.387389,48.13776],[1.388526,48.137211],[1.389706,48.136009],[1.390715,48.134697],[1.390908,48.133251],[1.390854,48.132233],[1.39021,48.128902],[1.389931,48.128281],[1.389041,48.127506],[1.388145,48.126565],[1.387249,48.125796],[1.388108,48.121986],[1.387646,48.121441],[1.3877,48.118362],[1.387196,48.118027],[1.386316,48.117905],[1.383129,48.117668],[1.382078,48.117283],[1.379224,48.115753],[1.376499,48.114594],[1.375254,48.114422],[1.374257,48.113598],[1.374525,48.112209],[1.373913,48.112045],[1.37342,48.111679],[1.37269,48.111744],[1.372304,48.111958],[1.372186,48.110775],[1.371596,48.109596],[1.370362,48.10936],[1.366736,48.108334],[1.364354,48.10754],[1.359794,48.105789],[1.357938,48.105732],[1.355787,48.106043],[1.351984,48.106384],[1.350138,48.106499],[1.346673,48.107384],[1.345654,48.107761],[1.344757,48.107799],[1.343859,48.10809],[1.342485,48.108319],[1.341178,48.10861],[1.339023,48.108929],[1.337199,48.10928],[1.332639,48.109753],[1.331534,48.110132],[1.332457,48.111142],[1.330708,48.113047],[1.330129,48.112888],[1.329453,48.112774],[1.328284,48.112186],[1.32603,48.111816],[1.323498,48.111843],[1.322157,48.111942],[1.320012,48.111549],[1.319304,48.111198],[1.318209,48.110325],[1.317651,48.110176],[1.316514,48.108555],[1.315054,48.108629],[1.314384,48.109083],[1.313555,48.109338],[1.312969,48.10981],[1.312448,48.110239],[1.311869,48.111073],[1.311021,48.111916],[1.311911,48.11031],[1.312029,48.108536],[1.312062,48.107273],[1.312351,48.106602],[1.312201,48.104301],[1.314969,48.104603],[1.315731,48.102789],[1.317222,48.101032],[1.317598,48.101562],[1.317887,48.101562],[1.318956,48.100484],[1.32057,48.099136],[1.323735,48.096756],[1.324979,48.095901],[1.325355,48.095264],[1.325794,48.094986],[1.327436,48.091885],[1.328208,48.090336],[1.328917,48.088036],[1.329957,48.088222],[1.329898,48.087526],[1.32916,48.087179],[1.329281,48.086487],[1.329871,48.084961],[1.330569,48.084202],[1.331009,48.083298],[1.33132,48.08213],[1.330955,48.081478],[1.330097,48.080925],[1.329507,48.079769],[1.329094,48.079068],[1.328694,48.078803],[1.328037,48.077793],[1.327415,48.077419],[1.326642,48.076702],[1.325119,48.075733],[1.323617,48.075191],[1.323187,48.075493],[1.320891,48.074852],[1.319153,48.073727],[1.317801,48.073261],[1.31671,48.073202],[1.316734,48.073573],[1.314409,48.07446],[1.3135,48.074631],[1.311815,48.075089],[1.308703,48.075314],[1.30777,48.075314],[1.307191,48.075455],[1.305485,48.076626],[1.305013,48.076515],[1.303167,48.075798],[1.302899,48.075558],[1.299058,48.074207],[1.297481,48.074306],[1.296644,48.07481],[1.296537,48.075203],[1.295561,48.07534],[1.295003,48.07605],[1.294616,48.076466],[1.294445,48.076424],[1.294134,48.076801],[1.289134,48.076637],[1.288426,48.076775],[1.287471,48.077354],[1.287203,48.077255],[1.287149,48.076702],[1.287546,48.075836],[1.287568,48.075047],[1.287374,48.073772],[1.286731,48.073463],[1.28584,48.073227],[1.28495,48.072868],[1.283512,48.072651],[1.284285,48.071712],[1.285443,48.070595],[1.285518,48.068645],[1.28805,48.067455],[1.28805,48.067455],[1.291313,48.067501],[1.295991,48.067831],[1.296012,48.067271],[1.296313,48.067028],[1.296377,48.064948],[1.296527,48.064117],[1.296484,48.063127],[1.296742,48.061005],[1.297321,48.06046],[1.298823,48.060689],[1.298738,48.059528],[1.298244,48.058868],[1.2976,48.058323],[1.297793,48.057649],[1.298523,48.057276],[1.299725,48.056874],[1.299746,48.056602],[1.301098,48.056114],[1.299939,48.054766],[1.299016,48.054035],[1.298265,48.053332],[1.296613,48.052227],[1.295218,48.051453],[1.293802,48.050936],[1.291292,48.051654],[1.28979,48.051941],[1.288266,48.051912],[1.287365,48.052428],[1.282773,48.051625],[1.275542,48.05151],[1.275756,48.050922],[1.273975,48.050908],[1.27404,48.050564],[1.272709,48.05032],[1.270628,48.050693],[1.270156,48.051137],[1.26859,48.051941],[1.268311,48.051051],[1.268395,48.050346],[1.269447,48.048588],[1.270005,48.04797],[1.272279,48.045963],[1.275047,48.04377],[1.276667,48.043926],[1.276912,48.043549],[1.279675,48.040229],[1.280057,48.039406],[1.28024,48.038532],[1.280776,48.037594],[1.281946,48.036674],[1.283405,48.034958],[1.28392,48.033723],[1.2846,48.032719],[1.28434,48.032505],[1.284781,48.030845],[1.284134,48.0308],[1.283416,48.031544],[1.282482,48.032055],[1.281742,48.032097],[1.281066,48.031845],[1.280165,48.031952],[1.27921,48.031387],[1.278673,48.031559],[1.278266,48.031544],[1.277794,48.0312],[1.277794,48.030907],[1.278105,48.029522],[1.274199,48.028797],[1.2667,48.027332],[1.264307,48.027252],[1.262645,48.027332],[1.260617,48.02721],[1.259598,48.027428],[1.258847,48.027683],[1.256937,48.027489],[1.254845,48.02713],[1.25448,48.026047],[1.254566,48.024799],[1.255682,48.022675],[1.256304,48.021534],[1.256475,48.020695],[1.256207,48.020069],[1.254716,48.019157],[1.25419,48.019043],[1.253697,48.019073],[1.252409,48.018852],[1.251369,48.018421],[1.250188,48.018391],[1.248418,48.01796],[1.247721,48.017429],[1.245843,48.016647],[1.243794,48.016254],[1.242507,48.016193],[1.241745,48.016304],[1.240962,48.016434],[1.239084,48.015816],[1.238569,48.0158],[1.236885,48.016182],[1.23652,48.015915],[1.236037,48.015255],[1.235104,48.014668],[1.234546,48.014378],[1.233752,48.014244],[1.233312,48.014091],[1.23343,48.013798],[1.234267,48.013675],[1.234374,48.013174],[1.235222,48.013103],[1.23638,48.012623],[1.234975,48.011272],[1.234986,48.011257],[1.236359,48.010323],[1.237228,48.009895],[1.239942,48.009708],[1.240768,48.009312],[1.241637,48.008499],[1.239181,48.007408],[1.236799,48.006664],[1.236831,48.005836],[1.23726,48.005859],[1.237432,48.005981],[1.239153,48.00615],[1.239374,48.005936],[1.239223,48.005257],[1.238966,48.00462],[1.240535,48.003498],[1.240929,48.003605],[1.244137,48.005451],[1.24491,48.006054],[1.24579,48.004532],[1.2454,48.004235],[1.2459,48.004235],[1.246766,48.003555],[1.247023,48.003017],[1.249266,48.002132],[1.248493,48.001431],[1.255177,47.998703],[1.252602,47.996735],[1.25483,47.996465],[1.257112,47.99617],[1.259222,47.996296],[1.260971,47.996262],[1.263192,47.996849],[1.264426,47.997288],[1.267204,47.996773],[1.270273,47.996426],[1.267612,47.993618],[1.266528,47.992321],[1.264522,47.989628],[1.264168,47.988945],[1.266271,47.988537],[1.272508,47.986912],[1.274993,47.986649],[1.277611,47.986259],[1.280133,47.985737],[1.281602,47.985729],[1.28245,47.985462],[1.282815,47.985119],[1.282901,47.984673],[1.2826,47.983738],[1.28201,47.982582],[1.282203,47.981182],[1.282396,47.980988],[1.282096,47.980579],[1.281677,47.980415],[1.280937,47.979336],[1.280658,47.979206],[1.278019,47.979279],[1.27023,47.97818],[1.269629,47.977722],[1.267033,47.97477],[1.264801,47.973003],[1.263846,47.972435],[1.262537,47.971264],[1.262247,47.970892],[1.263202,47.970561],[1.26287,47.96964],[1.261657,47.967896],[1.260799,47.966991],[1.26037,47.966114],[1.259855,47.964783],[1.259469,47.964108],[1.25949,47.963779],[1.264533,47.960186],[1.261379,47.958996],[1.259587,47.957916],[1.258417,47.958023],[1.257409,47.95776],[1.256754,47.957893],[1.255617,47.957951],[1.253933,47.959045],[1.253589,47.958858],[1.252505,47.958341],[1.253107,47.957637],[1.25197,47.957126],[1.251454,47.956779],[1.251712,47.956249],[1.251379,47.954941],[1.250274,47.95425],[1.247152,47.954575],[1.246176,47.954151],[1.244663,47.953655],[1.243376,47.953316],[1.242281,47.952858],[1.241037,47.952637],[1.238623,47.95155],[1.23476,47.949673],[1.232035,47.948761],[1.22858,47.946312],[1.228473,47.945644],[1.230565,47.945988],[1.23122,47.945858],[1.233494,47.944637],[1.234535,47.943607],[1.235404,47.941654],[1.235286,47.940331],[1.235425,47.939453],[1.23659,47.937833],[1.237282,47.936672],[1.23755,47.935654],[1.237003,47.935596],[1.236112,47.934948],[1.234674,47.934299],[1.232722,47.933735],[1.231917,47.933308],[1.23064,47.932182],[1.229503,47.931664],[1.228666,47.931061],[1.226778,47.930347],[1.227647,47.929161],[1.224257,47.926422],[1.223484,47.92461],[1.221317,47.924221],[1.221639,47.923676],[1.22239,47.923389],[1.223549,47.921944],[1.225566,47.92001],[1.226081,47.919971],[1.227175,47.92009],[1.228226,47.919102],[1.229235,47.919052],[1.229568,47.918961],[1.231424,47.919296],[1.232014,47.918808],[1.231992,47.918514],[1.231703,47.917912],[1.231928,47.917355],[1.232572,47.916859],[1.233333,47.916637],[1.233655,47.916443],[1.232464,47.916019],[1.2327,47.915516],[1.232808,47.914345],[1.232486,47.913624],[1.232958,47.912437],[1.23328,47.911926],[1.233441,47.911366],[1.233367,47.911039],[1.233705,47.910774],[1.233533,47.910548],[1.233309,47.910464],[1.233366,47.910389],[1.233655,47.910252],[1.233891,47.909828],[1.232314,47.909538],[1.23269,47.908401],[1.233001,47.906239],[1.232808,47.904266],[1.233526,47.904167],[1.233559,47.902981],[1.232121,47.902821],[1.232057,47.902168],[1.230705,47.902355],[1.229557,47.90229],[1.228538,47.901997],[1.226799,47.901722],[1.227218,47.900536],[1.227368,47.900341],[1.226982,47.900032],[1.225995,47.900169],[1.22666,47.898262],[1.227404,47.898235],[1.228184,47.897843],[1.226347,47.897167],[1.223527,47.89642],[1.223956,47.895902],[1.225834,47.895493],[1.22637,47.895119],[1.225823,47.89399],[1.224267,47.892578],[1.222615,47.891579],[1.221339,47.891083],[1.220126,47.890556],[1.219118,47.890204],[1.215419,47.888749],[1.213871,47.888355],[1.212938,47.8895],[1.211489,47.888988],[1.210394,47.888683],[1.210215,47.889152],[1.208768,47.888825],[1.206608,47.888168],[1.206436,47.888653],[1.20575,47.889477],[1.205696,47.890011],[1.204762,47.891483],[1.204945,47.891788],[1.204859,47.892162],[1.205041,47.892429],[1.204962,47.892751],[1.208003,47.894201],[1.206704,47.896954],[1.206286,47.897175],[1.205084,47.897282],[1.202896,47.897995],[1.202434,47.897915],[1.20134,47.897408],[1.200128,47.897278],[1.199355,47.897282],[1.197596,47.896923],[1.197199,47.897068],[1.195976,47.898846],[1.192929,47.898376],[1.191684,47.898521],[1.186781,47.897282],[1.183755,47.8964],[1.182532,47.895744],[1.181974,47.8949],[1.181513,47.893307],[1.181781,47.892391],[1.182908,47.891869],[1.183755,47.891739],[1.183391,47.890831],[1.182286,47.889542],[1.181588,47.889442],[1.180966,47.890053],[1.179636,47.889538],[1.178552,47.888794],[1.177232,47.888145],[1.175205,47.887325],[1.173359,47.886429],[1.172544,47.885918],[1.172243,47.885513],[1.171546,47.885262],[1.170216,47.884521],[1.170226,47.884335],[1.170816,47.884418],[1.171074,47.884293],[1.170537,47.884033],[1.168885,47.882996],[1.170365,47.882173],[1.168724,47.880886],[1.166064,47.878021],[1.164336,47.875999],[1.161139,47.873398],[1.159261,47.87236],[1.157588,47.871777],[1.155818,47.871014],[1.155195,47.870972],[1.154599,47.870645],[1.151901,47.869713],[1.15041,47.868977],[1.150432,47.868668],[1.14776,47.867962],[1.146548,47.86805],[1.145958,47.868393],[1.142739,47.866421],[1.143458,47.865559],[1.142707,47.864349],[1.141344,47.8634],[1.13886,47.8624],[1.13691,47.861497],[1.134531,47.860436],[1.131785,47.859348],[1.130165,47.858204],[1.128867,47.857719],[1.127053,47.857403],[1.125476,47.856663],[1.124264,47.855919],[1.122644,47.854767],[1.121367,47.854118],[1.12009,47.85379],[1.118835,47.853602],[1.117827,47.85305],[1.115595,47.852199],[1.116056,47.851778],[1.117146,47.852071],[1.117505,47.851616],[1.11508,47.850174],[1.114737,47.849808],[1.11464,47.849468],[1.114125,47.848995],[1.113482,47.848526],[1.112967,47.847145],[1.111883,47.84576],[1.11081,47.844673],[1.110402,47.844414],[1.113546,47.843214],[1.113546,47.843214],[1.11315,47.842344],[1.11212,47.841667],[1.109867,47.841451],[1.108408,47.841019],[1.109781,47.839464],[1.110339,47.838614],[1.110339,47.838254],[1.109996,47.838009],[1.107335,47.836943],[1.106305,47.83641],[1.107442,47.835892],[1.108236,47.835416],[1.110146,47.83471],[1.11155,47.833874],[1.108836,47.831062],[1.10882,47.831039],[1.10751,47.83025],[1.106386,47.829815],[1.105218,47.82964],[1.10357,47.829231],[1.10148,47.829479],[1.09987,47.829498],[1.09933,47.829342],[1.10017,47.82724],[1.10012,47.825932],[1.09921,47.824242],[1.09817,47.82095],[1.09641,47.810909],[1.09576,47.810532],[1.09485,47.810612],[1.093859,47.810805],[1.08986,47.812061],[1.08845,47.811878],[1.087134,47.811043],[1.086495,47.810415],[1.086394,47.808855],[1.08549,47.808762],[1.085608,47.808008],[1.085616,47.80734],[1.085346,47.806668],[1.08486,47.80629],[1.08496,47.80574],[1.08484,47.804749],[1.08361,47.802921],[1.08325,47.801762],[1.082744,47.801119],[1.077276,47.796586],[1.074551,47.795418],[1.07077,47.793831],[1.067799,47.793531],[1.067958,47.792677],[1.06764,47.791451],[1.0675,47.790771],[1.067651,47.790089],[1.06752,47.789549],[1.067228,47.789646],[1.067197,47.789522],[1.066938,47.78953],[1.066797,47.789497],[1.06503,47.789539],[1.064776,47.789439],[1.06452,47.78923],[1.06455,47.788891],[1.065145,47.788631],[1.065387,47.788175],[1.067143,47.786951],[1.066184,47.786864],[1.06375,47.787102],[1.063826,47.786809],[1.06226,47.786469],[1.06087,47.78511],[1.05968,47.786331],[1.05968,47.786331],[1.059313,47.786377],[1.057253,47.789289],[1.056695,47.789808],[1.056073,47.790068],[1.053112,47.790039],[1.052605,47.789737],[1.051971,47.789235],[1.050386,47.788093],[1.047339,47.787285],[1.044829,47.785974],[1.043499,47.78557],[1.043514,47.784842],[1.042425,47.783356],[1.041996,47.783003],[1.041632,47.78234],[1.041009,47.781922],[1.039786,47.781547],[1.037555,47.781028],[1.036546,47.780668],[1.035924,47.77999],[1.034808,47.779283],[1.035516,47.778764],[1.035967,47.778058],[1.036654,47.777654],[1.037319,47.777366],[1.037598,47.776789],[1.03837,47.776111],[1.038048,47.775909],[1.03715,47.77562],[1.03639,47.775269],[1.03453,47.77483],[1.03352,47.774342],[1.03237,47.774139],[1.0315,47.774109],[1.0309,47.773842],[1.02972,47.774132],[1.02857,47.773882],[1.02809,47.773571],[1.02795,47.772949],[1.02751,47.772301],[1.02734,47.77166],[1.02625,47.771011],[1.02518,47.77063],[1.02491,47.770409],[1.023708,47.770483],[1.01928,47.770229],[1.01858,47.770721],[1.017512,47.770778],[1.0175,47.770309],[1.01782,47.764229],[1.0173,47.764179],[1.01749,47.761711],[1.01466,47.76133],[1.01191,47.760189],[1.0083,47.758411],[1.00583,47.75771],[1.00095,47.755791],[0.9986,47.754581],[0.993144,47.752399],[0.992725,47.752169],[0.992665,47.752401],[0.993979,47.752979],[0.99185,47.75308],[0.99008,47.752628],[0.9882,47.752579],[0.98762,47.753441],[0.98694,47.754971],[0.9863,47.755981],[0.98573,47.757401],[0.98496,47.758709],[0.98521,47.759628],[0.98507,47.760159],[0.98424,47.762001],[0.98433,47.762718],[0.98497,47.762859],[0.98533,47.762241],[0.98972,47.76321],[0.98931,47.763771],[0.98867,47.76543],[0.9877,47.765949],[0.98584,47.765148],[0.9853,47.765091],[0.98502,47.765652],[0.98443,47.766121],[0.98406,47.76601],[0.98357,47.766239],[0.98304,47.765888],[0.981711,47.765487],[0.980438,47.765299],[0.97957,47.76527],[0.9788,47.764995],[0.978016,47.764854],[0.977214,47.764959],[0.97619,47.76532],[0.97483,47.764591],[0.97365,47.763908],[0.97263,47.76392],[0.96984,47.763561],[0.96791,47.763561],[0.96553,47.763248],[0.96509,47.763371],[0.9645,47.763771],[0.9641,47.76379],[0.96332,47.763538],[0.96119,47.763809],[0.95967,47.764751],[0.95913,47.7659],[0.958774,47.766564],[0.95853,47.767361],[0.958251,47.767841],[0.957711,47.76824],[0.95734,47.768841],[0.95673,47.769119],[0.95593,47.768929],[0.95459,47.768131],[0.95277,47.767639],[0.94864,47.766918],[0.94797,47.766949],[0.94447,47.766541],[0.94161,47.766159],[0.93867,47.765961],[0.93634,47.76619],[0.93406,47.766602],[0.93192,47.767078],[0.93053,47.76757],[0.92979,47.767971],[0.928094,47.768676],[0.926957,47.769034],[0.92736,47.768452],[0.92782,47.768111],[0.92827,47.76741],[0.928887,47.76682],[0.92993,47.766281],[0.92961,47.765839],[0.92941,47.76532],[0.93255,47.764439],[0.93213,47.763821],[0.93403,47.761261],[0.93487,47.759048],[0.93478,47.75843],[0.93497,47.757721],[0.93486,47.757141],[0.93506,47.755619],[0.93596,47.755089],[0.9366,47.754341],[0.93642,47.75375],[0.93713,47.75354],[0.93758,47.752911],[0.93744,47.75256],[0.93759,47.75193],[0.93787,47.751591],[0.93743,47.750332],[0.9367,47.750542],[0.93359,47.748161],[0.93093,47.74675],[0.93059,47.747398],[0.93089,47.747952],[0.93072,47.748219],[0.92991,47.748989],[0.92796,47.74881],[0.92639,47.748322],[0.92396,47.748081],[0.92135,47.748268],[0.92091,47.748211],[0.91826,47.748451],[0.91765,47.74831],[0.91596,47.748322],[0.91612,47.748169],[0.91666,47.748032],[0.91695,47.746891],[0.91743,47.746281],[0.91778,47.746078],[0.91802,47.745762],[0.91891,47.745708],[0.91992,47.745739],[0.92266,47.745079],[0.92342,47.74461],[0.92424,47.743851],[0.92085,47.742531],[0.92036,47.742069],[0.91858,47.741112],[0.91691,47.740681],[0.91746,47.739861],[0.91707,47.73967],[0.91683,47.739101],[0.9168,47.738541],[0.91456,47.737801],[0.91364,47.737598],[0.91224,47.737122],[0.91014,47.736961],[0.90912,47.736691],[0.90733,47.737259],[0.90733,47.737259],[0.907779,47.738995],[0.909023,47.740221],[0.909281,47.741],[0.909388,47.741578],[0.909173,47.741924],[0.908315,47.742386],[0.907843,47.742761],[0.905869,47.743179],[0.904775,47.742458],[0.903916,47.74126],[0.903337,47.740827],[0.902801,47.740712],[0.9025,47.740755],[0.902264,47.740928],[0.89734,47.741928],[0.8957,47.742771],[0.89445,47.74321],[0.89281,47.74353],[0.89201,47.743912],[0.89136,47.743969],[0.89055,47.74371],[0.89001,47.743641],[0.88861,47.742931],[0.88718,47.741611],[0.88695,47.741829],[0.88665,47.741982],[0.88633,47.74173],[0.88613,47.741379],[0.8855,47.741009],[0.88443,47.740543],[0.883851,47.740123],[0.885238,47.74011],[0.88563,47.740058],[0.88615,47.739052],[0.88668,47.73904],[0.88744,47.736721],[0.88767,47.7341],[0.88794,47.7318],[0.88866,47.73127],[0.88874,47.730949],[0.8889,47.730759],[0.88891,47.73053],[0.8885,47.730118],[0.88968,47.729401],[0.88956,47.72887],[0.88888,47.728161],[0.88927,47.727219],[0.88919,47.72686],[0.88894,47.72662],[0.88929,47.726398],[0.889284,47.725475],[0.88883,47.724041],[0.88877,47.72266],[0.88853,47.72179],[0.88841,47.72139],[0.88672,47.719051],[0.89013,47.71698],[0.89133,47.717609],[0.89476,47.713112],[0.89522,47.712318],[0.89747,47.710072],[0.91066,47.70348],[0.911001,47.703136],[0.91156,47.702782],[0.91244,47.702412],[0.91322,47.702309],[0.91471,47.701382],[0.915376,47.700731],[0.91574,47.700001],[0.91691,47.6996],[0.91731,47.699348],[0.91624,47.698952],[0.9163,47.6982],[0.915219,47.697506],[0.915986,47.697248],[0.91556,47.69516],[0.916628,47.694909],[0.918,47.695],[0.92032,47.6954],[0.921146,47.695366],[0.922058,47.695522],[0.923018,47.695386],[0.923871,47.695438],[0.923871,47.695438],[0.924439,47.694679],[0.927486,47.693275],[0.928248,47.692181],[0.92842,47.691662],[0.929053,47.690815],[0.929579,47.689991],[0.931048,47.688972],[0.933419,47.686829],[0.935576,47.686035],[0.937496,47.684807],[0.93888,47.684486],[0.939181,47.682648],[0.939524,47.682098],[0.940254,47.681156],[0.939964,47.679836],[0.940028,47.67844],[0.942818,47.674202],[0.944524,47.673046],[0.944813,47.671154],[0.945125,47.670128],[0.945854,47.669144],[0.950221,47.665287],[0.951101,47.664707],[0.951122,47.664448],[0.950811,47.664131],[0.950575,47.663738],[0.952882,47.663132],[0.952806,47.662655],[0.952227,47.662178],[0.951648,47.661636],[0.951916,47.661247],[0.952592,47.661144],[0.953311,47.661552],[0.953751,47.661579],[0.952871,47.660141],[0.951637,47.659576],[0.950768,47.659721],[0.949931,47.659607],[0.947582,47.659058],[0.945017,47.657959],[0.943161,47.656044],[0.941337,47.655254],[0.940758,47.65517],[0.939878,47.655186],[0.939202,47.655075],[0.938698,47.653954],[0.938945,47.653419],[0.941573,47.651627],[0.942314,47.650784],[0.942131,47.650318],[0.94211,47.649979],[0.941702,47.649387],[0.941327,47.649429],[0.940415,47.64938],[0.939696,47.649082],[0.939074,47.648273],[0.936981,47.646278],[0.935007,47.64518],[0.934632,47.645138],[0.933913,47.644741],[0.932572,47.644314],[0.930415,47.643379],[0.929203,47.642803],[0.925502,47.640663],[0.924879,47.640476],[0.924289,47.639984],[0.923012,47.63966],[0.922626,47.639462],[0.922025,47.639339],[0.920577,47.638271],[0.919429,47.638142],[0.919354,47.637844],[0.919504,47.637207],[0.918002,47.636093],[0.919547,47.634911],[0.920212,47.634087],[0.920427,47.633419],[0.920405,47.633045],[0.919236,47.632214],[0.918603,47.63261],[0.918142,47.632645],[0.914279,47.63139],[0.913796,47.630932],[0.913614,47.63015],[0.913314,47.629726],[0.913217,47.628906],[0.913517,47.628056],[0.912734,47.628201],[0.91164,47.628185],[0.911726,47.627853],[0.911522,47.627048],[0.91105,47.626724],[0.910084,47.62624],[0.909312,47.625183],[0.909237,47.624214],[0.909247,47.623398],[0.909011,47.623253],[0.908861,47.623001],[0.907638,47.622147],[0.906383,47.622463],[0.904752,47.622646],[0.903647,47.622372],[0.902638,47.621338],[0.902488,47.620174],[0.902714,47.619064],[0.903186,47.618439],[0.903057,47.618156],[0.903261,47.617432],[0.903636,47.616917],[0.901995,47.614582],[0.901072,47.614864],[0.900568,47.614826],[0.900697,47.61417],[0.900321,47.613266],[0.899066,47.611855],[0.897864,47.610699],[0.897092,47.609512],[0.896845,47.608852],[0.896426,47.608421],[0.896448,47.607937],[0.896544,47.607704],[0.896716,47.606308],[0.896577,47.605591],[0.895976,47.605209],[0.895118,47.605091],[0.894409,47.604946],[0.89471,47.604435],[0.894806,47.603863],[0.895236,47.603588],[0.896341,47.603264],[0.896577,47.603088],[0.897253,47.601742],[0.899806,47.602192],[0.899441,47.602928],[0.899613,47.603073],[0.901587,47.603741],[0.902027,47.603611],[0.902317,47.60334],[0.902488,47.602364],[0.902789,47.601894],[0.902628,47.600883],[0.902681,47.600407],[0.902585,47.599529],[0.903003,47.598255],[0.906168,47.595303],[0.906351,47.594818],[0.907735,47.593378],[0.9084,47.593259],[0.909006,47.592961],[0.909202,47.59229],[0.908785,47.592491],[0.908861,47.591909],[0.90914,47.591214],[0.909784,47.590519],[0.90914,47.590288],[0.908925,47.589999],[0.909462,47.589169],[0.909526,47.588959],[0.909183,47.588539],[0.908711,47.588249],[0.909022,47.587395],[0.909204,47.586895],[0.909033,47.586796],[0.910728,47.585354],[0.910728,47.585354],[0.911978,47.585142],[0.912322,47.585157],[0.912665,47.584259],[0.915068,47.584838],[0.915347,47.584375],[0.917107,47.584838],[0.917729,47.584491],[0.918008,47.58423],[0.918544,47.583304],[0.918909,47.58219],[0.919489,47.581176],[0.919746,47.580597],[0.920068,47.579975],[0.920282,47.578933],[0.920647,47.578079],[0.92142,47.576559],[0.921656,47.574011],[0.922664,47.568133],[0.915927,47.566005],[0.912965,47.565889],[0.911614,47.565687],[0.910712,47.565672],[0.908416,47.565774],[0.902859,47.565643],[0.901893,47.565108],[0.900026,47.565021],[0.899147,47.565238],[0.898846,47.564977],[0.8981,47.564873],[0.897639,47.563519],[0.89722,47.562851],[0.89677,47.562332],[0.897006,47.561913],[0.89692,47.561695],[0.896534,47.56144],[0.895783,47.560505],[0.894796,47.559196],[0.894377,47.558884],[0.893648,47.557812],[0.892586,47.555462],[0.892382,47.554157],[0.891813,47.552917],[0.891073,47.551601],[0.890912,47.550724],[0.891116,47.549629],[0.892457,47.548176],[0.893401,47.54763],[0.894377,47.546768],[0.895021,47.54591],[0.895761,47.545345],[0.89619,47.544712],[0.896834,47.544662],[0.898948,47.543839],[0.903229,47.542034],[0.904012,47.54192],[0.907305,47.542622],[0.90634,47.540623],[0.905932,47.538311],[0.904098,47.537586],[0.903754,47.537552],[0.903325,47.537182],[0.902499,47.535297],[0.901909,47.534805],[0.901512,47.534676],[0.900911,47.534023],[0.900074,47.532871],[0.900064,47.532543],[0.899506,47.532211],[0.898916,47.532124],[0.898358,47.532524],[0.897403,47.532284],[0.900031,47.528606],[0.900686,47.528141],[0.901115,47.527504],[0.900933,47.525967],[0.901512,47.525505],[0.902478,47.523476],[0.903089,47.522293],[0.903003,47.521488],[0.903035,47.52076],[0.902864,47.520229],[0.902134,47.519962],[0.901104,47.52002],[0.900128,47.519497],[0.898476,47.518787],[0.899516,47.51878],[0.900246,47.518513],[0.901212,47.517715],[0.902832,47.515652],[0.902488,47.515057],[0.903261,47.5145],[0.905653,47.515186],[0.906501,47.515228],[0.908196,47.514503],[0.909172,47.514469],[0.909698,47.514503],[0.909687,47.514114],[0.909516,47.513657],[0.910599,47.513416],[0.910385,47.512512],[0.910631,47.512295],[0.910589,47.511665],[0.911318,47.511627],[0.909591,47.510376],[0.909441,47.510452],[0.908518,47.509983],[0.908132,47.510231],[0.907724,47.509998],[0.907359,47.510498],[0.906039,47.510811],[0.90561,47.511112],[0.905052,47.511112],[0.904269,47.510811],[0.903744,47.510578],[0.902638,47.510307],[0.902016,47.509941],[0.899988,47.51075],[0.898926,47.510006],[0.897682,47.509579],[0.896791,47.509071],[0.894463,47.508293],[0.893734,47.507736],[0.892875,47.508064],[0.892135,47.508614],[0.891491,47.508678],[0.889732,47.507542],[0.889034,47.507896],[0.8875,47.503445],[0.8872,47.503098],[0.886395,47.503002],[0.886492,47.501766],[0.887178,47.5009],[0.887554,47.499676],[0.889131,47.499222],[0.889517,47.498894],[0.890118,47.498039],[0.88868,47.49791],[0.887629,47.497574],[0.886116,47.497341],[0.885043,47.49741],[0.884324,47.497299],[0.883552,47.497341],[0.883294,47.495575],[0.882415,47.495453],[0.882618,47.49342],[0.882297,47.492104],[0.883756,47.491776],[0.884292,47.491299],[0.884625,47.490479],[0.884646,47.489746],[0.884593,47.489288],[0.883917,47.488701],[0.884314,47.487453],[0.884142,47.487057],[0.883842,47.486462],[0.883466,47.484756],[0.883659,47.484207],[0.884013,47.483837],[0.884507,47.48262],[0.884496,47.4823],[0.885515,47.482059],[0.885494,47.481525],[0.887243,47.481277],[0.89103,47.480198],[0.890493,47.479191],[0.890354,47.478687],[0.889581,47.477898],[0.888895,47.476673],[0.888519,47.475555],[0.888412,47.474815],[0.888766,47.473808],[0.888712,47.473549],[0.888906,47.473206],[0.889453,47.472851],[0.888788,47.471756],[0.889238,47.470921],[0.889667,47.469898],[0.889571,47.468891],[0.889989,47.468418],[0.88986,47.467884],[0.889077,47.466572],[0.888305,47.466888],[0.88809,47.46666],[0.887897,47.465977],[0.887961,47.465084],[0.888273,47.46497],[0.890847,47.464764],[0.892993,47.463581],[0.898111,47.462849],[0.898583,47.463001],[0.899098,47.463009],[0.900718,47.462242],[0.901201,47.461777],[0.900031,47.460876],[0.898283,47.460022],[0.895107,47.457539],[0.89427,47.457802],[0.892221,47.458061],[0.891341,47.458042],[0.890193,47.457699],[0.889302,47.457535],[0.888251,47.456676],[0.884689,47.457859],[0.884153,47.45649],[0.882736,47.454189],[0.882715,47.454166],[0.881749,47.453403],[0.881782,47.453022],[0.886878,47.450306],[0.886556,47.450081],[0.887886,47.448753],[0.886137,47.448299],[0.888133,47.44622],[0.889388,47.445213],[0.88721,47.442348],[0.88676,47.442173],[0.884517,47.441696],[0.883477,47.441723],[0.882833,47.441586],[0.883241,47.440876],[0.883648,47.439613],[0.881985,47.439407],[0.880988,47.439526],[0.880172,47.43948],[0.879056,47.439163],[0.875838,47.438358],[0.874239,47.43811],[0.872802,47.437782],[0.87175,47.437813],[0.870945,47.438087],[0.869787,47.438133],[0.868703,47.43787],[0.868338,47.437614],[0.866171,47.438931],[0.865345,47.439323],[0.864991,47.43964],[0.866729,47.440628],[0.865452,47.441158],[0.864776,47.44157],[0.864605,47.442074],[0.86248,47.443081],[0.860957,47.442673],[0.859348,47.443443],[0.858639,47.443413],[0.857266,47.443195],[0.855582,47.443111],[0.855743,47.443844],[0.85659,47.444946],[0.857288,47.445122],[0.857019,47.446163],[0.856547,47.446533],[0.854906,47.446442],[0.854573,47.446606],[0.853951,47.447456],[0.853103,47.448021],[0.852588,47.448219],[0.852009,47.448769],[0.851011,47.448971],[0.850432,47.449242],[0.850121,47.449677],[0.84967,47.45015],[0.849413,47.450539],[0.84923,47.450981],[0.848608,47.451775],[0.8476,47.451694],[0.846441,47.451839],[0.844188,47.452358],[0.842342,47.451706],[0.842074,47.451221],[0.842417,47.450344],[0.842257,47.450104],[0.84201,47.450306],[0.84201,47.449623],[0.840594,47.449772],[0.839885,47.449604],[0.839145,47.449177],[0.837686,47.448727],[0.836442,47.448334],[0.836828,47.447914],[0.836356,47.447208],[0.836506,47.446884],[0.837761,47.446388],[0.837182,47.445477],[0.83656,47.44437],[0.836463,47.443748],[0.836184,47.443401],[0.836045,47.443539],[0.833008,47.444466],[0.831946,47.445198],[0.830348,47.446259],[0.829146,47.446362],[0.826839,47.446026],[0.825187,47.445236],[0.827097,47.444672],[0.828105,47.444584],[0.828384,47.444145],[0.827612,47.442348],[0.828524,47.441425],[0.828738,47.440651],[0.827097,47.440178],[0.827011,47.439838],[0.826271,47.439243],[0.82612,47.438721],[0.827311,47.43565],[0.826968,47.435184],[0.826646,47.435104],[0.826592,47.434757],[0.826946,47.432713],[0.827461,47.431316],[0.827515,47.430649],[0.828202,47.429352],[0.828727,47.427906],[0.828631,47.427448],[0.828116,47.426918],[0.828545,47.425472],[0.829511,47.424355],[0.829961,47.422977],[0.828985,47.422043],[0.828384,47.420841],[0.827891,47.419254],[0.827805,47.418491],[0.828009,47.417809],[0.82818,47.416065],[0.829951,47.415878],[0.829811,47.415138],[0.83082,47.414848],[0.831292,47.41452],[0.833169,47.414448],[0.834146,47.41457],[0.836581,47.414658],[0.837203,47.414482],[0.838308,47.41486],[0.838941,47.414455],[0.838931,47.41357],[0.838276,47.413437],[0.837547,47.413525],[0.836678,47.413517],[0.835937,47.41317],[0.835884,47.412472],[0.835959,47.411972],[0.835927,47.411602],[0.836345,47.410107],[0.832204,47.409401],[0.828202,47.409382],[0.826174,47.409153],[0.823535,47.409206],[0.820595,47.409302],[0.817677,47.409191],[0.814362,47.409206],[0.810403,47.409554],[0.807506,47.409546],[0.804298,47.409714],[0.803386,47.410187],[0.802324,47.409901],[0.801659,47.409954],[0.801766,47.41177],[0.802259,47.411781],[0.802184,47.41251],[0.799223,47.412342],[0.799116,47.411987],[0.797893,47.412247],[0.796123,47.411827],[0.793977,47.411804],[0.792292,47.411411],[0.789278,47.411449],[0.784836,47.411137],[0.783398,47.4114],[0.781907,47.411537],[0.781671,47.41103],[0.779929,47.410849],[0.779646,47.410987],[0.780668,47.411206],[0.779793,47.412661],[0.778688,47.412481],[0.77798,47.412539],[0.777561,47.41283],[0.777132,47.413171],[0.775684,47.413502],[0.773453,47.413403],[0.773774,47.411781],[0.771554,47.41169],[0.766994,47.411137],[0.765975,47.411709],[0.764934,47.412022],[0.764344,47.413708],[0.763228,47.41362],[0.761844,47.41362],[0.760471,47.413357],[0.759087,47.412907],[0.758797,47.41259],[0.758947,47.411346],[0.758829,47.410767],[0.759902,47.409969],[0.759763,47.408958],[0.760127,47.40884],[0.76031,47.408466],[0.760031,47.408169],[0.759355,47.408108],[0.758411,47.40781],[0.757198,47.407784],[0.755342,47.407608],[0.75399,47.407368],[0.750439,47.406521],[0.746791,47.406055],[0.74574,47.405857],[0.744517,47.405697],[0.741888,47.405102],[0.73927,47.404964],[0.738358,47.404819],[0.736846,47.404747],[0.734915,47.404327],[0.732898,47.404572],[0.732554,47.404789],[0.727758,47.403984],[0.725548,47.403358],[0.724561,47.403259],[0.723327,47.402977],[0.721665,47.402474],[0.720023,47.401997],[0.717995,47.401653],[0.716922,47.401478],[0.715742,47.401508],[0.714852,47.401398],[0.714079,47.401306],[0.710785,47.401306],[0.709541,47.400928],[0.707738,47.4002],[0.705453,47.400471],[0.704434,47.400513],[0.702728,47.400753],[0.702084,47.400799],[0.700636,47.400936],[0.697932,47.401241],[0.696108,47.401695],[0.694242,47.401951],[0.693362,47.401958],[0.692858,47.397556],[0.693909,47.394858],[0.692525,47.394757],[0.693443,47.392935],[0.693716,47.39213],[0.693587,47.390831],[0.693587,47.390831],[0.688904,47.390204],[0.695942,47.372392],[0.692853,47.371825],[0.69075,47.371738],[0.68884,47.371956],[0.687209,47.372144],[0.684548,47.371956],[0.682617,47.371926],[0.682317,47.370008],[0.683197,47.369965],[0.684827,47.370124],[0.686523,47.37027],[0.694934,47.369194],[0.696307,47.369253],[0.699183,47.369572],[0.699183,47.369572],[0.699466,47.369614],[0.702567,47.369713],[0.706569,47.369682],[0.707996,47.369911],[0.709509,47.370316],[0.713661,47.371937],[0.714734,47.37212],[0.716439,47.372177],[0.718049,47.372074],[0.718242,47.372017],[0.719014,47.372105],[0.721911,47.371937],[0.722255,47.371689],[0.722373,47.371044],[0.723885,47.37009],[0.728434,47.370579],[0.729443,47.370533],[0.72955,47.370674],[0.735526,47.369278],[0.735505,47.369053],[0.735558,47.368725],[0.735762,47.36853],[0.738358,47.36861],[0.738219,47.368385],[0.737822,47.368252],[0.737768,47.367996],[0.738165,47.367527],[0.738251,47.366966],[0.740837,47.367229],[0.743701,47.367191],[0.745118,47.366711],[0.746083,47.366646],[0.74825,47.366299],[0.749935,47.366219],[0.749527,47.364269],[0.751812,47.362782],[0.751212,47.362003],[0.751394,47.361122],[0.749978,47.360821],[0.749989,47.360359],[0.749806,47.360043],[0.749956,47.358776],[0.749742,47.357918],[0.749152,47.35714],[0.748347,47.356438],[0.748047,47.35603],[0.748465,47.355515],[0.749474,47.355652],[0.750031,47.355572],[0.750611,47.354961],[0.751405,47.354424],[0.752413,47.353085],[0.75237,47.352226],[0.753239,47.351414],[0.754162,47.350338],[0.754505,47.349567],[0.754516,47.349583],[0.754924,47.349422],[0.755342,47.349117],[0.75928,47.348083],[0.759752,47.347874],[0.762005,47.348644],[0.763024,47.344967],[0.763206,47.344673],[0.763206,47.344364],[0.763646,47.343765],[0.762563,47.343323],[0.762595,47.342762],[0.762917,47.342728],[0.763046,47.342449],[0.762906,47.342152],[0.762509,47.342052],[0.762595,47.341148],[0.763003,47.340343],[0.764784,47.3372],[0.765846,47.335094],[0.766565,47.332184],[0.766414,47.331013],[0.763754,47.325348],[0.763357,47.32513],[0.762895,47.325066],[0.762209,47.324696],[0.761533,47.323959],[0.760717,47.323189],[0.759087,47.322067],[0.756243,47.319435],[0.753765,47.315937],[0.753282,47.31543],[0.75237,47.314816],[0.749731,47.311695],[0.749613,47.311363],[0.748755,47.310787],[0.747864,47.310291],[0.746373,47.30806],[0.745536,47.306087],[0.744485,47.304821],[0.74235,47.302967],[0.74133,47.302383],[0.740225,47.301357],[0.739485,47.299503],[0.739002,47.297745],[0.738219,47.29631],[0.737414,47.295326],[0.736299,47.29377],[0.735837,47.292175],[0.734078,47.291283],[0.736803,47.286873],[0.735515,47.286274],[0.733885,47.285328],[0.732994,47.284542],[0.731943,47.283794],[0.732458,47.282921],[0.73191,47.282265],[0.730484,47.281769],[0.730666,47.280869],[0.727555,47.280396],[0.727576,47.28019],[0.72616,47.280148],[0.725623,47.280212],[0.72558,47.279839],[0.72498,47.279339],[0.724561,47.278122],[0.723789,47.278641],[0.723295,47.279163],[0.723081,47.279678],[0.722834,47.279942],[0.722802,47.28027],[0.721278,47.280575],[0.721568,47.279213],[0.721836,47.278515],[0.720377,47.277802],[0.720162,47.277344],[0.720173,47.277073],[0.719916,47.27663],[0.719604,47.274651],[0.719304,47.273609],[0.719014,47.273506],[0.717963,47.273594],[0.717705,47.273827],[0.716107,47.273705],[0.715495,47.273544],[0.71394,47.272968],[0.712652,47.272133],[0.713886,47.270508],[0.71438,47.269619],[0.715313,47.2686],[0.715903,47.267391],[0.71615,47.267029],[0.716053,47.266541],[0.716203,47.266285],[0.714927,47.264648],[0.714734,47.263336],[0.714777,47.26194],[0.714648,47.261539],[0.713907,47.261372],[0.711493,47.259979],[0.711762,47.259274],[0.709637,47.257488],[0.706419,47.251736],[0.706108,47.250675],[0.705378,47.249466],[0.703919,47.248569],[0.703704,47.247795],[0.70467,47.245373],[0.701151,47.245407],[0.699735,47.244301],[0.698715,47.242737],[0.6979,47.242218],[0.696763,47.241688],[0.695304,47.241383],[0.695819,47.240814],[0.695872,47.240376],[0.695454,47.239014],[0.695014,47.238583],[0.695347,47.238007],[0.695636,47.237797],[0.695604,47.237518],[0.695282,47.237171],[0.694048,47.231136],[0.690905,47.228733],[0.689521,47.225777],[0.689027,47.222477],[0.686946,47.218956],[0.688512,47.218666],[0.691237,47.217907],[0.692396,47.217857],[0.693072,47.21809],[0.697396,47.218075],[0.698179,47.217659],[0.699316,47.21677],[0.700818,47.216026],[0.700679,47.215721],[0.701097,47.21537],[0.701827,47.21349],[0.702041,47.212463],[0.704037,47.21056],[0.703543,47.210072],[0.708039,47.207981],[0.711815,47.206684],[0.710925,47.20575],[0.710549,47.204651],[0.709916,47.203819],[0.705496,47.200386],[0.70924,47.198433],[0.70924,47.198433],[0.707487,47.196934],[0.704933,47.194499],[0.700577,47.191467],[0.697573,47.188098],[0.696586,47.188667],[0.679613,47.177714],[0.681378,47.177067],[0.679822,47.173592],[0.675187,47.166164],[0.67258,47.164181],[0.67288,47.162224],[0.672494,47.160904],[0.663933,47.160313],[0.662774,47.159985],[0.658514,47.157738],[0.657538,47.157394],[0.656937,47.157257],[0.656379,47.156914],[0.655693,47.156464],[0.654266,47.157368],[0.652946,47.15773],[0.651165,47.155579],[0.650822,47.154713],[0.650532,47.154472],[0.649663,47.154148],[0.649277,47.153675],[0.649019,47.153221],[0.648226,47.152954],[0.647753,47.152691],[0.646284,47.152325],[0.646251,47.152149],[0.646316,47.151917],[0.645576,47.151684],[0.644674,47.151299],[0.643001,47.150867],[0.641263,47.150566],[0.638634,47.149532],[0.638151,47.149239],[0.637743,47.149639],[0.636252,47.149143],[0.62975,47.146591],[0.629128,47.141636],[0.625942,47.142021],[0.623549,47.141933],[0.623238,47.140549],[0.622455,47.140343],[0.623925,47.139069],[0.623817,47.138783],[0.622981,47.138145],[0.622487,47.137321],[0.622863,47.137112],[0.623581,47.137081],[0.624665,47.13689],[0.624955,47.136745],[0.624944,47.136299],[0.625008,47.135914],[0.624965,47.135227],[0.624708,47.134533],[0.624204,47.133572],[0.623946,47.132084],[0.623506,47.130672],[0.622863,47.12933],[0.622026,47.128113],[0.620459,47.127602],[0.617466,47.127274],[0.614762,47.127205],[0.61458,47.126972],[0.614483,47.126446],[0.612499,47.125782],[0.613099,47.124519],[0.616618,47.121426],[0.617906,47.119846],[0.618292,47.118877],[0.618292,47.118877],[0.619854,47.117151],[0.618824,47.115471],[0.621635,47.113734],[0.621506,47.113456],[0.622192,47.113018],[0.622064,47.112434],[0.621162,47.111748],[0.620476,47.111777],[0.619274,47.111339],[0.618292,47.11076],[0.618292,47.11076],[0.618335,47.110585],[0.61752,47.109329],[0.617262,47.109329],[0.617262,47.10838],[0.617391,47.107343],[0.616533,47.107518],[0.615932,47.107562],[0.614666,47.107869],[0.613979,47.108613],[0.612885,47.105035],[0.612048,47.101661],[0.61134,47.101442],[0.61046,47.101282],[0.608915,47.098521],[0.60825,47.097864],[0.607735,47.097177],[0.606759,47.096584],[0.608389,47.095642],[0.602649,47.090374],[0.60222,47.090221],[0.599592,47.087234],[0.598551,47.084209],[0.597864,47.083668],[0.596931,47.083302],[0.59618,47.082836],[0.595922,47.082253],[0.595257,47.081734],[0.596459,47.080578],[0.597875,47.077759],[0.599892,47.075981],[0.601104,47.075199],[0.601587,47.07476],[0.603497,47.074543],[0.604098,47.074368],[0.607252,47.074226],[0.607606,47.074505],[0.609258,47.073776],[0.609934,47.072594],[0.610181,47.071941],[0.609677,47.07151],[0.610664,47.070961],[0.612026,47.070442],[0.614269,47.070129],[0.616339,47.069691],[0.616511,47.067177],[0.617369,47.067303],[0.619537,47.067059],[0.621275,47.067017],[0.62326,47.066761],[0.624676,47.06662],[0.626521,47.066036],[0.628345,47.064392],[0.625963,47.063122],[0.626425,47.060307],[0.622873,47.056396],[0.624783,47.055313],[0.624279,47.054993],[0.625448,47.054138],[0.625792,47.053978],[0.626521,47.052887],[0.626897,47.05172],[0.625352,47.051003],[0.615588,47.04826],[0.614569,47.047852],[0.615031,47.046749],[0.616028,47.04517],[0.61855,47.043003],[0.617595,47.04245],[0.614312,47.041519],[0.615277,47.040138],[0.6159,47.038456],[0.617563,47.03746],[0.619386,47.035831],[0.612037,47.030602],[0.607456,47.027348],[0.606201,47.025665],[0.605761,47.025394],[0.607595,47.024315],[0.606962,47.023788],[0.606415,47.023853],[0.605471,47.023464],[0.604795,47.02269],[0.604784,47.022266],[0.604956,47.022068],[0.604945,47.021652],[0.604935,47.021557],[0.606372,47.02029],[0.607971,47.019039],[0.605278,47.017006],[0.604366,47.016064],[0.604452,47.014549],[0.604516,47.013927],[0.604323,47.013329],[0.603175,47.013432],[0.602038,47.008186],[0.600793,47.008198],[0.600021,47.004784],[0.599946,47.00338],[0.600278,47.002171],[0.600214,47.001583],[0.600708,47.001495],[0.604806,46.998379],[0.604913,46.99794],[0.606158,46.997532],[0.601062,46.996456],[0.600386,46.99641],[0.599881,46.996529],[0.599667,46.996521],[0.599302,46.993515],[0.599366,46.99263],[0.600665,46.989594],[0.601845,46.989571],[0.603025,46.986942],[0.606008,46.987175],[0.610685,46.98708],[0.617799,46.985786],[0.618078,46.98534],[0.617509,46.984505],[0.617198,46.983398],[0.616972,46.982578],[0.617005,46.980251],[0.617369,46.979645],[0.617305,46.97908],[0.616876,46.978615],[0.615985,46.975868],[0.615438,46.974785],[0.615395,46.973415],[0.614033,46.972843],[0.612069,46.972809],[0.611297,46.972897],[0.609409,46.972748],[0.608143,46.9725],[0.60884,46.969696],[0.608926,46.968559],[0.609248,46.96611],[0.609269,46.962902],[0.609291,46.958897],[0.609398,46.957855],[0.610664,46.95787],[0.612091,46.958458],[0.615674,46.959312],[0.618228,46.960274],[0.622433,46.951675],[0.623646,46.948158],[0.62621,46.948277],[0.627455,46.947796],[0.627186,46.943691],[0.632143,46.943466],[0.632744,46.943649],[0.632937,46.943501],[0.63195,46.942242],[0.631446,46.941189],[0.631038,46.940712],[0.630834,46.940067],[0.629869,46.938629],[0.62915,46.936806],[0.629096,46.935436],[0.629214,46.934769],[0.629064,46.933811],[0.629547,46.9314],[0.630169,46.929005],[0.630684,46.928265],[0.631263,46.927906],[0.632551,46.926147],[0.635136,46.926044],[0.635716,46.926163],[0.63637,46.925751],[0.637282,46.925625],[0.638183,46.925415],[0.639492,46.925282],[0.639031,46.92326],[0.641659,46.922665],[0.648698,46.917389],[0.646327,46.916752],[0.645082,46.916161],[0.64402,46.915588],[0.642357,46.914825],[0.64049,46.914627],[0.639117,46.914108],[0.637743,46.913925],[0.634686,46.913376],[0.632486,46.913139],[0.632401,46.912987],[0.632197,46.912243],[0.631446,46.912156],[0.630555,46.911857],[0.629075,46.911278],[0.627294,46.910927],[0.624783,46.909805],[0.624987,46.909576],[0.623914,46.909225],[0.623249,46.909168],[0.622509,46.909409],[0.622476,46.908264],[0.622079,46.907696],[0.620438,46.907604],[0.619032,46.907784],[0.618335,46.90782],[0.613453,46.906559],[0.611748,46.905605],[0.610889,46.905437],[0.608636,46.905312],[0.607166,46.905304],[0.606329,46.905502],[0.6056,46.903576],[0.60443,46.902184],[0.603358,46.900772],[0.602832,46.898621],[0.602542,46.897732],[0.602092,46.896763],[0.601062,46.895267],[0.599935,46.894501],[0.599678,46.893471],[0.599924,46.892525],[0.599903,46.89114],[0.599828,46.89048],[0.599635,46.889915],[0.599806,46.889206],[0.599742,46.887959],[0.598927,46.888008],[0.597628,46.887817],[0.59662,46.887402],[0.596008,46.887329],[0.59456,46.887356],[0.592414,46.887058],[0.591974,46.88707],[0.590022,46.886257],[0.589807,46.885654],[0.589442,46.885334],[0.58764,46.886139],[0.587018,46.88496],[0.586953,46.884151],[0.586256,46.883442],[0.58602,46.8829],[0.582554,46.880566],[0.578424,46.878323],[0.578402,46.878315],[0.577544,46.877415],[0.575742,46.874889],[0.574164,46.873386],[0.573435,46.872391],[0.57307,46.871708],[0.571697,46.87022],[0.570495,46.86845],[0.567995,46.865429],[0.567695,46.863853],[0.566472,46.862442],[0.563983,46.858475],[0.561397,46.855343],[0.559734,46.852921],[0.558822,46.85215],[0.558457,46.851555],[0.557567,46.851498],[0.55702,46.851341],[0.551409,46.851784],[0.549552,46.845016],[0.541162,46.846104],[0.540347,46.84462],[0.538985,46.839241],[0.538555,46.839184],[0.537461,46.83754],[0.537847,46.83654],[0.539886,46.835823],[0.541999,46.833122],[0.542783,46.830639],[0.54274,46.828812],[0.541109,46.828812],[0.541323,46.826565],[0.540776,46.824577],[0.541248,46.822464],[0.540712,46.820633],[0.540283,46.820099],[0.539478,46.818058],[0.538416,46.816772],[0.540369,46.816154],[0.539671,46.815098],[0.539843,46.814709],[0.539167,46.814651],[0.538341,46.813114],[0.537997,46.811039],[0.537515,46.810642],[0.536753,46.810429],[0.536125,46.808127],[0.535669,46.80703],[0.53539,46.804531],[0.535734,46.803951],[0.536517,46.802353],[0.537139,46.801697],[0.538427,46.800686],[0.541366,46.797688],[0.542922,46.798363],[0.544714,46.797829],[0.545744,46.797703],[0.546645,46.797806],[0.546817,46.797195],[0.54746,46.796734],[0.547138,46.795387],[0.54657,46.795666],[0.545433,46.795982],[0.543705,46.796165],[0.54348,46.795902],[0.543931,46.794712],[0.544488,46.794559],[0.544038,46.792538],[0.544242,46.792126],[0.546291,46.791737],[0.546173,46.790539],[0.546752,46.788101],[0.543405,46.78698],[0.542343,46.782379],[0.542364,46.78072],[0.542654,46.779652],[0.542772,46.778641],[0.543072,46.777668],[0.543244,46.77562],[0.543351,46.774437],[0.542965,46.773064],[0.542396,46.772423],[0.541581,46.772282],[0.540905,46.772415],[0.537987,46.77335],[0.534725,46.77243],[0.533856,46.771946],[0.533545,46.771622],[0.532697,46.771873],[0.530884,46.770599],[0.529361,46.769962],[0.525863,46.768894],[0.524136,46.768227],[0.523202,46.767712],[0.522441,46.767006],[0.522012,46.766766],[0.52066,46.765808],[0.519168,46.765141],[0.518042,46.764572],[0.515596,46.763672],[0.513246,46.762516],[0.51301,46.761906],[0.512956,46.761288],[0.512044,46.759686],[0.511497,46.759209],[0.507517,46.754261],[0.505124,46.751896],[0.503236,46.749123],[0.504508,46.748091],[0.505192,46.746932],[0.506519,46.745537],[0.509394,46.742573],[0.511165,46.741112],[0.511969,46.74062],[0.510671,46.739265],[0.510612,46.739005],[0.510296,46.738745],[0.50977,46.738546],[0.509255,46.73736],[0.509588,46.737087],[0.509523,46.736698],[0.509834,46.73645],[0.510006,46.736322],[0.510167,46.735352],[0.509298,46.735565],[0.508461,46.734119],[0.508182,46.733097],[0.507753,46.73267],[0.506272,46.732407],[0.505757,46.731277],[0.503633,46.731529],[0.501766,46.731544],[0.500758,46.731686],[0.499803,46.731617],[0.497946,46.732162],[0.496231,46.732588],[0.494878,46.73333],[0.491848,46.734532],[0.48931,46.73563],[0.48843,46.734859],[0.488141,46.734375],[0.487862,46.734264],[0.487154,46.73436],[0.486778,46.734249],[0.486692,46.733677],[0.486252,46.733322],[0.481671,46.731293],[0.480212,46.729843],[0.479171,46.728722],[0.482444,46.727184],[0.484557,46.72464],[0.483345,46.724405],[0.482422,46.72402],[0.481167,46.723353],[0.479857,46.722367],[0.477476,46.719791],[0.476607,46.719357],[0.476296,46.718548],[0.476607,46.717358],[0.476264,46.716328],[0.476264,46.716011],[0.475191,46.715813],[0.474601,46.715591],[0.473592,46.716076],[0.472788,46.715981],[0.471865,46.715973],[0.465953,46.709553],[0.46428,46.708477],[0.460449,46.705463],[0.458733,46.70647],[0.458647,46.707699],[0.458003,46.708897],[0.457681,46.709671],[0.45693,46.711208],[0.456748,46.712048],[0.456834,46.712547],[0.455493,46.71125],[0.454259,46.709553],[0.452671,46.707874],[0.45015,46.709087],[0.448251,46.707947],[0.446202,46.70713],[0.445365,46.708008],[0.444506,46.70858],[0.443981,46.708302],[0.443498,46.706608],[0.443552,46.705166],[0.443391,46.704556],[0.442886,46.70385],[0.441985,46.703087],[0.441695,46.702473],[0.441449,46.701725],[0.441277,46.700871],[0.440462,46.699677],[0.440183,46.698875],[0.440172,46.698273],[0.442865,46.696537],[0.441492,46.695023],[0.440955,46.69413],[0.439721,46.693211],[0.438488,46.692017],[0.4372,46.690907],[0.43484,46.68856],[0.432512,46.685947],[0.431074,46.684834],[0.42852,46.682449],[0.424647,46.678837],[0.420871,46.675354],[0.418274,46.673439],[0.416129,46.671181],[0.413318,46.668259],[0.409724,46.664387],[0.407449,46.662544],[0.405207,46.660042],[0.404263,46.658722],[0.40246,46.656994],[0.400239,46.654686],[0.397053,46.651558],[0.395658,46.650639],[0.391463,46.648399],[0.387826,46.646622],[0.386378,46.645519],[0.385906,46.644588],[0.385015,46.643589],[0.383277,46.640621],[0.382622,46.638836],[0.382504,46.637409],[0.38038,46.631847],[0.378578,46.628345],[0.377687,46.625908],[0.376174,46.623085],[0.375434,46.622025],[0.374479,46.621044],[0.37346,46.620239],[0.372645,46.619122],[0.372763,46.618259],[0.371464,46.617573],[0.370713,46.617104],[0.370188,46.61655],[0.369169,46.615997],[0.368578,46.615364],[0.367945,46.615082],[0.36684,46.613895],[0.366722,46.61282],[0.367227,46.612053],[0.368096,46.612354],[0.369447,46.611698],[0.371046,46.611309],[0.37066,46.610462],[0.37008,46.607449],[0.36949,46.606144],[0.368353,46.604557],[0.367495,46.602825],[0.36684,46.601719],[0.366808,46.600609],[0.364952,46.598137],[0.363922,46.595963],[0.363439,46.595257],[0.363547,46.594494],[0.363203,46.593323],[0.361927,46.591324],[0.359899,46.589489],[0.35815,46.587269],[0.357646,46.587292],[0.35668,46.586613],[0.356401,46.586216],[0.356369,46.586178],[0.35623,46.585892],[0.355618,46.585278],[0.35535,46.584328],[0.354282,46.584049],[0.354084,46.58337],[0.354089,46.582584],[0.353939,46.582047],[0.354116,46.580849],[0.354105,46.578983],[0.353644,46.577618],[0.35358,46.576771],[0.353322,46.576336],[0.351809,46.577396],[0.351423,46.577145],[0.351241,46.576828],[0.34638,46.575222],[0.346241,46.574799],[0.345608,46.574535],[0.334643,46.571598],[0.334042,46.571178],[0.333731,46.569889],[0.332937,46.569447],[0.333205,46.569107],[0.33018,46.567684],[0.329686,46.566895],[0.329193,46.566414],[0.330427,46.565868],[0.330437,46.564747],[0.329794,46.563927],[0.330727,46.563728],[0.331886,46.563892],[0.333077,46.563648],[0.334632,46.563026],[0.337089,46.563213],[0.337154,46.562256],[0.336971,46.562012],[0.33695,46.561459],[0.337207,46.560947],[0.337411,46.560314],[0.338452,46.559326],[0.339085,46.558231],[0.33857,46.557594],[0.33916,46.556957],[0.339299,46.556381],[0.339181,46.556011],[0.338634,46.555511],[0.33784,46.554913],[0.337647,46.554176],[0.337658,46.553341],[0.337379,46.553238],[0.337411,46.55143],[0.337164,46.550125],[0.336059,46.550205],[0.333806,46.549706],[0.333045,46.549248],[0.331875,46.548435],[0.33092,46.548222],[0.328957,46.548103],[0.328227,46.547977],[0.327133,46.548126],[0.326586,46.548294],[0.326543,46.548458],[0.325727,46.548466],[0.325148,46.548412],[0.325009,46.547813],[0.324408,46.547291],[0.325985,46.546581],[0.326006,46.546261],[0.326639,46.545544],[0.326725,46.544914],[0.327004,46.544312],[0.326983,46.54343],[0.327272,46.542747],[0.327047,46.542068],[0.327594,46.542046],[0.328152,46.540974],[0.328527,46.540634],[0.329343,46.539605],[0.330158,46.538841],[0.331446,46.538673],[0.333216,46.53812],[0.336413,46.537197],[0.336692,46.536835],[0.335147,46.535294],[0.334418,46.534893],[0.333023,46.534554],[0.332648,46.534576],[0.33136,46.534294],[0.331328,46.534016],[0.331843,46.533218],[0.332122,46.532318],[0.332454,46.532112],[0.331714,46.531868],[0.329815,46.531815],[0.328302,46.53141],[0.326736,46.530628],[0.325974,46.529984],[0.326221,46.528568],[0.327079,46.526531],[0.327777,46.52597],[0.328023,46.525078],[0.329107,46.523136],[0.329697,46.522442],[0.330137,46.521999],[0.330491,46.521305],[0.329708,46.520626],[0.329279,46.519096],[0.328689,46.51799],[0.328732,46.517651],[0.327938,46.517467],[0.32709,46.516758],[0.326629,46.516056],[0.326082,46.515759],[0.325685,46.515724],[0.324676,46.515148],[0.323592,46.514832],[0.32267,46.514385],[0.320706,46.514076],[0.318797,46.513332],[0.317209,46.513199],[0.316039,46.512852],[0.315299,46.512882],[0.314698,46.512821],[0.3134,46.513065],[0.310943,46.511971],[0.310396,46.512096],[0.309656,46.512054],[0.308572,46.511765],[0.302446,46.514025],[0.300965,46.513952],[0.300815,46.51368],[0.298884,46.513943],[0.29765,46.514446],[0.297865,46.514587],[0.297704,46.516209],[0.297006,46.516972],[0.296921,46.51725],[0.294067,46.518715],[0.296277,46.520336],[0.297199,46.521313],[0.298272,46.521778],[0.299195,46.5219],[0.300171,46.521355],[0.300504,46.521984],[0.301266,46.522491],[0.302371,46.522751],[0.302671,46.523003],[0.302457,46.523754],[0.302575,46.524021],[0.302156,46.524929],[0.301577,46.525631],[0.301684,46.526081],[0.301384,46.526569],[0.301824,46.527233],[0.301749,46.527504],[0.301073,46.528191],[0.30118,46.528866],[0.303776,46.529099],[0.304849,46.529091],[0.306008,46.529404],[0.305997,46.529518],[0.304989,46.529587],[0.303851,46.530251],[0.30369,46.53141],[0.303165,46.531811],[0.301802,46.532318],[0.300354,46.53352],[0.297554,46.535248],[0.297511,46.535564],[0.296985,46.536098],[0.296695,46.536472],[0.295826,46.535965],[0.294957,46.53587],[0.294474,46.536045],[0.292575,46.537457],[0.2897,46.535904],[0.289164,46.536423],[0.288069,46.536503],[0.287758,46.537041],[0.286943,46.535824],[0.284443,46.534412],[0.28293,46.534885],[0.282587,46.534725],[0.281814,46.534576],[0.2816,46.534843],[0.280033,46.534599],[0.27999,46.534252],[0.278649,46.534039],[0.277512,46.533566],[0.276289,46.532928],[0.275485,46.532639],[0.274938,46.53232],[0.2738,46.531942],[0.272845,46.531276],[0.272347,46.53058],[0.271976,46.529883],[0.271531,46.529465],[0.270742,46.529193],[0.269218,46.528058],[0.267893,46.526755],[0.267212,46.526573],[0.266762,46.526703],[0.265871,46.526936],[0.265464,46.527313],[0.265131,46.526878],[0.263726,46.52684],[0.261869,46.525719],[0.261301,46.525875],[0.259638,46.525436],[0.25952,46.525223],[0.257374,46.525452],[0.256108,46.525906],[0.254745,46.525925],[0.253683,46.526398],[0.252203,46.526817],[0.251999,46.526493],[0.251237,46.525948],[0.249403,46.524975],[0.248973,46.524532],[0.246302,46.520786],[0.244435,46.518684],[0.243663,46.51717],[0.244671,46.515923],[0.245508,46.515316],[0.24671,46.51503],[0.247085,46.514629],[0.242225,46.510458],[0.241088,46.509846],[0.240283,46.50864],[0.239285,46.507851],[0.23788,46.507092],[0.238105,46.505939],[0.238266,46.50552],[0.23833,46.504032],[0.237697,46.501892],[0.235476,46.502003],[0.234232,46.50219],[0.233041,46.502106],[0.230166,46.502316],[0.226132,46.501411],[0.22419,46.501656],[0.22301,46.50148],[0.221604,46.500992],[0.220993,46.501537],[0.220242,46.501862],[0.219544,46.502335],[0.218536,46.502666],[0.217613,46.503296],[0.216497,46.502106],[0.211197,46.49958],[0.211358,46.49938],[0.205854,46.496937],[0.205092,46.497475],[0.200801,46.493118],[0.19917,46.491802],[0.197872,46.491123],[0.194943,46.488682],[0.191553,46.48695],[0.190566,46.487034],[0.189675,46.486706],[0.186403,46.485962],[0.184761,46.484707],[0.184321,46.484158],[0.18357,46.484425],[0.182176,46.484402],[0.18048,46.483692],[0.179214,46.482933],[0.177433,46.48262],[0.175824,46.48217],[0.174891,46.482098],[0.172713,46.482388],[0.169795,46.48251],[0.167595,46.482365],[0.166329,46.480049],[0.165256,46.478886],[0.164205,46.477776],[0.163443,46.476315],[0.159506,46.475513],[0.158004,46.47485],[0.154957,46.473942],[0.155439,46.473186],[0.155965,46.472687],[0.156373,46.471382],[0.156534,46.470451],[0.159334,46.469913],[0.161394,46.468983],[0.162907,46.467823],[0.164098,46.466564],[0.165642,46.465427],[0.164323,46.46389],[0.164838,46.463093],[0.164355,46.461998],[0.164495,46.461422],[0.164934,46.460846],[0.164806,46.460617],[0.164258,46.46027],[0.16428,46.459854],[0.164623,46.459354],[0.164537,46.459023],[0.164258,46.458733],[0.164602,46.457623],[0.164269,46.457203],[0.164044,46.456966],[0.162585,46.457165],[0.161072,46.457493],[0.157371,46.457596],[0.155697,46.457363],[0.153272,46.456383],[0.152189,46.455814],[0.155632,46.454056],[0.153905,46.453152],[0.152457,46.451092],[0.151287,46.450085],[0.14942,46.450722],[0.146137,46.452057],[0.143359,46.453663],[0.144442,46.454521],[0.143251,46.455208],[0.142758,46.455021],[0.142372,46.455097],[0.140086,46.452625],[0.138295,46.451424],[0.137393,46.451103],[0.135001,46.449783],[0.133392,46.447643],[0.134357,46.446922],[0.13557,46.446404],[0.135795,46.445854],[0.130173,46.438271],[0.129733,46.438435],[0.12748,46.436771],[0.125678,46.436546],[0.124691,46.43626],[0.123607,46.435867],[0.122984,46.435766],[0.122984,46.435766],[0.120957,46.434405],[0.119753,46.43283],[0.11872,46.432527],[0.118114,46.43198],[0.11894,46.431343],[0.120238,46.430786],[0.118082,46.42857],[0.118049,46.427902],[0.118618,46.426365],[0.119841,46.425391],[0.121011,46.424133],[0.120249,46.423431],[0.119551,46.422604],[0.11894,46.421661],[0.117996,46.420959],[0.116644,46.420055],[0.115968,46.419369],[0.115399,46.418941],[0.112481,46.419708],[0.112202,46.419228],[0.109295,46.420574],[0.108469,46.419785],[0.10717,46.418755],[0.104864,46.417305],[0.105937,46.416428],[0.105819,46.416382],[0.105625,46.415604],[0.104735,46.414719],[0.104896,46.410603],[0.101967,46.406929],[0.100733,46.405472],[0.099177,46.404251],[0.097418,46.402496],[0.095465,46.400166],[0.094768,46.398872],[0.093802,46.397766],[0.092032,46.396496],[0.091087,46.395488],[0.09038,46.394341],[0.0892,46.39278],[0.087601,46.390881],[0.08612,46.38966],[0.08435,46.388348],[0.083524,46.388046],[0.082998,46.38752],[0.082204,46.386009],[0.081646,46.384396],[0.080338,46.383018],[0.078739,46.381783],[0.077248,46.380672],[0.075209,46.379528],[0.074179,46.378662],[0.072109,46.377327],[0.071357,46.37664],[0.069684,46.375641],[0.068235,46.375099],[0.067742,46.374619],[0.067313,46.37384],[0.066744,46.373337],[0.066315,46.373028],[0.065274,46.37257],[0.064609,46.372086],[0.06374,46.371754],[0.062302,46.371109],[0.060714,46.370739],[0.059438,46.370266],[0.058376,46.37006],[0.056251,46.369858],[0.055264,46.369335],[0.051155,46.366219],[0.048709,46.364693],[0.046853,46.363834],[0.046134,46.364883],[0.044557,46.366669],[0.042593,46.368134],[0.039836,46.366165],[0.037165,46.36507],[0.034279,46.362972],[0.034697,46.36245],[0.035223,46.362183],[0.035491,46.361862],[0.034461,46.360775],[0.033592,46.360027],[0.032712,46.358719],[0.032465,46.358082],[0.024623,46.356926],[0.02414,46.356171],[0.019838,46.351215],[0.018915,46.35157],[0.018432,46.351505],[0.018003,46.350143],[0.017359,46.348061],[0.016769,46.347565],[0.017467,46.347233],[0.01707,46.346958],[0.016823,46.346977],[0.016093,46.346756],[0.016909,46.346416],[0.01663,46.346226],[0.015857,46.344639],[0.015192,46.343307],[0.013958,46.342438],[0.013143,46.342003],[0.011147,46.339447],[0.010171,46.337914],[0.009238,46.336945],[0.007424,46.334602],[0.004742,46.332848],[0.003036,46.330528],[0.002671,46.329735],[-0.009828,46.333706],[-0.011898,46.332878],[-0.012585,46.33181],[-0.014967,46.331738],[-0.015954,46.331211],[-0.017112,46.331371],[-0.018153,46.331371],[-0.019484,46.330593],[-0.019923,46.330589],[-0.022906,46.329811],[-0.026243,46.328159],[-0.02811,46.327492],[-0.029032,46.326824],[-0.029258,46.327019],[-0.032133,46.327469],[-0.032594,46.325863],[-0.033807,46.32555],[-0.034976,46.324181],[-0.036446,46.324432],[-0.036821,46.32415],[-0.038205,46.323837],[-0.038978,46.32357],[-0.03989,46.323372],[-0.041413,46.322247],[-0.042937,46.321476],[-0.043838,46.320721],[-0.044235,46.320179],[-0.044181,46.319378],[-0.044374,46.318756],[-0.044922,46.318497],[-0.04548,46.318554],[-0.04666,46.318562],[-0.048956,46.318829],[-0.049868,46.318726],[-0.052367,46.319103],[-0.052646,46.318325],[-0.053612,46.317123],[-0.053998,46.317524],[-0.055608,46.318275],[-0.05638,46.318844],[-0.057828,46.319511],[-0.058805,46.319725],[-0.059813,46.320644],[-0.060564,46.321125],[-0.061154,46.321728],[-0.062109,46.321793],[-0.062989,46.322037],[-0.06374,46.322563],[-0.064716,46.322899],[-0.065575,46.323513],[-0.066143,46.323936],[-0.066422,46.324276],[-0.066841,46.324017],[-0.06653,46.322838],[-0.065897,46.322098],[-0.065382,46.321194],[-0.067978,46.320896],[-0.068514,46.320667],[-0.069662,46.32021],[-0.072387,46.320339],[-0.074641,46.320606],[-0.07728,46.320793],[-0.078524,46.320808],[-0.081947,46.321114],[-0.084447,46.321171],[-0.084114,46.3186],[-0.083127,46.317257],[-0.082752,46.316422],[-0.081657,46.315437],[-0.080981,46.314274],[-0.079222,46.313126],[-0.078117,46.312508],[-0.076625,46.311611],[-0.074244,46.310917],[-0.072967,46.310635],[-0.071465,46.309834],[-0.071239,46.309441],[-0.070285,46.309135],[-0.06963,46.308796],[-0.068461,46.308601],[-0.067849,46.308224],[-0.067517,46.308064],[-0.067956,46.307625],[-0.067055,46.307556],[-0.066605,46.306965],[-0.066787,46.306423],[-0.071089,46.305504],[-0.07199,46.305595],[-0.072784,46.305408],[-0.074083,46.304451],[-0.074877,46.303398],[-0.073986,46.301479],[-0.071765,46.299946],[-0.072355,46.299843],[-0.073289,46.299553],[-0.073922,46.299057],[-0.07551,46.298309],[-0.077698,46.298862],[-0.078696,46.29948],[-0.07993,46.299641],[-0.080842,46.29784],[-0.081046,46.296669],[-0.080971,46.295986],[-0.081421,46.295238],[-0.080992,46.294373],[-0.081668,46.293816],[-0.081582,46.293217],[-0.083599,46.292465],[-0.083975,46.291904],[-0.085037,46.291012],[-0.085477,46.290066],[-0.085874,46.289997],[-0.086303,46.289196],[-0.086421,46.288502],[-0.086356,46.288345],[-0.087086,46.287781],[-0.087891,46.287335],[-0.089296,46.286266],[-0.088867,46.285698],[-0.089006,46.285313],[-0.088974,46.284592],[-0.08862,46.284435],[-0.088717,46.283787],[-0.088524,46.283199],[-0.089135,46.281857],[-0.089275,46.281109],[-0.091023,46.279121],[-0.09303,46.277023],[-0.094028,46.276279],[-0.09509,46.275806],[-0.096999,46.274605],[-0.098898,46.27396],[-0.101227,46.273396],[-0.102385,46.272469],[-0.103351,46.271896],[-0.103565,46.271477],[-0.10363,46.271046],[-0.103222,46.270535],[-0.103254,46.270245],[-0.103726,46.26894],[-0.105271,46.267639],[-0.105582,46.267166],[-0.102847,46.267834],[-0.101151,46.268108],[-0.098802,46.26862],[-0.096935,46.268738],[-0.096914,46.268085],[-0.096109,46.267277],[-0.096045,46.266098],[-0.097042,46.264637],[-0.096667,46.263481],[-0.096581,46.262821],[-0.097117,46.261803],[-0.09819,46.260609],[-0.098222,46.260239],[-0.097944,46.259895],[-0.099188,46.259007],[-0.099607,46.25808],[-0.100272,46.2575],[-0.101248,46.255913],[-0.102621,46.254688],[-0.103598,46.254257],[-0.104016,46.254284],[-0.104992,46.254578],[-0.105507,46.254505],[-0.106291,46.254074],[-0.106848,46.253933],[-0.10658,46.253658],[-0.106859,46.253338],[-0.107074,46.252686],[-0.107149,46.251968],[-0.107524,46.251484],[-0.10687,46.250118],[-0.106924,46.249111],[-0.106698,46.247902],[-0.106999,46.247517],[-0.107203,46.246952],[-0.10731,46.246262],[-0.107782,46.245296],[-0.106763,46.245132],[-0.106215,46.24456],[-0.105175,46.244087],[-0.104799,46.244072],[-0.105625,46.243019],[-0.106205,46.242477],[-0.107235,46.241974],[-0.108232,46.240986],[-0.109187,46.240562],[-0.110282,46.240482],[-0.111569,46.240087],[-0.112245,46.239606],[-0.112524,46.238678],[-0.112739,46.238018],[-0.113339,46.237579],[-0.114144,46.237282],[-0.114659,46.236935],[-0.114723,46.236897],[-0.115668,46.236717],[-0.115775,46.236855],[-0.119433,46.23579],[-0.119659,46.234932],[-0.120946,46.234055],[-0.12085,46.233669],[-0.121526,46.233418],[-0.123392,46.232273],[-0.123918,46.231583],[-0.123296,46.229076],[-0.124079,46.228569],[-0.123349,46.228096],[-0.123886,46.227554],[-0.12483,46.228043],[-0.126643,46.227196],[-0.131289,46.229904],[-0.132211,46.230057],[-0.132469,46.229351],[-0.133038,46.228905],[-0.133553,46.228661],[-0.134228,46.227924],[-0.13454,46.227493],[-0.136042,46.225922],[-0.135216,46.225521],[-0.136331,46.224598],[-0.138144,46.22385],[-0.140162,46.223717],[-0.140891,46.22374],[-0.142597,46.2244],[-0.14294,46.225098],[-0.1425,46.225819],[-0.142415,46.226299],[-0.142704,46.226582],[-0.143166,46.226788],[-0.143745,46.226559],[-0.144035,46.226723],[-0.144925,46.22681],[-0.14515,46.226589],[-0.145226,46.226238],[-0.145086,46.225639],[-0.144528,46.224777],[-0.14485,46.224724],[-0.145419,46.223507],[-0.145601,46.22258],[-0.14485,46.222446],[-0.144904,46.222256],[-0.145408,46.221592],[-0.144764,46.22126],[-0.145054,46.220932],[-0.145268,46.22068],[-0.145998,46.220856],[-0.146459,46.220844],[-0.146701,46.221024],[-0.146931,46.221081],[-0.146937,46.221268],[-0.147135,46.22142],[-0.148058,46.221458],[-0.148358,46.221367],[-0.148423,46.220982],[-0.148766,46.220737],[-0.148948,46.220444],[-0.150687,46.219894],[-0.150225,46.218693],[-0.149989,46.216492],[-0.149034,46.214058],[-0.148959,46.212841],[-0.149131,46.211784],[-0.149785,46.209969],[-0.150386,46.210258],[-0.150418,46.210526],[-0.150644,46.210274],[-0.151051,46.209633],[-0.150011,46.20927],[-0.150536,46.208237],[-0.151491,46.20723],[-0.152253,46.206738],[-0.154055,46.205975],[-0.157939,46.204571],[-0.159441,46.204838],[-0.16016,46.205112],[-0.161126,46.205238],[-0.16193,46.205521],[-0.163658,46.205891],[-0.16398,46.205395],[-0.164613,46.205223],[-0.167381,46.205021],[-0.168829,46.204979],[-0.170921,46.204887],[-0.170889,46.205185],[-0.17046,46.205601],[-0.170449,46.207176],[-0.169837,46.207813],[-0.170127,46.207916],[-0.171769,46.207561],[-0.172305,46.207638],[-0.172402,46.208488],[-0.17296,46.209187],[-0.172981,46.209671],[-0.173646,46.209759],[-0.173775,46.209946],[-0.173646,46.210732],[-0.172638,46.212494],[-0.174451,46.211971],[-0.176049,46.211258],[-0.178667,46.210575],[-0.179225,46.210033],[-0.179279,46.210754],[-0.180953,46.210819],[-0.181929,46.210785],[-0.182691,46.210926],[-0.182927,46.209469],[-0.183688,46.209396],[-0.184289,46.209309],[-0.18607,46.209366],[-0.186585,46.209145],[-0.187025,46.208485],[-0.187336,46.208393],[-0.187744,46.209003],[-0.187658,46.209435],[-0.188731,46.209915],[-0.189021,46.210278],[-0.189761,46.210526],[-0.189965,46.210518],[-0.18945,46.209969],[-0.189546,46.209709],[-0.190448,46.209389],[-0.190415,46.208942],[-0.188903,46.208179],[-0.188645,46.20789],[-0.188806,46.207569],[-0.188828,46.207371],[-0.189203,46.20713],[-0.189321,46.206871],[-0.189514,46.20673],[-0.1893,46.20647],[-0.189493,46.206142],[-0.188881,46.205849],[-0.187465,46.205364],[-0.187132,46.205551],[-0.186843,46.205505],[-0.186338,46.205128],[-0.184311,46.204472],[-0.183914,46.20417],[-0.185641,46.202644],[-0.184836,46.202038],[-0.184783,46.201607],[-0.184568,46.201614],[-0.183774,46.200554],[-0.183849,46.200397],[-0.184568,46.200359],[-0.185008,46.200516],[-0.185287,46.200508],[-0.186038,46.200665],[-0.187004,46.199631],[-0.186081,46.1973],[-0.18621,46.197071],[-0.188527,46.196117],[-0.189353,46.196045],[-0.189536,46.195168],[-0.191821,46.19453],[-0.19254,46.194233],[-0.193484,46.193794],[-0.197453,46.193184],[-0.199578,46.192329],[-0.200651,46.19202],[-0.201337,46.191505],[-0.201981,46.191536],[-0.202421,46.191692],[-0.205564,46.189865],[-0.206208,46.189384],[-0.208139,46.188469],[-0.208311,46.188179],[-0.209835,46.187073],[-0.213407,46.184727],[-0.213933,46.184525],[-0.214351,46.184006],[-0.215564,46.18174],[-0.217184,46.178383],[-0.217688,46.17804],[-0.216808,46.176964],[-0.216036,46.176304],[-0.215725,46.175522],[-0.215607,46.174847],[-0.214845,46.174747],[-0.214255,46.173397],[-0.214244,46.172588],[-0.214534,46.171242],[-0.214695,46.168324],[-0.215049,46.167339],[-0.215263,46.167244],[-0.215478,46.165699],[-0.215349,46.16489],[-0.215199,46.164459],[-0.215274,46.16367],[-0.215081,46.162281],[-0.214491,46.160305],[-0.214502,46.159664],[-0.215843,46.159348],[-0.217034,46.158321],[-0.218192,46.156902],[-0.220885,46.15453],[-0.219705,46.153973],[-0.218225,46.153675],[-0.216368,46.153049],[-0.213375,46.152767],[-0.212206,46.152718],[-0.212388,46.15192],[-0.212967,46.150524],[-0.212849,46.150227],[-0.217152,46.144733],[-0.218257,46.143543],[-0.219963,46.141068],[-0.221046,46.141174],[-0.22331,46.142014],[-0.224125,46.141926],[-0.224791,46.141159],[-0.225853,46.140461],[-0.226979,46.140015],[-0.227666,46.139954],[-0.228728,46.140163],[-0.229629,46.14061],[-0.232558,46.141159],[-0.234082,46.141144],[-0.234522,46.141075],[-0.235627,46.141315],[-0.236646,46.139725],[-0.237032,46.138512],[-0.237558,46.137493],[-0.237086,46.134956],[-0.237129,46.133434],[-0.237418,46.132767],[-0.238202,46.132057],[-0.239232,46.131382],[-0.241002,46.131039],[-0.241753,46.130928],[-0.241528,46.130692],[-0.241603,46.129753],[-0.241045,46.128822],[-0.242579,46.126659],[-0.242268,46.126064],[-0.24274,46.125736],[-0.243115,46.125294],[-0.244746,46.125946],[-0.246077,46.126347],[-0.24686,46.126823],[-0.249574,46.129284],[-0.252235,46.129314],[-0.253608,46.129112],[-0.255808,46.128429],[-0.257342,46.128445],[-0.257792,46.128586],[-0.258372,46.128155],[-0.259219,46.128223],[-0.261172,46.128365],[-0.261633,46.127075],[-0.261633,46.126423],[-0.262256,46.126446],[-0.262674,46.126385],[-0.262824,46.125938],[-0.263253,46.125656],[-0.263565,46.125107],[-0.264734,46.125305],[-0.26571,46.12426],[-0.265893,46.123863],[-0.268575,46.121017],[-0.269873,46.119202],[-0.270463,46.11784],[-0.270474,46.117275],[-0.272555,46.113438],[-0.271579,46.113132],[-0.272759,46.110516],[-0.269122,46.109821],[-0.268275,46.109802],[-0.266451,46.110069],[-0.265185,46.110172],[-0.267073,46.109035],[-0.269798,46.107132],[-0.272255,46.105354],[-0.276686,46.102154],[-0.278531,46.100941],[-0.27969,46.099945],[-0.283928,46.095985],[-0.286138,46.093822],[-0.287458,46.092541],[-0.289947,46.09013],[-0.288595,46.08952],[-0.285537,46.087826],[-0.285977,46.087444],[-0.286438,46.087288],[-0.286481,46.087029],[-0.286127,46.086708],[-0.286707,46.086308],[-0.286642,46.086067],[-0.286363,46.08588],[-0.285999,46.085472],[-0.286653,46.085018],[-0.28587,46.084343],[-0.285505,46.084549],[-0.284293,46.083969],[-0.283756,46.083939],[-0.284775,46.083069],[-0.287007,46.081486],[-0.287372,46.081032],[-0.287747,46.079937],[-0.287715,46.079132],[-0.288016,46.078491],[-0.288531,46.078583],[-0.288767,46.078308],[-0.288831,46.077881],[-0.289443,46.0774],[-0.289614,46.077175],[-0.290204,46.076775],[-0.290537,46.076244],[-0.291181,46.075596],[-0.291181,46.0737],[-0.297103,46.074867],[-0.297618,46.075272],[-0.298841,46.075806],[-0.300429,46.076141],[-0.301888,46.076946],[-0.303546,46.077467],[-0.3028,46.076439],[-0.304796,46.07468],[-0.309527,46.070274],[-0.310857,46.069344],[-0.316039,46.065281],[-0.317734,46.064148],[-0.31944,46.063198],[-0.322219,46.060947],[-0.321522,46.060555],[-0.320181,46.059391],[-0.321221,46.058537],[-0.320481,46.058022],[-0.319977,46.057903],[-0.319322,46.057983],[-0.319086,46.057831],[-0.319097,46.057816],[-0.319698,46.057026],[-0.32002,46.056274],[-0.321586,46.054298],[-0.322058,46.053108],[-0.323399,46.051365],[-0.324515,46.04998],[-0.324869,46.048954],[-0.325727,46.04747],[-0.328174,46.044998],[-0.329654,46.043285],[-0.330341,46.042267],[-0.330534,46.041531],[-0.330813,46.041031],[-0.331221,46.03957],[-0.331703,46.038334],[-0.332304,46.037552],[-0.332594,46.036873],[-0.332122,46.036674],[-0.332347,46.036205],[-0.332401,46.034126],[-0.333002,46.033337],[-0.333195,46.031921],[-0.333195,46.030907],[-0.333517,46.029545],[-0.33416,46.028709],[-0.335469,46.026455],[-0.335791,46.025604],[-0.3318,46.024891],[-0.332465,46.024338],[-0.332959,46.023602],[-0.333506,46.023399],[-0.334547,46.023197],[-0.335298,46.023228],[-0.336188,46.022968],[-0.337143,46.022858],[-0.337969,46.022953],[-0.340565,46.022243],[-0.341295,46.022038],[-0.341756,46.021805],[-0.342818,46.021641],[-0.343688,46.021381],[-0.344943,46.020927],[-0.345533,46.020584],[-0.346037,46.02092],[-0.346541,46.021118],[-0.346756,46.021328],[-0.34726,46.021313],[-0.347464,46.021507],[-0.34814,46.02179],[-0.348269,46.021587],[-0.35212,46.022545],[-0.353869,46.022961],[-0.355371,46.023251],[-0.355564,46.022743],[-0.352947,46.021851],[-0.350811,46.020756],[-0.350264,46.020653],[-0.349588,46.019749],[-0.348719,46.019169],[-0.349631,46.018074],[-0.349824,46.017632],[-0.350318,46.017075],[-0.350693,46.016956],[-0.35153,46.016285],[-0.351101,46.016144],[-0.352067,46.013908],[-0.353515,46.011547],[-0.35388,46.010548],[-0.355446,46.008953],[-0.35918,46.000659],[-0.360296,46.000743],[-0.361862,46.000973],[-0.363225,46.001514],[-0.365328,46.001537],[-0.366583,46.001835],[-0.367913,46.001804],[-0.369726,46.000107],[-0.371132,46.000622],[-0.372173,46.001232],[-0.372677,46.001308],[-0.373492,46.001217],[-0.37537,46.001545],[-0.375359,46.001755],[-0.379082,46.002296],[-0.379586,46.002232],[-0.379618,46.002029],[-0.37905,46.001873],[-0.379082,46.001179],[-0.379339,46.00106],[-0.379114,46.000404],[-0.381045,46.000412],[-0.381861,46.000668],[-0.382279,46.000614],[-0.383137,46.000271],[-0.384983,45.994926],[-0.386217,45.995239],[-0.388641,45.995613],[-0.390433,45.996014],[-0.393287,45.996464],[-0.394145,45.994069],[-0.394338,45.993071],[-0.39392,45.990482],[-0.394253,45.990074],[-0.394843,45.989613],[-0.3951,45.98888],[-0.396312,45.988293],[-0.396409,45.987049],[-0.396881,45.983635],[-0.396881,45.983113],[-0.397321,45.981308],[-0.397342,45.980068],[-0.400025,45.979832],[-0.400711,45.979553],[-0.401387,45.978958],[-0.403973,45.977661],[-0.40467,45.977303],[-0.405893,45.976902],[-0.406398,45.977081],[-0.412652,45.977444],[-0.412717,45.977364],[-0.415903,45.977112],[-0.418242,45.975506],[-0.421633,45.974121],[-0.424283,45.973911],[-0.428349,45.973252],[-0.428295,45.972965],[-0.429175,45.972973],[-0.430548,45.97274],[-0.431492,45.97266],[-0.431632,45.972889],[-0.431643,45.973553],[-0.431986,45.974171],[-0.432415,45.973904],[-0.433531,45.973732],[-0.436192,45.97353],[-0.438219,45.973232],[-0.438895,45.972702],[-0.439593,45.97242],[-0.440923,45.972523],[-0.443745,45.972343],[-0.447114,45.972248],[-0.447553,45.97245],[-0.448648,45.973419],[-0.453089,45.975128],[-0.45398,45.975224],[-0.454248,45.974483],[-0.45516,45.973621],[-0.455879,45.973122],[-0.456115,45.971348],[-0.456254,45.970615],[-0.456136,45.969383],[-0.456126,45.966022],[-0.456394,45.964897],[-0.456276,45.964321],[-0.455815,45.963284],[-0.455289,45.961933],[-0.45472,45.961292],[-0.454205,45.960907],[-0.453712,45.960705],[-0.453529,45.958809],[-0.454506,45.958057],[-0.455418,45.956779],[-0.456437,45.956924],[-0.45707,45.956146],[-0.458014,45.956066],[-0.458186,45.955692],[-0.458797,45.955444],[-0.459248,45.954975],[-0.460031,45.95364],[-0.460396,45.952812],[-0.461072,45.952778],[-0.462166,45.95306],[-0.462584,45.952946],[-0.463454,45.952461],[-0.464087,45.952248],[-0.46458,45.951618],[-0.465363,45.951591],[-0.46605,45.951134],[-0.466275,45.950741],[-0.467992,45.951077],[-0.469666,45.950932],[-0.470202,45.951103],[-0.472702,45.953156],[-0.474161,45.952389],[-0.475373,45.951477],[-0.476489,45.95089],[-0.476489,45.95089],[-0.477243,45.95072],[-0.477135,45.950243],[-0.478616,45.94902],[-0.481126,45.947408],[-0.481727,45.946737],[-0.482929,45.945752],[-0.484045,45.945275],[-0.485268,45.944932],[-0.48692,45.945528],[-0.488572,45.946916],[-0.489366,45.947364],[-0.490461,45.948617],[-0.492048,45.948289],[-0.4934,45.948363],[-0.493379,45.948244],[-0.4931,45.94805],[-0.492778,45.947304],[-0.492561,45.946972],[-0.491874,45.946239],[-0.49166,45.945271],[-0.491263,45.944607],[-0.490136,45.943855],[-0.490201,45.943554],[-0.491359,45.942554],[-0.492722,45.942272],[-0.494084,45.941406],[-0.495061,45.940617],[-0.495619,45.940125],[-0.496016,45.939953],[-0.498644,45.943184],[-0.49962,45.942802],[-0.501798,45.943146],[-0.502431,45.942085],[-0.504888,45.942772],[-0.505714,45.942719],[-0.507034,45.942905],[-0.507646,45.94278],[-0.508643,45.942787],[-0.509534,45.945435],[-0.517623,45.941833],[-0.518578,45.942249],[-0.519823,45.942966],[-0.520853,45.943043],[-0.521325,45.943027],[-0.521657,45.942848],[-0.521293,45.943897],[-0.521743,45.944302],[-0.523074,45.944386],[-0.523653,45.944061],[-0.523685,45.943764],[-0.524318,45.943077],[-0.525284,45.942204],[-0.523074,45.940571],[-0.524694,45.939198],[-0.525423,45.938011],[-0.52699,45.936409],[-0.528545,45.934669],[-0.529221,45.934467],[-0.530208,45.934669],[-0.530766,45.934288],[-0.532697,45.933788],[-0.533373,45.933521],[-0.533996,45.933094],[-0.535519,45.932507],[-0.536592,45.932381],[-0.537461,45.931564],[-0.538298,45.930992],[-0.538437,45.930492],[-0.53847,45.930103],[-0.538834,45.929901],[-0.541023,45.929646],[-0.542858,45.929214],[-0.54481,45.92831],[-0.546087,45.928074],[-0.547149,45.927616],[-0.547793,45.927223],[-0.549252,45.926743],[-0.551827,45.925571],[-0.552717,45.925484],[-0.553468,45.926094],[-0.556633,45.926903],[-0.557846,45.926834],[-0.559047,45.926537],[-0.558736,45.92585],[-0.559058,45.925289],[-0.559734,45.923214],[-0.559638,45.922825],[-0.559058,45.921989],[-0.559123,45.921482],[-0.559455,45.921051],[-0.559745,45.920116],[-0.560045,45.919327],[-0.560142,45.918736],[-0.560045,45.917206],[-0.559841,45.916271],[-0.56012,45.914684],[-0.561451,45.914654],[-0.562813,45.914413],[-0.564015,45.913929],[-0.565796,45.91317],[-0.56688,45.912968],[-0.568875,45.912712],[-0.569369,45.912453],[-0.570152,45.911541],[-0.569916,45.911449],[-0.570323,45.910217],[-0.570914,45.90949],[-0.569916,45.911465],[-0.569916,45.911465],[-0.570366,45.91013],[-0.571246,45.909054],[-0.571246,45.908482],[-0.571171,45.908279],[-0.571171,45.907688],[-0.571654,45.907421],[-0.571847,45.906666],[-0.573875,45.906261],[-0.574358,45.906338],[-0.574776,45.905323],[-0.575151,45.904926],[-0.575516,45.904278],[-0.575967,45.904053],[-0.578488,45.903568],[-0.5791,45.903187],[-0.579529,45.903061],[-0.58014,45.903381],[-0.580924,45.903107],[-0.581524,45.90303],[-0.582222,45.903038],[-0.583745,45.902328],[-0.584035,45.901516],[-0.584314,45.901337],[-0.584775,45.900963],[-0.585473,45.900925],[-0.586149,45.900574],[-0.586653,45.901073],[-0.587007,45.901211],[-0.587071,45.901173],[-0.587318,45.900463],[-0.588509,45.900066],[-0.589131,45.900284],[-0.589528,45.900299],[-0.589721,45.89846],[-0.590043,45.8979],[-0.589753,45.897743],[-0.591459,45.896961],[-0.592264,45.897221],[-0.59382,45.896667],[-0.594109,45.896751],[-0.594764,45.89502],[-0.594656,45.89439],[-0.594742,45.894047],[-0.595225,45.893547],[-0.595322,45.893116],[-0.595118,45.892742],[-0.595204,45.892593],[-0.596534,45.892056],[-0.597296,45.891396],[-0.597875,45.89069],[-0.59853,45.89035],[-0.598197,45.890045],[-0.597306,45.889732],[-0.59647,45.889664],[-0.596234,45.889412],[-0.595676,45.88924],[-0.595407,45.889095],[-0.593905,45.889275],[-0.593272,45.889015],[-0.592285,45.889374],[-0.592146,45.889343],[-0.596008,45.887081],[-0.594356,45.886139],[-0.593144,45.885654],[-0.592403,45.885162],[-0.592157,45.88546],[-0.590676,45.884663],[-0.59014,45.884499],[-0.589925,45.884258],[-0.589517,45.884117],[-0.588498,45.883518],[-0.588251,45.883213],[-0.587082,45.882854],[-0.587157,45.882168],[-0.587565,45.881084],[-0.587865,45.879955],[-0.587533,45.877445],[-0.587672,45.877079],[-0.588874,45.875565],[-0.589238,45.87537],[-0.588133,45.874928],[-0.588423,45.874569],[-0.588348,45.874249],[-0.587887,45.874107],[-0.588166,45.873638],[-0.588144,45.87315],[-0.588788,45.872391],[-0.588691,45.871956],[-0.588434,45.871559],[-0.589035,45.870724],[-0.589131,45.870178],[-0.590097,45.869282],[-0.590215,45.868816],[-0.589979,45.86866],[-0.588895,45.868286],[-0.588627,45.867794],[-0.588112,45.867397],[-0.588112,45.867153],[-0.588305,45.866875],[-0.588058,45.86565],[-0.586352,45.865673],[-0.584668,45.865314],[-0.583327,45.865097],[-0.582426,45.864677],[-0.582039,45.864326],[-0.581546,45.864014],[-0.580913,45.86282],[-0.580065,45.862198],[-0.579218,45.861832],[-0.578005,45.861629],[-0.579497,45.860981],[-0.579368,45.860832],[-0.57969,45.859634],[-0.57969,45.859196],[-0.580012,45.859055],[-0.579818,45.858044],[-0.578574,45.856998],[-0.57852,45.856819],[-0.577437,45.856461],[-0.576739,45.856197],[-0.576546,45.856297],[-0.576439,45.856445],[-0.575387,45.855656],[-0.574905,45.85537],[-0.575645,45.854527],[-0.575495,45.85416],[-0.576106,45.853756],[-0.577136,45.852806],[-0.577147,45.852589],[-0.577919,45.851692],[-0.577769,45.851364],[-0.579711,45.850601],[-0.577855,45.850048],[-0.575967,45.848549],[-0.57572,45.848488],[-0.574518,45.847469],[-0.572931,45.846703],[-0.572319,45.84602],[-0.570506,45.845848],[-0.570012,45.84594],[-0.569444,45.846157],[-0.567877,45.84605],[-0.566815,45.845638],[-0.566289,45.8452],[-0.564862,45.844383],[-0.564862,45.843346],[-0.56262,45.842934],[-0.562888,45.842201],[-0.561858,45.841724],[-0.561429,45.841763],[-0.560882,45.841953],[-0.561107,45.841213],[-0.561258,45.840302],[-0.561537,45.839989],[-0.561579,45.839008],[-0.561955,45.83786],[-0.561762,45.837238],[-0.561955,45.836647],[-0.561848,45.836433],[-0.561826,45.835876],[-0.561601,45.835789],[-0.561225,45.835438],[-0.561461,45.835072],[-0.562545,45.834045],[-0.562996,45.83392],[-0.563768,45.834026],[-0.565399,45.832939],[-0.56601,45.832321],[-0.566729,45.831783],[-0.567931,45.83049],[-0.567663,45.829067],[-0.568049,45.828373],[-0.568135,45.827663],[-0.56821,45.825367],[-0.567952,45.825203],[-0.56792,45.824921],[-0.567523,45.824455],[-0.567276,45.823948],[-0.566955,45.823761],[-0.566869,45.823605],[-0.567212,45.822556],[-0.568725,45.821014],[-0.569004,45.820217],[-0.569068,45.818645],[-0.569583,45.816322],[-0.56939,45.815102],[-0.568779,45.81422],[-0.568682,45.813725],[-0.568961,45.812462],[-0.57042,45.81258],[-0.570999,45.811672],[-0.572619,45.810242],[-0.573188,45.809799],[-0.575935,45.808723],[-0.576611,45.808956],[-0.577941,45.807648],[-0.578606,45.807487],[-0.579411,45.807011],[-0.580001,45.80645],[-0.580022,45.805641],[-0.58018,45.805053],[-0.582082,45.803009],[-0.582055,45.802125],[-0.580966,45.800636],[-0.580312,45.79924],[-0.580312,45.797944],[-0.57958,45.796907],[-0.578842,45.796593],[-0.579153,45.796028],[-0.579323,45.795537],[-0.579339,45.795083],[-0.579185,45.794601],[-0.579356,45.793887],[-0.578552,45.792999],[-0.579164,45.792858],[-0.580022,45.792843],[-0.582029,45.789978],[-0.583756,45.788593],[-0.584164,45.787636],[-0.585462,45.78643],[-0.586374,45.785454],[-0.588659,45.783852],[-0.588981,45.783283],[-0.58971,45.781628],[-0.59059,45.780979],[-0.591384,45.78056],[-0.591781,45.778793],[-0.592371,45.777744],[-0.592993,45.777283],[-0.593101,45.776669],[-0.593605,45.776203],[-0.592082,45.775169],[-0.591513,45.774364],[-0.591277,45.774296],[-0.591406,45.773808],[-0.591213,45.773376],[-0.592403,45.772964],[-0.592071,45.772388],[-0.592124,45.772179],[-0.592489,45.772053],[-0.592682,45.77187],[-0.593476,45.771572],[-0.593713,45.771076],[-0.594292,45.770826],[-0.595815,45.770307],[-0.597629,45.769947],[-0.598497,45.770405],[-0.599152,45.770546],[-0.600214,45.770664],[-0.60119,45.770905],[-0.601995,45.771378],[-0.603755,45.771618],[-0.60457,45.77182],[-0.605203,45.771908],[-0.605235,45.771481],[-0.605482,45.771042],[-0.605648,45.770165],[-0.605831,45.769764],[-0.605352,45.769527],[-0.604716,45.76943],[-0.604398,45.769596],[-0.603658,45.769447],[-0.602768,45.769175],[-0.602027,45.768482],[-0.602206,45.767849],[-0.60259,45.767327],[-0.602755,45.7665],[-0.602903,45.766214],[-0.602912,45.766013],[-0.603127,45.765701],[-0.603653,45.765187],[-0.604263,45.764937],[-0.604437,45.764627],[-0.605082,45.763989],[-0.605621,45.762536],[-0.606565,45.762268],[-0.608422,45.761467],[-0.608915,45.760151],[-0.609233,45.7599],[-0.609028,45.759522],[-0.608579,45.759209],[-0.608542,45.758948],[-0.607813,45.757385],[-0.607907,45.757163],[-0.608131,45.757228],[-0.608355,45.757137],[-0.60927,45.757059],[-0.609308,45.757411],[-0.609644,45.757867],[-0.610784,45.758831],[-0.611736,45.759652],[-0.612259,45.759978],[-0.613448,45.760153],[-0.614694,45.760226],[-0.615295,45.760074],[-0.615783,45.759745],[-0.616245,45.759168],[-0.616733,45.7589],[-0.617848,45.758651],[-0.618188,45.758357],[-0.618209,45.75791],[-0.618008,45.755913],[-0.618108,45.754991],[-0.618889,45.753594],[-0.620291,45.75386],[-0.621031,45.754027],[-0.621432,45.754237],[-0.622073,45.754167],[-0.622933,45.753622],[-0.624375,45.753399],[-0.625256,45.753482],[-0.625816,45.753468],[-0.625836,45.75358],[-0.627178,45.753706],[-0.628179,45.75358],[-0.628639,45.753538],[-0.6294,45.753007],[-0.630001,45.752295],[-0.630521,45.751177],[-0.630641,45.750339],[-0.630461,45.750102],[-0.630601,45.749934],[-0.630379,45.74916],[-0.629996,45.748326],[-0.629379,45.74712],[-0.628539,45.74707],[-0.628779,45.746651],[-0.628748,45.745525],[-0.628504,45.74535],[-0.628577,45.744995],[-0.628636,45.744972],[-0.628715,45.744765],[-0.629151,45.744834],[-0.629146,45.744702],[-0.629492,45.744708],[-0.630454,45.744793],[-0.6305,45.744748],[-0.632116,45.745008],[-0.632602,45.744995],[-0.632725,45.744666],[-0.633443,45.744844],[-0.633849,45.744787],[-0.6345,45.744821],[-0.634825,45.744571],[-0.635118,45.744707],[-0.635296,45.745071],[-0.636028,45.744968],[-0.635996,45.745468],[-0.637622,45.745706],[-0.638207,45.745899],[-0.638744,45.746126],[-0.63902,45.745627],[-0.639378,45.745229],[-0.640045,45.745297],[-0.640484,45.745036],[-0.640939,45.745002],[-0.641736,45.744594],[-0.641964,45.743686],[-0.641004,45.743641],[-0.640012,45.74313],[-0.638435,45.742653],[-0.638126,45.742642],[-0.637004,45.742143],[-0.636727,45.74195],[-0.637232,45.741439],[-0.637654,45.740644],[-0.639134,45.737364],[-0.639947,45.734924],[-0.639768,45.732938],[-0.639459,45.731349],[-0.639118,45.730282],[-0.63876,45.727852],[-0.637443,45.72783],[-0.637183,45.727637],[-0.634191,45.724163],[-0.634239,45.723924],[-0.634678,45.72338],[-0.634711,45.723016],[-0.634532,45.722812],[-0.633849,45.722222],[-0.633491,45.721461],[-0.632402,45.720802],[-0.631377,45.720099],[-0.630987,45.719656],[-0.630776,45.71927],[-0.629052,45.718759],[-0.629637,45.717953],[-0.630434,45.717453],[-0.63102,45.716567],[-0.631475,45.715648],[-0.631654,45.714898],[-0.63206,45.71449],[-0.63219,45.713842],[-0.632499,45.713763],[-0.626678,45.705928],[-0.628531,45.70528],[-0.629214,45.70486],[-0.628597,45.704076],[-0.628174,45.703304],[-0.626206,45.701237],[-0.623946,45.698841],[-0.622222,45.696944],[-0.621588,45.694718],[-0.621327,45.694104],[-0.621132,45.692923],[-0.620677,45.692298],[-0.620092,45.691696],[-0.618969,45.690106],[-0.618482,45.689618],[-0.617311,45.688754],[-0.618482,45.687096],[-0.619262,45.685778],[-0.620921,45.68429],[-0.621718,45.68379],[-0.620823,45.679722],[-0.619994,45.67837],[-0.618921,45.676325],[-0.618286,45.675405],[-0.617766,45.674939],[-0.61666,45.674121],[-0.615929,45.673246],[-0.615685,45.672303],[-0.61505,45.671439],[-0.614319,45.67086],[-0.612953,45.669837],[-0.612595,45.669348],[-0.612383,45.668712],[-0.612579,45.668212],[-0.612676,45.666928],[-0.612839,45.666212],[-0.612757,45.66578],[-0.612205,45.664655],[-0.6124,45.664268],[-0.612123,45.664143],[-0.611798,45.663484],[-0.611391,45.663166],[-0.610399,45.662632],[-0.609847,45.662064],[-0.609285,45.661597],[-0.608822,45.661077],[-0.608511,45.660229],[-0.608291,45.659439],[-0.607858,45.658887],[-0.607435,45.657608],[-0.607348,45.656743],[-0.606633,45.656097],[-0.606354,45.655598],[-0.605849,45.654039],[-0.605518,45.653527],[-0.604768,45.65265],[-0.603723,45.651663],[-0.602747,45.651102],[-0.602189,45.650603],[-0.601213,45.649567],[-0.600254,45.648982],[-0.599435,45.648239],[-0.598546,45.647752],[-0.597675,45.646692],[-0.595025,45.644401],[-0.592498,45.643195],[-0.591452,45.642817],[-0.589727,45.641647],[-0.58889,45.640867],[-0.58788,45.639539],[-0.587531,45.638735],[-0.586328,45.637273],[-0.58523,45.636444],[-0.58469,45.63581],[-0.580315,45.632069],[-0.577056,45.629851],[-0.576376,45.629156],[-0.57547,45.627986],[-0.574442,45.626633],[-0.573483,45.625463],[-0.570224,45.622367],[-0.569649,45.621355],[-0.570015,45.621257],[-0.57364,45.619831],[-0.575348,45.618771],[-0.575819,45.61771],[-0.576254,45.617357],[-0.57486,45.616357],[-0.574337,45.616211],[-0.573379,45.61426],[-0.572856,45.613614],[-0.572298,45.613455],[-0.571729,45.613103],[-0.570956,45.612432],[-0.569108,45.610218],[-0.567595,45.608754],[-0.567651,45.608558],[-0.566493,45.607944],[-0.565653,45.607317],[-0.564812,45.606232],[-0.564588,45.6055],[-0.564364,45.605174],[-0.563056,45.604677],[-0.561618,45.603279],[-0.561282,45.602704],[-0.560889,45.601815],[-0.560198,45.601567],[-0.559638,45.601109],[-0.558013,45.599201],[-0.557209,45.598129],[-0.556126,45.597097],[-0.554781,45.595097],[-0.552876,45.594025],[-0.551045,45.592849],[-0.55041,45.591934],[-0.549831,45.590823],[-0.549719,45.590143],[-0.549887,45.589515],[-0.549775,45.589136],[-0.548785,45.588744],[-0.547776,45.588208],[-0.545889,45.585097],[-0.544675,45.584862],[-0.544189,45.584469],[-0.543423,45.584286],[-0.54305,45.583057],[-0.543106,45.58209],[-0.543722,45.582221],[-0.54404,45.582103],[-0.544731,45.582142],[-0.544993,45.581397],[-0.545105,45.580325],[-0.545388,45.579699],[-0.545623,45.579406],[-0.546076,45.579565],[-0.54642,45.57916],[-0.546999,45.579085],[-0.547621,45.578829],[-0.54765,45.578762],[-0.548195,45.578921],[-0.548301,45.578693],[-0.548881,45.577985],[-0.549327,45.577246],[-0.549441,45.576959],[-0.549719,45.575644],[-0.548915,45.574637],[-0.549326,45.573787],[-0.54899,45.572715],[-0.550559,45.571002],[-0.551605,45.569564],[-0.552016,45.568845],[-0.552371,45.567498],[-0.553641,45.562607],[-0.5531,45.561992],[-0.552427,45.560331],[-0.551848,45.558395],[-0.552726,45.55816],[-0.554183,45.557636],[-0.556238,45.557833],[-0.557023,45.557676],[-0.558909,45.555243],[-0.560348,45.553595],[-0.561057,45.552169],[-0.562365,45.55175],[-0.563355,45.551044],[-0.564308,45.550311],[-0.564756,45.550089],[-0.565634,45.549631],[-0.566232,45.54848],[-0.566699,45.547878],[-0.567745,45.545262],[-0.568903,45.54432],[-0.56965,45.543456],[-0.570024,45.542828],[-0.570098,45.542567],[-0.570678,45.541677],[-0.571537,45.540866],[-0.571854,45.539859],[-0.572265,45.539374],[-0.573424,45.538838],[-0.573834,45.538498],[-0.570827,45.536614],[-0.56625,45.536731],[-0.564924,45.536862],[-0.564382,45.536862],[-0.564214,45.536614],[-0.56244,45.536614],[-0.562234,45.536391],[-0.562122,45.535344],[-0.561375,45.535227],[-0.560833,45.535227],[-0.560945,45.534546],[-0.563355,45.533015],[-0.565989,45.531066],[-0.566661,45.530424],[-0.568193,45.529181],[-0.570173,45.527742],[-0.571574,45.526577],[-0.57234,45.525674],[-0.573069,45.525151],[-0.573087,45.524954],[-0.572714,45.524771],[-0.572583,45.524457],[-0.571892,45.523318],[-0.57178,45.522651],[-0.57178,45.522219],[-0.571593,45.521473],[-0.571668,45.521015],[-0.572135,45.519981],[-0.572247,45.51947],[-0.571668,45.519353],[-0.570248,45.518842],[-0.569669,45.518921],[-0.569351,45.518633],[-0.569463,45.518175],[-0.569314,45.517926],[-0.567203,45.51663],[-0.566792,45.516172],[-0.566157,45.516028],[-0.565578,45.515753],[-0.564252,45.515374],[-0.564737,45.514169],[-0.564924,45.512743],[-0.565279,45.511918],[-0.565783,45.510177],[-0.566194,45.509431],[-0.56625,45.508868],[-0.566213,45.507729],[-0.566008,45.507179],[-0.566495,45.505564],[-0.567176,45.50388],[-0.567256,45.503431],[-0.570379,45.500484],[-0.57102,45.500976],[-0.572401,45.501383],[-0.572701,45.501579],[-0.573122,45.50134],[-0.573642,45.500148],[-0.573923,45.499151],[-0.574023,45.496317],[-0.573202,45.496373],[-0.572601,45.496176],[-0.572141,45.495783],[-0.57104,45.49539],[-0.57112,45.494829],[-0.570799,45.493299],[-0.57128,45.492485],[-0.57126,45.49111],[-0.57136,45.490591],[-0.572902,45.490689],[-0.572888,45.490061],[-0.572704,45.489375],[-0.572096,45.488653],[-0.571502,45.487616],[-0.570079,45.486576],[-0.569798,45.486197],[-0.570059,45.485061],[-0.570179,45.483334],[-0.57096,45.48273],[-0.57136,45.483025],[-0.572421,45.482253],[-0.573062,45.482057],[-0.573622,45.481243],[-0.573582,45.480751],[-0.573002,45.478281],[-0.573302,45.478224],[-0.575424,45.476273],[-0.576766,45.476119],[-0.577667,45.475487],[-0.578067,45.475066],[-0.580089,45.473676],[-0.58057,45.473943],[-0.582071,45.473199],[-0.582872,45.47317],[-0.583413,45.47289],[-0.583533,45.472272],[-0.584514,45.470363],[-0.584013,45.470433],[-0.583573,45.47025],[-0.581991,45.469057],[-0.58141,45.468425],[-0.580469,45.467709],[-0.580109,45.467316],[-0.580349,45.467231],[-0.58107,45.4666],[-0.581791,45.466221],[-0.58087,45.465813],[-0.581611,45.464844],[-0.58113,45.463735],[-0.58051,45.463286],[-0.580009,45.462275],[-0.579609,45.462078],[-0.578267,45.461671],[-0.578207,45.46066],[-0.579088,45.459368],[-0.580009,45.459045],[-0.580227,45.45839],[-0.580825,45.457763],[-0.581337,45.457344],[-0.582082,45.45703],[-0.582747,45.456383],[-0.582168,45.455886],[-0.58161,45.455254],[-0.580516,45.454231],[-0.579507,45.453162],[-0.578134,45.452244],[-0.575902,45.450513],[-0.574121,45.449519],[-0.572727,45.448495],[-0.570924,45.44702],[-0.569744,45.445816],[-0.568886,45.444822],[-0.568221,45.444521],[-0.56644,45.444069],[-0.564616,45.443738],[-0.563736,45.443497],[-0.560496,45.443001],[-0.558865,45.443136],[-0.555153,45.442669],[-0.554187,45.442052],[-0.54951,45.439824],[-0.555947,45.433726],[-0.553265,45.432401],[-0.552986,45.431768],[-0.552964,45.429811],[-0.551312,45.429826],[-0.552149,45.427898],[-0.552363,45.427281],[-0.553243,45.425775],[-0.553672,45.425142],[-0.553801,45.42466],[-0.553715,45.424495],[-0.553887,45.424389],[-0.553157,45.423576],[-0.557125,45.420899],[-0.558697,45.420393],[-0.559738,45.420266],[-0.558026,45.418798],[-0.556905,45.418179],[-0.556164,45.417069],[-0.560108,45.417041],[-0.558947,45.413767],[-0.557866,45.413823],[-0.557606,45.412375],[-0.558527,45.412235],[-0.557926,45.410857],[-0.557045,45.409255],[-0.557666,45.408974],[-0.556925,45.407414],[-0.555964,45.40688],[-0.555283,45.406374],[-0.555023,45.406219],[-0.554523,45.405502],[-0.554162,45.404898],[-0.554122,45.40352],[-0.556004,45.401904],[-0.556084,45.401355],[-0.555664,45.400849],[-0.555404,45.400863],[-0.555163,45.400357],[-0.554122,45.39943],[-0.553462,45.399022],[-0.552901,45.398895],[-0.55224,45.399078],[-0.551479,45.398937],[-0.552781,45.397644],[-0.553582,45.397194],[-0.554122,45.397082],[-0.554623,45.396365],[-0.556765,45.395085],[-0.557726,45.394031],[-0.558767,45.393173],[-0.559548,45.392808],[-0.56185,45.393145],[-0.56197,45.392695],[-0.562811,45.391992],[-0.563492,45.391697],[-0.564453,45.390263],[-0.565148,45.388873],[-0.565298,45.388276],[-0.566465,45.385843],[-0.566745,45.385816],[-0.569274,45.377692],[-0.567957,45.377284],[-0.568677,45.375386],[-0.568697,45.374964],[-0.568437,45.374668],[-0.568437,45.374232],[-0.568277,45.373993],[-0.568217,45.373164],[-0.567957,45.372953],[-0.567496,45.37291],[-0.567156,45.373093],[-0.566935,45.373473],[-0.566535,45.3736],[-0.566635,45.373276],[-0.566535,45.373023],[-0.566795,45.372137],[-0.566655,45.371391],[-0.565994,45.370801],[-0.567256,45.369718],[-0.567276,45.369043],[-0.568117,45.368128],[-0.568677,45.367889],[-0.569578,45.367622],[-0.570139,45.367087],[-0.568737,45.363585],[-0.569018,45.362516],[-0.568998,45.362052],[-0.568737,45.362052],[-0.568657,45.361784],[-0.567716,45.361433],[-0.566755,45.359716],[-0.566375,45.35838],[-0.565774,45.357423],[-0.565754,45.35641],[-0.564713,45.352598],[-0.563872,45.350727],[-0.563892,45.350009],[-0.563492,45.348109],[-0.562991,45.343142],[-0.563172,45.342594],[-0.563592,45.341988],[-0.563532,45.341679],[-0.563152,45.340975],[-0.562851,45.339962],[-0.562391,45.339104],[-0.56201,45.337499],[-0.561049,45.336838],[-0.560769,45.336388],[-0.560649,45.335782],[-0.56201,45.335374],[-0.562351,45.335065],[-0.562571,45.333742],[-0.562511,45.332602],[-0.563652,45.33073],[-0.563972,45.329181],[-0.564653,45.32776],[-0.565094,45.327492],[-0.566795,45.326859],[-0.568277,45.326789],[-0.569118,45.326662],[-0.570759,45.326648],[-0.57098,45.325874],[-0.572401,45.326395],[-0.576706,45.327338],[-0.576746,45.326817],[-0.577026,45.326155],[-0.578067,45.326648],[-0.578808,45.326746],[-0.579268,45.32662],[-0.579909,45.32586],[-0.580489,45.325409],[-0.58125,45.32517],[-0.581891,45.324748],[-0.582311,45.324762],[-0.583052,45.324931],[-0.584153,45.324987],[-0.585855,45.324917],[-0.587657,45.324396],[-0.588718,45.324255],[-0.589699,45.323973],[-0.591261,45.323847],[-0.592482,45.32341],[-0.594224,45.321651],[-0.594504,45.321257],[-0.594003,45.320271],[-0.594104,45.319778],[-0.594744,45.318906],[-0.594744,45.318441],[-0.593723,45.316808],[-0.592442,45.315963],[-0.591821,45.315808],[-0.589379,45.315668],[-0.589259,45.314851],[-0.589379,45.313866],[-0.588978,45.313795],[-0.586776,45.312824],[-0.586456,45.312796],[-0.585314,45.311458],[-0.585715,45.310036],[-0.585314,45.307304],[-0.584033,45.305657],[-0.582752,45.30301],[-0.583112,45.301996],[-0.584133,45.298926],[-0.584754,45.298165],[-0.585835,45.297039],[-0.584674,45.296827],[-0.582311,45.29618],[-0.58123,45.295799],[-0.579208,45.295616],[-0.578127,45.295602],[-0.576525,45.295673],[-0.575624,45.295827],[-0.572621,45.295715],[-0.57128,45.295588],[-0.570039,45.295701],[-0.569718,45.29587],[-0.56921,45.293779],[-0.569877,45.293667],[-0.568736,45.29086],[-0.567362,45.290724],[-0.566311,45.290316],[-0.566118,45.290467],[-0.564165,45.289984],[-0.562556,45.289531],[-0.561891,45.289592],[-0.562449,45.287358],[-0.562127,45.286225],[-0.561633,45.286014],[-0.561655,45.285244],[-0.56232,45.285184],[-0.562341,45.285018],[-0.562255,45.284776],[-0.562534,45.284383],[-0.562234,45.283764],[-0.561998,45.282949],[-0.561976,45.282345],[-0.561676,45.281681],[-0.561633,45.28147],[-0.560303,45.279295],[-0.558736,45.277378],[-0.558972,45.275868],[-0.558844,45.274131],[-0.558887,45.272546],[-0.558801,45.271776],[-0.559916,45.27164],[-0.560517,45.271444],[-0.560839,45.2709],[-0.561054,45.270749],[-0.561075,45.269813],[-0.561955,45.269496],[-0.559981,45.266626],[-0.559058,45.265584],[-0.558887,45.264829],[-0.559037,45.264059],[-0.559316,45.263545],[-0.559788,45.263017],[-0.559466,45.262669],[-0.559466,45.262518],[-0.558586,45.262005],[-0.557728,45.260298],[-0.555646,45.25847],[-0.55614,45.258153],[-0.557,45.257988],[-0.558161,45.257848],[-0.558756,45.257619],[-0.559704,45.256752],[-0.560469,45.256293],[-0.561069,45.255436],[-0.56193,45.255182],[-0.564153,45.25304],[-0.565033,45.252758],[-0.565214,45.253251],[-0.566035,45.253491],[-0.566695,45.253871],[-0.567496,45.254646],[-0.568537,45.253744],[-0.568037,45.253364],[-0.567997,45.253082],[-0.569498,45.251532],[-0.570079,45.251109],[-0.57128,45.250855],[-0.572081,45.25046],[-0.571861,45.250038],[-0.5709,45.249657],[-0.569778,45.248966],[-0.569538,45.248346],[-0.568637,45.247909],[-0.568998,45.247388],[-0.569258,45.24688],[-0.570419,45.245753],[-0.572802,45.244977],[-0.573377,45.244619],[-0.574171,45.243882],[-0.575516,45.242436],[-0.576057,45.241232],[-0.576203,45.239904],[-0.577211,45.237638],[-0.577383,45.236233],[-0.577126,45.235099],[-0.576396,45.233241],[-0.576568,45.232319],[-0.57646,45.231715],[-0.574915,45.228828],[-0.574508,45.227574],[-0.5747,45.226614],[-0.575328,45.225546],[-0.576019,45.224895],[-0.577239,45.223853],[-0.577917,45.222977],[-0.585102,45.209911],[-0.587838,45.20491],[-0.588897,45.203529],[-0.590311,45.202332],[-0.591394,45.201606],[-0.58862,45.200769],[-0.589003,45.200462],[-0.588541,45.200322],[-0.589201,45.19874],[-0.59076,45.197139],[-0.591901,45.196071],[-0.592322,45.195803],[-0.593703,45.195041],[-0.593783,45.194547],[-0.593723,45.194166],[-0.593843,45.193955],[-0.593062,45.193376],[-0.592021,45.192374],[-0.591341,45.19253],[-0.589979,45.192262],[-0.587458,45.191563],[-0.585225,45.190539],[-0.58401,45.189692],[-0.581593,45.189068],[-0.580821,45.189478],[-0.579569,45.189833],[-0.579065,45.18907],[-0.579102,45.188227],[-0.578691,45.187529],[-0.578897,45.185976],[-0.580354,45.186055],[-0.580765,45.185252],[-0.580036,45.185133],[-0.58013,45.184146],[-0.580503,45.183724],[-0.581531,45.182855],[-0.58183,45.182395],[-0.582259,45.181697],[-0.583268,45.180959],[-0.584519,45.180512],[-0.585696,45.180288],[-0.586948,45.180327],[-0.587434,45.180222],[-0.589283,45.179472],[-0.589059,45.179037],[-0.591001,45.178286],[-0.591842,45.177786],[-0.592458,45.177457],[-0.593374,45.176785],[-0.593654,45.176496],[-0.594326,45.175706],[-0.595914,45.175245],[-0.597111,45.174666],[-0.601089,45.172637],[-0.600902,45.172097],[-0.600734,45.169845],[-0.600864,45.169687],[-0.600883,45.169332],[-0.599818,45.169477],[-0.59993,45.168818],[-0.599968,45.168252],[-0.599519,45.168147],[-0.599632,45.16758],[-0.600341,45.167514],[-0.600416,45.166751],[-0.600285,45.166263],[-0.600136,45.165223],[-0.600603,45.165183],[-0.601313,45.165052],[-0.602658,45.164656],[-0.603312,45.16438],[-0.604003,45.164195],[-0.604227,45.163708],[-0.604544,45.16355],[-0.604937,45.163102],[-0.606188,45.162878],[-0.607104,45.162878],[-0.60815,45.162852],[-0.609383,45.162944],[-0.610242,45.162799],[-0.611008,45.162536],[-0.613492,45.161956],[-0.615678,45.161904],[-0.617172,45.161667],[-0.619208,45.161693],[-0.619974,45.161429],[-0.621132,45.160903],[-0.623,45.160363],[-0.624308,45.16031],[-0.625485,45.160521],[-0.62795,45.160784],[-0.628866,45.161074],[-0.629613,45.161061],[-0.630584,45.160947],[-0.631601,45.16092],[-0.631977,45.160586],[-0.632531,45.159778],[-0.633098,45.1582],[-0.633616,45.157149],[-0.634503,45.156015],[-0.635538,45.15495],[-0.636114,45.154126],[-0.636419,45.15337],[-0.636489,45.15267],[-0.63648,45.151213],[-0.636681,45.150488],[-0.637221,45.149652],[-0.638093,45.148632],[-0.638542,45.147835],[-0.639065,45.146517],[-0.639607,45.14574],[-0.640485,45.144976],[-0.640914,45.14495],[-0.64239,45.145398],[-0.644165,45.145951],[-0.64465,45.145556],[-0.645715,45.145661],[-0.645584,45.145938],[-0.646929,45.146623],[-0.647209,45.146517],[-0.647882,45.146781],[-0.648517,45.14628],[-0.650348,45.147203],[-0.650572,45.146768],[-0.650852,45.145951],[-0.651039,45.14599],[-0.651375,45.145358],[-0.652346,45.144581],[-0.653,45.143869],[-0.653841,45.143513],[-0.654158,45.143197],[-0.654327,45.142644],[-0.655279,45.141603],[-0.6564,45.140127],[-0.657203,45.139113],[-0.658343,45.137729],[-0.658548,45.137215],[-0.659893,45.135766],[-0.660678,45.135212],[-0.661201,45.134646],[-0.6615,45.134975],[-0.662228,45.134039],[-0.663013,45.133077],[-0.664339,45.131746],[-0.662938,45.130969],[-0.662882,45.12944],[-0.663835,45.127859],[-0.664003,45.127252],[-0.664451,45.126831],[-0.66432,45.126528],[-0.6631,45.127153],[-0.6631,45.127153],[-0.662756,45.126835],[-0.66237,45.126048],[-0.661598,45.125291],[-0.659109,45.123671],[-0.656727,45.121612],[-0.65471,45.12087],[-0.653229,45.120098],[-0.653444,45.119795],[-0.653487,45.119371],[-0.653036,45.118932],[-0.651706,45.118296],[-0.650053,45.116994],[-0.64986,45.116388],[-0.649517,45.115873],[-0.648487,45.114904],[-0.648144,45.114193],[-0.647715,45.112572],[-0.647865,45.111936],[-0.647629,45.111013],[-0.647757,45.110301],[-0.647543,45.109483],[-0.647114,45.109317],[-0.646084,45.109453],[-0.645483,45.109271],[-0.644196,45.109105],[-0.644174,45.108105],[-0.644324,45.107802],[-0.643723,45.106151],[-0.644775,45.106076],[-0.64529,45.106242],[-0.64632,45.105955],[-0.647328,45.105046],[-0.6472,45.104864],[-0.647006,45.103698],[-0.647436,45.103032],[-0.647285,45.102168],[-0.646985,45.101547],[-0.646599,45.101078],[-0.64544,45.101578],[-0.645032,45.101608],[-0.642951,45.102274],[-0.640784,45.102562],[-0.639389,45.102623],[-0.637608,45.102426],[-0.6372,45.102471],[-0.636921,45.102092],[-0.635312,45.102123],[-0.634454,45.10235],[-0.632544,45.102653],[-0.631643,45.102638],[-0.629647,45.102835],[-0.628403,45.103092],[-0.628167,45.102698],[-0.62748,45.102274],[-0.627244,45.100638],[-0.62527,45.094549],[-0.625077,45.093686],[-0.625613,45.092307],[-0.626729,45.091959],[-0.62881,45.09108],[-0.628789,45.090656],[-0.628467,45.089899],[-0.628381,45.088884],[-0.62836,45.087429],[-0.628274,45.087066],[-0.628424,45.086854],[-0.627587,45.084112],[-0.629626,45.08293],[-0.631793,45.082824],[-0.632716,45.082672],[-0.63293,45.082248],[-0.633102,45.081733],[-0.635076,45.080627],[-0.637715,45.078551],[-0.637823,45.078051],[-0.637608,45.076096],[-0.6372,45.075111],[-0.635591,45.073808],[-0.635119,45.073338],[-0.634304,45.072854],[-0.632501,45.071399],[-0.631643,45.070868],[-0.629604,45.069171],[-0.628617,45.068626],[-0.62439,45.063746],[-0.622845,45.062321],[-0.621815,45.062851],[-0.621171,45.063003],[-0.620227,45.063533],[-0.61909,45.063442],[-0.61836,45.063458],[-0.617202,45.063321],[-0.616708,45.063427],[-0.616365,45.06367],[-0.616258,45.063624],[-0.616665,45.063109],[-0.616901,45.062457],[-0.615356,45.061078],[-0.611494,45.057895],[-0.611301,45.057592],[-0.610657,45.057183],[-0.60952,45.057274],[-0.609026,45.057516],[-0.608404,45.057152],[-0.607632,45.056986],[-0.606666,45.056485],[-0.606022,45.056031],[-0.604992,45.055485],[-0.603683,45.054954],[-0.601666,45.054318],[-0.600508,45.053636],[-0.600272,45.053257],[-0.599649,45.053014],[-0.598491,45.052226],[-0.598319,45.051786],[-0.598534,45.051468],[-0.599885,45.050543],[-0.600872,45.050225],[-0.601108,45.049982],[-0.601023,45.049588],[-0.595787,45.046344],[-0.595079,45.045677],[-0.59347,45.045252],[-0.590036,45.04363],[-0.588942,45.042296],[-0.587891,45.041507],[-0.586539,45.041432],[-0.584157,45.041022],[-0.580659,45.040734],[-0.579822,45.041007],[-0.577956,45.041947],[-0.576883,45.04313],[-0.575853,45.04269],[-0.574587,45.042584],[-0.5736,45.042736],[-0.57257,45.04266],[-0.57242,45.042781],[-0.572269,45.043145],[-0.57199,45.043251],[-0.571347,45.043039],[-0.570682,45.042675],[-0.568622,45.042084],[-0.566819,45.041765],[-0.565768,45.04128],[-0.564931,45.040583],[-0.564008,45.04031],[-0.563429,45.040734],[-0.562141,45.041204],[-0.561176,45.041447],[-0.560446,45.041295],[-0.560532,45.041022],[-0.560253,45.040946],[-0.560596,45.040037],[-0.560414,45.038877],[-0.560199,45.038915],[-0.560183,45.038672],[-0.559971,45.038649],[-0.55991,45.038217],[-0.55991,45.038217],[-0.557968,45.038225],[-0.557968,45.038225],[-0.557796,45.037884],[-0.555393,45.037626],[-0.5552,45.037868],[-0.554985,45.038748],[-0.549642,45.03805],[-0.546595,45.037459],[-0.543999,45.037004],[-0.542068,45.036231],[-0.539536,45.035639],[-0.53842,45.035048],[-0.536789,45.034366],[-0.534515,45.033881],[-0.533356,45.033744],[-0.532412,45.033926],[-0.531382,45.033971],[-0.530008,45.033987],[-0.528099,45.034821],[-0.526532,45.035958],[-0.526618,45.036292],[-0.526404,45.036458],[-0.524902,45.036731],[-0.524365,45.037171],[-0.524043,45.037838],[-0.523185,45.03893],[-0.522026,45.039051],[-0.521661,45.038778],[-0.519795,45.038384],[-0.518421,45.037277],[-0.516962,45.036913],[-0.513443,45.036489],[-0.510976,45.03658],[-0.507349,45.037232],[-0.506641,45.037277],[-0.504367,45.036974],[-0.502907,45.03755],[-0.501534,45.037444],[-0.500311,45.03805],[-0.499174,45.038384],[-0.497801,45.038611],[-0.495462,45.039324],[-0.49441,45.039385],[-0.492179,45.038763],[-0.491084,45.038884],[-0.489518,45.038915],[-0.489475,45.039749],[-0.489089,45.040113],[-0.488381,45.039824],[-0.486836,45.039536],[-0.484797,45.039415],[-0.484239,45.039127],[-0.484003,45.038687],[-0.483381,45.038278],[-0.482372,45.037853],[-0.482802,45.037565],[-0.483553,45.036746],[-0.483724,45.035579],[-0.484025,45.034502],[-0.484068,45.033532],[-0.481321,45.032804],[-0.478532,45.031818],[-0.477995,45.031303],[-0.47866,45.030681],[-0.47969,45.029255],[-0.476793,45.028573],[-0.475077,45.027648],[-0.474154,45.027284],[-0.473382,45.027087],[-0.473553,45.026783],[-0.473339,45.026071],[-0.472888,45.025904],[-0.472867,45.025009],[-0.472202,45.02372],[-0.47203,45.023052],[-0.470785,45.023265],[-0.470549,45.022461],[-0.469476,45.022537],[-0.46924,45.021778],[-0.467781,45.02196],[-0.467459,45.021414],[-0.466665,45.020868],[-0.465571,45.019245],[-0.464992,45.019094],[-0.464992,45.01879],[-0.465163,45.018699],[-0.464927,45.018153],[-0.465185,45.018047],[-0.46497,45.017289],[-0.465056,45.016985],[-0.464734,45.01647],[-0.463897,45.015848],[-0.462181,45.014012],[-0.462674,45.013709],[-0.46173,45.012875],[-0.461494,45.012586],[-0.460571,45.012768],[-0.460035,45.012966],[-0.459928,45.01333],[-0.459584,45.013572],[-0.456838,45.014771],[-0.455937,45.014058],[-0.455035,45.013785],[-0.456065,45.013254],[-0.455765,45.012329],[-0.455229,45.012313],[-0.454606,45.011843],[-0.454177,45.010903],[-0.454113,45.010372],[-0.454241,45.01019],[-0.454005,45.00937],[-0.453662,45.009128],[-0.449521,45.001876],[-0.450122,45.001861],[-0.450551,45.002043],[-0.45128,45.001982],[-0.451581,45.0018],[-0.451366,45.001056],[-0.451709,45.000753],[-0.452267,45.00045],[-0.452697,44.999782],[-0.452804,44.999266],[-0.452224,44.999069],[-0.451967,44.998781],[-0.45201,44.998098],[-0.451581,44.997946],[-0.449607,44.99784],[-0.448426,44.997703],[-0.448641,44.996064],[-0.448963,44.995306],[-0.449006,44.994714],[-0.448941,44.99435],[-0.448684,44.994244],[-0.447997,44.992954],[-0.447826,44.992028],[-0.450679,44.985229],[-0.450787,44.984622],[-0.452139,44.984971],[-0.452975,44.984911],[-0.454005,44.984561],[-0.454542,44.984212],[-0.455357,44.983863],[-0.455872,44.983393],[-0.456258,44.982558],[-0.456881,44.982163],[-0.456945,44.980752],[-0.456666,44.979325],[-0.456301,44.978885],[-0.455679,44.977322],[-0.455722,44.976578],[-0.456495,44.976532],[-0.457825,44.976365],[-0.457868,44.975075],[-0.458726,44.974847],[-0.459112,44.974529],[-0.459005,44.973162],[-0.458619,44.972904],[-0.458898,44.972282],[-0.45849,44.972252],[-0.458576,44.971857],[-0.459348,44.971553],[-0.459563,44.971265],[-0.460271,44.971235],[-0.460142,44.96876],[-0.45967,44.968183],[-0.458597,44.967379],[-0.457868,44.966953],[-0.458233,44.966878],[-0.460443,44.965375],[-0.460335,44.965101],[-0.458597,44.963538],[-0.456709,44.964312],[-0.456537,44.96416],[-0.466987,44.959332],[-0.467953,44.958709],[-0.468446,44.957996],[-0.468554,44.957267],[-0.468457,44.956196],[-0.468725,44.955976],[-0.469165,44.955991],[-0.469155,44.956143],[-0.468811,44.956409],[-0.468779,44.956842],[-0.468854,44.956993],[-0.475463,44.957024],[-0.477308,44.956371],[-0.477866,44.956477],[-0.478424,44.956796],[-0.478596,44.958421],[-0.478982,44.958755],[-0.479669,44.958831],[-0.480119,44.958664],[-0.480677,44.95792],[-0.4813,44.957738],[-0.484175,44.958816],[-0.486085,44.953714],[-0.488273,44.948717],[-0.489153,44.947244],[-0.49014,44.944571],[-0.491749,44.941139],[-0.492028,44.940106],[-0.495719,44.931843],[-0.496535,44.929701],[-0.496492,44.929306],[-0.49662,44.929093],[-0.4975,44.928881],[-0.497457,44.928318],[-0.497693,44.927604],[-0.497886,44.92686],[-0.49838,44.926359],[-0.500182,44.924049],[-0.501942,44.922302],[-0.502199,44.920616],[-0.502714,44.919917],[-0.503337,44.919263],[-0.503658,44.918564],[-0.505418,44.916969],[-0.50486,44.916498],[-0.504882,44.916346],[-0.504023,44.916103],[-0.502907,44.91589],[-0.503809,44.913641],[-0.504903,44.913717],[-0.504839,44.913261],[-0.505429,44.91314],[-0.505568,44.912509],[-0.505794,44.912502],[-0.505944,44.91181],[-0.506276,44.911263],[-0.507156,44.909143],[-0.507156,44.909143],[-0.505885,44.908703],[-0.505434,44.908612],[-0.505692,44.907685],[-0.505992,44.907442],[-0.506292,44.907457],[-0.506657,44.907107],[-0.507666,44.906545],[-0.508631,44.905192],[-0.508739,44.904782],[-0.508717,44.904387],[-0.509468,44.902928],[-0.510498,44.903186],[-0.511485,44.903308],[-0.513052,44.903977],[-0.515047,44.904539],[-0.515948,44.903171],[-0.51627,44.902852],[-0.516378,44.902426],[-0.516635,44.901606],[-0.516356,44.901423],[-0.516807,44.900618],[-0.516635,44.89963],[-0.517386,44.899554],[-0.517386,44.899295],[-0.517579,44.89925],[-0.517729,44.898778],[-0.518824,44.89893],[-0.519231,44.898292],[-0.519918,44.89817],[-0.520218,44.897502],[-0.519575,44.897289],[-0.519382,44.896255],[-0.519897,44.89624],[-0.521978,44.896514],[-0.522085,44.896012],[-0.523308,44.895343],[-0.523845,44.895206],[-0.524038,44.894963],[-0.524059,44.894234],[-0.524639,44.893154],[-0.524553,44.892865],[-0.523716,44.89285],[-0.523416,44.892698],[-0.522986,44.892637],[-0.522858,44.892501],[-0.522557,44.892425],[-0.52275,44.891634],[-0.52378,44.890418],[-0.523759,44.889734],[-0.523373,44.889111],[-0.522708,44.888974],[-0.522193,44.888639],[-0.521463,44.888624],[-0.520519,44.888746],[-0.519897,44.888639],[-0.519553,44.888381],[-0.518931,44.888411],[-0.517901,44.888153],[-0.5173,44.888396],[-0.517,44.888335],[-0.517386,44.886405],[-0.517322,44.885979],[-0.517558,44.885614],[-0.518244,44.88528],[-0.519017,44.886389],[-0.519532,44.886906],[-0.519832,44.886678],[-0.519403,44.886237],[-0.519146,44.885705],[-0.519467,44.885508],[-0.520261,44.885523],[-0.520776,44.88531],[-0.52127,44.884945],[-0.521399,44.884519],[-0.52127,44.8842],[-0.521012,44.883744],[-0.522321,44.882893],[-0.523158,44.882725],[-0.524467,44.88192],[-0.525883,44.881555],[-0.526076,44.880962],[-0.526334,44.880475],[-0.52584,44.880369],[-0.524252,44.879745],[-0.524746,44.879441],[-0.525905,44.879472],[-0.526699,44.879092],[-0.527063,44.87824],[-0.528372,44.878453],[-0.528265,44.87821],[-0.528372,44.877449],[-0.52996,44.877419],[-0.531419,44.877738],[-0.53202,44.877632],[-0.533522,44.877784],[-0.533694,44.877571],[-0.534295,44.877586],[-0.535904,44.875153],[-0.536762,44.874028],[-0.537342,44.872736],[-0.537535,44.871413],[-0.537556,44.869177],[-0.538286,44.86644],[-0.538736,44.865451],[-0.538608,44.864919],[-0.537492,44.86393],[-0.53732,44.863383],[-0.537857,44.862577],[-0.538457,44.860493],[-0.53835,44.859459],[-0.538715,44.859413],[-0.540818,44.859809],[-0.542663,44.859672],[-0.543371,44.859717],[-0.543843,44.859596],[-0.545131,44.858622],[-0.549422,44.856021],[-0.557083,44.852066],[-0.557941,44.852903],[-0.560258,44.851595],[-0.561589,44.850819],[-0.561696,44.850575],[-0.563005,44.849647],[-0.563863,44.848704],[-0.564486,44.849039],[-0.564614,44.848917],[-0.564636,44.848659],[-0.565322,44.847289],[-0.565537,44.846437],[-0.565451,44.845905],[-0.565237,44.845555],[-0.565215,44.844962],[-0.564722,44.844247],[-0.564378,44.843379],[-0.563735,44.842375],[-0.562039,44.841113],[-0.562018,44.840899],[-0.561524,44.840595],[-0.560623,44.839728],[-0.566181,44.836441],[-0.567082,44.83597],[-0.569142,44.835452],[-0.570987,44.835026],[-0.573326,44.83492],[-0.572597,44.830537],[-0.574356,44.828437],[-0.575772,44.827387],[-0.580171,44.823034],[-0.582553,44.821695],[-0.58457,44.818849],[-0.586136,44.816094],[-0.586995,44.815333],[-0.590728,44.812745],[-0.591372,44.809898],[-0.591394,44.807676],[-0.593754,44.801738],[-0.602079,44.796896],[-0.604354,44.794978],[-0.605062,44.793881],[-0.605169,44.790516],[-0.604762,44.787668],[-0.605084,44.786419],[-0.611564,44.775469],[-0.613044,44.774037],[-0.613946,44.773625],[-0.614675,44.771874],[-0.61549,44.770609],[-0.616392,44.769787],[-0.617271,44.767822],[-0.61843,44.766633],[-0.618623,44.765948],[-0.617958,44.765612],[-0.617593,44.764896],[-0.61695,44.764683],[-0.616284,44.76418],[-0.615812,44.763358],[-0.614353,44.761331],[-0.614847,44.759701],[-0.614589,44.758833],[-0.614053,44.758101],[-0.613516,44.757766],[-0.614503,44.754627],[-0.615169,44.753698],[-0.616327,44.751534],[-0.616735,44.748806],[-0.616585,44.748273],[-0.618323,44.745987],[-0.618495,44.745347],[-0.618344,44.744158],[-0.617765,44.742268],[-0.61755,44.740424],[-0.619331,44.740165],[-0.619696,44.739814],[-0.621756,44.736415],[-0.623559,44.735165],[-0.624331,44.734357],[-0.626885,44.730989],[-0.627528,44.729251],[-0.620876,44.72797],[-0.62122,44.723412],[-0.622142,44.722421],[-0.622593,44.720744],[-0.624267,44.719143],[-0.625168,44.71742],[-0.624975,44.716048],[-0.627056,44.713776],[-0.628172,44.712968],[-0.628644,44.712403],[-0.628322,44.712144],[-0.628365,44.711763],[-0.628558,44.711382],[-0.628387,44.711061],[-0.628515,44.710619],[-0.62961,44.709613],[-0.63109,44.708881],[-0.631755,44.708438],[-0.632034,44.707783],[-0.632056,44.707157],[-0.634566,44.704351],[-0.634867,44.702552],[-0.636626,44.703406],[-0.637463,44.704092],[-0.637764,44.703055],[-0.639931,44.70153],[-0.640875,44.700096],[-0.6439,44.697564],[-0.6439,44.694468],[-0.644244,44.693949],[-0.649158,44.688732],[-0.651239,44.68768],[-0.657161,44.685025],[-0.659672,44.683713],[-0.665487,44.67964],[-0.668663,44.676084],[-0.67098,44.674726],[-0.672267,44.674101],[-0.673641,44.672941],[-0.676602,44.669569],[-0.695742,44.643514],[-0.697566,44.645208],[-0.705634,44.640124],[-0.723551,44.616057],[-0.724946,44.614622],[-0.730439,44.60703],[-0.731963,44.603546],[-0.732778,44.600628],[-0.734945,44.595434],[-0.73604,44.593462],[-0.74031,44.593355],[-0.741254,44.593967],[-0.747927,44.597023],[-0.757047,44.601362],[-0.758184,44.60211],[-0.760351,44.604035],[-0.761446,44.604616],[-0.762025,44.605059],[-0.769299,44.606266],[-0.769278,44.605319],[-0.768055,44.59661],[-0.768119,44.595556],[-0.769836,44.584446],[-0.770801,44.581604],[-0.770973,44.57925],[-0.770994,44.577676],[-0.771423,44.576224],[-0.772561,44.574588],[-0.772582,44.57309],[-0.773762,44.569835],[-0.773591,44.567511],[-0.77402,44.566426],[-0.774664,44.565906],[-0.775822,44.564362],[-0.775844,44.563582],[-0.772346,44.563276],[-0.765737,44.562252],[-0.764707,44.561931],[-0.758163,44.560693],[-0.782088,44.519414],[-0.781358,44.519276],[-0.780951,44.518434],[-0.780908,44.518052],[-0.7805,44.517241],[-0.780436,44.516308],[-0.779942,44.515053],[-0.779663,44.513829],[-0.779921,44.513171],[-0.780092,44.512008],[-0.779427,44.511411],[-0.778805,44.511075],[-0.777968,44.511075],[-0.777238,44.510616],[-0.777153,44.510279],[-0.777689,44.509881],[-0.778805,44.509483],[-0.782002,44.508657],[-0.783998,44.508336],[-0.785221,44.508412],[-0.786165,44.508795],[-0.787088,44.509468],[-0.787796,44.509652],[-0.787946,44.509085],[-0.788289,44.508642],[-0.788396,44.508244],[-0.788783,44.508305],[-0.788954,44.508152],[-0.789405,44.50806],[-0.789405,44.50806],[-0.789598,44.508106],[-0.790413,44.507219],[-0.793246,44.506729],[-0.795241,44.506882],[-0.794962,44.506392],[-0.794962,44.504418],[-0.795199,44.502092],[-0.795842,44.500393],[-0.795735,44.499689],[-0.794941,44.498281],[-0.794555,44.498189],[-0.794769,44.497975],[-0.794426,44.496735],[-0.794297,44.496551],[-0.794319,44.496154],[-0.794169,44.495388],[-0.793654,44.495097],[-0.793503,44.494669],[-0.79316,44.494363],[-0.793696,44.494485],[-0.794512,44.494103],[-0.793825,44.492587],[-0.793117,44.492679],[-0.792988,44.493307],[-0.791722,44.493138],[-0.791722,44.492694],[-0.797087,44.49046],[-0.804382,44.492434],[-0.805026,44.492388],[-0.811549,44.491087],[-0.811935,44.490582],[-0.811742,44.489602],[-0.811313,44.488347],[-0.810884,44.48801],[-0.810283,44.487827],[-0.81009,44.487291],[-0.809918,44.48602],[-0.809318,44.48403],[-0.809253,44.483096],[-0.809296,44.481075],[-0.807386,44.477707],[-0.807129,44.476544],[-0.806485,44.474936],[-0.806035,44.474584],[-0.805069,44.47417],[-0.804318,44.472808],[-0.804447,44.471185],[-0.804275,44.469852],[-0.809275,44.469071],[-0.833071,44.466177],[-0.833093,44.462303],[-0.829359,44.455212],[-0.832857,44.432386],[-0.832749,44.423774],[-0.832084,44.423897],[-0.830582,44.423621],[-0.82923,44.423253],[-0.819682,44.423008],[-0.821184,44.4191],[-0.821119,44.418778],[-0.825563,44.408405],[-0.818652,44.398283],[-0.818394,44.398498],[-0.818823,44.399035],[-0.818823,44.399249],[-0.818287,44.399464],[-0.818287,44.399786],[-0.818759,44.400261],[-0.818652,44.402131],[-0.818072,44.403572],[-0.817793,44.405136],[-0.817793,44.406362],[-0.812515,44.406087],[-0.811378,44.406179],[-0.808416,44.406056],[-0.80685,44.405918],[-0.804511,44.405857],[-0.803588,44.406179],[-0.803009,44.406148],[-0.802194,44.405811],[-0.801486,44.405443],[-0.796121,44.404078],[-0.794233,44.403741],[-0.793696,44.403481],[-0.789233,44.402392],[-0.788783,44.402377],[-0.788311,44.40207],[-0.787238,44.401764],[-0.786809,44.401135],[-0.785779,44.40138],[-0.784427,44.401334],[-0.78389,44.401442],[-0.783547,44.401871],[-0.783139,44.403113],[-0.78241,44.403235],[-0.781916,44.403205],[-0.780843,44.402561],[-0.779792,44.402407],[-0.778569,44.402469],[-0.77829,44.402637],[-0.778032,44.403235],[-0.777711,44.403465],[-0.777045,44.40276],[-0.777131,44.402285],[-0.776487,44.401242],[-0.776037,44.400675],[-0.775007,44.399786],[-0.774814,44.399249],[-0.773827,44.397456],[-0.773655,44.396643],[-0.77387,44.396244],[-0.773655,44.395953],[-0.771745,44.394619],[-0.768913,44.393668],[-0.766359,44.392825],[-0.764192,44.392933],[-0.762926,44.393009],[-0.755888,44.392641],[-0.755851,44.387019],[-0.755588,44.386048],[-0.755588,44.382275],[-0.754751,44.379515],[-0.75503,44.378717],[-0.751927,44.372982],[-0.752828,44.372911],[-0.753208,44.37271],[-0.75451,44.371451],[-0.75501,44.370249],[-0.755671,44.369734],[-0.755911,44.369533],[-0.755931,44.369039],[-0.754987,44.367383],[-0.75342,44.363532],[-0.753428,44.363064],[-0.753849,44.362634],[-0.756732,44.361432],[-0.757613,44.360845],[-0.759315,44.360487],[-0.761096,44.360273],[-0.761557,44.359929],[-0.761156,44.357682],[-0.761297,44.357267],[-0.761277,44.351612],[-0.761116,44.349994],[-0.760396,44.34799],[-0.758972,44.344222],[-0.75858,44.343741],[-0.75688,44.342486],[-0.756167,44.341791],[-0.755244,44.341392],[-0.754059,44.340642],[-0.7532,44.341029],[-0.751986,44.341056],[-0.74655,44.339867],[-0.742097,44.339442],[-0.740855,44.339013],[-0.736431,44.338282],[-0.732206,44.337781],[-0.732267,44.337065],[-0.732166,44.335662],[-0.734249,44.33191],[-0.73567,44.328945],[-0.737492,44.321827],[-0.737892,44.321068],[-0.738193,44.320166],[-0.740255,44.32028],[-0.741416,44.320065],[-0.755571,44.313806],[-0.756452,44.313261],[-0.757905,44.311536],[-0.759042,44.310737],[-0.760556,44.310253],[-0.760356,44.310038],[-0.761196,44.309995],[-0.761997,44.30988],[-0.762358,44.309895],[-0.763078,44.309909],[-0.763355,44.309724],[-0.769557,44.309094],[-0.769363,44.308296],[-0.770308,44.307482],[-0.770715,44.307421],[-0.771509,44.307651],[-0.774041,44.307451],[-0.777174,44.308127],[-0.777904,44.308572],[-0.77844,44.308311],[-0.778805,44.307482],[-0.781251,44.305931],[-0.784942,44.302],[-0.785628,44.300633],[-0.786916,44.300802],[-0.791014,44.298652],[-0.795413,44.296103],[-0.798052,44.295166],[-0.799318,44.294598],[-0.801292,44.293891],[-0.803116,44.293031],[-0.804125,44.291787],[-0.805691,44.290865],[-0.807344,44.290036],[-0.80773,44.289268],[-0.809854,44.288008],[-0.811678,44.286795],[-0.813459,44.285889],[-0.814596,44.284967],[-0.815798,44.283769],[-0.816141,44.283078],[-0.81539,44.28274],[-0.81509,44.282432],[-0.817107,44.281572],[-0.817836,44.28085],[-0.821506,44.277732],[-0.82614,44.277025],[-0.82863,44.276518],[-0.838779,44.269573],[-0.848607,44.262505],[-0.881415,44.238774],[-0.896929,44.227581],[-0.90356,44.223153],[-0.912615,44.220615],[-0.915469,44.218801],[-0.916177,44.21757],[-0.919467,44.217114],[-0.920182,44.215678],[-0.919851,44.214416],[-0.921241,44.212341],[-0.921713,44.212034],[-0.922292,44.212003],[-0.922378,44.211634],[-0.926491,44.208682],[-0.926477,44.208342],[-0.925358,44.207233],[-0.925776,44.204746],[-0.923709,44.201328],[-0.923773,44.200713],[-0.924086,44.200336],[-0.925602,44.199699],[-0.93212,44.198221],[-0.932528,44.197898],[-0.94051,44.18462],[-0.940639,44.183851],[-0.940138,44.18284],[-0.940208,44.182453],[-0.940504,44.181865],[-0.944029,44.182927],[-0.944158,44.182481],[-0.943857,44.182312],[-0.943342,44.182158],[-0.943085,44.181789],[-0.960094,44.153223],[-0.96107,44.151923],[-0.962354,44.150697],[-0.965787,44.148511],[-0.968722,44.148246],[-0.969306,44.147987],[-0.970036,44.147263],[-0.970168,44.146133],[-0.969645,44.14532],[-0.970036,44.144677],[-0.971911,44.141843],[-0.973445,44.140279],[-0.977332,44.136915],[-0.978855,44.135453],[-0.979692,44.134282],[-0.980573,44.132899],[-0.981166,44.131711],[-0.992609,44.12384],[-1.001087,44.117223],[-1.010827,44.109467],[-1.020678,44.101693],[-1.027719,44.096035],[-1.026847,44.095973],[-1.025847,44.095753],[-1.025767,44.095222],[-1.025906,44.094984],[-1.026098,44.093933],[-1.026359,44.092881],[-1.025749,44.091129],[-1.024903,44.089758],[-1.02471,44.088865],[-1.024878,44.087886],[-1.024338,44.087511],[-1.024355,44.087223],[-1.024111,44.086747],[-1.022961,44.086747],[-1.022671,44.086907],[-1.021019,44.085597],[-1.019968,44.08441],[-1.021322,44.084118],[-1.022438,44.083717],[-1.023766,44.083501],[-1.026011,44.082503],[-1.027478,44.082191],[-1.028015,44.082052],[-1.029152,44.08142],[-1.033937,44.07843],[-1.035405,44.07762],[-1.036533,44.077258],[-1.037069,44.076873],[-1.038438,44.076518],[-1.03958,44.076179],[-1.041039,44.075547],[-1.041983,44.075254],[-1.04267,44.074714],[-1.044558,44.073789],[-1.045459,44.072957],[-1.047004,44.072417],[-1.048059,44.071885],[-1.048616,44.071234],[-1.051317,44.070028],[-1.052841,44.068764],[-1.053165,44.068191],[-1.05357,44.066759],[-1.053549,44.066074],[-1.053078,44.065549],[-1.052886,44.06516],[-1.056574,44.064261],[-1.059405,44.062919],[-1.060242,44.062743],[-1.062159,44.062706],[-1.064616,44.060727],[-1.065697,44.060915],[-1.067818,44.061023],[-1.068762,44.061131],[-1.069556,44.061378],[-1.069556,44.061378],[-1.070415,44.059605],[-1.071656,44.055963],[-1.071806,44.054782],[-1.072515,44.053721],[-1.072459,44.053238],[-1.071824,44.052231],[-1.07175,44.050593],[-1.071152,44.050311],[-1.070779,44.049982],[-1.069921,44.048625],[-1.069601,44.047519],[-1.068441,44.045695],[-1.067239,44.044584],[-1.066594,44.043558],[-1.06594,44.042819],[-1.065473,44.041785],[-1.06439,44.040899],[-1.064063,44.039525],[-1.064106,44.03846],[-1.063677,44.036733],[-1.063437,44.035863],[-1.063568,44.035152],[-1.063119,44.033916],[-1.063026,44.033419],[-1.06284,44.033031],[-1.06254,44.031969],[-1.062196,44.031256],[-1.061662,44.030196],[-1.061209,44.029729],[-1.060187,44.028799],[-1.059832,44.028249],[-1.059103,44.027228],[-1.05887,44.026366],[-1.058244,44.02477],[-1.059536,44.024715],[-1.060093,44.024607],[-1.061513,44.024743],[-1.062391,44.024313],[-1.063997,44.02391],[-1.065415,44.023789],[-1.066423,44.023635],[-1.06736,44.023789],[-1.068998,44.023774],[-1.07005,44.023977],[-1.07226,44.024669],[-1.071544,44.018443],[-1.07018,44.013553],[-1.070311,44.013231],[-1.070778,44.012962],[-1.073842,44.011982],[-1.073991,44.01178],[-1.073973,44.011525],[-1.072668,44.010549],[-1.072689,44.010272],[-1.073805,44.009901],[-1.074041,44.009654],[-1.070736,44.00808],[-1.068913,44.00646],[-1.069826,44.006016],[-1.070872,44.004834],[-1.071077,44.003692],[-1.071264,44.002523],[-1.072067,44.001212],[-1.073281,43.999567],[-1.075486,43.996328],[-1.076494,43.995468],[-1.07655,43.994837],[-1.077223,43.993506],[-1.079053,43.989044],[-1.079838,43.987566],[-1.079931,43.986867],[-1.080454,43.986383],[-1.081146,43.985967],[-1.081351,43.985752],[-1.081575,43.985899],[-1.082136,43.986007],[-1.0832,43.985711],[-1.083836,43.985738],[-1.08589,43.98555],[-1.086824,43.985241],[-1.087329,43.984905],[-1.087814,43.984972],[-1.088337,43.982674],[-1.089066,43.980389],[-1.090542,43.977727],[-1.091121,43.976692],[-1.091308,43.975738],[-1.091775,43.97274],[-1.091849,43.970387],[-1.093979,43.969392],[-1.093979,43.969392],[-1.094595,43.968801],[-1.094875,43.967685],[-1.096202,43.965977],[-1.096239,43.965453],[-1.095529,43.96353],[-1.095174,43.961755],[-1.094838,43.961043],[-1.094296,43.960613],[-1.09269,43.959456],[-1.092223,43.958757],[-1.087067,43.950056],[-1.085554,43.947044],[-1.083873,43.944139],[-1.082379,43.943009],[-1.082042,43.942552],[-1.082042,43.94204],[-1.082341,43.941583],[-1.08292,43.941018],[-1.083032,43.940359],[-1.082808,43.9397],[-1.079987,43.935221],[-1.07924,43.934239],[-1.079222,43.933741],[-1.079408,43.932988],[-1.080212,43.930741],[-1.0801,43.930284],[-1.078474,43.927364],[-1.077671,43.924297],[-1.077634,43.921041],[-1.075504,43.913371],[-1.074963,43.912806],[-1.072758,43.907423],[-1.072123,43.907571],[-1.07175,43.907773],[-1.070797,43.907826],[-1.070386,43.907598],[-1.070106,43.90749],[-1.06962,43.907221],[-1.068929,43.9071],[-1.068667,43.906655],[-1.068219,43.9064],[-1.067565,43.905686],[-1.066575,43.904987],[-1.066052,43.904152],[-1.065417,43.903896],[-1.06495,43.903506],[-1.064819,43.903264],[-1.065043,43.90286],[-1.064464,43.902914],[-1.06,43.903116],[-1.059682,43.901878],[-1.059439,43.901568],[-1.059402,43.901043],[-1.05957,43.900061],[-1.059626,43.899145],[-1.060093,43.897732],[-1.061046,43.894151],[-1.061364,43.893478],[-1.061457,43.892913],[-1.062783,43.888861],[-1.063213,43.887999],[-1.06566,43.885455],[-1.066594,43.883933],[-1.067192,43.882547],[-1.067958,43.880514],[-1.067864,43.878305],[-1.068088,43.877497],[-1.070106,43.872798],[-1.070573,43.872771],[-1.071283,43.871546],[-1.07104,43.870697],[-1.06919,43.869229],[-1.069041,43.86857],[-1.068387,43.868516],[-1.067584,43.868246],[-1.066968,43.868152],[-1.066332,43.867856],[-1.065305,43.867223],[-1.064539,43.866576],[-1.063456,43.865081],[-1.062895,43.864758],[-1.058655,43.863964],[-1.054826,43.864381],[-1.05391,43.864664],[-1.053331,43.865135],[-1.053294,43.862819],[-1.053406,43.85727],[-1.053481,43.841939],[-1.054153,43.83849],[-1.052715,43.835849],[-1.051407,43.830176],[-1.054022,43.824651],[-1.052154,43.819489],[-1.05675,43.811941],[-1.056918,43.810768],[-1.056918,43.808665],[-1.056992,43.808086],[-1.057814,43.807128],[-1.05703,43.806724],[-1.053779,43.804136],[-1.052472,43.803879],[-1.050921,43.804176],[-1.04924,43.804095],[-1.047354,43.80419],[-1.044215,43.803421],[-1.043001,43.8033],[-1.043057,43.802545],[-1.042198,43.800886],[-1.041955,43.800738],[-1.041731,43.800307],[-1.041226,43.799363],[-1.040573,43.798864],[-1.040367,43.798419],[-1.039583,43.798042],[-1.039452,43.797758],[-1.039601,43.79699],[-1.039153,43.796302],[-1.03906,43.795251],[-1.03863,43.795102],[-1.037808,43.795062],[-1.037154,43.794738],[-1.036332,43.794671],[-1.035174,43.794266],[-1.035249,43.791367],[-1.034745,43.788603],[-1.036071,43.787618],[-1.037976,43.78658],[-1.038817,43.786567],[-1.039844,43.786674],[-1.040386,43.786486],[-1.042926,43.784962],[-1.042964,43.78453],[-1.042833,43.783694],[-1.043207,43.783033],[-1.043263,43.782453],[-1.044888,43.781739],[-1.04584,43.781469],[-1.04655,43.781145],[-1.047017,43.781186],[-1.04868,43.78097],[-1.049838,43.781118],[-1.049595,43.780161],[-1.048979,43.779675],[-1.048867,43.778771],[-1.051127,43.776384],[-1.050641,43.77629],[-1.050156,43.775292],[-1.049894,43.775049],[-1.049745,43.774739],[-1.049427,43.774361],[-1.048997,43.772742],[-1.048941,43.771906],[-1.048642,43.771542],[-1.04853,43.770962],[-1.048792,43.770409],[-1.046887,43.769815],[-1.046662,43.76991],[-1.045747,43.76968],[-1.04571,43.769465],[-1.045859,43.769384],[-1.04655,43.768399],[-1.046681,43.767994],[-1.046588,43.767819],[-1.046681,43.767684],[-1.046606,43.767482],[-1.046737,43.767333],[-1.046681,43.766996],[-1.046924,43.766497],[-1.046737,43.765971],[-1.046905,43.765755],[-1.046887,43.765499],[-1.047522,43.765674],[-1.047428,43.765053],[-1.047895,43.764757],[-1.048288,43.764811],[-1.048661,43.764554],[-1.048923,43.762639],[-1.048923,43.760453],[-1.047858,43.757836],[-1.047821,43.757067],[-1.047372,43.753869],[-1.046233,43.751723],[-1.047989,43.745368],[-1.05561,43.745462],[-1.052304,43.737959],[-1.051295,43.737041],[-1.051127,43.736528],[-1.051725,43.73646],[-1.053406,43.735651],[-1.051426,43.732789],[-1.050305,43.731763],[-1.050398,43.73094],[-1.050492,43.730819],[-1.050566,43.729955],[-1.050679,43.729199],[-1.051706,43.729239],[-1.051781,43.728308],[-1.052565,43.727444],[-1.052958,43.724609],[-1.053406,43.723394],[-1.053835,43.722557],[-1.054302,43.72199],[-1.051874,43.721774],[-1.054676,43.713268],[-1.053537,43.711837],[-1.0532,43.711824],[-1.053014,43.710798],[-1.053144,43.709974],[-1.052852,43.709599],[-1.052939,43.708893],[-1.052828,43.708885],[-1.05282,43.70865],[-1.052519,43.708597],[-1.052592,43.708003],[-1.052714,43.70731],[-1.05259,43.704566],[-1.053026,43.703306],[-1.046019,43.701882],[-1.038438,43.697144],[-1.042011,43.691511],[-1.042237,43.690087],[-1.04229,43.689268],[-1.041592,43.688436],[-1.040948,43.687919],[-1.04039,43.687705],[-1.040163,43.687478],[-1.039972,43.687112],[-1.039449,43.686911],[-1.037793,43.685071],[-1.038054,43.683508],[-1.037723,43.683331],[-1.037409,43.683281],[-1.037096,43.683558],[-1.03659,43.68347],[-1.036329,43.683293],[-1.038002,43.682525],[-1.039083,43.681592],[-1.039623,43.681252],[-1.039449,43.680243],[-1.039832,43.679966],[-1.039989,43.679361],[-1.039867,43.678907],[-1.040843,43.676941],[-1.041993,43.67684],[-1.04229,43.676298],[-1.042168,43.676147],[-1.042237,43.675957],[-1.041941,43.675529],[-1.042324,43.674533],[-1.043266,43.673726],[-1.043527,43.67326],[-1.043597,43.672377],[-1.043492,43.67186],[-1.043527,43.670726],[-1.043771,43.670461],[-1.044747,43.670032],[-1.045026,43.669768],[-1.045096,43.669276],[-1.045985,43.668671],[-1.046333,43.668154],[-1.048303,43.667259],[-1.048547,43.666893],[-1.048756,43.666313],[-1.048791,43.66567],[-1.048756,43.664989],[-1.049906,43.661623],[-1.050656,43.659997],[-1.051736,43.659707],[-1.052834,43.659126],[-1.053322,43.658647],[-1.053967,43.657235],[-1.053462,43.65581],[-1.05374,43.655281],[-1.053706,43.654637],[-1.053322,43.653402],[-1.052834,43.652721],[-1.052852,43.652153],[-1.053165,43.650438],[-1.05313,43.649921],[-1.052886,43.648925],[-1.053026,43.648471],[-1.054769,43.645999],[-1.054839,43.64523],[-1.055048,43.644334],[-1.057505,43.641004],[-1.058655,43.640348],[-1.059056,43.639819],[-1.059353,43.639264],[-1.05991,43.636653],[-1.059527,43.634685],[-1.060085,43.633575],[-1.059841,43.632995],[-1.060747,43.631683],[-1.060747,43.631304],[-1.061897,43.626813],[-1.062507,43.625816],[-1.063396,43.625211],[-1.068294,43.622246],[-1.068817,43.621665],[-1.0692,43.621009],[-1.069043,43.619748],[-1.068172,43.617186],[-1.067928,43.616707],[-1.06913,43.614764],[-1.070054,43.614069],[-1.069897,43.612694],[-1.069984,43.61176],[-1.072058,43.610221],[-1.072634,43.60964],[-1.072634,43.609325],[-1.072372,43.608757],[-1.070507,43.606422],[-1.070037,43.605349],[-1.069827,43.603885],[-1.069217,43.602787],[-1.069026,43.60227],[-1.068642,43.602055],[-1.068695,43.601588],[-1.068189,43.598875],[-1.068311,43.594911],[-1.0673,43.593876],[-1.066098,43.593889],[-1.066011,43.591945],[-1.065697,43.591781],[-1.064895,43.591541],[-1.063971,43.591074],[-1.063274,43.590619],[-1.062019,43.589332],[-1.060346,43.588637],[-1.058359,43.587729],[-1.056895,43.586794],[-1.056442,43.586353],[-1.057191,43.584951],[-1.057645,43.584396],[-1.057836,43.583954],[-1.057854,43.583499],[-1.057662,43.582691],[-1.057418,43.582426],[-1.05747,43.582186],[-1.058533,43.581265],[-1.059248,43.579131],[-1.059369,43.578773],[-1.059341,43.578294],[-1.059157,43.577369],[-1.059203,43.577186],[-1.059387,43.576886],[-1.059525,43.576445],[-1.060071,43.575724],[-1.059344,43.575368],[-1.059379,43.574989],[-1.060032,43.573329],[-1.060939,43.571782],[-1.061305,43.570892],[-1.061688,43.569029],[-1.062228,43.568177],[-1.063091,43.567211],[-1.063265,43.566781],[-1.063248,43.566163],[-1.063448,43.565688],[-1.063105,43.56541],[-1.062774,43.565831],[-1.062233,43.565668],[-1.062444,43.565333],[-1.062484,43.564979],[-1.062365,43.564357],[-1.062074,43.564128],[-1.061084,43.563879],[-1.060133,43.563362],[-1.059591,43.562989],[-1.059221,43.562481],[-1.058957,43.56274],[-1.058587,43.563237],[-1.057993,43.563486],[-1.057398,43.563572],[-1.056276,43.56363],[-1.054836,43.563783],[-1.052987,43.564281],[-1.051958,43.564424],[-1.050852,43.564495],[-1.050121,43.564424],[-1.048933,43.564129],[-1.048267,43.564153],[-1.047356,43.564577],[-1.046283,43.564648],[-1.044331,43.565155],[-1.043518,43.565402],[-1.043291,43.565096],[-1.043079,43.56433],[-1.042705,43.564153],[-1.03955,43.56334],[-1.039632,43.562786],[-1.040201,43.561655],[-1.038835,43.560795],[-1.038282,43.560076],[-1.03755,43.56004],[-1.03703,43.560182],[-1.036363,43.559946],[-1.036444,43.559746],[-1.036444,43.559121],[-1.03703,43.558815],[-1.036623,43.558167],[-1.036656,43.557801],[-1.036428,43.557566],[-1.036396,43.557413],[-1.036103,43.557306],[-1.035631,43.557271],[-1.034216,43.556894],[-1.033696,43.556847],[-1.033257,43.556929],[-1.033029,43.556411],[-1.032916,43.555774],[-1.032428,43.555268],[-1.031745,43.554796],[-1.031826,43.554266],[-1.031663,43.55403],[-1.03111,43.553641],[-1.03059,43.553547],[-1.029988,43.553653],[-1.029611,43.553914],[-1.029232,43.554013],[-1.028807,43.554205],[-1.028329,43.554387],[-1.027836,43.55492],[-1.02751,43.555146],[-1.02669,43.555454],[-1.026318,43.555503],[-1.026053,43.555454],[-1.024721,43.554227],[-1.02385,43.553608],[-1.022734,43.552699],[-1.022089,43.552004],[-1.021985,43.551461],[-1.0208,43.551069],[-1.020678,43.550766],[-1.020399,43.550577],[-1.019283,43.550274],[-1.016251,43.550299],[-1.015867,43.548909],[-1.015344,43.549061],[-1.015135,43.548796],[-1.015048,43.54541],[-1.015362,43.543843],[-1.015153,43.542681],[-1.014909,43.541784],[-1.014455,43.541367],[-1.010935,43.539485],[-1.010621,43.53903],[-1.010656,43.538638],[-1.012469,43.534254],[-1.01341,43.534241],[-1.014403,43.534128],[-1.015222,43.534229],[-1.015466,43.532788],[-1.016547,43.532144],[-1.016773,43.531727],[-1.017087,43.530741],[-1.018046,43.530905],[-1.019126,43.529667],[-1.020486,43.528644],[-1.021009,43.528391],[-1.021462,43.527936],[-1.021967,43.527658],[-1.022473,43.527051],[-1.022926,43.526344],[-1.022351,43.525851],[-1.022333,43.525585],[-1.022664,43.525168],[-1.022612,43.52484],[-1.022368,43.524612],[-1.021758,43.524423],[-1.02073,43.523728],[-1.020678,43.523374],[-1.020904,43.522932],[-1.02073,43.521819],[-1.020521,43.521301],[-1.020172,43.52091],[-1.020817,43.520897],[-1.021706,43.520657],[-1.022264,43.520404],[-1.022403,43.520202],[-1.02317,43.519797],[-1.023745,43.519052],[-1.023954,43.519052],[-1.026569,43.52053],[-1.02751,43.520872],[-1.028742,43.521168],[-1.030197,43.521693],[-1.030289,43.521964],[-1.03099,43.522402],[-1.032445,43.52304],[-1.03385,43.523361],[-1.034232,43.523558],[-1.034725,43.524103],[-1.035046,43.524174],[-1.03565,43.524014],[-1.03751,43.523379],[-1.037991,43.523334],[-1.038496,43.523442],[-1.039063,43.52371],[-1.041011,43.524344],[-1.043463,43.525711],[-1.04366,43.525997],[-1.044301,43.526283],[-1.044745,43.526248],[-1.045164,43.526328],[-1.04562,43.526694],[-1.046483,43.526936],[-1.046754,43.527079],[-1.047025,43.527338],[-1.047666,43.527633],[-1.048146,43.527954],[-1.048467,43.528008],[-1.048738,43.527892],[-1.049329,43.527427],[-1.049941,43.527746],[-1.051945,43.528416],[-1.052956,43.528858],[-1.054072,43.529124],[-1.054243,43.529022],[-1.054381,43.529099],[-1.054666,43.529134],[-1.05491,43.529087],[-1.055121,43.528963],[-1.055471,43.52861],[-1.056024,43.52884],[-1.057048,43.529117],[-1.057861,43.529252],[-1.05878,43.529358],[-1.058878,43.529293],[-1.059504,43.529305],[-1.059967,43.529429],[-1.060244,43.529594],[-1.060471,43.529535],[-1.061358,43.529724],[-1.061862,43.529865],[-1.062951,43.530378],[-1.063374,43.53075],[-1.064033,43.531109],[-1.064488,43.531245],[-1.06509,43.531392],[-1.065464,43.531622],[-1.065797,43.531911],[-1.066748,43.532512],[-1.06927,43.529364],[-1.069583,43.528492],[-1.069967,43.527936],[-1.070124,43.527506],[-1.068677,43.527039],[-1.067492,43.526811],[-1.064093,43.525598],[-1.065645,43.522805],[-1.065906,43.522527],[-1.066429,43.522274],[-1.06676,43.521718],[-1.066725,43.521086],[-1.066603,43.520821],[-1.065819,43.520025],[-1.064756,43.519835],[-1.064459,43.519633],[-1.065261,43.518053],[-1.065,43.517775],[-1.06554,43.516638],[-1.06561,43.516208],[-1.062734,43.515917],[-1.061984,43.51574],[-1.061636,43.51545],[-1.061165,43.513288],[-1.059928,43.513389],[-1.058725,43.513187],[-1.057889,43.513642],[-1.057157,43.513996],[-1.05632,43.514502],[-1.055693,43.513579],[-1.054978,43.51296],[-1.054542,43.512694],[-1.053828,43.511809],[-1.052677,43.511658],[-1.053061,43.510457],[-1.052625,43.509711],[-1.05083,43.510381],[-1.048895,43.50961],[-1.047414,43.508485],[-1.046072,43.507865],[-1.045617,43.5075],[-1.045214,43.507271],[-1.045025,43.5071],[-1.044927,43.506866],[-1.044869,43.506662],[-1.044703,43.506524],[-1.043938,43.506328],[-1.043369,43.506124],[-1.042811,43.505853],[-1.041885,43.505694],[-1.041581,43.505594],[-1.040816,43.505261],[-1.040005,43.504981],[-1.039149,43.504277],[-1.038423,43.504466],[-1.037382,43.50464],[-1.035961,43.505206],[-1.03558,43.505177],[-1.03558,43.504771],[-1.036041,43.504248],[-1.035721,43.503551],[-1.035801,43.502883],[-1.035721,43.502128],[-1.035841,43.501895],[-1.035921,43.501605],[-1.036742,43.500487],[-1.036942,43.500051],[-1.038083,43.499746],[-1.039004,43.499354],[-1.039605,43.49886],[-1.039925,43.498395],[-1.040365,43.498236],[-1.041707,43.497873],[-1.04262,43.497585],[-1.042932,43.49739],[-1.043229,43.497164],[-1.044404,43.496548],[-1.045098,43.49589],[-1.048411,43.494422],[-1.048368,43.493457],[-1.048164,43.492113],[-1.047714,43.490043],[-1.047156,43.487957],[-1.046619,43.486369],[-1.04634,43.485264],[-1.046362,43.4838],[-1.046169,43.482819],[-1.046169,43.482056],[-1.04692,43.480484],[-1.047392,43.479892],[-1.048336,43.478958],[-1.048701,43.477681],[-1.049173,43.477199],[-1.049323,43.47684],[-1.049581,43.476809],[-1.049924,43.476669],[-1.050353,43.476311],[-1.052928,43.475252],[-1.053765,43.475252],[-1.054516,43.475081],[-1.055181,43.474567],[-1.055567,43.474442],[-1.056018,43.473929],[-1.05619,43.473602],[-1.056597,43.473119],[-1.056812,43.473134],[-1.057391,43.47234],[-1.058271,43.471453],[-1.059129,43.470472],[-1.059537,43.469911],[-1.060202,43.468307],[-1.054387,43.46731],[-1.054945,43.465909],[-1.055353,43.465457],[-1.05546,43.464943],[-1.055889,43.463978],[-1.055803,43.463775],[-1.055696,43.460115],[-1.055288,43.459009],[-1.055331,43.458651],[-1.055696,43.458339],[-1.05561,43.458075],[-1.055288,43.457685],[-1.055524,43.45742],[-1.055374,43.457093],[-1.054773,43.45686],[-1.05443,43.456408],[-1.053894,43.454523],[-1.053464,43.453822],[-1.053207,43.453184],[-1.052284,43.452265],[-1.053336,43.45161],[-1.0534,43.450925],[-1.052778,43.450567],[-1.053164,43.450115],[-1.052864,43.449944],[-1.052263,43.449663],[-1.051533,43.448495],[-1.050975,43.447389],[-1.050782,43.445878],[-1.050675,43.445177],[-1.050868,43.44379],[-1.051126,43.443042],[-1.051126,43.442653],[-1.050482,43.4415],[-1.049902,43.438586],[-1.049945,43.437932],[-1.050117,43.437496],[-1.050568,43.437418],[-1.051083,43.437449],[-1.05229,43.437253],[-1.054045,43.436883],[-1.054965,43.436462],[-1.05539,43.436533],[-1.055715,43.43677],[-1.055829,43.436965],[-1.056423,43.436749],[-1.057485,43.436235],[-1.057358,43.435855],[-1.057372,43.435279],[-1.057584,43.434837],[-1.057867,43.4342],[-1.057867,43.433809],[-1.057471,43.433234],[-1.057443,43.432596],[-1.057032,43.432103],[-1.056891,43.431558],[-1.056494,43.431044],[-1.056452,43.430633],[-1.0559,43.428772],[-1.05597,43.428268],[-1.055857,43.427672],[-1.055772,43.42688],[-1.055376,43.426582],[-1.055999,43.425564],[-1.056112,43.425081],[-1.056318,43.42397],[-1.056018,43.42277],[-1.056254,43.421289],[-1.057563,43.42104],[-1.058078,43.420479],[-1.058636,43.420198],[-1.059902,43.419933],[-1.060824,43.419653],[-1.061854,43.419591],[-1.062863,43.419793],[-1.063485,43.41917],[-1.061339,43.417892],[-1.060932,43.417097],[-1.060331,43.416551],[-1.061018,43.415803],[-1.061468,43.415086],[-1.060696,43.415476],[-1.059859,43.415102],[-1.058593,43.413839],[-1.058958,43.413559],[-1.058035,43.412686],[-1.057541,43.412047],[-1.056554,43.411189],[-1.056147,43.410379],[-1.055868,43.409693],[-1.054666,43.407791],[-1.054623,43.407308],[-1.054752,43.406778],[-1.054237,43.406201],[-1.053786,43.405125],[-1.05355,43.404829],[-1.053593,43.404081],[-1.053271,43.40366],[-1.053379,43.402226],[-1.053421,43.401088],[-1.053658,43.400791],[-1.053464,43.400573],[-1.053615,43.399685],[-1.054065,43.398546],[-1.054666,43.397393],[-1.055546,43.396551],[-1.055996,43.396442],[-1.056941,43.396395],[-1.05737,43.396052],[-1.05855,43.395771],[-1.060052,43.395568],[-1.060631,43.395303],[-1.061103,43.394945],[-1.061254,43.394446],[-1.061103,43.393869],[-1.061232,43.393541],[-1.060803,43.392325],[-1.061018,43.391031],[-1.060889,43.390298],[-1.061082,43.389394],[-1.06061,43.388115],[-1.060181,43.387398],[-1.059344,43.386353],[-1.0587,43.38523],[-1.058035,43.384996],[-1.057456,43.384404],[-1.057134,43.383905],[-1.056662,43.383577],[-1.056726,43.383219],[-1.05722,43.383219],[-1.060009,43.382595],[-1.060631,43.382158],[-1.061919,43.379647],[-1.061468,43.379476],[-1.061189,43.378805],[-1.061018,43.377433],[-1.061296,43.376933],[-1.061018,43.376154],[-1.060975,43.375701],[-1.060309,43.374282],[-1.059022,43.371178],[-1.059086,43.370632],[-1.061211,43.369197],[-1.06061,43.368807],[-1.060159,43.368776],[-1.059816,43.368916],[-1.059515,43.368823],[-1.059622,43.368555],[-1.059392,43.368037],[-1.058863,43.367703],[-1.058771,43.367084],[-1.059116,43.366231],[-1.059599,43.365864],[-1.059806,43.365145],[-1.058449,43.36486],[-1.059254,43.36354],[-1.059277,43.36267],[-1.059783,43.362336],[-1.06022,43.3617],[-1.060243,43.361232],[-1.060473,43.361065],[-1.06091,43.360446],[-1.060105,43.360012],[-1.060979,43.358273],[-1.061002,43.357621],[-1.060703,43.356684],[-1.060335,43.354711],[-1.060151,43.353825],[-1.059783,43.353373],[-1.060151,43.352972],[-1.061071,43.352353],[-1.061209,43.351785],[-1.060933,43.351266],[-1.060726,43.350748],[-1.060864,43.350463],[-1.06068,43.349945],[-1.060749,43.349393],[-1.060404,43.348657],[-1.060473,43.348089],[-1.060358,43.347738],[-1.060496,43.347002],[-1.061416,43.346232],[-1.06183,43.345329],[-1.061968,43.344476],[-1.061623,43.343239],[-1.061025,43.342402],[-1.061163,43.341382],[-1.061094,43.340813],[-1.061623,43.340546],[-1.061393,43.340328],[-1.061416,43.340144],[-1.060818,43.339944],[-1.060496,43.339442],[-1.060174,43.339241],[-1.05953,43.338371],[-1.05907,43.337267],[-1.057691,43.335812],[-1.056909,43.334909],[-1.056748,43.334507],[-1.056495,43.334056],[-1.056518,43.333086],[-1.056771,43.331915],[-1.056357,43.330509],[-1.056495,43.330091],[-1.056265,43.32979],[-1.056081,43.328719],[-1.055989,43.328535],[-1.055529,43.327682],[-1.055276,43.327214],[-1.054333,43.326645],[-1.053712,43.326662],[-1.051458,43.326026],[-1.050469,43.325658],[-1.04879,43.32621],[-1.0461,43.326595],[-1.044283,43.326779],[-1.043731,43.326695],[-1.040764,43.3279],[-1.040097,43.328385],[-1.039706,43.32892],[-1.039315,43.329639],[-1.038487,43.330225],[-1.038303,43.33061],[-1.035705,43.330125],[-1.0349,43.32887],[-1.033083,43.327515],[-1.032414,43.327152],[-1.032887,43.326887],[-1.033316,43.326528],[-1.033809,43.325943],[-1.034002,43.325427],[-1.034639,43.323919],[-1.03246,43.323008],[-1.032672,43.322606],[-1.032198,43.320422],[-1.032266,43.320173],[-1.032501,43.319748],[-1.032517,43.319478],[-1.032342,43.319296],[-1.031447,43.31902],[-1.031288,43.318843],[-1.031303,43.318589],[-1.031728,43.317557],[-1.031128,43.317376],[-1.030484,43.317075],[-1.029403,43.316774],[-1.030346,43.314414],[-1.030852,43.31162],[-1.031404,43.310816],[-1.031841,43.310934],[-1.03237,43.310816],[-1.033497,43.310934],[-1.034785,43.311285],[-1.036027,43.311185],[-1.036464,43.311084],[-1.035751,43.310164],[-1.034739,43.309612],[-1.033957,43.309076],[-1.033428,43.308356],[-1.032761,43.308306],[-1.032623,43.307905],[-1.031864,43.307654],[-1.030875,43.307185],[-1.030783,43.306967],[-1.03122,43.306465],[-1.030875,43.305629],[-1.032646,43.303687],[-1.033497,43.303871],[-1.03513,43.304541],[-1.035314,43.304926],[-1.035636,43.304993],[-1.036073,43.304859],[-1.036073,43.304524],[-1.035843,43.303989],[-1.035636,43.303286],[-1.035245,43.302767],[-1.035199,43.302148],[-1.034785,43.301578],[-1.034877,43.300139],[-1.034509,43.299453],[-1.034762,43.298951]]],"type":"MultiLineString"},"properties":{"geo_point":{"lon":0.9919338809325473,"lat":47.24339746157106},"name":"GR655 Via Turonensis Chemin de St Jacques de Compostelle (2020)","code_gr":"GR655"}},{"type":"Feature","geometry":{"coordinates":[[[-0.569916,45.911465],[-0.570366,45.91013],[-0.571246,45.909054],[-0.571246,45.908482],[-0.571171,45.908279],[-0.571171,45.907688],[-0.571654,45.907421],[-0.571847,45.906666],[-0.573875,45.906261],[-0.574358,45.906338],[-0.574776,45.905323],[-0.575151,45.904926],[-0.575516,45.904278],[-0.575967,45.904053],[-0.578488,45.903568],[-0.5791,45.903187],[-0.579529,45.903061],[-0.58014,45.903381],[-0.580924,45.903107],[-0.581524,45.90303],[-0.582222,45.903038],[-0.583745,45.902328],[-0.584035,45.901516],[-0.584314,45.901337],[-0.584775,45.900963],[-0.585473,45.900925],[-0.586149,45.900574],[-0.586653,45.901073],[-0.587007,45.901211],[-0.587071,45.901173],[-0.587318,45.900463],[-0.588509,45.900066],[-0.589131,45.900284],[-0.589528,45.900299],[-0.589721,45.89846],[-0.590043,45.8979],[-0.589753,45.897743],[-0.591459,45.896961],[-0.592264,45.897221],[-0.59382,45.896667],[-0.594109,45.896751],[-0.594764,45.89502],[-0.594656,45.89439],[-0.594742,45.894047],[-0.595225,45.893547],[-0.595322,45.893116],[-0.595118,45.892742],[-0.595204,45.892593],[-0.596534,45.892056],[-0.597296,45.891396],[-0.597875,45.89069],[-0.59853,45.89035],[-0.598197,45.890045],[-0.597306,45.889732],[-0.59647,45.889664],[-0.596234,45.889412],[-0.595676,45.88924],[-0.595407,45.889095],[-0.593905,45.889275],[-0.593272,45.889015],[-0.592285,45.889374],[-0.592146,45.889343],[-0.596008,45.887081],[-0.594356,45.886139],[-0.593144,45.885654],[-0.592403,45.885162],[-0.592157,45.88546],[-0.590676,45.884663],[-0.59014,45.884499],[-0.589925,45.884258],[-0.589517,45.884117],[-0.588498,45.883518],[-0.588251,45.883213],[-0.587082,45.882854],[-0.587157,45.882168],[-0.587565,45.881084],[-0.587865,45.879955],[-0.587533,45.877445],[-0.587672,45.877079],[-0.588874,45.875565],[-0.589238,45.87537],[-0.588133,45.874928],[-0.588423,45.874569],[-0.588348,45.874249],[-0.587887,45.874107],[-0.588166,45.873638],[-0.588144,45.87315],[-0.588788,45.872391],[-0.588691,45.871956],[-0.588434,45.871559],[-0.589035,45.870724],[-0.589131,45.870178],[-0.590097,45.869282],[-0.590215,45.868816],[-0.589979,45.86866],[-0.588895,45.868286],[-0.588627,45.867794],[-0.588112,45.867397],[-0.588112,45.867153],[-0.588305,45.866875],[-0.588058,45.86565],[-0.586352,45.865673],[-0.584668,45.865314],[-0.583327,45.865097],[-0.582426,45.864677],[-0.582039,45.864326],[-0.581546,45.864014],[-0.580913,45.86282],[-0.580065,45.862198],[-0.579218,45.861832],[-0.578005,45.861629],[-0.579497,45.860981],[-0.579368,45.860832],[-0.57969,45.859634],[-0.57969,45.859196],[-0.580012,45.859055],[-0.579818,45.858044],[-0.578574,45.856998],[-0.57852,45.856819],[-0.577437,45.856461],[-0.576739,45.856197],[-0.576546,45.856297],[-0.576439,45.856445],[-0.575387,45.855656],[-0.574905,45.85537],[-0.575645,45.854527],[-0.575495,45.85416],[-0.576106,45.853756],[-0.577136,45.852806],[-0.577147,45.852589],[-0.577919,45.851692],[-0.577769,45.851364],[-0.579711,45.850601],[-0.577855,45.850048],[-0.575967,45.848549],[-0.57572,45.848488],[-0.574518,45.847469],[-0.572931,45.846703],[-0.572319,45.84602],[-0.570506,45.845848],[-0.570012,45.84594],[-0.569444,45.846157],[-0.567877,45.84605],[-0.566815,45.845638],[-0.566289,45.8452],[-0.564862,45.844383],[-0.564862,45.843346],[-0.56262,45.842934],[-0.562888,45.842201],[-0.561858,45.841724],[-0.561429,45.841763],[-0.560882,45.841953],[-0.561107,45.841213],[-0.561258,45.840302],[-0.561537,45.839989],[-0.561579,45.839008],[-0.561955,45.83786],[-0.561762,45.837238],[-0.561955,45.836647],[-0.561848,45.836433],[-0.561826,45.835876],[-0.561601,45.835789],[-0.561225,45.835438],[-0.561461,45.835072],[-0.562545,45.834045],[-0.562996,45.83392],[-0.563768,45.834026],[-0.565399,45.832939],[-0.56601,45.832321],[-0.566729,45.831783],[-0.567931,45.83049],[-0.567663,45.829067],[-0.568049,45.828373],[-0.568135,45.827663],[-0.56821,45.825367],[-0.567952,45.825203],[-0.56792,45.824921],[-0.567523,45.824455],[-0.567276,45.823948],[-0.566955,45.823761],[-0.566869,45.823605],[-0.567212,45.822556],[-0.568725,45.821014],[-0.569004,45.820217],[-0.569068,45.818645],[-0.569583,45.816322],[-0.56939,45.815102],[-0.568779,45.81422],[-0.568682,45.813725],[-0.568961,45.812462],[-0.57042,45.81258],[-0.570999,45.811672],[-0.572619,45.810242],[-0.573188,45.809799],[-0.575935,45.808723],[-0.576611,45.808956],[-0.577941,45.807648],[-0.578606,45.807487],[-0.579411,45.807011],[-0.580001,45.80645],[-0.580022,45.805641],[-0.58018,45.805053],[-0.582082,45.803009],[-0.582055,45.802125],[-0.580966,45.800636],[-0.580312,45.79924],[-0.580312,45.797944],[-0.57958,45.796907],[-0.578842,45.796593],[-0.579153,45.796028],[-0.579323,45.795537],[-0.579339,45.795083],[-0.579185,45.794601],[-0.579356,45.793887],[-0.578552,45.792999],[-0.579164,45.792858],[-0.580022,45.792843],[-0.582029,45.789978],[-0.583756,45.788593],[-0.584164,45.787636],[-0.585462,45.78643],[-0.586374,45.785454],[-0.588659,45.783852],[-0.588981,45.783283],[-0.58971,45.781628],[-0.59059,45.780979],[-0.591384,45.78056],[-0.591781,45.778793],[-0.592371,45.777744],[-0.592993,45.777283],[-0.593101,45.776669],[-0.593605,45.776203],[-0.592082,45.775169],[-0.591513,45.774364],[-0.591277,45.774296],[-0.591406,45.773808],[-0.591213,45.773376],[-0.592403,45.772964],[-0.592071,45.772388],[-0.592124,45.772179],[-0.592489,45.772053],[-0.592682,45.77187],[-0.593476,45.771572],[-0.593713,45.771076],[-0.594292,45.770826],[-0.595815,45.770307],[-0.597629,45.769947],[-0.598497,45.770405],[-0.599152,45.770546],[-0.600214,45.770664],[-0.60119,45.770905],[-0.601995,45.771378],[-0.603755,45.771618],[-0.60457,45.77182],[-0.605203,45.771908],[-0.605235,45.771481],[-0.605482,45.771042],[-0.605648,45.770165],[-0.605831,45.769764],[-0.605352,45.769527],[-0.604716,45.76943],[-0.604398,45.769596],[-0.603658,45.769447],[-0.602768,45.769175],[-0.602027,45.768482],[-0.602206,45.767849],[-0.60259,45.767327],[-0.602755,45.7665],[-0.602903,45.766214],[-0.602912,45.766013],[-0.603127,45.765701],[-0.603653,45.765187],[-0.604263,45.764937],[-0.604437,45.764627],[-0.605082,45.763989],[-0.605621,45.762536],[-0.606565,45.762268],[-0.608422,45.761467],[-0.608915,45.760151],[-0.609233,45.7599],[-0.609028,45.759522],[-0.608579,45.759209],[-0.608542,45.758948],[-0.607813,45.757385],[-0.607907,45.757163],[-0.608131,45.757228],[-0.608355,45.757137],[-0.60927,45.757059],[-0.609308,45.757411],[-0.609644,45.757867],[-0.610784,45.758831],[-0.611736,45.759652],[-0.612259,45.759978],[-0.613448,45.760153],[-0.614694,45.760226],[-0.615295,45.760074],[-0.615783,45.759745],[-0.616245,45.759168],[-0.616733,45.7589],[-0.617848,45.758651],[-0.618188,45.758357],[-0.618209,45.75791],[-0.618008,45.755913],[-0.618108,45.754991],[-0.618889,45.753594],[-0.620291,45.75386],[-0.621031,45.754027],[-0.621432,45.754237],[-0.622073,45.754167],[-0.622933,45.753622],[-0.624375,45.753399],[-0.625256,45.753482],[-0.625816,45.753468],[-0.625836,45.75358],[-0.627178,45.753706],[-0.628179,45.75358],[-0.628639,45.753538],[-0.6294,45.753007],[-0.630001,45.752295],[-0.630521,45.751177],[-0.630641,45.750339],[-0.630461,45.750102],[-0.630601,45.749934],[-0.630379,45.74916],[-0.629996,45.748326],[-0.629379,45.74712],[-0.628539,45.74707],[-0.628779,45.746651],[-0.628748,45.745525],[-0.628504,45.74535],[-0.628577,45.744995],[-0.628636,45.744972],[-0.628715,45.744765],[-0.629151,45.744834],[-0.629146,45.744702],[-0.629492,45.744708],[-0.630454,45.744793],[-0.6305,45.744748],[-0.632116,45.745008],[-0.632602,45.744995],[-0.632725,45.744666],[-0.633443,45.744844],[-0.633849,45.744787],[-0.6345,45.744821],[-0.634825,45.744571],[-0.635118,45.744707],[-0.635296,45.745071],[-0.636028,45.744968],[-0.635996,45.745468],[-0.637622,45.745706],[-0.638207,45.745899],[-0.638744,45.746126],[-0.63902,45.745627],[-0.639378,45.745229],[-0.640045,45.745297],[-0.640484,45.745036],[-0.640939,45.745002],[-0.641736,45.744594],[-0.641964,45.743686],[-0.641004,45.743641],[-0.640012,45.74313],[-0.638435,45.742653],[-0.638126,45.742642],[-0.637004,45.742143],[-0.636727,45.74195],[-0.637232,45.741439],[-0.637654,45.740644],[-0.639134,45.737364],[-0.639947,45.734924],[-0.639768,45.732938],[-0.639459,45.731349],[-0.639118,45.730282],[-0.63876,45.727852],[-0.637443,45.72783],[-0.637183,45.727637],[-0.634191,45.724163],[-0.634239,45.723924],[-0.634678,45.72338],[-0.634711,45.723016],[-0.634532,45.722812],[-0.633849,45.722222],[-0.633491,45.721461],[-0.632402,45.720802],[-0.631377,45.720099],[-0.630987,45.719656],[-0.630776,45.71927],[-0.629052,45.718759],[-0.629637,45.717953],[-0.630434,45.717453],[-0.63102,45.716567],[-0.631475,45.715648],[-0.631654,45.714898],[-0.63206,45.71449],[-0.63219,45.713842],[-0.632499,45.713763],[-0.626678,45.705928],[-0.628531,45.70528],[-0.629214,45.70486],[-0.628597,45.704076],[-0.628174,45.703304],[-0.626206,45.701237],[-0.623946,45.698841],[-0.622222,45.696944],[-0.621588,45.694718],[-0.621327,45.694104],[-0.621132,45.692923],[-0.620677,45.692298],[-0.620092,45.691696],[-0.618969,45.690106],[-0.618482,45.689618],[-0.617311,45.688754],[-0.618482,45.687096],[-0.619262,45.685778],[-0.620921,45.68429],[-0.621718,45.68379],[-0.620823,45.679722],[-0.619994,45.67837],[-0.618921,45.676325],[-0.618286,45.675405],[-0.617766,45.674939],[-0.61666,45.674121],[-0.615929,45.673246],[-0.615685,45.672303],[-0.61505,45.671439],[-0.614319,45.67086],[-0.612953,45.669837],[-0.612595,45.669348],[-0.612383,45.668712],[-0.612579,45.668212],[-0.612676,45.666928],[-0.612839,45.666212],[-0.612757,45.66578],[-0.612205,45.664655],[-0.6124,45.664268],[-0.612123,45.664143],[-0.611798,45.663484],[-0.611391,45.663166],[-0.610399,45.662632],[-0.609847,45.662064],[-0.609285,45.661597],[-0.608822,45.661077],[-0.608511,45.660229],[-0.608291,45.659439],[-0.607858,45.658887],[-0.607435,45.657608],[-0.607348,45.656743],[-0.606633,45.656097],[-0.606354,45.655598],[-0.605849,45.654039],[-0.605518,45.653527],[-0.604768,45.65265],[-0.603723,45.651663],[-0.602747,45.651102],[-0.602189,45.650603],[-0.601213,45.649567],[-0.600254,45.648982],[-0.599435,45.648239],[-0.598546,45.647752],[-0.597675,45.646692],[-0.595025,45.644401],[-0.592498,45.643195],[-0.591452,45.642817],[-0.589727,45.641647],[-0.58889,45.640867],[-0.58788,45.639539],[-0.587531,45.638735],[-0.586328,45.637273],[-0.58523,45.636444],[-0.58469,45.63581],[-0.580315,45.632069],[-0.577056,45.629851],[-0.576376,45.629156],[-0.57547,45.627986],[-0.574442,45.626633],[-0.573483,45.625463],[-0.570224,45.622367],[-0.569649,45.621355],[-0.570015,45.621257],[-0.57364,45.619831],[-0.575348,45.618771],[-0.575819,45.61771],[-0.576254,45.617357],[-0.57486,45.616357],[-0.574337,45.616211],[-0.573379,45.61426],[-0.572856,45.613614],[-0.572298,45.613455],[-0.571729,45.613103],[-0.570956,45.612432],[-0.569108,45.610218],[-0.567595,45.608754],[-0.567651,45.608558],[-0.566493,45.607944],[-0.565653,45.607317],[-0.564812,45.606232],[-0.564588,45.6055],[-0.564364,45.605174],[-0.563056,45.604677],[-0.561618,45.603279],[-0.561282,45.602704],[-0.560889,45.601815],[-0.560198,45.601567],[-0.559638,45.601109],[-0.558013,45.599201],[-0.557209,45.598129],[-0.556126,45.597097],[-0.554781,45.595097],[-0.552876,45.594025],[-0.551045,45.592849],[-0.55041,45.591934],[-0.549831,45.590823],[-0.549719,45.590143],[-0.549887,45.589515],[-0.549775,45.589136],[-0.548785,45.588744],[-0.547776,45.588208],[-0.545889,45.585097],[-0.544675,45.584862],[-0.544189,45.584469],[-0.543423,45.584286],[-0.54305,45.583057],[-0.543106,45.58209],[-0.543722,45.582221],[-0.54404,45.582103],[-0.544731,45.582142],[-0.544993,45.581397],[-0.545105,45.580325],[-0.545388,45.579699],[-0.545623,45.579406],[-0.546076,45.579565],[-0.54642,45.57916],[-0.546999,45.579085],[-0.547621,45.578829],[-0.54765,45.578762],[-0.548195,45.578921],[-0.548301,45.578693],[-0.548881,45.577985],[-0.549327,45.577246],[-0.549441,45.576959],[-0.549719,45.575644],[-0.548915,45.574637],[-0.549326,45.573787],[-0.54899,45.572715],[-0.550559,45.571002],[-0.551605,45.569564],[-0.552016,45.568845],[-0.552371,45.567498],[-0.553641,45.562607],[-0.5531,45.561992],[-0.552427,45.560331],[-0.551848,45.558395],[-0.552726,45.55816],[-0.554183,45.557636],[-0.556238,45.557833],[-0.557023,45.557676],[-0.558909,45.555243],[-0.560348,45.553595],[-0.561057,45.552169],[-0.562365,45.55175],[-0.563355,45.551044],[-0.564308,45.550311],[-0.564756,45.550089],[-0.565634,45.549631],[-0.566232,45.54848],[-0.566699,45.547878],[-0.567745,45.545262],[-0.568903,45.54432],[-0.56965,45.543456],[-0.570024,45.542828],[-0.570098,45.542567],[-0.570678,45.541677],[-0.571537,45.540866],[-0.571854,45.539859],[-0.572265,45.539374],[-0.573424,45.538838],[-0.573834,45.538498],[-0.570827,45.536614],[-0.56625,45.536731],[-0.564924,45.536862],[-0.564382,45.536862],[-0.564214,45.536614],[-0.56244,45.536614],[-0.562234,45.536391],[-0.562122,45.535344],[-0.561375,45.535227],[-0.560833,45.535227],[-0.560945,45.534546],[-0.563355,45.533015],[-0.565989,45.531066],[-0.566661,45.530424],[-0.568193,45.529181],[-0.570173,45.527742],[-0.571574,45.526577],[-0.57234,45.525674],[-0.573069,45.525151],[-0.573087,45.524954],[-0.572714,45.524771],[-0.572583,45.524457],[-0.571892,45.523318],[-0.57178,45.522651],[-0.57178,45.522219],[-0.571593,45.521473],[-0.571668,45.521015],[-0.572135,45.519981],[-0.572247,45.51947],[-0.571668,45.519353],[-0.570248,45.518842],[-0.569669,45.518921],[-0.569351,45.518633],[-0.569463,45.518175],[-0.569314,45.517926],[-0.567203,45.51663],[-0.566792,45.516172],[-0.566157,45.516028],[-0.565578,45.515753],[-0.564252,45.515374],[-0.564737,45.514169],[-0.564924,45.512743],[-0.565279,45.511918],[-0.565783,45.510177],[-0.566194,45.509431],[-0.56625,45.508868],[-0.566213,45.507729],[-0.566008,45.507179],[-0.566495,45.505564],[-0.567176,45.50388],[-0.567256,45.503431],[-0.570379,45.500484],[-0.57102,45.500976],[-0.572401,45.501383],[-0.572701,45.501579],[-0.573122,45.50134],[-0.573642,45.500148],[-0.573923,45.499151],[-0.574023,45.496317],[-0.573202,45.496373],[-0.572601,45.496176],[-0.572141,45.495783],[-0.57104,45.49539],[-0.57112,45.494829],[-0.570799,45.493299],[-0.57128,45.492485],[-0.57126,45.49111],[-0.57136,45.490591],[-0.572902,45.490689],[-0.572888,45.490061],[-0.572704,45.489375],[-0.572096,45.488653],[-0.571502,45.487616],[-0.570079,45.486576],[-0.569798,45.486197],[-0.570059,45.485061],[-0.570179,45.483334],[-0.57096,45.48273],[-0.57136,45.483025],[-0.572421,45.482253],[-0.573062,45.482057],[-0.573622,45.481243],[-0.573582,45.480751],[-0.573002,45.478281],[-0.573302,45.478224],[-0.575424,45.476273],[-0.576766,45.476119],[-0.577667,45.475487],[-0.578067,45.475066],[-0.580089,45.473676],[-0.58057,45.473943],[-0.582071,45.473199],[-0.582872,45.47317],[-0.583413,45.47289],[-0.583533,45.472272],[-0.584514,45.470363],[-0.584013,45.470433],[-0.583573,45.47025],[-0.581991,45.469057],[-0.58141,45.468425],[-0.580469,45.467709],[-0.580109,45.467316],[-0.580349,45.467231],[-0.58107,45.4666],[-0.581791,45.466221],[-0.58087,45.465813],[-0.581611,45.464844],[-0.58113,45.463735],[-0.58051,45.463286],[-0.580009,45.462275],[-0.579609,45.462078],[-0.578267,45.461671],[-0.578207,45.46066],[-0.579088,45.459368],[-0.580009,45.459045],[-0.580227,45.45839],[-0.580825,45.457763],[-0.581337,45.457344],[-0.582082,45.45703],[-0.582747,45.456383],[-0.582168,45.455886],[-0.58161,45.455254],[-0.580516,45.454231],[-0.579507,45.453162],[-0.578134,45.452244],[-0.575902,45.450513],[-0.574121,45.449519],[-0.572727,45.448495],[-0.570924,45.44702],[-0.569744,45.445816],[-0.568886,45.444822],[-0.568221,45.444521],[-0.56644,45.444069],[-0.564616,45.443738],[-0.563736,45.443497],[-0.560496,45.443001],[-0.558865,45.443136],[-0.555153,45.442669],[-0.554187,45.442052],[-0.54951,45.439824],[-0.555947,45.433726],[-0.553265,45.432401],[-0.552986,45.431768],[-0.552964,45.429811],[-0.551312,45.429826],[-0.552149,45.427898],[-0.552363,45.427281],[-0.553243,45.425775],[-0.553672,45.425142],[-0.553801,45.42466],[-0.553715,45.424495],[-0.553887,45.424389],[-0.553157,45.423576],[-0.557125,45.420899],[-0.558697,45.420393],[-0.559738,45.420266],[-0.558026,45.418798],[-0.556905,45.418179],[-0.556164,45.417069],[-0.560108,45.417041],[-0.558947,45.413767],[-0.557866,45.413823],[-0.557606,45.412375],[-0.558527,45.412235],[-0.557926,45.410857],[-0.557045,45.409255],[-0.557666,45.408974],[-0.556925,45.407414],[-0.555964,45.40688],[-0.555283,45.406374],[-0.555023,45.406219],[-0.554523,45.405502],[-0.554162,45.404898],[-0.554122,45.40352],[-0.556004,45.401904],[-0.556084,45.401355],[-0.555664,45.400849],[-0.555404,45.400863],[-0.555163,45.400357],[-0.554122,45.39943],[-0.553462,45.399022],[-0.552901,45.398895],[-0.55224,45.399078],[-0.551479,45.398937],[-0.552781,45.397644],[-0.553582,45.397194],[-0.554122,45.397082],[-0.554623,45.396365],[-0.556765,45.395085],[-0.557726,45.394031],[-0.558767,45.393173],[-0.559548,45.392808],[-0.56185,45.393145],[-0.56197,45.392695],[-0.562811,45.391992],[-0.563492,45.391697],[-0.564453,45.390263],[-0.565148,45.388873],[-0.565298,45.388276],[-0.566465,45.385843],[-0.566745,45.385816],[-0.569274,45.377692],[-0.567957,45.377284],[-0.568677,45.375386],[-0.568697,45.374964],[-0.568437,45.374668],[-0.568437,45.374232],[-0.568277,45.373993],[-0.568217,45.373164],[-0.567957,45.372953],[-0.567496,45.37291],[-0.567156,45.373093],[-0.566935,45.373473],[-0.566535,45.3736],[-0.566635,45.373276],[-0.566535,45.373023],[-0.566795,45.372137],[-0.566655,45.371391],[-0.565994,45.370801],[-0.567256,45.369718],[-0.567276,45.369043],[-0.568117,45.368128],[-0.568677,45.367889],[-0.569578,45.367622],[-0.570139,45.367087],[-0.568737,45.363585],[-0.569018,45.362516],[-0.568998,45.362052],[-0.568737,45.362052],[-0.568657,45.361784],[-0.567716,45.361433],[-0.566755,45.359716],[-0.566375,45.35838],[-0.565774,45.357423],[-0.565754,45.35641],[-0.564713,45.352598],[-0.563872,45.350727],[-0.563892,45.350009],[-0.563492,45.348109],[-0.562991,45.343142],[-0.563172,45.342594],[-0.563592,45.341988],[-0.563532,45.341679],[-0.563152,45.340975],[-0.562851,45.339962],[-0.562391,45.339104],[-0.56201,45.337499],[-0.561049,45.336838],[-0.560769,45.336388],[-0.560649,45.335782],[-0.56201,45.335374],[-0.562351,45.335065],[-0.562571,45.333742],[-0.562511,45.332602],[-0.563652,45.33073],[-0.563972,45.329181],[-0.564653,45.32776],[-0.565094,45.327492],[-0.566795,45.326859],[-0.568277,45.326789],[-0.569118,45.326662],[-0.570759,45.326648],[-0.57098,45.325874],[-0.572401,45.326395],[-0.576706,45.327338],[-0.576746,45.326817],[-0.577026,45.326155],[-0.578067,45.326648],[-0.578808,45.326746],[-0.579268,45.32662],[-0.579909,45.32586],[-0.580489,45.325409],[-0.58125,45.32517],[-0.581891,45.324748],[-0.582311,45.324762],[-0.583052,45.324931],[-0.584153,45.324987],[-0.585855,45.324917],[-0.587657,45.324396],[-0.588718,45.324255],[-0.589699,45.323973],[-0.591261,45.323847],[-0.592482,45.32341],[-0.594224,45.321651],[-0.594504,45.321257],[-0.594003,45.320271],[-0.594104,45.319778],[-0.594744,45.318906],[-0.594744,45.318441],[-0.593723,45.316808],[-0.592442,45.315963],[-0.591821,45.315808],[-0.589379,45.315668],[-0.589259,45.314851],[-0.589379,45.313866],[-0.588978,45.313795],[-0.586776,45.312824],[-0.586456,45.312796],[-0.585314,45.311458],[-0.585715,45.310036],[-0.585314,45.307304],[-0.584033,45.305657],[-0.582752,45.30301],[-0.583112,45.301996],[-0.584133,45.298926],[-0.584754,45.298165],[-0.585835,45.297039],[-0.584674,45.296827],[-0.582311,45.29618],[-0.58123,45.295799],[-0.579208,45.295616],[-0.578127,45.295602],[-0.576525,45.295673],[-0.575624,45.295827],[-0.572621,45.295715],[-0.57128,45.295588],[-0.570039,45.295701],[-0.569718,45.29587],[-0.56921,45.293779],[-0.569877,45.293667],[-0.568736,45.29086],[-0.567362,45.290724],[-0.566311,45.290316],[-0.566118,45.290467],[-0.564165,45.289984],[-0.562556,45.289531],[-0.561891,45.289592],[-0.562449,45.287358],[-0.562127,45.286225],[-0.561633,45.286014],[-0.561655,45.285244],[-0.56232,45.285184],[-0.562341,45.285018],[-0.562255,45.284776],[-0.562534,45.284383],[-0.562234,45.283764],[-0.561998,45.282949],[-0.561976,45.282345],[-0.561676,45.281681],[-0.561633,45.28147],[-0.560303,45.279295],[-0.558736,45.277378],[-0.558972,45.275868],[-0.558844,45.274131],[-0.558887,45.272546],[-0.558801,45.271776],[-0.559916,45.27164],[-0.560517,45.271444],[-0.560839,45.2709],[-0.561054,45.270749],[-0.561075,45.269813],[-0.561955,45.269496],[-0.559981,45.266626],[-0.559058,45.265584],[-0.558887,45.264829],[-0.559037,45.264059],[-0.559316,45.263545],[-0.559788,45.263017],[-0.559466,45.262669],[-0.559466,45.262518],[-0.558586,45.262005],[-0.557728,45.260298],[-0.555646,45.25847],[-0.55614,45.258153],[-0.557,45.257988],[-0.558161,45.257848],[-0.558756,45.257619],[-0.559704,45.256752],[-0.560469,45.256293],[-0.561069,45.255436],[-0.56193,45.255182],[-0.564153,45.25304],[-0.565033,45.252758],[-0.565214,45.253251],[-0.566035,45.253491],[-0.566695,45.253871],[-0.567496,45.254646],[-0.568537,45.253744],[-0.568037,45.253364],[-0.567997,45.253082],[-0.569498,45.251532],[-0.570079,45.251109],[-0.57128,45.250855],[-0.572081,45.25046],[-0.571861,45.250038],[-0.5709,45.249657],[-0.569778,45.248966],[-0.569538,45.248346],[-0.568637,45.247909],[-0.568998,45.247388],[-0.569258,45.24688],[-0.570419,45.245753],[-0.572802,45.244977],[-0.573377,45.244619],[-0.574171,45.243882],[-0.575516,45.242436],[-0.576057,45.241232],[-0.576203,45.239904],[-0.577211,45.237638],[-0.577383,45.236233],[-0.577126,45.235099],[-0.576396,45.233241],[-0.576568,45.232319],[-0.57646,45.231715],[-0.574915,45.228828],[-0.574508,45.227574],[-0.5747,45.226614],[-0.575328,45.225546],[-0.576019,45.224895],[-0.577239,45.223853],[-0.577917,45.222977],[-0.585102,45.209911],[-0.587838,45.20491],[-0.588897,45.203529],[-0.590311,45.202332],[-0.591394,45.201606],[-0.58862,45.200769],[-0.589003,45.200462],[-0.588541,45.200322],[-0.589201,45.19874],[-0.59076,45.197139],[-0.591901,45.196071],[-0.592322,45.195803],[-0.593703,45.195041],[-0.593783,45.194547],[-0.593723,45.194166],[-0.593843,45.193955],[-0.593062,45.193376],[-0.592021,45.192374],[-0.591341,45.19253],[-0.589979,45.192262],[-0.587458,45.191563],[-0.585225,45.190539],[-0.58401,45.189692],[-0.581593,45.189068],[-0.580821,45.189478],[-0.579569,45.189833],[-0.579065,45.18907],[-0.579102,45.188227],[-0.578691,45.187529],[-0.578897,45.185976],[-0.580354,45.186055],[-0.580765,45.185252],[-0.580036,45.185133],[-0.58013,45.184146],[-0.580503,45.183724],[-0.581531,45.182855],[-0.58183,45.182395],[-0.582259,45.181697],[-0.583268,45.180959],[-0.584519,45.180512],[-0.585696,45.180288],[-0.586948,45.180327],[-0.587434,45.180222],[-0.589283,45.179472],[-0.589059,45.179037],[-0.591001,45.178286],[-0.591842,45.177786],[-0.592458,45.177457],[-0.593374,45.176785],[-0.593654,45.176496],[-0.594326,45.175706],[-0.595914,45.175245],[-0.597111,45.174666],[-0.601089,45.172637],[-0.600902,45.172097],[-0.600734,45.169845],[-0.600864,45.169687],[-0.600883,45.169332],[-0.599818,45.169477],[-0.59993,45.168818],[-0.599968,45.168252],[-0.599519,45.168147],[-0.599632,45.16758],[-0.600341,45.167514],[-0.600416,45.166751],[-0.600285,45.166263],[-0.600136,45.165223],[-0.600603,45.165183],[-0.601313,45.165052],[-0.602658,45.164656],[-0.603312,45.16438],[-0.604003,45.164195],[-0.604227,45.163708],[-0.604544,45.16355],[-0.604937,45.163102],[-0.606188,45.162878],[-0.607104,45.162878],[-0.60815,45.162852],[-0.609383,45.162944],[-0.610242,45.162799],[-0.611008,45.162536],[-0.613492,45.161956],[-0.615678,45.161904],[-0.617172,45.161667],[-0.619208,45.161693],[-0.619974,45.161429],[-0.621132,45.160903],[-0.623,45.160363],[-0.624308,45.16031],[-0.625485,45.160521],[-0.62795,45.160784],[-0.628866,45.161074],[-0.629613,45.161061],[-0.630584,45.160947],[-0.631601,45.16092],[-0.631977,45.160586],[-0.632531,45.159778],[-0.633098,45.1582],[-0.633616,45.157149],[-0.634503,45.156015],[-0.635538,45.15495],[-0.636114,45.154126],[-0.636419,45.15337],[-0.636489,45.15267],[-0.63648,45.151213],[-0.636681,45.150488],[-0.637221,45.149652],[-0.638093,45.148632],[-0.638542,45.147835],[-0.639065,45.146517],[-0.639607,45.14574],[-0.640485,45.144976],[-0.640914,45.14495],[-0.64239,45.145398],[-0.644165,45.145951],[-0.64465,45.145556],[-0.645715,45.145661],[-0.645584,45.145938],[-0.646929,45.146623],[-0.647209,45.146517],[-0.647882,45.146781],[-0.648517,45.14628],[-0.650348,45.147203],[-0.650572,45.146768],[-0.650852,45.145951],[-0.651039,45.14599],[-0.651375,45.145358],[-0.652346,45.144581],[-0.653,45.143869],[-0.653841,45.143513],[-0.654158,45.143197],[-0.654327,45.142644],[-0.655279,45.141603],[-0.6564,45.140127],[-0.657203,45.139113],[-0.658343,45.137729],[-0.658548,45.137215],[-0.659893,45.135766],[-0.660678,45.135212],[-0.661201,45.134646],[-0.6615,45.134975],[-0.662228,45.134039],[-0.663013,45.133077],[-0.664339,45.131746],[-0.662938,45.130969],[-0.662882,45.12944],[-0.663835,45.127859],[-0.664003,45.127252],[-0.664451,45.126831],[-0.66432,45.126528]]],"type":"MultiLineString"},"properties":{"geo_point":{"lon":-0.5849636870416665,"lat":45.516466718340084},"name":"GR655 De Mazeray (Charente-Maritime) à Blaye (Gironde) (2020)","code_gr":"GR655"}},{"type":"Feature","geometry":{"coordinates":[[[-0.6631,45.127153],[-0.662756,45.126835],[-0.66237,45.126048],[-0.661598,45.125291],[-0.659109,45.123671],[-0.656727,45.121612],[-0.65471,45.12087],[-0.653229,45.120098],[-0.653444,45.119795],[-0.653487,45.119371],[-0.653036,45.118932],[-0.651706,45.118296],[-0.650053,45.116994],[-0.64986,45.116388],[-0.649517,45.115873],[-0.648487,45.114904],[-0.648144,45.114193],[-0.647715,45.112572],[-0.647865,45.111936],[-0.647629,45.111013],[-0.647757,45.110301],[-0.647543,45.109483],[-0.647114,45.109317],[-0.646084,45.109453],[-0.645483,45.109271],[-0.644196,45.109105],[-0.644174,45.108105],[-0.644324,45.107802],[-0.643723,45.106151],[-0.644775,45.106076],[-0.64529,45.106242],[-0.64632,45.105955],[-0.647328,45.105046],[-0.6472,45.104864],[-0.647006,45.103698],[-0.647436,45.103032],[-0.647285,45.102168],[-0.646985,45.101547],[-0.646599,45.101078],[-0.64544,45.101578],[-0.645032,45.101608],[-0.642951,45.102274],[-0.640784,45.102562],[-0.639389,45.102623],[-0.637608,45.102426],[-0.6372,45.102471],[-0.636921,45.102092],[-0.635312,45.102123],[-0.634454,45.10235],[-0.632544,45.102653],[-0.631643,45.102638],[-0.629647,45.102835],[-0.628403,45.103092],[-0.628167,45.102698],[-0.62748,45.102274],[-0.627244,45.100638],[-0.62527,45.094549],[-0.625077,45.093686],[-0.625613,45.092307],[-0.626729,45.091959],[-0.62881,45.09108],[-0.628789,45.090656],[-0.628467,45.089899],[-0.628381,45.088884],[-0.62836,45.087429],[-0.628274,45.087066],[-0.628424,45.086854],[-0.627587,45.084112],[-0.629626,45.08293],[-0.631793,45.082824],[-0.632716,45.082672],[-0.63293,45.082248],[-0.633102,45.081733],[-0.635076,45.080627],[-0.637715,45.078551],[-0.637823,45.078051],[-0.637608,45.076096],[-0.6372,45.075111],[-0.635591,45.073808],[-0.635119,45.073338],[-0.634304,45.072854],[-0.632501,45.071399],[-0.631643,45.070868],[-0.629604,45.069171],[-0.628617,45.068626],[-0.62439,45.063746],[-0.622845,45.062321],[-0.621815,45.062851],[-0.621171,45.063003],[-0.620227,45.063533],[-0.61909,45.063442],[-0.61836,45.063458],[-0.617202,45.063321],[-0.616708,45.063427],[-0.616365,45.06367],[-0.616258,45.063624],[-0.616665,45.063109],[-0.616901,45.062457],[-0.615356,45.061078],[-0.611494,45.057895],[-0.611301,45.057592],[-0.610657,45.057183],[-0.60952,45.057274],[-0.609026,45.057516],[-0.608404,45.057152],[-0.607632,45.056986],[-0.606666,45.056485],[-0.606022,45.056031],[-0.604992,45.055485],[-0.603683,45.054954],[-0.601666,45.054318],[-0.600508,45.053636],[-0.600272,45.053257],[-0.599649,45.053014],[-0.598491,45.052226],[-0.598319,45.051786],[-0.598534,45.051468],[-0.599885,45.050543],[-0.600872,45.050225],[-0.601108,45.049982],[-0.601023,45.049588],[-0.595787,45.046344],[-0.595079,45.045677],[-0.59347,45.045252],[-0.590036,45.04363],[-0.588942,45.042296],[-0.587891,45.041507],[-0.586539,45.041432],[-0.584157,45.041022],[-0.580659,45.040734],[-0.579822,45.041007],[-0.577956,45.041947],[-0.576883,45.04313],[-0.575853,45.04269],[-0.574587,45.042584],[-0.5736,45.042736],[-0.57257,45.04266],[-0.57242,45.042781],[-0.572269,45.043145],[-0.57199,45.043251],[-0.571347,45.043039],[-0.570682,45.042675],[-0.568622,45.042084],[-0.566819,45.041765],[-0.565768,45.04128],[-0.564931,45.040583],[-0.564008,45.04031],[-0.563429,45.040734],[-0.562141,45.041204],[-0.561176,45.041447],[-0.560446,45.041295],[-0.560532,45.041022],[-0.560253,45.040946],[-0.560596,45.040037],[-0.560414,45.038877],[-0.560199,45.038915],[-0.560183,45.038672],[-0.559971,45.038649],[-0.55991,45.038217],[-0.55991,45.038217],[-0.557968,45.038225],[-0.557968,45.038225],[-0.557796,45.037884],[-0.555393,45.037626],[-0.5552,45.037868],[-0.554985,45.038748],[-0.549642,45.03805],[-0.546595,45.037459],[-0.543999,45.037004],[-0.542068,45.036231],[-0.539536,45.035639],[-0.53842,45.035048],[-0.536789,45.034366],[-0.534515,45.033881],[-0.533356,45.033744],[-0.532412,45.033926],[-0.531382,45.033971],[-0.530008,45.033987],[-0.528099,45.034821],[-0.526532,45.035958],[-0.526618,45.036292],[-0.526404,45.036458],[-0.524902,45.036731],[-0.524365,45.037171],[-0.524043,45.037838],[-0.523185,45.03893],[-0.522026,45.039051],[-0.521661,45.038778],[-0.519795,45.038384],[-0.518421,45.037277],[-0.516962,45.036913],[-0.513443,45.036489],[-0.510976,45.03658],[-0.507349,45.037232],[-0.506641,45.037277],[-0.504367,45.036974],[-0.502907,45.03755],[-0.501534,45.037444],[-0.500311,45.03805],[-0.499174,45.038384],[-0.497801,45.038611],[-0.495462,45.039324],[-0.49441,45.039385],[-0.492179,45.038763],[-0.491084,45.038884],[-0.489518,45.038915],[-0.489475,45.039749],[-0.489089,45.040113],[-0.488381,45.039824],[-0.486836,45.039536],[-0.484797,45.039415],[-0.484239,45.039127],[-0.484003,45.038687],[-0.483381,45.038278],[-0.482372,45.037853],[-0.482802,45.037565],[-0.483553,45.036746],[-0.483724,45.035579],[-0.484025,45.034502],[-0.484068,45.033532],[-0.481321,45.032804],[-0.478532,45.031818],[-0.477995,45.031303],[-0.47866,45.030681],[-0.47969,45.029255],[-0.476793,45.028573],[-0.475077,45.027648],[-0.474154,45.027284],[-0.473382,45.027087],[-0.473553,45.026783],[-0.473339,45.026071],[-0.472888,45.025904],[-0.472867,45.025009],[-0.472202,45.02372],[-0.47203,45.023052],[-0.470785,45.023265],[-0.470549,45.022461],[-0.469476,45.022537],[-0.46924,45.021778],[-0.467781,45.02196],[-0.467459,45.021414],[-0.466665,45.020868],[-0.465571,45.019245],[-0.464992,45.019094],[-0.464992,45.01879],[-0.465163,45.018699],[-0.464927,45.018153],[-0.465185,45.018047],[-0.46497,45.017289],[-0.465056,45.016985],[-0.464734,45.01647],[-0.463897,45.015848],[-0.462181,45.014012],[-0.462674,45.013709],[-0.46173,45.012875],[-0.461494,45.012586],[-0.460571,45.012768],[-0.460035,45.012966],[-0.459928,45.01333],[-0.459584,45.013572],[-0.456838,45.014771],[-0.455937,45.014058],[-0.455035,45.013785],[-0.456065,45.013254],[-0.455765,45.012329],[-0.455229,45.012313],[-0.454606,45.011843],[-0.454177,45.010903],[-0.454113,45.010372],[-0.454241,45.01019],[-0.454005,45.00937],[-0.453662,45.009128],[-0.449521,45.001876],[-0.450122,45.001861],[-0.450551,45.002043],[-0.45128,45.001982],[-0.451581,45.0018],[-0.451366,45.001056],[-0.451709,45.000753],[-0.452267,45.00045],[-0.452697,44.999782],[-0.452804,44.999266],[-0.452224,44.999069],[-0.451967,44.998781],[-0.45201,44.998098],[-0.451581,44.997946],[-0.449607,44.99784],[-0.448426,44.997703],[-0.448641,44.996064],[-0.448963,44.995306],[-0.449006,44.994714],[-0.448941,44.99435],[-0.448684,44.994244],[-0.447997,44.992954],[-0.447826,44.992028],[-0.450679,44.985229],[-0.450787,44.984622],[-0.452139,44.984971],[-0.452975,44.984911],[-0.454005,44.984561],[-0.454542,44.984212],[-0.455357,44.983863],[-0.455872,44.983393],[-0.456258,44.982558],[-0.456881,44.982163],[-0.456945,44.980752],[-0.456666,44.979325],[-0.456301,44.978885],[-0.455679,44.977322],[-0.455722,44.976578],[-0.456495,44.976532],[-0.457825,44.976365],[-0.457868,44.975075],[-0.458726,44.974847],[-0.459112,44.974529],[-0.459005,44.973162],[-0.458619,44.972904],[-0.458898,44.972282],[-0.45849,44.972252],[-0.458576,44.971857],[-0.459348,44.971553],[-0.459563,44.971265],[-0.460271,44.971235],[-0.460142,44.96876],[-0.45967,44.968183],[-0.458597,44.967379],[-0.457868,44.966953],[-0.458233,44.966878],[-0.460443,44.965375],[-0.460335,44.965101],[-0.458597,44.963538],[-0.456709,44.964312],[-0.456537,44.96416],[-0.466987,44.959332],[-0.467953,44.958709],[-0.468446,44.957996],[-0.468554,44.957267],[-0.468457,44.956196],[-0.468725,44.955976],[-0.469165,44.955991],[-0.469155,44.956143],[-0.468811,44.956409],[-0.468779,44.956842],[-0.468854,44.956993],[-0.475463,44.957024],[-0.477308,44.956371],[-0.477866,44.956477],[-0.478424,44.956796],[-0.478596,44.958421],[-0.478982,44.958755],[-0.479669,44.958831],[-0.480119,44.958664],[-0.480677,44.95792],[-0.4813,44.957738],[-0.484175,44.958816],[-0.486085,44.953714],[-0.488273,44.948717],[-0.489153,44.947244],[-0.49014,44.944571],[-0.491749,44.941139],[-0.492028,44.940106],[-0.495719,44.931843],[-0.496535,44.929701],[-0.496492,44.929306],[-0.49662,44.929093],[-0.4975,44.928881],[-0.497457,44.928318],[-0.497693,44.927604],[-0.497886,44.92686],[-0.49838,44.926359],[-0.500182,44.924049],[-0.501942,44.922302],[-0.502199,44.920616],[-0.502714,44.919917],[-0.503337,44.919263],[-0.503658,44.918564],[-0.505418,44.916969],[-0.50486,44.916498],[-0.504882,44.916346],[-0.504023,44.916103],[-0.502907,44.91589],[-0.503809,44.913641],[-0.504903,44.913717],[-0.504839,44.913261],[-0.505429,44.91314],[-0.505568,44.912509],[-0.505794,44.912502],[-0.505944,44.91181],[-0.506276,44.911263],[-0.507156,44.909143],[-0.507156,44.909143],[-0.505885,44.908703],[-0.505434,44.908612],[-0.505692,44.907685],[-0.505992,44.907442],[-0.506292,44.907457],[-0.506657,44.907107],[-0.507666,44.906545],[-0.508631,44.905192],[-0.508739,44.904782],[-0.508717,44.904387],[-0.509468,44.902928],[-0.510498,44.903186],[-0.511485,44.903308],[-0.513052,44.903977],[-0.515047,44.904539],[-0.515948,44.903171],[-0.51627,44.902852],[-0.516378,44.902426],[-0.516635,44.901606],[-0.516356,44.901423],[-0.516807,44.900618],[-0.516635,44.89963],[-0.517386,44.899554],[-0.517386,44.899295],[-0.517579,44.89925],[-0.517729,44.898778],[-0.518824,44.89893],[-0.519231,44.898292],[-0.519918,44.89817],[-0.520218,44.897502],[-0.519575,44.897289],[-0.519382,44.896255],[-0.519897,44.89624],[-0.521978,44.896514],[-0.522085,44.896012],[-0.523308,44.895343],[-0.523845,44.895206],[-0.524038,44.894963],[-0.524059,44.894234],[-0.524639,44.893154],[-0.524553,44.892865],[-0.523716,44.89285],[-0.523416,44.892698],[-0.522986,44.892637],[-0.522858,44.892501],[-0.522557,44.892425],[-0.52275,44.891634],[-0.52378,44.890418],[-0.523759,44.889734],[-0.523373,44.889111],[-0.522708,44.888974],[-0.522193,44.888639],[-0.521463,44.888624],[-0.520519,44.888746],[-0.519897,44.888639],[-0.519553,44.888381],[-0.518931,44.888411],[-0.517901,44.888153],[-0.5173,44.888396],[-0.517,44.888335],[-0.517386,44.886405],[-0.517322,44.885979],[-0.517558,44.885614],[-0.518244,44.88528],[-0.519017,44.886389],[-0.519532,44.886906],[-0.519832,44.886678],[-0.519403,44.886237],[-0.519146,44.885705],[-0.519467,44.885508],[-0.520261,44.885523],[-0.520776,44.88531],[-0.52127,44.884945],[-0.521399,44.884519],[-0.52127,44.8842],[-0.521012,44.883744],[-0.522321,44.882893],[-0.523158,44.882725],[-0.524467,44.88192],[-0.525883,44.881555],[-0.526076,44.880962],[-0.526334,44.880475],[-0.52584,44.880369],[-0.524252,44.879745],[-0.524746,44.879441],[-0.525905,44.879472],[-0.526699,44.879092],[-0.527063,44.87824],[-0.528372,44.878453],[-0.528265,44.87821],[-0.528372,44.877449],[-0.52996,44.877419],[-0.531419,44.877738],[-0.53202,44.877632],[-0.533522,44.877784],[-0.533694,44.877571],[-0.534295,44.877586],[-0.535904,44.875153],[-0.536762,44.874028],[-0.537342,44.872736],[-0.537535,44.871413],[-0.537556,44.869177],[-0.538286,44.86644],[-0.538736,44.865451],[-0.538608,44.864919],[-0.537492,44.86393],[-0.53732,44.863383],[-0.537857,44.862577],[-0.538457,44.860493],[-0.53835,44.859459],[-0.538715,44.859413],[-0.540818,44.859809],[-0.542663,44.859672],[-0.543371,44.859717],[-0.543843,44.859596],[-0.545131,44.858622],[-0.549422,44.856021],[-0.557083,44.852066],[-0.557941,44.852903],[-0.560258,44.851595],[-0.561589,44.850819],[-0.561696,44.850575],[-0.563005,44.849647],[-0.563863,44.848704],[-0.564486,44.849039],[-0.564614,44.848917],[-0.564636,44.848659],[-0.565322,44.847289],[-0.565537,44.846437],[-0.565451,44.845905],[-0.565237,44.845555],[-0.565215,44.844962],[-0.564722,44.844247],[-0.564378,44.843379],[-0.563735,44.842375],[-0.562039,44.841113],[-0.562018,44.840899],[-0.561524,44.840595],[-0.560623,44.839728],[-0.566181,44.836441],[-0.567082,44.83597],[-0.569142,44.835452],[-0.570987,44.835026],[-0.573326,44.83492],[-0.572597,44.830537],[-0.574356,44.828437],[-0.575772,44.827387],[-0.580171,44.823034],[-0.582553,44.821695],[-0.58457,44.818849],[-0.586136,44.816094],[-0.586995,44.815333],[-0.590728,44.812745],[-0.591372,44.809898],[-0.591394,44.807676],[-0.593754,44.801738],[-0.602079,44.796896],[-0.604354,44.794978],[-0.605062,44.793881],[-0.605169,44.790516],[-0.604762,44.787668],[-0.605084,44.786419],[-0.611564,44.775469],[-0.613044,44.774037],[-0.613946,44.773625],[-0.614675,44.771874],[-0.61549,44.770609],[-0.616392,44.769787],[-0.617271,44.767822],[-0.61843,44.766633],[-0.618623,44.765948],[-0.617958,44.765612],[-0.617593,44.764896],[-0.61695,44.764683],[-0.616284,44.76418],[-0.615812,44.763358],[-0.614353,44.761331],[-0.614847,44.759701],[-0.614589,44.758833],[-0.614053,44.758101],[-0.613516,44.757766],[-0.614503,44.754627],[-0.615169,44.753698],[-0.616327,44.751534],[-0.616735,44.748806],[-0.616585,44.748273],[-0.618323,44.745987],[-0.618495,44.745347],[-0.618344,44.744158],[-0.617765,44.742268],[-0.61755,44.740424],[-0.619331,44.740165],[-0.619696,44.739814],[-0.621756,44.736415],[-0.623559,44.735165],[-0.624331,44.734357],[-0.626885,44.730989],[-0.627528,44.729251],[-0.620876,44.72797],[-0.62122,44.723412],[-0.622142,44.722421],[-0.622593,44.720744],[-0.624267,44.719143],[-0.625168,44.71742],[-0.624975,44.716048],[-0.627056,44.713776],[-0.628172,44.712968],[-0.628644,44.712403],[-0.628322,44.712144],[-0.628365,44.711763],[-0.628558,44.711382],[-0.628387,44.711061],[-0.628515,44.710619],[-0.62961,44.709613],[-0.63109,44.708881],[-0.631755,44.708438],[-0.632034,44.707783],[-0.632056,44.707157],[-0.634566,44.704351],[-0.634867,44.702552],[-0.636626,44.703406],[-0.637463,44.704092],[-0.637764,44.703055],[-0.639931,44.70153],[-0.640875,44.700096],[-0.6439,44.697564],[-0.6439,44.694468],[-0.644244,44.693949],[-0.649158,44.688732],[-0.651239,44.68768],[-0.657161,44.685025],[-0.659672,44.683713],[-0.665487,44.67964],[-0.668663,44.676084],[-0.67098,44.674726],[-0.672267,44.674101],[-0.673641,44.672941],[-0.676602,44.669569],[-0.695742,44.643514],[-0.697566,44.645208],[-0.705634,44.640124],[-0.723551,44.616057],[-0.724946,44.614622],[-0.730439,44.60703],[-0.731963,44.603546],[-0.732778,44.600628],[-0.734945,44.595434],[-0.73604,44.593462],[-0.74031,44.593355],[-0.741254,44.593967],[-0.747927,44.597023],[-0.757047,44.601362],[-0.758184,44.60211],[-0.760351,44.604035],[-0.761446,44.604616],[-0.762025,44.605059],[-0.769299,44.606266],[-0.769278,44.605319],[-0.768055,44.59661],[-0.768119,44.595556],[-0.769836,44.584446],[-0.770801,44.581604],[-0.770973,44.57925],[-0.770994,44.577676],[-0.771423,44.576224],[-0.772561,44.574588],[-0.772582,44.57309],[-0.773762,44.569835],[-0.773591,44.567511],[-0.77402,44.566426],[-0.774664,44.565906],[-0.775822,44.564362],[-0.775844,44.563582],[-0.772346,44.563276],[-0.765737,44.562252],[-0.764707,44.561931],[-0.758163,44.560693],[-0.782088,44.519414],[-0.781358,44.519276],[-0.780951,44.518434],[-0.780908,44.518052],[-0.7805,44.517241],[-0.780436,44.516308],[-0.779942,44.515053],[-0.779663,44.513829],[-0.779921,44.513171],[-0.780092,44.512008],[-0.779427,44.511411],[-0.778805,44.511075],[-0.777968,44.511075],[-0.777238,44.510616],[-0.777153,44.510279],[-0.777689,44.509881],[-0.778805,44.509483],[-0.782002,44.508657],[-0.783998,44.508336],[-0.785221,44.508412],[-0.786165,44.508795],[-0.787088,44.509468],[-0.787796,44.509652],[-0.787946,44.509085],[-0.788289,44.508642],[-0.788396,44.508244],[-0.788783,44.508305],[-0.788954,44.508152]]],"type":"MultiLineString"},"properties":{"geo_point":{"lon":-0.6026732794346802,"lat":44.84846198920934},"name":"GR655 De Blaye à Belin-Béliet (Gironde) (2020)","code_gr":"GR655"}},{"type":"Feature","geometry":{"coordinates":[[[2.329942,48.992799],[2.332905,48.992129],[2.334467,48.991879],[2.335588,48.99159],[2.338511,48.991735],[2.338591,48.991892],[2.339532,48.992208],[2.339912,48.992208],[2.340393,48.992116],[2.341254,48.992234],[2.341834,48.992102],[2.342415,48.992273],[2.343476,48.992378],[2.343476,48.99293],[2.343616,48.992996],[2.343536,48.993574],[2.344357,48.993639],[2.346259,48.993456],[2.346379,48.99],[2.347,48.990237],[2.349522,48.990697],[2.352485,48.991051],[2.354167,48.991222],[2.354928,48.991249],[2.355008,48.990657],[2.354527,48.990644],[2.354107,48.990237],[2.354047,48.989922],[2.353907,48.989711],[2.353907,48.989436],[2.353727,48.989396],[2.353967,48.988726],[2.353907,48.988385],[2.354007,48.98778],[2.352846,48.987018],[2.353346,48.986545],[2.354848,48.987294],[2.355809,48.986493],[2.355609,48.985744],[2.354768,48.985284],[2.354828,48.985034],[2.355348,48.985271],[2.355488,48.985218],[2.355108,48.984049],[2.354487,48.983694],[2.35657,48.981973],[2.35733,48.98146],[2.357551,48.980449],[2.35651,48.980344],[2.354788,48.979884],[2.352686,48.979568],[2.351765,48.979266],[2.351244,48.979161],[2.349843,48.978254],[2.352125,48.976572],[2.351985,48.976309],[2.351925,48.975968],[2.351805,48.975823],[2.351785,48.975337],[2.352165,48.974943],[2.351765,48.974667],[2.351104,48.974089],[2.350944,48.97355],[2.351685,48.973287],[2.352225,48.972709],[2.352605,48.972525],[2.353807,48.972183],[2.352325,48.970238],[2.351624,48.969936],[2.350724,48.968805],[2.350343,48.968687],[2.350363,48.968332],[2.350143,48.967951],[2.351685,48.967294],[2.352465,48.96707],[2.353146,48.967294],[2.353286,48.967149],[2.353166,48.966834],[2.353807,48.966361],[2.353807,48.966098],[2.353466,48.965638],[2.353526,48.96523],[2.354948,48.964429],[2.355488,48.964981],[2.357611,48.963837],[2.358872,48.963377],[2.359392,48.963206],[2.359212,48.962838],[2.359052,48.961694],[2.361134,48.961077],[2.360614,48.960051],[2.363176,48.959959],[2.363216,48.959802],[2.363477,48.959762],[2.363377,48.959434],[2.365138,48.95942],[2.367161,48.955437],[2.367321,48.955437],[2.367521,48.954767],[2.367861,48.954096],[2.369123,48.952387],[2.369723,48.952624],[2.374728,48.95432],[2.378652,48.95595],[2.379293,48.955293],[2.379934,48.953991],[2.380454,48.953478],[2.381495,48.952137],[2.381796,48.952137],[2.381956,48.952676],[2.383197,48.956226],[2.383077,48.956949],[2.383638,48.957028],[2.384478,48.957291],[2.385259,48.956594],[2.384979,48.95616],[2.38602,48.955792],[2.386961,48.955279],[2.3863,48.954635],[2.389584,48.953084],[2.389664,48.952887],[2.391045,48.95336],[2.394289,48.955634],[2.394209,48.955148],[2.394409,48.95503],[2.39611,48.955043],[2.396771,48.954767],[2.396971,48.954569],[2.397732,48.954412],[2.398173,48.954438],[2.399013,48.954083],[2.399334,48.954057],[2.398553,48.952374],[2.398513,48.951861],[2.398253,48.95148],[2.398733,48.951388],[2.399514,48.951743],[2.400035,48.951809],[2.400255,48.95148],[2.400495,48.951217],[2.400435,48.951112],[2.400535,48.950783],[2.400295,48.950467],[2.399254,48.950191],[2.398673,48.949863],[2.398153,48.949284],[2.397612,48.948627],[2.397352,48.948614],[2.397212,48.948482],[2.397632,48.948206],[2.397732,48.94793],[2.397192,48.947877],[2.397112,48.947627],[2.397252,48.947194],[2.396971,48.946983],[2.396711,48.946904],[2.396691,48.946615],[2.397132,48.946378],[2.396731,48.946313],[2.396271,48.94605],[2.39579,48.946089],[2.39531,48.945852],[2.394609,48.945892],[2.394148,48.945668],[2.393848,48.945734],[2.393067,48.945681],[2.392587,48.945418],[2.392367,48.94509],[2.392367,48.944038],[2.391626,48.943801],[2.391285,48.943959],[2.391085,48.943893],[2.390625,48.94342],[2.390385,48.942973],[2.390425,48.942736],[2.388883,48.942223],[2.388302,48.941776],[2.388042,48.941684],[2.387842,48.941552],[2.38558,48.940895],[2.384478,48.940277],[2.381535,48.939317],[2.380074,48.941053],[2.376811,48.940356],[2.373247,48.939396],[2.371805,48.939343],[2.371165,48.939383],[2.370544,48.939212],[2.370464,48.939409],[2.369583,48.93933],[2.368802,48.938988],[2.367621,48.935819],[2.364758,48.936108],[2.362916,48.936253],[2.362175,48.936082],[2.361495,48.936082],[2.360734,48.936003],[2.360614,48.935898],[2.360233,48.935963],[2.359773,48.935806],[2.359052,48.935832],[2.358832,48.935687],[2.358331,48.934859],[2.357531,48.932886],[2.358772,48.931399],[2.360614,48.931873],[2.361735,48.931386],[2.362396,48.931229],[2.362916,48.931281],[2.363904,48.93184],[2.364444,48.93145],[2.365239,48.930623],[2.366079,48.929321],[2.365959,48.928992],[2.368962,48.928466],[2.365399,48.926125],[2.367261,48.92331],[2.368862,48.920666],[2.368902,48.92031],[2.369523,48.919718],[2.371845,48.915785],[2.371986,48.915298],[2.372346,48.915008],[2.373747,48.912745],[2.374028,48.912429],[2.373928,48.912285],[2.374949,48.910693],[2.375149,48.910548],[2.376971,48.907574],[2.377351,48.907113],[2.379193,48.904008],[2.379373,48.9036],[2.379653,48.903258],[2.382376,48.898901],[2.383317,48.897585],[2.384378,48.895979],[2.388062,48.892505],[2.386781,48.891899],[2.386721,48.891662],[2.379653,48.888213],[2.379954,48.887897],[2.371145,48.883513],[2.370644,48.882881],[2.369803,48.882671],[2.369983,48.882368],[2.369943,48.88192],[2.369503,48.881499],[2.365926,48.877417],[2.365318,48.877626],[2.363152,48.875263],[2.362465,48.875228],[2.362254,48.875419],[2.361487,48.875454],[2.360986,48.875193],[2.360351,48.873681],[2.359242,48.87389],[2.359031,48.873264],[2.358106,48.873317],[2.353774,48.865897],[2.35166,48.861622],[2.350286,48.858962],[2.350128,48.85898],[2.346826,48.853087],[2.341384,48.843144],[2.341199,48.841127],[2.332534,48.827842],[2.332243,48.827198],[2.327647,48.824068],[2.321359,48.825389],[2.321703,48.825633],[2.321069,48.825894],[2.316974,48.826729],[2.31523,48.827772],[2.313011,48.826311],[2.311109,48.827772],[2.30786,48.828433],[2.307596,48.828729],[2.306407,48.829076],[2.305588,48.828381],[2.305192,48.82765],[2.304663,48.82725],[2.30255,48.825981],[2.302101,48.824833],[2.301044,48.824589],[2.299961,48.823685],[2.299406,48.823024],[2.298852,48.823094],[2.297795,48.822189],[2.297504,48.821546],[2.296474,48.820693],[2.295866,48.819893],[2.295681,48.819284],[2.294546,48.819389],[2.294466,48.818415],[2.29473,48.817301],[2.295408,48.816009],[2.297898,48.813752],[2.300227,48.811545],[2.300375,48.811569],[2.300486,48.811188],[2.300868,48.810571],[2.300239,48.809987],[2.299433,48.808168],[2.297293,48.806863],[2.296342,48.805941],[2.294968,48.80481],[2.2951,48.804271],[2.294625,48.803888],[2.29444,48.802914],[2.29481,48.802113],[2.296078,48.800739],[2.295998,48.79966],[2.295734,48.798894],[2.295761,48.798007],[2.296791,48.797711],[2.296633,48.797398],[2.296263,48.797259],[2.294651,48.795623],[2.294493,48.795118],[2.293251,48.793691],[2.292934,48.793082],[2.292776,48.792578],[2.292628,48.792297],[2.29261,48.791838],[2.292497,48.791683],[2.292105,48.791396],[2.291742,48.790268],[2.291823,48.790043],[2.291722,48.789569],[2.291382,48.789437],[2.291602,48.789147],[2.291622,48.788988],[2.290962,48.788936],[2.290882,48.78879],[2.29123,48.788522],[2.291257,48.788339],[2.290781,48.78807],[2.29053,48.788017],[2.290504,48.787887],[2.290715,48.7878],[2.290755,48.787643],[2.290331,48.78733],[2.290275,48.787059],[2.289957,48.786702],[2.289864,48.786394],[2.28949,48.786013],[2.289229,48.785594],[2.288687,48.785176],[2.288444,48.784819],[2.287865,48.783699],[2.287547,48.783477],[2.287043,48.783083],[2.286856,48.782776],[2.287062,48.782345],[2.287379,48.782062],[2.287417,48.781853],[2.287249,48.781717],[2.286856,48.781496],[2.286763,48.781212],[2.286875,48.781089],[2.28708,48.780929],[2.287062,48.780695],[2.286632,48.780548],[2.286576,48.780277],[2.286782,48.779982],[2.286856,48.779772],[2.287043,48.779625],[2.287043,48.779415],[2.286651,48.778234],[2.286613,48.777852],[2.286277,48.777901],[2.286146,48.777101],[2.286296,48.777052],[2.286109,48.775242],[2.285885,48.775242],[2.285455,48.772805],[2.285698,48.772312],[2.285679,48.772054],[2.285848,48.771931],[2.286034,48.771426],[2.285792,48.771266],[2.285736,48.770995],[2.285044,48.770823],[2.284988,48.768828],[2.284689,48.76852],[2.284708,48.765849],[2.285026,48.765578],[2.285026,48.764667],[2.284858,48.764174],[2.284932,48.762524],[2.285119,48.76213],[2.284689,48.761527],[2.284783,48.760985],[2.285026,48.760615],[2.284745,48.760147],[2.284428,48.760209],[2.284447,48.759926],[2.284615,48.759446],[2.284521,48.759285],[2.284615,48.759015],[2.284671,48.758891],[2.284615,48.758436],[2.284577,48.757808],[2.284353,48.75686],[2.284559,48.756638],[2.284054,48.756527],[2.284054,48.755997],[2.283718,48.755554],[2.283849,48.755234],[2.28355,48.755],[2.283438,48.754557],[2.283419,48.754273],[2.283176,48.754002],[2.282747,48.753263],[2.282523,48.752611],[2.282579,48.752254],[2.282317,48.751933],[2.281794,48.751847],[2.281645,48.752044],[2.281196,48.752389],[2.280468,48.752906],[2.280318,48.753079],[2.279721,48.753288],[2.279216,48.753559],[2.278525,48.753522],[2.277423,48.75383],[2.277367,48.75399],[2.277161,48.753953],[2.27662,48.754212],[2.276396,48.754212],[2.275872,48.754532],[2.274733,48.754877],[2.275013,48.755259],[2.27421,48.755468],[2.27378,48.75564],[2.273369,48.75548],[2.272977,48.756084],[2.272211,48.755554],[2.270904,48.755591],[2.27053,48.755246],[2.270231,48.755197],[2.269559,48.754717],[2.269428,48.755222],[2.269204,48.756613],[2.269017,48.756884],[2.269255,48.757431],[2.269473,48.757506],[2.269429,48.757667],[2.268079,48.758075],[2.267591,48.758086],[2.266946,48.758195],[2.266376,48.758127],[2.265415,48.758298],[2.264494,48.757625],[2.264474,48.757269],[2.264274,48.75711],[2.263914,48.756371],[2.263413,48.75587],[2.262973,48.755566],[2.262893,48.755302],[2.262192,48.754827],[2.261591,48.754563],[2.261051,48.754299],[2.260991,48.753863],[2.26077,48.753533],[2.26051,48.753283],[2.259369,48.752834],[2.258528,48.752266],[2.257847,48.751963],[2.257507,48.751949],[2.255065,48.752477],[2.251841,48.752161],[2.251501,48.7522],[2.248798,48.750867],[2.246736,48.750009],[2.245595,48.749072],[2.245114,48.746973],[2.248037,48.747263],[2.248237,48.745917],[2.246356,48.744332],[2.246696,48.743791],[2.246576,48.743474],[2.246115,48.743369],[2.245595,48.743461],[2.245134,48.743593],[2.244116,48.743194],[2.243612,48.74312],[2.242874,48.743163],[2.242529,48.743317],[2.242454,48.743558],[2.242631,48.744309],[2.242912,48.744808],[2.24378,48.745541],[2.243072,48.746313],[2.24067,48.746247],[2.238968,48.743738],[2.238187,48.74387],[2.237987,48.744134],[2.237426,48.743052],[2.236806,48.741388],[2.236505,48.741045],[2.235184,48.739777],[2.234443,48.739183],[2.233522,48.738616],[2.2314,48.739632],[2.231302,48.740139],[2.230882,48.740115],[2.2309,48.73985],[2.229882,48.740386],[2.227818,48.741374],[2.227168,48.741492],[2.226745,48.74146],[2.226517,48.741824],[2.225867,48.741685],[2.224777,48.742682],[2.224517,48.743315],[2.22398,48.743679],[2.22359,48.743819],[2.222972,48.743744],[2.222663,48.743819],[2.222338,48.743969],[2.22159,48.743926],[2.221037,48.743819],[2.220419,48.743465],[2.219622,48.742864],[2.21972,48.742639],[2.219476,48.741352],[2.219492,48.741074],[2.219199,48.74087],[2.218702,48.740762],[2.218346,48.740627],[2.217906,48.740296],[2.2172,48.739881],[2.216639,48.739727],[2.216616,48.739408],[2.215834,48.738893],[2.215282,48.738483],[2.21473,48.738422],[2.213948,48.738256],[2.212353,48.737374],[2.211865,48.737245],[2.211426,48.737073],[2.210434,48.736966],[2.208938,48.736301],[2.208938,48.735936],[2.209101,48.735861],[2.208808,48.735679],[2.208011,48.735593],[2.207751,48.735475],[2.208531,48.735068],[2.208775,48.734714],[2.207426,48.73421],[2.206401,48.734231],[2.205572,48.734188],[2.205295,48.734102],[2.205003,48.733813],[2.204645,48.733781],[2.204531,48.73363],[2.204726,48.733073],[2.204661,48.732472],[2.205051,48.732118],[2.205133,48.731775],[2.204238,48.730584],[2.204694,48.730198],[2.205279,48.729887],[2.205425,48.729619],[2.204905,48.729458],[2.204612,48.729276],[2.204677,48.728793],[2.202693,48.728096],[2.202043,48.727645],[2.203767,48.726658],[2.206466,48.726937],[2.208905,48.726841],[2.208076,48.725929],[2.207117,48.725199],[2.205702,48.724309],[2.21354,48.722281],[2.214532,48.722281],[2.216321,48.722367],[2.217232,48.722249],[2.217752,48.722002],[2.218988,48.721112],[2.220321,48.720726],[2.220777,48.72034],[2.221248,48.720275],[2.223395,48.720844],[2.224761,48.721359],[2.226289,48.721541],[2.227184,48.721327],[2.227477,48.721015],[2.227672,48.720597],[2.229591,48.721144],[2.231233,48.721724],[2.231266,48.722013],[2.231558,48.721981],[2.231932,48.721498],[2.232518,48.721477],[2.233298,48.72108],[2.232778,48.720093],[2.232404,48.718795],[2.232127,48.718773],[2.231818,48.718602],[2.231428,48.718634],[2.2312,48.718505],[2.231184,48.718323],[2.231347,48.718151],[2.2312,48.718054],[2.230761,48.718183],[2.229753,48.718237],[2.229543,48.717913],[2.229369,48.717562],[2.228982,48.717272],[2.228724,48.716817],[2.22836,48.716521],[2.22792,48.716506],[2.22751,48.716281],[2.227025,48.716261],[2.226304,48.716341],[2.226008,48.71503],[2.226099,48.714839],[2.226198,48.714674],[2.226107,48.714434],[2.225773,48.714329],[2.225189,48.714249],[2.225143,48.713163],[2.225067,48.713032],[2.224159,48.712765],[2.224208,48.712475],[2.224403,48.712035],[2.224322,48.711767],[2.22359,48.71152],[2.223573,48.711014],[2.223401,48.71066],[2.22294,48.710511],[2.22279,48.710192],[2.22295,48.709973],[2.222875,48.709796],[2.223162,48.709731],[2.223352,48.709645],[2.223152,48.709553],[2.22146,48.709639],[2.221049,48.709606],[2.220789,48.709467],[2.220519,48.708714],[2.220279,48.708522],[2.219938,48.708469],[2.217858,48.708777],[2.215972,48.708777],[2.213557,48.708595],[2.213373,48.708337],[2.212315,48.707852],[2.211672,48.707761],[2.211051,48.707533],[2.210614,48.706744],[2.210901,48.705154],[2.210778,48.704829],[2.209915,48.704536],[2.209817,48.703251],[2.209965,48.702128],[2.206785,48.702877],[2.205626,48.703039],[2.203063,48.702275],[2.194707,48.700567],[2.192612,48.700518],[2.190911,48.700388],[2.187288,48.700323],[2.186672,48.700404],[2.186056,48.700258],[2.185292,48.699558],[2.184108,48.699558],[2.183813,48.699721],[2.183763,48.699883],[2.183369,48.699867],[2.183369,48.699607],[2.182629,48.699574],[2.181989,48.699428],[2.181052,48.699786],[2.18083,48.699672],[2.180805,48.69946],[2.180165,48.699753],[2.179499,48.699818],[2.178686,48.699818],[2.17807,48.699786],[2.176812,48.699965],[2.176048,48.700241],[2.175161,48.700241],[2.174791,48.700371],[2.174224,48.700746],[2.173756,48.700892],[2.173288,48.700957],[2.17277,48.701136],[2.171957,48.700973],[2.167569,48.699997],[2.167471,48.700241],[2.166485,48.70042],[2.166214,48.700079],[2.165622,48.699802],[2.165031,48.699948],[2.164907,48.699721],[2.163897,48.699737],[2.163256,48.699737],[2.162122,48.70003],[2.161235,48.699997],[2.159411,48.699672],[2.158425,48.699509],[2.157611,48.699249],[2.157118,48.699216],[2.156675,48.699086],[2.157143,48.697996],[2.155566,48.697655],[2.15347,48.697947],[2.153199,48.698289],[2.150808,48.698663],[2.150882,48.699037],[2.150094,48.69907],[2.149527,48.699005],[2.148245,48.699281],[2.146667,48.699395],[2.144646,48.699639],[2.143858,48.699916],[2.143143,48.700323],[2.142453,48.700453],[2.140136,48.700713],[2.139717,48.700876],[2.139741,48.701071],[2.139026,48.700843],[2.138558,48.700843],[2.138041,48.700908],[2.137942,48.700713],[2.137584,48.700749],[2.137504,48.700817],[2.137251,48.700832],[2.136802,48.700794],[2.136377,48.700574],[2.136158,48.700202],[2.136216,48.699982],[2.135963,48.700028],[2.135675,48.699853],[2.135583,48.699565],[2.135353,48.699421],[2.134985,48.699466],[2.134641,48.699223],[2.134066,48.698996],[2.133502,48.698578],[2.132628,48.698555],[2.13218,48.698495],[2.13195,48.698373],[2.131639,48.698335],[2.131053,48.698214],[2.130466,48.698237],[2.130128,48.698013],[2.129118,48.698566],[2.128945,48.699086],[2.129266,48.699281],[2.128674,48.699493],[2.127097,48.699981],[2.126505,48.700323],[2.125618,48.701103],[2.125396,48.700925],[2.125297,48.700664],[2.124065,48.70029],[2.123597,48.700453],[2.122512,48.700892],[2.121107,48.701152],[2.12054,48.701038],[2.119406,48.700892],[2.118026,48.700583],[2.117558,48.700664],[2.117311,48.700632],[2.115635,48.701038],[2.114501,48.701136],[2.114403,48.701266],[2.114723,48.702177],[2.113367,48.70247],[2.112702,48.702535],[2.112653,48.702698],[2.112234,48.702795],[2.111716,48.702795],[2.111297,48.702828],[2.11142,48.702437],[2.110977,48.702242],[2.110681,48.70221],[2.110262,48.702112],[2.110188,48.701901],[2.109966,48.701787],[2.108684,48.702324],[2.10755,48.702519],[2.106417,48.702502],[2.1058,48.702307],[2.105012,48.702226],[2.103607,48.701884],[2.102374,48.702324],[2.101906,48.70234],[2.101536,48.702258],[2.101191,48.702258],[2.10092,48.702031],[2.100353,48.702096],[2.100107,48.701526],[2.099737,48.701364],[2.09949,48.701136],[2.099663,48.700941],[2.0988,48.700632],[2.098825,48.700176],[2.099121,48.700095],[2.098825,48.699656],[2.098135,48.699737],[2.096459,48.70016],[2.092959,48.701169],[2.091283,48.70177],[2.089631,48.702014],[2.089582,48.702795],[2.088645,48.703039],[2.088719,48.703381],[2.088547,48.703641],[2.087363,48.703641],[2.084775,48.703869],[2.08337,48.703739],[2.082689,48.703602],[2.082263,48.703367],[2.081263,48.70257],[2.081078,48.702698],[2.078244,48.70286],[2.076617,48.702893],[2.075508,48.702746],[2.074522,48.701949],[2.073191,48.701673],[2.071465,48.701022],[2.070479,48.701592],[2.069592,48.701998],[2.069592,48.702112],[2.066782,48.701592],[2.064712,48.701006],[2.063454,48.700306],[2.062469,48.699542],[2.061754,48.698728],[2.061138,48.697492],[2.059437,48.697801],[2.058968,48.696467],[2.058821,48.69497],[2.059092,48.695003],[2.059314,48.694368],[2.060447,48.6924],[2.061064,48.690756],[2.061088,48.689438],[2.061359,48.688202],[2.061828,48.686835],[2.061877,48.685696],[2.061581,48.68498],[2.060866,48.684166],[2.059831,48.683548],[2.056627,48.68236],[2.055887,48.68205],[2.055394,48.681709],[2.054729,48.680976],[2.052659,48.678128],[2.052239,48.677396],[2.052092,48.676468],[2.052289,48.675573],[2.053176,48.673848],[2.053472,48.672708],[2.053423,48.67183],[2.053102,48.670934],[2.052461,48.669925],[2.051525,48.668916],[2.052683,48.668558],[2.05288,48.668265],[2.052757,48.667597],[2.05293,48.667011],[2.054263,48.666495],[2.054815,48.666123],[2.055655,48.665477],[2.055863,48.66534],[2.055305,48.664695],[2.054294,48.6626],[2.054329,48.661518],[2.053945,48.659377],[2.053039,48.65719],[2.052307,48.656315],[2.051436,48.654495],[2.050564,48.653713],[2.047532,48.651456],[2.047636,48.650373],[2.048438,48.649844],[2.049867,48.649084],[2.048333,48.646458],[2.049588,48.64579],[2.050216,48.646136],[2.051366,48.645929],[2.053597,48.645975],[2.055549,48.645629],[2.057048,48.64556],[2.058547,48.645583],[2.060917,48.64533],[2.060638,48.644409],[2.060464,48.644201],[2.060464,48.64381],[2.060081,48.643741],[2.058303,48.641985],[2.058106,48.642034],[2.055616,48.640535],[2.053916,48.639623],[2.052412,48.639021],[2.051623,48.638874],[2.050687,48.638841],[2.049084,48.638385],[2.048838,48.638174],[2.048493,48.638011],[2.048172,48.637669],[2.048099,48.637196],[2.047778,48.636691],[2.047187,48.6363],[2.045313,48.635795],[2.044796,48.635486],[2.044426,48.63503],[2.043637,48.634623],[2.041764,48.633824],[2.040186,48.633482],[2.038683,48.632896],[2.038313,48.632619],[2.037598,48.632619],[2.036465,48.632505],[2.035454,48.632081],[2.034641,48.631674],[2.033901,48.631104],[2.033088,48.630615],[2.033581,48.630208],[2.034148,48.630127],[2.035183,48.630127],[2.036193,48.629817],[2.037179,48.628807],[2.037105,48.628384],[2.036415,48.628139],[2.036686,48.627569],[2.037303,48.62765],[2.037524,48.626982],[2.037001,48.625689],[2.036855,48.624271],[2.036611,48.623787],[2.035993,48.623099],[2.036074,48.622959],[2.034936,48.622013],[2.033163,48.621755],[2.031797,48.621744],[2.031196,48.621873],[2.030968,48.621487],[2.0297,48.621433],[2.028334,48.621583],[2.027065,48.621949],[2.026707,48.620444],[2.026089,48.619412],[2.026398,48.619165],[2.024463,48.617961],[2.024057,48.617778],[2.024209,48.617637],[2.023647,48.616506],[2.02345,48.616522],[2.02308,48.615349],[2.022514,48.614469],[2.022193,48.613622],[2.021971,48.612791],[2.021528,48.612302],[2.020788,48.612122],[2.020468,48.611911],[2.020492,48.611682],[2.020788,48.611242],[2.021478,48.611764],[2.022094,48.611862],[2.022957,48.612106],[2.024116,48.612171],[2.02594,48.612057],[2.025866,48.611764],[2.025915,48.611014],[2.025742,48.609596],[2.025225,48.608749],[2.025644,48.607934],[2.024781,48.607641],[2.020813,48.605897],[2.020443,48.605359],[2.019506,48.604674],[2.019038,48.604071],[2.018323,48.603582],[2.017682,48.603485],[2.017042,48.603093],[2.016277,48.602099],[2.015735,48.601692],[2.0147,48.600746],[2.013985,48.600241],[2.013443,48.599361],[2.01332,48.597991],[2.012358,48.596361],[2.012753,48.595954],[2.012876,48.595481],[2.014922,48.593557],[2.015415,48.593182],[2.015711,48.592318],[2.016031,48.592481],[2.017066,48.592074],[2.017608,48.591373],[2.015365,48.590329],[2.013714,48.589954],[2.011693,48.587248],[2.010707,48.586237],[2.008587,48.584378],[2.006936,48.583384],[2.003904,48.581345],[2.002302,48.580367],[2.000379,48.579421],[1.999024,48.578932],[1.997668,48.578557],[1.995844,48.578459],[1.991604,48.578573],[1.990643,48.578312],[1.98978,48.578247],[1.989238,48.578329],[1.988375,48.57828],[1.985393,48.577888],[1.982805,48.577807],[1.980661,48.577611],[1.979428,48.577676],[1.977308,48.577954],[1.975903,48.57797],[1.973217,48.577611],[1.970579,48.577171],[1.969618,48.576812],[1.967671,48.576372],[1.966019,48.576192],[1.966167,48.575426],[1.964614,48.574888],[1.963949,48.574708],[1.962593,48.574823],[1.960991,48.574757],[1.960227,48.574594],[1.958304,48.574529],[1.957713,48.574659],[1.95648,48.574659],[1.956727,48.574431],[1.956135,48.573909],[1.9551,48.573762],[1.95441,48.573485],[1.954262,48.573273],[1.953966,48.573126],[1.953892,48.572768],[1.953128,48.572474],[1.95197,48.572441],[1.951009,48.572197],[1.95054,48.57192],[1.950663,48.57143],[1.95054,48.571039],[1.950565,48.570713],[1.950244,48.570468],[1.949653,48.570664],[1.949135,48.571023],[1.948963,48.571398],[1.94953,48.571805],[1.949776,48.572099],[1.949604,48.572393],[1.94667,48.571153],[1.942,48.571375],[1.941533,48.571361],[1.941383,48.571244],[1.941174,48.571308],[1.941222,48.571446],[1.941141,48.57162],[1.940905,48.57183],[1.940653,48.571933],[1.940031,48.571776],[1.939877,48.57202],[1.939747,48.571987],[1.939617,48.572321],[1.939519,48.572724],[1.939106,48.573525],[1.939384,48.57364],[1.939576,48.573917],[1.93921,48.574297],[1.937763,48.574735],[1.937031,48.574839],[1.936003,48.574874],[1.935184,48.575047],[1.933981,48.575681],[1.933162,48.576258],[1.931088,48.578368],[1.930199,48.579406],[1.929432,48.580766],[1.928892,48.581954],[1.92846,48.582333],[1.926959,48.583044],[1.926689,48.583325],[1.926517,48.583607],[1.926275,48.583816],[1.925556,48.584196],[1.925349,48.584375],[1.924889,48.584968],[1.924372,48.585364],[1.922496,48.586127],[1.921572,48.586577],[1.918574,48.587857],[1.915541,48.588583],[1.914287,48.589056],[1.913293,48.589771],[1.911707,48.590601],[1.910243,48.5912],[1.908047,48.592042],[1.906583,48.593333],[1.904561,48.592653],[1.900413,48.595131],[1.899733,48.595385],[1.89759,48.595834],[1.895515,48.596445],[1.892842,48.599936],[1.890853,48.603453],[1.891451,48.603635],[1.891727,48.603863],[1.892394,48.604107],[1.892555,48.604502],[1.886966,48.607209],[1.883332,48.608137],[1.88239,48.60876],[1.881608,48.609505],[1.879032,48.611269],[1.878319,48.611619],[1.876962,48.612136],[1.876157,48.612257],[1.874869,48.613337],[1.875076,48.613595],[1.861301,48.619114],[1.857989,48.616226],[1.844604,48.621623],[1.844765,48.621775],[1.84442,48.622535],[1.843914,48.622991],[1.843523,48.623812],[1.843638,48.624389],[1.843454,48.625119],[1.84373,48.625514],[1.843891,48.626259],[1.841684,48.626867],[1.841523,48.62705],[1.842419,48.627369],[1.842741,48.628114],[1.84304,48.628539],[1.842534,48.629542],[1.841661,48.630378],[1.841109,48.631214],[1.84065,48.631661],[1.840446,48.632185],[1.840028,48.632795],[1.839877,48.633504],[1.83962,48.63393],[1.839137,48.6341],[1.838987,48.634383],[1.838987,48.634582],[1.837914,48.634908],[1.837656,48.635248],[1.837184,48.63539],[1.836455,48.635376],[1.83697,48.636128],[1.838214,48.637049],[1.838408,48.637404],[1.83845,48.63773],[1.837142,48.638481],[1.835983,48.638992],[1.83491,48.639786],[1.8327,48.641218],[1.831369,48.641969],[1.830812,48.642381],[1.830704,48.642707],[1.828108,48.642636],[1.826885,48.642891],[1.825941,48.643047],[1.825018,48.642721],[1.82461,48.642707],[1.825082,48.642352],[1.825168,48.641927],[1.824932,48.641601],[1.824396,48.641402],[1.823773,48.641416],[1.821778,48.64231],[1.821585,48.642168],[1.821263,48.642267],[1.818001,48.639743],[1.814182,48.641558],[1.813838,48.641402],[1.813366,48.641473],[1.813238,48.6417],[1.813366,48.641955],[1.807358,48.644692],[1.803002,48.642962],[1.800449,48.641856],[1.795471,48.639304],[1.794441,48.638439],[1.79414,48.638099],[1.792338,48.637574],[1.792123,48.637375],[1.791351,48.636978],[1.789849,48.635915],[1.789591,48.635475],[1.789463,48.634823],[1.788819,48.634681],[1.788089,48.634667],[1.78648,48.635107],[1.785321,48.635234],[1.78309,48.635092],[1.780643,48.635305],[1.779485,48.635745],[1.778433,48.636397],[1.776116,48.636936],[1.774163,48.638169],[1.774056,48.638382],[1.773026,48.638481],[1.77264,48.638978],[1.770773,48.640594],[1.770666,48.640268],[1.770666,48.639162],[1.771116,48.638566],[1.771309,48.637588],[1.770666,48.637134],[1.770515,48.636808],[1.771009,48.635362],[1.770902,48.634922],[1.771374,48.633802],[1.770086,48.633632],[1.768541,48.633107],[1.766374,48.632242],[1.767232,48.630554],[1.767662,48.629264],[1.766696,48.627335],[1.763713,48.626683],[1.763155,48.626144],[1.763134,48.625591],[1.762168,48.625009],[1.760345,48.625406],[1.760216,48.626016],[1.758177,48.626825],[1.757319,48.626966],[1.754851,48.626881],[1.754229,48.626669],[1.751997,48.626115],[1.750517,48.626314],[1.750195,48.626201],[1.748908,48.625364],[1.748393,48.625279],[1.747534,48.625392],[1.74674,48.624882],[1.744895,48.624059],[1.744208,48.624059],[1.742771,48.623633],[1.741805,48.623591],[1.741269,48.62335],[1.741054,48.623109],[1.740196,48.621194],[1.740003,48.62108],[1.739058,48.620158],[1.738737,48.619265],[1.73775,48.618598]]],"type":"MultiLineString"},"properties":{"geo_point":{"lon":2.1428683664973596,"lat":48.74150230502783},"name":"GR655 De Montmorency (Val-d'Oise) à Saint-Hilarion (Yvelines) (2020)","code_gr":"GR655"}},{"type":"Feature","geometry":{"coordinates":[[[0.122984,46.435766],[0.120957,46.434405],[0.119753,46.43283],[0.11872,46.432527],[0.118114,46.43198],[0.11894,46.431343],[0.120238,46.430786],[0.118082,46.42857],[0.118049,46.427902],[0.118618,46.426365],[0.119841,46.425391],[0.121011,46.424133],[0.120249,46.423431],[0.119551,46.422604],[0.11894,46.421661],[0.117996,46.420959],[0.116644,46.420055],[0.115968,46.419369],[0.115399,46.418941],[0.112481,46.419708],[0.112202,46.419228],[0.109295,46.420574],[0.108469,46.419785],[0.10717,46.418755],[0.104864,46.417305],[0.105937,46.416428],[0.105819,46.416382],[0.105625,46.415604],[0.104735,46.414719],[0.104896,46.410603],[0.101967,46.406929],[0.100733,46.405472],[0.099177,46.404251],[0.097418,46.402496],[0.095465,46.400166],[0.094768,46.398872],[0.093802,46.397766],[0.092032,46.396496],[0.091087,46.395488],[0.09038,46.394341],[0.0892,46.39278],[0.087601,46.390881],[0.08612,46.38966],[0.08435,46.388348],[0.083524,46.388046],[0.082998,46.38752],[0.082204,46.386009],[0.081646,46.384396],[0.080338,46.383018],[0.078739,46.381783],[0.077248,46.380672],[0.075209,46.379528],[0.074179,46.378662],[0.072109,46.377327],[0.071357,46.37664],[0.069684,46.375641],[0.068235,46.375099],[0.067742,46.374619],[0.067313,46.37384],[0.066744,46.373337],[0.066315,46.373028],[0.065274,46.37257],[0.064609,46.372086],[0.06374,46.371754],[0.062302,46.371109],[0.060714,46.370739],[0.059438,46.370266],[0.058376,46.37006],[0.056251,46.369858],[0.055264,46.369335],[0.051155,46.366219],[0.048709,46.364693],[0.046853,46.363834],[0.046134,46.364883],[0.044557,46.366669],[0.042593,46.368134],[0.039836,46.366165],[0.037165,46.36507],[0.034279,46.362972],[0.034697,46.36245],[0.035223,46.362183],[0.035491,46.361862],[0.034461,46.360775],[0.033592,46.360027],[0.032712,46.358719],[0.032465,46.358082],[0.024623,46.356926],[0.02414,46.356171],[0.019838,46.351215],[0.018915,46.35157],[0.018432,46.351505],[0.018003,46.350143],[0.017359,46.348061],[0.016769,46.347565],[0.017467,46.347233],[0.01707,46.346958],[0.016823,46.346977],[0.016093,46.346756],[0.016909,46.346416],[0.01663,46.346226],[0.015857,46.344639],[0.015192,46.343307],[0.013958,46.342438],[0.013143,46.342003],[0.011147,46.339447],[0.010171,46.337914],[0.009238,46.336945],[0.007424,46.334602],[0.004742,46.332848],[0.003036,46.330528],[0.002671,46.329735],[-0.009828,46.333706],[-0.011898,46.332878],[-0.012585,46.33181],[-0.014967,46.331738],[-0.015954,46.331211],[-0.017112,46.331371],[-0.018153,46.331371],[-0.019484,46.330593],[-0.019923,46.330589],[-0.022906,46.329811],[-0.026243,46.328159],[-0.02811,46.327492],[-0.029032,46.326824],[-0.029258,46.327019],[-0.032133,46.327469],[-0.032594,46.325863],[-0.033807,46.32555],[-0.034976,46.324181],[-0.036446,46.324432],[-0.036821,46.32415],[-0.038205,46.323837],[-0.038978,46.32357],[-0.03989,46.323372],[-0.041413,46.322247],[-0.042937,46.321476],[-0.043838,46.320721],[-0.044235,46.320179],[-0.044181,46.319378],[-0.044374,46.318756],[-0.044922,46.318497],[-0.04548,46.318554],[-0.04666,46.318562],[-0.048956,46.318829],[-0.049868,46.318726],[-0.052367,46.319103],[-0.052646,46.318325],[-0.053612,46.317123],[-0.053998,46.317524],[-0.055608,46.318275],[-0.05638,46.318844],[-0.057828,46.319511],[-0.058805,46.319725],[-0.059813,46.320644],[-0.060564,46.321125],[-0.061154,46.321728],[-0.062109,46.321793],[-0.062989,46.322037],[-0.06374,46.322563],[-0.064716,46.322899],[-0.065575,46.323513],[-0.066143,46.323936],[-0.066422,46.324276],[-0.066841,46.324017],[-0.06653,46.322838],[-0.065897,46.322098],[-0.065382,46.321194],[-0.067978,46.320896],[-0.068514,46.320667],[-0.069662,46.32021],[-0.072387,46.320339],[-0.074641,46.320606],[-0.07728,46.320793],[-0.078524,46.320808],[-0.081947,46.321114],[-0.084447,46.321171],[-0.084114,46.3186],[-0.083127,46.317257],[-0.082752,46.316422],[-0.081657,46.315437],[-0.080981,46.314274],[-0.079222,46.313126],[-0.078117,46.312508],[-0.076625,46.311611],[-0.074244,46.310917],[-0.072967,46.310635],[-0.071465,46.309834],[-0.071239,46.309441],[-0.070285,46.309135],[-0.06963,46.308796],[-0.068461,46.308601],[-0.067849,46.308224],[-0.067517,46.308064],[-0.067956,46.307625],[-0.067055,46.307556],[-0.066605,46.306965],[-0.066787,46.306423],[-0.071089,46.305504],[-0.07199,46.305595],[-0.072784,46.305408],[-0.074083,46.304451],[-0.074877,46.303398],[-0.073986,46.301479],[-0.071765,46.299946],[-0.072355,46.299843],[-0.073289,46.299553],[-0.073922,46.299057],[-0.07551,46.298309],[-0.077698,46.298862],[-0.078696,46.29948],[-0.07993,46.299641],[-0.080842,46.29784],[-0.081046,46.296669],[-0.080971,46.295986],[-0.081421,46.295238],[-0.080992,46.294373],[-0.081668,46.293816],[-0.081582,46.293217],[-0.083599,46.292465],[-0.083975,46.291904],[-0.085037,46.291012],[-0.085477,46.290066],[-0.085874,46.289997],[-0.086303,46.289196],[-0.086421,46.288502],[-0.086356,46.288345],[-0.087086,46.287781],[-0.087891,46.287335],[-0.089296,46.286266],[-0.088867,46.285698],[-0.089006,46.285313],[-0.088974,46.284592],[-0.08862,46.284435],[-0.088717,46.283787],[-0.088524,46.283199],[-0.089135,46.281857],[-0.089275,46.281109],[-0.091023,46.279121],[-0.09303,46.277023],[-0.094028,46.276279],[-0.09509,46.275806],[-0.096999,46.274605],[-0.098898,46.27396],[-0.101227,46.273396],[-0.102385,46.272469],[-0.103351,46.271896],[-0.103565,46.271477],[-0.10363,46.271046],[-0.103222,46.270535],[-0.103254,46.270245],[-0.103726,46.26894],[-0.105271,46.267639],[-0.105582,46.267166],[-0.102847,46.267834],[-0.101151,46.268108],[-0.098802,46.26862],[-0.096935,46.268738],[-0.096914,46.268085],[-0.096109,46.267277],[-0.096045,46.266098],[-0.097042,46.264637],[-0.096667,46.263481],[-0.096581,46.262821],[-0.097117,46.261803],[-0.09819,46.260609],[-0.098222,46.260239],[-0.097944,46.259895],[-0.099188,46.259007],[-0.099607,46.25808],[-0.100272,46.2575],[-0.101248,46.255913],[-0.102621,46.254688],[-0.103598,46.254257],[-0.104016,46.254284],[-0.104992,46.254578],[-0.105507,46.254505],[-0.106291,46.254074],[-0.106848,46.253933],[-0.10658,46.253658],[-0.106859,46.253338],[-0.107074,46.252686],[-0.107149,46.251968],[-0.107524,46.251484],[-0.10687,46.250118],[-0.106924,46.249111],[-0.106698,46.247902],[-0.106999,46.247517],[-0.107203,46.246952],[-0.10731,46.246262],[-0.107782,46.245296],[-0.106763,46.245132],[-0.106215,46.24456],[-0.105175,46.244087],[-0.104799,46.244072],[-0.105625,46.243019],[-0.106205,46.242477],[-0.107235,46.241974],[-0.108232,46.240986],[-0.109187,46.240562],[-0.110282,46.240482],[-0.111569,46.240087],[-0.112245,46.239606],[-0.112524,46.238678],[-0.112739,46.238018],[-0.113339,46.237579],[-0.114144,46.237282],[-0.114659,46.236935],[-0.114723,46.236897],[-0.115668,46.236717],[-0.115775,46.236855],[-0.119433,46.23579],[-0.119659,46.234932],[-0.120946,46.234055],[-0.12085,46.233669],[-0.121526,46.233418],[-0.123392,46.232273],[-0.123918,46.231583],[-0.123296,46.229076],[-0.124079,46.228569],[-0.123349,46.228096],[-0.123886,46.227554],[-0.12483,46.228043],[-0.126643,46.227196],[-0.131289,46.229904],[-0.132211,46.230057],[-0.132469,46.229351],[-0.133038,46.228905],[-0.133553,46.228661],[-0.134228,46.227924],[-0.13454,46.227493],[-0.136042,46.225922],[-0.135216,46.225521],[-0.136331,46.224598],[-0.138144,46.22385],[-0.140162,46.223717],[-0.140891,46.22374],[-0.142597,46.2244],[-0.14294,46.225098],[-0.1425,46.225819],[-0.142415,46.226299],[-0.142704,46.226582],[-0.143166,46.226788],[-0.143745,46.226559],[-0.144035,46.226723],[-0.144925,46.22681],[-0.14515,46.226589],[-0.145226,46.226238],[-0.145086,46.225639],[-0.144528,46.224777],[-0.14485,46.224724],[-0.145419,46.223507],[-0.145601,46.22258],[-0.14485,46.222446],[-0.144904,46.222256],[-0.145408,46.221592],[-0.144764,46.22126],[-0.145054,46.220932],[-0.145268,46.22068],[-0.145998,46.220856],[-0.146459,46.220844],[-0.146701,46.221024],[-0.146931,46.221081],[-0.146937,46.221268],[-0.147135,46.22142],[-0.148058,46.221458],[-0.148358,46.221367],[-0.148423,46.220982],[-0.148766,46.220737],[-0.148948,46.220444],[-0.150687,46.219894],[-0.150225,46.218693],[-0.149989,46.216492],[-0.149034,46.214058],[-0.148959,46.212841],[-0.149131,46.211784],[-0.149785,46.209969],[-0.150386,46.210258],[-0.150418,46.210526],[-0.150644,46.210274],[-0.151051,46.209633],[-0.150011,46.20927],[-0.150536,46.208237],[-0.151491,46.20723],[-0.152253,46.206738],[-0.154055,46.205975],[-0.157939,46.204571],[-0.159441,46.204838],[-0.16016,46.205112],[-0.161126,46.205238],[-0.16193,46.205521],[-0.163658,46.205891],[-0.16398,46.205395],[-0.164613,46.205223],[-0.167381,46.205021],[-0.168829,46.204979],[-0.170921,46.204887],[-0.170889,46.205185],[-0.17046,46.205601],[-0.170449,46.207176],[-0.169837,46.207813],[-0.170127,46.207916],[-0.171769,46.207561],[-0.172305,46.207638],[-0.172402,46.208488],[-0.17296,46.209187],[-0.172981,46.209671],[-0.173646,46.209759],[-0.173775,46.209946],[-0.173646,46.210732],[-0.172638,46.212494],[-0.174451,46.211971],[-0.176049,46.211258],[-0.178667,46.210575],[-0.179225,46.210033],[-0.179279,46.210754],[-0.180953,46.210819],[-0.181929,46.210785],[-0.182691,46.210926],[-0.182927,46.209469],[-0.183688,46.209396],[-0.184289,46.209309],[-0.18607,46.209366],[-0.186585,46.209145],[-0.187025,46.208485],[-0.187336,46.208393],[-0.187744,46.209003],[-0.187658,46.209435],[-0.188731,46.209915],[-0.189021,46.210278],[-0.189761,46.210526],[-0.189965,46.210518],[-0.18945,46.209969],[-0.189546,46.209709],[-0.190448,46.209389],[-0.190415,46.208942],[-0.188903,46.208179],[-0.188645,46.20789],[-0.188806,46.207569],[-0.188828,46.207371],[-0.189203,46.20713],[-0.189321,46.206871],[-0.189514,46.20673],[-0.1893,46.20647],[-0.189493,46.206142],[-0.188881,46.205849],[-0.187465,46.205364],[-0.187132,46.205551],[-0.186843,46.205505],[-0.186338,46.205128],[-0.184311,46.204472],[-0.183914,46.20417],[-0.185641,46.202644],[-0.184836,46.202038],[-0.184783,46.201607],[-0.184568,46.201614],[-0.183774,46.200554],[-0.183849,46.200397],[-0.184568,46.200359],[-0.185008,46.200516],[-0.185287,46.200508],[-0.186038,46.200665],[-0.187004,46.199631],[-0.186081,46.1973],[-0.18621,46.197071],[-0.188527,46.196117],[-0.189353,46.196045],[-0.189536,46.195168],[-0.191821,46.19453],[-0.19254,46.194233],[-0.193484,46.193794],[-0.197453,46.193184],[-0.199578,46.192329],[-0.200651,46.19202],[-0.201337,46.191505],[-0.201981,46.191536],[-0.202421,46.191692],[-0.205564,46.189865],[-0.206208,46.189384],[-0.208139,46.188469],[-0.208311,46.188179],[-0.209835,46.187073],[-0.213407,46.184727],[-0.213933,46.184525],[-0.214351,46.184006],[-0.215564,46.18174],[-0.217184,46.178383],[-0.217688,46.17804],[-0.216808,46.176964],[-0.216036,46.176304],[-0.215725,46.175522],[-0.215607,46.174847],[-0.214845,46.174747],[-0.214255,46.173397],[-0.214244,46.172588],[-0.214534,46.171242],[-0.214695,46.168324],[-0.215049,46.167339],[-0.215263,46.167244],[-0.215478,46.165699],[-0.215349,46.16489],[-0.215199,46.164459],[-0.215274,46.16367],[-0.215081,46.162281],[-0.214491,46.160305],[-0.214502,46.159664],[-0.215843,46.159348],[-0.217034,46.158321],[-0.218192,46.156902],[-0.220885,46.15453],[-0.219705,46.153973],[-0.218225,46.153675],[-0.216368,46.153049],[-0.213375,46.152767],[-0.212206,46.152718],[-0.212388,46.15192],[-0.212967,46.150524],[-0.212849,46.150227],[-0.217152,46.144733],[-0.218257,46.143543],[-0.219963,46.141068],[-0.221046,46.141174],[-0.22331,46.142014],[-0.224125,46.141926],[-0.224791,46.141159],[-0.225853,46.140461],[-0.226979,46.140015],[-0.227666,46.139954],[-0.228728,46.140163],[-0.229629,46.14061],[-0.232558,46.141159],[-0.234082,46.141144],[-0.234522,46.141075],[-0.235627,46.141315],[-0.236646,46.139725],[-0.237032,46.138512],[-0.237558,46.137493],[-0.237086,46.134956],[-0.237129,46.133434],[-0.237418,46.132767],[-0.238202,46.132057],[-0.239232,46.131382],[-0.241002,46.131039],[-0.241753,46.130928],[-0.241528,46.130692],[-0.241603,46.129753],[-0.241045,46.128822],[-0.242579,46.126659],[-0.242268,46.126064],[-0.24274,46.125736],[-0.243115,46.125294],[-0.244746,46.125946],[-0.246077,46.126347],[-0.24686,46.126823],[-0.249574,46.129284],[-0.252235,46.129314],[-0.253608,46.129112],[-0.255808,46.128429],[-0.257342,46.128445],[-0.257792,46.128586],[-0.258372,46.128155],[-0.259219,46.128223],[-0.261172,46.128365],[-0.261633,46.127075],[-0.261633,46.126423],[-0.262256,46.126446],[-0.262674,46.126385],[-0.262824,46.125938],[-0.263253,46.125656],[-0.263565,46.125107],[-0.264734,46.125305],[-0.26571,46.12426],[-0.265893,46.123863],[-0.268575,46.121017],[-0.269873,46.119202],[-0.270463,46.11784],[-0.270474,46.117275],[-0.272555,46.113438],[-0.271579,46.113132],[-0.272759,46.110516],[-0.269122,46.109821],[-0.268275,46.109802],[-0.266451,46.110069],[-0.265185,46.110172],[-0.267073,46.109035],[-0.269798,46.107132],[-0.272255,46.105354],[-0.276686,46.102154],[-0.278531,46.100941],[-0.27969,46.099945],[-0.283928,46.095985],[-0.286138,46.093822],[-0.287458,46.092541],[-0.289947,46.09013],[-0.288595,46.08952],[-0.285537,46.087826],[-0.285977,46.087444],[-0.286438,46.087288],[-0.286481,46.087029],[-0.286127,46.086708],[-0.286707,46.086308],[-0.286642,46.086067],[-0.286363,46.08588],[-0.285999,46.085472],[-0.286653,46.085018],[-0.28587,46.084343],[-0.285505,46.084549],[-0.284293,46.083969],[-0.283756,46.083939],[-0.284775,46.083069],[-0.287007,46.081486],[-0.287372,46.081032],[-0.287747,46.079937],[-0.287715,46.079132],[-0.288016,46.078491],[-0.288531,46.078583],[-0.288767,46.078308],[-0.288831,46.077881],[-0.289443,46.0774],[-0.289614,46.077175],[-0.290204,46.076775],[-0.290537,46.076244],[-0.291181,46.075596],[-0.291181,46.0737],[-0.297103,46.074867],[-0.297618,46.075272],[-0.298841,46.075806],[-0.300429,46.076141],[-0.301888,46.076946],[-0.303546,46.077467],[-0.3028,46.076439],[-0.304796,46.07468],[-0.309527,46.070274],[-0.310857,46.069344],[-0.316039,46.065281],[-0.317734,46.064148],[-0.31944,46.063198],[-0.322219,46.060947],[-0.321522,46.060555],[-0.320181,46.059391],[-0.321221,46.058537],[-0.320481,46.058022],[-0.319977,46.057903],[-0.319322,46.057983],[-0.319086,46.057831],[-0.319097,46.057816],[-0.319698,46.057026],[-0.32002,46.056274],[-0.321586,46.054298],[-0.322058,46.053108],[-0.323399,46.051365],[-0.324515,46.04998],[-0.324869,46.048954],[-0.325727,46.04747],[-0.328174,46.044998],[-0.329654,46.043285],[-0.330341,46.042267],[-0.330534,46.041531],[-0.330813,46.041031],[-0.331221,46.03957],[-0.331703,46.038334],[-0.332304,46.037552],[-0.332594,46.036873],[-0.332122,46.036674],[-0.332347,46.036205],[-0.332401,46.034126],[-0.333002,46.033337],[-0.333195,46.031921],[-0.333195,46.030907],[-0.333517,46.029545],[-0.33416,46.028709],[-0.335469,46.026455],[-0.335791,46.025604],[-0.3318,46.024891],[-0.332465,46.024338],[-0.332959,46.023602],[-0.333506,46.023399],[-0.334547,46.023197],[-0.335298,46.023228],[-0.336188,46.022968],[-0.337143,46.022858],[-0.337969,46.022953],[-0.340565,46.022243],[-0.341295,46.022038],[-0.341756,46.021805],[-0.342818,46.021641],[-0.343688,46.021381],[-0.344943,46.020927],[-0.345533,46.020584],[-0.346037,46.02092],[-0.346541,46.021118],[-0.346756,46.021328],[-0.34726,46.021313],[-0.347464,46.021507],[-0.34814,46.02179],[-0.348269,46.021587],[-0.35212,46.022545],[-0.353869,46.022961],[-0.355371,46.023251],[-0.355564,46.022743],[-0.352947,46.021851],[-0.350811,46.020756],[-0.350264,46.020653],[-0.349588,46.019749],[-0.348719,46.019169],[-0.349631,46.018074],[-0.349824,46.017632],[-0.350318,46.017075],[-0.350693,46.016956],[-0.35153,46.016285],[-0.351101,46.016144],[-0.352067,46.013908],[-0.353515,46.011547],[-0.35388,46.010548],[-0.355446,46.008953],[-0.35918,46.000659],[-0.360296,46.000743],[-0.361862,46.000973],[-0.363225,46.001514],[-0.365328,46.001537],[-0.366583,46.001835],[-0.367913,46.001804],[-0.369726,46.000107],[-0.371132,46.000622],[-0.372173,46.001232],[-0.372677,46.001308],[-0.373492,46.001217],[-0.37537,46.001545],[-0.375359,46.001755],[-0.379082,46.002296],[-0.379586,46.002232],[-0.379618,46.002029],[-0.37905,46.001873],[-0.379082,46.001179],[-0.379339,46.00106],[-0.379114,46.000404],[-0.381045,46.000412],[-0.381861,46.000668],[-0.382279,46.000614],[-0.383137,46.000271],[-0.384983,45.994926],[-0.386217,45.995239],[-0.388641,45.995613],[-0.390433,45.996014],[-0.393287,45.996464],[-0.394145,45.994069],[-0.394338,45.993071],[-0.39392,45.990482],[-0.394253,45.990074],[-0.394843,45.989613],[-0.3951,45.98888],[-0.396312,45.988293],[-0.396409,45.987049],[-0.396881,45.983635],[-0.396881,45.983113],[-0.397321,45.981308],[-0.397342,45.980068],[-0.400025,45.979832],[-0.400711,45.979553],[-0.401387,45.978958],[-0.403973,45.977661],[-0.40467,45.977303],[-0.405893,45.976902],[-0.406398,45.977081],[-0.412652,45.977444],[-0.412717,45.977364],[-0.415903,45.977112],[-0.418242,45.975506],[-0.421633,45.974121],[-0.424283,45.973911],[-0.428349,45.973252],[-0.428295,45.972965],[-0.429175,45.972973],[-0.430548,45.97274],[-0.431492,45.97266],[-0.431632,45.972889],[-0.431643,45.973553],[-0.431986,45.974171],[-0.432415,45.973904],[-0.433531,45.973732],[-0.436192,45.97353],[-0.438219,45.973232],[-0.438895,45.972702],[-0.439593,45.97242],[-0.440923,45.972523],[-0.443745,45.972343],[-0.447114,45.972248],[-0.447553,45.97245],[-0.448648,45.973419],[-0.453089,45.975128],[-0.45398,45.975224],[-0.454248,45.974483],[-0.45516,45.973621],[-0.455879,45.973122],[-0.456115,45.971348],[-0.456254,45.970615],[-0.456136,45.969383],[-0.456126,45.966022],[-0.456394,45.964897],[-0.456276,45.964321],[-0.455815,45.963284],[-0.455289,45.961933],[-0.45472,45.961292],[-0.454205,45.960907],[-0.453712,45.960705],[-0.453529,45.958809],[-0.454506,45.958057],[-0.455418,45.956779],[-0.456437,45.956924],[-0.45707,45.956146],[-0.458014,45.956066],[-0.458186,45.955692],[-0.458797,45.955444],[-0.459248,45.954975],[-0.460031,45.95364],[-0.460396,45.952812],[-0.461072,45.952778],[-0.462166,45.95306],[-0.462584,45.952946],[-0.463454,45.952461],[-0.464087,45.952248],[-0.46458,45.951618],[-0.465363,45.951591],[-0.46605,45.951134],[-0.466275,45.950741],[-0.467992,45.951077],[-0.469666,45.950932],[-0.470202,45.951103],[-0.472702,45.953156],[-0.474161,45.952389],[-0.475373,45.951477],[-0.476489,45.95089],[-0.476489,45.95089],[-0.477243,45.95072],[-0.477135,45.950243],[-0.478616,45.94902],[-0.481126,45.947408],[-0.481727,45.946737],[-0.482929,45.945752],[-0.484045,45.945275],[-0.485268,45.944932],[-0.48692,45.945528],[-0.488572,45.946916],[-0.489366,45.947364],[-0.490461,45.948617],[-0.492048,45.948289],[-0.4934,45.948363],[-0.493379,45.948244],[-0.4931,45.94805],[-0.492778,45.947304],[-0.492561,45.946972],[-0.491874,45.946239],[-0.49166,45.945271],[-0.491263,45.944607],[-0.490136,45.943855],[-0.490201,45.943554],[-0.491359,45.942554],[-0.492722,45.942272],[-0.494084,45.941406],[-0.495061,45.940617],[-0.495619,45.940125],[-0.496016,45.939953],[-0.498644,45.943184],[-0.49962,45.942802],[-0.501798,45.943146],[-0.502431,45.942085],[-0.504888,45.942772],[-0.505714,45.942719],[-0.507034,45.942905],[-0.507646,45.94278],[-0.508643,45.942787],[-0.509534,45.945435],[-0.517623,45.941833],[-0.518578,45.942249],[-0.519823,45.942966],[-0.520853,45.943043],[-0.521325,45.943027],[-0.521657,45.942848],[-0.521293,45.943897],[-0.521743,45.944302],[-0.523074,45.944386],[-0.523653,45.944061],[-0.523685,45.943764],[-0.524318,45.943077],[-0.525284,45.942204],[-0.523074,45.940571],[-0.524694,45.939198],[-0.525423,45.938011],[-0.52699,45.936409],[-0.528545,45.934669],[-0.529221,45.934467],[-0.530208,45.934669],[-0.530766,45.934288],[-0.532697,45.933788],[-0.533373,45.933521],[-0.533996,45.933094],[-0.535519,45.932507],[-0.536592,45.932381],[-0.537461,45.931564],[-0.538298,45.930992],[-0.538437,45.930492],[-0.53847,45.930103],[-0.538834,45.929901],[-0.541023,45.929646],[-0.542858,45.929214],[-0.54481,45.92831],[-0.546087,45.928074],[-0.547149,45.927616],[-0.547793,45.927223],[-0.549252,45.926743],[-0.551827,45.925571],[-0.552717,45.925484],[-0.553468,45.926094],[-0.556633,45.926903],[-0.557846,45.926834],[-0.559047,45.926537],[-0.558736,45.92585],[-0.559058,45.925289],[-0.559734,45.923214],[-0.559638,45.922825],[-0.559058,45.921989],[-0.559123,45.921482],[-0.559455,45.921051],[-0.559745,45.920116],[-0.560045,45.919327],[-0.560142,45.918736],[-0.560045,45.917206],[-0.559841,45.916271],[-0.56012,45.914684],[-0.561451,45.914654],[-0.562813,45.914413],[-0.564015,45.913929],[-0.565796,45.91317],[-0.56688,45.912968],[-0.568875,45.912712],[-0.569369,45.912453],[-0.570152,45.911541],[-0.569916,45.911449],[-0.570323,45.910217],[-0.570914,45.90949]]],"type":"MultiLineString"},"properties":{"geo_point":{"lon":-0.2163402381092393,"lat":46.16079987871036},"name":"GR655 De Lusignan (Vienne) à Mazeray (Charente-Maritime) (2020)","code_gr":"GR655"}},{"type":"Feature","geometry":{"coordinates":[[[4.047577,50.329841],[4.04779,50.329489],[4.047744,50.329144],[4.047342,50.328204],[4.047215,50.326633],[4.047298,50.325252],[4.046686,50.323447],[4.046698,50.323139],[4.046502,50.323095],[4.046249,50.322867],[4.045946,50.322731],[4.04159,50.322635],[4.041375,50.322334],[4.041097,50.320991],[4.040028,50.320349],[4.03958,50.320011],[4.038929,50.319567],[4.038607,50.317525],[4.038071,50.316662],[4.03805,50.316076],[4.03759,50.316164],[4.034573,50.317498],[4.030153,50.316895],[4.02953,50.316935],[4.027449,50.317498],[4.026954,50.317801],[4.026529,50.318271],[4.023995,50.322882],[4.021677,50.322019],[4.01951,50.320896],[4.018502,50.321704],[4.011465,50.324064],[4.011292,50.324334],[4.011718,50.32482],[4.011637,50.325026],[4.010755,50.325403],[4.010016,50.325048],[4.009189,50.324896],[4.008717,50.32491],[4.00773,50.324773],[4.007365,50.324047],[4.006721,50.323485],[4.006206,50.323088],[4.00597,50.322731],[4.005498,50.322663],[4.004833,50.322622],[4.003202,50.322033],[4.002709,50.321882],[4.002044,50.321649],[4.001614,50.321841],[3.999855,50.321594],[3.99625,50.320389],[3.994469,50.319676],[3.992624,50.319334],[3.991562,50.319313],[3.991792,50.318525],[3.991613,50.317486],[3.991207,50.316417],[3.9908,50.315856],[3.990573,50.315181],[3.991658,50.31473],[3.992709,50.314182],[3.992667,50.31351],[3.992302,50.312291],[3.991701,50.311304],[3.991079,50.310852],[3.988718,50.309536],[3.987688,50.30807],[3.985822,50.307029],[3.984877,50.306152],[3.984019,50.305658],[3.979706,50.304603],[3.978032,50.303548],[3.977475,50.303369],[3.97437,50.303504],[3.970329,50.303739],[3.968913,50.303904],[3.965372,50.303328],[3.962825,50.302013],[3.962997,50.301462],[3.963239,50.301183],[3.963548,50.300395],[3.964446,50.299633],[3.965287,50.299189],[3.966252,50.297626],[3.967046,50.296667],[3.967218,50.295296],[3.968103,50.294638],[3.969192,50.293939],[3.969707,50.292938],[3.970351,50.292184],[3.970989,50.291854],[3.973427,50.290186],[3.974117,50.289863],[3.974943,50.289799],[3.974784,50.288908],[3.974738,50.288342],[3.974835,50.283245],[3.974406,50.282683],[3.974664,50.282149],[3.975014,50.281825],[3.973891,50.281065],[3.974041,50.28016],[3.973668,50.280054],[3.973784,50.279708],[3.973398,50.279434],[3.972947,50.278734],[3.974385,50.27835],[3.973749,50.277012],[3.973668,50.276578],[3.971724,50.272865],[3.972645,50.272691],[3.972898,50.272139],[3.972904,50.271343],[3.975007,50.268833],[3.975908,50.267502],[3.978333,50.265788],[3.97859,50.265363],[3.978526,50.264745],[3.978762,50.263593],[3.97814,50.263593],[3.977711,50.263278],[3.977174,50.262715],[3.975586,50.261961],[3.974234,50.261083],[3.972689,50.260548],[3.972153,50.258518],[3.971702,50.257105],[3.971295,50.255582],[3.970866,50.255019],[3.970357,50.254012],[3.970029,50.253222],[3.969385,50.252275],[3.969149,50.251527],[3.969126,50.250674],[3.969425,50.249674],[3.969437,50.24874],[3.968913,50.247391],[3.968591,50.245744],[3.967389,50.243741],[3.970345,50.242983],[3.970839,50.242924],[3.972001,50.243005],[3.972947,50.240804],[3.973548,50.240365],[3.973677,50.239624],[3.97387,50.239047],[3.974968,50.239129],[3.976048,50.23907],[3.977152,50.238872],[3.977635,50.238666],[3.978268,50.238004],[3.978955,50.237414],[3.98168,50.236906],[3.982646,50.236371],[3.982982,50.236003],[3.983454,50.235694],[3.984598,50.235328],[3.985156,50.234971],[3.984641,50.234106],[3.984558,50.232274],[3.982624,50.230139],[3.98065,50.228341],[3.980264,50.227806],[3.979832,50.226676],[3.979567,50.225683],[3.979492,50.224909],[3.97905,50.22441],[3.97947,50.223839],[3.979599,50.223056],[3.979899,50.221875],[3.979935,50.220989],[3.979751,50.220644],[3.978831,50.220519],[3.977775,50.220489],[3.977131,50.220502],[3.974749,50.220136],[3.971316,50.21972],[3.970782,50.219032],[3.969299,50.218608],[3.967711,50.218031],[3.96696,50.21766],[3.965823,50.217317],[3.963699,50.216946],[3.962819,50.216658],[3.962218,50.216603],[3.962261,50.216823],[3.961381,50.216823],[3.960111,50.216354],[3.958871,50.215793],[3.957455,50.214914],[3.957304,50.214598],[3.957326,50.214022],[3.957691,50.214022],[3.957733,50.214145],[3.958651,50.214264],[3.95895,50.214176],[3.95949,50.214367],[3.959793,50.214406],[3.960122,50.214205],[3.960523,50.21409],[3.961467,50.21431],[3.962304,50.214489],[3.962468,50.213823],[3.962284,50.213131],[3.962261,50.212607],[3.96254,50.212552],[3.962894,50.211181],[3.963055,50.209985],[3.96327,50.207403],[3.963227,50.206071],[3.963141,50.205178],[3.963162,50.204148],[3.960909,50.199107],[3.956897,50.19864],[3.950674,50.198585],[3.945645,50.198647],[3.943127,50.199229],[3.940267,50.200247],[3.938321,50.20101],[3.937803,50.20129],[3.936877,50.202211],[3.936061,50.203214],[3.935181,50.202924],[3.93428,50.202775],[3.933054,50.202629],[3.932698,50.203343],[3.931697,50.202975],[3.929602,50.202637],[3.92795,50.202156],[3.927392,50.202156],[3.926083,50.20239],[3.925654,50.202321],[3.924925,50.202033],[3.923272,50.201923],[3.921985,50.201703],[3.92147,50.201689],[3.919389,50.202239],[3.917221,50.202321],[3.914861,50.202555],[3.913874,50.202829],[3.909561,50.202349],[3.907887,50.202802],[3.906857,50.202788],[3.905677,50.203132],[3.905269,50.203667],[3.900849,50.204738],[3.89821,50.205576],[3.896193,50.206016],[3.894777,50.206222],[3.893189,50.20695],[3.890336,50.207914],[3.888468,50.208295],[3.887932,50.208282],[3.886748,50.207605],[3.885104,50.208348],[3.884011,50.207936],[3.883643,50.207958],[3.882996,50.208474],[3.880507,50.209545],[3.878683,50.211001],[3.877385,50.212649],[3.876044,50.213363],[3.875143,50.215518],[3.874327,50.215711],[3.873019,50.214804],[3.870587,50.213295],[3.868372,50.213605],[3.867955,50.214241],[3.86624,50.213834],[3.866142,50.213994],[3.863835,50.214749],[3.863427,50.214338],[3.861152,50.213527],[3.860535,50.214203],[3.860133,50.214436],[3.859898,50.214266],[3.859139,50.213906],[3.858548,50.21379],[3.856423,50.213042],[3.855468,50.212853],[3.854588,50.21277],[3.853874,50.21279],[3.85348,50.212969],[3.853108,50.213285],[3.852714,50.213829],[3.852494,50.214013],[3.852001,50.214159],[3.851249,50.214091],[3.850627,50.214101],[3.849854,50.2143],[3.849603,50.214431],[3.84842,50.214615],[3.847972,50.214892],[3.847752,50.215251],[3.847745,50.215431],[3.847828,50.215669],[3.848321,50.216052],[3.848693,50.21629],[3.848845,50.216494],[3.848685,50.217106],[3.848048,50.216994],[3.847987,50.217232],[3.847767,50.217518],[3.846425,50.218513],[3.846144,50.21861],[3.845848,50.218834],[3.845643,50.219169],[3.845522,50.220018],[3.84521,50.220382],[3.844569,50.220843],[3.843238,50.221592],[3.841736,50.222124],[3.840996,50.222079],[3.840535,50.221868],[3.840065,50.221298],[3.839054,50.220446],[3.837772,50.219274],[3.83545,50.21773],[3.834769,50.217109],[3.834349,50.216359],[3.833938,50.215885],[3.832589,50.214722],[3.832231,50.21428],[3.832142,50.213953],[3.831719,50.213588],[3.831158,50.213223],[3.830727,50.212896],[3.830554,50.212923],[3.829857,50.212438],[3.829287,50.211959],[3.826715,50.208847],[3.826427,50.208323],[3.825756,50.207704],[3.825195,50.207066],[3.825015,50.206254],[3.824832,50.206058],[3.824414,50.205874],[3.823638,50.20564],[3.822765,50.20548],[3.822113,50.205478],[3.821634,50.205367],[3.820925,50.204868],[3.819734,50.203933],[3.819447,50.203654],[3.818715,50.203113],[3.81841,50.202745],[3.81813,50.202266],[3.818087,50.201975],[3.817782,50.201814],[3.817503,50.201479],[3.817242,50.201289],[3.817059,50.201066],[3.816954,50.200787],[3.816628,50.200495],[3.815883,50.200185],[3.815543,50.199912],[3.815334,50.199543],[3.815061,50.199217],[3.814289,50.198517],[3.814246,50.198091],[3.814724,50.197385],[3.814741,50.197061],[3.814589,50.196813],[3.813795,50.196044],[3.813345,50.195426],[3.813164,50.194902],[3.81312,50.194556],[3.813207,50.194149],[3.813425,50.193797],[3.813852,50.193323],[3.814872,50.19243],[3.815473,50.192252],[3.815403,50.192157],[3.815551,50.191889],[3.815534,50.191778],[3.816737,50.190121],[3.817216,50.189897],[3.817756,50.18968],[3.818131,50.189273],[3.818113,50.188916],[3.816563,50.187925],[3.816484,50.187727],[3.816641,50.187521],[3.816998,50.187487],[3.817582,50.187498],[3.818854,50.186901],[3.82031,50.18602],[3.820475,50.185763],[3.820649,50.185138],[3.821042,50.184368],[3.820859,50.184134],[3.820153,50.183922],[3.819795,50.183637],[3.819647,50.183357],[3.819653,50.183048],[3.820233,50.182629],[3.820673,50.182546],[3.821381,50.182684],[3.821831,50.182567],[3.822401,50.182225],[3.822741,50.181896],[3.822819,50.181622],[3.822462,50.180919],[3.821982,50.180375],[3.819857,50.178025],[3.818613,50.177297],[3.816867,50.176505],[3.815094,50.175772],[3.81231,50.175138],[3.811691,50.175121],[3.811177,50.175004],[3.810488,50.175004],[3.809782,50.175126],[3.808789,50.175205],[3.807281,50.17545],[3.806297,50.175523],[3.805695,50.175523],[3.80431,50.175378],[3.802872,50.175294],[3.802498,50.175098],[3.802381,50.174772],[3.802331,50.174462],[3.802061,50.174261],[3.799944,50.173875],[3.799505,50.173614],[3.799325,50.172849],[3.798968,50.172503],[3.798645,50.17242],[3.798088,50.172514],[3.79678,50.172565],[3.794724,50.172291],[3.794262,50.172325],[3.79339,50.172626],[3.791909,50.172556],[3.790863,50.17271],[3.790244,50.172548],[3.789565,50.172073],[3.789293,50.171971],[3.788894,50.171999],[3.788411,50.172171],[3.787451,50.172171],[3.786099,50.172333],[3.785509,50.172288],[3.785096,50.172181],[3.784608,50.172274],[3.783733,50.172185],[3.781695,50.171721],[3.780391,50.171384],[3.778181,50.170694],[3.777108,50.17035],[3.775949,50.1698],[3.775263,50.169031],[3.775055,50.168535],[3.774984,50.168069],[3.77625,50.164303],[3.776314,50.163437],[3.775992,50.162254],[3.775508,50.161585],[3.774962,50.161017],[3.774323,50.160502],[3.77346,50.16],[3.77213,50.159478],[3.770454,50.159089],[3.769391,50.158715],[3.767731,50.158034],[3.766881,50.157559],[3.766165,50.157058],[3.765356,50.156577],[3.764405,50.156151],[3.762989,50.155573],[3.762245,50.15546],[3.761426,50.155438],[3.760537,50.155214],[3.759084,50.155037],[3.758483,50.15479],[3.758011,50.15479],[3.757496,50.155023],[3.749835,50.155622],[3.749173,50.1557],[3.746097,50.155918],[3.743596,50.156164],[3.743791,50.155713],[3.744374,50.155181],[3.744299,50.15459],[3.743859,50.153532],[3.743924,50.153277],[3.744876,50.152151],[3.745887,50.151249],[3.745887,50.151249],[3.74621,50.150736],[3.747238,50.149748],[3.74829,50.148829],[3.748728,50.148782],[3.750559,50.148821],[3.752303,50.148596],[3.754599,50.148444],[3.75509,50.148341],[3.755195,50.14724],[3.755587,50.14657],[3.75608,50.145928],[3.754599,50.145736],[3.753704,50.145364],[3.753007,50.144962],[3.748301,50.144035],[3.747325,50.143996],[3.74628,50.144001],[3.745544,50.143838],[3.744763,50.143543],[3.744232,50.1437],[3.743398,50.143577],[3.742541,50.143281],[3.741504,50.143007],[3.741188,50.142174],[3.746114,50.140086],[3.747352,50.13979],[3.748188,50.139461],[3.748964,50.138969],[3.749765,50.138785],[3.750393,50.138488],[3.750829,50.137964],[3.751142,50.137752],[3.751517,50.137662],[3.75285,50.137467],[3.753652,50.137394],[3.754166,50.137266],[3.754733,50.136992],[3.7555,50.136489],[3.755683,50.136327],[3.756432,50.135903],[3.756745,50.135586],[3.757582,50.135091],[3.757896,50.134769],[3.759379,50.134128],[3.75947,50.133942],[3.758906,50.133912],[3.75895,50.133695],[3.75815,50.133547],[3.758445,50.132859],[3.758848,50.13289],[3.758875,50.132694],[3.758821,50.132618],[3.758976,50.132367],[3.759148,50.132189],[3.75947,50.131607],[3.759921,50.131047],[3.760071,50.129479],[3.759985,50.129012],[3.759985,50.129012],[3.759813,50.128503],[3.758655,50.127498],[3.759084,50.125834],[3.758735,50.125452],[3.758499,50.124535],[3.758174,50.124055],[3.757796,50.123674],[3.757199,50.12318],[3.75645,50.122658],[3.755844,50.122463],[3.754148,50.122436],[3.751214,50.12258],[3.749213,50.122491],[3.748543,50.122395],[3.747393,50.122808],[3.745898,50.123133],[3.745392,50.123122],[3.744872,50.123034],[3.744132,50.123299],[3.743083,50.123576],[3.740587,50.123831],[3.739758,50.123962],[3.739099,50.12417],[3.73824,50.124828],[3.73744,50.125145],[3.737131,50.125296],[3.736896,50.125932],[3.7384,50.126297],[3.738286,50.126427],[3.736676,50.12704],[3.735066,50.127394],[3.734895,50.127657],[3.734082,50.127944],[3.732974,50.128219],[3.730984,50.128064],[3.730635,50.128283],[3.728529,50.128142],[3.7275,50.12875],[3.727033,50.128471],[3.724602,50.130239],[3.723057,50.12957],[3.721958,50.129635],[3.721512,50.129534],[3.720796,50.12932],[3.720162,50.128987],[3.719878,50.12871],[3.71952,50.127991],[3.719178,50.127845],[3.718503,50.127678],[3.718276,50.127449],[3.718071,50.126981],[3.717887,50.126067],[3.717565,50.125698],[3.717864,50.124917],[3.717617,50.124551],[3.717593,50.124358],[3.715439,50.123743],[3.711429,50.122377],[3.710226,50.121501],[3.70898,50.120661],[3.708649,50.120557],[3.708055,50.120479],[3.707494,50.120281],[3.70589,50.118707],[3.704478,50.118394],[3.697875,50.119535],[3.695948,50.120776],[3.694607,50.12196],[3.692093,50.123633],[3.691305,50.12381],[3.689834,50.124509],[3.689003,50.125077],[3.688622,50.125551],[3.688142,50.1265],[3.687833,50.126766],[3.687029,50.126308],[3.686691,50.126232],[3.680962,50.122064],[3.676735,50.118896],[3.668543,50.112887],[3.668012,50.112629],[3.663613,50.110867],[3.663152,50.110778],[3.662626,50.110764],[3.662245,50.110799],[3.661779,50.110905],[3.658496,50.112495],[3.655373,50.114001],[3.654633,50.114194],[3.653911,50.114207],[3.653415,50.114118],[3.652765,50.113931],[3.652106,50.113613],[3.647106,50.110562],[3.646683,50.11015],[3.643084,50.105952],[3.643084,50.105952],[3.641723,50.104779],[3.636877,50.100831],[3.635714,50.099861],[3.635251,50.099402],[3.63421,50.099762],[3.63395,50.099971],[3.633449,50.099772],[3.632982,50.09935],[3.63173,50.099157],[3.631047,50.099971],[3.629933,50.10093],[3.629153,50.101462],[3.627591,50.10274],[3.627087,50.103225],[3.626713,50.103512],[3.626299,50.1031],[3.623557,50.101534],[3.622355,50.100956],[3.622168,50.101045],[3.621615,50.101014],[3.619738,50.100611],[3.615124,50.099868],[3.614289,50.099877],[3.613769,50.099913],[3.613078,50.100023],[3.612874,50.099903],[3.612102,50.099908],[3.612013,50.099762],[3.612061,50.099621],[3.612004,50.099329],[3.61211,50.098776],[3.61307,50.098281],[3.613899,50.098223],[3.614289,50.098067],[3.614704,50.097728],[3.615037,50.097514],[3.614988,50.097404],[3.612777,50.096643],[3.610842,50.096168],[3.608955,50.095767],[3.608858,50.096288],[3.608297,50.09682],[3.60724,50.097123],[3.605971,50.09753],[3.605313,50.098056],[3.60554,50.098349],[3.604402,50.099047],[3.603686,50.098881],[3.602808,50.099178],[3.602068,50.098974],[3.601231,50.098844],[3.600117,50.099475],[3.599792,50.099924],[3.59945,50.099929],[3.598954,50.100018],[3.598905,50.100148],[3.598515,50.100174],[3.595694,50.100868],[3.595181,50.100889],[3.594092,50.100763],[3.593173,50.100708],[3.592344,50.100737],[3.587725,50.101447],[3.58577,50.101479],[3.583888,50.101728],[3.582058,50.102104],[3.581538,50.10214],[3.580489,50.10201],[3.579376,50.102263],[3.578448,50.101942],[3.577163,50.101394],[3.5767,50.101321],[3.574226,50.10174],[3.573773,50.10178],[3.571886,50.101749],[3.570213,50.101024],[3.566351,50.104493],[3.565235,50.104066],[3.56291,50.103689],[3.562308,50.103548],[3.559186,50.102709],[3.556287,50.101836],[3.551616,50.103204],[3.548526,50.103653],[3.545816,50.104383],[3.544185,50.105318],[3.543648,50.105024],[3.539689,50.106291],[3.539551,50.105959],[3.539321,50.104764],[3.539378,50.104506],[3.53993,50.103577],[3.540344,50.102508],[3.54054,50.101792],[3.540333,50.101239],[3.539872,50.101258],[3.537662,50.101616],[3.537383,50.101286],[3.536589,50.10057],[3.536074,50.09962],[3.535323,50.097969],[3.53511,50.097785],[3.534486,50.096689],[3.533801,50.095954],[3.532947,50.095245],[3.531622,50.094306],[3.530947,50.093957],[3.529444,50.092986],[3.528256,50.092089],[3.528093,50.092152],[3.527394,50.091787],[3.526955,50.091354],[3.526808,50.090947],[3.526573,50.089126],[3.526239,50.087514],[3.526547,50.087286],[3.525947,50.086632],[3.526231,50.086179],[3.529565,50.081953],[3.529874,50.081739],[3.530419,50.081509],[3.530573,50.081358],[3.530451,50.080612],[3.531199,50.078504],[3.531268,50.077372],[3.53101,50.076615],[3.530774,50.075321],[3.531074,50.075045],[3.532898,50.074308],[3.533264,50.073985],[3.53363,50.073484],[3.53385,50.072873],[3.534151,50.072336],[3.534663,50.071673],[3.534809,50.071266],[3.534826,50.070796],[3.534679,50.070452],[3.534451,50.070086],[3.534663,50.070039],[3.536094,50.067529],[3.536175,50.067153],[3.53624,50.066303],[3.53611,50.065661],[3.535671,50.064883],[3.53572,50.064032],[3.536143,50.064027],[3.537842,50.063635],[3.539808,50.062732],[3.539808,50.062732],[3.539737,50.061161],[3.53994,50.06078],[3.540022,50.060122],[3.540411,50.058489],[3.540729,50.056964],[3.539623,50.056766],[3.539306,50.056515],[3.539306,50.056228],[3.539232,50.055993],[3.537273,50.056348],[3.536834,50.05639],[3.536736,50.055675],[3.536533,50.055101],[3.537216,50.053832],[3.537232,50.053477],[3.537118,50.053122],[3.536777,50.05249],[3.536761,50.052177],[3.537404,50.051008],[3.53868,50.049572],[3.538891,50.049107],[3.539013,50.048653],[3.53985,50.047698],[3.540428,50.046956],[3.540485,50.046658],[3.540065,50.045759],[3.539615,50.044904],[3.539164,50.044257],[3.539135,50.044079],[3.539322,50.043865],[3.539802,50.043546],[3.540143,50.043071],[3.540078,50.042664],[3.540094,50.041891],[3.540033,50.041618],[3.539346,50.041267],[3.538224,50.038758],[3.537973,50.038349],[3.537541,50.038089],[3.536297,50.037572],[3.535297,50.03576],[3.53511,50.035097],[3.534826,50.034366],[3.534972,50.033739],[3.53498,50.032961],[3.535265,50.032261],[3.535525,50.031953],[3.53546,50.031671],[3.535076,50.031033],[3.534606,50.030694],[3.534931,50.03013],[3.534947,50.029832],[3.534159,50.028558],[3.534094,50.028239],[3.534232,50.027424],[3.533907,50.026667],[3.533964,50.026265],[3.534281,50.025847],[3.534378,50.025445],[3.534712,50.024865],[3.534712,50.024536],[3.534435,50.024039],[3.533956,50.02394],[3.528897,50.022575],[3.524442,50.02243],[3.523979,50.022524],[3.523832,50.022739],[3.52345,50.023449],[3.523149,50.023533],[3.522149,50.023345],[3.520889,50.023292],[3.520198,50.02336],[3.519263,50.023538],[3.518312,50.023595],[3.518116,50.023668],[3.515758,50.023151],[3.515153,50.023491],[3.514807,50.023601],[3.51438,50.023617],[3.513905,50.023616],[3.513701,50.023527],[3.513506,50.022984],[3.513287,50.022645],[3.51175,50.021594],[3.510636,50.020889],[3.509477,50.020271],[3.507701,50.019343],[3.506318,50.018732],[3.505839,50.018439],[3.505383,50.018523],[3.502568,50.018841],[3.500163,50.019353],[3.498952,50.019395],[3.498309,50.019526],[3.49587,50.02032],[3.495586,50.020346],[3.493903,50.019761],[3.493154,50.019447],[3.492463,50.019097],[3.491577,50.01882],[3.490504,50.018904],[3.486609,50.019437],[3.483129,50.019829],[3.478307,50.020513],[3.475551,50.020853],[3.475088,50.020497],[3.473713,50.018611],[3.473152,50.018209],[3.472827,50.017823],[3.472274,50.01777],[3.471331,50.017551],[3.470957,50.017237],[3.469664,50.017509],[3.469656,50.01672],[3.469575,50.016145],[3.469672,50.01602],[3.469859,50.015926],[3.469632,50.01369],[3.469518,50.012274],[3.469315,50.011746],[3.466219,50.005832],[3.462753,49.999366],[3.461895,49.992236],[3.461826,49.991546],[3.461444,49.990773],[3.460476,49.989821],[3.458948,49.9883],[3.458907,49.988086],[3.458476,49.987615],[3.45785,49.987228],[3.457614,49.986957],[3.45724,49.986706],[3.456931,49.986591],[3.455573,49.986585],[3.454939,49.986685],[3.454654,49.986606],[3.452646,49.986455],[3.451679,49.986376],[3.450459,49.986225],[3.446231,49.986908],[3.442312,49.987547],[3.442173,49.986674],[3.441564,49.984907],[3.441417,49.98428],[3.44097,49.982936],[3.44084,49.98211],[3.440523,49.981007],[3.440149,49.980751],[3.43841,49.980034],[3.437376,49.979464],[3.437157,49.97924],[3.436848,49.978664],[3.436579,49.978047],[3.436327,49.97777],[3.433839,49.976128],[3.436205,49.973132],[3.436709,49.972588],[3.436994,49.972457],[3.437547,49.972321],[3.437791,49.972107],[3.438871,49.970482],[3.438807,49.969419],[3.439742,49.96944],[3.439767,49.969063],[3.439482,49.968771],[3.439417,49.966778],[3.439165,49.965361],[3.43871,49.963927],[3.437758,49.96229],[3.436962,49.96104],[3.435709,49.95888],[3.435384,49.958043],[3.434891,49.95594],[3.434869,49.954369],[3.435051,49.954182],[3.434945,49.953466],[3.43474,49.952747],[3.434449,49.952016],[3.434197,49.951566],[3.433116,49.951671],[3.432636,49.951624],[3.432237,49.951488],[3.431896,49.951174],[3.431408,49.950379],[3.431091,49.950222],[3.429205,49.949751],[3.427777,49.949604],[3.425288,49.949554]]],"type":"MultiLineString"},"properties":{"geo_point":{"lon":3.746302250653651,"lat":50.15122769470668},"name":"GR655 De Vieux-Reng (Nord) à Fresnoy-le-Grand (Aisne) (2020)","code_gr":"GR655"}},{"type":"Feature","geometry":{"coordinates":[[[-1.093979,43.969392],[-1.094595,43.968801],[-1.094875,43.967685],[-1.096202,43.965977],[-1.096239,43.965453],[-1.095529,43.96353],[-1.095174,43.961755],[-1.094838,43.961043],[-1.094296,43.960613],[-1.09269,43.959456],[-1.092223,43.958757],[-1.087067,43.950056],[-1.085554,43.947044],[-1.083873,43.944139],[-1.082379,43.943009],[-1.082042,43.942552],[-1.082042,43.94204],[-1.082341,43.941583],[-1.08292,43.941018],[-1.083032,43.940359],[-1.082808,43.9397],[-1.079987,43.935221],[-1.07924,43.934239],[-1.079222,43.933741],[-1.079408,43.932988],[-1.080212,43.930741],[-1.0801,43.930284],[-1.078474,43.927364],[-1.077671,43.924297],[-1.077634,43.921041],[-1.075504,43.913371],[-1.074963,43.912806],[-1.072758,43.907423],[-1.072123,43.907571],[-1.07175,43.907773],[-1.070797,43.907826],[-1.070386,43.907598],[-1.070106,43.90749],[-1.06962,43.907221],[-1.068929,43.9071],[-1.068667,43.906655],[-1.068219,43.9064],[-1.067565,43.905686],[-1.066575,43.904987],[-1.066052,43.904152],[-1.065417,43.903896],[-1.06495,43.903506],[-1.064819,43.903264],[-1.065043,43.90286],[-1.064464,43.902914],[-1.06,43.903116],[-1.059682,43.901878],[-1.059439,43.901568],[-1.059402,43.901043],[-1.05957,43.900061],[-1.059626,43.899145],[-1.060093,43.897732],[-1.061046,43.894151],[-1.061364,43.893478],[-1.061457,43.892913],[-1.062783,43.888861],[-1.063213,43.887999],[-1.06566,43.885455],[-1.066594,43.883933],[-1.067192,43.882547],[-1.067958,43.880514],[-1.067864,43.878305],[-1.068088,43.877497],[-1.070106,43.872798],[-1.070573,43.872771],[-1.071283,43.871546],[-1.07104,43.870697],[-1.06919,43.869229],[-1.069041,43.86857],[-1.068387,43.868516],[-1.067584,43.868246],[-1.066968,43.868152],[-1.066332,43.867856],[-1.065305,43.867223],[-1.064539,43.866576],[-1.063456,43.865081],[-1.062895,43.864758],[-1.058655,43.863964],[-1.054826,43.864381],[-1.05391,43.864664],[-1.053331,43.865135],[-1.053294,43.862819],[-1.053406,43.85727],[-1.053481,43.841939],[-1.054153,43.83849],[-1.052715,43.835849],[-1.051407,43.830176],[-1.054022,43.824651],[-1.052154,43.819489],[-1.05675,43.811941],[-1.056918,43.810768],[-1.056918,43.808665],[-1.056992,43.808086],[-1.057814,43.807128],[-1.05703,43.806724],[-1.053779,43.804136],[-1.052472,43.803879],[-1.050921,43.804176],[-1.04924,43.804095],[-1.047354,43.80419],[-1.044215,43.803421],[-1.043001,43.8033],[-1.043057,43.802545],[-1.042198,43.800886],[-1.041955,43.800738],[-1.041731,43.800307],[-1.041226,43.799363],[-1.040573,43.798864],[-1.040367,43.798419],[-1.039583,43.798042],[-1.039452,43.797758],[-1.039601,43.79699],[-1.039153,43.796302],[-1.03906,43.795251],[-1.03863,43.795102],[-1.037808,43.795062],[-1.037154,43.794738],[-1.036332,43.794671],[-1.035174,43.794266],[-1.035249,43.791367],[-1.034745,43.788603],[-1.036071,43.787618],[-1.037976,43.78658],[-1.038817,43.786567],[-1.039844,43.786674],[-1.040386,43.786486],[-1.042926,43.784962],[-1.042964,43.78453],[-1.042833,43.783694],[-1.043207,43.783033],[-1.043263,43.782453],[-1.044888,43.781739],[-1.04584,43.781469],[-1.04655,43.781145],[-1.047017,43.781186],[-1.04868,43.78097],[-1.049838,43.781118],[-1.049595,43.780161],[-1.048979,43.779675],[-1.048867,43.778771],[-1.051127,43.776384],[-1.050641,43.77629],[-1.050156,43.775292],[-1.049894,43.775049],[-1.049745,43.774739],[-1.049427,43.774361],[-1.048997,43.772742],[-1.048941,43.771906],[-1.048642,43.771542],[-1.04853,43.770962],[-1.048792,43.770409],[-1.046887,43.769815],[-1.046662,43.76991],[-1.045747,43.76968],[-1.04571,43.769465],[-1.045859,43.769384],[-1.04655,43.768399],[-1.046681,43.767994],[-1.046588,43.767819],[-1.046681,43.767684],[-1.046606,43.767482],[-1.046737,43.767333],[-1.046681,43.766996],[-1.046924,43.766497],[-1.046737,43.765971],[-1.046905,43.765755],[-1.046887,43.765499],[-1.047522,43.765674],[-1.047428,43.765053],[-1.047895,43.764757],[-1.048288,43.764811],[-1.048661,43.764554],[-1.048923,43.762639],[-1.048923,43.760453],[-1.047858,43.757836],[-1.047821,43.757067],[-1.047372,43.753869],[-1.046233,43.751723],[-1.047989,43.745368],[-1.05561,43.745462],[-1.052304,43.737959],[-1.051295,43.737041],[-1.051127,43.736528],[-1.051725,43.73646],[-1.053406,43.735651],[-1.051426,43.732789],[-1.050305,43.731763],[-1.050398,43.73094],[-1.050492,43.730819],[-1.050566,43.729955],[-1.050679,43.729199],[-1.051706,43.729239],[-1.051781,43.728308],[-1.052565,43.727444],[-1.052958,43.724609],[-1.053406,43.723394],[-1.053835,43.722557],[-1.054302,43.72199],[-1.051874,43.721774],[-1.054676,43.713268],[-1.053537,43.711837],[-1.0532,43.711824],[-1.053014,43.710798],[-1.053144,43.709974],[-1.052852,43.709599],[-1.052939,43.708893],[-1.052828,43.708885],[-1.05282,43.70865],[-1.052519,43.708597],[-1.052592,43.708003],[-1.052714,43.70731],[-1.05259,43.704566],[-1.053026,43.703306],[-1.046019,43.701882],[-1.038438,43.697144],[-1.042011,43.691511],[-1.042237,43.690087],[-1.04229,43.689268],[-1.041592,43.688436],[-1.040948,43.687919],[-1.04039,43.687705],[-1.040163,43.687478],[-1.039972,43.687112],[-1.039449,43.686911],[-1.037793,43.685071],[-1.038054,43.683508],[-1.037723,43.683331],[-1.037409,43.683281],[-1.037096,43.683558],[-1.03659,43.68347],[-1.036329,43.683293],[-1.038002,43.682525],[-1.039083,43.681592],[-1.039623,43.681252],[-1.039449,43.680243],[-1.039832,43.679966],[-1.039989,43.679361],[-1.039867,43.678907],[-1.040843,43.676941],[-1.041993,43.67684],[-1.04229,43.676298],[-1.042168,43.676147],[-1.042237,43.675957],[-1.041941,43.675529],[-1.042324,43.674533],[-1.043266,43.673726],[-1.043527,43.67326],[-1.043597,43.672377],[-1.043492,43.67186],[-1.043527,43.670726],[-1.043771,43.670461],[-1.044747,43.670032],[-1.045026,43.669768],[-1.045096,43.669276],[-1.045985,43.668671],[-1.046333,43.668154],[-1.048303,43.667259],[-1.048547,43.666893],[-1.048756,43.666313],[-1.048791,43.66567],[-1.048756,43.664989],[-1.049906,43.661623],[-1.050656,43.659997],[-1.051736,43.659707],[-1.052834,43.659126],[-1.053322,43.658647],[-1.053967,43.657235],[-1.053462,43.65581],[-1.05374,43.655281],[-1.053706,43.654637],[-1.053322,43.653402],[-1.052834,43.652721],[-1.052852,43.652153],[-1.053165,43.650438],[-1.05313,43.649921],[-1.052886,43.648925],[-1.053026,43.648471],[-1.054769,43.645999],[-1.054839,43.64523],[-1.055048,43.644334],[-1.057505,43.641004],[-1.058655,43.640348],[-1.059056,43.639819],[-1.059353,43.639264],[-1.05991,43.636653],[-1.059527,43.634685],[-1.060085,43.633575],[-1.059841,43.632995],[-1.060747,43.631683],[-1.060747,43.631304],[-1.061897,43.626813],[-1.062507,43.625816],[-1.063396,43.625211],[-1.068294,43.622246],[-1.068817,43.621665],[-1.0692,43.621009],[-1.069043,43.619748],[-1.068172,43.617186],[-1.067928,43.616707],[-1.06913,43.614764],[-1.070054,43.614069],[-1.069897,43.612694],[-1.069984,43.61176],[-1.072058,43.610221],[-1.072634,43.60964],[-1.072634,43.609325],[-1.072372,43.608757],[-1.070507,43.606422],[-1.070037,43.605349],[-1.069827,43.603885],[-1.069217,43.602787],[-1.069026,43.60227],[-1.068642,43.602055],[-1.068695,43.601588],[-1.068189,43.598875],[-1.068311,43.594911],[-1.0673,43.593876],[-1.066098,43.593889],[-1.066011,43.591945],[-1.065697,43.591781],[-1.064895,43.591541],[-1.063971,43.591074],[-1.063274,43.590619],[-1.062019,43.589332],[-1.060346,43.588637],[-1.058359,43.587729],[-1.056895,43.586794],[-1.056442,43.586353],[-1.057191,43.584951],[-1.057645,43.584396],[-1.057836,43.583954],[-1.057854,43.583499],[-1.057662,43.582691],[-1.057418,43.582426],[-1.05747,43.582186],[-1.058533,43.581265],[-1.059248,43.579131],[-1.059369,43.578773],[-1.059341,43.578294],[-1.059157,43.577369],[-1.059203,43.577186],[-1.059387,43.576886],[-1.059525,43.576445],[-1.060071,43.575724],[-1.059344,43.575368],[-1.059379,43.574989],[-1.060032,43.573329],[-1.060939,43.571782],[-1.061305,43.570892],[-1.061688,43.569029],[-1.062228,43.568177],[-1.063091,43.567211],[-1.063265,43.566781],[-1.063248,43.566163],[-1.063448,43.565688],[-1.063105,43.56541],[-1.062774,43.565831],[-1.062233,43.565668],[-1.062444,43.565333],[-1.062484,43.564979],[-1.062365,43.564357],[-1.062074,43.564128],[-1.061084,43.563879],[-1.060133,43.563362],[-1.059591,43.562989],[-1.059221,43.562481],[-1.058957,43.56274],[-1.058587,43.563237],[-1.057993,43.563486],[-1.057398,43.563572],[-1.056276,43.56363],[-1.054836,43.563783],[-1.052987,43.564281],[-1.051958,43.564424],[-1.050852,43.564495],[-1.050121,43.564424],[-1.048933,43.564129],[-1.048267,43.564153],[-1.047356,43.564577],[-1.046283,43.564648],[-1.044331,43.565155],[-1.043518,43.565402],[-1.043291,43.565096],[-1.043079,43.56433],[-1.042705,43.564153],[-1.03955,43.56334],[-1.039632,43.562786],[-1.040201,43.561655],[-1.038835,43.560795],[-1.038282,43.560076],[-1.03755,43.56004],[-1.03703,43.560182],[-1.036363,43.559946],[-1.036444,43.559746],[-1.036444,43.559121],[-1.03703,43.558815],[-1.036623,43.558167],[-1.036656,43.557801],[-1.036428,43.557566],[-1.036396,43.557413],[-1.036103,43.557306],[-1.035631,43.557271],[-1.034216,43.556894],[-1.033696,43.556847],[-1.033257,43.556929],[-1.033029,43.556411],[-1.032916,43.555774],[-1.032428,43.555268],[-1.031745,43.554796],[-1.031826,43.554266],[-1.031663,43.55403],[-1.03111,43.553641],[-1.03059,43.553547],[-1.029988,43.553653],[-1.029611,43.553914],[-1.029232,43.554013],[-1.028807,43.554205],[-1.028329,43.554387],[-1.027836,43.55492],[-1.02751,43.555146],[-1.02669,43.555454],[-1.026318,43.555503],[-1.026053,43.555454],[-1.024721,43.554227],[-1.02385,43.553608],[-1.022734,43.552699],[-1.022089,43.552004],[-1.021985,43.551461],[-1.0208,43.551069],[-1.020678,43.550766],[-1.020399,43.550577],[-1.019283,43.550274],[-1.016251,43.550299],[-1.015867,43.548909],[-1.015344,43.549061],[-1.015135,43.548796],[-1.015048,43.54541],[-1.015362,43.543843],[-1.015153,43.542681],[-1.014909,43.541784],[-1.014455,43.541367],[-1.010935,43.539485],[-1.010621,43.53903],[-1.010656,43.538638],[-1.012469,43.534254],[-1.01341,43.534241],[-1.014403,43.534128],[-1.015222,43.534229],[-1.015466,43.532788],[-1.016547,43.532144],[-1.016773,43.531727],[-1.017087,43.530741],[-1.018046,43.530905],[-1.019126,43.529667],[-1.020486,43.528644],[-1.021009,43.528391],[-1.021462,43.527936],[-1.021967,43.527658],[-1.022473,43.527051],[-1.022926,43.526344],[-1.022351,43.525851],[-1.022333,43.525585],[-1.022664,43.525168],[-1.022612,43.52484],[-1.022368,43.524612],[-1.021758,43.524423],[-1.02073,43.523728],[-1.020678,43.523374],[-1.020904,43.522932],[-1.02073,43.521819],[-1.020521,43.521301],[-1.020172,43.52091],[-1.020817,43.520897],[-1.021706,43.520657],[-1.022264,43.520404],[-1.022403,43.520202],[-1.02317,43.519797],[-1.023745,43.519052],[-1.023954,43.519052],[-1.026569,43.52053],[-1.02751,43.520872],[-1.028742,43.521168],[-1.030197,43.521693],[-1.030289,43.521964],[-1.03099,43.522402],[-1.032445,43.52304],[-1.03385,43.523361],[-1.034232,43.523558],[-1.034725,43.524103],[-1.035046,43.524174],[-1.03565,43.524014],[-1.03751,43.523379],[-1.037991,43.523334],[-1.038496,43.523442],[-1.039063,43.52371],[-1.041011,43.524344],[-1.043463,43.525711],[-1.04366,43.525997],[-1.044301,43.526283],[-1.044745,43.526248],[-1.045164,43.526328],[-1.04562,43.526694],[-1.046483,43.526936],[-1.046754,43.527079],[-1.047025,43.527338],[-1.047666,43.527633],[-1.048146,43.527954],[-1.048467,43.528008],[-1.048738,43.527892],[-1.049329,43.527427],[-1.049941,43.527746],[-1.051945,43.528416],[-1.052956,43.528858],[-1.054072,43.529124],[-1.054243,43.529022],[-1.054381,43.529099],[-1.054666,43.529134],[-1.05491,43.529087],[-1.055121,43.528963],[-1.055471,43.52861],[-1.056024,43.52884],[-1.057048,43.529117],[-1.057861,43.529252],[-1.05878,43.529358],[-1.058878,43.529293],[-1.059504,43.529305],[-1.059967,43.529429],[-1.060244,43.529594],[-1.060471,43.529535],[-1.061358,43.529724],[-1.061862,43.529865],[-1.062951,43.530378],[-1.063374,43.53075],[-1.064033,43.531109],[-1.064488,43.531245],[-1.06509,43.531392],[-1.065464,43.531622],[-1.065797,43.531911],[-1.066748,43.532512],[-1.06927,43.529364],[-1.069583,43.528492],[-1.069967,43.527936],[-1.070124,43.527506],[-1.068677,43.527039],[-1.067492,43.526811],[-1.064093,43.525598],[-1.065645,43.522805],[-1.065906,43.522527],[-1.066429,43.522274],[-1.06676,43.521718],[-1.066725,43.521086],[-1.066603,43.520821],[-1.065819,43.520025],[-1.064756,43.519835],[-1.064459,43.519633],[-1.065261,43.518053],[-1.065,43.517775],[-1.06554,43.516638],[-1.06561,43.516208],[-1.062734,43.515917],[-1.061984,43.51574],[-1.061636,43.51545],[-1.061165,43.513288],[-1.059928,43.513389],[-1.058725,43.513187],[-1.057889,43.513642],[-1.057157,43.513996],[-1.05632,43.514502],[-1.055693,43.513579],[-1.054978,43.51296],[-1.054542,43.512694],[-1.053828,43.511809],[-1.052677,43.511658],[-1.053061,43.510457],[-1.052625,43.509711],[-1.05083,43.510381],[-1.048895,43.50961],[-1.047414,43.508485],[-1.046072,43.507865],[-1.045617,43.5075],[-1.045214,43.507271],[-1.045025,43.5071],[-1.044927,43.506866],[-1.044869,43.506662],[-1.044703,43.506524],[-1.043938,43.506328],[-1.043369,43.506124],[-1.042811,43.505853],[-1.041885,43.505694],[-1.041581,43.505594],[-1.040816,43.505261],[-1.040005,43.504981],[-1.039149,43.504277],[-1.038423,43.504466],[-1.037382,43.50464],[-1.035961,43.505206],[-1.03558,43.505177],[-1.03558,43.504771],[-1.036041,43.504248],[-1.035721,43.503551],[-1.035801,43.502883],[-1.035721,43.502128],[-1.035841,43.501895],[-1.035921,43.501605],[-1.036742,43.500487],[-1.036942,43.500051],[-1.038083,43.499746],[-1.039004,43.499354],[-1.039605,43.49886],[-1.039925,43.498395],[-1.040365,43.498236],[-1.041707,43.497873],[-1.04262,43.497585],[-1.042932,43.49739],[-1.043229,43.497164],[-1.044404,43.496548],[-1.045098,43.49589],[-1.048411,43.494422],[-1.048368,43.493457],[-1.048164,43.492113],[-1.047714,43.490043],[-1.047156,43.487957],[-1.046619,43.486369],[-1.04634,43.485264],[-1.046362,43.4838],[-1.046169,43.482819],[-1.046169,43.482056],[-1.04692,43.480484],[-1.047392,43.479892],[-1.048336,43.478958],[-1.048701,43.477681],[-1.049173,43.477199],[-1.049323,43.47684],[-1.049581,43.476809],[-1.049924,43.476669],[-1.050353,43.476311],[-1.052928,43.475252],[-1.053765,43.475252],[-1.054516,43.475081],[-1.055181,43.474567],[-1.055567,43.474442],[-1.056018,43.473929],[-1.05619,43.473602],[-1.056597,43.473119],[-1.056812,43.473134],[-1.057391,43.47234],[-1.058271,43.471453],[-1.059129,43.470472],[-1.059537,43.469911],[-1.060202,43.468307],[-1.054387,43.46731],[-1.054945,43.465909],[-1.055353,43.465457],[-1.05546,43.464943],[-1.055889,43.463978],[-1.055803,43.463775],[-1.055696,43.460115],[-1.055288,43.459009],[-1.055331,43.458651],[-1.055696,43.458339],[-1.05561,43.458075],[-1.055288,43.457685],[-1.055524,43.45742],[-1.055374,43.457093],[-1.054773,43.45686],[-1.05443,43.456408],[-1.053894,43.454523],[-1.053464,43.453822],[-1.053207,43.453184],[-1.052284,43.452265],[-1.053336,43.45161],[-1.0534,43.450925],[-1.052778,43.450567],[-1.053164,43.450115],[-1.052864,43.449944],[-1.052263,43.449663],[-1.051533,43.448495],[-1.050975,43.447389],[-1.050782,43.445878],[-1.050675,43.445177],[-1.050868,43.44379],[-1.051126,43.443042],[-1.051126,43.442653],[-1.050482,43.4415],[-1.049902,43.438586],[-1.049945,43.437932],[-1.050117,43.437496],[-1.050568,43.437418],[-1.051083,43.437449],[-1.05229,43.437253],[-1.054045,43.436883],[-1.054965,43.436462],[-1.05539,43.436533],[-1.055715,43.43677],[-1.055829,43.436965],[-1.056423,43.436749],[-1.057485,43.436235],[-1.057358,43.435855],[-1.057372,43.435279],[-1.057584,43.434837],[-1.057867,43.4342],[-1.057867,43.433809],[-1.057471,43.433234],[-1.057443,43.432596],[-1.057032,43.432103],[-1.056891,43.431558],[-1.056494,43.431044],[-1.056452,43.430633],[-1.0559,43.428772],[-1.05597,43.428268],[-1.055857,43.427672],[-1.055772,43.42688],[-1.055376,43.426582],[-1.055999,43.425564],[-1.056112,43.425081],[-1.056318,43.42397],[-1.056018,43.42277],[-1.056254,43.421289],[-1.057563,43.42104],[-1.058078,43.420479],[-1.058636,43.420198],[-1.059902,43.419933],[-1.060824,43.419653],[-1.061854,43.419591],[-1.062863,43.419793],[-1.063485,43.41917],[-1.061339,43.417892],[-1.060932,43.417097],[-1.060331,43.416551],[-1.061018,43.415803],[-1.061468,43.415086],[-1.060696,43.415476],[-1.059859,43.415102],[-1.058593,43.413839],[-1.058958,43.413559],[-1.058035,43.412686],[-1.057541,43.412047],[-1.056554,43.411189],[-1.056147,43.410379],[-1.055868,43.409693],[-1.054666,43.407791],[-1.054623,43.407308],[-1.054752,43.406778],[-1.054237,43.406201],[-1.053786,43.405125],[-1.05355,43.404829],[-1.053593,43.404081],[-1.053271,43.40366],[-1.053379,43.402226],[-1.053421,43.401088],[-1.053658,43.400791],[-1.053464,43.400573],[-1.053615,43.399685],[-1.054065,43.398546],[-1.054666,43.397393],[-1.055546,43.396551],[-1.055996,43.396442],[-1.056941,43.396395],[-1.05737,43.396052],[-1.05855,43.395771],[-1.060052,43.395568],[-1.060631,43.395303],[-1.061103,43.394945],[-1.061254,43.394446],[-1.061103,43.393869],[-1.061232,43.393541],[-1.060803,43.392325],[-1.061018,43.391031],[-1.060889,43.390298],[-1.061082,43.389394],[-1.06061,43.388115],[-1.060181,43.387398],[-1.059344,43.386353],[-1.0587,43.38523],[-1.058035,43.384996],[-1.057456,43.384404],[-1.057134,43.383905],[-1.056662,43.383577],[-1.056726,43.383219],[-1.05722,43.383219],[-1.060009,43.382595],[-1.060631,43.382158],[-1.061919,43.379647],[-1.061468,43.379476],[-1.061189,43.378805],[-1.061018,43.377433],[-1.061296,43.376933],[-1.061018,43.376154],[-1.060975,43.375701],[-1.060309,43.374282],[-1.059022,43.371178],[-1.059086,43.370632],[-1.061211,43.369197],[-1.06061,43.368807],[-1.060159,43.368776],[-1.059816,43.368916],[-1.059515,43.368823],[-1.059622,43.368555],[-1.059392,43.368037],[-1.058863,43.367703],[-1.058771,43.367084],[-1.059116,43.366231],[-1.059599,43.365864],[-1.059806,43.365145],[-1.058449,43.36486],[-1.059254,43.36354],[-1.059277,43.36267],[-1.059783,43.362336],[-1.06022,43.3617],[-1.060243,43.361232],[-1.060473,43.361065],[-1.06091,43.360446],[-1.060105,43.360012],[-1.060979,43.358273],[-1.061002,43.357621],[-1.060703,43.356684],[-1.060335,43.354711],[-1.060151,43.353825],[-1.059783,43.353373],[-1.060151,43.352972],[-1.061071,43.352353],[-1.061209,43.351785],[-1.060933,43.351266],[-1.060726,43.350748],[-1.060864,43.350463],[-1.06068,43.349945],[-1.060749,43.349393],[-1.060404,43.348657],[-1.060473,43.348089],[-1.060358,43.347738],[-1.060496,43.347002],[-1.061416,43.346232],[-1.06183,43.345329],[-1.061968,43.344476],[-1.061623,43.343239],[-1.061025,43.342402],[-1.061163,43.341382],[-1.061094,43.340813],[-1.061623,43.340546],[-1.061393,43.340328],[-1.061416,43.340144],[-1.060818,43.339944],[-1.060496,43.339442],[-1.060174,43.339241],[-1.05953,43.338371],[-1.05907,43.337267],[-1.057691,43.335812],[-1.056909,43.334909],[-1.056748,43.334507],[-1.056495,43.334056],[-1.056518,43.333086],[-1.056771,43.331915],[-1.056357,43.330509],[-1.056495,43.330091],[-1.056265,43.32979],[-1.056081,43.328719],[-1.055989,43.328535],[-1.055529,43.327682],[-1.055276,43.327214],[-1.054333,43.326645],[-1.053712,43.326662],[-1.051458,43.326026],[-1.050469,43.325658],[-1.04879,43.32621],[-1.0461,43.326595],[-1.044283,43.326779],[-1.043731,43.326695],[-1.040764,43.3279],[-1.040097,43.328385],[-1.039706,43.32892],[-1.039315,43.329639],[-1.038487,43.330225],[-1.038303,43.33061],[-1.035705,43.330125],[-1.0349,43.32887],[-1.033083,43.327515],[-1.032414,43.327152],[-1.032887,43.326887],[-1.033316,43.326528],[-1.033809,43.325943],[-1.034002,43.325427],[-1.034639,43.323919],[-1.03246,43.323008],[-1.032672,43.322606],[-1.032198,43.320422],[-1.032266,43.320173],[-1.032501,43.319748],[-1.032517,43.319478],[-1.032342,43.319296],[-1.031447,43.31902],[-1.031288,43.318843],[-1.031303,43.318589],[-1.031728,43.317557],[-1.031128,43.317376],[-1.030484,43.317075],[-1.029403,43.316774],[-1.030346,43.314414],[-1.030852,43.31162],[-1.031404,43.310816],[-1.031841,43.310934],[-1.03237,43.310816],[-1.033497,43.310934],[-1.034785,43.311285],[-1.036027,43.311185],[-1.036464,43.311084],[-1.035751,43.310164],[-1.034739,43.309612],[-1.033957,43.309076],[-1.033428,43.308356],[-1.032761,43.308306],[-1.032623,43.307905],[-1.031864,43.307654],[-1.030875,43.307185],[-1.030783,43.306967],[-1.03122,43.306465],[-1.030875,43.305629],[-1.032646,43.303687],[-1.033497,43.303871],[-1.03513,43.304541],[-1.035314,43.304926],[-1.035636,43.304993],[-1.036073,43.304859],[-1.036073,43.304524],[-1.035843,43.303989],[-1.035636,43.303286],[-1.035245,43.302767],[-1.035199,43.302148],[-1.034785,43.301578],[-1.034877,43.300139],[-1.034509,43.299453],[-1.034762,43.298951]]],"type":"MultiLineString"},"properties":{"geo_point":{"lon":-1.0524915081965667,"lat":43.61032316140073},"name":"GR655 De Lesperon (Landes) à la Stèle de Gibraltar (Pyrénées-Atlantiques) (2020)","code_gr":"GR655"}},{"type":"Feature","geometry":{"coordinates":[[[1.386122,48.181053],[1.382711,48.179644],[1.381456,48.17754],[1.379675,48.176025],[1.379857,48.175144],[1.377443,48.173805],[1.375254,48.172318],[1.374278,48.171303],[1.373849,48.170616],[1.373495,48.169605],[1.373152,48.167403],[1.374139,48.165962],[1.375147,48.165421],[1.375815,48.165191],[1.376611,48.165076],[1.377193,48.164746],[1.382024,48.162956],[1.384621,48.161842],[1.38564,48.1618],[1.386048,48.161575],[1.386026,48.16132],[1.385704,48.160847],[1.386166,48.160625],[1.386584,48.160029],[1.385168,48.159424],[1.383816,48.158436],[1.383462,48.157024],[1.38343,48.155666],[1.383902,48.154507],[1.383902,48.153004],[1.384192,48.152187],[1.385468,48.150848],[1.386166,48.150234],[1.386713,48.149358],[1.388247,48.149151],[1.389062,48.149017],[1.388902,48.14856],[1.388043,48.148636],[1.387539,48.148479],[1.387324,48.148499],[1.387002,48.146152],[1.387051,48.145786],[1.389535,48.14568],[1.392485,48.145378],[1.396304,48.144592],[1.397678,48.144019],[1.399512,48.142624],[1.401798,48.141987],[1.401358,48.140282],[1.400049,48.140617],[1.398879,48.140755],[1.398193,48.140331],[1.39697,48.139912],[1.394953,48.139938],[1.394212,48.140034],[1.392458,48.140084],[1.391476,48.140248],[1.389942,48.140398],[1.388494,48.140675],[1.387512,48.139584],[1.386487,48.138693],[1.386638,48.138348],[1.387389,48.13776],[1.388526,48.137211],[1.389706,48.136009],[1.390715,48.134697],[1.390908,48.133251],[1.390854,48.132233],[1.39021,48.128902],[1.389931,48.128281],[1.389041,48.127506],[1.388145,48.126565],[1.387249,48.125796],[1.388108,48.121986],[1.387646,48.121441],[1.3877,48.118362],[1.387196,48.118027],[1.386316,48.117905],[1.383129,48.117668],[1.382078,48.117283],[1.379224,48.115753],[1.376499,48.114594],[1.375254,48.114422],[1.374257,48.113598],[1.374525,48.112209],[1.373913,48.112045],[1.37342,48.111679],[1.37269,48.111744],[1.372304,48.111958],[1.372186,48.110775],[1.371596,48.109596],[1.370362,48.10936],[1.366736,48.108334],[1.364354,48.10754],[1.359794,48.105789],[1.357938,48.105732],[1.355787,48.106043],[1.351984,48.106384],[1.350138,48.106499],[1.346673,48.107384],[1.345654,48.107761],[1.344757,48.107799],[1.343859,48.10809],[1.342485,48.108319],[1.341178,48.10861],[1.339023,48.108929],[1.337199,48.10928],[1.332639,48.109753],[1.331534,48.110132],[1.332457,48.111142],[1.330708,48.113047],[1.330129,48.112888],[1.329453,48.112774],[1.328284,48.112186],[1.32603,48.111816],[1.323498,48.111843],[1.322157,48.111942],[1.320012,48.111549],[1.319304,48.111198],[1.318209,48.110325],[1.317651,48.110176],[1.316514,48.108555],[1.315054,48.108629],[1.314384,48.109083],[1.313555,48.109338],[1.312969,48.10981],[1.312448,48.110239],[1.311869,48.111073],[1.311021,48.111916],[1.311911,48.11031],[1.312029,48.108536],[1.312062,48.107273],[1.312351,48.106602],[1.312201,48.104301],[1.314969,48.104603],[1.315731,48.102789],[1.317222,48.101032],[1.317598,48.101562],[1.317887,48.101562],[1.318956,48.100484],[1.32057,48.099136],[1.323735,48.096756],[1.324979,48.095901],[1.325355,48.095264],[1.325794,48.094986],[1.327436,48.091885],[1.328208,48.090336],[1.328917,48.088036],[1.329957,48.088222],[1.329898,48.087526],[1.32916,48.087179],[1.329281,48.086487],[1.329871,48.084961],[1.330569,48.084202],[1.331009,48.083298],[1.33132,48.08213],[1.330955,48.081478],[1.330097,48.080925],[1.329507,48.079769],[1.329094,48.079068],[1.328694,48.078803],[1.328037,48.077793],[1.327415,48.077419],[1.326642,48.076702],[1.325119,48.075733],[1.323617,48.075191],[1.323187,48.075493],[1.320891,48.074852],[1.319153,48.073727],[1.317801,48.073261],[1.31671,48.073202],[1.316734,48.073573],[1.314409,48.07446],[1.3135,48.074631],[1.311815,48.075089],[1.308703,48.075314],[1.30777,48.075314],[1.307191,48.075455],[1.305485,48.076626],[1.305013,48.076515],[1.303167,48.075798],[1.302899,48.075558],[1.299058,48.074207],[1.297481,48.074306],[1.296644,48.07481],[1.296537,48.075203],[1.295561,48.07534],[1.295003,48.07605],[1.294616,48.076466],[1.294445,48.076424],[1.294134,48.076801],[1.289134,48.076637],[1.288426,48.076775],[1.287471,48.077354],[1.287203,48.077255],[1.287149,48.076702],[1.287546,48.075836],[1.287568,48.075047],[1.287374,48.073772],[1.286731,48.073463],[1.28584,48.073227],[1.28495,48.072868],[1.283512,48.072651],[1.284285,48.071712],[1.285443,48.070595],[1.285518,48.068645],[1.28805,48.067455],[1.28805,48.067455],[1.291313,48.067501],[1.295991,48.067831],[1.296012,48.067271],[1.296313,48.067028],[1.296377,48.064948],[1.296527,48.064117],[1.296484,48.063127],[1.296742,48.061005],[1.297321,48.06046],[1.298823,48.060689],[1.298738,48.059528],[1.298244,48.058868],[1.2976,48.058323],[1.297793,48.057649],[1.298523,48.057276],[1.299725,48.056874],[1.299746,48.056602],[1.301098,48.056114],[1.299939,48.054766],[1.299016,48.054035],[1.298265,48.053332],[1.296613,48.052227],[1.295218,48.051453],[1.293802,48.050936],[1.291292,48.051654],[1.28979,48.051941],[1.288266,48.051912],[1.287365,48.052428],[1.282773,48.051625],[1.275542,48.05151],[1.275756,48.050922],[1.273975,48.050908],[1.27404,48.050564],[1.272709,48.05032],[1.270628,48.050693],[1.270156,48.051137],[1.26859,48.051941],[1.268311,48.051051],[1.268395,48.050346],[1.269447,48.048588],[1.270005,48.04797],[1.272279,48.045963],[1.275047,48.04377],[1.276667,48.043926],[1.276912,48.043549],[1.279675,48.040229],[1.280057,48.039406],[1.28024,48.038532],[1.280776,48.037594],[1.281946,48.036674],[1.283405,48.034958],[1.28392,48.033723],[1.2846,48.032719],[1.28434,48.032505],[1.284781,48.030845],[1.284134,48.0308],[1.283416,48.031544],[1.282482,48.032055],[1.281742,48.032097],[1.281066,48.031845],[1.280165,48.031952],[1.27921,48.031387],[1.278673,48.031559],[1.278266,48.031544],[1.277794,48.0312],[1.277794,48.030907],[1.278105,48.029522],[1.274199,48.028797],[1.2667,48.027332],[1.264307,48.027252],[1.262645,48.027332],[1.260617,48.02721],[1.259598,48.027428],[1.258847,48.027683],[1.256937,48.027489],[1.254845,48.02713],[1.25448,48.026047],[1.254566,48.024799],[1.255682,48.022675],[1.256304,48.021534],[1.256475,48.020695],[1.256207,48.020069],[1.254716,48.019157],[1.25419,48.019043],[1.253697,48.019073],[1.252409,48.018852],[1.251369,48.018421],[1.250188,48.018391],[1.248418,48.01796],[1.247721,48.017429],[1.245843,48.016647],[1.243794,48.016254],[1.242507,48.016193],[1.241745,48.016304],[1.240962,48.016434],[1.239084,48.015816],[1.238569,48.0158],[1.236885,48.016182],[1.23652,48.015915],[1.236037,48.015255],[1.235104,48.014668],[1.234546,48.014378],[1.233752,48.014244],[1.233312,48.014091],[1.23343,48.013798],[1.234267,48.013675],[1.234374,48.013174],[1.235222,48.013103],[1.23638,48.012623],[1.234975,48.011272],[1.234986,48.011257],[1.236359,48.010323],[1.237228,48.009895],[1.239942,48.009708],[1.240768,48.009312],[1.241637,48.008499],[1.239181,48.007408],[1.236799,48.006664],[1.236831,48.005836],[1.23726,48.005859],[1.237432,48.005981],[1.239153,48.00615],[1.239374,48.005936],[1.239223,48.005257],[1.238966,48.00462],[1.240535,48.003498],[1.240929,48.003605],[1.244137,48.005451],[1.24491,48.006054],[1.24579,48.004532],[1.2454,48.004235],[1.2459,48.004235],[1.246766,48.003555],[1.247023,48.003017],[1.249266,48.002132],[1.248493,48.001431],[1.255177,47.998703],[1.252602,47.996735],[1.25483,47.996465],[1.257112,47.99617],[1.259222,47.996296],[1.260971,47.996262],[1.263192,47.996849],[1.264426,47.997288],[1.267204,47.996773],[1.270273,47.996426],[1.267612,47.993618],[1.266528,47.992321],[1.264522,47.989628],[1.264168,47.988945],[1.266271,47.988537],[1.272508,47.986912],[1.274993,47.986649],[1.277611,47.986259],[1.280133,47.985737],[1.281602,47.985729],[1.28245,47.985462],[1.282815,47.985119],[1.282901,47.984673],[1.2826,47.983738],[1.28201,47.982582],[1.282203,47.981182],[1.282396,47.980988],[1.282096,47.980579],[1.281677,47.980415],[1.280937,47.979336],[1.280658,47.979206],[1.278019,47.979279],[1.27023,47.97818],[1.269629,47.977722],[1.267033,47.97477],[1.264801,47.973003],[1.263846,47.972435],[1.262537,47.971264],[1.262247,47.970892],[1.263202,47.970561],[1.26287,47.96964],[1.261657,47.967896],[1.260799,47.966991],[1.26037,47.966114],[1.259855,47.964783],[1.259469,47.964108],[1.25949,47.963779],[1.264533,47.960186],[1.261379,47.958996],[1.259587,47.957916],[1.258417,47.958023],[1.257409,47.95776],[1.256754,47.957893],[1.255617,47.957951],[1.253933,47.959045],[1.253589,47.958858],[1.252505,47.958341],[1.253107,47.957637],[1.25197,47.957126],[1.251454,47.956779],[1.251712,47.956249],[1.251379,47.954941],[1.250274,47.95425],[1.247152,47.954575],[1.246176,47.954151],[1.244663,47.953655],[1.243376,47.953316],[1.242281,47.952858],[1.241037,47.952637],[1.238623,47.95155],[1.23476,47.949673],[1.232035,47.948761],[1.22858,47.946312],[1.228473,47.945644],[1.230565,47.945988],[1.23122,47.945858],[1.233494,47.944637],[1.234535,47.943607],[1.235404,47.941654],[1.235286,47.940331],[1.235425,47.939453],[1.23659,47.937833],[1.237282,47.936672],[1.23755,47.935654],[1.237003,47.935596],[1.236112,47.934948],[1.234674,47.934299],[1.232722,47.933735],[1.231917,47.933308],[1.23064,47.932182],[1.229503,47.931664],[1.228666,47.931061],[1.226778,47.930347],[1.227647,47.929161],[1.224257,47.926422],[1.223484,47.92461],[1.221317,47.924221],[1.221639,47.923676],[1.22239,47.923389],[1.223549,47.921944],[1.225566,47.92001],[1.226081,47.919971],[1.227175,47.92009],[1.228226,47.919102],[1.229235,47.919052],[1.229568,47.918961],[1.231424,47.919296],[1.232014,47.918808],[1.231992,47.918514],[1.231703,47.917912],[1.231928,47.917355],[1.232572,47.916859],[1.233333,47.916637],[1.233655,47.916443],[1.232464,47.916019],[1.2327,47.915516],[1.232808,47.914345],[1.232486,47.913624],[1.232958,47.912437],[1.23328,47.911926],[1.233441,47.911366],[1.233367,47.911039],[1.233705,47.910774],[1.233533,47.910548],[1.233309,47.910464],[1.233366,47.910389],[1.233655,47.910252],[1.233891,47.909828],[1.232314,47.909538],[1.23269,47.908401],[1.233001,47.906239],[1.232808,47.904266],[1.233526,47.904167],[1.233559,47.902981],[1.232121,47.902821],[1.232057,47.902168],[1.230705,47.902355],[1.229557,47.90229],[1.228538,47.901997],[1.226799,47.901722],[1.227218,47.900536],[1.227368,47.900341],[1.226982,47.900032],[1.225995,47.900169],[1.22666,47.898262],[1.227404,47.898235],[1.228184,47.897843],[1.226347,47.897167],[1.223527,47.89642],[1.223956,47.895902],[1.225834,47.895493],[1.22637,47.895119],[1.225823,47.89399],[1.224267,47.892578],[1.222615,47.891579],[1.221339,47.891083],[1.220126,47.890556],[1.219118,47.890204],[1.215419,47.888749],[1.213871,47.888355],[1.212938,47.8895],[1.211489,47.888988],[1.210394,47.888683],[1.210215,47.889152],[1.208768,47.888825],[1.206608,47.888168],[1.206436,47.888653],[1.20575,47.889477],[1.205696,47.890011],[1.204762,47.891483],[1.204945,47.891788],[1.204859,47.892162],[1.205041,47.892429],[1.204962,47.892751],[1.208003,47.894201],[1.206704,47.896954],[1.206286,47.897175],[1.205084,47.897282],[1.202896,47.897995],[1.202434,47.897915],[1.20134,47.897408],[1.200128,47.897278],[1.199355,47.897282],[1.197596,47.896923],[1.197199,47.897068],[1.195976,47.898846],[1.192929,47.898376],[1.191684,47.898521],[1.186781,47.897282],[1.183755,47.8964],[1.182532,47.895744],[1.181974,47.8949],[1.181513,47.893307],[1.181781,47.892391],[1.182908,47.891869],[1.183755,47.891739],[1.183391,47.890831],[1.182286,47.889542],[1.181588,47.889442],[1.180966,47.890053],[1.179636,47.889538],[1.178552,47.888794],[1.177232,47.888145],[1.175205,47.887325],[1.173359,47.886429],[1.172544,47.885918],[1.172243,47.885513],[1.171546,47.885262],[1.170216,47.884521],[1.170226,47.884335],[1.170816,47.884418],[1.171074,47.884293],[1.170537,47.884033],[1.168885,47.882996],[1.170365,47.882173],[1.168724,47.880886],[1.166064,47.878021],[1.164336,47.875999],[1.161139,47.873398],[1.159261,47.87236],[1.157588,47.871777],[1.155818,47.871014],[1.155195,47.870972],[1.154599,47.870645],[1.151901,47.869713],[1.15041,47.868977],[1.150432,47.868668],[1.14776,47.867962],[1.146548,47.86805],[1.145958,47.868393],[1.142739,47.866421],[1.143458,47.865559],[1.142707,47.864349],[1.141344,47.8634],[1.13886,47.8624],[1.13691,47.861497],[1.134531,47.860436],[1.131785,47.859348],[1.130165,47.858204],[1.128867,47.857719],[1.127053,47.857403],[1.125476,47.856663],[1.124264,47.855919],[1.122644,47.854767],[1.121367,47.854118],[1.12009,47.85379],[1.118835,47.853602],[1.117827,47.85305],[1.115595,47.852199],[1.116056,47.851778],[1.117146,47.852071],[1.117505,47.851616],[1.11508,47.850174],[1.114737,47.849808],[1.11464,47.849468],[1.114125,47.848995],[1.113482,47.848526],[1.112967,47.847145],[1.111883,47.84576],[1.11081,47.844673],[1.110402,47.844414],[1.113546,47.843214],[1.113546,47.843214],[1.11315,47.842344],[1.11212,47.841667],[1.109867,47.841451],[1.108408,47.841019],[1.109781,47.839464],[1.110339,47.838614],[1.110339,47.838254],[1.109996,47.838009],[1.107335,47.836943],[1.106305,47.83641],[1.107442,47.835892],[1.108236,47.835416],[1.110146,47.83471],[1.11155,47.833874],[1.108836,47.831062],[1.10882,47.831039],[1.10751,47.83025],[1.106386,47.829815],[1.105218,47.82964],[1.10357,47.829231],[1.10148,47.829479],[1.09987,47.829498],[1.09933,47.829342],[1.10017,47.82724],[1.10012,47.825932],[1.09921,47.824242],[1.09817,47.82095],[1.09641,47.810909],[1.09576,47.810532],[1.09485,47.810612],[1.093859,47.810805],[1.08986,47.812061],[1.08845,47.811878],[1.087134,47.811043],[1.086495,47.810415],[1.086394,47.808855],[1.08549,47.808762],[1.085608,47.808008],[1.085616,47.80734],[1.085346,47.806668],[1.08486,47.80629],[1.08496,47.80574],[1.08484,47.804749],[1.08361,47.802921],[1.08325,47.801762],[1.082744,47.801119],[1.077276,47.796586],[1.074551,47.795418],[1.07077,47.793831],[1.067799,47.793531],[1.067958,47.792677],[1.06764,47.791451],[1.0675,47.790771],[1.067651,47.790089],[1.06752,47.789549],[1.067228,47.789646],[1.067197,47.789522],[1.066938,47.78953],[1.066797,47.789497],[1.06503,47.789539],[1.064776,47.789439],[1.06452,47.78923],[1.06455,47.788891],[1.065145,47.788631],[1.065387,47.788175],[1.067143,47.786951],[1.066184,47.786864],[1.06375,47.787102],[1.063826,47.786809],[1.06226,47.786469],[1.06087,47.78511],[1.05968,47.786331],[1.05968,47.786331],[1.059313,47.786377],[1.057253,47.789289],[1.056695,47.789808],[1.056073,47.790068],[1.053112,47.790039],[1.052605,47.789737],[1.051971,47.789235],[1.050386,47.788093],[1.047339,47.787285],[1.044829,47.785974],[1.043499,47.78557],[1.043514,47.784842],[1.042425,47.783356],[1.041996,47.783003],[1.041632,47.78234],[1.041009,47.781922],[1.039786,47.781547],[1.037555,47.781028],[1.036546,47.780668],[1.035924,47.77999],[1.034808,47.779283],[1.035516,47.778764],[1.035967,47.778058],[1.036654,47.777654],[1.037319,47.777366],[1.037598,47.776789],[1.03837,47.776111],[1.038048,47.775909],[1.03715,47.77562],[1.03639,47.775269],[1.03453,47.77483],[1.03352,47.774342],[1.03237,47.774139],[1.0315,47.774109],[1.0309,47.773842],[1.02972,47.774132],[1.02857,47.773882],[1.02809,47.773571],[1.02795,47.772949],[1.02751,47.772301],[1.02734,47.77166],[1.02625,47.771011],[1.02518,47.77063],[1.02491,47.770409],[1.023708,47.770483],[1.01928,47.770229],[1.01858,47.770721],[1.017512,47.770778],[1.0175,47.770309],[1.01782,47.764229],[1.0173,47.764179],[1.01749,47.761711],[1.01466,47.76133],[1.01191,47.760189],[1.0083,47.758411],[1.00583,47.75771],[1.00095,47.755791],[0.9986,47.754581],[0.993144,47.752399],[0.992725,47.752169],[0.992665,47.752401],[0.993979,47.752979],[0.99185,47.75308],[0.99008,47.752628],[0.9882,47.752579],[0.98762,47.753441],[0.98694,47.754971],[0.9863,47.755981],[0.98573,47.757401],[0.98496,47.758709],[0.98521,47.759628],[0.98507,47.760159],[0.98424,47.762001],[0.98433,47.762718],[0.98497,47.762859],[0.98533,47.762241],[0.98972,47.76321],[0.98931,47.763771],[0.98867,47.76543],[0.9877,47.765949],[0.98584,47.765148],[0.9853,47.765091],[0.98502,47.765652],[0.98443,47.766121],[0.98406,47.76601],[0.98357,47.766239],[0.98304,47.765888],[0.981711,47.765487],[0.980438,47.765299],[0.97957,47.76527],[0.9788,47.764995],[0.978016,47.764854],[0.977214,47.764959],[0.97619,47.76532],[0.97483,47.764591],[0.97365,47.763908],[0.97263,47.76392],[0.96984,47.763561],[0.96791,47.763561],[0.96553,47.763248],[0.96509,47.763371],[0.9645,47.763771],[0.9641,47.76379],[0.96332,47.763538],[0.96119,47.763809],[0.95967,47.764751],[0.95913,47.7659],[0.958774,47.766564],[0.95853,47.767361],[0.958251,47.767841],[0.957711,47.76824],[0.95734,47.768841],[0.95673,47.769119],[0.95593,47.768929],[0.95459,47.768131],[0.95277,47.767639],[0.94864,47.766918],[0.94797,47.766949],[0.94447,47.766541],[0.94161,47.766159],[0.93867,47.765961],[0.93634,47.76619],[0.93406,47.766602],[0.93192,47.767078],[0.93053,47.76757],[0.92979,47.767971],[0.928094,47.768676],[0.926957,47.769034],[0.92736,47.768452],[0.92782,47.768111],[0.92827,47.76741],[0.928887,47.76682],[0.92993,47.766281],[0.92961,47.765839],[0.92941,47.76532],[0.93255,47.764439],[0.93213,47.763821],[0.93403,47.761261],[0.93487,47.759048],[0.93478,47.75843],[0.93497,47.757721],[0.93486,47.757141],[0.93506,47.755619],[0.93596,47.755089],[0.9366,47.754341],[0.93642,47.75375],[0.93713,47.75354],[0.93758,47.752911],[0.93744,47.75256],[0.93759,47.75193],[0.93787,47.751591],[0.93743,47.750332],[0.9367,47.750542],[0.93359,47.748161],[0.93093,47.74675],[0.93059,47.747398],[0.93089,47.747952],[0.93072,47.748219],[0.92991,47.748989],[0.92796,47.74881],[0.92639,47.748322],[0.92396,47.748081],[0.92135,47.748268],[0.92091,47.748211],[0.91826,47.748451],[0.91765,47.74831],[0.91596,47.748322],[0.91612,47.748169],[0.91666,47.748032],[0.91695,47.746891],[0.91743,47.746281],[0.91778,47.746078],[0.91802,47.745762],[0.91891,47.745708],[0.91992,47.745739],[0.92266,47.745079],[0.92342,47.74461],[0.92424,47.743851],[0.92085,47.742531],[0.92036,47.742069],[0.91858,47.741112],[0.91691,47.740681],[0.91746,47.739861],[0.91707,47.73967],[0.91683,47.739101],[0.9168,47.738541],[0.91456,47.737801],[0.91364,47.737598],[0.91224,47.737122],[0.91014,47.736961],[0.90912,47.736691],[0.90733,47.737259],[0.90733,47.737259],[0.907779,47.738995],[0.909023,47.740221],[0.909281,47.741],[0.909388,47.741578],[0.909173,47.741924],[0.908315,47.742386],[0.907843,47.742761],[0.905869,47.743179],[0.904775,47.742458],[0.903916,47.74126],[0.903337,47.740827],[0.902801,47.740712],[0.9025,47.740755],[0.902264,47.740928],[0.89734,47.741928],[0.8957,47.742771],[0.89445,47.74321],[0.89281,47.74353],[0.89201,47.743912],[0.89136,47.743969],[0.89055,47.74371],[0.89001,47.743641],[0.88861,47.742931],[0.88718,47.741611],[0.88695,47.741829],[0.88665,47.741982],[0.88633,47.74173],[0.88613,47.741379],[0.8855,47.741009],[0.88443,47.740543],[0.883851,47.740123],[0.885238,47.74011],[0.88563,47.740058],[0.88615,47.739052],[0.88668,47.73904],[0.88744,47.736721],[0.88767,47.7341],[0.88794,47.7318],[0.88866,47.73127],[0.88874,47.730949],[0.8889,47.730759],[0.88891,47.73053],[0.8885,47.730118],[0.88968,47.729401],[0.88956,47.72887],[0.88888,47.728161],[0.88927,47.727219],[0.88919,47.72686],[0.88894,47.72662],[0.88929,47.726398],[0.889284,47.725475],[0.88883,47.724041],[0.88877,47.72266],[0.88853,47.72179],[0.88841,47.72139],[0.88672,47.719051],[0.89013,47.71698],[0.89133,47.717609],[0.89476,47.713112],[0.89522,47.712318],[0.89747,47.710072],[0.91066,47.70348],[0.911001,47.703136],[0.91156,47.702782],[0.91244,47.702412],[0.91322,47.702309],[0.91471,47.701382],[0.915376,47.700731],[0.91574,47.700001],[0.91691,47.6996],[0.91731,47.699348],[0.91624,47.698952],[0.9163,47.6982],[0.915219,47.697506],[0.915986,47.697248],[0.91556,47.69516],[0.916628,47.694909],[0.918,47.695],[0.92032,47.6954],[0.921146,47.695366],[0.922058,47.695522],[0.923018,47.695386]]],"type":"MultiLineString"},"properties":{"geo_point":{"lon":1.171126853507739,"lat":47.92503280019253},"name":"GR655 De Bonneval (Eure-et-Loir) à Prunay-Cassereau (Loir-et-Cher) (2020)","code_gr":"GR655"}}]}