{"type":"FeatureCollection","features":[{"type":"Feature","geometry":{"coordinates":[[[3.591714,44.328871],[3.591714,44.328871],[3.591714,44.328871],[3.591652,44.329097],[3.590727,44.330214],[3.590517,44.330728],[3.590534,44.331008],[3.591258,44.331545],[3.590775,44.331822],[3.587841,44.332992],[3.587099,44.333421],[3.586585,44.333992],[3.586226,44.33463],[3.586129,44.335225],[3.586188,44.335946],[3.58688,44.335927],[3.587444,44.33656],[3.58732,44.337262],[3.587116,44.3378],[3.58827,44.3392],[3.589262,44.339952],[3.589589,44.340175],[3.589809,44.340593],[3.589753,44.341078],[3.589284,44.341652],[3.589096,44.342051],[3.589004,44.342464],[3.588881,44.342845],[3.588554,44.343401],[3.588618,44.343792],[3.58901,44.344329],[3.589,44.344956],[3.589305,44.345672],[3.589294,44.34601],[3.589992,44.346125],[3.590501,44.34639],[3.590829,44.346462],[3.591474,44.346513],[3.591397,44.346382],[3.591662,44.345973],[3.592068,44.345661],[3.592298,44.345588],[3.593339,44.345208],[3.595893,44.344648],[3.596456,44.344621],[3.597239,44.344759],[3.598114,44.344774],[3.599202,44.344606],[3.599855,44.344679],[3.60122,44.344974],[3.601225,44.344176],[3.601429,44.343884],[3.601633,44.343704],[3.60204,44.343681],[3.602131,44.343608],[3.602131,44.343225],[3.60263,44.343221],[3.603591,44.34342],[3.604067,44.341167],[3.603923,44.340919],[3.603902,44.340646],[3.604342,44.34065],[3.604514,44.340565],[3.605336,44.340681],[3.605406,44.340895],[3.606633,44.341847],[3.607185,44.342043],[3.607442,44.342369],[3.607442,44.342369],[3.608094,44.342926],[3.60847,44.343348],[3.60863,44.343609],[3.608529,44.344196],[3.608762,44.344256],[3.610082,44.344089],[3.610406,44.343923],[3.610568,44.343895],[3.610723,44.343731],[3.611897,44.343352],[3.612536,44.34334],[3.613346,44.343267],[3.614188,44.343306],[3.614982,44.343447],[3.615701,44.343524],[3.616469,44.343858],[3.616921,44.343979],[3.617151,44.343991],[3.617605,44.343873],[3.618032,44.3441],[3.618404,44.34423],[3.620357,44.345266],[3.622256,44.345784],[3.622798,44.345807],[3.623409,44.345937],[3.623763,44.345849],[3.624118,44.345688],[3.624525,44.345669],[3.624885,44.345742],[3.625426,44.345657],[3.626006,44.34527],[3.62636,44.345266],[3.626924,44.345272],[3.627422,44.344967],[3.627658,44.344683],[3.627958,44.343969],[3.629058,44.343436],[3.629192,44.343244],[3.629267,44.343048],[3.629664,44.342446],[3.629852,44.341759],[3.629792,44.34133],[3.62997,44.340643],[3.629778,44.339688],[3.630001,44.339052],[3.630361,44.338869],[3.630328,44.338276],[3.630437,44.337915],[3.630759,44.337324],[3.630952,44.337109],[3.631515,44.336726],[3.631767,44.336345],[3.632105,44.336142],[3.632331,44.335823],[3.632727,44.335517],[3.633006,44.33521],[3.633486,44.334815],[3.633795,44.334654],[3.634862,44.334558],[3.634961,44.334027],[3.63512,44.333967],[3.635358,44.334148],[3.635549,44.334147],[3.635634,44.33398],[3.635844,44.333844],[3.636252,44.333756],[3.636316,44.334212],[3.636767,44.334466],[3.636767,44.334592],[3.636521,44.334751],[3.636622,44.335034],[3.636552,44.335187],[3.636418,44.335218],[3.635715,44.335099],[3.635297,44.335187],[3.635087,44.335316],[3.635077,44.335882],[3.634813,44.336285],[3.634521,44.336776],[3.634364,44.337301],[3.634428,44.337508],[3.634884,44.337662],[3.635565,44.338161],[3.636,44.338671],[3.636477,44.338959],[3.636885,44.339362],[3.636879,44.33948],[3.636697,44.339557],[3.636193,44.339523],[3.635216,44.339707],[3.634943,44.339906],[3.63439,44.340417],[3.634187,44.340946],[3.63438,44.341499],[3.634396,44.341901],[3.634219,44.342178],[3.633811,44.342561],[3.633773,44.342768],[3.633972,44.342891],[3.634589,44.343037],[3.635361,44.343048],[3.635909,44.343317],[3.636273,44.3438],[3.636459,44.343882],[3.636709,44.344086],[3.636204,44.344671],[3.63578,44.344935],[3.635895,44.345074],[3.636166,44.3454],[3.636327,44.345868],[3.636343,44.346179],[3.636316,44.346363],[3.63644,44.346455],[3.636955,44.346428],[3.637609,44.346206],[3.638027,44.346298],[3.638106,44.34651],[3.63807,44.346919],[3.638301,44.347192],[3.638864,44.347242],[3.6392,44.347195],[3.639395,44.346942],[3.639867,44.346217],[3.640152,44.345922],[3.640618,44.345465],[3.640758,44.345158],[3.640747,44.34502],[3.64067,44.344946],[3.640747,44.344752],[3.641171,44.344403],[3.641691,44.344295],[3.642308,44.344023],[3.642555,44.343758],[3.642791,44.343739],[3.642818,44.344113],[3.642879,44.344338],[3.643049,44.344637],[3.642914,44.344997],[3.642973,44.345224],[3.64344,44.345872],[3.644018,44.345858],[3.644336,44.345926],[3.644653,44.346144],[3.64484,44.346156],[3.645227,44.345933],[3.645632,44.34544],[3.646396,44.345063],[3.646845,44.345101],[3.647265,44.345205],[3.647356,44.345354],[3.647989,44.345707],[3.648976,44.345933],[3.649593,44.345757],[3.65035,44.345423],[3.650714,44.345565],[3.651063,44.345611],[3.651293,44.345417],[3.651618,44.344807],[3.651905,44.34433],[3.652238,44.34428],[3.652941,44.344456],[3.65382,44.344936],[3.655954,44.345364],[3.656594,44.345508],[3.656771,44.345699],[3.657046,44.345716],[3.657414,44.345603],[3.657541,44.345849],[3.657545,44.346171],[3.657773,44.346034],[3.658161,44.345582],[3.658505,44.345554],[3.65878,44.345425],[3.659263,44.34515],[3.659485,44.345185],[3.659453,44.345324],[3.659271,44.345435],[3.659059,44.345772],[3.658852,44.345983],[3.658773,44.346429],[3.658881,44.346914],[3.658809,44.347173],[3.658686,44.347391],[3.659024,44.347249],[3.659456,44.347011],[3.659584,44.346787],[3.659865,44.346756],[3.659958,44.346603],[3.660316,44.346623],[3.660505,44.346406],[3.660719,44.346107],[3.661168,44.345927],[3.661404,44.345995],[3.661364,44.346214],[3.661503,44.346511],[3.662029,44.346978],[3.662059,44.347344],[3.66278,44.3473],[3.663122,44.347176],[3.663616,44.347211],[3.663825,44.347138],[3.664125,44.347169],[3.664305,44.347333],[3.664093,44.347422],[3.66463,44.348032],[3.664307,44.348098],[3.664404,44.348334],[3.664569,44.348434],[3.664469,44.348784],[3.664324,44.348891],[3.663938,44.348987],[3.663868,44.349551],[3.664174,44.349854],[3.664699,44.349969],[3.66508,44.349992],[3.66545,44.350165],[3.665702,44.35023],[3.665343,44.350004],[3.664973,44.349578],[3.665005,44.349389],[3.665574,44.349151],[3.666223,44.349037],[3.666877,44.348492],[3.667113,44.348316],[3.667048,44.348129],[3.666863,44.347929],[3.666738,44.34769],[3.666824,44.34741],[3.667435,44.346873],[3.66846,44.346217],[3.668798,44.346125],[3.6689,44.345884],[3.669216,44.345719],[3.669254,44.345592],[3.668771,44.345338],[3.668825,44.345151],[3.66898,44.345028],[3.668969,44.344817],[3.668792,44.34474],[3.667403,44.344848],[3.667237,44.344725],[3.667376,44.34415],[3.667698,44.343685],[3.6678,44.34311],[3.668288,44.342623],[3.668444,44.342335],[3.668653,44.342204],[3.668921,44.342128],[3.669061,44.341898],[3.669007,44.341629],[3.669211,44.34156],[3.670101,44.341679],[3.671367,44.341514],[3.671842,44.341239],[3.672344,44.341245],[3.672601,44.341429],[3.672488,44.341594],[3.672003,44.341787],[3.672,44.341978],[3.672499,44.342339],[3.67257,44.342667],[3.67332,44.343022],[3.67428,44.342872],[3.674688,44.342891],[3.67509,44.343079],[3.675506,44.342878],[3.675653,44.342839],[3.675975,44.342945],[3.676458,44.34272],[3.677193,44.342645],[3.677268,44.342734],[3.677188,44.34278],[3.67687,44.34275],[3.676493,44.342873],[3.676329,44.343064],[3.67605,44.34316],[3.675611,44.343179],[3.675299,44.343478],[3.675063,44.343478],[3.674607,44.343371],[3.674329,44.343444],[3.674119,44.343578],[3.673709,44.343699],[3.673771,44.343789],[3.674036,44.343656],[3.674393,44.343566],[3.674834,44.343628],[3.67524,44.3438],[3.675428,44.343804],[3.675702,44.343634],[3.675929,44.343561],[3.676313,44.343647],[3.677102,44.34349],[3.677998,44.343643],[3.678109,44.343797],[3.67833,44.343923],[3.678846,44.343859],[3.67965,44.34382],[3.680412,44.343908],[3.681415,44.343846],[3.68237,44.343547],[3.6834,44.343133],[3.683866,44.343175],[3.684682,44.343091],[3.684859,44.342956],[3.685545,44.342887],[3.686382,44.343261],[3.687251,44.34344],[3.687701,44.343426],[3.688153,44.343256],[3.688571,44.34288],[3.688732,44.342557],[3.688653,44.342347],[3.688866,44.342086],[3.689148,44.341874],[3.689644,44.341944],[3.690014,44.341863],[3.690668,44.34138],[3.690915,44.34108],[3.691068,44.340312],[3.691463,44.340069],[3.692074,44.339872],[3.692487,44.339668],[3.692873,44.339645],[3.693544,44.340275],[3.694198,44.341199],[3.69418,44.342191],[3.694579,44.342742],[3.694912,44.342864],[3.695356,44.34295],[3.695486,44.343259],[3.69606,44.343601],[3.696355,44.34357],[3.69702,44.343582],[3.697583,44.343235],[3.698173,44.343313],[3.698726,44.343125],[3.698678,44.342999],[3.698828,44.342841],[3.699402,44.342565],[3.699831,44.342051],[3.700802,44.34144],[3.701252,44.341284],[3.701837,44.341011],[3.702165,44.340799],[3.702658,44.340777],[3.70343,44.340555],[3.70387,44.34029],[3.703876,44.340067],[3.703807,44.339678],[3.704003,44.339456],[3.704536,44.339277],[3.704831,44.339039],[3.704852,44.338771],[3.704938,44.338634],[3.705694,44.338571],[3.705807,44.338172],[3.706038,44.338088],[3.706123,44.337961],[3.706407,44.337931],[3.706528,44.338005],[3.707088,44.338035],[3.707411,44.337831],[3.707861,44.338207],[3.707829,44.338395],[3.70806,44.338583],[3.70858,44.338563],[3.7098,44.338056],[3.710528,44.337615],[3.710966,44.337594],[3.711477,44.337762],[3.711815,44.337723],[3.712124,44.3374],[3.712502,44.336806],[3.712555,44.336553],[3.712963,44.336112],[3.713371,44.335467],[3.713336,44.335243],[3.71387,44.334953],[3.714174,44.334526],[3.714154,44.334865],[3.714014,44.335057],[3.713719,44.335271],[3.713807,44.335407],[3.71405,44.335535],[3.714063,44.335778],[3.714261,44.335801],[3.714674,44.335298],[3.714739,44.334892],[3.71496,44.334555],[3.715361,44.334308],[3.715812,44.334266],[3.715962,44.33414],[3.716065,44.333878],[3.716694,44.333666],[3.717206,44.333468],[3.718215,44.333257],[3.718724,44.332977],[3.719481,44.332766],[3.720355,44.332808],[3.720699,44.332988],[3.720994,44.333188],[3.721202,44.333284],[3.721384,44.333193],[3.721433,44.332962],[3.721621,44.332881],[3.721868,44.333034],[3.722726,44.33313],[3.723665,44.333107],[3.72359,44.333882],[3.723665,44.334059],[3.725167,44.334316],[3.725639,44.334374],[3.72609,44.334527],[3.726827,44.334475],[3.727785,44.334834],[3.72808,44.335118],[3.728064,44.335306],[3.72786,44.335632],[3.727648,44.335923],[3.727704,44.336104],[3.7283,44.336657],[3.728976,44.337597],[3.729469,44.337758],[3.730102,44.337796],[3.730835,44.338368],[3.731251,44.33848],[3.731862,44.338494],[3.732253,44.338671],[3.733718,44.339772],[3.734329,44.339949],[3.734775,44.339991],[3.735161,44.339975],[3.735392,44.340083],[3.735569,44.340282],[3.735554,44.340477],[3.735451,44.341042],[3.73574,44.341721],[3.735751,44.341813],[3.736212,44.341944],[3.736851,44.341997],[3.737412,44.342419],[3.737747,44.341986],[3.738621,44.341947],[3.739737,44.341495],[3.740359,44.340958],[3.741191,44.340559],[3.741636,44.340459],[3.742446,44.340409],[3.742167,44.340336],[3.741818,44.340179],[3.741748,44.340048],[3.741781,44.339922],[3.741315,44.339629],[3.741405,44.339534],[3.742156,44.339235],[3.742628,44.339212],[3.743041,44.338901],[3.743054,44.338579],[3.743162,44.338327],[3.743143,44.33813],[3.743867,44.338046],[3.744344,44.337861],[3.744672,44.337497],[3.744649,44.337972],[3.744447,44.338295],[3.74436,44.338812],[3.744184,44.339209],[3.74426,44.33938],[3.744677,44.339546],[3.745557,44.339543],[3.746572,44.33932],[3.747188,44.339373],[3.747762,44.339289],[3.74796,44.339235],[3.749012,44.339143],[3.749318,44.339004],[3.749621,44.338488],[3.749515,44.33805],[3.749851,44.337306],[3.749918,44.336925],[3.750514,44.336031],[3.751678,44.334454],[3.752949,44.333364],[3.753333,44.332924],[3.753497,44.332539],[3.753524,44.332195],[3.753706,44.331968],[3.753743,44.33173],[3.753945,44.331465],[3.754323,44.33102],[3.754376,44.330675],[3.754162,44.329892],[3.753894,44.32952],[3.753561,44.329351],[3.752934,44.329139],[3.752665,44.328936],[3.752429,44.328526],[3.752177,44.327428],[3.751968,44.327219],[3.751303,44.326987],[3.750562,44.326523],[3.74913,44.32526],[3.747762,44.323936],[3.747304,44.323298],[3.747231,44.322908],[3.74736,44.322443],[3.747655,44.321867],[3.747928,44.321541],[3.748057,44.32151],[3.7494,44.320372],[3.749307,44.319803],[3.747982,44.318924],[3.746983,44.318038],[3.746684,44.317534],[3.745943,44.316836],[3.746276,44.316836],[3.747317,44.317158],[3.748497,44.31778],[3.749071,44.317995],[3.74935,44.317999],[3.749495,44.317949],[3.750031,44.317956],[3.750948,44.317876],[3.752193,44.318014],[3.752944,44.317891],[3.753926,44.317914],[3.754934,44.31811],[3.755637,44.318095],[3.756071,44.318179],[3.75642,44.317956],[3.757048,44.317724],[3.757806,44.317522],[3.758421,44.317435],[3.759274,44.317181],[3.759853,44.317058],[3.760498,44.317014],[3.762611,44.317269],[3.76319,44.317381],[3.763786,44.317811],[3.764005,44.318317],[3.764075,44.318609],[3.764515,44.318759],[3.765057,44.319085],[3.765819,44.319058],[3.766816,44.318862],[3.767573,44.318636],[3.768265,44.318367],[3.769579,44.318091],[3.770555,44.317695],[3.771559,44.3173],[3.772487,44.316997],[3.772712,44.316655],[3.773248,44.315811],[3.773699,44.315531],[3.774643,44.315156],[3.775802,44.314986],[3.776794,44.31494],[3.777352,44.314928],[3.777835,44.315016],[3.778731,44.314813],[3.779133,44.314794],[3.779493,44.314598],[3.78019,44.313965],[3.780736,44.312949],[3.780995,44.312855],[3.781282,44.312989],[3.781971,44.31365],[3.782578,44.31397],[3.783355,44.314187],[3.783736,44.31454],[3.783851,44.314968],[3.783757,44.315128],[3.783789,44.31522],[3.78431,44.315285],[3.78498,44.315535],[3.786273,44.317058],[3.787984,44.31798],[3.78844,44.317926],[3.789449,44.317573],[3.791385,44.31725],[3.79336,44.317749],[3.795248,44.318187],[3.796122,44.318544],[3.79867,44.319008],[3.79903,44.318974],[3.799303,44.318751],[3.799706,44.318336],[3.800923,44.317546],[3.801717,44.317235],[3.80256,44.316974],[3.803423,44.316916],[3.803847,44.316951],[3.804614,44.31725],[3.806266,44.317404],[3.806759,44.31721],[3.807286,44.317127],[3.808133,44.316548],[3.809104,44.315661],[3.810005,44.315297],[3.810751,44.314709],[3.811121,44.314203],[3.811153,44.314003],[3.81184,44.313623],[3.812457,44.313139],[3.812709,44.313101],[3.814072,44.312291],[3.814183,44.312162],[3.814546,44.311956],[3.814721,44.312076],[3.814849,44.312449],[3.815488,44.313255],[3.815665,44.313308],[3.816013,44.312568],[3.816271,44.311554],[3.815987,44.310303],[3.815692,44.309094],[3.81538,44.308268],[3.815225,44.308165],[3.815171,44.307969],[3.815456,44.307151],[3.815673,44.305889],[3.815853,44.305593],[3.815828,44.305461],[3.815735,44.305178],[3.815735,44.304587],[3.815874,44.304295],[3.816051,44.304193],[3.815901,44.303543],[3.815676,44.30325],[3.815374,44.302489],[3.815026,44.302084],[3.81419,44.301738],[3.813533,44.300952],[3.812973,44.300497],[3.812654,44.300404],[3.812006,44.300406],[3.811556,44.300365],[3.81112,44.30048],[3.80963,44.299961],[3.809388,44.299988],[3.809168,44.299435],[3.809608,44.299247],[3.809726,44.299097],[3.810762,44.298774],[3.81096,44.298652],[3.811057,44.298521],[3.81124,44.298661],[3.811336,44.298529],[3.81145,44.298588],[3.811523,44.298429],[3.811703,44.298235],[3.811824,44.297715],[3.811922,44.297549],[3.81191,44.297169],[3.812071,44.296716],[3.812773,44.296041],[3.813841,44.295803],[3.814211,44.295522],[3.814392,44.295175],[3.814683,44.295177],[3.815338,44.294628],[3.815343,44.294486],[3.815761,44.294232],[3.816271,44.294182],[3.816003,44.29404],[3.816137,44.29399],[3.816893,44.293956],[3.817532,44.293675],[3.817898,44.293426],[3.818041,44.293128],[3.81914,44.291823],[3.819915,44.290911],[3.820083,44.290511],[3.820079,44.290288],[3.820595,44.290177],[3.821163,44.289758],[3.821549,44.28971],[3.821465,44.288942],[3.821628,44.288442],[3.822384,44.288143],[3.823504,44.287814],[3.824526,44.287449],[3.825101,44.287244],[3.825594,44.286902],[3.826156,44.286993],[3.826894,44.287049],[3.827542,44.287236],[3.827992,44.287324],[3.829006,44.286791],[3.829827,44.286042],[3.830057,44.285335],[3.829972,44.284655],[3.830771,44.284187],[3.831313,44.283653],[3.831377,44.283292],[3.831876,44.282812],[3.832332,44.282181],[3.832518,44.281995],[3.832745,44.281967],[3.832745,44.281756],[3.833583,44.281205],[3.834,44.281103],[3.834472,44.28113],[3.834167,44.280969],[3.833469,44.280853],[3.832498,44.280861],[3.832063,44.281064],[3.830708,44.281991],[3.830535,44.282236],[3.830514,44.281946],[3.831898,44.279932],[3.831032,44.280472],[3.830503,44.280984],[3.830186,44.281168],[3.829854,44.281495],[3.829398,44.281752],[3.829301,44.282144],[3.829317,44.282612],[3.828915,44.283023],[3.828663,44.283161],[3.828346,44.283261],[3.828148,44.283411],[3.827883,44.283406],[3.827445,44.283211],[3.826769,44.283112],[3.826181,44.283186],[3.8259,44.283364],[3.825739,44.283549],[3.825587,44.283563],[3.825392,44.283486],[3.825315,44.283361],[3.824747,44.283188],[3.824275,44.283246],[3.823979,44.283354],[3.823652,44.28363],[3.823491,44.283834],[3.823373,44.283868],[3.823036,44.28368],[3.821995,44.283618],[3.821807,44.283511],[3.821255,44.283442],[3.820359,44.283373],[3.819624,44.283761],[3.819243,44.284094],[3.819293,44.284371],[3.819221,44.284559],[3.818808,44.28468],[3.818663,44.285082],[3.818401,44.285132],[3.817885,44.28543],[3.817771,44.285696],[3.817781,44.285919],[3.817355,44.286249],[3.816963,44.286529],[3.816722,44.286998],[3.816185,44.287751],[3.816158,44.288161],[3.815912,44.288457],[3.81538,44.288292],[3.815144,44.288353],[3.814946,44.288492],[3.814356,44.288695],[3.81354,44.289463],[3.813503,44.289617],[3.813315,44.289878],[3.813154,44.290212],[3.812537,44.290377],[3.812285,44.290727],[3.811797,44.290496],[3.811452,44.290492],[3.811304,44.290547],[3.811159,44.290677],[3.810247,44.291022],[3.809826,44.291368],[3.809801,44.29184],[3.809523,44.292155],[3.809402,44.292126],[3.809303,44.291951],[3.809008,44.291848],[3.808739,44.29161],[3.808535,44.29131],[3.808133,44.290972],[3.807881,44.290719],[3.808037,44.290515],[3.807908,44.290343],[3.807624,44.290212],[3.807187,44.290205],[3.806833,44.290012],[3.806867,44.289755],[3.806663,44.289853],[3.806517,44.289716],[3.806449,44.289279],[3.806258,44.289326],[3.806135,44.289179],[3.806135,44.288973],[3.805727,44.288669],[3.805684,44.288799],[3.805522,44.288863],[3.805521,44.288668],[3.805346,44.288524],[3.804984,44.288458],[3.804228,44.28875],[3.802956,44.288745],[3.802867,44.288841],[3.802228,44.288795],[3.800773,44.288799],[3.798348,44.288653],[3.797436,44.288423],[3.795232,44.287355],[3.79484,44.287067],[3.794513,44.286695],[3.79432,44.286675],[3.794014,44.286767],[3.793896,44.286641],[3.793735,44.2858],[3.793765,44.285405],[3.793531,44.285335],[3.793349,44.285485],[3.792988,44.285678],[3.792485,44.285811],[3.792018,44.286007],[3.791793,44.28598],[3.790157,44.285059],[3.790034,44.28492],[3.789969,44.284648],[3.790004,44.284364],[3.789771,44.284314],[3.789374,44.284244],[3.789234,44.284083],[3.788983,44.283604],[3.788716,44.283295],[3.788376,44.282797],[3.788161,44.282401],[3.787974,44.28224],[3.78763,44.282025],[3.787518,44.281829],[3.787705,44.281456],[3.787765,44.281205],[3.787936,44.280688],[3.788253,44.280585],[3.788303,44.280429],[3.788317,44.280339],[3.788107,44.280178],[3.787857,44.280127],[3.787502,44.279325],[3.787207,44.279114],[3.786981,44.278726],[3.787475,44.278564],[3.787673,44.278411],[3.787727,44.277984],[3.787823,44.27775],[3.787807,44.277477],[3.788537,44.277205],[3.788859,44.276748],[3.789578,44.276133],[3.789588,44.275972],[3.789728,44.275857],[3.789647,44.275584],[3.789867,44.275177],[3.790261,44.275156],[3.790898,44.275251],[3.791037,44.275338],[3.791391,44.275365],[3.791756,44.274724],[3.791906,44.274397],[3.792936,44.273575],[3.793268,44.273448],[3.793392,44.27316],[3.793934,44.272888],[3.794545,44.272242],[3.795178,44.271413],[3.795634,44.270448],[3.796149,44.269842],[3.796525,44.269811],[3.79719,44.269396],[3.79786,44.269181],[3.798332,44.268793],[3.798939,44.268566],[3.799567,44.268509],[3.799958,44.26827],[3.800553,44.267894],[3.801396,44.267823],[3.80194,44.267335],[3.802287,44.266855],[3.802367,44.266623],[3.80234,44.26653],[3.804501,44.2659],[3.805397,44.26577],[3.806293,44.2658],[3.80742,44.265804],[3.808407,44.265593],[3.809877,44.265443],[3.810638,44.26552],[3.811314,44.265409],[3.811738,44.265482],[3.812092,44.265401],[3.812237,44.265497],[3.812571,44.265372],[3.813557,44.265282],[3.813841,44.265458],[3.81427,44.265528],[3.814877,44.265494],[3.815959,44.26559],[3.817543,44.265494],[3.818009,44.265459],[3.818755,44.265167],[3.818875,44.265033],[3.819677,44.264967],[3.820445,44.264752],[3.820726,44.264532],[3.821344,44.264245],[3.821616,44.263861],[3.821898,44.263507],[3.822113,44.263434],[3.822566,44.262921],[3.822601,44.262719],[3.822799,44.262378],[3.823422,44.261832],[3.823655,44.261359],[3.823449,44.260975],[3.82355,44.260591],[3.823529,44.260338],[3.823631,44.260126],[3.823808,44.259976],[3.823862,44.259757],[3.823797,44.259485],[3.824023,44.259193],[3.824103,44.258981],[3.824263,44.258777],[3.824441,44.258724],[3.824221,44.258477],[3.824705,44.257999],[3.824854,44.258055],[3.825224,44.25756],[3.825943,44.25668],[3.826083,44.25643],[3.82649,44.256008],[3.82649,44.256008],[3.826568,44.25563],[3.826568,44.254616],[3.826745,44.254044],[3.82711,44.253778],[3.827754,44.253598],[3.828927,44.252728],[3.829506,44.252581],[3.830468,44.252019],[3.831495,44.251651],[3.833774,44.249972],[3.834158,44.249493],[3.834289,44.249356],[3.834379,44.249084],[3.83414,44.2488],[3.83406,44.24852],[3.83314,44.24775],[3.83278,44.24753],[3.8323,44.2475],[3.83128,44.24734],[3.82872,44.24661],[3.82787,44.24591],[3.82767,44.24557],[3.82749,44.24522],[3.82738,44.24491],[3.82738,44.24446],[3.8273,44.24402],[3.82673,44.24355],[3.82657,44.24336],[3.82641,44.24295],[3.82626,44.24277],[3.82624,44.24226],[3.82632,44.2422],[3.82603,44.24216],[3.82585,44.24218],[3.82556,44.24232],[3.82552,44.24218],[3.8257,44.24196],[3.8256,44.2419],[3.82532,44.24192],[3.82515,44.24202],[3.82501,44.2419],[3.82475,44.24179],[3.82405,44.24134],[3.82381,44.24124],[3.82367,44.24107],[3.82364,44.24095],[3.8237,44.24085],[3.82351,44.24072],[3.82346,44.2406],[3.82337,44.24051],[3.8233,44.2402],[3.82324,44.24005],[3.82326,44.23997],[3.82334,44.23993],[3.8233,44.23983],[3.82296,44.23988],[3.82254,44.24023],[3.82252,44.24008],[3.82263,44.23971],[3.822497,44.239418],[3.82204,44.23917],[3.821802,44.239054],[3.821594,44.239239],[3.8214,44.2392],[3.821404,44.23944],[3.82127,44.23966],[3.82108,44.23929],[3.82108,44.23908],[3.820737,44.239086],[3.820782,44.238537],[3.820244,44.238141],[3.8199,44.2376],[3.819675,44.237027],[3.81971,44.236813],[3.81928,44.23631],[3.81925,44.236787],[3.818962,44.237037],[3.818969,44.236689],[3.81878,44.236331],[3.81788,44.23582],[3.817467,44.235684],[3.816996,44.235042],[3.817007,44.23477],[3.816835,44.234547],[3.816869,44.234069],[3.816777,44.233682],[3.817053,44.233122],[3.817398,44.23285],[3.817295,44.232347],[3.817391,44.231558],[3.817179,44.230955],[3.816982,44.230313],[3.817543,44.230824],[3.818203,44.231259],[3.818628,44.23145],[3.81889,44.23168],[3.818954,44.231471],[3.818711,44.231042],[3.818605,44.230748],[3.818135,44.230308],[3.81762,44.22978],[3.817331,44.229634],[3.816944,44.229574],[3.816473,44.229949],[3.816071,44.230069],[3.815608,44.230074],[3.815002,44.230275],[3.81441,44.230308],[3.81375,44.230504],[3.813181,44.230868],[3.812968,44.230748],[3.813029,44.230232],[3.81337,44.22993],[3.81447,44.229726],[3.814539,44.229422],[3.814683,44.229188],[3.814774,44.228645],[3.815138,44.228106],[3.815039,44.22797],[3.814402,44.228362],[3.814152,44.228732],[3.813892,44.228976],[3.813516,44.229141],[3.813152,44.22928],[3.813248,44.228991],[3.813339,44.227865],[3.812889,44.227204],[3.812867,44.226612],[3.812664,44.226212],[3.81261,44.225682],[3.81243,44.22538],[3.812031,44.22519],[3.811516,44.225182],[3.810925,44.22499],[3.810443,44.224997],[3.81025,44.224475],[3.80996,44.22429],[3.809531,44.224144],[3.809252,44.223598],[3.808951,44.223245],[3.808769,44.222783],[3.808404,44.222299],[3.807878,44.222114],[3.807921,44.221807],[3.807331,44.221245],[3.806677,44.221153],[3.80658,44.220961],[3.806666,44.220676],[3.806891,44.220607],[3.807331,44.220561],[3.807943,44.220284],[3.8087,44.22031],[3.809209,44.219877],[3.809381,44.219369],[3.809434,44.218785],[3.809278,44.218543],[3.809065,44.218477],[3.808924,44.218355],[3.808959,44.218203],[3.808386,44.217589],[3.808336,44.217057],[3.807614,44.215981],[3.807359,44.2159],[3.806906,44.216093],[3.80668,44.216072],[3.806581,44.215895],[3.8068,44.215519],[3.807019,44.215276],[3.80707,44.21512],[3.807005,44.214824],[3.807253,44.214373],[3.807324,44.214231],[3.807834,44.213982],[3.807961,44.213855],[3.807876,44.213434],[3.807869,44.213033],[3.807777,44.212623],[3.807756,44.212318],[3.80748,44.211811],[3.807614,44.211491],[3.80784,44.21135],[3.80835,44.211177],[3.808895,44.21074],[3.80908,44.21042],[3.8092,44.209802],[3.808909,44.209457],[3.808662,44.209284],[3.80864,44.20898],[3.809355,44.208361],[3.810205,44.207894],[3.811351,44.207478],[3.812095,44.207194],[3.812696,44.207163],[3.812923,44.207052],[3.81299,44.20669],[3.813043,44.206427],[3.8146,44.206199],[3.814912,44.206093],[3.81558,44.206],[3.816136,44.205768],[3.816689,44.205463],[3.817007,44.205194],[3.81711,44.20497],[3.817375,44.204753],[3.817835,44.20456],[3.818281,44.204479],[3.818805,44.204281],[3.819485,44.204241],[3.820001,44.203941],[3.820907,44.203946],[3.82125,44.20388],[3.821523,44.203667],[3.821686,44.203383],[3.821884,44.203221],[3.823194,44.202835],[3.823576,44.202556],[3.823916,44.202429],[3.8249,44.202439],[3.826025,44.202632],[3.826733,44.202409],[3.82725,44.202211],[3.827787,44.202317],[3.827894,44.202322],[3.827915,44.202185],[3.827816,44.201982],[3.828049,44.201678],[3.82817,44.201734],[3.828106,44.201982],[3.828205,44.201982],[3.828368,44.201724],[3.82887,44.201439],[3.829076,44.201089],[3.829231,44.200617],[3.829564,44.200399],[3.83013,44.200551],[3.83086,44.20044],[3.831497,44.20014],[3.831992,44.199755],[3.831992,44.199526],[3.831815,44.199217],[3.831773,44.198938],[3.83185,44.198765],[3.832197,44.198775],[3.832672,44.198648],[3.833252,44.198395],[3.833351,44.198232],[3.83324,44.19799],[3.832813,44.197568],[3.832438,44.197268],[3.832466,44.197009],[3.832636,44.196918],[3.833245,44.196979],[3.83339,44.19688],[3.833585,44.196527],[3.833436,44.196365],[3.83345,44.196279],[3.83367,44.196126],[3.833953,44.19569],[3.83437,44.195644],[3.83476,44.195421],[3.834972,44.195162],[3.835114,44.194929],[3.83534,44.194888],[3.835652,44.19503],[3.836006,44.195355],[3.836253,44.195431],[3.836543,44.19539],[3.836897,44.195172],[3.837669,44.194913],[3.838327,44.194802],[3.83872,44.1947],[3.839162,44.194558],[3.839276,44.194426],[3.839262,44.19432],[3.839361,44.194127],[3.83938,44.19388],[3.839311,44.193721],[3.83908,44.19354],[3.839113,44.193396],[3.839509,44.193178],[3.839615,44.192944],[3.839693,44.192396],[3.839729,44.192193],[3.839431,44.19201],[3.839304,44.191762],[3.838915,44.191696],[3.83865,44.19151],[3.837867,44.190899],[3.837577,44.190858],[3.837258,44.191071],[3.836989,44.19131],[3.836841,44.191269],[3.836848,44.191082],[3.836954,44.190747],[3.83694,44.190467],[3.83692,44.190454],[3.83632,44.189977],[3.835665,44.189708],[3.835193,44.189269],[3.834539,44.189046],[3.833981,44.188916],[3.833273,44.188454],[3.833423,44.187854],[3.834045,44.187238],[3.834002,44.186938],[3.833606,44.186785],[3.832501,44.187038],[3.832264,44.186577],[3.832715,44.186138],[3.833541,44.1858],[3.834668,44.184977],[3.835161,44.183992],[3.835118,44.183607],[3.835211,44.18284],[3.835183,44.181176],[3.83529,44.181014],[3.835676,44.181049],[3.836427,44.180784],[3.836524,44.180522],[3.836535,44.17956],[3.837382,44.17869],[3.837832,44.178513],[3.838069,44.178136],[3.838101,44.177706],[3.838455,44.177206],[3.838562,44.176875],[3.839179,44.17634],[3.839656,44.176244],[3.840279,44.175974],[3.842199,44.175497],[3.842714,44.175036],[3.842671,44.174428],[3.842167,44.173497],[3.842188,44.172758],[3.841449,44.172227],[3.841255,44.171973],[3.840837,44.172342],[3.839753,44.171511],[3.839099,44.171242],[3.838831,44.170419],[3.839699,44.169272],[3.841652,44.168041],[3.842199,44.167756],[3.842317,44.167479],[3.841985,44.163261],[3.841491,44.16333],[3.841116,44.163238],[3.841663,44.163108],[3.842328,44.1628],[3.841899,44.162838],[3.841084,44.162692],[3.841095,44.161745],[3.841255,44.160498],[3.841684,44.159867],[3.841534,44.15949],[3.841169,44.159197],[3.841105,44.15872],[3.840698,44.15852],[3.840494,44.15812],[3.840633,44.156842],[3.841212,44.156781],[3.84132,44.15655],[3.84147,44.15675],[3.842181,44.156757],[3.842649,44.156872],[3.842329,44.156563],[3.841885,44.156351],[3.841947,44.15628],[3.842304,44.156395],[3.842539,44.156359],[3.841996,44.156085],[3.841935,44.155855],[3.841663,44.155378],[3.841528,44.155316],[3.840998,44.154573],[3.840604,44.154538],[3.840234,44.154096],[3.839741,44.15414],[3.839445,44.154096],[3.839359,44.153919],[3.839026,44.153981],[3.838336,44.153972],[3.838398,44.15376],[3.838533,44.153424],[3.838903,44.152999],[3.838891,44.152628],[3.838706,44.152327],[3.838792,44.152301],[3.839186,44.152646],[3.83931,44.152973],[3.83979,44.15307],[3.839537,44.15285],[3.839238,44.151764],[3.839217,44.151723],[3.838584,44.150931],[3.838262,44.150038],[3.837951,44.149591],[3.837296,44.148167],[3.837468,44.147666],[3.836567,44.146458],[3.835162,44.145711],[3.835118,44.145565],[3.833959,44.144849],[3.834131,44.144826],[3.834582,44.144906],[3.835408,44.144872],[3.835483,44.144671],[3.835,44.144233],[3.835075,44.14364],[3.834957,44.143382],[3.834539,44.143078],[3.834496,44.142701],[3.834206,44.142239],[3.834577,44.141334],[3.834292,44.140514],[3.8341,44.139459],[3.833928,44.13909],[3.834131,44.138597],[3.83411,44.138135],[3.833885,44.137711],[3.833982,44.137411],[3.835301,44.136248],[3.83616,44.135902],[3.837329,44.135686],[3.838036,44.13544],[3.838691,44.135132],[3.839668,44.135008],[3.839903,44.134824],[3.839807,44.134747],[3.841046,44.134093],[3.840582,44.133889],[3.840548,44.133754],[3.840451,44.133588],[3.841352,44.132868],[3.841469,44.13256],[3.843218,44.131236],[3.843455,44.130896],[3.84427,44.130642],[3.845021,44.130196],[3.845536,44.129996],[3.846383,44.128971],[3.847081,44.127446],[3.847183,44.126453],[3.847706,44.125532],[3.847908,44.124705],[3.847735,44.123065],[3.847912,44.122306],[3.847853,44.122071],[3.848049,44.121698],[3.848116,44.120939],[3.848615,44.120146],[3.849184,44.118898],[3.848444,44.11899],[3.846899,44.11956],[3.845429,44.120308],[3.845053,44.121393],[3.844753,44.120238],[3.84545,44.119221],[3.845879,44.119098],[3.846233,44.118559],[3.846984,44.118174],[3.84752,44.117442],[3.847832,44.117219],[3.848454,44.116464],[3.849549,44.115586],[3.850365,44.115455],[3.850987,44.115139],[3.851877,44.115055],[3.853282,44.114723],[3.854377,44.114068],[3.855728,44.113675],[3.857649,44.112744],[3.860664,44.112374],[3.861919,44.112004],[3.86297,44.112243],[3.864869,44.113021],[3.86766,44.113815],[3.869642,44.114099],[3.871737,44.113937],[3.872615,44.113307],[3.873259,44.112366],[3.871833,44.112066],[3.872047,44.111565],[3.871843,44.110694],[3.871832,44.110024],[3.87224,44.109747],[3.872154,44.109054],[3.872852,44.107768],[3.873501,44.10707],[3.874536,44.106573],[3.875792,44.106188],[3.877036,44.105726],[3.878281,44.105032],[3.878624,44.105117],[3.880373,44.104362],[3.879965,44.103869],[3.883205,44.102421],[3.884782,44.10534],[3.885629,44.106296],[3.886456,44.106773],[3.887614,44.107212],[3.887829,44.107497],[3.887856,44.10769],[3.888827,44.107929],[3.890136,44.108022],[3.891413,44.108476],[3.891879,44.108557],[3.892249,44.108753],[3.89269,44.108723],[3.893022,44.108611],[3.893826,44.108838],[3.89491,44.108953],[3.896101,44.109523],[3.89652,44.109655],[3.897201,44.110101],[3.89698,44.110363],[3.896959,44.110579],[3.897421,44.111064],[3.897389,44.110571],[3.897581,44.110848],[3.897796,44.111122],[3.897732,44.111365],[3.897785,44.111704],[3.897994,44.111796],[3.898386,44.111757],[3.898826,44.112744],[3.899609,44.113144],[3.899604,44.113425],[3.899717,44.113575],[3.900768,44.113182],[3.901165,44.113614],[3.90168,44.113899],[3.901498,44.114369],[3.901895,44.114769],[3.902656,44.115178],[3.903643,44.115385],[3.904502,44.114977],[3.905843,44.115293],[3.906337,44.115023],[3.907312,44.115392],[3.907946,44.115497],[3.908369,44.115789],[3.909491,44.116127],[3.909963,44.116057],[3.910337,44.11587],[3.911247,44.115894],[3.911638,44.115847],[3.912353,44.116197],[3.912971,44.116337],[3.913426,44.116501],[3.914646,44.116699],[3.915784,44.117073],[3.917313,44.11782],[3.918077,44.117668],[3.91863,44.117575],[3.919053,44.117423],[3.919394,44.117388],[3.919638,44.117446],[3.919964,44.117365],[3.921395,44.117423],[3.922224,44.117166],[3.922631,44.116933],[3.922891,44.116641],[3.923379,44.116302],[3.924371,44.116547],[3.924777,44.116536],[3.925623,44.116162],[3.926224,44.115812],[3.926729,44.116127],[3.927623,44.116092],[3.928192,44.116139],[3.928647,44.116127],[3.929184,44.116291],[3.930859,44.116337],[3.932274,44.116244],[3.932973,44.11594],[3.932973,44.115438],[3.933103,44.115368],[3.933933,44.115427],[3.934681,44.115018],[3.935819,44.114364],[3.936225,44.113897],[3.936648,44.113325],[3.937185,44.113103],[3.937722,44.112496],[3.938128,44.111761],[3.939494,44.111761],[3.940063,44.11141],[3.940876,44.111294],[3.940909,44.111515],[3.941429,44.111632],[3.941755,44.111562],[3.942112,44.111562],[3.94247,44.11141],[3.942795,44.111153],[3.943391,44.111164],[3.943692,44.111021],[3.943852,44.110733],[3.944352,44.110331],[3.944753,44.11023],[3.945494,44.109554],[3.946575,44.109138],[3.947756,44.107686],[3.948577,44.106219],[3.948677,44.104537],[3.948116,44.103272],[3.947836,44.102496],[3.948176,44.102467],[3.948096,44.101705],[3.948317,44.101619],[3.948237,44.101058],[3.948597,44.100382],[3.949638,44.099103],[3.950159,44.099002],[3.950439,44.099045],[3.95196,44.098772],[3.952721,44.098973],[3.953202,44.098485],[3.953542,44.098355],[3.954523,44.098168],[3.954743,44.097996],[3.955544,44.097996],[3.955744,44.097866],[3.955864,44.097536],[3.956585,44.096903],[3.957046,44.0964],[3.957106,44.096127],[3.957506,44.095724],[3.957386,44.095566],[3.956905,44.095451],[3.956865,44.094804],[3.957226,44.0942],[3.957206,44.093912],[3.956905,44.094114],[3.956365,44.094301],[3.956305,44.094157],[3.956865,44.093912],[3.956745,44.093639],[3.955764,44.094157],[3.954663,44.094272],[3.953522,44.094315],[3.95196,44.093941],[3.950439,44.093955],[3.949017,44.094545],[3.948076,44.095293],[3.947476,44.096069],[3.947115,44.097133],[3.947075,44.097866],[3.946875,44.09801],[3.946194,44.098154],[3.946274,44.097493],[3.946234,44.096903],[3.945974,44.096644],[3.944913,44.096831],[3.944573,44.096759],[3.944533,44.095983],[3.944513,44.095523],[3.944152,44.094257],[3.944633,44.092877],[3.945253,44.092244],[3.945394,44.091684],[3.944092,44.091583],[3.943031,44.09164],[3.942491,44.091971],[3.94181,44.092029],[3.94153,44.091755],[3.94155,44.091382],[3.942431,44.091252],[3.943371,44.090864],[3.944232,44.090087],[3.944373,44.089742],[3.944753,44.089412],[3.945273,44.089253],[3.945614,44.088908],[3.945774,44.088563],[3.946395,44.088434],[3.946795,44.088218],[3.946915,44.088347],[3.947195,44.088002],[3.947075,44.08783],[3.947135,44.087557],[3.946955,44.087183],[3.947356,44.086823],[3.947396,44.086147],[3.947656,44.085486],[3.948156,44.084839],[3.948557,44.084695],[3.948637,44.084465],[3.949037,44.084048],[3.949638,44.082854],[3.949398,44.08225],[3.949758,44.081718],[3.949858,44.081387],[3.949878,44.081128],[3.950639,44.081315],[3.95114,44.080869],[3.95114,44.080467],[3.950919,44.079862],[3.95116,44.079287],[3.95116,44.078726],[3.95164,44.078367],[3.952161,44.07841],[3.952461,44.078496],[3.953842,44.078683],[3.954603,44.07828],[3.954863,44.078309],[3.955064,44.078122],[3.955204,44.077676],[3.955824,44.077302],[3.956025,44.076986],[3.955864,44.076612],[3.955884,44.076367],[3.955804,44.076037],[3.956205,44.07526],[3.956705,44.075059],[3.957246,44.074498],[3.957046,44.074253],[3.956605,44.074167],[3.956785,44.074023],[3.958287,44.073937],[3.958888,44.074023],[3.959168,44.074023],[3.959829,44.074296],[3.960469,44.074311],[3.96087,44.074469],[3.96135,44.074987],[3.962111,44.075246],[3.962471,44.074785],[3.963933,44.074656],[3.964674,44.073951],[3.966575,44.073505],[3.967837,44.073361],[3.968317,44.073074],[3.968738,44.072124],[3.969018,44.071103],[3.969458,44.071089],[3.969939,44.070815],[3.970399,44.070254],[3.97082,44.069564],[3.971521,44.068873],[3.972261,44.06791],[3.972782,44.067176],[3.975965,44.065277],[3.976286,44.064702],[3.976806,44.064284],[3.977126,44.064097],[3.977827,44.062515],[3.978728,44.061709],[3.97889,44.060984],[3.979282,44.060622],[3.979375,44.060407],[3.980123,44.059924],[3.980851,44.060004],[3.981038,44.059937],[3.982009,44.060085],[3.983186,44.059762],[3.983859,44.059736],[3.984755,44.059413],[3.985091,44.059118],[3.985857,44.058192],[3.986268,44.057507],[3.986903,44.05591],[3.987097,44.05536],[3.987175,44.054646],[3.987297,44.054508],[3.987332,44.054051],[3.987036,44.053819],[3.986251,44.053625],[3.985499,44.053493],[3.985369,44.053306],[3.985141,44.050782],[3.984816,44.050969],[3.984166,44.051027],[3.983759,44.051728],[3.98345,44.05167],[3.983401,44.051132],[3.983645,44.05077],[3.984946,44.047813],[3.984946,44.046983],[3.985174,44.046819],[3.985044,44.046632],[3.984751,44.046586],[3.984393,44.046071],[3.984296,44.046562],[3.983775,44.047392],[3.983287,44.047392],[3.982995,44.047684],[3.982604,44.047345],[3.981726,44.04724],[3.981466,44.047275],[3.98062,44.047217],[3.980718,44.046971],[3.980539,44.046317],[3.979596,44.046364],[3.979173,44.046328],[3.978555,44.046422],[3.978506,44.046188],[3.9781,44.045709],[3.978327,44.045066],[3.978864,44.044996],[3.979368,44.044563],[3.979417,44.044201],[3.979287,44.043979],[3.979417,44.04357],[3.979401,44.043196],[3.979482,44.042705],[3.979385,44.042354],[3.978913,44.041898],[3.979319,44.041723],[3.979596,44.041477],[3.978962,44.04122],[3.97875,44.040893],[3.979352,44.040729],[3.980165,44.040612],[3.980214,44.040098],[3.980718,44.040285],[3.981238,44.040659],[3.981873,44.040823],[3.982247,44.04115],[3.98306,44.041477],[3.983613,44.041559],[3.984263,44.041828],[3.984556,44.041805],[3.984588,44.040963],[3.984344,44.040203],[3.984523,44.040098],[3.984491,44.039689],[3.985109,44.039373],[3.985239,44.039186],[3.985223,44.039011],[3.985597,44.038625],[3.985092,44.038076],[3.984907,44.038027],[3.984368,44.037411],[3.984674,44.037152],[3.985657,44.036716],[3.986416,44.036491],[3.986683,44.036306],[3.986907,44.036236],[3.987314,44.035302],[3.988013,44.035275],[3.98847,44.035019],[3.988745,44.034577],[3.989814,44.034234],[3.990244,44.034185],[3.99033,44.03424],[3.98988,44.034458],[3.989515,44.034739],[3.989578,44.034837],[3.990145,44.034554],[3.99096,44.034509],[3.9914,44.034272],[3.991849,44.033807],[3.992111,44.033768],[3.992329,44.033804],[3.992546,44.033925],[3.992901,44.034215],[3.99317,44.03455],[3.993952,44.035158],[3.994563,44.035527],[3.996801,44.035819],[3.996655,44.035083],[3.996638,44.034627],[3.996638,44.034218],[3.996281,44.033832],[3.996004,44.033785],[3.995874,44.033528],[3.995272,44.033271],[3.99511,44.03306],[3.995159,44.032838],[3.994963,44.032698],[3.994898,44.032523],[3.994085,44.032242],[3.99337,44.031833],[3.993419,44.031494],[3.993305,44.031166],[3.993679,44.031038],[3.994215,44.031049],[3.9955,44.030816],[3.996134,44.030032],[3.99602,44.029693],[3.995679,44.029553],[3.994963,44.029109],[3.993581,44.028723],[3.992605,44.028536],[3.99189,44.028267],[3.992004,44.028068],[3.993484,44.027507],[3.994622,44.026525],[3.995159,44.02587],[3.995289,44.025297],[3.995256,44.02504],[3.994508,44.024888],[3.99389,44.024408],[3.993549,44.023964],[3.993451,44.02359],[3.993272,44.023484],[3.992638,44.022946],[3.992361,44.022561],[3.98802,44.020619],[3.987987,44.020011],[3.987385,44.019813],[3.98719,44.018842],[3.987971,44.018304],[3.98893,44.018105],[3.989272,44.018222],[3.989516,44.017708],[3.989386,44.016608],[3.99041,44.015685],[3.990995,44.015509],[3.99093,44.015158],[3.991207,44.014983],[3.991516,44.014351],[3.991744,44.014246],[3.991857,44.013895],[3.992166,44.013977],[3.992996,44.013825],[3.993451,44.014234],[3.993744,44.014258],[3.994785,44.014024],[3.995061,44.014036],[3.995646,44.014375],[3.996427,44.014468],[3.996801,44.014351],[3.996947,44.013884],[3.997273,44.013778],[3.998622,44.01365],[3.999061,44.013498],[4.000021,44.013299],[4.000492,44.013018],[4.000623,44.01255],[4.000769,44.012398],[4.001989,44.012796],[4.00233,44.012632],[4.002867,44.012609],[4.003338,44.012819],[4.00368,44.012585],[4.005029,44.012574],[4.005225,44.012924],[4.005696,44.013041],[4.007583,44.012983],[4.00794,44.013065],[4.009745,44.013077],[4.010363,44.013731],[4.011469,44.014223],[4.012819,44.014457],[4.013567,44.01448],[4.014965,44.014983],[4.015518,44.015299],[4.015779,44.015369],[4.015876,44.015708],[4.017242,44.015965],[4.018787,44.016129],[4.018478,44.016374],[4.021275,44.016351],[4.021779,44.016164],[4.022999,44.016129],[4.023227,44.015837],[4.023698,44.015661],[4.024511,44.015614],[4.025682,44.015416],[4.025926,44.016012],[4.027048,44.015977],[4.027731,44.016152],[4.028609,44.016234],[4.029569,44.01641],[4.030333,44.016363],[4.030414,44.016702],[4.030642,44.017076],[4.03191,44.016398],[4.032024,44.016176],[4.033049,44.015649],[4.033813,44.014983],[4.034854,44.013533],[4.036399,44.012106],[4.03674,44.012515],[4.037635,44.012726],[4.038318,44.012772],[4.039456,44.012597],[4.040155,44.01227],[4.040854,44.012164],[4.04209,44.01227],[4.043212,44.012293],[4.044822,44.012691],[4.045001,44.012819],[4.045765,44.014258],[4.046627,44.015217],[4.047522,44.01593],[4.047603,44.016328],[4.047571,44.01655],[4.047619,44.016725],[4.049359,44.016948],[4.050839,44.017298],[4.05136,44.017158],[4.050595,44.014386],[4.051701,44.014024],[4.051685,44.013591]]],"type":"MultiLineString"},"properties":{"geo_point":{"lon":3.8269066322485012,"lat":44.208375454384495},"name":"GR670 Chemin Urbain V. De Florac (Lozère) à Lézan (Gard) (2020)","code_gr":"GR670"}},{"type":"Feature","geometry":{"coordinates":[[[4.051701,44.014024],[4.051685,44.013591],[4.051538,44.013065],[4.051083,44.012761],[4.05123,44.01244],[4.05301,44.012563],[4.054706,44.012602],[4.055285,44.012401],[4.056015,44.012633],[4.057217,44.012447],[4.058161,44.012185],[4.058805,44.012092],[4.059727,44.011907],[4.061015,44.01183],[4.062409,44.011583],[4.062989,44.012802],[4.063332,44.013327],[4.063439,44.013913],[4.064384,44.013929],[4.064577,44.015256],[4.065607,44.015549],[4.06698,44.015935],[4.067409,44.016506],[4.067667,44.017123],[4.067795,44.01791],[4.068267,44.018728],[4.068482,44.02007],[4.069254,44.020132],[4.071894,44.019191],[4.073031,44.018605],[4.073031,44.019006],[4.073546,44.019947],[4.074104,44.019932],[4.074533,44.021366],[4.074576,44.021984],[4.075541,44.025316],[4.075713,44.025517],[4.077215,44.025903],[4.078631,44.026474],[4.080133,44.026304],[4.0817,44.026859],[4.082601,44.026952],[4.084747,44.027492],[4.085627,44.02797],[4.086721,44.028819],[4.087172,44.028942],[4.091356,44.029065],[4.092429,44.028988],[4.093416,44.029081],[4.096098,44.028695],[4.096613,44.029035],[4.097536,44.02905],[4.098115,44.029204],[4.099317,44.029467],[4.100668,44.029482],[4.100411,44.029837],[4.100561,44.030084],[4.103415,44.029976],[4.104187,44.029899],[4.104788,44.029868],[4.105003,44.029467],[4.10569,44.029528],[4.10687,44.02905],[4.108672,44.028757],[4.109831,44.028819],[4.11011,44.028124],[4.110646,44.027939],[4.110754,44.027492],[4.111526,44.027538],[4.112663,44.02743],[4.113307,44.027492],[4.114702,44.027523],[4.115152,44.027908],[4.115667,44.028078],[4.118221,44.027554],[4.119015,44.027492],[4.119959,44.027353],[4.121246,44.027569],[4.122813,44.027723],[4.124057,44.027507],[4.124508,44.026628],[4.12468,44.026643],[4.126031,44.025208],[4.126375,44.025301],[4.126911,44.025178],[4.126976,44.025471],[4.127276,44.025517],[4.127491,44.025486],[4.127812,44.025748],[4.128177,44.025887],[4.128392,44.025934],[4.128735,44.026072],[4.1291,44.026088],[4.129572,44.026304],[4.12998,44.025502],[4.130473,44.025563],[4.130945,44.025471],[4.131224,44.025239],[4.131932,44.025301],[4.132576,44.02564],[4.133949,44.026057],[4.134271,44.026258],[4.135623,44.026736],[4.135902,44.026921],[4.136567,44.027122],[4.136696,44.027368],[4.136631,44.027692],[4.136524,44.02868],[4.137125,44.028803],[4.137275,44.029035],[4.13749,44.029266],[4.137425,44.029991],[4.137661,44.030346],[4.138219,44.030408],[4.137189,44.031302],[4.135838,44.031765],[4.136395,44.032043],[4.137082,44.034372],[4.138412,44.035869],[4.140494,44.036825],[4.14103,44.03772],[4.141889,44.041052],[4.141545,44.042286],[4.14088,44.043396],[4.141138,44.044599],[4.141588,44.045741],[4.14221,44.046265],[4.143283,44.047792],[4.139936,44.050152],[4.139442,44.050213],[4.138927,44.05066],[4.137511,44.050815],[4.136353,44.051061],[4.135559,44.050969],[4.13455,44.051354],[4.134765,44.051663],[4.13558,44.052064],[4.136975,44.052526],[4.138219,44.052557],[4.139528,44.052758],[4.14264,44.052496],[4.143262,44.052357],[4.143648,44.052712],[4.144378,44.052742],[4.145279,44.052912],[4.145644,44.053143],[4.145858,44.053344],[4.14676,44.053529],[4.148691,44.053113],[4.150257,44.052958],[4.152188,44.051863],[4.152853,44.051709],[4.153433,44.051246],[4.154398,44.050707],[4.154828,44.050074],[4.155364,44.049673],[4.155922,44.049612],[4.156523,44.049643],[4.156866,44.049488],[4.157295,44.049026],[4.158111,44.04864],[4.158604,44.048501],[4.159269,44.048008],[4.159505,44.046836],[4.159892,44.046203],[4.160128,44.045525],[4.161265,44.044275],[4.16223,44.043211],[4.162617,44.04281],[4.163024,44.041838],[4.16384,44.04099],[4.164162,44.039478],[4.164398,44.036763],[4.164698,44.035884],[4.165514,44.034835],[4.165471,44.034203],[4.16517,44.03357],[4.165149,44.033077],[4.16487,44.032382],[4.16414,44.031858],[4.163754,44.03138],[4.162788,44.030809],[4.162102,44.030269],[4.161158,44.029775],[4.160492,44.028788],[4.161021,44.02868],[4.16117,44.028782],[4.16117,44.028782],[4.16117,44.028782],[4.16209,44.02898],[4.163765,44.028904],[4.165496,44.028057],[4.166661,44.027706],[4.167744,44.027298],[4.168708,44.027163],[4.169093,44.027219],[4.170036,44.027229],[4.17072,44.0275],[4.172289,44.027313],[4.174685,44.027703],[4.17511,44.027996],[4.175695,44.02813],[4.176716,44.028053],[4.177188,44.027908],[4.177739,44.028138],[4.178033,44.027685],[4.178563,44.027094],[4.17884,44.026541],[4.178967,44.026423],[4.178992,44.026139],[4.17925,44.026081],[4.17961,44.025666],[4.17983,44.025535],[4.18028,44.025173],[4.180986,44.024909],[4.181188,44.024769],[4.18231,44.024364],[4.18244,44.024154],[4.183282,44.0238],[4.183788,44.023703],[4.183985,44.023562],[4.184343,44.02346],[4.184598,44.023238],[4.186784,44.021935],[4.187601,44.020931],[4.188376,44.020657],[4.188986,44.019963],[4.19004,44.01926],[4.190713,44.019036],[4.1916,44.018581],[4.19188,44.017349],[4.191991,44.016086],[4.192698,44.015408],[4.192814,44.015143],[4.19248,44.014928],[4.192664,44.013841],[4.193082,44.01354],[4.193221,44.013164],[4.192751,44.012914],[4.192733,44.012525],[4.192263,44.01235],[4.192803,44.011623],[4.193988,44.011159],[4.194504,44.010062],[4.194613,44.009704],[4.19576,44.009048],[4.197331,44.009011],[4.198316,44.00818],[4.198616,44.007735],[4.198809,44.007367],[4.199237,44.006925],[4.200141,44.006513],[4.200916,44.006077],[4.202765,44.005508],[4.203326,44.005471],[4.203771,44.003987],[4.203667,44.003872],[4.20374,44.00354],[4.203993,44.003625],[4.204149,44.003449],[4.204446,44.003424],[4.205091,44.002898],[4.204741,44.002667],[4.205531,44.00188],[4.205603,44.00168],[4.205887,44.001495],[4.206041,44.001526],[4.206433,44.001042],[4.20523,44.000428],[4.205282,44.000052],[4.20591,43.999688],[4.206398,43.9996],[4.206694,43.998836],[4.206711,43.998259],[4.207374,43.997544],[4.208036,43.997168],[4.208608,43.996967],[4.208717,43.996326],[4.209104,43.995629],[4.20947,43.994808],[4.209829,43.994427],[4.209983,43.993798],[4.210212,43.993401],[4.210545,43.993237],[4.210426,43.992717],[4.210467,43.992252],[4.21031,43.991754],[4.210562,43.991523],[4.211496,43.991142],[4.213065,43.990164],[4.213568,43.989651],[4.213375,43.989277],[4.213337,43.988966],[4.213216,43.988818],[4.213477,43.988369],[4.214255,43.988663],[4.214004,43.989197],[4.216597,43.989643],[4.216831,43.99052],[4.218144,43.992375],[4.21954,43.99236],[4.219833,43.992114],[4.22022,43.991657],[4.22098,43.990971],[4.22244,43.989827],[4.223229,43.988701],[4.22316,43.988216],[4.222963,43.987514],[4.223051,43.986367],[4.223991,43.984206],[4.223789,43.983525],[4.22307,43.982761],[4.223081,43.98201],[4.22331,43.981763],[4.224308,43.981353],[4.224318,43.980177],[4.224572,43.980179],[4.224493,43.980003],[4.224907,43.979706],[4.225442,43.979718],[4.226219,43.97956],[4.227343,43.979949],[4.22918,43.98],[4.23017,43.980282],[4.230122,43.979882],[4.23075,43.979089],[4.231555,43.978683],[4.232954,43.97836],[4.234353,43.978229],[4.235596,43.978365],[4.237472,43.978332],[4.238929,43.977959],[4.239687,43.977334],[4.240634,43.977046],[4.242491,43.97674],[4.243726,43.97658],[4.24543,43.976004],[4.246503,43.975381],[4.24741,43.974121],[4.249958,43.973523],[4.250706,43.973213],[4.252696,43.972939],[4.25282,43.972561],[4.255424,43.972164],[4.256975,43.971827],[4.25756,43.971768],[4.257511,43.971376],[4.257744,43.97119],[4.258707,43.970997],[4.259502,43.970114],[4.260512,43.96917],[4.261779,43.968179],[4.262821,43.967534],[4.263461,43.967332],[4.26401,43.966687],[4.265324,43.96601],[4.266339,43.965749],[4.267086,43.966818],[4.267834,43.966712],[4.270205,43.966931],[4.272715,43.966881],[4.2735,43.967082],[4.274266,43.967132],[4.274499,43.967591],[4.27539,43.968059],[4.276114,43.968239],[4.276482,43.96885],[4.27696,43.969292],[4.27771,43.969398],[4.279531,43.96925],[4.279548,43.968845],[4.280356,43.968701],[4.280456,43.968471],[4.280255,43.968055],[4.283488,43.966976],[4.285092,43.966843],[4.286581,43.966401],[4.286916,43.96613],[4.288292,43.965721],[4.288936,43.964926],[4.289236,43.964733],[4.290366,43.96479],[4.291209,43.964611],[4.29204,43.96468],[4.292582,43.96466],[4.29424,43.964748],[4.29582,43.964581],[4.296967,43.964894],[4.298361,43.965061],[4.300109,43.965172],[4.300874,43.965426],[4.303462,43.966019],[4.303798,43.964581],[4.30391,43.96405],[4.304247,43.963357],[4.305157,43.962054],[4.30609,43.96106],[4.30612,43.9604],[4.30681,43.959384],[4.307405,43.958307],[4.307435,43.9578],[4.307599,43.957285],[4.308137,43.956658],[4.308431,43.955873],[4.308881,43.955408],[4.309503,43.954943],[4.31005,43.954319],[4.312137,43.953329],[4.312548,43.953223],[4.313151,43.95295],[4.313742,43.95279],[4.314531,43.952256],[4.314585,43.952095],[4.314511,43.951371],[4.314646,43.951237],[4.316326,43.950674],[4.316492,43.950547],[4.316918,43.950591],[4.316957,43.95079],[4.316099,43.95248],[4.315927,43.953381],[4.316973,43.953574],[4.317877,43.953932],[4.318984,43.95416],[4.319527,43.954432],[4.320224,43.954671],[4.321013,43.955119],[4.321775,43.955231],[4.322397,43.95549],[4.322923,43.955517],[4.323646,43.955187],[4.324573,43.954725],[4.324648,43.954107],[4.32505,43.954022],[4.32528,43.953652],[4.327234,43.952472],[4.328073,43.95208],[4.32846,43.951729],[4.330521,43.950529],[4.331188,43.949967],[4.331863,43.949037],[4.332989,43.946901],[4.332053,43.94619],[4.331975,43.94602],[4.332546,43.945333],[4.332547,43.944394],[4.332945,43.943811],[4.333435,43.943701],[4.333556,43.943579],[4.333926,43.943664],[4.334467,43.943104],[4.334488,43.942944],[4.334735,43.942891],[4.335389,43.942644],[4.336349,43.94283],[4.336901,43.942675],[4.337693,43.94191],[4.339827,43.941795],[4.340401,43.941455],[4.34061,43.941169],[4.341022,43.939655],[4.341622,43.939608],[4.342759,43.939616],[4.343798,43.939763],[4.345061,43.939531],[4.346221,43.939608],[4.347639,43.939585],[4.347995,43.939442],[4.348399,43.939541],[4.349038,43.939473],[4.34955,43.93946],[4.35037,43.93923],[4.35068,43.93926],[4.35118,43.93975],[4.35149,43.9397],[4.35185,43.94012],[4.35178,43.94026],[4.3519,43.94057],[4.35172,43.94083],[4.35196,43.94105],[4.35204,43.94142],[4.353,43.94221],[4.35385,43.9427],[4.35432,43.94279],[4.35451,43.94309],[4.35577,43.94413],[4.35666,43.94466],[4.35666,43.94539],[4.35715,43.94572],[4.35741,43.94607],[4.35819,43.94675],[4.35843,43.94738],[4.35848,43.94864],[4.35838,43.94913],[4.35843,43.95032],[4.35864,43.95167],[4.35908,43.9522],[4.36076,43.95345],[4.36087,43.95397],[4.36136,43.95456],[4.36141,43.95491],[4.36221,43.95601],[4.36287,43.9568],[4.36331,43.95813],[4.36378,43.95893],[4.36487,43.95961],[4.36598,43.95993],[4.36676,43.96033],[4.36752,43.96043],[4.36848,43.9603],[4.36902,43.96141],[4.36939,43.96133],[4.37027,43.96315],[4.37,43.96364],[4.36977,43.96423],[4.36908,43.96465],[4.36874,43.96519],[4.36821,43.96498],[4.36734,43.96589],[4.36905,43.96698],[4.3696,43.9671],[4.3691,43.96826],[4.36835,43.9691],[4.36842,43.96972],[4.36871,43.97029],[4.36934,43.97041],[4.37013,43.97097],[4.37123,43.97152],[4.37227,43.97187],[4.37245,43.97227],[4.37375,43.97351],[4.37367,43.97374],[4.37486,43.97448],[4.37624,43.97518],[4.37868,43.97606],[4.37988,43.97651],[4.38055,43.97665],[4.38172,43.97697],[4.38237,43.97744],[4.38222,43.97782],[4.38244,43.97864],[4.38323,43.97917],[4.38569,43.97958],[4.38652,43.97982],[4.38806,43.98015],[4.38875,43.98057],[4.38946,43.98088],[4.38987,43.98119],[4.39005,43.98147],[4.39021,43.98157],[4.38998,43.98232],[4.38959,43.98269],[4.39037,43.9829],[4.39109,43.98295],[4.39078,43.98371],[4.39057,43.98381],[4.39042,43.98421],[4.39089,43.98436],[4.39179,43.98485],[4.39227,43.98443],[4.3924,43.98402],[4.39317,43.98426],[4.39375,43.9841],[4.3947,43.98432],[4.39572,43.98444],[4.39608,43.98439],[4.3966,43.98452],[4.39751,43.98456],[4.3981,43.98477],[4.39814,43.98506],[4.39762,43.98515],[4.39762,43.98539],[4.39801,43.98565],[4.398,43.9859],[4.39829,43.98601],[4.3984,43.9862],[4.39894,43.98615],[4.3998,43.98618],[4.40057,43.98596],[4.40198,43.98398],[4.40224,43.98341],[4.40528,43.98522],[4.40732,43.98642],[4.40862,43.98685],[4.4086,43.9874],[4.40915,43.9885],[4.41024,43.99028],[4.41021,43.99064],[4.40933,43.99134],[4.40971,43.99158],[4.41018,43.99148],[4.41015,43.9923],[4.41078,43.99313],[4.40998,43.99322],[4.40919,43.99343],[4.40862,43.99451],[4.40871,43.99485],[4.40868,43.99674],[4.40845,43.99804],[4.40802,43.99873],[4.40759,43.99979],[4.40741,44.00167],[4.4071,44.00186],[4.40645,44.00184],[4.40652,44.00411],[4.40642,44.00455],[4.40644,44.0065],[4.40663,44.00685],[4.4066,44.00718],[4.40787,44.00749],[4.40953,44.00808],[4.40922,44.01057],[4.41522,44.01151],[4.41527,44.01083],[4.41514,44.01036],[4.41455,44.00959],[4.41455,44.00867],[4.41594,44.00897],[4.41769,44.00868],[4.41816,44.00832],[4.41831,44.00846],[4.41956,44.0082],[4.41977,44.00766],[4.42021,44.0069],[4.42062,44.00647],[4.42106,44.00571],[4.42133,44.00556],[4.42159,44.0053],[4.42207,44.00522],[4.42277,44.00457],[4.42302,44.00401],[4.42292,44.0035],[4.42304,44.00337],[4.42329,44.00409],[4.42317,44.00311],[4.42286,44.0028],[4.42278,44.00213],[4.42327,44.00271],[4.42431,44.00291],[4.42433,44.00246],[4.42559,44.0015],[4.42602,44.00165],[4.42701,44.00104],[4.42743,44.00113],[4.42792,44.00093],[4.42822,44.00098],[4.42839,44.00075],[4.429,44.00059],[4.42982,43.99984],[4.43071,43.99943],[4.43162,43.99862],[4.43179,43.99831],[4.4316,43.99791],[4.4319,43.99761],[4.43261,43.99761],[4.43507,43.99698],[4.43585,43.99663],[4.43747,43.99539],[4.43951,43.99439],[4.44035,43.99411],[4.43929,43.99311],[4.43871,43.99184],[4.43972,43.99138],[4.44078,43.99123],[4.44331,43.99121],[4.44523,43.9916],[4.44558,43.99176],[4.44629,43.9916],[4.44666,43.99224],[4.44706,43.99235],[4.44741,43.99269],[4.4481,43.9927],[4.44868,43.99339],[4.44912,43.99349],[4.44999,43.99324],[4.45046,43.99349],[4.4506,43.99387],[4.45115,43.99368],[4.45152,43.99383],[4.45162,43.99398],[4.45149,43.99408],[4.4515,43.99469],[4.45201,43.99464],[4.45225,43.99471],[4.45241,43.99466],[4.4526,43.99477],[4.45284,43.99433],[4.45284,43.99402],[4.45366,43.99357],[4.45393,43.99356],[4.45419,43.99342],[4.45468,43.99354],[4.45473,43.9941],[4.4552,43.99425],[4.45548,43.99406],[4.45529,43.99318],[4.45462,43.99268],[4.4549,43.9918],[4.45495,43.99129],[4.4544,43.99017],[4.45406,43.9901],[4.45394,43.98939],[4.45485,43.98914],[4.45548,43.98884],[4.45663,43.98813],[4.4576,43.98709],[4.45964,43.98563],[4.4609,43.98539],[4.46297,43.98485],[4.46466,43.9842],[4.4655,43.98399],[4.46818,43.98358],[4.46965,43.98322],[4.47034,43.98487],[4.47139,43.98469],[4.4728,43.98427],[4.47416,43.98366],[4.47517,43.9836],[4.47582,43.9838],[4.47648,43.98364],[4.47679,43.98301],[4.47737,43.98287],[4.47852,43.98291],[4.47928,43.98277],[4.47979,43.98248],[4.48035,43.98238],[4.48073,43.98223],[4.48181,43.9822],[4.48378,43.98193],[4.48455,43.98205],[4.4857,43.98191],[4.48706,43.98154],[4.48769,43.98153],[4.48959,43.98181],[4.49053,43.98171],[4.49168,43.98137],[4.49246,43.98131],[4.49441,43.98122],[4.49481,43.98132],[4.49544,43.98111],[4.49516,43.97955],[4.49653,43.97914],[4.4995,43.97998],[4.50201,43.98012],[4.50377,43.98015],[4.50598,43.98009],[4.50827,43.98029],[4.50897,43.98041],[4.50957,43.98046],[4.50993,43.98053],[4.51063,43.98058],[4.51112,43.9808],[4.5117,43.98096],[4.51258,43.98104],[4.51427,43.98079],[4.51507,43.98056],[4.51699,43.98036],[4.51601,43.97791],[4.51625,43.97747],[4.51777,43.97586],[4.51762,43.97554],[4.51762,43.97496],[4.51786,43.97455],[4.51788,43.97414],[4.51825,43.97371],[4.51838,43.97343],[4.51812,43.97288],[4.51904,43.97139],[4.52027,43.97094],[4.52091,43.9705],[4.52217,43.97035],[4.52266,43.9702],[4.52294,43.96972],[4.52273,43.96945],[4.52227,43.9683],[4.52245,43.968],[4.52263,43.96721],[4.52282,43.96709],[4.52273,43.96693],[4.52344,43.96683],[4.52391,43.96684],[4.52398,43.96665],[4.52463,43.96683],[4.52487,43.96704],[4.52531,43.9671],[4.52591,43.96702],[4.5263,43.96655],[4.52591,43.96589],[4.52668,43.96575],[4.52739,43.96574],[4.52796,43.96549],[4.52822,43.96529],[4.52866,43.96515],[4.52915,43.96522],[4.52964,43.96524],[4.53016,43.96543],[4.53034,43.96518],[4.53115,43.96472],[4.53198,43.96417],[4.53245,43.96357],[4.53292,43.96319],[4.53357,43.96218],[4.53328,43.9621],[4.53313,43.96179],[4.53287,43.96156],[4.53268,43.96107],[4.53263,43.96035],[4.53203,43.95961],[4.53217,43.95925],[4.53203,43.95874],[4.5321,43.95794],[4.53199,43.95688],[4.53116,43.95731],[4.53028,43.95807],[4.53016,43.95776],[4.53083,43.95694],[4.53068,43.95616],[4.5317,43.95594],[4.53162,43.95553],[4.53105,43.95537],[4.53052,43.95515],[4.53011,43.95486],[4.52938,43.95464],[4.52902,43.95448],[4.52874,43.95445],[4.52843,43.95421],[4.52852,43.95367],[4.52827,43.95342],[4.52837,43.95302],[4.52861,43.95259],[4.52884,43.95119],[4.52896,43.95114],[4.52915,43.94988],[4.52939,43.94933],[4.52988,43.94928],[4.53068,43.94889],[4.53067,43.94869],[4.53094,43.94875],[4.53133,43.9486],[4.53206,43.94838],[4.53262,43.94836],[4.53262,43.94829],[4.53311,43.94824],[4.53323,43.94829],[4.53377,43.94821],[4.53387,43.94791],[4.53443,43.94804],[4.53454,43.94788],[4.53534,43.94848],[4.53552,43.94893],[4.53542,43.94925],[4.53448,43.94948],[4.53416,43.94981],[4.53358,43.94991],[4.53336,43.95008],[4.5331,43.95018],[4.53284,43.95046],[4.53242,43.95054],[4.53208,43.95092],[4.53162,43.95129],[4.53132,43.95189],[4.53116,43.95279],[4.53288,43.95304],[4.53292,43.95324],[4.5341,43.95399],[4.53645,43.95415],[4.53605,43.95315],[4.53643,43.95243],[4.53693,43.95246],[4.53923,43.95478],[4.54511,43.95447],[4.54574,43.95458],[4.546,43.95506],[4.54543,43.95565],[4.54459,43.95596],[4.54407,43.95693],[4.54315,43.95725],[4.54303,43.95771],[4.54229,43.95772],[4.54235,43.95974],[4.54273,43.95987],[4.54266,43.96005],[4.5427,43.96032],[4.54299,43.96057],[4.54288,43.96079],[4.54312,43.96098],[4.54314,43.96127],[4.54403,43.96173],[4.54459,43.96181],[4.5446,43.96208],[4.54507,43.9628],[4.54509,43.96286],[4.54523,43.96292],[4.54517,43.96309],[4.54525,43.96326],[4.54523,43.96338],[4.54529,43.96351],[4.54581,43.96365],[4.54596,43.96393],[4.54664,43.96422],[4.54723,43.96464],[4.54753,43.96514],[4.54775,43.96534],[4.54763,43.96546],[4.54757,43.96559],[4.54747,43.96563],[4.54744,43.9658],[4.5473,43.96583],[4.54727,43.96593],[4.54703,43.96602],[4.54727,43.96618],[4.54736,43.9663],[4.54754,43.96622],[4.54779,43.96625],[4.54776,43.96611],[4.54798,43.96599],[4.5485,43.9661],[4.54866,43.96621],[4.54895,43.96613],[4.54921,43.96618],[4.5493,43.96618],[4.54949,43.96617],[4.54987,43.96632],[4.55034,43.96644],[4.55085,43.96683],[4.55101,43.96753],[4.55128,43.96763],[4.55125,43.96795],[4.55223,43.96865],[4.55247,43.9691],[4.55304,43.96935],[4.55331,43.96973],[4.55318,43.97001],[4.55355,43.97085],[4.5545,43.97044],[4.55507,43.97043],[4.55549,43.97054],[4.55534,43.97139],[4.55529,43.9717],[4.55501,43.97208],[4.5546,43.97241],[4.55472,43.97276],[4.55557,43.9728],[4.55686,43.9728],[4.55697,43.97274],[4.5573,43.97271],[4.5575,43.97286],[4.55944,43.973],[4.56087,43.97297],[4.56113,43.97324],[4.56198,43.97313],[4.5651,43.97319],[4.56608,43.97339],[4.56691,43.97349],[4.56836,43.9735],[4.56932,43.97372],[4.57013,43.97371],[4.5715,43.974],[4.57213,43.97395],[4.57252,43.97409],[4.57367,43.97394],[4.57516,43.9742],[4.57598,43.97414],[4.57656,43.97406],[4.57727,43.97379],[4.57758,43.97377],[4.57852,43.97348],[4.5799,43.97268],[4.58121,43.97216],[4.58254,43.97179],[4.5839,43.97152],[4.585,43.9714],[4.58575,43.97097],[4.58705,43.96995],[4.58937,43.97006],[4.5904,43.96991],[4.59041,43.96975],[4.59071,43.96955],[4.59125,43.97019],[4.59173,43.97011],[4.59223,43.96977],[4.59347,43.97054],[4.59461,43.97058],[4.59618,43.97044],[4.59712,43.97025],[4.60068,43.96987],[4.60294,43.96916],[4.60443,43.96883],[4.60495,43.96858],[4.60565,43.96861],[4.60619,43.96847],[4.60726,43.96788],[4.60749,43.96735],[4.60785,43.96687],[4.60823,43.96674],[4.60845,43.9668],[4.60836,43.96713],[4.60856,43.96734],[4.60904,43.96729],[4.60947,43.96712],[4.6099,43.96748],[4.61042,43.96812],[4.61149,43.96853],[4.61158,43.96849],[4.61176,43.96819],[4.61191,43.96807],[4.61246,43.96796],[4.61271,43.96777],[4.61298,43.96777],[4.61345,43.96759],[4.6141,43.96734],[4.61481,43.96758],[4.6151,43.96774],[4.61535,43.96769],[4.61571,43.96772],[4.61642,43.96832],[4.61774,43.96874],[4.61891,43.96895],[4.61983,43.96921],[4.62078,43.9697],[4.62147,43.96989],[4.62214,43.96991],[4.62256,43.97019],[4.62291,43.97036],[4.62307,43.97055],[4.62332,43.97063],[4.62454,43.97176],[4.62494,43.97177],[4.62561,43.97212],[4.62595,43.97221],[4.62638,43.97245],[4.62744,43.97274],[4.62774,43.9733],[4.62783,43.97356],[4.62844,43.97392],[4.62854,43.97409],[4.62907,43.97454],[4.6293,43.97458],[4.62948,43.97475],[4.6298,43.97478],[4.62983,43.97516],[4.63017,43.9755],[4.63017,43.97629],[4.63046,43.97717],[4.63245,43.97671],[4.63324,43.97633],[4.63383,43.97636],[4.63446,43.97618],[4.63473,43.97592],[4.63534,43.97559],[4.63533,43.97529],[4.63479,43.9747],[4.6348,43.97439],[4.63448,43.97371],[4.63451,43.97335],[4.63485,43.973],[4.63534,43.97206],[4.63567,43.97183],[4.63584,43.97153],[4.63582,43.9711],[4.63594,43.97053],[4.63681,43.96934],[4.63716,43.96905],[4.63714,43.96876],[4.63782,43.96855],[4.63911,43.96815],[4.63995,43.96816],[4.64047,43.96791],[4.64107,43.96781],[4.6424,43.96824],[4.64297,43.96827],[4.64417,43.96785],[4.64449,43.96782],[4.64491,43.96803],[4.64509,43.96841],[4.64654,43.9683],[4.64768,43.96861],[4.64811,43.96858],[4.64935,43.96864],[4.65058,43.96861],[4.65126,43.96877],[4.65144,43.96902],[4.6518,43.96911],[4.65232,43.96889],[4.65279,43.96895],[4.65296,43.96849],[4.65326,43.96782],[4.65355,43.96743],[4.65358,43.9669],[4.65411,43.96619],[4.65414,43.96589],[4.65456,43.9661],[4.65507,43.96664],[4.65586,43.96689],[4.65666,43.96719],[4.65757,43.96719],[4.65868,43.96724],[4.65961,43.96786],[4.66116,43.96759],[4.66246,43.968],[4.66296,43.96695],[4.66589,43.96712],[4.66606,43.96705],[4.66845,43.96731],[4.66899,43.96712],[4.67199,43.96751],[4.67238,43.96726],[4.67297,43.96717],[4.67363,43.96763],[4.67568,43.96735],[4.67588,43.96745],[4.67694,43.9675],[4.67729,43.96773],[4.6784,43.96777],[4.67848,43.96753],[4.6796,43.96759],[4.68033,43.9679],[4.6809,43.96795],[4.68186,43.9682],[4.68254,43.96858],[4.68364,43.9688],[4.68534,43.96938],[4.68593,43.96973],[4.68673,43.96993],[4.68702,43.97012],[4.6874,43.9707],[4.68775,43.97103],[4.68795,43.97083],[4.68996,43.97058],[4.69147,43.9707],[4.69204,43.97039],[4.69265,43.97019],[4.69602,43.96969],[4.69799,43.96864],[4.69943,43.9677],[4.70127,43.96687],[4.70418,43.9662],[4.70463,43.96493],[4.70879,43.96353],[4.70909,43.96376],[4.71109,43.96288],[4.71269,43.96467],[4.71838,43.96303],[4.72206,43.96282],[4.72519,43.96291],[4.72765,43.96341],[4.72938,43.9635],[4.73231,43.96343],[4.73596,43.96396],[4.73656,43.96328],[4.73779,43.96357],[4.73799,43.96372],[4.73828,43.96355],[4.73794,43.96298],[4.73789,43.96159],[4.73817,43.96001],[4.73876,43.95989],[4.73908,43.95924],[4.73946,43.95892],[4.73945,43.95821],[4.74027,43.95813],[4.74253,43.95843],[4.74397,43.95857],[4.74452,43.95894],[4.74467,43.95933],[4.74439,43.96013],[4.74589,43.96046],[4.74757,43.96196],[4.75049,43.96035],[4.75116,43.95982],[4.75225,43.96013],[4.7531,43.96001],[4.75348,43.95967],[4.75392,43.95879],[4.7546,43.95854],[4.75497,43.95836],[4.75607,43.9568],[4.7564,43.95685],[4.75661,43.95661],[4.75643,43.95589],[4.75672,43.95523],[4.75775,43.95369],[4.75896,43.95277],[4.75987,43.95245],[4.76132,43.9524],[4.76168,43.9525],[4.7621,43.95245],[4.76374,43.953],[4.76399,43.95335],[4.76446,43.95372],[4.76602,43.9526],[4.76645,43.95239],[4.76769,43.95243],[4.76778,43.95227],[4.76826,43.95228],[4.76852,43.95188],[4.76917,43.95142],[4.76934,43.95113],[4.76958,43.95086],[4.77119,43.95002],[4.77176,43.94994],[4.77256,43.94968],[4.77312,43.94947],[4.7737,43.94938],[4.77379,43.94902],[4.7763,43.94877],[4.77703,43.94848],[4.77868,43.94851],[4.78006,43.94921],[4.78146,43.94971],[4.78344,43.95008],[4.78367,43.94979],[4.78406,43.94978],[4.78539,43.95025],[4.78727,43.95009],[4.78948,43.95062],[4.7902,43.95165],[4.7903,43.95203],[4.7905,43.95229],[4.7905,43.95261],[4.79094,43.95384],[4.79127,43.95455],[4.79127,43.95455],[4.79127,43.95455],[4.79127,43.95455],[4.791631,43.954429],[4.792225,43.954042],[4.795524,43.952819],[4.796996,43.95234],[4.802079,43.950862],[4.802291,43.950705],[4.802316,43.950346],[4.802569,43.950293],[4.802649,43.95032],[4.802674,43.950493],[4.802809,43.950661],[4.802957,43.95091],[4.803296,43.951202],[4.80385,43.951819],[4.804941,43.952773],[4.80552,43.952569],[4.805428,43.952223],[4.805305,43.952209],[4.805306,43.952006],[4.805703,43.951975],[4.805837,43.951929],[4.805794,43.951844],[4.806138,43.951759],[4.806261,43.951763],[4.806384,43.951585],[4.806401,43.951381]]],"type":"MultiLineString"},"properties":{"geo_point":{"lon":4.411872625704683,"lat":43.983771352199696},"name":"GR670 Chemin Urbain V. De Lézan (Gard) à Avignon (Vaucluse) (2020)","code_gr":"GR670"}},{"type":"Feature","geometry":{"coordinates":[[[3.046594,44.662168],[3.046594,44.662168],[3.046996,44.661971],[3.047353,44.661873],[3.048146,44.661808],[3.048675,44.661644],[3.049315,44.661655],[3.049993,44.661172],[3.050376,44.660714],[3.050953,44.660275],[3.051195,44.66001],[3.051301,44.659583],[3.051469,44.659223],[3.051355,44.65891],[3.05199,44.657005],[3.051986,44.656395],[3.051757,44.655485],[3.051458,44.654962],[3.051504,44.654373],[3.051675,44.653884],[3.051665,44.653479],[3.052652,44.653167],[3.053317,44.652754],[3.053746,44.652457],[3.053901,44.651986],[3.054046,44.651487],[3.054477,44.651583],[3.054948,44.651907],[3.055374,44.651878],[3.05601,44.651564],[3.056504,44.651597],[3.057104,44.652067],[3.057608,44.652304],[3.057919,44.652083],[3.058156,44.651342],[3.058499,44.651197],[3.058756,44.651228],[3.058907,44.650503],[3.059196,44.649785],[3.060186,44.649358],[3.060527,44.649335],[3.061009,44.648976],[3.061814,44.648824],[3.062911,44.64872],[3.064207,44.648289],[3.064829,44.64819],[3.065061,44.647943],[3.064963,44.647747],[3.064931,44.647261],[3.065142,44.647029],[3.064425,44.645436],[3.064476,44.644865],[3.064362,44.64392],[3.064377,44.643127],[3.064582,44.642674],[3.064627,44.642274],[3.064847,44.641675],[3.064832,44.640693],[3.064472,44.64017],[3.064134,44.639743],[3.063721,44.638796],[3.063458,44.638449],[3.062884,44.638159],[3.062578,44.637663],[3.06179,44.635998],[3.060916,44.634746],[3.059462,44.632719],[3.058389,44.631207],[3.058185,44.630097],[3.058088,44.629409],[3.05731,44.628072],[3.056324,44.626138],[3.055669,44.62461],[3.05539,44.624259],[3.054543,44.623496],[3.053877,44.623007],[3.053062,44.622606],[3.052391,44.622316],[3.051736,44.621942],[3.051007,44.619899],[3.05038,44.618349],[3.050004,44.61734],[3.049956,44.617001],[3.05009,44.616775],[3.050804,44.616264],[3.051243,44.61613],[3.051871,44.616241],[3.052247,44.616153],[3.052477,44.615809],[3.052451,44.615482],[3.0521,44.614568],[3.051612,44.613838],[3.051384,44.613098],[3.050938,44.612712],[3.050466,44.611907],[3.05046,44.611544],[3.05053,44.611276],[3.050439,44.611024],[3.050237,44.610843],[3.049366,44.610612],[3.049082,44.610436],[3.048717,44.610085],[3.047778,44.609396],[3.047403,44.609241],[3.046909,44.609019],[3.046491,44.608977],[3.045944,44.608982],[3.045284,44.608859],[3.044484,44.608913],[3.043621,44.608874],[3.043184,44.608795],[3.042499,44.608538],[3.042147,44.608656],[3.041668,44.608733],[3.041003,44.608737],[3.040112,44.60842],[3.038846,44.607923],[3.038224,44.607572],[3.037972,44.607324],[3.037548,44.606732],[3.037135,44.606422],[3.036727,44.605972],[3.035381,44.604979],[3.035145,44.604681],[3.0347,44.604062],[3.034083,44.603485],[3.033198,44.602764],[3.032779,44.602515],[3.032329,44.602443],[3.031604,44.602546],[3.030699,44.602562],[3.030134,44.602676],[3.030141,44.602437],[3.030092,44.601889],[3.030193,44.601538],[3.030489,44.601198],[3.031079,44.600682],[3.031346,44.600332],[3.031588,44.599124],[3.031797,44.597939],[3.031964,44.597676],[3.033536,44.596786],[3.036309,44.595881],[3.039174,44.594948],[3.042301,44.593837],[3.0439,44.59321],[3.048229,44.591491],[3.050112,44.590762],[3.05061,44.590441],[3.051201,44.590013],[3.053668,44.588382],[3.055782,44.586876],[3.057321,44.585008],[3.057884,44.584047],[3.059553,44.581795],[3.060953,44.57985],[3.061345,44.579525],[3.06209,44.579113],[3.063859,44.578281],[3.064086,44.578016],[3.064338,44.577836],[3.065792,44.576533],[3.067075,44.576778],[3.068177,44.576768],[3.068726,44.57665],[3.070568,44.575566],[3.07168,44.575059],[3.072811,44.574831],[3.073677,44.576629],[3.074487,44.57666],[3.07497,44.576889],[3.076209,44.576725],[3.078076,44.576927],[3.078699,44.576954],[3.080753,44.577156],[3.081139,44.57713],[3.08151,44.57708],[3.08166,44.57713],[3.082016,44.577397],[3.083823,44.578009],[3.086911,44.578849],[3.088564,44.57841],[3.08969,44.578035],[3.090109,44.577516],[3.090714,44.576978],[3.090833,44.576675],[3.091128,44.576579],[3.091251,44.576507],[3.092453,44.576094],[3.092936,44.576102],[3.093311,44.576083],[3.093499,44.575979],[3.093874,44.576033],[3.094502,44.575823],[3.094867,44.575781],[3.095838,44.575842],[3.096444,44.576006],[3.097133,44.575867],[3.097912,44.575908],[3.098558,44.575731],[3.101894,44.575055],[3.105998,44.573893],[3.106642,44.573866],[3.107087,44.574088],[3.107597,44.57418],[3.108101,44.574191],[3.109745,44.574323],[3.110864,44.574485],[3.111502,44.574371],[3.112934,44.573968],[3.113675,44.573668],[3.114104,44.573289],[3.114662,44.572945],[3.115595,44.572449],[3.116968,44.571998],[3.11738,44.571467],[3.117655,44.571382],[3.118776,44.571755],[3.120772,44.571982],[3.121405,44.571849],[3.122209,44.571447],[3.12266,44.57147],[3.123588,44.571306],[3.123765,44.570973],[3.123792,44.570526],[3.124039,44.570305],[3.124393,44.570171],[3.125367,44.569386],[3.125881,44.569283],[3.126286,44.569158],[3.126426,44.569028],[3.126748,44.569005],[3.1273,44.568792],[3.128593,44.567993],[3.130841,44.567148],[3.132058,44.566464],[3.132708,44.566147],[3.133228,44.565795],[3.133791,44.565417],[3.133928,44.565093],[3.134126,44.565001],[3.134569,44.565057],[3.135138,44.564866],[3.135577,44.564866],[3.135932,44.56492],[3.136371,44.564847],[3.138405,44.56427],[3.138941,44.564048],[3.140582,44.563827],[3.141537,44.563502],[3.141864,44.563441],[3.143246,44.562681],[3.14341,44.562355],[3.143925,44.562157],[3.144397,44.561805],[3.14504,44.56161],[3.145443,44.561407],[3.145888,44.561094],[3.146794,44.560716],[3.147626,44.560509],[3.149015,44.560349],[3.150625,44.559661],[3.151953,44.559268],[3.152935,44.558928],[3.154246,44.558552],[3.15497,44.558178],[3.155437,44.558113],[3.156434,44.55817],[3.157545,44.558319],[3.157888,44.558288],[3.158457,44.557792],[3.158698,44.55723],[3.15858,44.556905],[3.158349,44.556587],[3.158371,44.556469],[3.158934,44.555961],[3.159399,44.555539],[3.161176,44.553308],[3.161445,44.552646],[3.16255,44.550873],[3.163349,44.549592],[3.163848,44.548743],[3.164315,44.548025],[3.164615,44.547424],[3.16484,44.547115],[3.165253,44.54674],[3.165629,44.54635],[3.166552,44.545555],[3.167179,44.544943],[3.167887,44.54445],[3.168338,44.54406],[3.168574,44.54362],[3.168837,44.542041],[3.168987,44.541521],[3.169209,44.540838],[3.169448,44.539942],[3.169406,44.539625],[3.169169,44.539067],[3.169089,44.53842],[3.169223,44.537843],[3.169282,44.537518],[3.168998,44.53639],[3.168853,44.536138],[3.168676,44.535985],[3.168597,44.535649],[3.168622,44.534956],[3.169121,44.533602],[3.169411,44.533182],[3.169953,44.532765],[3.170285,44.532356],[3.1703,44.531297],[3.170358,44.531096],[3.170382,44.530597],[3.170682,44.529968],[3.170709,44.529629],[3.170645,44.529495],[3.170407,44.52921],[3.170114,44.527843],[3.172072,44.527097],[3.174389,44.526669],[3.175917,44.526603],[3.176122,44.52608],[3.176009,44.525874],[3.177447,44.52522],[3.177635,44.525013],[3.17787,44.525056],[3.177924,44.525281],[3.177967,44.525965],[3.178152,44.526292],[3.178117,44.526485],[3.178324,44.526608],[3.178815,44.526772],[3.179555,44.526405],[3.180295,44.526214],[3.180676,44.526183],[3.181341,44.525885],[3.182398,44.525025],[3.182747,44.524826],[3.183251,44.52434],[3.183417,44.524107],[3.184066,44.523506],[3.185139,44.523047],[3.186062,44.522875],[3.187339,44.522741],[3.188519,44.522179],[3.188986,44.521873],[3.189324,44.521819],[3.190729,44.521972],[3.191085,44.522145],[3.191147,44.522313],[3.191646,44.522347],[3.193106,44.522298],[3.194591,44.522428],[3.196614,44.522975],[3.196991,44.523139],[3.19751,44.523242],[3.197896,44.523483],[3.199049,44.523636],[3.199537,44.523575],[3.200197,44.523541],[3.20107,44.523416],[3.201951,44.523296],[3.203507,44.523063],[3.203872,44.522982],[3.204339,44.523005],[3.204811,44.522932],[3.205111,44.522783],[3.205224,44.522703],[3.205519,44.522772],[3.206122,44.523007],[3.207952,44.522976],[3.209859,44.522504],[3.21061,44.522298],[3.21121,44.522297],[3.211591,44.522328],[3.212643,44.522646],[3.213835,44.522646],[3.215055,44.522736],[3.216637,44.522876],[3.217379,44.52304],[3.218367,44.523043],[3.219579,44.523131],[3.220046,44.523116],[3.220431,44.523053],[3.221811,44.523193],[3.222379,44.523261],[3.222771,44.523269],[3.22372,44.523353],[3.224857,44.52387],[3.225346,44.523977],[3.225753,44.523954],[3.227357,44.52421],[3.227954,44.524186],[3.228457,44.524153],[3.229015,44.524263],[3.229498,44.524615],[3.230018,44.524749],[3.231018,44.52486],[3.23137,44.524829],[3.231928,44.524596],[3.233119,44.524493],[3.233818,44.524333],[3.234385,44.524057],[3.234959,44.52387],[3.235172,44.523771],[3.235468,44.523728],[3.235946,44.523728],[3.237163,44.523193],[3.237968,44.523047],[3.238918,44.522864],[3.239835,44.522932],[3.239991,44.522657],[3.24006,44.522156],[3.240227,44.52167],[3.24021,44.521399],[3.239563,44.520867],[3.239206,44.520687],[3.23888,44.520619],[3.238832,44.520546],[3.23949,44.520538],[3.239953,44.520611],[3.240139,44.520887],[3.240168,44.521253],[3.240382,44.521315],[3.241295,44.521329],[3.2419,44.521601],[3.242104,44.521789],[3.242324,44.522213],[3.242608,44.522351],[3.243231,44.522301],[3.243708,44.522305],[3.24403,44.522416],[3.244352,44.522462],[3.24514,44.522343],[3.246288,44.521904],[3.246337,44.521739],[3.247039,44.521009],[3.247265,44.520687],[3.24741,44.520408],[3.247823,44.520083],[3.24822,44.51985],[3.248541,44.519789],[3.249045,44.519433],[3.249335,44.519383],[3.250366,44.51899],[3.250671,44.518561],[3.251492,44.518194],[3.251739,44.517811],[3.251851,44.517383],[3.251551,44.516897],[3.251486,44.515493],[3.251299,44.514514],[3.251273,44.514251],[3.251063,44.513886],[3.25066,44.5135],[3.250338,44.513397],[3.249899,44.513339],[3.249888,44.513263],[3.250752,44.51316],[3.251122,44.513301],[3.251471,44.513284],[3.251755,44.513122],[3.252334,44.512681],[3.253756,44.514032],[3.254871,44.515076],[3.255011,44.514881],[3.255113,44.514674],[3.255161,44.514372],[3.255059,44.513852],[3.254936,44.513657],[3.254936,44.513554],[3.255435,44.513473],[3.256357,44.513167],[3.256502,44.513408],[3.256781,44.513668],[3.257117,44.513771],[3.257337,44.513199],[3.257387,44.512585],[3.25749,44.512192],[3.258036,44.511247],[3.258312,44.510428],[3.258355,44.51018],[3.258197,44.50987],[3.257875,44.509296],[3.257656,44.508772],[3.257613,44.508336],[3.257994,44.507506],[3.258095,44.507513],[3.258213,44.508141],[3.258551,44.5086],[3.259077,44.508967],[3.259565,44.50904],[3.26032,44.508896],[3.261051,44.508638],[3.261878,44.508442],[3.263546,44.507953],[3.265445,44.507815],[3.266577,44.507907],[3.267714,44.508118],[3.270299,44.508711],[3.271822,44.508655],[3.273239,44.508856],[3.274317,44.508959],[3.275444,44.509281],[3.275841,44.509327],[3.27664,44.50899],[3.277482,44.508684],[3.278266,44.508822],[3.278614,44.508768],[3.279335,44.508894],[3.280031,44.508848],[3.280395,44.508764],[3.280535,44.508588],[3.280867,44.507666],[3.281388,44.50715],[3.281731,44.506924],[3.283684,44.50617],[3.284451,44.505948],[3.284934,44.505922],[3.285529,44.506048],[3.286811,44.506316],[3.28746,44.506197],[3.288276,44.506247],[3.289284,44.50648],[3.290105,44.506748],[3.290448,44.507001],[3.291382,44.507318],[3.291966,44.507594],[3.292905,44.508206],[3.29437,44.508776],[3.294944,44.508994],[3.29548,44.509013],[3.296006,44.509262],[3.296338,44.509503],[3.296322,44.509962],[3.296269,44.510298],[3.296381,44.510417],[3.296365,44.510589],[3.298071,44.511557],[3.298318,44.511641],[3.298752,44.511993],[3.299112,44.512119],[3.299515,44.512179],[3.299874,44.51241],[3.300641,44.512693],[3.301579,44.513378],[3.302035,44.513588],[3.302358,44.513672],[3.303114,44.514059],[3.303693,44.514154],[3.304234,44.514354],[3.305141,44.514492],[3.305849,44.514476],[3.306617,44.515003],[3.307056,44.51521],[3.307577,44.515306],[3.308939,44.515566],[3.30939,44.515631],[3.309905,44.515581],[3.310361,44.515784],[3.311048,44.516193],[3.311359,44.516258],[3.312029,44.516021],[3.312534,44.515658],[3.313075,44.515275],[3.31381,44.514927],[3.314046,44.514518],[3.313944,44.513971],[3.313826,44.513576],[3.31396,44.513431],[3.314336,44.513316],[3.314583,44.513301],[3.314851,44.513316],[3.315387,44.513206],[3.315618,44.513037],[3.315532,44.512769],[3.314958,44.511859],[3.315017,44.511599],[3.315221,44.51135],[3.315559,44.510929],[3.315677,44.510493],[3.315736,44.510317],[3.316321,44.510053],[3.316605,44.509694],[3.316675,44.509143],[3.316975,44.508959],[3.317211,44.508753],[3.31771,44.508577],[3.318225,44.508221],[3.318547,44.5078],[3.318969,44.508213],[3.319563,44.508509],[3.320612,44.508749],[3.320897,44.508768],[3.321435,44.508592],[3.32182,44.508419],[3.322179,44.508076],[3.322495,44.507938],[3.323066,44.507799],[3.323394,44.50762],[3.323568,44.507441],[3.324212,44.5071],[3.324384,44.507146],[3.324386,44.507264],[3.324587,44.507391],[3.324915,44.507379],[3.326221,44.507154],[3.326581,44.50712],[3.326886,44.507037],[3.327339,44.506584],[3.327801,44.506506],[3.328729,44.506408],[3.329034,44.506725],[3.329126,44.507035],[3.32934,44.507253],[3.329968,44.507708],[3.330526,44.507896],[3.331237,44.50822],[3.332997,44.509408],[3.333192,44.510099],[3.333699,44.510764],[3.334034,44.511301],[3.334301,44.511288],[3.334694,44.511633],[3.335944,44.511886],[3.336346,44.5121],[3.337365,44.512207],[3.337612,44.51241],[3.338138,44.512539],[3.338749,44.512861],[3.339624,44.512942],[3.340139,44.513194],[3.340294,44.512907],[3.34096,44.512134],[3.341205,44.511986],[3.341507,44.511996],[3.34185,44.512108],[3.342955,44.512276],[3.343792,44.512165],[3.344125,44.512146],[3.344774,44.511962],[3.345326,44.512024],[3.345734,44.511943],[3.346104,44.511637],[3.346158,44.511679],[3.346158,44.511813],[3.346427,44.511829],[3.347001,44.511592],[3.347001,44.511592],[3.347043,44.511391],[3.346968,44.511131],[3.347091,44.510844],[3.347445,44.51099],[3.34788,44.510879],[3.348314,44.51094],[3.348577,44.510883],[3.349199,44.510886],[3.349709,44.51102],[3.350219,44.510712],[3.350422,44.510427],[3.350911,44.510152],[3.351388,44.510007],[3.351699,44.50985],[3.352087,44.509726],[3.352509,44.509723],[3.352579,44.509758],[3.353148,44.509437],[3.353688,44.509351],[3.353786,44.509211],[3.353974,44.509257],[3.35404,44.509372],[3.354279,44.509345],[3.355132,44.509203],[3.355717,44.509299],[3.355953,44.509109],[3.35626,44.508913],[3.356717,44.508442],[3.356774,44.507933],[3.357069,44.507497],[3.357064,44.506762],[3.357466,44.506219],[3.358002,44.505913],[3.358893,44.506005],[3.359402,44.506284],[3.359944,44.507053],[3.360529,44.508101],[3.361237,44.508733],[3.362525,44.509586],[3.362943,44.509796],[3.363292,44.510098],[3.363431,44.51058],[3.364365,44.51146],[3.364542,44.512394],[3.365668,44.513875],[3.365706,44.514119],[3.366253,44.514314],[3.366964,44.515332],[3.367192,44.516364],[3.367412,44.51672],[3.367299,44.51737],[3.367079,44.517714],[3.366945,44.518453],[3.367009,44.518977],[3.367256,44.519241],[3.367567,44.519451],[3.367685,44.519887],[3.368009,44.520236],[3.368146,44.520679],[3.368688,44.521493],[3.369048,44.521826],[3.369402,44.521884],[3.370647,44.522675],[3.371274,44.523226],[3.371219,44.523515],[3.371617,44.52326],[3.371644,44.522782],[3.371548,44.522067],[3.371451,44.52144],[3.371619,44.521085],[3.372213,44.520667],[3.372959,44.520197],[3.373323,44.520094],[3.373715,44.519883],[3.373772,44.519756],[3.373362,44.518685],[3.373412,44.517979],[3.373942,44.517658],[3.375564,44.517108],[3.376395,44.516922],[3.376715,44.516623],[3.376635,44.516201],[3.376405,44.51578],[3.375794,44.515273],[3.375294,44.51461],[3.375489,44.514183],[3.37545,44.513501],[3.375657,44.512664],[3.377014,44.513665],[3.378992,44.514025],[3.380533,44.514091],[3.38235,44.513911],[3.382879,44.51396],[3.382649,44.514403],[3.383086,44.514599],[3.384075,44.515551],[3.385523,44.515944],[3.386098,44.515961],[3.38757,44.515829],[3.389778,44.516305],[3.390238,44.516371],[3.390414,44.516379],[3.390816,44.516307],[3.391938,44.516376],[3.392394,44.516344],[3.393091,44.516116],[3.393568,44.515901],[3.393944,44.515894],[3.394185,44.515963],[3.3944,44.516161],[3.394754,44.516226],[3.3955,44.516016],[3.396363,44.5155],[3.396937,44.514995],[3.397071,44.514605],[3.396884,44.514283],[3.396792,44.513752],[3.396953,44.513644],[3.397699,44.513545],[3.398606,44.513296],[3.398933,44.513143],[3.399442,44.512436],[3.399865,44.512094],[3.400183,44.511697],[3.400279,44.511695],[3.400118,44.51198],[3.400137,44.512561],[3.40029,44.512719],[3.400687,44.51304],[3.400987,44.513526],[3.401948,44.513273],[3.402409,44.513419],[3.402919,44.51343],[3.404115,44.513335],[3.404936,44.513392],[3.405489,44.513252],[3.40629,44.513348],[3.40721,44.513625],[3.407446,44.513495],[3.407934,44.51369],[3.408508,44.513484],[3.408798,44.513128],[3.409469,44.512723],[3.409797,44.512623],[3.410423,44.512302],[3.410456,44.51198],[3.411062,44.511785],[3.411571,44.511476],[3.412725,44.511074],[3.413283,44.510661],[3.414146,44.510806],[3.414667,44.510753],[3.414946,44.510569],[3.415031,44.510829],[3.415627,44.511533],[3.415927,44.511636],[3.416399,44.511468],[3.416571,44.511521],[3.416963,44.5119],[3.417344,44.512631],[3.418107,44.513344],[3.418469,44.513601],[3.419728,44.51395],[3.420675,44.513874],[3.422987,44.514811],[3.423851,44.515435],[3.42414,44.51553],[3.424661,44.515481],[3.424934,44.515381],[3.42568,44.51519],[3.426055,44.514964],[3.426393,44.514853],[3.426651,44.51467],[3.427123,44.514612],[3.427718,44.514681],[3.428233,44.514597],[3.429247,44.514471],[3.42941,44.514381],[3.42949,44.514945],[3.42979,44.515516],[3.42988,44.516073],[3.430521,44.516801],[3.431212,44.517136],[3.431702,44.518136],[3.431512,44.518543],[3.432082,44.519185],[3.432443,44.51972],[3.432303,44.520063],[3.432383,44.520313],[3.432633,44.520584],[3.432883,44.521005],[3.433314,44.521419],[3.434425,44.521783],[3.435536,44.52179],[3.436167,44.522213],[3.437004,44.522397],[3.439043,44.523284],[3.439879,44.52336],[3.440223,44.523636],[3.440781,44.523743],[3.441403,44.523682],[3.442283,44.524003],[3.442819,44.524018],[3.443441,44.523804],[3.443699,44.523605],[3.444171,44.523605],[3.445544,44.523804],[3.445845,44.52408],[3.446231,44.524263],[3.446317,44.524707],[3.447154,44.525074],[3.447862,44.525273],[3.44842,44.525793],[3.448849,44.526359],[3.449471,44.526864],[3.449857,44.527323],[3.450651,44.527675],[3.451231,44.527629],[3.451638,44.527736],[3.452003,44.527782],[3.452834,44.528128],[3.453094,44.528399],[3.453294,44.528484],[3.455587,44.52852],[3.458079,44.528599],[3.45874,44.52842],[3.460322,44.527471],[3.460572,44.527435],[3.46064,44.527425],[3.46134,44.527129],[3.46271,44.526114],[3.464566,44.524965],[3.465382,44.524324],[3.466578,44.523861],[3.467581,44.523146],[3.467697,44.523173],[3.467585,44.523587],[3.467675,44.523613],[3.470305,44.522439],[3.47183,44.521616],[3.473364,44.52079],[3.474866,44.520247],[3.475388,44.519479],[3.47647,44.519562],[3.477353,44.519391],[3.478208,44.519145],[3.47882,44.518606],[3.479194,44.518469],[3.479925,44.518414],[3.48008,44.518273],[3.48147,44.51846],[3.482435,44.518728],[3.483653,44.518816],[3.484291,44.518682],[3.484812,44.518407],[3.485515,44.517795],[3.486086,44.517297],[3.487183,44.517014],[3.48754,44.51708],[3.488245,44.517489],[3.488462,44.517553],[3.48861,44.517656],[3.489248,44.518242],[3.490155,44.518828],[3.490595,44.519199],[3.491668,44.519661],[3.492343,44.51999],[3.49339,44.520373],[3.494591,44.520966],[3.494757,44.521092],[3.495289,44.521275],[3.495584,44.521306],[3.496144,44.52154],[3.496916,44.521698],[3.497585,44.521784],[3.497543,44.521124],[3.497778,44.52092],[3.498588,44.519459],[3.498352,44.518939],[3.498502,44.518388],[3.498133,44.518305],[3.498647,44.517936],[3.498657,44.517519],[3.498012,44.517477],[3.497892,44.517411],[3.497988,44.517103],[3.498201,44.517045],[3.498749,44.517053],[3.499188,44.517141],[3.499113,44.516559],[3.499301,44.516131],[3.498964,44.51607],[3.498636,44.516051],[3.498684,44.515852],[3.497692,44.515595],[3.497247,44.515389],[3.49659,44.514915],[3.496581,44.514578],[3.496419,44.51435],[3.496437,44.514081],[3.496313,44.513778],[3.4956,44.514126],[3.495219,44.514134],[3.494709,44.513954],[3.493808,44.513434],[3.494065,44.513369],[3.492874,44.512877],[3.492268,44.512363],[3.491984,44.512072],[3.491614,44.511923],[3.491367,44.511632],[3.49089,44.511483],[3.490337,44.511441],[3.489806,44.511215],[3.488791,44.511042],[3.489913,44.510871],[3.490235,44.510917],[3.490895,44.510871],[3.491392,44.510936],[3.492115,44.510857],[3.49151,44.510778],[3.49097,44.510588],[3.490458,44.510626],[3.490021,44.510466],[3.489103,44.510424],[3.488722,44.510462],[3.488535,44.510389],[3.488334,44.510377],[3.488079,44.510284],[3.487821,44.510282],[3.48765,44.510079],[3.487296,44.509854],[3.487247,44.509758],[3.487404,44.50973],[3.48787,44.509903],[3.488229,44.509903],[3.488722,44.510106],[3.489039,44.510102],[3.489254,44.509976],[3.489323,44.509869],[3.490015,44.50975],[3.49067,44.509984],[3.491506,44.509814],[3.492413,44.509792],[3.493534,44.510056],[3.49405,44.510443],[3.494226,44.510404],[3.494639,44.510217],[3.495492,44.50967],[3.496276,44.509023],[3.497252,44.508576],[3.498175,44.508319],[3.499011,44.508557],[3.499371,44.508446],[3.499634,44.508186],[3.500122,44.507964],[3.500685,44.507753],[3.500669,44.507589],[3.500428,44.507455],[3.500626,44.507015],[3.501195,44.506747],[3.501672,44.506414],[3.501871,44.506124],[3.502364,44.505802],[3.503341,44.505278],[3.503614,44.505071],[3.504108,44.505236],[3.504269,44.505431],[3.50488,44.5054],[3.505347,44.505328],[3.505744,44.505416],[3.506447,44.505282],[3.506795,44.5054],[3.507277,44.505274],[3.507444,44.505951],[3.507804,44.506965],[3.508001,44.507266],[3.508297,44.507451],[3.50908,44.507551],[3.509654,44.5077],[3.510028,44.507916],[3.510636,44.508002],[3.510833,44.508115],[3.511399,44.50814],[3.512144,44.508048],[3.5126,44.508078],[3.513439,44.508297],[3.51408,44.508339],[3.515883,44.508721],[3.516556,44.508984],[3.518597,44.509678],[3.520721,44.510477],[3.520824,44.510621],[3.520394,44.510898],[3.522867,44.51141],[3.523763,44.511678],[3.524578,44.512049],[3.524884,44.512366],[3.525501,44.512681],[3.526165,44.512832],[3.526998,44.513148],[3.527648,44.513322],[3.528403,44.513212],[3.528982,44.5133],[3.529615,44.513273],[3.530581,44.513178],[3.531198,44.513277],[3.531783,44.513706],[3.532437,44.514341],[3.532932,44.514377],[3.533869,44.513781],[3.53474,44.513366],[3.535865,44.513006],[3.537286,44.513155],[3.540253,44.513476],[3.540843,44.513526],[3.541541,44.513637],[3.542399,44.513449],[3.543375,44.512642],[3.545199,44.510617],[3.545762,44.510305],[3.547195,44.509827],[3.54793,44.509674],[3.548368,44.509366],[3.549464,44.509054],[3.550027,44.508786],[3.550778,44.508725],[3.551512,44.508565],[3.551831,44.508222],[3.552237,44.507857],[3.552623,44.507187],[3.553305,44.506384],[3.553562,44.50558],[3.553863,44.503851],[3.553889,44.502883],[3.553616,44.502118],[3.553659,44.501712],[3.55316,44.50102],[3.552956,44.500549],[3.55287,44.500205],[3.552967,44.500132],[3.553836,44.501108],[3.554184,44.501444],[3.554587,44.501693],[3.554635,44.501628],[3.554265,44.501307],[3.553707,44.500408],[3.553428,44.499344],[3.55316,44.498739],[3.552763,44.498104],[3.552226,44.497603],[3.552049,44.497461],[3.552076,44.497358],[3.552285,44.497438],[3.553235,44.49823],[3.554007,44.498961],[3.554292,44.49926],[3.554823,44.499788],[3.554978,44.500189],[3.555102,44.500178],[3.554984,44.499704],[3.555231,44.499891],[3.556438,44.499948],[3.557859,44.499891],[3.558185,44.50012],[3.558567,44.500258],[3.55883,44.500469],[3.559452,44.500775],[3.560063,44.500894],[3.560847,44.50067],[3.561233,44.50074],[3.56141,44.500469],[3.562408,44.500006],[3.562701,44.499923],[3.56295,44.499772],[3.563234,44.499658],[3.563814,44.499623],[3.564318,44.499723],[3.564516,44.499658],[3.56464,44.499501],[3.565021,44.499459],[3.565927,44.499573],[3.566318,44.49958],[3.566549,44.499462],[3.567762,44.499742],[3.568599,44.49983],[3.570038,44.499824],[3.570749,44.49992],[3.571259,44.500078],[3.571581,44.500212],[3.571738,44.500248],[3.57185,44.500453],[3.572096,44.500568],[3.57282,44.500567],[3.573048,44.500506],[3.573234,44.500518],[3.57363,44.500316],[3.5734,44.500109],[3.573362,44.499822],[3.573293,44.499547],[3.573446,44.499256],[3.573459,44.498954],[3.573609,44.498673],[3.573746,44.498264],[3.573877,44.498005],[3.573598,44.497588],[3.573362,44.497381],[3.572386,44.496926],[3.572488,44.496639],[3.571279,44.495689],[3.570749,44.495218],[3.57081,44.494984],[3.571243,44.494768],[3.571254,44.494178],[3.569457,44.493979],[3.569087,44.493964],[3.568804,44.493734],[3.568668,44.493378],[3.56862,44.492984],[3.568504,44.492461],[3.568767,44.492329],[3.568899,44.491928],[3.56961,44.491246],[3.569831,44.490916],[3.570213,44.490329],[3.570737,44.489985],[3.570911,44.489314],[3.570868,44.488932],[3.570722,44.488751],[3.570879,44.488698],[3.57105,44.487876],[3.571501,44.487401],[3.571648,44.487323],[3.571946,44.486785],[3.572171,44.486425],[3.572427,44.486138],[3.57244,44.48587],[3.572243,44.485213],[3.57201,44.484718],[3.571981,44.483975],[3.572055,44.483618],[3.572196,44.483396],[3.572847,44.48243],[3.574622,44.480593],[3.574837,44.480007],[3.575025,44.479394],[3.575539,44.478699],[3.575937,44.47794],[3.576361,44.476632],[3.576522,44.475846],[3.576384,44.47594],[3.5762,44.476178],[3.575572,44.476443],[3.575723,44.476172],[3.575621,44.475616],[3.575342,44.475368],[3.57524,44.475065],[3.57532,44.474736],[3.575186,44.474549],[3.574698,44.474369],[3.574741,44.474009],[3.574811,44.473745],[3.574607,44.473419],[3.574263,44.472726],[3.574124,44.472627],[3.573979,44.472045],[3.5739,44.470945],[3.573668,44.470529],[3.573588,44.46961],[3.574542,44.468727],[3.575235,44.468379],[3.575395,44.46829],[3.575577,44.468295],[3.575175,44.46806],[3.575105,44.467654],[3.575621,44.467183],[3.576098,44.466862],[3.576077,44.46672],[3.575481,44.466628],[3.574993,44.466487],[3.574746,44.46646],[3.574473,44.466526],[3.574229,44.466505],[3.573441,44.466087],[3.573214,44.465768],[3.573169,44.46551],[3.572788,44.465415],[3.572661,44.465252],[3.572199,44.464938],[3.571942,44.464734],[3.571683,44.464584],[3.571452,44.464317],[3.571207,44.463818],[3.571093,44.46316],[3.570911,44.462861],[3.570762,44.462436],[3.570954,44.461909],[3.5709,44.461743],[3.570771,44.461544],[3.570836,44.460935],[3.571426,44.46087],[3.571884,44.46104],[3.572169,44.46104],[3.572543,44.460974],[3.572949,44.46064],[3.573357,44.46061],[3.573588,44.460522],[3.573673,44.460368],[3.574044,44.460116],[3.574135,44.459917],[3.574263,44.459786],[3.574167,44.459626],[3.572871,44.459084],[3.57185,44.458573],[3.570971,44.45827],[3.570817,44.458089],[3.570755,44.457738],[3.570664,44.457248],[3.570235,44.456984],[3.568843,44.456635],[3.567735,44.45641],[3.566873,44.456109],[3.56626,44.45626],[3.565837,44.456218],[3.565562,44.456268],[3.565257,44.456149],[3.564861,44.456296],[3.563068,44.456249],[3.56293,44.456273],[3.562526,44.455847],[3.562778,44.455751],[3.563041,44.45554],[3.563143,44.45518],[3.5636,44.454367],[3.564226,44.454016],[3.565169,44.453625],[3.565725,44.453204],[3.565922,44.452875],[3.566244,44.452607],[3.566845,44.452312],[3.567322,44.452274],[3.567422,44.452134],[3.566721,44.451481],[3.566796,44.451286],[3.567252,44.450689],[3.567236,44.450352],[3.567301,44.450123],[3.567134,44.449429],[3.567334,44.448834],[3.567606,44.448388],[3.568282,44.448004],[3.569087,44.447648],[3.569282,44.447397],[3.569402,44.447095],[3.570117,44.446602],[3.570529,44.446375],[3.570847,44.446428],[3.571356,44.446817],[3.572204,44.447043],[3.572917,44.447035],[3.574181,44.446646],[3.574323,44.446671],[3.574671,44.446231],[3.574542,44.445844],[3.574634,44.445645],[3.574993,44.445396],[3.575068,44.445132],[3.575061,44.444895],[3.575453,44.444567],[3.575578,44.444396],[3.576044,44.44414],[3.576125,44.443619],[3.576354,44.443458],[3.576597,44.443489],[3.57671,44.443757],[3.577097,44.443868],[3.577412,44.443711],[3.578603,44.44332],[3.578963,44.443347],[3.579429,44.443328],[3.57999,44.443153],[3.580631,44.442631],[3.582042,44.442543],[3.582932,44.441398],[3.584032,44.440463],[3.584429,44.440318],[3.584864,44.440279],[3.585046,44.439467],[3.585228,44.439203],[3.585314,44.438912],[3.585923,44.438193],[3.586671,44.437537],[3.587181,44.436763],[3.587599,44.436376],[3.588063,44.436083],[3.588243,44.435871],[3.589016,44.435534],[3.590341,44.435128],[3.591156,44.434936],[3.59151,44.434798],[3.592214,44.434546],[3.592733,44.434197],[3.593785,44.433653],[3.594251,44.433469],[3.595185,44.43332],[3.595658,44.433355],[3.596515,44.433618],[3.597019,44.433779],[3.597475,44.434117],[3.597692,44.434145],[3.597986,44.433955],[3.597824,44.433549],[3.59796,44.433493],[3.598065,44.433274],[3.598371,44.433496],[3.598983,44.433795],[3.599133,44.433921],[3.599283,44.433944],[3.599149,44.43353],[3.599197,44.432967],[3.599546,44.432596],[3.600254,44.432078],[3.6009,44.431747],[3.601069,44.431538],[3.601483,44.431343],[3.602803,44.430992],[3.603223,44.430969],[3.605275,44.430401],[3.606545,44.430093],[3.606142,44.429609],[3.605172,44.428888],[3.604669,44.428359],[3.604497,44.42801],[3.6045,44.427862],[3.603748,44.427166],[3.603446,44.426815],[3.602942,44.426527],[3.602837,44.42626],[3.602161,44.425977],[3.601611,44.425823],[3.601059,44.425505],[3.600828,44.425304],[3.599358,44.424161],[3.599043,44.423489],[3.598951,44.42298],[3.598516,44.422079],[3.598038,44.421652],[3.597668,44.421444],[3.597062,44.42093],[3.597025,44.420666],[3.596869,44.420536],[3.596955,44.420436],[3.596864,44.420241],[3.596928,44.419988],[3.596912,44.419796],[3.596987,44.419693],[3.596837,44.419402],[3.596719,44.418815],[3.596376,44.418214],[3.596419,44.417049],[3.596322,44.416746],[3.596209,44.416723],[3.59611,44.416527],[3.596091,44.416137],[3.595582,44.415765],[3.594734,44.415045],[3.594369,44.415099],[3.59407,44.414981],[3.59359,44.414911],[3.592996,44.414627],[3.59219,44.414074],[3.591746,44.413666],[3.591027,44.413263],[3.590384,44.412585],[3.589445,44.411382],[3.589151,44.410694],[3.588723,44.410202],[3.587944,44.409669],[3.58776,44.409454],[3.587546,44.409339],[3.587208,44.409048],[3.586736,44.408883],[3.58569,44.408669],[3.58569,44.408669],[3.584118,44.407634],[3.583407,44.407301],[3.583333,44.406983],[3.581329,44.404599],[3.581143,44.403745],[3.580584,44.402808],[3.580735,44.402587],[3.580135,44.402503],[3.579148,44.402802],[3.578622,44.403247],[3.578407,44.403906],[3.578836,44.405408],[3.577811,44.405874],[3.577268,44.405913],[3.576691,44.405791],[3.576959,44.406343],[3.576607,44.40809],[3.57701,44.409247],[3.57697,44.409869],[3.57634,44.410651],[3.576508,44.411118],[3.576144,44.41144],[3.574566,44.411731],[3.573545,44.412438],[3.572614,44.412896],[3.571444,44.413111],[3.571423,44.411976],[3.570983,44.411462],[3.570755,44.410807],[3.569848,44.4102],[3.56918,44.410335],[3.568451,44.409892],[3.568204,44.409141],[3.568169,44.408308],[3.568408,44.407983],[3.569107,44.407839],[3.569599,44.407677],[3.569038,44.407536],[3.568793,44.407423],[3.569299,44.407087],[3.569024,44.406214],[3.568569,44.406726],[3.567646,44.406386],[3.567604,44.406251],[3.568104,44.40619],[3.568151,44.405715],[3.567633,44.404955],[3.567542,44.405511],[3.567413,44.405584],[3.567295,44.405024],[3.567259,44.405299],[3.566995,44.405051],[3.566639,44.404433],[3.566463,44.405051],[3.566018,44.404576],[3.566072,44.404342],[3.565986,44.404284],[3.565708,44.404414],[3.565653,44.404231],[3.565372,44.403885],[3.565246,44.403878],[3.565262,44.404093],[3.565149,44.404104],[3.564988,44.40392],[3.564899,44.404029],[3.564209,44.403765],[3.564056,44.40368],[3.56396,44.403343],[3.563839,44.403094],[3.563887,44.403031],[3.564096,44.402992],[3.564167,44.402805],[3.564028,44.402694],[3.563878,44.402715],[3.563814,44.402591],[3.56361,44.402659],[3.563207,44.402594],[3.56297,44.402356],[3.563041,44.40215],[3.563368,44.401786],[3.563524,44.401272],[3.563809,44.401072],[3.564107,44.400909],[3.564394,44.400639],[3.564338,44.40045],[3.564073,44.400181],[3.563962,44.399864],[3.563642,44.399325],[3.562859,44.399034],[3.562172,44.39898],[3.561955,44.39871],[3.561711,44.398838],[3.561158,44.398754],[3.560324,44.398236],[3.559908,44.397941],[3.559567,44.397555],[3.558991,44.397175],[3.558723,44.39686],[3.558105,44.396331],[3.557923,44.396335],[3.557349,44.396627],[3.556829,44.39678],[3.556333,44.397212],[3.555311,44.397619],[3.554839,44.397891],[3.554544,44.398221],[3.554259,44.398137],[3.553975,44.398325],[3.55375,44.398317],[3.554313,44.397596],[3.555379,44.396744],[3.556536,44.395631],[3.55662,44.395431],[3.556217,44.395162],[3.555917,44.395101],[3.55567,44.39512],[3.555445,44.395086],[3.555509,44.394936],[3.556019,44.394898],[3.556234,44.394921],[3.556496,44.394994],[3.55706,44.394917],[3.557827,44.394319],[3.557918,44.393955],[3.557864,44.393457],[3.557567,44.393068],[3.557425,44.392632],[3.557537,44.392238],[3.55736,44.392111],[3.557183,44.392084],[3.556779,44.391767],[3.556609,44.391402],[3.556655,44.39095],[3.556355,44.390278],[3.556318,44.389955],[3.556287,44.389208],[3.556384,44.389194],[3.55662,44.389899],[3.556797,44.390221],[3.556832,44.390029],[3.556679,44.389761],[3.556689,44.389485],[3.556818,44.389225],[3.556608,44.388786],[3.556647,44.388535],[3.556926,44.388374],[3.55708,44.388111],[3.557349,44.388009],[3.557526,44.387802],[3.556949,44.387302],[3.556582,44.386921],[3.556196,44.386652],[3.555348,44.385886],[3.555155,44.38538],[3.555059,44.384808],[3.554721,44.38436],[3.554238,44.384084],[3.554104,44.383658],[3.554034,44.382934],[3.553452,44.382273],[3.552993,44.381902],[3.552516,44.381415],[3.552232,44.381028],[3.552108,44.380607],[3.552055,44.380238],[3.551781,44.379982],[3.550858,44.379533],[3.550612,44.37923],[3.550526,44.378897],[3.550606,44.378402],[3.550547,44.378233],[3.550276,44.378001],[3.550166,44.377616],[3.54993,44.377509],[3.549279,44.37713],[3.547007,44.376619],[3.542761,44.37479],[3.541877,44.374287],[3.540709,44.373275],[3.539749,44.371987],[3.539142,44.370913],[3.538458,44.370669],[3.538118,44.37053],[3.537671,44.370173],[3.537302,44.370024],[3.537217,44.369836],[3.536707,44.369943],[3.536085,44.369997],[3.535457,44.370169],[3.53491,44.370242],[3.53462,44.37033],[3.534422,44.370457],[3.533258,44.371684],[3.532882,44.37193],[3.532464,44.37201],[3.531869,44.372036],[3.531321,44.37201],[3.528825,44.372543],[3.528258,44.372309],[3.527929,44.372299],[3.52584,44.374092],[3.524656,44.373645],[3.524111,44.373157],[3.524036,44.372919],[3.524401,44.371868],[3.524589,44.371558],[3.524916,44.370112],[3.525045,44.369257],[3.525082,44.368482],[3.525206,44.36778],[3.525727,44.367424],[3.525962,44.367122],[3.526096,44.366749],[3.526343,44.366615],[3.526836,44.366538],[3.526847,44.366411],[3.526413,44.366116],[3.526284,44.365913],[3.52663,44.365859],[3.527105,44.366078],[3.527968,44.36607],[3.528317,44.366143],[3.529455,44.366231],[3.529744,44.366872],[3.530066,44.36673],[3.530511,44.366668],[3.531509,44.3662],[3.532265,44.36574],[3.53256,44.365437],[3.533329,44.364743],[3.533762,44.364172],[3.534787,44.363623],[3.535484,44.363704],[3.536031,44.363573],[3.536396,44.363535],[3.536809,44.363846],[3.537472,44.363951],[3.538086,44.364248],[3.538552,44.364475],[3.538933,44.364482],[3.539132,44.364379],[3.539275,44.364122],[3.539477,44.363903],[3.53981,44.36377],[3.539915,44.363609],[3.540349,44.363623],[3.540902,44.363807],[3.541374,44.363827],[3.541932,44.363612],[3.542458,44.363524],[3.542715,44.363769],[3.542951,44.363807],[3.54336,44.36373],[3.544201,44.363715],[3.544445,44.363815],[3.545033,44.363865],[3.545438,44.364038],[3.545494,44.364206],[3.546025,44.363865],[3.546501,44.363631],[3.546728,44.363412],[3.546856,44.363175],[3.547345,44.363232],[3.547833,44.363167],[3.548144,44.363098],[3.548857,44.363067],[3.549008,44.362837],[3.549292,44.362108],[3.549342,44.361501],[3.549394,44.361372],[3.5497,44.361736],[3.550081,44.362074],[3.550241,44.36235],[3.550638,44.3624],[3.551234,44.362358],[3.551314,44.362515],[3.550912,44.363098],[3.550832,44.363362],[3.550976,44.363435],[3.551218,44.363462],[3.551135,44.363782],[3.551255,44.364034],[3.551029,44.364558],[3.550955,44.365184],[3.551062,44.365548],[3.55104,44.365928],[3.551216,44.366336],[3.551487,44.366519],[3.551352,44.366868],[3.551701,44.367432],[3.551926,44.367478],[3.551685,44.367271],[3.551652,44.367006],[3.552232,44.366416],[3.552092,44.365841],[3.552092,44.365473],[3.552006,44.365222],[3.553235,44.364034],[3.554082,44.363362],[3.55419,44.362948],[3.554153,44.362633],[3.554404,44.36245],[3.554833,44.36235],[3.555193,44.36202],[3.555048,44.361848],[3.554549,44.361568],[3.554613,44.36146],[3.555075,44.361165],[3.555391,44.36118],[3.555676,44.360881],[3.555965,44.360728],[3.55625,44.360425],[3.556641,44.360037],[3.556714,44.359824],[3.556614,44.35947],[3.556689,44.35927],[3.556848,44.359258],[3.557333,44.359493],[3.557759,44.359458],[3.558481,44.359297],[3.558815,44.359289],[3.559459,44.358894],[3.559774,44.358511],[3.559882,44.358292],[3.559962,44.358173],[3.560316,44.358054],[3.560552,44.357936],[3.560884,44.357866],[3.560128,44.357241],[3.559856,44.35679],[3.559837,44.356591],[3.559704,44.356106],[3.559903,44.355197],[3.560064,44.354786],[3.559924,44.354453],[3.559946,44.354368],[3.560214,44.354388],[3.560619,44.35451],[3.560761,44.354365],[3.560756,44.354119],[3.560654,44.353632],[3.560707,44.353371],[3.561711,44.353574],[3.56192,44.353502],[3.562101,44.353323],[3.562542,44.353317],[3.563771,44.352991],[3.564414,44.352991],[3.565055,44.352919],[3.565147,44.352713],[3.565274,44.352228],[3.565446,44.352162],[3.565722,44.352401],[3.56601,44.352541],[3.566389,44.352861],[3.566815,44.35296],[3.568022,44.352837],[3.568448,44.352911],[3.569517,44.352927],[3.570966,44.352812],[3.571345,44.352861],[3.571759,44.352697],[3.572852,44.352985],[3.573013,44.352944],[3.572987,44.352604],[3.573365,44.351766],[3.573142,44.351139],[3.573046,44.350663],[3.572069,44.349309],[3.571973,44.348603],[3.571651,44.347732],[3.571763,44.347322],[3.571581,44.346792],[3.571774,44.346102],[3.571672,44.345849],[3.571349,44.345601],[3.571399,44.34548],[3.572123,44.345407],[3.572198,44.344847],[3.572413,44.344671],[3.572756,44.344594],[3.572874,44.344429],[3.57282,44.344122],[3.573569,44.3439],[3.573727,44.34333],[3.574,44.343094],[3.574312,44.34304],[3.574784,44.342918],[3.575519,44.342933],[3.576039,44.342818],[3.576755,44.342497],[3.577632,44.342323],[3.57797,44.342365],[3.578496,44.342158],[3.578936,44.341713],[3.579343,44.341506],[3.579612,44.341272],[3.579692,44.340973],[3.580186,44.340531],[3.580915,44.340105],[3.581139,44.339874],[3.581983,44.339373],[3.582466,44.338858],[3.582718,44.338766],[3.584295,44.336311],[3.584375,44.335916],[3.584289,44.335237],[3.583984,44.334469],[3.584068,44.33415],[3.584561,44.333752],[3.585974,44.333115],[3.586752,44.332812],[3.587417,44.332424],[3.587707,44.332098],[3.588125,44.33158],[3.588919,44.330855],[3.589707,44.330248],[3.590416,44.329174],[3.590979,44.328487],[3.591258,44.328449],[3.59136,44.328629],[3.591714,44.328871],[3.591714,44.328871],[3.591714,44.328871],[3.591652,44.329097],[3.590727,44.330214],[3.590517,44.330728],[3.590534,44.331008],[3.591258,44.331545],[3.590775,44.331822],[3.587841,44.332992],[3.587099,44.333421],[3.586585,44.333992],[3.586226,44.33463],[3.586129,44.335225],[3.586188,44.335946],[3.58688,44.335927],[3.587444,44.33656],[3.58732,44.337262],[3.587116,44.3378],[3.58827,44.3392],[3.589262,44.339952],[3.589589,44.340175],[3.589809,44.340593],[3.589753,44.341078],[3.589284,44.341652],[3.589096,44.342051],[3.589004,44.342464],[3.588881,44.342845],[3.588554,44.343401],[3.588618,44.343792],[3.58901,44.344329],[3.589,44.344956],[3.589305,44.345672],[3.589294,44.34601],[3.589992,44.346125],[3.590501,44.34639],[3.590829,44.346462],[3.591474,44.346513],[3.591397,44.346382],[3.591662,44.345973],[3.592068,44.345661],[3.592298,44.345588],[3.593339,44.345208],[3.595893,44.344648],[3.596456,44.344621],[3.597239,44.344759],[3.598114,44.344774],[3.599202,44.344606],[3.599855,44.344679],[3.60122,44.344974],[3.601225,44.344176],[3.601429,44.343884],[3.601633,44.343704],[3.60204,44.343681],[3.602131,44.343608],[3.602131,44.343225],[3.60263,44.343221],[3.603591,44.34342],[3.604067,44.341167],[3.603923,44.340919],[3.603902,44.340646],[3.604342,44.34065],[3.604514,44.340565],[3.605336,44.340681],[3.605406,44.340895],[3.606633,44.341847],[3.607185,44.342043],[3.607442,44.342369],[3.607442,44.342369],[3.608094,44.342926],[3.60847,44.343348],[3.60863,44.343609],[3.608529,44.344196],[3.608762,44.344256],[3.610082,44.344089],[3.610406,44.343923],[3.610568,44.343895],[3.610723,44.343731],[3.611897,44.343352],[3.612536,44.34334],[3.613346,44.343267],[3.614188,44.343306],[3.614982,44.343447],[3.615701,44.343524],[3.616469,44.343858],[3.616921,44.343979],[3.617151,44.343991],[3.617605,44.343873],[3.618032,44.3441],[3.618404,44.34423],[3.620357,44.345266],[3.622256,44.345784],[3.622798,44.345807],[3.623409,44.345937],[3.623763,44.345849],[3.624118,44.345688],[3.624525,44.345669],[3.624885,44.345742],[3.625426,44.345657],[3.626006,44.34527],[3.62636,44.345266],[3.626924,44.345272],[3.627422,44.344967],[3.627658,44.344683],[3.627958,44.343969],[3.629058,44.343436],[3.629192,44.343244],[3.629267,44.343048],[3.629664,44.342446],[3.629852,44.341759],[3.629792,44.34133],[3.62997,44.340643],[3.629778,44.339688],[3.630001,44.339052],[3.630361,44.338869],[3.630328,44.338276],[3.630437,44.337915],[3.630759,44.337324],[3.630952,44.337109],[3.631515,44.336726],[3.631767,44.336345],[3.632105,44.336142],[3.632331,44.335823],[3.632727,44.335517],[3.633006,44.33521],[3.633486,44.334815],[3.633795,44.334654],[3.634862,44.334558],[3.634961,44.334027],[3.63512,44.333967],[3.635358,44.334148],[3.635549,44.334147],[3.635634,44.33398],[3.635844,44.333844],[3.636252,44.333756],[3.636316,44.334212],[3.636767,44.334466],[3.636767,44.334592],[3.636521,44.334751],[3.636622,44.335034],[3.636552,44.335187],[3.636418,44.335218],[3.635715,44.335099],[3.635297,44.335187],[3.635087,44.335316],[3.635077,44.335882],[3.634813,44.336285],[3.634521,44.336776],[3.634364,44.337301],[3.634428,44.337508],[3.634884,44.337662],[3.635565,44.338161],[3.636,44.338671],[3.636477,44.338959],[3.636885,44.339362],[3.636879,44.33948],[3.636697,44.339557],[3.636193,44.339523],[3.635216,44.339707],[3.634943,44.339906],[3.63439,44.340417],[3.634187,44.340946],[3.63438,44.341499],[3.634396,44.341901],[3.634219,44.342178],[3.633811,44.342561],[3.633773,44.342768],[3.633972,44.342891],[3.634589,44.343037],[3.635361,44.343048],[3.635909,44.343317],[3.636273,44.3438],[3.636459,44.343882],[3.636709,44.344086],[3.636204,44.344671],[3.63578,44.344935],[3.635895,44.345074],[3.636166,44.3454],[3.636327,44.345868],[3.636343,44.346179],[3.636316,44.346363],[3.63644,44.346455],[3.636955,44.346428],[3.637609,44.346206],[3.638027,44.346298],[3.638106,44.34651],[3.63807,44.346919],[3.638301,44.347192],[3.638864,44.347242],[3.6392,44.347195],[3.639395,44.346942],[3.639867,44.346217],[3.640152,44.345922],[3.640618,44.345465],[3.640758,44.345158],[3.640747,44.34502],[3.64067,44.344946],[3.640747,44.344752],[3.641171,44.344403],[3.641691,44.344295],[3.642308,44.344023],[3.642555,44.343758],[3.642791,44.343739],[3.642818,44.344113],[3.642879,44.344338],[3.643049,44.344637],[3.642914,44.344997],[3.642973,44.345224],[3.64344,44.345872],[3.644018,44.345858],[3.644336,44.345926],[3.644653,44.346144],[3.64484,44.346156],[3.645227,44.345933],[3.645632,44.34544],[3.646396,44.345063],[3.646845,44.345101],[3.647265,44.345205],[3.647356,44.345354],[3.647989,44.345707],[3.648976,44.345933],[3.649593,44.345757],[3.65035,44.345423],[3.650714,44.345565],[3.651063,44.345611],[3.651293,44.345417],[3.651618,44.344807],[3.651905,44.34433],[3.652238,44.34428],[3.652941,44.344456],[3.65382,44.344936],[3.655954,44.345364],[3.656594,44.345508],[3.656771,44.345699],[3.657046,44.345716],[3.657414,44.345603],[3.657541,44.345849],[3.657545,44.346171],[3.657773,44.346034],[3.658161,44.345582],[3.658505,44.345554],[3.65878,44.345425],[3.659263,44.34515],[3.659485,44.345185],[3.659453,44.345324],[3.659271,44.345435],[3.659059,44.345772],[3.658852,44.345983],[3.658773,44.346429],[3.658881,44.346914],[3.658809,44.347173],[3.658686,44.347391],[3.659024,44.347249],[3.659456,44.347011],[3.659584,44.346787],[3.659865,44.346756],[3.659958,44.346603],[3.660316,44.346623],[3.660505,44.346406],[3.660719,44.346107],[3.661168,44.345927],[3.661404,44.345995],[3.661364,44.346214],[3.661503,44.346511],[3.662029,44.346978],[3.662059,44.347344],[3.66278,44.3473],[3.663122,44.347176],[3.663616,44.347211],[3.663825,44.347138],[3.664125,44.347169],[3.664305,44.347333],[3.664093,44.347422],[3.66463,44.348032],[3.664307,44.348098],[3.664404,44.348334],[3.664569,44.348434],[3.664469,44.348784],[3.664324,44.348891],[3.663938,44.348987],[3.663868,44.349551],[3.664174,44.349854],[3.664699,44.349969],[3.66508,44.349992],[3.66545,44.350165],[3.665702,44.35023],[3.665343,44.350004],[3.664973,44.349578],[3.665005,44.349389],[3.665574,44.349151],[3.666223,44.349037],[3.666877,44.348492],[3.667113,44.348316],[3.667048,44.348129],[3.666863,44.347929],[3.666738,44.34769],[3.666824,44.34741],[3.667435,44.346873],[3.66846,44.346217],[3.668798,44.346125],[3.6689,44.345884],[3.669216,44.345719],[3.669254,44.345592],[3.668771,44.345338],[3.668825,44.345151],[3.66898,44.345028],[3.668969,44.344817],[3.668792,44.34474],[3.667403,44.344848],[3.667237,44.344725],[3.667376,44.34415],[3.667698,44.343685],[3.6678,44.34311],[3.668288,44.342623],[3.668444,44.342335],[3.668653,44.342204],[3.668921,44.342128],[3.669061,44.341898],[3.669007,44.341629],[3.669211,44.34156],[3.670101,44.341679],[3.671367,44.341514],[3.671842,44.341239],[3.672344,44.341245],[3.672601,44.341429],[3.672488,44.341594],[3.672003,44.341787],[3.672,44.341978],[3.672499,44.342339],[3.67257,44.342667],[3.67332,44.343022],[3.67428,44.342872],[3.674688,44.342891],[3.67509,44.343079],[3.675506,44.342878],[3.675653,44.342839],[3.675975,44.342945],[3.676458,44.34272],[3.677193,44.342645],[3.677268,44.342734],[3.677188,44.34278],[3.67687,44.34275],[3.676493,44.342873],[3.676329,44.343064],[3.67605,44.34316],[3.675611,44.343179],[3.675299,44.343478],[3.675063,44.343478],[3.674607,44.343371],[3.674329,44.343444],[3.674119,44.343578],[3.673709,44.343699],[3.673771,44.343789],[3.674036,44.343656],[3.674393,44.343566],[3.674834,44.343628],[3.67524,44.3438],[3.675428,44.343804],[3.675702,44.343634],[3.675929,44.343561],[3.676313,44.343647],[3.677102,44.34349],[3.677998,44.343643],[3.678109,44.343797],[3.67833,44.343923],[3.678846,44.343859],[3.67965,44.34382],[3.680412,44.343908],[3.681415,44.343846],[3.68237,44.343547],[3.6834,44.343133],[3.683866,44.343175],[3.684682,44.343091],[3.684859,44.342956],[3.685545,44.342887],[3.686382,44.343261],[3.687251,44.34344],[3.687701,44.343426],[3.688153,44.343256],[3.688571,44.34288],[3.688732,44.342557],[3.688653,44.342347],[3.688866,44.342086],[3.689148,44.341874],[3.689644,44.341944],[3.690014,44.341863],[3.690668,44.34138],[3.690915,44.34108],[3.691068,44.340312],[3.691463,44.340069],[3.692074,44.339872],[3.692487,44.339668],[3.692873,44.339645],[3.693544,44.340275],[3.694198,44.341199],[3.69418,44.342191],[3.694579,44.342742],[3.694912,44.342864],[3.695356,44.34295],[3.695486,44.343259],[3.69606,44.343601],[3.696355,44.34357],[3.69702,44.343582],[3.697583,44.343235],[3.698173,44.343313],[3.698726,44.343125],[3.698678,44.342999],[3.698828,44.342841],[3.699402,44.342565],[3.699831,44.342051],[3.700802,44.34144],[3.701252,44.341284],[3.701837,44.341011],[3.702165,44.340799],[3.702658,44.340777],[3.70343,44.340555],[3.70387,44.34029],[3.703876,44.340067],[3.703807,44.339678],[3.704003,44.339456],[3.704536,44.339277],[3.704831,44.339039],[3.704852,44.338771],[3.704938,44.338634],[3.705694,44.338571],[3.705807,44.338172],[3.706038,44.338088],[3.706123,44.337961],[3.706407,44.337931],[3.706528,44.338005],[3.707088,44.338035],[3.707411,44.337831],[3.707861,44.338207],[3.707829,44.338395],[3.70806,44.338583],[3.70858,44.338563],[3.7098,44.338056],[3.710528,44.337615],[3.710966,44.337594],[3.711477,44.337762],[3.711815,44.337723],[3.712124,44.3374],[3.712502,44.336806],[3.712555,44.336553],[3.712963,44.336112],[3.713371,44.335467],[3.713336,44.335243],[3.71387,44.334953],[3.714174,44.334526],[3.714154,44.334865],[3.714014,44.335057],[3.713719,44.335271],[3.713807,44.335407],[3.71405,44.335535],[3.714063,44.335778],[3.714261,44.335801],[3.714674,44.335298],[3.714739,44.334892],[3.71496,44.334555],[3.715361,44.334308],[3.715812,44.334266],[3.715962,44.33414],[3.716065,44.333878],[3.716694,44.333666],[3.717206,44.333468],[3.718215,44.333257],[3.718724,44.332977],[3.719481,44.332766],[3.720355,44.332808],[3.720699,44.332988],[3.720994,44.333188],[3.721202,44.333284],[3.721384,44.333193],[3.721433,44.332962],[3.721621,44.332881],[3.721868,44.333034],[3.722726,44.33313],[3.723665,44.333107],[3.72359,44.333882],[3.723665,44.334059],[3.725167,44.334316],[3.725639,44.334374],[3.72609,44.334527],[3.726827,44.334475],[3.727785,44.334834],[3.72808,44.335118],[3.728064,44.335306],[3.72786,44.335632],[3.727648,44.335923],[3.727704,44.336104],[3.7283,44.336657],[3.728976,44.337597],[3.729469,44.337758],[3.730102,44.337796],[3.730835,44.338368],[3.731251,44.33848],[3.731862,44.338494],[3.732253,44.338671],[3.733718,44.339772],[3.734329,44.339949],[3.734775,44.339991],[3.735161,44.339975],[3.735392,44.340083],[3.735569,44.340282],[3.735554,44.340477],[3.735451,44.341042],[3.73574,44.341721],[3.735751,44.341813],[3.736212,44.341944],[3.736851,44.341997],[3.737412,44.342419],[3.737747,44.341986],[3.738621,44.341947],[3.739737,44.341495],[3.740359,44.340958],[3.741191,44.340559],[3.741636,44.340459],[3.742446,44.340409],[3.742167,44.340336],[3.741818,44.340179],[3.741748,44.340048],[3.741781,44.339922],[3.741315,44.339629],[3.741405,44.339534],[3.742156,44.339235],[3.742628,44.339212],[3.743041,44.338901],[3.743054,44.338579],[3.743162,44.338327],[3.743143,44.33813],[3.743867,44.338046],[3.744344,44.337861],[3.744672,44.337497],[3.744649,44.337972],[3.744447,44.338295],[3.74436,44.338812],[3.744184,44.339209],[3.74426,44.33938],[3.744677,44.339546],[3.745557,44.339543],[3.746572,44.33932],[3.747188,44.339373],[3.747762,44.339289],[3.74796,44.339235],[3.749012,44.339143],[3.749318,44.339004],[3.749621,44.338488],[3.749515,44.33805],[3.749851,44.337306],[3.749918,44.336925],[3.750514,44.336031],[3.751678,44.334454],[3.752949,44.333364],[3.753333,44.332924],[3.753497,44.332539],[3.753524,44.332195],[3.753706,44.331968],[3.753743,44.33173],[3.753945,44.331465],[3.754323,44.33102],[3.754376,44.330675],[3.754162,44.329892],[3.753894,44.32952],[3.753561,44.329351],[3.752934,44.329139],[3.752665,44.328936],[3.752429,44.328526],[3.752177,44.327428],[3.751968,44.327219],[3.751303,44.326987],[3.750562,44.326523],[3.74913,44.32526],[3.747762,44.323936],[3.747304,44.323298],[3.747231,44.322908],[3.74736,44.322443],[3.747655,44.321867],[3.747928,44.321541],[3.748057,44.32151],[3.7494,44.320372],[3.749307,44.319803],[3.747982,44.318924],[3.746983,44.318038],[3.746684,44.317534],[3.745943,44.316836],[3.746276,44.316836],[3.747317,44.317158],[3.748497,44.31778],[3.749071,44.317995],[3.74935,44.317999],[3.749495,44.317949],[3.750031,44.317956],[3.750948,44.317876],[3.752193,44.318014],[3.752944,44.317891],[3.753926,44.317914],[3.754934,44.31811],[3.755637,44.318095],[3.756071,44.318179],[3.75642,44.317956],[3.757048,44.317724],[3.757806,44.317522],[3.758421,44.317435],[3.759274,44.317181],[3.759853,44.317058],[3.760498,44.317014],[3.762611,44.317269],[3.76319,44.317381],[3.763786,44.317811],[3.764005,44.318317],[3.764075,44.318609],[3.764515,44.318759],[3.765057,44.319085],[3.765819,44.319058],[3.766816,44.318862],[3.767573,44.318636],[3.768265,44.318367],[3.769579,44.318091],[3.770555,44.317695],[3.771559,44.3173],[3.772487,44.316997],[3.772712,44.316655],[3.773248,44.315811],[3.773699,44.315531],[3.774643,44.315156],[3.775802,44.314986],[3.776794,44.31494],[3.777352,44.314928],[3.777835,44.315016],[3.778731,44.314813],[3.779133,44.314794],[3.779493,44.314598],[3.78019,44.313965],[3.780736,44.312949],[3.780995,44.312855],[3.781282,44.312989],[3.781971,44.31365],[3.782578,44.31397],[3.783355,44.314187],[3.783736,44.31454],[3.783851,44.314968],[3.783757,44.315128],[3.783789,44.31522],[3.78431,44.315285],[3.78498,44.315535],[3.786273,44.317058],[3.787984,44.31798],[3.78844,44.317926],[3.789449,44.317573],[3.791385,44.31725],[3.79336,44.317749],[3.795248,44.318187],[3.796122,44.318544],[3.79867,44.319008],[3.79903,44.318974],[3.799303,44.318751],[3.799706,44.318336],[3.800923,44.317546],[3.801717,44.317235],[3.80256,44.316974],[3.803423,44.316916],[3.803847,44.316951],[3.804614,44.31725],[3.806266,44.317404],[3.806759,44.31721],[3.807286,44.317127],[3.808133,44.316548],[3.809104,44.315661],[3.810005,44.315297],[3.810751,44.314709],[3.811121,44.314203],[3.811153,44.314003],[3.81184,44.313623],[3.812457,44.313139],[3.812709,44.313101],[3.814072,44.312291],[3.814183,44.312162],[3.814546,44.311956],[3.814721,44.312076],[3.814849,44.312449],[3.815488,44.313255],[3.815665,44.313308],[3.816013,44.312568],[3.816271,44.311554],[3.815987,44.310303],[3.815692,44.309094],[3.81538,44.308268],[3.815225,44.308165],[3.815171,44.307969],[3.815456,44.307151],[3.815673,44.305889],[3.815853,44.305593],[3.815828,44.305461],[3.815735,44.305178],[3.815735,44.304587],[3.815874,44.304295],[3.816051,44.304193],[3.815901,44.303543],[3.815676,44.30325],[3.815374,44.302489],[3.815026,44.302084],[3.81419,44.301738],[3.813533,44.300952],[3.812973,44.300497],[3.812654,44.300404],[3.812006,44.300406],[3.811556,44.300365],[3.81112,44.30048],[3.80963,44.299961],[3.809388,44.299988],[3.809168,44.299435],[3.809608,44.299247],[3.809726,44.299097],[3.810762,44.298774],[3.81096,44.298652],[3.811057,44.298521],[3.81124,44.298661],[3.811336,44.298529],[3.81145,44.298588],[3.811523,44.298429],[3.811703,44.298235],[3.811824,44.297715],[3.811922,44.297549],[3.81191,44.297169],[3.812071,44.296716],[3.812773,44.296041],[3.813841,44.295803],[3.814211,44.295522],[3.814392,44.295175],[3.814683,44.295177],[3.815338,44.294628],[3.815343,44.294486],[3.815761,44.294232],[3.816271,44.294182],[3.816003,44.29404],[3.816137,44.29399],[3.816893,44.293956],[3.817532,44.293675],[3.817898,44.293426],[3.818041,44.293128],[3.81914,44.291823],[3.819915,44.290911],[3.820083,44.290511],[3.820079,44.290288],[3.820595,44.290177],[3.821163,44.289758],[3.821549,44.28971],[3.821465,44.288942],[3.821628,44.288442],[3.822384,44.288143],[3.823504,44.287814],[3.824526,44.287449],[3.825101,44.287244],[3.825594,44.286902],[3.826156,44.286993],[3.826894,44.287049],[3.827542,44.287236],[3.827992,44.287324],[3.829006,44.286791],[3.829827,44.286042],[3.830057,44.285335],[3.829972,44.284655],[3.830771,44.284187],[3.831313,44.283653],[3.831377,44.283292],[3.831876,44.282812],[3.832332,44.282181],[3.832518,44.281995],[3.832745,44.281967],[3.832745,44.281756],[3.833583,44.281205],[3.834,44.281103],[3.834472,44.28113],[3.834167,44.280969],[3.833469,44.280853],[3.832498,44.280861],[3.832063,44.281064],[3.830708,44.281991],[3.830535,44.282236],[3.830514,44.281946],[3.831898,44.279932],[3.831032,44.280472],[3.830503,44.280984],[3.830186,44.281168],[3.829854,44.281495],[3.829398,44.281752],[3.829301,44.282144],[3.829317,44.282612],[3.828915,44.283023],[3.828663,44.283161],[3.828346,44.283261],[3.828148,44.283411],[3.827883,44.283406],[3.827445,44.283211],[3.826769,44.283112],[3.826181,44.283186],[3.8259,44.283364],[3.825739,44.283549],[3.825587,44.283563],[3.825392,44.283486],[3.825315,44.283361],[3.824747,44.283188],[3.824275,44.283246],[3.823979,44.283354],[3.823652,44.28363],[3.823491,44.283834],[3.823373,44.283868],[3.823036,44.28368],[3.821995,44.283618],[3.821807,44.283511],[3.821255,44.283442],[3.820359,44.283373],[3.819624,44.283761],[3.819243,44.284094],[3.819293,44.284371],[3.819221,44.284559],[3.818808,44.28468],[3.818663,44.285082],[3.818401,44.285132],[3.817885,44.28543],[3.817771,44.285696],[3.817781,44.285919],[3.817355,44.286249],[3.816963,44.286529],[3.816722,44.286998],[3.816185,44.287751],[3.816158,44.288161],[3.815912,44.288457],[3.81538,44.288292],[3.815144,44.288353],[3.814946,44.288492],[3.814356,44.288695],[3.81354,44.289463],[3.813503,44.289617],[3.813315,44.289878],[3.813154,44.290212],[3.812537,44.290377],[3.812285,44.290727],[3.811797,44.290496],[3.811452,44.290492],[3.811304,44.290547],[3.811159,44.290677],[3.810247,44.291022],[3.809826,44.291368],[3.809801,44.29184],[3.809523,44.292155],[3.809402,44.292126],[3.809303,44.291951],[3.809008,44.291848],[3.808739,44.29161],[3.808535,44.29131],[3.808133,44.290972],[3.807881,44.290719],[3.808037,44.290515],[3.807908,44.290343],[3.807624,44.290212],[3.807187,44.290205],[3.806833,44.290012],[3.806867,44.289755],[3.806663,44.289853],[3.806517,44.289716],[3.806449,44.289279],[3.806258,44.289326],[3.806135,44.289179],[3.806135,44.288973],[3.805727,44.288669],[3.805684,44.288799],[3.805522,44.288863],[3.805521,44.288668],[3.805346,44.288524],[3.804984,44.288458],[3.804228,44.28875],[3.802956,44.288745],[3.802867,44.288841],[3.802228,44.288795],[3.800773,44.288799],[3.798348,44.288653],[3.797436,44.288423],[3.795232,44.287355],[3.79484,44.287067],[3.794513,44.286695],[3.79432,44.286675],[3.794014,44.286767],[3.793896,44.286641],[3.793735,44.2858],[3.793765,44.285405],[3.793531,44.285335],[3.793349,44.285485],[3.792988,44.285678],[3.792485,44.285811],[3.792018,44.286007],[3.791793,44.28598],[3.790157,44.285059],[3.790034,44.28492],[3.789969,44.284648],[3.790004,44.284364],[3.789771,44.284314],[3.789374,44.284244],[3.789234,44.284083],[3.788983,44.283604],[3.788716,44.283295],[3.788376,44.282797],[3.788161,44.282401],[3.787974,44.28224],[3.78763,44.282025],[3.787518,44.281829],[3.787705,44.281456],[3.787765,44.281205],[3.787936,44.280688],[3.788253,44.280585],[3.788303,44.280429],[3.788317,44.280339],[3.788107,44.280178],[3.787857,44.280127],[3.787502,44.279325],[3.787207,44.279114],[3.786981,44.278726],[3.787475,44.278564],[3.787673,44.278411],[3.787727,44.277984],[3.787823,44.27775],[3.787807,44.277477],[3.788537,44.277205],[3.788859,44.276748],[3.789578,44.276133],[3.789588,44.275972],[3.789728,44.275857],[3.789647,44.275584],[3.789867,44.275177],[3.790261,44.275156],[3.790898,44.275251],[3.791037,44.275338],[3.791391,44.275365],[3.791756,44.274724],[3.791906,44.274397],[3.792936,44.273575],[3.793268,44.273448],[3.793392,44.27316],[3.793934,44.272888],[3.794545,44.272242],[3.795178,44.271413],[3.795634,44.270448],[3.796149,44.269842],[3.796525,44.269811],[3.79719,44.269396],[3.79786,44.269181],[3.798332,44.268793],[3.798939,44.268566],[3.799567,44.268509],[3.799958,44.26827],[3.800553,44.267894],[3.801396,44.267823],[3.80194,44.267335],[3.802287,44.266855],[3.802367,44.266623],[3.80234,44.26653],[3.804501,44.2659],[3.805397,44.26577],[3.806293,44.2658],[3.80742,44.265804],[3.808407,44.265593],[3.809877,44.265443],[3.810638,44.26552],[3.811314,44.265409],[3.811738,44.265482],[3.812092,44.265401],[3.812237,44.265497],[3.812571,44.265372],[3.813557,44.265282],[3.813841,44.265458],[3.81427,44.265528],[3.814877,44.265494],[3.815959,44.26559],[3.817543,44.265494],[3.818009,44.265459],[3.818755,44.265167],[3.818875,44.265033],[3.819677,44.264967],[3.820445,44.264752],[3.820726,44.264532],[3.821344,44.264245],[3.821616,44.263861],[3.821898,44.263507],[3.822113,44.263434],[3.822566,44.262921],[3.822601,44.262719],[3.822799,44.262378],[3.823422,44.261832],[3.823655,44.261359],[3.823449,44.260975],[3.82355,44.260591],[3.823529,44.260338],[3.823631,44.260126],[3.823808,44.259976],[3.823862,44.259757],[3.823797,44.259485],[3.824023,44.259193],[3.824103,44.258981],[3.824263,44.258777],[3.824441,44.258724],[3.824221,44.258477],[3.824705,44.257999],[3.824854,44.258055],[3.825224,44.25756],[3.825943,44.25668],[3.826083,44.25643],[3.82649,44.256008],[3.82649,44.256008],[3.826568,44.25563],[3.826568,44.254616],[3.826745,44.254044],[3.82711,44.253778],[3.827754,44.253598],[3.828927,44.252728],[3.829506,44.252581],[3.830468,44.252019],[3.831495,44.251651],[3.833774,44.249972],[3.834158,44.249493],[3.834289,44.249356],[3.834379,44.249084],[3.83414,44.2488],[3.83406,44.24852],[3.83314,44.24775],[3.83278,44.24753],[3.8323,44.2475],[3.83128,44.24734],[3.82872,44.24661],[3.82787,44.24591],[3.82767,44.24557],[3.82749,44.24522],[3.82738,44.24491],[3.82738,44.24446],[3.8273,44.24402],[3.82673,44.24355],[3.82657,44.24336],[3.82641,44.24295],[3.82626,44.24277],[3.82624,44.24226],[3.82632,44.2422],[3.82603,44.24216],[3.82585,44.24218],[3.82556,44.24232],[3.82552,44.24218],[3.8257,44.24196],[3.8256,44.2419],[3.82532,44.24192],[3.82515,44.24202],[3.82501,44.2419],[3.82475,44.24179],[3.82405,44.24134],[3.82381,44.24124],[3.82367,44.24107],[3.82364,44.24095],[3.8237,44.24085],[3.82351,44.24072],[3.82346,44.2406],[3.82337,44.24051],[3.8233,44.2402],[3.82324,44.24005],[3.82326,44.23997],[3.82334,44.23993],[3.8233,44.23983],[3.82296,44.23988],[3.82254,44.24023],[3.82252,44.24008],[3.82263,44.23971],[3.822497,44.239418],[3.82204,44.23917],[3.821802,44.239054],[3.821594,44.239239],[3.8214,44.2392],[3.821404,44.23944],[3.82127,44.23966],[3.82108,44.23929],[3.82108,44.23908],[3.820737,44.239086],[3.820782,44.238537],[3.820244,44.238141],[3.8199,44.2376],[3.819675,44.237027],[3.81971,44.236813],[3.81928,44.23631],[3.81925,44.236787],[3.818962,44.237037],[3.818969,44.236689],[3.81878,44.236331],[3.81788,44.23582],[3.817467,44.235684],[3.816996,44.235042],[3.817007,44.23477],[3.816835,44.234547],[3.816869,44.234069],[3.816777,44.233682],[3.817053,44.233122],[3.817398,44.23285],[3.817295,44.232347],[3.817391,44.231558],[3.817179,44.230955],[3.816982,44.230313],[3.817543,44.230824],[3.818203,44.231259],[3.818628,44.23145],[3.81889,44.23168],[3.818954,44.231471],[3.818711,44.231042],[3.818605,44.230748],[3.818135,44.230308],[3.81762,44.22978],[3.817331,44.229634],[3.816944,44.229574],[3.816473,44.229949],[3.816071,44.230069],[3.815608,44.230074],[3.815002,44.230275],[3.81441,44.230308],[3.81375,44.230504],[3.813181,44.230868],[3.812968,44.230748],[3.813029,44.230232],[3.81337,44.22993],[3.81447,44.229726],[3.814539,44.229422],[3.814683,44.229188],[3.814774,44.228645],[3.815138,44.228106],[3.815039,44.22797],[3.814402,44.228362],[3.814152,44.228732],[3.813892,44.228976],[3.813516,44.229141],[3.813152,44.22928],[3.813248,44.228991],[3.813339,44.227865],[3.812889,44.227204],[3.812867,44.226612],[3.812664,44.226212],[3.81261,44.225682],[3.81243,44.22538],[3.812031,44.22519],[3.811516,44.225182],[3.810925,44.22499],[3.810443,44.224997],[3.81025,44.224475],[3.80996,44.22429],[3.809531,44.224144],[3.809252,44.223598],[3.808951,44.223245],[3.808769,44.222783],[3.808404,44.222299],[3.807878,44.222114],[3.807921,44.221807],[3.807331,44.221245],[3.806677,44.221153],[3.80658,44.220961],[3.806666,44.220676],[3.806891,44.220607],[3.807331,44.220561],[3.807943,44.220284],[3.8087,44.22031],[3.809209,44.219877],[3.809381,44.219369],[3.809434,44.218785],[3.809278,44.218543],[3.809065,44.218477],[3.808924,44.218355],[3.808959,44.218203],[3.808386,44.217589],[3.808336,44.217057],[3.807614,44.215981],[3.807359,44.2159],[3.806906,44.216093],[3.80668,44.216072],[3.806581,44.215895],[3.8068,44.215519],[3.807019,44.215276],[3.80707,44.21512],[3.807005,44.214824],[3.807253,44.214373],[3.807324,44.214231],[3.807834,44.213982],[3.807961,44.213855],[3.807876,44.213434],[3.807869,44.213033],[3.807777,44.212623],[3.807756,44.212318],[3.80748,44.211811],[3.807614,44.211491],[3.80784,44.21135],[3.80835,44.211177],[3.808895,44.21074],[3.80908,44.21042],[3.8092,44.209802],[3.808909,44.209457],[3.808662,44.209284],[3.80864,44.20898],[3.809355,44.208361],[3.810205,44.207894],[3.811351,44.207478],[3.812095,44.207194],[3.812696,44.207163],[3.812923,44.207052],[3.81299,44.20669],[3.813043,44.206427],[3.8146,44.206199],[3.814912,44.206093],[3.81558,44.206],[3.816136,44.205768],[3.816689,44.205463],[3.817007,44.205194],[3.81711,44.20497],[3.817375,44.204753],[3.817835,44.20456],[3.818281,44.204479],[3.818805,44.204281],[3.819485,44.204241],[3.820001,44.203941],[3.820907,44.203946],[3.82125,44.20388],[3.821523,44.203667],[3.821686,44.203383],[3.821884,44.203221],[3.823194,44.202835],[3.823576,44.202556],[3.823916,44.202429],[3.8249,44.202439],[3.826025,44.202632],[3.826733,44.202409],[3.82725,44.202211],[3.827787,44.202317],[3.827894,44.202322],[3.827915,44.202185],[3.827816,44.201982],[3.828049,44.201678],[3.82817,44.201734],[3.828106,44.201982],[3.828205,44.201982],[3.828368,44.201724],[3.82887,44.201439],[3.829076,44.201089],[3.829231,44.200617],[3.829564,44.200399],[3.83013,44.200551],[3.83086,44.20044],[3.831497,44.20014],[3.831992,44.199755],[3.831992,44.199526],[3.831815,44.199217],[3.831773,44.198938],[3.83185,44.198765],[3.832197,44.198775],[3.832672,44.198648],[3.833252,44.198395],[3.833351,44.198232],[3.83324,44.19799],[3.832813,44.197568],[3.832438,44.197268],[3.832466,44.197009],[3.832636,44.196918],[3.833245,44.196979],[3.83339,44.19688],[3.833585,44.196527],[3.833436,44.196365],[3.83345,44.196279],[3.83367,44.196126],[3.833953,44.19569],[3.83437,44.195644],[3.83476,44.195421],[3.834972,44.195162],[3.835114,44.194929],[3.83534,44.194888],[3.835652,44.19503],[3.836006,44.195355],[3.836253,44.195431],[3.836543,44.19539],[3.836897,44.195172],[3.837669,44.194913],[3.838327,44.194802],[3.83872,44.1947],[3.839162,44.194558],[3.839276,44.194426],[3.839262,44.19432],[3.839361,44.194127],[3.83938,44.19388],[3.839311,44.193721],[3.83908,44.19354],[3.839113,44.193396],[3.839509,44.193178],[3.839615,44.192944],[3.839693,44.192396],[3.839729,44.192193],[3.839431,44.19201],[3.839304,44.191762],[3.838915,44.191696],[3.83865,44.19151],[3.837867,44.190899],[3.837577,44.190858],[3.837258,44.191071],[3.836989,44.19131],[3.836841,44.191269],[3.836848,44.191082],[3.836954,44.190747],[3.83694,44.190467],[3.83692,44.190454],[3.83632,44.189977],[3.835665,44.189708],[3.835193,44.189269],[3.834539,44.189046],[3.833981,44.188916],[3.833273,44.188454],[3.833423,44.187854],[3.834045,44.187238],[3.834002,44.186938],[3.833606,44.186785],[3.832501,44.187038],[3.832264,44.186577],[3.832715,44.186138],[3.833541,44.1858],[3.834668,44.184977],[3.835161,44.183992],[3.835118,44.183607],[3.835211,44.18284],[3.835183,44.181176],[3.83529,44.181014],[3.835676,44.181049],[3.836427,44.180784],[3.836524,44.180522],[3.836535,44.17956],[3.837382,44.17869],[3.837832,44.178513],[3.838069,44.178136],[3.838101,44.177706],[3.838455,44.177206],[3.838562,44.176875],[3.839179,44.17634],[3.839656,44.176244],[3.840279,44.175974],[3.842199,44.175497],[3.842714,44.175036],[3.842671,44.174428],[3.842167,44.173497],[3.842188,44.172758],[3.841449,44.172227],[3.841255,44.171973],[3.840837,44.172342],[3.839753,44.171511],[3.839099,44.171242],[3.838831,44.170419],[3.839699,44.169272],[3.841652,44.168041],[3.842199,44.167756],[3.842317,44.167479],[3.841985,44.163261],[3.841491,44.16333],[3.841116,44.163238],[3.841663,44.163108],[3.842328,44.1628],[3.841899,44.162838],[3.841084,44.162692],[3.841095,44.161745],[3.841255,44.160498],[3.841684,44.159867],[3.841534,44.15949],[3.841169,44.159197],[3.841105,44.15872],[3.840698,44.15852],[3.840494,44.15812],[3.840633,44.156842],[3.841212,44.156781],[3.84132,44.15655],[3.84147,44.15675],[3.842181,44.156757],[3.842649,44.156872],[3.842329,44.156563],[3.841885,44.156351],[3.841947,44.15628],[3.842304,44.156395],[3.842539,44.156359],[3.841996,44.156085],[3.841935,44.155855],[3.841663,44.155378],[3.841528,44.155316],[3.840998,44.154573],[3.840604,44.154538],[3.840234,44.154096],[3.839741,44.15414],[3.839445,44.154096],[3.839359,44.153919],[3.839026,44.153981],[3.838336,44.153972],[3.838398,44.15376],[3.838533,44.153424],[3.838903,44.152999],[3.838891,44.152628],[3.838706,44.152327],[3.838792,44.152301],[3.839186,44.152646],[3.83931,44.152973],[3.83979,44.15307],[3.839537,44.15285],[3.839238,44.151764],[3.839217,44.151723],[3.838584,44.150931],[3.838262,44.150038],[3.837951,44.149591],[3.837296,44.148167],[3.837468,44.147666],[3.836567,44.146458],[3.835162,44.145711],[3.835118,44.145565],[3.833959,44.144849],[3.834131,44.144826],[3.834582,44.144906],[3.835408,44.144872],[3.835483,44.144671],[3.835,44.144233],[3.835075,44.14364],[3.834957,44.143382],[3.834539,44.143078],[3.834496,44.142701],[3.834206,44.142239],[3.834577,44.141334],[3.834292,44.140514],[3.8341,44.139459],[3.833928,44.13909],[3.834131,44.138597],[3.83411,44.138135],[3.833885,44.137711],[3.833982,44.137411],[3.835301,44.136248],[3.83616,44.135902],[3.837329,44.135686],[3.838036,44.13544],[3.838691,44.135132],[3.839668,44.135008],[3.839903,44.134824],[3.839807,44.134747],[3.841046,44.134093],[3.840582,44.133889],[3.840548,44.133754],[3.840451,44.133588],[3.841352,44.132868],[3.841469,44.13256],[3.843218,44.131236],[3.843455,44.130896],[3.84427,44.130642],[3.845021,44.130196],[3.845536,44.129996],[3.846383,44.128971],[3.847081,44.127446],[3.847183,44.126453],[3.847706,44.125532],[3.847908,44.124705],[3.847735,44.123065],[3.847912,44.122306],[3.847853,44.122071],[3.848049,44.121698],[3.848116,44.120939],[3.848615,44.120146],[3.849184,44.118898],[3.848444,44.11899],[3.846899,44.11956],[3.845429,44.120308],[3.845053,44.121393],[3.844753,44.120238],[3.84545,44.119221],[3.845879,44.119098],[3.846233,44.118559],[3.846984,44.118174],[3.84752,44.117442],[3.847832,44.117219],[3.848454,44.116464],[3.849549,44.115586],[3.850365,44.115455],[3.850987,44.115139],[3.851877,44.115055],[3.853282,44.114723],[3.854377,44.114068],[3.855728,44.113675],[3.857649,44.112744],[3.860664,44.112374],[3.861919,44.112004],[3.86297,44.112243],[3.864869,44.113021],[3.86766,44.113815],[3.869642,44.114099],[3.871737,44.113937],[3.872615,44.113307],[3.873259,44.112366],[3.871833,44.112066],[3.872047,44.111565],[3.871843,44.110694],[3.871832,44.110024],[3.87224,44.109747],[3.872154,44.109054],[3.872852,44.107768],[3.873501,44.10707],[3.874536,44.106573],[3.875792,44.106188],[3.877036,44.105726],[3.878281,44.105032],[3.878624,44.105117],[3.880373,44.104362],[3.879965,44.103869],[3.883205,44.102421],[3.884782,44.10534],[3.885629,44.106296],[3.886456,44.106773],[3.887614,44.107212],[3.887829,44.107497],[3.887856,44.10769],[3.888827,44.107929],[3.890136,44.108022],[3.891413,44.108476],[3.891879,44.108557],[3.892249,44.108753],[3.89269,44.108723],[3.893022,44.108611],[3.893826,44.108838],[3.89491,44.108953],[3.896101,44.109523],[3.89652,44.109655],[3.897201,44.110101],[3.89698,44.110363],[3.896959,44.110579],[3.897421,44.111064],[3.897389,44.110571],[3.897581,44.110848],[3.897796,44.111122],[3.897732,44.111365],[3.897785,44.111704],[3.897994,44.111796],[3.898386,44.111757],[3.898826,44.112744],[3.899609,44.113144],[3.899604,44.113425],[3.899717,44.113575],[3.900768,44.113182],[3.901165,44.113614],[3.90168,44.113899],[3.901498,44.114369],[3.901895,44.114769],[3.902656,44.115178],[3.903643,44.115385],[3.904502,44.114977],[3.905843,44.115293],[3.906337,44.115023],[3.907312,44.115392],[3.907946,44.115497],[3.908369,44.115789],[3.909491,44.116127],[3.909963,44.116057],[3.910337,44.11587],[3.911247,44.115894],[3.911638,44.115847],[3.912353,44.116197],[3.912971,44.116337],[3.913426,44.116501],[3.914646,44.116699],[3.915784,44.117073],[3.917313,44.11782],[3.918077,44.117668],[3.91863,44.117575],[3.919053,44.117423],[3.919394,44.117388],[3.919638,44.117446],[3.919964,44.117365],[3.921395,44.117423],[3.922224,44.117166],[3.922631,44.116933],[3.922891,44.116641],[3.923379,44.116302],[3.924371,44.116547],[3.924777,44.116536],[3.925623,44.116162],[3.926224,44.115812],[3.926729,44.116127],[3.927623,44.116092],[3.928192,44.116139],[3.928647,44.116127],[3.929184,44.116291],[3.930859,44.116337],[3.932274,44.116244],[3.932973,44.11594],[3.932973,44.115438],[3.933103,44.115368],[3.933933,44.115427],[3.934681,44.115018],[3.935819,44.114364],[3.936225,44.113897],[3.936648,44.113325],[3.937185,44.113103],[3.937722,44.112496],[3.938128,44.111761],[3.939494,44.111761],[3.940063,44.11141],[3.940876,44.111294],[3.940909,44.111515],[3.941429,44.111632],[3.941755,44.111562],[3.942112,44.111562],[3.94247,44.11141],[3.942795,44.111153],[3.943391,44.111164],[3.943692,44.111021],[3.943852,44.110733],[3.944352,44.110331],[3.944753,44.11023],[3.945494,44.109554],[3.946575,44.109138],[3.947756,44.107686],[3.948577,44.106219],[3.948677,44.104537],[3.948116,44.103272],[3.947836,44.102496],[3.948176,44.102467],[3.948096,44.101705],[3.948317,44.101619],[3.948237,44.101058],[3.948597,44.100382],[3.949638,44.099103],[3.950159,44.099002],[3.950439,44.099045],[3.95196,44.098772],[3.952721,44.098973],[3.953202,44.098485],[3.953542,44.098355],[3.954523,44.098168],[3.954743,44.097996],[3.955544,44.097996],[3.955744,44.097866],[3.955864,44.097536],[3.956585,44.096903],[3.957046,44.0964],[3.957106,44.096127],[3.957506,44.095724],[3.957386,44.095566],[3.956905,44.095451],[3.956865,44.094804],[3.957226,44.0942],[3.957206,44.093912],[3.956905,44.094114],[3.956365,44.094301],[3.956305,44.094157],[3.956865,44.093912],[3.956745,44.093639],[3.955764,44.094157],[3.954663,44.094272],[3.953522,44.094315],[3.95196,44.093941],[3.950439,44.093955],[3.949017,44.094545],[3.948076,44.095293],[3.947476,44.096069],[3.947115,44.097133],[3.947075,44.097866],[3.946875,44.09801],[3.946194,44.098154],[3.946274,44.097493],[3.946234,44.096903],[3.945974,44.096644],[3.944913,44.096831],[3.944573,44.096759],[3.944533,44.095983],[3.944513,44.095523],[3.944152,44.094257],[3.944633,44.092877],[3.945253,44.092244],[3.945394,44.091684],[3.944092,44.091583],[3.943031,44.09164],[3.942491,44.091971],[3.94181,44.092029],[3.94153,44.091755],[3.94155,44.091382],[3.942431,44.091252],[3.943371,44.090864],[3.944232,44.090087],[3.944373,44.089742],[3.944753,44.089412],[3.945273,44.089253],[3.945614,44.088908],[3.945774,44.088563],[3.946395,44.088434],[3.946795,44.088218],[3.946915,44.088347],[3.947195,44.088002],[3.947075,44.08783],[3.947135,44.087557],[3.946955,44.087183],[3.947356,44.086823],[3.947396,44.086147],[3.947656,44.085486],[3.948156,44.084839],[3.948557,44.084695],[3.948637,44.084465],[3.949037,44.084048],[3.949638,44.082854],[3.949398,44.08225],[3.949758,44.081718],[3.949858,44.081387],[3.949878,44.081128],[3.950639,44.081315],[3.95114,44.080869],[3.95114,44.080467],[3.950919,44.079862],[3.95116,44.079287],[3.95116,44.078726],[3.95164,44.078367],[3.952161,44.07841],[3.952461,44.078496],[3.953842,44.078683],[3.954603,44.07828],[3.954863,44.078309],[3.955064,44.078122],[3.955204,44.077676],[3.955824,44.077302],[3.956025,44.076986],[3.955864,44.076612],[3.955884,44.076367],[3.955804,44.076037],[3.956205,44.07526],[3.956705,44.075059],[3.957246,44.074498],[3.957046,44.074253],[3.956605,44.074167],[3.956785,44.074023],[3.958287,44.073937],[3.958888,44.074023],[3.959168,44.074023],[3.959829,44.074296],[3.960469,44.074311],[3.96087,44.074469],[3.96135,44.074987],[3.962111,44.075246],[3.962471,44.074785],[3.963933,44.074656],[3.964674,44.073951],[3.966575,44.073505],[3.967837,44.073361],[3.968317,44.073074],[3.968738,44.072124],[3.969018,44.071103],[3.969458,44.071089],[3.969939,44.070815],[3.970399,44.070254],[3.97082,44.069564],[3.971521,44.068873],[3.972261,44.06791],[3.972782,44.067176],[3.975965,44.065277],[3.976286,44.064702],[3.976806,44.064284],[3.977126,44.064097],[3.977827,44.062515],[3.978728,44.061709],[3.97889,44.060984],[3.979282,44.060622],[3.979375,44.060407],[3.980123,44.059924],[3.980851,44.060004],[3.981038,44.059937],[3.982009,44.060085],[3.983186,44.059762],[3.983859,44.059736],[3.984755,44.059413],[3.985091,44.059118],[3.985857,44.058192],[3.986268,44.057507],[3.986903,44.05591],[3.987097,44.05536],[3.987175,44.054646],[3.987297,44.054508],[3.987332,44.054051],[3.987036,44.053819],[3.986251,44.053625],[3.985499,44.053493],[3.985369,44.053306],[3.985141,44.050782],[3.984816,44.050969],[3.984166,44.051027],[3.983759,44.051728],[3.98345,44.05167],[3.983401,44.051132],[3.983645,44.05077],[3.984946,44.047813],[3.984946,44.046983],[3.985174,44.046819],[3.985044,44.046632],[3.984751,44.046586],[3.984393,44.046071],[3.984296,44.046562],[3.983775,44.047392],[3.983287,44.047392],[3.982995,44.047684],[3.982604,44.047345],[3.981726,44.04724],[3.981466,44.047275],[3.98062,44.047217],[3.980718,44.046971],[3.980539,44.046317],[3.979596,44.046364],[3.979173,44.046328],[3.978555,44.046422],[3.978506,44.046188],[3.9781,44.045709],[3.978327,44.045066],[3.978864,44.044996],[3.979368,44.044563],[3.979417,44.044201],[3.979287,44.043979],[3.979417,44.04357],[3.979401,44.043196],[3.979482,44.042705],[3.979385,44.042354],[3.978913,44.041898],[3.979319,44.041723],[3.979596,44.041477],[3.978962,44.04122],[3.97875,44.040893],[3.979352,44.040729],[3.980165,44.040612],[3.980214,44.040098],[3.980718,44.040285],[3.981238,44.040659],[3.981873,44.040823],[3.982247,44.04115],[3.98306,44.041477],[3.983613,44.041559],[3.984263,44.041828],[3.984556,44.041805],[3.984588,44.040963],[3.984344,44.040203],[3.984523,44.040098],[3.984491,44.039689],[3.985109,44.039373],[3.985239,44.039186],[3.985223,44.039011],[3.985597,44.038625],[3.985092,44.038076],[3.984907,44.038027],[3.984368,44.037411],[3.984674,44.037152],[3.985657,44.036716],[3.986416,44.036491],[3.986683,44.036306],[3.986907,44.036236],[3.987314,44.035302],[3.988013,44.035275],[3.98847,44.035019],[3.988745,44.034577],[3.989814,44.034234],[3.990244,44.034185],[3.99033,44.03424],[3.98988,44.034458],[3.989515,44.034739],[3.989578,44.034837],[3.990145,44.034554],[3.99096,44.034509],[3.9914,44.034272],[3.991849,44.033807],[3.992111,44.033768],[3.992329,44.033804],[3.992546,44.033925],[3.992901,44.034215],[3.99317,44.03455],[3.993952,44.035158],[3.994563,44.035527],[3.996801,44.035819],[3.996655,44.035083],[3.996638,44.034627],[3.996638,44.034218],[3.996281,44.033832],[3.996004,44.033785],[3.995874,44.033528],[3.995272,44.033271],[3.99511,44.03306],[3.995159,44.032838],[3.994963,44.032698],[3.994898,44.032523],[3.994085,44.032242],[3.99337,44.031833],[3.993419,44.031494],[3.993305,44.031166],[3.993679,44.031038],[3.994215,44.031049],[3.9955,44.030816],[3.996134,44.030032],[3.99602,44.029693],[3.995679,44.029553],[3.994963,44.029109],[3.993581,44.028723],[3.992605,44.028536],[3.99189,44.028267],[3.992004,44.028068],[3.993484,44.027507],[3.994622,44.026525],[3.995159,44.02587],[3.995289,44.025297],[3.995256,44.02504],[3.994508,44.024888],[3.99389,44.024408],[3.993549,44.023964],[3.993451,44.02359],[3.993272,44.023484],[3.992638,44.022946],[3.992361,44.022561],[3.98802,44.020619],[3.987987,44.020011],[3.987385,44.019813],[3.98719,44.018842],[3.987971,44.018304],[3.98893,44.018105],[3.989272,44.018222],[3.989516,44.017708],[3.989386,44.016608],[3.99041,44.015685],[3.990995,44.015509],[3.99093,44.015158],[3.991207,44.014983],[3.991516,44.014351],[3.991744,44.014246],[3.991857,44.013895],[3.992166,44.013977],[3.992996,44.013825],[3.993451,44.014234],[3.993744,44.014258],[3.994785,44.014024],[3.995061,44.014036],[3.995646,44.014375],[3.996427,44.014468],[3.996801,44.014351],[3.996947,44.013884],[3.997273,44.013778],[3.998622,44.01365],[3.999061,44.013498],[4.000021,44.013299],[4.000492,44.013018],[4.000623,44.01255],[4.000769,44.012398],[4.001989,44.012796],[4.00233,44.012632],[4.002867,44.012609],[4.003338,44.012819],[4.00368,44.012585],[4.005029,44.012574],[4.005225,44.012924],[4.005696,44.013041],[4.007583,44.012983],[4.00794,44.013065],[4.009745,44.013077],[4.010363,44.013731],[4.011469,44.014223],[4.012819,44.014457],[4.013567,44.01448],[4.014965,44.014983],[4.015518,44.015299],[4.015779,44.015369],[4.015876,44.015708],[4.017242,44.015965],[4.018787,44.016129],[4.018478,44.016374],[4.021275,44.016351],[4.021779,44.016164],[4.022999,44.016129],[4.023227,44.015837],[4.023698,44.015661],[4.024511,44.015614],[4.025682,44.015416],[4.025926,44.016012],[4.027048,44.015977],[4.027731,44.016152],[4.028609,44.016234],[4.029569,44.01641],[4.030333,44.016363],[4.030414,44.016702],[4.030642,44.017076],[4.03191,44.016398],[4.032024,44.016176],[4.033049,44.015649],[4.033813,44.014983],[4.034854,44.013533],[4.036399,44.012106],[4.03674,44.012515],[4.037635,44.012726],[4.038318,44.012772],[4.039456,44.012597],[4.040155,44.01227],[4.040854,44.012164],[4.04209,44.01227],[4.043212,44.012293],[4.044822,44.012691],[4.045001,44.012819],[4.045765,44.014258],[4.046627,44.015217],[4.047522,44.01593],[4.047603,44.016328],[4.047571,44.01655],[4.047619,44.016725],[4.049359,44.016948],[4.050839,44.017298],[4.05136,44.017158],[4.050595,44.014386],[4.051701,44.014024],[4.051685,44.013591],[4.051538,44.013065],[4.051083,44.012761],[4.05123,44.01244],[4.05301,44.012563],[4.054706,44.012602],[4.055285,44.012401],[4.056015,44.012633],[4.057217,44.012447],[4.058161,44.012185],[4.058805,44.012092],[4.059727,44.011907],[4.061015,44.01183],[4.062409,44.011583],[4.062989,44.012802],[4.063332,44.013327],[4.063439,44.013913],[4.064384,44.013929],[4.064577,44.015256],[4.065607,44.015549],[4.06698,44.015935],[4.067409,44.016506],[4.067667,44.017123],[4.067795,44.01791],[4.068267,44.018728],[4.068482,44.02007],[4.069254,44.020132],[4.071894,44.019191],[4.073031,44.018605],[4.073031,44.019006],[4.073546,44.019947],[4.074104,44.019932],[4.074533,44.021366],[4.074576,44.021984],[4.075541,44.025316],[4.075713,44.025517],[4.077215,44.025903],[4.078631,44.026474],[4.080133,44.026304],[4.0817,44.026859],[4.082601,44.026952],[4.084747,44.027492],[4.085627,44.02797],[4.086721,44.028819],[4.087172,44.028942],[4.091356,44.029065],[4.092429,44.028988],[4.093416,44.029081],[4.096098,44.028695],[4.096613,44.029035],[4.097536,44.02905],[4.098115,44.029204],[4.099317,44.029467],[4.100668,44.029482],[4.100411,44.029837],[4.100561,44.030084],[4.103415,44.029976],[4.104187,44.029899],[4.104788,44.029868],[4.105003,44.029467],[4.10569,44.029528],[4.10687,44.02905],[4.108672,44.028757],[4.109831,44.028819],[4.11011,44.028124],[4.110646,44.027939],[4.110754,44.027492],[4.111526,44.027538],[4.112663,44.02743],[4.113307,44.027492],[4.114702,44.027523],[4.115152,44.027908],[4.115667,44.028078],[4.118221,44.027554],[4.119015,44.027492],[4.119959,44.027353],[4.121246,44.027569],[4.122813,44.027723],[4.124057,44.027507],[4.124508,44.026628],[4.12468,44.026643],[4.126031,44.025208],[4.126375,44.025301],[4.126911,44.025178],[4.126976,44.025471],[4.127276,44.025517],[4.127491,44.025486],[4.127812,44.025748],[4.128177,44.025887],[4.128392,44.025934],[4.128735,44.026072],[4.1291,44.026088],[4.129572,44.026304],[4.12998,44.025502],[4.130473,44.025563],[4.130945,44.025471],[4.131224,44.025239],[4.131932,44.025301],[4.132576,44.02564],[4.133949,44.026057],[4.134271,44.026258],[4.135623,44.026736],[4.135902,44.026921],[4.136567,44.027122],[4.136696,44.027368],[4.136631,44.027692],[4.136524,44.02868],[4.137125,44.028803],[4.137275,44.029035],[4.13749,44.029266],[4.137425,44.029991],[4.137661,44.030346],[4.138219,44.030408],[4.137189,44.031302],[4.135838,44.031765],[4.136395,44.032043],[4.137082,44.034372],[4.138412,44.035869],[4.140494,44.036825],[4.14103,44.03772],[4.141889,44.041052],[4.141545,44.042286],[4.14088,44.043396],[4.141138,44.044599],[4.141588,44.045741],[4.14221,44.046265],[4.143283,44.047792],[4.139936,44.050152],[4.139442,44.050213],[4.138927,44.05066],[4.137511,44.050815],[4.136353,44.051061],[4.135559,44.050969],[4.13455,44.051354],[4.134765,44.051663],[4.13558,44.052064],[4.136975,44.052526],[4.138219,44.052557],[4.139528,44.052758],[4.14264,44.052496],[4.143262,44.052357],[4.143648,44.052712],[4.144378,44.052742],[4.145279,44.052912],[4.145644,44.053143],[4.145858,44.053344],[4.14676,44.053529],[4.148691,44.053113],[4.150257,44.052958],[4.152188,44.051863],[4.152853,44.051709],[4.153433,44.051246],[4.154398,44.050707],[4.154828,44.050074],[4.155364,44.049673],[4.155922,44.049612],[4.156523,44.049643],[4.156866,44.049488],[4.157295,44.049026],[4.158111,44.04864],[4.158604,44.048501],[4.159269,44.048008],[4.159505,44.046836],[4.159892,44.046203],[4.160128,44.045525],[4.161265,44.044275],[4.16223,44.043211],[4.162617,44.04281],[4.163024,44.041838],[4.16384,44.04099],[4.164162,44.039478],[4.164398,44.036763],[4.164698,44.035884],[4.165514,44.034835],[4.165471,44.034203],[4.16517,44.03357],[4.165149,44.033077],[4.16487,44.032382],[4.16414,44.031858],[4.163754,44.03138],[4.162788,44.030809],[4.162102,44.030269],[4.161158,44.029775],[4.160492,44.028788],[4.161021,44.02868],[4.16117,44.028782],[4.16117,44.028782],[4.16117,44.028782],[4.16209,44.02898],[4.163765,44.028904],[4.165496,44.028057],[4.166661,44.027706],[4.167744,44.027298],[4.168708,44.027163],[4.169093,44.027219],[4.170036,44.027229],[4.17072,44.0275],[4.172289,44.027313],[4.174685,44.027703],[4.17511,44.027996],[4.175695,44.02813],[4.176716,44.028053],[4.177188,44.027908],[4.177739,44.028138],[4.178033,44.027685],[4.178563,44.027094],[4.17884,44.026541],[4.178967,44.026423],[4.178992,44.026139],[4.17925,44.026081],[4.17961,44.025666],[4.17983,44.025535],[4.18028,44.025173],[4.180986,44.024909],[4.181188,44.024769],[4.18231,44.024364],[4.18244,44.024154],[4.183282,44.0238],[4.183788,44.023703],[4.183985,44.023562],[4.184343,44.02346],[4.184598,44.023238],[4.186784,44.021935],[4.187601,44.020931],[4.188376,44.020657],[4.188986,44.019963],[4.19004,44.01926],[4.190713,44.019036],[4.1916,44.018581],[4.19188,44.017349],[4.191991,44.016086],[4.192698,44.015408],[4.192814,44.015143],[4.19248,44.014928],[4.192664,44.013841],[4.193082,44.01354],[4.193221,44.013164],[4.192751,44.012914],[4.192733,44.012525],[4.192263,44.01235],[4.192803,44.011623],[4.193988,44.011159],[4.194504,44.010062],[4.194613,44.009704],[4.19576,44.009048],[4.197331,44.009011],[4.198316,44.00818],[4.198616,44.007735],[4.198809,44.007367],[4.199237,44.006925],[4.200141,44.006513],[4.200916,44.006077],[4.202765,44.005508],[4.203326,44.005471],[4.203771,44.003987],[4.203667,44.003872],[4.20374,44.00354],[4.203993,44.003625],[4.204149,44.003449],[4.204446,44.003424],[4.205091,44.002898],[4.204741,44.002667],[4.205531,44.00188],[4.205603,44.00168],[4.205887,44.001495],[4.206041,44.001526],[4.206433,44.001042],[4.20523,44.000428],[4.205282,44.000052],[4.20591,43.999688],[4.206398,43.9996],[4.206694,43.998836],[4.206711,43.998259],[4.207374,43.997544],[4.208036,43.997168],[4.208608,43.996967],[4.208717,43.996326],[4.209104,43.995629],[4.20947,43.994808],[4.209829,43.994427],[4.209983,43.993798],[4.210212,43.993401],[4.210545,43.993237],[4.210426,43.992717],[4.210467,43.992252],[4.21031,43.991754],[4.210562,43.991523],[4.211496,43.991142],[4.213065,43.990164],[4.213568,43.989651],[4.213375,43.989277],[4.213337,43.988966],[4.213216,43.988818],[4.213477,43.988369],[4.214255,43.988663],[4.214004,43.989197],[4.216597,43.989643],[4.216831,43.99052],[4.218144,43.992375],[4.21954,43.99236],[4.219833,43.992114],[4.22022,43.991657],[4.22098,43.990971],[4.22244,43.989827],[4.223229,43.988701],[4.22316,43.988216],[4.222963,43.987514],[4.223051,43.986367],[4.223991,43.984206],[4.223789,43.983525],[4.22307,43.982761],[4.223081,43.98201],[4.22331,43.981763],[4.224308,43.981353],[4.224318,43.980177],[4.224572,43.980179],[4.224493,43.980003],[4.224907,43.979706],[4.225442,43.979718],[4.226219,43.97956],[4.227343,43.979949],[4.22918,43.98],[4.23017,43.980282],[4.230122,43.979882],[4.23075,43.979089],[4.231555,43.978683],[4.232954,43.97836],[4.234353,43.978229],[4.235596,43.978365],[4.237472,43.978332],[4.238929,43.977959],[4.239687,43.977334],[4.240634,43.977046],[4.242491,43.97674],[4.243726,43.97658],[4.24543,43.976004],[4.246503,43.975381],[4.24741,43.974121],[4.249958,43.973523],[4.250706,43.973213],[4.252696,43.972939],[4.25282,43.972561],[4.255424,43.972164],[4.256975,43.971827],[4.25756,43.971768],[4.257511,43.971376],[4.257744,43.97119],[4.258707,43.970997],[4.259502,43.970114],[4.260512,43.96917],[4.261779,43.968179],[4.262821,43.967534],[4.263461,43.967332],[4.26401,43.966687],[4.265324,43.96601],[4.266339,43.965749],[4.267086,43.966818],[4.267834,43.966712],[4.270205,43.966931],[4.272715,43.966881],[4.2735,43.967082],[4.274266,43.967132],[4.274499,43.967591],[4.27539,43.968059],[4.276114,43.968239],[4.276482,43.96885],[4.27696,43.969292],[4.27771,43.969398],[4.279531,43.96925],[4.279548,43.968845],[4.280356,43.968701],[4.280456,43.968471],[4.280255,43.968055],[4.283488,43.966976],[4.285092,43.966843],[4.286581,43.966401],[4.286916,43.96613],[4.288292,43.965721],[4.288936,43.964926],[4.289236,43.964733],[4.290366,43.96479],[4.291209,43.964611],[4.29204,43.96468],[4.292582,43.96466],[4.29424,43.964748],[4.29582,43.964581],[4.296967,43.964894],[4.298361,43.965061],[4.300109,43.965172],[4.300874,43.965426],[4.303462,43.966019],[4.303798,43.964581],[4.30391,43.96405],[4.304247,43.963357],[4.305157,43.962054],[4.30609,43.96106],[4.30612,43.9604],[4.30681,43.959384],[4.307405,43.958307],[4.307435,43.9578],[4.307599,43.957285],[4.308137,43.956658],[4.308431,43.955873],[4.308881,43.955408],[4.309503,43.954943],[4.31005,43.954319],[4.312137,43.953329],[4.312548,43.953223],[4.313151,43.95295],[4.313742,43.95279],[4.314531,43.952256],[4.314585,43.952095],[4.314511,43.951371],[4.314646,43.951237],[4.316326,43.950674],[4.316492,43.950547],[4.316918,43.950591],[4.316957,43.95079],[4.316099,43.95248],[4.315927,43.953381],[4.316973,43.953574],[4.317877,43.953932],[4.318984,43.95416],[4.319527,43.954432],[4.320224,43.954671],[4.321013,43.955119],[4.321775,43.955231],[4.322397,43.95549],[4.322923,43.955517],[4.323646,43.955187],[4.324573,43.954725],[4.324648,43.954107],[4.32505,43.954022],[4.32528,43.953652],[4.327234,43.952472],[4.328073,43.95208],[4.32846,43.951729],[4.330521,43.950529],[4.331188,43.949967],[4.331863,43.949037],[4.332989,43.946901],[4.332053,43.94619],[4.331975,43.94602],[4.332546,43.945333],[4.332547,43.944394],[4.332945,43.943811],[4.333435,43.943701],[4.333556,43.943579],[4.333926,43.943664],[4.334467,43.943104],[4.334488,43.942944],[4.334735,43.942891],[4.335389,43.942644],[4.336349,43.94283],[4.336901,43.942675],[4.337693,43.94191],[4.339827,43.941795],[4.340401,43.941455],[4.34061,43.941169],[4.341022,43.939655],[4.341622,43.939608],[4.342759,43.939616],[4.343798,43.939763],[4.345061,43.939531],[4.346221,43.939608],[4.347639,43.939585],[4.347995,43.939442],[4.348399,43.939541],[4.349038,43.939473],[4.34955,43.93946],[4.35037,43.93923],[4.35068,43.93926],[4.35118,43.93975],[4.35149,43.9397],[4.35185,43.94012],[4.35178,43.94026],[4.3519,43.94057],[4.35172,43.94083],[4.35196,43.94105],[4.35204,43.94142],[4.353,43.94221],[4.35385,43.9427],[4.35432,43.94279],[4.35451,43.94309],[4.35577,43.94413],[4.35666,43.94466],[4.35666,43.94539],[4.35715,43.94572],[4.35741,43.94607],[4.35819,43.94675],[4.35843,43.94738],[4.35848,43.94864],[4.35838,43.94913],[4.35843,43.95032],[4.35864,43.95167],[4.35908,43.9522],[4.36076,43.95345],[4.36087,43.95397],[4.36136,43.95456],[4.36141,43.95491],[4.36221,43.95601],[4.36287,43.9568],[4.36331,43.95813],[4.36378,43.95893],[4.36487,43.95961],[4.36598,43.95993],[4.36676,43.96033],[4.36752,43.96043],[4.36848,43.9603],[4.36902,43.96141],[4.36939,43.96133],[4.37027,43.96315],[4.37,43.96364],[4.36977,43.96423],[4.36908,43.96465],[4.36874,43.96519],[4.36821,43.96498],[4.36734,43.96589],[4.36905,43.96698],[4.3696,43.9671],[4.3691,43.96826],[4.36835,43.9691],[4.36842,43.96972],[4.36871,43.97029],[4.36934,43.97041],[4.37013,43.97097],[4.37123,43.97152],[4.37227,43.97187],[4.37245,43.97227],[4.37375,43.97351],[4.37367,43.97374],[4.37486,43.97448],[4.37624,43.97518],[4.37868,43.97606],[4.37988,43.97651],[4.38055,43.97665],[4.38172,43.97697],[4.38237,43.97744],[4.38222,43.97782],[4.38244,43.97864],[4.38323,43.97917],[4.38569,43.97958],[4.38652,43.97982],[4.38806,43.98015],[4.38875,43.98057],[4.38946,43.98088],[4.38987,43.98119],[4.39005,43.98147],[4.39021,43.98157],[4.38998,43.98232],[4.38959,43.98269],[4.39037,43.9829],[4.39109,43.98295],[4.39078,43.98371],[4.39057,43.98381],[4.39042,43.98421],[4.39089,43.98436],[4.39179,43.98485],[4.39227,43.98443],[4.3924,43.98402],[4.39317,43.98426],[4.39375,43.9841],[4.3947,43.98432],[4.39572,43.98444],[4.39608,43.98439],[4.3966,43.98452],[4.39751,43.98456],[4.3981,43.98477],[4.39814,43.98506],[4.39762,43.98515],[4.39762,43.98539],[4.39801,43.98565],[4.398,43.9859],[4.39829,43.98601],[4.3984,43.9862],[4.39894,43.98615],[4.3998,43.98618],[4.40057,43.98596],[4.40198,43.98398],[4.40224,43.98341],[4.40528,43.98522],[4.40732,43.98642],[4.40862,43.98685],[4.4086,43.9874],[4.40915,43.9885],[4.41024,43.99028],[4.41021,43.99064],[4.40933,43.99134],[4.40971,43.99158],[4.41018,43.99148],[4.41015,43.9923],[4.41078,43.99313],[4.40998,43.99322],[4.40919,43.99343],[4.40862,43.99451],[4.40871,43.99485],[4.40868,43.99674],[4.40845,43.99804],[4.40802,43.99873],[4.40759,43.99979],[4.40741,44.00167],[4.4071,44.00186],[4.40645,44.00184],[4.40652,44.00411],[4.40642,44.00455],[4.40644,44.0065],[4.40663,44.00685],[4.4066,44.00718],[4.40787,44.00749],[4.40953,44.00808],[4.40922,44.01057],[4.41522,44.01151],[4.41527,44.01083],[4.41514,44.01036],[4.41455,44.00959],[4.41455,44.00867],[4.41594,44.00897],[4.41769,44.00868],[4.41816,44.00832],[4.41831,44.00846],[4.41956,44.0082],[4.41977,44.00766],[4.42021,44.0069],[4.42062,44.00647],[4.42106,44.00571],[4.42133,44.00556],[4.42159,44.0053],[4.42207,44.00522],[4.42277,44.00457],[4.42302,44.00401],[4.42292,44.0035],[4.42304,44.00337],[4.42329,44.00409],[4.42317,44.00311],[4.42286,44.0028],[4.42278,44.00213],[4.42327,44.00271],[4.42431,44.00291],[4.42433,44.00246],[4.42559,44.0015],[4.42602,44.00165],[4.42701,44.00104],[4.42743,44.00113],[4.42792,44.00093],[4.42822,44.00098],[4.42839,44.00075],[4.429,44.00059],[4.42982,43.99984],[4.43071,43.99943],[4.43162,43.99862],[4.43179,43.99831],[4.4316,43.99791],[4.4319,43.99761],[4.43261,43.99761],[4.43507,43.99698],[4.43585,43.99663],[4.43747,43.99539],[4.43951,43.99439],[4.44035,43.99411],[4.43929,43.99311],[4.43871,43.99184],[4.43972,43.99138],[4.44078,43.99123],[4.44331,43.99121],[4.44523,43.9916],[4.44558,43.99176],[4.44629,43.9916],[4.44666,43.99224],[4.44706,43.99235],[4.44741,43.99269],[4.4481,43.9927],[4.44868,43.99339],[4.44912,43.99349],[4.44999,43.99324],[4.45046,43.99349],[4.4506,43.99387],[4.45115,43.99368],[4.45152,43.99383],[4.45162,43.99398],[4.45149,43.99408],[4.4515,43.99469],[4.45201,43.99464],[4.45225,43.99471],[4.45241,43.99466],[4.4526,43.99477],[4.45284,43.99433],[4.45284,43.99402],[4.45366,43.99357],[4.45393,43.99356],[4.45419,43.99342],[4.45468,43.99354],[4.45473,43.9941],[4.4552,43.99425],[4.45548,43.99406],[4.45529,43.99318],[4.45462,43.99268],[4.4549,43.9918],[4.45495,43.99129],[4.4544,43.99017],[4.45406,43.9901],[4.45394,43.98939],[4.45485,43.98914],[4.45548,43.98884],[4.45663,43.98813],[4.4576,43.98709],[4.45964,43.98563],[4.4609,43.98539],[4.46297,43.98485],[4.46466,43.9842],[4.4655,43.98399],[4.46818,43.98358],[4.46965,43.98322],[4.47034,43.98487],[4.47139,43.98469],[4.4728,43.98427],[4.47416,43.98366],[4.47517,43.9836],[4.47582,43.9838],[4.47648,43.98364],[4.47679,43.98301],[4.47737,43.98287],[4.47852,43.98291],[4.47928,43.98277],[4.47979,43.98248],[4.48035,43.98238],[4.48073,43.98223],[4.48181,43.9822],[4.48378,43.98193],[4.48455,43.98205],[4.4857,43.98191],[4.48706,43.98154],[4.48769,43.98153],[4.48959,43.98181],[4.49053,43.98171],[4.49168,43.98137],[4.49246,43.98131],[4.49441,43.98122],[4.49481,43.98132],[4.49544,43.98111],[4.49516,43.97955],[4.49653,43.97914],[4.4995,43.97998],[4.50201,43.98012],[4.50377,43.98015],[4.50598,43.98009],[4.50827,43.98029],[4.50897,43.98041],[4.50957,43.98046],[4.50993,43.98053],[4.51063,43.98058],[4.51112,43.9808],[4.5117,43.98096],[4.51258,43.98104],[4.51427,43.98079],[4.51507,43.98056],[4.51699,43.98036],[4.51601,43.97791],[4.51625,43.97747],[4.51777,43.97586],[4.51762,43.97554],[4.51762,43.97496],[4.51786,43.97455],[4.51788,43.97414],[4.51825,43.97371],[4.51838,43.97343],[4.51812,43.97288],[4.51904,43.97139],[4.52027,43.97094],[4.52091,43.9705],[4.52217,43.97035],[4.52266,43.9702],[4.52294,43.96972],[4.52273,43.96945],[4.52227,43.9683],[4.52245,43.968],[4.52263,43.96721],[4.52282,43.96709],[4.52273,43.96693],[4.52344,43.96683],[4.52391,43.96684],[4.52398,43.96665],[4.52463,43.96683],[4.52487,43.96704],[4.52531,43.9671],[4.52591,43.96702],[4.5263,43.96655],[4.52591,43.96589],[4.52668,43.96575],[4.52739,43.96574],[4.52796,43.96549],[4.52822,43.96529],[4.52866,43.96515],[4.52915,43.96522],[4.52964,43.96524],[4.53016,43.96543],[4.53034,43.96518],[4.53115,43.96472],[4.53198,43.96417],[4.53245,43.96357],[4.53292,43.96319],[4.53357,43.96218],[4.53328,43.9621],[4.53313,43.96179],[4.53287,43.96156],[4.53268,43.96107],[4.53263,43.96035],[4.53203,43.95961],[4.53217,43.95925],[4.53203,43.95874],[4.5321,43.95794],[4.53199,43.95688],[4.53116,43.95731],[4.53028,43.95807],[4.53016,43.95776],[4.53083,43.95694],[4.53068,43.95616],[4.5317,43.95594],[4.53162,43.95553],[4.53105,43.95537],[4.53052,43.95515],[4.53011,43.95486],[4.52938,43.95464],[4.52902,43.95448],[4.52874,43.95445],[4.52843,43.95421],[4.52852,43.95367],[4.52827,43.95342],[4.52837,43.95302],[4.52861,43.95259],[4.52884,43.95119],[4.52896,43.95114],[4.52915,43.94988],[4.52939,43.94933],[4.52988,43.94928],[4.53068,43.94889],[4.53067,43.94869],[4.53094,43.94875],[4.53133,43.9486],[4.53206,43.94838],[4.53262,43.94836],[4.53262,43.94829],[4.53311,43.94824],[4.53323,43.94829],[4.53377,43.94821],[4.53387,43.94791],[4.53443,43.94804],[4.53454,43.94788],[4.53534,43.94848],[4.53552,43.94893],[4.53542,43.94925],[4.53448,43.94948],[4.53416,43.94981],[4.53358,43.94991],[4.53336,43.95008],[4.5331,43.95018],[4.53284,43.95046],[4.53242,43.95054],[4.53208,43.95092],[4.53162,43.95129],[4.53132,43.95189],[4.53116,43.95279],[4.53288,43.95304],[4.53292,43.95324],[4.5341,43.95399],[4.53645,43.95415],[4.53605,43.95315],[4.53643,43.95243],[4.53693,43.95246],[4.53923,43.95478],[4.54511,43.95447],[4.54574,43.95458],[4.546,43.95506],[4.54543,43.95565],[4.54459,43.95596],[4.54407,43.95693],[4.54315,43.95725],[4.54303,43.95771],[4.54229,43.95772],[4.54235,43.95974],[4.54273,43.95987],[4.54266,43.96005],[4.5427,43.96032],[4.54299,43.96057],[4.54288,43.96079],[4.54312,43.96098],[4.54314,43.96127],[4.54403,43.96173],[4.54459,43.96181],[4.5446,43.96208],[4.54507,43.9628],[4.54509,43.96286],[4.54523,43.96292],[4.54517,43.96309],[4.54525,43.96326],[4.54523,43.96338],[4.54529,43.96351],[4.54581,43.96365],[4.54596,43.96393],[4.54664,43.96422],[4.54723,43.96464],[4.54753,43.96514],[4.54775,43.96534],[4.54763,43.96546],[4.54757,43.96559],[4.54747,43.96563],[4.54744,43.9658],[4.5473,43.96583],[4.54727,43.96593],[4.54703,43.96602],[4.54727,43.96618],[4.54736,43.9663],[4.54754,43.96622],[4.54779,43.96625],[4.54776,43.96611],[4.54798,43.96599],[4.5485,43.9661],[4.54866,43.96621],[4.54895,43.96613],[4.54921,43.96618],[4.5493,43.96618],[4.54949,43.96617],[4.54987,43.96632],[4.55034,43.96644],[4.55085,43.96683],[4.55101,43.96753],[4.55128,43.96763],[4.55125,43.96795],[4.55223,43.96865],[4.55247,43.9691],[4.55304,43.96935],[4.55331,43.96973],[4.55318,43.97001],[4.55355,43.97085],[4.5545,43.97044],[4.55507,43.97043],[4.55549,43.97054],[4.55534,43.97139],[4.55529,43.9717],[4.55501,43.97208],[4.5546,43.97241],[4.55472,43.97276],[4.55557,43.9728],[4.55686,43.9728],[4.55697,43.97274],[4.5573,43.97271],[4.5575,43.97286],[4.55944,43.973],[4.56087,43.97297],[4.56113,43.97324],[4.56198,43.97313],[4.5651,43.97319],[4.56608,43.97339],[4.56691,43.97349],[4.56836,43.9735],[4.56932,43.97372],[4.57013,43.97371],[4.5715,43.974],[4.57213,43.97395],[4.57252,43.97409],[4.57367,43.97394],[4.57516,43.9742],[4.57598,43.97414],[4.57656,43.97406],[4.57727,43.97379],[4.57758,43.97377],[4.57852,43.97348],[4.5799,43.97268],[4.58121,43.97216],[4.58254,43.97179],[4.5839,43.97152],[4.585,43.9714],[4.58575,43.97097],[4.58705,43.96995],[4.58937,43.97006],[4.5904,43.96991],[4.59041,43.96975],[4.59071,43.96955],[4.59125,43.97019],[4.59173,43.97011],[4.59223,43.96977],[4.59347,43.97054],[4.59461,43.97058],[4.59618,43.97044],[4.59712,43.97025],[4.60068,43.96987],[4.60294,43.96916],[4.60443,43.96883],[4.60495,43.96858],[4.60565,43.96861],[4.60619,43.96847],[4.60726,43.96788],[4.60749,43.96735],[4.60785,43.96687],[4.60823,43.96674],[4.60845,43.9668],[4.60836,43.96713],[4.60856,43.96734],[4.60904,43.96729],[4.60947,43.96712],[4.6099,43.96748],[4.61042,43.96812],[4.61149,43.96853],[4.61158,43.96849],[4.61176,43.96819],[4.61191,43.96807],[4.61246,43.96796],[4.61271,43.96777],[4.61298,43.96777],[4.61345,43.96759],[4.6141,43.96734],[4.61481,43.96758],[4.6151,43.96774],[4.61535,43.96769],[4.61571,43.96772],[4.61642,43.96832],[4.61774,43.96874],[4.61891,43.96895],[4.61983,43.96921],[4.62078,43.9697],[4.62147,43.96989],[4.62214,43.96991],[4.62256,43.97019],[4.62291,43.97036],[4.62307,43.97055],[4.62332,43.97063],[4.62454,43.97176],[4.62494,43.97177],[4.62561,43.97212],[4.62595,43.97221],[4.62638,43.97245],[4.62744,43.97274],[4.62774,43.9733],[4.62783,43.97356],[4.62844,43.97392],[4.62854,43.97409],[4.62907,43.97454],[4.6293,43.97458],[4.62948,43.97475],[4.6298,43.97478],[4.62983,43.97516],[4.63017,43.9755],[4.63017,43.97629],[4.63046,43.97717],[4.63245,43.97671],[4.63324,43.97633],[4.63383,43.97636],[4.63446,43.97618],[4.63473,43.97592],[4.63534,43.97559],[4.63533,43.97529],[4.63479,43.9747],[4.6348,43.97439],[4.63448,43.97371],[4.63451,43.97335],[4.63485,43.973],[4.63534,43.97206],[4.63567,43.97183],[4.63584,43.97153],[4.63582,43.9711],[4.63594,43.97053],[4.63681,43.96934],[4.63716,43.96905],[4.63714,43.96876],[4.63782,43.96855],[4.63911,43.96815],[4.63995,43.96816],[4.64047,43.96791],[4.64107,43.96781],[4.6424,43.96824],[4.64297,43.96827],[4.64417,43.96785],[4.64449,43.96782],[4.64491,43.96803],[4.64509,43.96841],[4.64654,43.9683],[4.64768,43.96861],[4.64811,43.96858],[4.64935,43.96864],[4.65058,43.96861],[4.65126,43.96877],[4.65144,43.96902],[4.6518,43.96911],[4.65232,43.96889],[4.65279,43.96895],[4.65296,43.96849],[4.65326,43.96782],[4.65355,43.96743],[4.65358,43.9669],[4.65411,43.96619],[4.65414,43.96589],[4.65456,43.9661],[4.65507,43.96664],[4.65586,43.96689],[4.65666,43.96719],[4.65757,43.96719],[4.65868,43.96724],[4.65961,43.96786],[4.66116,43.96759],[4.66246,43.968],[4.66296,43.96695],[4.66589,43.96712],[4.66606,43.96705],[4.66845,43.96731],[4.66899,43.96712],[4.67199,43.96751],[4.67238,43.96726],[4.67297,43.96717],[4.67363,43.96763],[4.67568,43.96735],[4.67588,43.96745],[4.67694,43.9675],[4.67729,43.96773],[4.6784,43.96777],[4.67848,43.96753],[4.6796,43.96759],[4.68033,43.9679],[4.6809,43.96795],[4.68186,43.9682],[4.68254,43.96858],[4.68364,43.9688],[4.68534,43.96938],[4.68593,43.96973],[4.68673,43.96993],[4.68702,43.97012],[4.6874,43.9707],[4.68775,43.97103],[4.68795,43.97083],[4.68996,43.97058],[4.69147,43.9707],[4.69204,43.97039],[4.69265,43.97019],[4.69602,43.96969],[4.69799,43.96864],[4.69943,43.9677],[4.70127,43.96687],[4.70418,43.9662],[4.70463,43.96493],[4.70879,43.96353],[4.70909,43.96376],[4.71109,43.96288],[4.71269,43.96467],[4.71838,43.96303],[4.72206,43.96282],[4.72519,43.96291],[4.72765,43.96341],[4.72938,43.9635],[4.73231,43.96343],[4.73596,43.96396],[4.73656,43.96328],[4.73779,43.96357],[4.73799,43.96372],[4.73828,43.96355],[4.73794,43.96298],[4.73789,43.96159],[4.73817,43.96001],[4.73876,43.95989],[4.73908,43.95924],[4.73946,43.95892],[4.73945,43.95821],[4.74027,43.95813],[4.74253,43.95843],[4.74397,43.95857],[4.74452,43.95894],[4.74467,43.95933],[4.74439,43.96013],[4.74589,43.96046],[4.74757,43.96196],[4.75049,43.96035],[4.75116,43.95982],[4.75225,43.96013],[4.7531,43.96001],[4.75348,43.95967],[4.75392,43.95879],[4.7546,43.95854],[4.75497,43.95836],[4.75607,43.9568],[4.7564,43.95685],[4.75661,43.95661],[4.75643,43.95589],[4.75672,43.95523],[4.75775,43.95369],[4.75896,43.95277],[4.75987,43.95245],[4.76132,43.9524],[4.76168,43.9525],[4.7621,43.95245],[4.76374,43.953],[4.76399,43.95335],[4.76446,43.95372],[4.76602,43.9526],[4.76645,43.95239],[4.76769,43.95243],[4.76778,43.95227],[4.76826,43.95228],[4.76852,43.95188],[4.76917,43.95142],[4.76934,43.95113],[4.76958,43.95086],[4.77119,43.95002],[4.77176,43.94994],[4.77256,43.94968],[4.77312,43.94947],[4.7737,43.94938],[4.77379,43.94902],[4.7763,43.94877],[4.77703,43.94848],[4.77868,43.94851],[4.78006,43.94921],[4.78146,43.94971],[4.78344,43.95008],[4.78367,43.94979],[4.78406,43.94978],[4.78539,43.95025],[4.78727,43.95009],[4.78948,43.95062],[4.7902,43.95165],[4.7903,43.95203],[4.7905,43.95229],[4.7905,43.95261],[4.79094,43.95384],[4.79127,43.95455],[4.79127,43.95455],[4.79127,43.95455],[4.79127,43.95455],[4.791631,43.954429],[4.792225,43.954042],[4.795524,43.952819],[4.796996,43.95234],[4.802079,43.950862],[4.802291,43.950705],[4.802316,43.950346],[4.802569,43.950293],[4.802649,43.95032],[4.802674,43.950493],[4.802809,43.950661],[4.802957,43.95091],[4.803296,43.951202],[4.80385,43.951819],[4.804941,43.952773],[4.80552,43.952569],[4.805428,43.952223],[4.805305,43.952209],[4.805306,43.952006],[4.805703,43.951975],[4.805837,43.951929],[4.805794,43.951844],[4.806138,43.951759],[4.806261,43.951763],[4.806384,43.951585],[4.806401,43.951381]]],"type":"MultiLineString"},"properties":{"geo_point":{"lon":3.8553297312025916,"lat":44.237163697956184},"name":"GR670 Chemin Urbain V. De Nasbinals (Lozère) à Avignon (Vaucluse) (2020)","code_gr":"GR670"}},{"type":"Feature","geometry":{"coordinates":[[[3.046594,44.662168],[3.046594,44.662168],[3.046996,44.661971],[3.047353,44.661873],[3.048146,44.661808],[3.048675,44.661644],[3.049315,44.661655],[3.049993,44.661172],[3.050376,44.660714],[3.050953,44.660275],[3.051195,44.66001],[3.051301,44.659583],[3.051469,44.659223],[3.051355,44.65891],[3.05199,44.657005],[3.051986,44.656395],[3.051757,44.655485],[3.051458,44.654962],[3.051504,44.654373],[3.051675,44.653884],[3.051665,44.653479],[3.052652,44.653167],[3.053317,44.652754],[3.053746,44.652457],[3.053901,44.651986],[3.054046,44.651487],[3.054477,44.651583],[3.054948,44.651907],[3.055374,44.651878],[3.05601,44.651564],[3.056504,44.651597],[3.057104,44.652067],[3.057608,44.652304],[3.057919,44.652083],[3.058156,44.651342],[3.058499,44.651197],[3.058756,44.651228],[3.058907,44.650503],[3.059196,44.649785],[3.060186,44.649358],[3.060527,44.649335],[3.061009,44.648976],[3.061814,44.648824],[3.062911,44.64872],[3.064207,44.648289],[3.064829,44.64819],[3.065061,44.647943],[3.064963,44.647747],[3.064931,44.647261],[3.065142,44.647029],[3.064425,44.645436],[3.064476,44.644865],[3.064362,44.64392],[3.064377,44.643127],[3.064582,44.642674],[3.064627,44.642274],[3.064847,44.641675],[3.064832,44.640693],[3.064472,44.64017],[3.064134,44.639743],[3.063721,44.638796],[3.063458,44.638449],[3.062884,44.638159],[3.062578,44.637663],[3.06179,44.635998],[3.060916,44.634746],[3.059462,44.632719],[3.058389,44.631207],[3.058185,44.630097],[3.058088,44.629409],[3.05731,44.628072],[3.056324,44.626138],[3.055669,44.62461],[3.05539,44.624259],[3.054543,44.623496],[3.053877,44.623007],[3.053062,44.622606],[3.052391,44.622316],[3.051736,44.621942],[3.051007,44.619899],[3.05038,44.618349],[3.050004,44.61734],[3.049956,44.617001],[3.05009,44.616775],[3.050804,44.616264],[3.051243,44.61613],[3.051871,44.616241],[3.052247,44.616153],[3.052477,44.615809],[3.052451,44.615482],[3.0521,44.614568],[3.051612,44.613838],[3.051384,44.613098],[3.050938,44.612712],[3.050466,44.611907],[3.05046,44.611544],[3.05053,44.611276],[3.050439,44.611024],[3.050237,44.610843],[3.049366,44.610612],[3.049082,44.610436],[3.048717,44.610085],[3.047778,44.609396],[3.047403,44.609241],[3.046909,44.609019],[3.046491,44.608977],[3.045944,44.608982],[3.045284,44.608859],[3.044484,44.608913],[3.043621,44.608874],[3.043184,44.608795],[3.042499,44.608538],[3.042147,44.608656],[3.041668,44.608733],[3.041003,44.608737],[3.040112,44.60842],[3.038846,44.607923],[3.038224,44.607572],[3.037972,44.607324],[3.037548,44.606732],[3.037135,44.606422],[3.036727,44.605972],[3.035381,44.604979],[3.035145,44.604681],[3.0347,44.604062],[3.034083,44.603485],[3.033198,44.602764],[3.032779,44.602515],[3.032329,44.602443],[3.031604,44.602546],[3.030699,44.602562],[3.030134,44.602676],[3.030141,44.602437],[3.030092,44.601889],[3.030193,44.601538],[3.030489,44.601198],[3.031079,44.600682],[3.031346,44.600332],[3.031588,44.599124],[3.031797,44.597939],[3.031964,44.597676],[3.033536,44.596786],[3.036309,44.595881],[3.039174,44.594948],[3.042301,44.593837],[3.0439,44.59321],[3.048229,44.591491],[3.050112,44.590762],[3.05061,44.590441],[3.051201,44.590013],[3.053668,44.588382],[3.055782,44.586876],[3.057321,44.585008],[3.057884,44.584047],[3.059553,44.581795],[3.060953,44.57985],[3.061345,44.579525],[3.06209,44.579113],[3.063859,44.578281],[3.064086,44.578016],[3.064338,44.577836],[3.065792,44.576533],[3.067075,44.576778],[3.068177,44.576768],[3.068726,44.57665],[3.070568,44.575566],[3.07168,44.575059],[3.072811,44.574831],[3.073677,44.576629],[3.074487,44.57666],[3.07497,44.576889],[3.076209,44.576725],[3.078076,44.576927],[3.078699,44.576954],[3.080753,44.577156],[3.081139,44.57713],[3.08151,44.57708],[3.08166,44.57713],[3.082016,44.577397],[3.083823,44.578009],[3.086911,44.578849],[3.088564,44.57841],[3.08969,44.578035],[3.090109,44.577516],[3.090714,44.576978],[3.090833,44.576675],[3.091128,44.576579],[3.091251,44.576507],[3.092453,44.576094],[3.092936,44.576102],[3.093311,44.576083],[3.093499,44.575979],[3.093874,44.576033],[3.094502,44.575823],[3.094867,44.575781],[3.095838,44.575842],[3.096444,44.576006],[3.097133,44.575867],[3.097912,44.575908],[3.098558,44.575731],[3.101894,44.575055],[3.105998,44.573893],[3.106642,44.573866],[3.107087,44.574088],[3.107597,44.57418],[3.108101,44.574191],[3.109745,44.574323],[3.110864,44.574485],[3.111502,44.574371],[3.112934,44.573968],[3.113675,44.573668],[3.114104,44.573289],[3.114662,44.572945],[3.115595,44.572449],[3.116968,44.571998],[3.11738,44.571467],[3.117655,44.571382],[3.118776,44.571755],[3.120772,44.571982],[3.121405,44.571849],[3.122209,44.571447],[3.12266,44.57147],[3.123588,44.571306],[3.123765,44.570973],[3.123792,44.570526],[3.124039,44.570305],[3.124393,44.570171],[3.125367,44.569386],[3.125881,44.569283],[3.126286,44.569158],[3.126426,44.569028],[3.126748,44.569005],[3.1273,44.568792],[3.128593,44.567993],[3.130841,44.567148],[3.132058,44.566464],[3.132708,44.566147],[3.133228,44.565795],[3.133791,44.565417],[3.133928,44.565093],[3.134126,44.565001],[3.134569,44.565057],[3.135138,44.564866],[3.135577,44.564866],[3.135932,44.56492],[3.136371,44.564847],[3.138405,44.56427],[3.138941,44.564048],[3.140582,44.563827],[3.141537,44.563502],[3.141864,44.563441],[3.143246,44.562681],[3.14341,44.562355],[3.143925,44.562157],[3.144397,44.561805],[3.14504,44.56161],[3.145443,44.561407],[3.145888,44.561094],[3.146794,44.560716],[3.147626,44.560509],[3.149015,44.560349],[3.150625,44.559661],[3.151953,44.559268],[3.152935,44.558928],[3.154246,44.558552],[3.15497,44.558178],[3.155437,44.558113],[3.156434,44.55817],[3.157545,44.558319],[3.157888,44.558288],[3.158457,44.557792],[3.158698,44.55723],[3.15858,44.556905],[3.158349,44.556587],[3.158371,44.556469],[3.158934,44.555961],[3.159399,44.555539],[3.161176,44.553308],[3.161445,44.552646],[3.16255,44.550873],[3.163349,44.549592],[3.163848,44.548743],[3.164315,44.548025],[3.164615,44.547424],[3.16484,44.547115],[3.165253,44.54674],[3.165629,44.54635],[3.166552,44.545555],[3.167179,44.544943],[3.167887,44.54445],[3.168338,44.54406],[3.168574,44.54362],[3.168837,44.542041],[3.168987,44.541521],[3.169209,44.540838],[3.169448,44.539942],[3.169406,44.539625],[3.169169,44.539067],[3.169089,44.53842],[3.169223,44.537843],[3.169282,44.537518],[3.168998,44.53639],[3.168853,44.536138],[3.168676,44.535985],[3.168597,44.535649],[3.168622,44.534956],[3.169121,44.533602],[3.169411,44.533182],[3.169953,44.532765],[3.170285,44.532356],[3.1703,44.531297],[3.170358,44.531096],[3.170382,44.530597],[3.170682,44.529968],[3.170709,44.529629],[3.170645,44.529495],[3.170407,44.52921],[3.170114,44.527843],[3.172072,44.527097],[3.174389,44.526669],[3.175917,44.526603],[3.176122,44.52608],[3.176009,44.525874],[3.177447,44.52522],[3.177635,44.525013],[3.17787,44.525056],[3.177924,44.525281],[3.177967,44.525965],[3.178152,44.526292],[3.178117,44.526485],[3.178324,44.526608],[3.178815,44.526772],[3.179555,44.526405],[3.180295,44.526214],[3.180676,44.526183],[3.181341,44.525885],[3.182398,44.525025],[3.182747,44.524826],[3.183251,44.52434],[3.183417,44.524107],[3.184066,44.523506],[3.185139,44.523047],[3.186062,44.522875],[3.187339,44.522741],[3.188519,44.522179],[3.188986,44.521873],[3.189324,44.521819],[3.190729,44.521972],[3.191085,44.522145],[3.191147,44.522313],[3.191646,44.522347],[3.193106,44.522298],[3.194591,44.522428],[3.196614,44.522975],[3.196991,44.523139],[3.19751,44.523242],[3.197896,44.523483],[3.199049,44.523636],[3.199537,44.523575],[3.200197,44.523541],[3.20107,44.523416],[3.201951,44.523296],[3.203507,44.523063],[3.203872,44.522982],[3.204339,44.523005],[3.204811,44.522932],[3.205111,44.522783],[3.205224,44.522703],[3.205519,44.522772],[3.206122,44.523007],[3.207952,44.522976],[3.209859,44.522504],[3.21061,44.522298],[3.21121,44.522297],[3.211591,44.522328],[3.212643,44.522646],[3.213835,44.522646],[3.215055,44.522736],[3.216637,44.522876],[3.217379,44.52304],[3.218367,44.523043],[3.219579,44.523131],[3.220046,44.523116],[3.220431,44.523053],[3.221811,44.523193],[3.222379,44.523261],[3.222771,44.523269],[3.22372,44.523353],[3.224857,44.52387],[3.225346,44.523977],[3.225753,44.523954],[3.227357,44.52421],[3.227954,44.524186],[3.228457,44.524153],[3.229015,44.524263],[3.229498,44.524615],[3.230018,44.524749],[3.231018,44.52486],[3.23137,44.524829],[3.231928,44.524596],[3.233119,44.524493],[3.233818,44.524333],[3.234385,44.524057],[3.234959,44.52387],[3.235172,44.523771],[3.235468,44.523728],[3.235946,44.523728],[3.237163,44.523193],[3.237968,44.523047],[3.238918,44.522864],[3.239835,44.522932],[3.239991,44.522657],[3.24006,44.522156],[3.240227,44.52167],[3.24021,44.521399],[3.239563,44.520867],[3.239206,44.520687],[3.23888,44.520619],[3.238832,44.520546],[3.23949,44.520538],[3.239953,44.520611],[3.240139,44.520887],[3.240168,44.521253],[3.240382,44.521315],[3.241295,44.521329],[3.2419,44.521601],[3.242104,44.521789],[3.242324,44.522213],[3.242608,44.522351],[3.243231,44.522301],[3.243708,44.522305],[3.24403,44.522416],[3.244352,44.522462],[3.24514,44.522343],[3.246288,44.521904],[3.246337,44.521739],[3.247039,44.521009],[3.247265,44.520687],[3.24741,44.520408],[3.247823,44.520083],[3.24822,44.51985],[3.248541,44.519789],[3.249045,44.519433],[3.249335,44.519383],[3.250366,44.51899],[3.250671,44.518561],[3.251492,44.518194],[3.251739,44.517811],[3.251851,44.517383],[3.251551,44.516897],[3.251486,44.515493],[3.251299,44.514514],[3.251273,44.514251],[3.251063,44.513886],[3.25066,44.5135],[3.250338,44.513397],[3.249899,44.513339],[3.249888,44.513263],[3.250752,44.51316],[3.251122,44.513301],[3.251471,44.513284],[3.251755,44.513122],[3.252334,44.512681],[3.253756,44.514032],[3.254871,44.515076],[3.255011,44.514881],[3.255113,44.514674],[3.255161,44.514372],[3.255059,44.513852],[3.254936,44.513657],[3.254936,44.513554],[3.255435,44.513473],[3.256357,44.513167],[3.256502,44.513408],[3.256781,44.513668],[3.257117,44.513771],[3.257337,44.513199],[3.257387,44.512585],[3.25749,44.512192],[3.258036,44.511247],[3.258312,44.510428],[3.258355,44.51018],[3.258197,44.50987],[3.257875,44.509296],[3.257656,44.508772],[3.257613,44.508336],[3.257994,44.507506],[3.258095,44.507513],[3.258213,44.508141],[3.258551,44.5086],[3.259077,44.508967],[3.259565,44.50904],[3.26032,44.508896],[3.261051,44.508638],[3.261878,44.508442],[3.263546,44.507953],[3.265445,44.507815],[3.266577,44.507907],[3.267714,44.508118],[3.270299,44.508711],[3.271822,44.508655],[3.273239,44.508856],[3.274317,44.508959],[3.275444,44.509281],[3.275841,44.509327],[3.27664,44.50899],[3.277482,44.508684],[3.278266,44.508822],[3.278614,44.508768],[3.279335,44.508894],[3.280031,44.508848],[3.280395,44.508764],[3.280535,44.508588],[3.280867,44.507666],[3.281388,44.50715],[3.281731,44.506924],[3.283684,44.50617],[3.284451,44.505948],[3.284934,44.505922],[3.285529,44.506048],[3.286811,44.506316],[3.28746,44.506197],[3.288276,44.506247],[3.289284,44.50648],[3.290105,44.506748],[3.290448,44.507001],[3.291382,44.507318],[3.291966,44.507594],[3.292905,44.508206],[3.29437,44.508776],[3.294944,44.508994],[3.29548,44.509013],[3.296006,44.509262],[3.296338,44.509503],[3.296322,44.509962],[3.296269,44.510298],[3.296381,44.510417],[3.296365,44.510589],[3.298071,44.511557],[3.298318,44.511641],[3.298752,44.511993],[3.299112,44.512119],[3.299515,44.512179],[3.299874,44.51241],[3.300641,44.512693],[3.301579,44.513378],[3.302035,44.513588],[3.302358,44.513672],[3.303114,44.514059],[3.303693,44.514154],[3.304234,44.514354],[3.305141,44.514492],[3.305849,44.514476],[3.306617,44.515003],[3.307056,44.51521],[3.307577,44.515306],[3.308939,44.515566],[3.30939,44.515631],[3.309905,44.515581],[3.310361,44.515784],[3.311048,44.516193],[3.311359,44.516258],[3.312029,44.516021],[3.312534,44.515658],[3.313075,44.515275],[3.31381,44.514927],[3.314046,44.514518],[3.313944,44.513971],[3.313826,44.513576],[3.31396,44.513431],[3.314336,44.513316],[3.314583,44.513301],[3.314851,44.513316],[3.315387,44.513206],[3.315618,44.513037],[3.315532,44.512769],[3.314958,44.511859],[3.315017,44.511599],[3.315221,44.51135],[3.315559,44.510929],[3.315677,44.510493],[3.315736,44.510317],[3.316321,44.510053],[3.316605,44.509694],[3.316675,44.509143],[3.316975,44.508959],[3.317211,44.508753],[3.31771,44.508577],[3.318225,44.508221],[3.318547,44.5078],[3.318969,44.508213],[3.319563,44.508509],[3.320612,44.508749],[3.320897,44.508768],[3.321435,44.508592],[3.32182,44.508419],[3.322179,44.508076],[3.322495,44.507938],[3.323066,44.507799],[3.323394,44.50762],[3.323568,44.507441],[3.324212,44.5071],[3.324384,44.507146],[3.324386,44.507264],[3.324587,44.507391],[3.324915,44.507379],[3.326221,44.507154],[3.326581,44.50712],[3.326886,44.507037],[3.327339,44.506584],[3.327801,44.506506],[3.328729,44.506408],[3.329034,44.506725],[3.329126,44.507035],[3.32934,44.507253],[3.329968,44.507708],[3.330526,44.507896],[3.331237,44.50822],[3.332997,44.509408],[3.333192,44.510099],[3.333699,44.510764],[3.334034,44.511301],[3.334301,44.511288],[3.334694,44.511633],[3.335944,44.511886],[3.336346,44.5121],[3.337365,44.512207],[3.337612,44.51241],[3.338138,44.512539],[3.338749,44.512861],[3.339624,44.512942],[3.340139,44.513194],[3.340294,44.512907],[3.34096,44.512134],[3.341205,44.511986],[3.341507,44.511996],[3.34185,44.512108],[3.342955,44.512276],[3.343792,44.512165],[3.344125,44.512146],[3.344774,44.511962],[3.345326,44.512024],[3.345734,44.511943],[3.346104,44.511637],[3.346158,44.511679],[3.346158,44.511813],[3.346427,44.511829],[3.347001,44.511592],[3.347001,44.511592],[3.347043,44.511391],[3.346968,44.511131],[3.347091,44.510844],[3.347445,44.51099],[3.34788,44.510879],[3.348314,44.51094],[3.348577,44.510883],[3.349199,44.510886],[3.349709,44.51102],[3.350219,44.510712],[3.350422,44.510427],[3.350911,44.510152],[3.351388,44.510007],[3.351699,44.50985],[3.352087,44.509726],[3.352509,44.509723],[3.352579,44.509758],[3.353148,44.509437],[3.353688,44.509351],[3.353786,44.509211],[3.353974,44.509257],[3.35404,44.509372],[3.354279,44.509345],[3.355132,44.509203],[3.355717,44.509299],[3.355953,44.509109],[3.35626,44.508913],[3.356717,44.508442],[3.356774,44.507933],[3.357069,44.507497],[3.357064,44.506762],[3.357466,44.506219],[3.358002,44.505913],[3.358893,44.506005],[3.359402,44.506284],[3.359944,44.507053],[3.360529,44.508101],[3.361237,44.508733],[3.362525,44.509586],[3.362943,44.509796],[3.363292,44.510098],[3.363431,44.51058],[3.364365,44.51146],[3.364542,44.512394],[3.365668,44.513875],[3.365706,44.514119],[3.366253,44.514314],[3.366964,44.515332],[3.367192,44.516364],[3.367412,44.51672],[3.367299,44.51737],[3.367079,44.517714],[3.366945,44.518453],[3.367009,44.518977],[3.367256,44.519241],[3.367567,44.519451],[3.367685,44.519887],[3.368009,44.520236],[3.368146,44.520679],[3.368688,44.521493],[3.369048,44.521826],[3.369402,44.521884],[3.370647,44.522675],[3.371274,44.523226],[3.371219,44.523515],[3.371617,44.52326],[3.371644,44.522782],[3.371548,44.522067],[3.371451,44.52144],[3.371619,44.521085],[3.372213,44.520667],[3.372959,44.520197],[3.373323,44.520094],[3.373715,44.519883],[3.373772,44.519756],[3.373362,44.518685],[3.373412,44.517979],[3.373942,44.517658],[3.375564,44.517108],[3.376395,44.516922],[3.376715,44.516623],[3.376635,44.516201],[3.376405,44.51578],[3.375794,44.515273],[3.375294,44.51461],[3.375489,44.514183],[3.37545,44.513501],[3.375657,44.512664],[3.377014,44.513665],[3.378992,44.514025],[3.380533,44.514091],[3.38235,44.513911],[3.382879,44.51396],[3.382649,44.514403],[3.383086,44.514599],[3.384075,44.515551],[3.385523,44.515944],[3.386098,44.515961],[3.38757,44.515829],[3.389778,44.516305],[3.390238,44.516371],[3.390414,44.516379],[3.390816,44.516307],[3.391938,44.516376],[3.392394,44.516344],[3.393091,44.516116],[3.393568,44.515901],[3.393944,44.515894],[3.394185,44.515963],[3.3944,44.516161],[3.394754,44.516226],[3.3955,44.516016],[3.396363,44.5155],[3.396937,44.514995],[3.397071,44.514605],[3.396884,44.514283],[3.396792,44.513752],[3.396953,44.513644],[3.397699,44.513545],[3.398606,44.513296],[3.398933,44.513143],[3.399442,44.512436],[3.399865,44.512094],[3.400183,44.511697],[3.400279,44.511695],[3.400118,44.51198],[3.400137,44.512561],[3.40029,44.512719],[3.400687,44.51304],[3.400987,44.513526],[3.401948,44.513273],[3.402409,44.513419],[3.402919,44.51343],[3.404115,44.513335],[3.404936,44.513392],[3.405489,44.513252],[3.40629,44.513348],[3.40721,44.513625],[3.407446,44.513495],[3.407934,44.51369],[3.408508,44.513484],[3.408798,44.513128],[3.409469,44.512723],[3.409797,44.512623],[3.410423,44.512302],[3.410456,44.51198],[3.411062,44.511785],[3.411571,44.511476],[3.412725,44.511074],[3.413283,44.510661],[3.414146,44.510806],[3.414667,44.510753],[3.414946,44.510569],[3.415031,44.510829],[3.415627,44.511533],[3.415927,44.511636],[3.416399,44.511468],[3.416571,44.511521],[3.416963,44.5119],[3.417344,44.512631],[3.418107,44.513344],[3.418469,44.513601],[3.419728,44.51395],[3.420675,44.513874],[3.422987,44.514811],[3.423851,44.515435],[3.42414,44.51553],[3.424661,44.515481],[3.424934,44.515381],[3.42568,44.51519],[3.426055,44.514964],[3.426393,44.514853],[3.426651,44.51467],[3.427123,44.514612],[3.427718,44.514681],[3.428233,44.514597],[3.429247,44.514471],[3.42941,44.514381],[3.42949,44.514945],[3.42979,44.515516],[3.42988,44.516073],[3.430521,44.516801],[3.431212,44.517136],[3.431702,44.518136],[3.431512,44.518543],[3.432082,44.519185],[3.432443,44.51972],[3.432303,44.520063],[3.432383,44.520313],[3.432633,44.520584],[3.432883,44.521005],[3.433314,44.521419],[3.434425,44.521783],[3.435536,44.52179],[3.436167,44.522213],[3.437004,44.522397],[3.439043,44.523284],[3.439879,44.52336],[3.440223,44.523636],[3.440781,44.523743],[3.441403,44.523682],[3.442283,44.524003],[3.442819,44.524018],[3.443441,44.523804],[3.443699,44.523605],[3.444171,44.523605],[3.445544,44.523804],[3.445845,44.52408],[3.446231,44.524263],[3.446317,44.524707],[3.447154,44.525074],[3.447862,44.525273],[3.44842,44.525793],[3.448849,44.526359],[3.449471,44.526864],[3.449857,44.527323],[3.450651,44.527675],[3.451231,44.527629],[3.451638,44.527736],[3.452003,44.527782],[3.452834,44.528128],[3.453094,44.528399],[3.453294,44.528484],[3.455587,44.52852],[3.458079,44.528599],[3.45874,44.52842],[3.460322,44.527471],[3.460572,44.527435],[3.46064,44.527425],[3.46134,44.527129],[3.46271,44.526114],[3.464566,44.524965],[3.465382,44.524324],[3.466578,44.523861],[3.467581,44.523146],[3.467697,44.523173],[3.467585,44.523587],[3.467675,44.523613],[3.470305,44.522439],[3.47183,44.521616],[3.473364,44.52079],[3.474866,44.520247],[3.475388,44.519479],[3.47647,44.519562],[3.477353,44.519391],[3.478208,44.519145],[3.47882,44.518606],[3.479194,44.518469],[3.479925,44.518414],[3.48008,44.518273],[3.48147,44.51846],[3.482435,44.518728],[3.483653,44.518816],[3.484291,44.518682],[3.484812,44.518407],[3.485515,44.517795],[3.486086,44.517297],[3.487183,44.517014],[3.48754,44.51708],[3.488245,44.517489],[3.488462,44.517553],[3.48861,44.517656],[3.489248,44.518242],[3.490155,44.518828],[3.490595,44.519199],[3.491668,44.519661],[3.492343,44.51999],[3.49339,44.520373],[3.494591,44.520966],[3.494757,44.521092],[3.495289,44.521275],[3.495584,44.521306],[3.496144,44.52154],[3.496916,44.521698],[3.497585,44.521784],[3.497543,44.521124],[3.497778,44.52092],[3.498588,44.519459],[3.498352,44.518939],[3.498502,44.518388],[3.498133,44.518305],[3.498647,44.517936],[3.498657,44.517519],[3.498012,44.517477],[3.497892,44.517411],[3.497988,44.517103],[3.498201,44.517045],[3.498749,44.517053],[3.499188,44.517141],[3.499113,44.516559],[3.499301,44.516131],[3.498964,44.51607],[3.498636,44.516051],[3.498684,44.515852],[3.497692,44.515595],[3.497247,44.515389],[3.49659,44.514915],[3.496581,44.514578],[3.496419,44.51435],[3.496437,44.514081],[3.496313,44.513778],[3.4956,44.514126],[3.495219,44.514134],[3.494709,44.513954],[3.493808,44.513434],[3.494065,44.513369],[3.492874,44.512877],[3.492268,44.512363],[3.491984,44.512072],[3.491614,44.511923],[3.491367,44.511632],[3.49089,44.511483],[3.490337,44.511441],[3.489806,44.511215],[3.488791,44.511042],[3.489913,44.510871],[3.490235,44.510917],[3.490895,44.510871],[3.491392,44.510936],[3.492115,44.510857],[3.49151,44.510778],[3.49097,44.510588],[3.490458,44.510626],[3.490021,44.510466],[3.489103,44.510424],[3.488722,44.510462],[3.488535,44.510389],[3.488334,44.510377],[3.488079,44.510284],[3.487821,44.510282],[3.48765,44.510079],[3.487296,44.509854],[3.487247,44.509758],[3.487404,44.50973],[3.48787,44.509903],[3.488229,44.509903],[3.488722,44.510106],[3.489039,44.510102],[3.489254,44.509976],[3.489323,44.509869],[3.490015,44.50975],[3.49067,44.509984],[3.491506,44.509814],[3.492413,44.509792],[3.493534,44.510056],[3.49405,44.510443],[3.494226,44.510404],[3.494639,44.510217],[3.495492,44.50967],[3.496276,44.509023],[3.497252,44.508576],[3.498175,44.508319],[3.499011,44.508557],[3.499371,44.508446],[3.499634,44.508186],[3.500122,44.507964],[3.500685,44.507753],[3.500669,44.507589],[3.500428,44.507455],[3.500626,44.507015],[3.501195,44.506747],[3.501672,44.506414],[3.501871,44.506124],[3.502364,44.505802],[3.503341,44.505278],[3.503614,44.505071],[3.504108,44.505236],[3.504269,44.505431],[3.50488,44.5054],[3.505347,44.505328],[3.505744,44.505416],[3.506447,44.505282],[3.506795,44.5054],[3.507277,44.505274],[3.507444,44.505951],[3.507804,44.506965],[3.508001,44.507266],[3.508297,44.507451],[3.50908,44.507551],[3.509654,44.5077],[3.510028,44.507916],[3.510636,44.508002],[3.510833,44.508115],[3.511399,44.50814],[3.512144,44.508048],[3.5126,44.508078],[3.513439,44.508297],[3.51408,44.508339],[3.515883,44.508721],[3.516556,44.508984],[3.518597,44.509678],[3.520721,44.510477],[3.520824,44.510621],[3.520394,44.510898],[3.522867,44.51141],[3.523763,44.511678],[3.524578,44.512049],[3.524884,44.512366],[3.525501,44.512681],[3.526165,44.512832],[3.526998,44.513148],[3.527648,44.513322],[3.528403,44.513212],[3.528982,44.5133],[3.529615,44.513273],[3.530581,44.513178],[3.531198,44.513277],[3.531783,44.513706],[3.532437,44.514341],[3.532932,44.514377],[3.533869,44.513781],[3.53474,44.513366],[3.535865,44.513006],[3.537286,44.513155],[3.540253,44.513476],[3.540843,44.513526],[3.541541,44.513637],[3.542399,44.513449],[3.543375,44.512642],[3.545199,44.510617],[3.545762,44.510305],[3.547195,44.509827],[3.54793,44.509674],[3.548368,44.509366],[3.549464,44.509054],[3.550027,44.508786],[3.550778,44.508725],[3.551512,44.508565],[3.551831,44.508222],[3.552237,44.507857],[3.552623,44.507187],[3.553305,44.506384],[3.553562,44.50558],[3.553863,44.503851],[3.553889,44.502883],[3.553616,44.502118],[3.553659,44.501712],[3.55316,44.50102],[3.552956,44.500549],[3.55287,44.500205],[3.552967,44.500132],[3.553836,44.501108],[3.554184,44.501444],[3.554587,44.501693],[3.554635,44.501628],[3.554265,44.501307],[3.553707,44.500408],[3.553428,44.499344],[3.55316,44.498739],[3.552763,44.498104],[3.552226,44.497603],[3.552049,44.497461],[3.552076,44.497358],[3.552285,44.497438],[3.553235,44.49823],[3.554007,44.498961],[3.554292,44.49926],[3.554823,44.499788],[3.554978,44.500189],[3.555102,44.500178],[3.554984,44.499704],[3.555231,44.499891],[3.556438,44.499948],[3.557859,44.499891],[3.558185,44.50012],[3.558567,44.500258],[3.55883,44.500469],[3.559452,44.500775],[3.560063,44.500894],[3.560847,44.50067],[3.561233,44.50074],[3.56141,44.500469],[3.562408,44.500006],[3.562701,44.499923],[3.56295,44.499772],[3.563234,44.499658],[3.563814,44.499623],[3.564318,44.499723],[3.564516,44.499658],[3.56464,44.499501],[3.565021,44.499459],[3.565927,44.499573],[3.566318,44.49958],[3.566549,44.499462],[3.567762,44.499742],[3.568599,44.49983],[3.570038,44.499824],[3.570749,44.49992],[3.571259,44.500078],[3.571581,44.500212],[3.571738,44.500248],[3.57185,44.500453],[3.572096,44.500568],[3.57282,44.500567],[3.573048,44.500506],[3.573234,44.500518],[3.57363,44.500316],[3.5734,44.500109],[3.573362,44.499822],[3.573293,44.499547],[3.573446,44.499256],[3.573459,44.498954],[3.573609,44.498673],[3.573746,44.498264],[3.573877,44.498005],[3.573598,44.497588],[3.573362,44.497381],[3.572386,44.496926],[3.572488,44.496639],[3.571279,44.495689],[3.570749,44.495218],[3.57081,44.494984],[3.571243,44.494768],[3.571254,44.494178],[3.569457,44.493979],[3.569087,44.493964],[3.568804,44.493734],[3.568668,44.493378],[3.56862,44.492984],[3.568504,44.492461],[3.568767,44.492329],[3.568899,44.491928],[3.56961,44.491246],[3.569831,44.490916],[3.570213,44.490329],[3.570737,44.489985],[3.570911,44.489314],[3.570868,44.488932],[3.570722,44.488751],[3.570879,44.488698],[3.57105,44.487876],[3.571501,44.487401],[3.571648,44.487323],[3.571946,44.486785],[3.572171,44.486425],[3.572427,44.486138],[3.57244,44.48587],[3.572243,44.485213],[3.57201,44.484718],[3.571981,44.483975],[3.572055,44.483618],[3.572196,44.483396],[3.572847,44.48243],[3.574622,44.480593],[3.574837,44.480007],[3.575025,44.479394],[3.575539,44.478699],[3.575937,44.47794],[3.576361,44.476632],[3.576522,44.475846],[3.576384,44.47594],[3.5762,44.476178],[3.575572,44.476443],[3.575723,44.476172],[3.575621,44.475616],[3.575342,44.475368],[3.57524,44.475065],[3.57532,44.474736],[3.575186,44.474549],[3.574698,44.474369],[3.574741,44.474009],[3.574811,44.473745],[3.574607,44.473419],[3.574263,44.472726],[3.574124,44.472627],[3.573979,44.472045],[3.5739,44.470945],[3.573668,44.470529],[3.573588,44.46961],[3.574542,44.468727],[3.575235,44.468379],[3.575395,44.46829],[3.575577,44.468295],[3.575175,44.46806],[3.575105,44.467654],[3.575621,44.467183],[3.576098,44.466862],[3.576077,44.46672],[3.575481,44.466628],[3.574993,44.466487],[3.574746,44.46646],[3.574473,44.466526],[3.574229,44.466505],[3.573441,44.466087],[3.573214,44.465768],[3.573169,44.46551],[3.572788,44.465415],[3.572661,44.465252],[3.572199,44.464938],[3.571942,44.464734],[3.571683,44.464584],[3.571452,44.464317],[3.571207,44.463818],[3.571093,44.46316],[3.570911,44.462861],[3.570762,44.462436],[3.570954,44.461909],[3.5709,44.461743],[3.570771,44.461544],[3.570836,44.460935],[3.571426,44.46087],[3.571884,44.46104],[3.572169,44.46104],[3.572543,44.460974],[3.572949,44.46064],[3.573357,44.46061],[3.573588,44.460522],[3.573673,44.460368],[3.574044,44.460116],[3.574135,44.459917],[3.574263,44.459786],[3.574167,44.459626],[3.572871,44.459084],[3.57185,44.458573],[3.570971,44.45827],[3.570817,44.458089],[3.570755,44.457738],[3.570664,44.457248],[3.570235,44.456984],[3.568843,44.456635],[3.567735,44.45641],[3.566873,44.456109],[3.56626,44.45626],[3.565837,44.456218],[3.565562,44.456268],[3.565257,44.456149],[3.564861,44.456296],[3.563068,44.456249],[3.56293,44.456273],[3.562526,44.455847],[3.562778,44.455751],[3.563041,44.45554],[3.563143,44.45518],[3.5636,44.454367],[3.564226,44.454016],[3.565169,44.453625],[3.565725,44.453204],[3.565922,44.452875],[3.566244,44.452607],[3.566845,44.452312],[3.567322,44.452274],[3.567422,44.452134],[3.566721,44.451481],[3.566796,44.451286],[3.567252,44.450689],[3.567236,44.450352],[3.567301,44.450123],[3.567134,44.449429],[3.567334,44.448834],[3.567606,44.448388],[3.568282,44.448004],[3.569087,44.447648],[3.569282,44.447397],[3.569402,44.447095],[3.570117,44.446602],[3.570529,44.446375],[3.570847,44.446428],[3.571356,44.446817],[3.572204,44.447043],[3.572917,44.447035],[3.574181,44.446646],[3.574323,44.446671],[3.574671,44.446231],[3.574542,44.445844],[3.574634,44.445645],[3.574993,44.445396],[3.575068,44.445132],[3.575061,44.444895],[3.575453,44.444567],[3.575578,44.444396],[3.576044,44.44414],[3.576125,44.443619],[3.576354,44.443458],[3.576597,44.443489],[3.57671,44.443757],[3.577097,44.443868],[3.577412,44.443711],[3.578603,44.44332],[3.578963,44.443347],[3.579429,44.443328],[3.57999,44.443153],[3.580631,44.442631],[3.582042,44.442543],[3.582932,44.441398],[3.584032,44.440463],[3.584429,44.440318],[3.584864,44.440279],[3.585046,44.439467],[3.585228,44.439203],[3.585314,44.438912],[3.585923,44.438193],[3.586671,44.437537],[3.587181,44.436763],[3.587599,44.436376],[3.588063,44.436083],[3.588243,44.435871],[3.589016,44.435534],[3.590341,44.435128],[3.591156,44.434936],[3.59151,44.434798],[3.592214,44.434546],[3.592733,44.434197],[3.593785,44.433653],[3.594251,44.433469],[3.595185,44.43332],[3.595658,44.433355],[3.596515,44.433618],[3.597019,44.433779],[3.597475,44.434117],[3.597692,44.434145],[3.597986,44.433955],[3.597824,44.433549],[3.59796,44.433493],[3.598065,44.433274],[3.598371,44.433496],[3.598983,44.433795],[3.599133,44.433921],[3.599283,44.433944],[3.599149,44.43353],[3.599197,44.432967],[3.599546,44.432596],[3.600254,44.432078],[3.6009,44.431747],[3.601069,44.431538],[3.601483,44.431343],[3.602803,44.430992],[3.603223,44.430969],[3.605275,44.430401],[3.606545,44.430093],[3.606142,44.429609],[3.605172,44.428888],[3.604669,44.428359],[3.604497,44.42801],[3.6045,44.427862],[3.603748,44.427166],[3.603446,44.426815],[3.602942,44.426527],[3.602837,44.42626],[3.602161,44.425977],[3.601611,44.425823],[3.601059,44.425505],[3.600828,44.425304],[3.599358,44.424161],[3.599043,44.423489],[3.598951,44.42298],[3.598516,44.422079],[3.598038,44.421652],[3.597668,44.421444],[3.597062,44.42093],[3.597025,44.420666],[3.596869,44.420536],[3.596955,44.420436],[3.596864,44.420241],[3.596928,44.419988],[3.596912,44.419796],[3.596987,44.419693],[3.596837,44.419402],[3.596719,44.418815],[3.596376,44.418214],[3.596419,44.417049],[3.596322,44.416746],[3.596209,44.416723],[3.59611,44.416527],[3.596091,44.416137],[3.595582,44.415765],[3.594734,44.415045],[3.594369,44.415099],[3.59407,44.414981],[3.59359,44.414911],[3.592996,44.414627],[3.59219,44.414074],[3.591746,44.413666],[3.591027,44.413263],[3.590384,44.412585],[3.589445,44.411382],[3.589151,44.410694],[3.588723,44.410202],[3.587944,44.409669],[3.58776,44.409454],[3.587546,44.409339],[3.587208,44.409048],[3.586736,44.408883],[3.58569,44.408669],[3.58569,44.408669],[3.584118,44.407634],[3.583407,44.407301],[3.583333,44.406983],[3.581329,44.404599],[3.581143,44.403745],[3.580584,44.402808],[3.580735,44.402587],[3.580135,44.402503],[3.579148,44.402802],[3.578622,44.403247],[3.578407,44.403906],[3.578836,44.405408],[3.577811,44.405874],[3.577268,44.405913],[3.576691,44.405791],[3.576959,44.406343],[3.576607,44.40809],[3.57701,44.409247],[3.57697,44.409869],[3.57634,44.410651],[3.576508,44.411118],[3.576144,44.41144],[3.574566,44.411731],[3.573545,44.412438],[3.572614,44.412896],[3.571444,44.413111],[3.571423,44.411976],[3.570983,44.411462],[3.570755,44.410807],[3.569848,44.4102],[3.56918,44.410335],[3.568451,44.409892],[3.568204,44.409141],[3.568169,44.408308],[3.568408,44.407983],[3.569107,44.407839],[3.569599,44.407677],[3.569038,44.407536],[3.568793,44.407423],[3.569299,44.407087],[3.569024,44.406214],[3.568569,44.406726],[3.567646,44.406386],[3.567604,44.406251],[3.568104,44.40619],[3.568151,44.405715],[3.567633,44.404955],[3.567542,44.405511],[3.567413,44.405584],[3.567295,44.405024],[3.567259,44.405299],[3.566995,44.405051],[3.566639,44.404433],[3.566463,44.405051],[3.566018,44.404576],[3.566072,44.404342],[3.565986,44.404284],[3.565708,44.404414],[3.565653,44.404231],[3.565372,44.403885],[3.565246,44.403878],[3.565262,44.404093],[3.565149,44.404104],[3.564988,44.40392],[3.564899,44.404029],[3.564209,44.403765],[3.564056,44.40368],[3.56396,44.403343],[3.563839,44.403094],[3.563887,44.403031],[3.564096,44.402992],[3.564167,44.402805],[3.564028,44.402694],[3.563878,44.402715],[3.563814,44.402591],[3.56361,44.402659],[3.563207,44.402594],[3.56297,44.402356],[3.563041,44.40215],[3.563368,44.401786],[3.563524,44.401272],[3.563809,44.401072],[3.564107,44.400909],[3.564394,44.400639],[3.564338,44.40045],[3.564073,44.400181],[3.563962,44.399864],[3.563642,44.399325],[3.562859,44.399034],[3.562172,44.39898],[3.561955,44.39871],[3.561711,44.398838],[3.561158,44.398754],[3.560324,44.398236],[3.559908,44.397941],[3.559567,44.397555],[3.558991,44.397175],[3.558723,44.39686],[3.558105,44.396331],[3.557923,44.396335],[3.557349,44.396627],[3.556829,44.39678],[3.556333,44.397212],[3.555311,44.397619],[3.554839,44.397891],[3.554544,44.398221],[3.554259,44.398137],[3.553975,44.398325],[3.55375,44.398317],[3.554313,44.397596],[3.555379,44.396744],[3.556536,44.395631],[3.55662,44.395431],[3.556217,44.395162],[3.555917,44.395101],[3.55567,44.39512],[3.555445,44.395086],[3.555509,44.394936],[3.556019,44.394898],[3.556234,44.394921],[3.556496,44.394994],[3.55706,44.394917],[3.557827,44.394319],[3.557918,44.393955],[3.557864,44.393457],[3.557567,44.393068],[3.557425,44.392632],[3.557537,44.392238],[3.55736,44.392111],[3.557183,44.392084],[3.556779,44.391767],[3.556609,44.391402],[3.556655,44.39095],[3.556355,44.390278],[3.556318,44.389955],[3.556287,44.389208],[3.556384,44.389194],[3.55662,44.389899],[3.556797,44.390221],[3.556832,44.390029],[3.556679,44.389761],[3.556689,44.389485],[3.556818,44.389225],[3.556608,44.388786],[3.556647,44.388535],[3.556926,44.388374],[3.55708,44.388111],[3.557349,44.388009],[3.557526,44.387802],[3.556949,44.387302],[3.556582,44.386921],[3.556196,44.386652],[3.555348,44.385886],[3.555155,44.38538],[3.555059,44.384808],[3.554721,44.38436],[3.554238,44.384084],[3.554104,44.383658],[3.554034,44.382934],[3.553452,44.382273],[3.552993,44.381902],[3.552516,44.381415],[3.552232,44.381028],[3.552108,44.380607],[3.552055,44.380238],[3.551781,44.379982],[3.550858,44.379533],[3.550612,44.37923],[3.550526,44.378897],[3.550606,44.378402],[3.550547,44.378233],[3.550276,44.378001],[3.550166,44.377616],[3.54993,44.377509],[3.549279,44.37713],[3.547007,44.376619],[3.542761,44.37479],[3.541877,44.374287],[3.540709,44.373275],[3.539749,44.371987],[3.539142,44.370913],[3.538458,44.370669],[3.538118,44.37053],[3.537671,44.370173],[3.537302,44.370024],[3.537217,44.369836],[3.536707,44.369943],[3.536085,44.369997],[3.535457,44.370169],[3.53491,44.370242],[3.53462,44.37033],[3.534422,44.370457],[3.533258,44.371684],[3.532882,44.37193],[3.532464,44.37201],[3.531869,44.372036],[3.531321,44.37201],[3.528825,44.372543],[3.528258,44.372309],[3.527929,44.372299],[3.52584,44.374092],[3.524656,44.373645],[3.524111,44.373157],[3.524036,44.372919],[3.524401,44.371868],[3.524589,44.371558],[3.524916,44.370112],[3.525045,44.369257],[3.525082,44.368482],[3.525206,44.36778],[3.525727,44.367424],[3.525962,44.367122],[3.526096,44.366749],[3.526343,44.366615],[3.526836,44.366538],[3.526847,44.366411],[3.526413,44.366116],[3.526284,44.365913],[3.52663,44.365859],[3.527105,44.366078],[3.527968,44.36607],[3.528317,44.366143],[3.529455,44.366231],[3.529744,44.366872],[3.530066,44.36673],[3.530511,44.366668],[3.531509,44.3662],[3.532265,44.36574],[3.53256,44.365437],[3.533329,44.364743],[3.533762,44.364172],[3.534787,44.363623],[3.535484,44.363704],[3.536031,44.363573],[3.536396,44.363535],[3.536809,44.363846],[3.537472,44.363951],[3.538086,44.364248],[3.538552,44.364475],[3.538933,44.364482],[3.539132,44.364379],[3.539275,44.364122],[3.539477,44.363903],[3.53981,44.36377],[3.539915,44.363609],[3.540349,44.363623],[3.540902,44.363807],[3.541374,44.363827],[3.541932,44.363612],[3.542458,44.363524],[3.542715,44.363769],[3.542951,44.363807],[3.54336,44.36373],[3.544201,44.363715],[3.544445,44.363815],[3.545033,44.363865],[3.545438,44.364038],[3.545494,44.364206],[3.546025,44.363865],[3.546501,44.363631],[3.546728,44.363412],[3.546856,44.363175],[3.547345,44.363232],[3.547833,44.363167],[3.548144,44.363098],[3.548857,44.363067],[3.549008,44.362837],[3.549292,44.362108],[3.549342,44.361501],[3.549394,44.361372],[3.5497,44.361736],[3.550081,44.362074],[3.550241,44.36235],[3.550638,44.3624],[3.551234,44.362358],[3.551314,44.362515],[3.550912,44.363098],[3.550832,44.363362],[3.550976,44.363435],[3.551218,44.363462],[3.551135,44.363782],[3.551255,44.364034],[3.551029,44.364558],[3.550955,44.365184],[3.551062,44.365548],[3.55104,44.365928],[3.551216,44.366336],[3.551487,44.366519],[3.551352,44.366868],[3.551701,44.367432],[3.551926,44.367478],[3.551685,44.367271],[3.551652,44.367006],[3.552232,44.366416],[3.552092,44.365841],[3.552092,44.365473],[3.552006,44.365222],[3.553235,44.364034],[3.554082,44.363362],[3.55419,44.362948],[3.554153,44.362633],[3.554404,44.36245],[3.554833,44.36235],[3.555193,44.36202],[3.555048,44.361848],[3.554549,44.361568],[3.554613,44.36146],[3.555075,44.361165],[3.555391,44.36118],[3.555676,44.360881],[3.555965,44.360728],[3.55625,44.360425],[3.556641,44.360037],[3.556714,44.359824],[3.556614,44.35947],[3.556689,44.35927],[3.556848,44.359258],[3.557333,44.359493],[3.557759,44.359458],[3.558481,44.359297],[3.558815,44.359289],[3.559459,44.358894],[3.559774,44.358511],[3.559882,44.358292],[3.559962,44.358173],[3.560316,44.358054],[3.560552,44.357936],[3.560884,44.357866],[3.560128,44.357241],[3.559856,44.35679],[3.559837,44.356591],[3.559704,44.356106],[3.559903,44.355197],[3.560064,44.354786],[3.559924,44.354453],[3.559946,44.354368],[3.560214,44.354388],[3.560619,44.35451],[3.560761,44.354365],[3.560756,44.354119],[3.560654,44.353632],[3.560707,44.353371],[3.561711,44.353574],[3.56192,44.353502],[3.562101,44.353323],[3.562542,44.353317],[3.563771,44.352991],[3.564414,44.352991],[3.565055,44.352919],[3.565147,44.352713],[3.565274,44.352228],[3.565446,44.352162],[3.565722,44.352401],[3.56601,44.352541],[3.566389,44.352861],[3.566815,44.35296],[3.568022,44.352837],[3.568448,44.352911],[3.569517,44.352927],[3.570966,44.352812],[3.571345,44.352861],[3.571759,44.352697],[3.572852,44.352985],[3.573013,44.352944],[3.572987,44.352604],[3.573365,44.351766],[3.573142,44.351139],[3.573046,44.350663],[3.572069,44.349309],[3.571973,44.348603],[3.571651,44.347732],[3.571763,44.347322],[3.571581,44.346792],[3.571774,44.346102],[3.571672,44.345849],[3.571349,44.345601],[3.571399,44.34548],[3.572123,44.345407],[3.572198,44.344847],[3.572413,44.344671],[3.572756,44.344594],[3.572874,44.344429],[3.57282,44.344122],[3.573569,44.3439],[3.573727,44.34333],[3.574,44.343094],[3.574312,44.34304],[3.574784,44.342918],[3.575519,44.342933],[3.576039,44.342818],[3.576755,44.342497],[3.577632,44.342323],[3.57797,44.342365],[3.578496,44.342158],[3.578936,44.341713],[3.579343,44.341506],[3.579612,44.341272],[3.579692,44.340973],[3.580186,44.340531],[3.580915,44.340105],[3.581139,44.339874],[3.581983,44.339373],[3.582466,44.338858],[3.582718,44.338766],[3.584295,44.336311],[3.584375,44.335916],[3.584289,44.335237],[3.583984,44.334469],[3.584068,44.33415],[3.584561,44.333752],[3.585974,44.333115],[3.586752,44.332812],[3.587417,44.332424],[3.587707,44.332098],[3.588125,44.33158],[3.588919,44.330855],[3.589707,44.330248],[3.590416,44.329174],[3.590979,44.328487],[3.591258,44.328449],[3.59136,44.328629],[3.591714,44.328871]]],"type":"MultiLineString"},"properties":{"geo_point":{"lon":3.3773261683474374,"lat":44.496094688425394},"name":"GR670 Chemin Urbain V. De Nasbinals à Florac (Lozère) (2020)","code_gr":"GR670"}}]}