{"type":"FeatureCollection","features":[{"type":"Feature","geometry":{"coordinates":[[[2.38059,43.477692],[2.379903,43.47765],[2.38016,43.47751],[2.380369,43.47725],[2.380203,43.476846],[2.380106,43.475892],[2.380176,43.475581],[2.379929,43.47566],[2.379533,43.47607],[2.379387,43.47552],[2.379076,43.475838],[2.378873,43.476529],[2.37879,43.476514],[2.378814,43.476218],[2.378733,43.475986],[2.378621,43.476143],[2.378674,43.475745],[2.378497,43.475924],[2.378304,43.475933],[2.378388,43.475746],[2.37828,43.475696],[2.378293,43.475552],[2.378197,43.475445],[2.378197,43.474986],[2.378079,43.475075],[2.377821,43.475025],[2.377639,43.475108],[2.377698,43.474911],[2.377505,43.474728],[2.37766,43.474394],[2.377354,43.474064],[2.377193,43.473863],[2.377202,43.473597],[2.377124,43.473408],[2.377285,43.472572],[2.377414,43.472507],[2.377607,43.471664],[2.377867,43.471151],[2.37817,43.470794],[2.378664,43.469711],[2.378749,43.469231],[2.37914,43.468982],[2.379039,43.468708],[2.379146,43.468403],[2.379307,43.468223],[2.379548,43.467847],[2.379629,43.467508],[2.379597,43.467064],[2.379221,43.466251],[2.379136,43.465587],[2.379334,43.464687],[2.37928,43.464417],[2.379033,43.464169],[2.37898,43.463276],[2.379211,43.462913],[2.37855,43.463194],[2.377971,43.463563],[2.377505,43.463416],[2.377145,43.463393],[2.376507,43.463188],[2.376076,43.463216],[2.374726,43.463474],[2.374019,43.463393],[2.373586,43.463238],[2.372451,43.463021],[2.371823,43.462648],[2.371148,43.461921],[2.370547,43.4615],[2.369833,43.460335],[2.369445,43.459999],[2.368503,43.459547],[2.367511,43.459882],[2.365923,43.460263],[2.365435,43.460182],[2.364748,43.459591],[2.364345,43.459519],[2.363488,43.459648],[2.362871,43.459699],[2.36249,43.459636],[2.361046,43.459694],[2.360253,43.459591],[2.359912,43.459436],[2.358901,43.459141],[2.358445,43.458762],[2.358322,43.458912],[2.358209,43.459452],[2.358037,43.459588],[2.357646,43.459748],[2.357394,43.459784],[2.356573,43.46007],[2.356066,43.4604],[2.355372,43.46101],[2.355102,43.461098],[2.355275,43.460853],[2.355366,43.460579],[2.355371,43.460453],[2.355162,43.460781],[2.354775,43.461027],[2.353875,43.461217],[2.353166,43.461343],[2.352652,43.461251],[2.351713,43.460844],[2.351428,43.46051],[2.35127,43.460493],[2.350833,43.460678],[2.350462,43.460686],[2.350189,43.460536],[2.349894,43.460025],[2.349618,43.460025],[2.349266,43.460431],[2.348724,43.460382],[2.348123,43.4602],[2.347389,43.460109],[2.347405,43.460328],[2.347185,43.460562],[2.347711,43.461216],[2.348462,43.461451],[2.348569,43.461605],[2.348513,43.461818],[2.348199,43.462032],[2.346182,43.462599],[2.34541,43.464222],[2.345152,43.464965],[2.343875,43.465225],[2.343318,43.465106],[2.342588,43.465153],[2.342159,43.465292],[2.341579,43.465567],[2.340367,43.466003],[2.339627,43.465793],[2.339004,43.466159],[2.338006,43.466206],[2.337287,43.465629],[2.336032,43.464485],[2.33556,43.464227],[2.33482,43.464038],[2.334498,43.46411],[2.334316,43.464769],[2.333565,43.465084],[2.332889,43.465196],[2.33232,43.465137],[2.331762,43.464709],[2.330625,43.464819],[2.329402,43.465239],[2.328351,43.46569],[2.327246,43.465877],[2.325003,43.465606],[2.324392,43.464796],[2.324059,43.464687],[2.323726,43.46478],[2.322343,43.465396],[2.321613,43.46537],[2.319425,43.464851],[2.317075,43.463432],[2.315519,43.462856],[2.313888,43.461652],[2.312794,43.461157],[2.311817,43.460526],[2.311185,43.460418],[2.309897,43.460532],[2.308685,43.460716],[2.30758,43.460725],[2.306528,43.460404],[2.305079,43.459709],[2.305284,43.459329],[2.305165,43.458751],[2.304587,43.458302],[2.304018,43.457669],[2.303326,43.457408],[2.302,43.457108],[2.301571,43.456883],[2.300831,43.456875],[2.30052,43.457001],[2.299233,43.456696],[2.298728,43.456337],[2.297602,43.455981],[2.296883,43.455592],[2.296228,43.455341],[2.295413,43.455154],[2.294576,43.454611],[2.294217,43.454546],[2.293203,43.454684],[2.29169,43.454016],[2.2911,43.452966],[2.290274,43.452528],[2.290124,43.452248],[2.289973,43.45172],[2.289501,43.451525],[2.288917,43.451096],[2.288246,43.450713],[2.287335,43.450729],[2.2864,43.450176],[2.285521,43.449772],[2.285457,43.449688],[2.284727,43.449657],[2.284094,43.449764],[2.28345,43.449657],[2.28285,43.449965],[2.28227,43.450504],[2.281745,43.450816],[2.281037,43.451066],[2.280199,43.451493],[2.279829,43.451957],[2.279867,43.452235],[2.280382,43.452793],[2.280243,43.452966],[2.279105,43.452602],[2.276605,43.452492],[2.275543,43.452858],[2.274224,43.453068],[2.273226,43.452881],[2.272561,43.452382],[2.271986,43.452281],[2.270779,43.452305],[2.270576,43.452126],[2.270489,43.451874],[2.270219,43.451793],[2.269755,43.45193],[2.268548,43.452095],[2.267432,43.452365],[2.267035,43.452568],[2.265512,43.453014],[2.265029,43.453377],[2.264815,43.453754],[2.264202,43.453831],[2.263785,43.453675],[2.263452,43.453369],[2.26298,43.453323],[2.262154,43.453315],[2.259536,43.45196],[2.258345,43.4533],[2.257921,43.454041],[2.257218,43.454984],[2.25738,43.455466],[2.257927,43.455826],[2.257969,43.456431],[2.25695,43.456913],[2.25591,43.457027],[2.255598,43.456876],[2.254687,43.455815],[2.253839,43.455459],[2.253495,43.455582],[2.25076,43.459414],[2.250148,43.459685],[2.248163,43.459873],[2.247047,43.460332],[2.246082,43.460287],[2.244043,43.460853],[2.243304,43.460848],[2.242413,43.460503],[2.24179,43.460488],[2.241211,43.460629],[2.241103,43.460422],[2.240868,43.460514],[2.240154,43.460319],[2.239832,43.460354],[2.239395,43.460306],[2.239215,43.460311],[2.238684,43.460153],[2.238518,43.459955],[2.238201,43.459259],[2.238099,43.4588],[2.238201,43.458243],[2.238196,43.45767],[2.23752,43.456213],[2.236689,43.454825],[2.236458,43.454691],[2.235793,43.454671],[2.235079,43.454869],[2.234672,43.454865],[2.233759,43.454437],[2.233143,43.454022],[2.23251,43.453264],[2.232064,43.45322],[2.231716,43.45335],[2.231533,43.453648],[2.231314,43.45415],[2.23097,43.454346],[2.230472,43.454506],[2.229796,43.454514],[2.229447,43.454438],[2.228379,43.454293],[2.227805,43.454082],[2.227457,43.453984],[2.227004,43.453771],[2.226475,43.453426],[2.226073,43.453008],[2.225112,43.452507],[2.225197,43.452172],[2.225356,43.45186],[2.225531,43.451171],[2.225477,43.450726],[2.225303,43.450328],[2.22515,43.450112],[2.224892,43.449993],[2.224597,43.449932],[2.223524,43.449898],[2.222473,43.449548],[2.221832,43.449259],[2.22148,43.449029],[2.221282,43.448804],[2.221185,43.448291],[2.221223,43.448013],[2.221009,43.44736],[2.220595,43.446752],[2.220601,43.446538],[2.221296,43.445768],[2.22169,43.445263],[2.222139,43.444959],[2.222492,43.44481],[2.223006,43.444478],[2.223477,43.444246],[2.223734,43.444061],[2.223776,43.443611],[2.223347,43.443253],[2.223186,43.442833],[2.223122,43.442452],[2.222628,43.442254],[2.222157,43.44224],[2.220462,43.44287],[2.218852,43.443501],[2.216974,43.444904],[2.216224,43.4457],[2.215955,43.446188],[2.215558,43.446506],[2.215011,43.446503],[2.214716,43.446115],[2.214421,43.445851],[2.213992,43.44537],[2.213772,43.444981],[2.213627,43.444459],[2.213348,43.444163],[2.213101,43.443765],[2.212554,43.443354],[2.212297,43.442723],[2.21146,43.442239],[2.210795,43.441656],[2.210162,43.441328],[2.208579,43.440152],[2.207844,43.439715],[2.207404,43.439149],[2.206835,43.438819],[2.206021,43.43779],[2.206332,43.437128],[2.206643,43.436623],[2.207651,43.435829],[2.207941,43.435383],[2.207501,43.434464],[2.207511,43.434176],[2.207759,43.433234],[2.20734,43.432455],[2.206739,43.432084],[2.206675,43.431592],[2.207147,43.430977],[2.207566,43.430607],[2.207716,43.429992],[2.202222,43.428123],[2.201921,43.428488],[2.201547,43.428896],[2.201718,43.429721],[2.201514,43.430492],[2.200527,43.430968],[2.199722,43.431878],[2.199197,43.432854],[2.198682,43.433109],[2.197008,43.43339],[2.196064,43.433415],[2.195796,43.4335],[2.195452,43.434029],[2.195506,43.434627],[2.194476,43.435594],[2.194004,43.436296],[2.19402,43.436897],[2.19439,43.43777],[2.194454,43.438772],[2.194025,43.440158],[2.193221,43.440143],[2.190571,43.439816],[2.189895,43.439648],[2.189348,43.439239],[2.188779,43.43897],[2.187964,43.439117],[2.187325,43.438933],[2.186826,43.438664],[2.186161,43.438494],[2.185636,43.437659],[2.185002,43.437051],[2.184176,43.436811],[2.183211,43.436264],[2.182277,43.436108],[2.180937,43.435596],[2.180014,43.435563],[2.17981,43.435412],[2.179681,43.434919],[2.179145,43.434435],[2.17849,43.434045],[2.177718,43.433755],[2.176301,43.432932],[2.173458,43.43173],[2.171656,43.43071],[2.171302,43.430706],[2.170186,43.430444],[2.169808,43.430565],[2.169612,43.430779],[2.168373,43.430032],[2.167064,43.43007],[2.166506,43.429424],[2.168759,43.428584],[2.170765,43.4269],[2.170771,43.426459],[2.171055,43.425473],[2.171581,43.425558],[2.17187,43.425297],[2.172364,43.425413],[2.172214,43.424984],[2.172208,43.424582],[2.172439,43.424024],[2.172504,43.423361],[2.173384,43.423968],[2.174006,43.424259],[2.173458,43.423695],[2.173228,43.423374],[2.173137,43.423022],[2.173177,43.422579],[2.173432,43.422245],[2.173877,43.421546],[2.173909,43.420931],[2.172418,43.420393],[2.172187,43.420141],[2.171989,43.419764],[2.171978,43.419101],[2.173276,43.418356],[2.174145,43.418073],[2.175068,43.417666],[2.175197,43.417449],[2.176226,43.416403],[2.176398,43.416108],[2.177466,43.415395],[2.178748,43.414604],[2.179102,43.414334],[2.179295,43.414338],[2.180035,43.412725],[2.180427,43.412404],[2.180947,43.411881],[2.181591,43.410809],[2.182012,43.40977],[2.182095,43.409456],[2.182245,43.409226],[2.182841,43.408722],[2.183533,43.408062],[2.183758,43.408269],[2.184316,43.408267],[2.184582,43.408356],[2.184844,43.408546],[2.185593,43.408615],[2.185893,43.408562],[2.186746,43.408654],[2.187298,43.408637],[2.187835,43.408371],[2.188237,43.407815],[2.188613,43.407454],[2.188841,43.407295],[2.189551,43.406715],[2.189606,43.40646],[2.189369,43.406054],[2.189192,43.405944],[2.188457,43.405804],[2.187943,43.404901],[2.187814,43.404369],[2.187062,43.404122],[2.186778,43.403899],[2.186569,43.40352],[2.186215,43.403418],[2.183222,43.402988],[2.182396,43.403598],[2.181162,43.40419],[2.181274,43.403871],[2.181258,43.403388],[2.181087,43.402851],[2.180443,43.402493],[2.179724,43.401344],[2.179386,43.402016],[2.178844,43.402749],[2.178496,43.402998],[2.178206,43.403068],[2.177509,43.403426],[2.176741,43.404072],[2.176312,43.404072],[2.175599,43.403009],[2.175492,43.401258],[2.175352,43.400968],[2.175019,43.400818],[2.174414,43.4007],[2.174237,43.400529],[2.174317,43.4001],[2.174666,43.399527],[2.174821,43.399118],[2.175036,43.399009],[2.175518,43.39897],[2.176688,43.398737],[2.177438,43.39838],[2.177422,43.398246],[2.177267,43.398151],[2.176588,43.398083],[2.176253,43.398003],[2.175617,43.398041],[2.175143,43.398016],[2.174574,43.397807],[2.174017,43.397315],[2.172149,43.397392],[2.172536,43.397251],[2.172643,43.397018],[2.172482,43.396854],[2.171098,43.396926],[2.169778,43.396208],[2.169725,43.395677],[2.169821,43.395421],[2.169822,43.39457],[2.169521,43.394088],[2.169006,43.393963],[2.168083,43.393962],[2.166946,43.393813],[2.16531,43.393733],[2.165089,43.393652],[2.164875,43.394054],[2.164575,43.394424],[2.164033,43.394556],[2.163653,43.394774],[2.163223,43.395241],[2.162741,43.395335],[2.162332,43.395622],[2.16201,43.395506],[2.161678,43.395023],[2.161362,43.394984],[2.160669,43.395179],[2.159983,43.395157],[2.159779,43.394568],[2.159597,43.394408],[2.158379,43.394357],[2.158213,43.394235],[2.15846,43.393416],[2.157783,43.393227],[2.157547,43.392762],[2.157257,43.392421],[2.156904,43.392395],[2.156389,43.392612],[2.155981,43.392459],[2.155176,43.392543],[2.15457,43.393045],[2.154328,43.393119],[2.154136,43.39266],[2.154103,43.392336],[2.153911,43.392152],[2.152988,43.392037],[2.152054,43.392228],[2.151711,43.392419],[2.15111,43.392997],[2.150649,43.393097],[2.150424,43.39273],[2.149834,43.39241],[2.149431,43.392404],[2.14915,43.392566],[2.149024,43.392862],[2.149265,43.39331],[2.149265,43.393705],[2.149098,43.393993],[2.148761,43.393953],[2.148363,43.393642],[2.147913,43.393547],[2.147629,43.393204],[2.147267,43.39299],[2.147076,43.392643],[2.146975,43.392289],[2.146497,43.39135],[2.14625,43.39128],[2.145499,43.39168],[2.145005,43.392117],[2.144844,43.3927],[2.143857,43.392638],[2.143686,43.392787],[2.143386,43.394359],[2.14227,43.394363],[2.139458,43.394461],[2.13853,43.39528],[2.137473,43.396044],[2.137463,43.396373],[2.137238,43.396935],[2.136959,43.396987],[2.136743,43.396854],[2.136634,43.39663],[2.136357,43.39648],[2.13576,43.396591],[2.135749,43.396254],[2.135388,43.395939],[2.134158,43.39603],[2.133016,43.39645],[2.13241,43.396484],[2.13237,43.39666],[2.132,43.396622],[2.131424,43.396198],[2.131017,43.396129],[2.130724,43.396283],[2.130519,43.396847],[2.12971,43.397419],[2.128888,43.397178],[2.12835,43.397251],[2.127892,43.397163],[2.127357,43.397316],[2.126544,43.397438],[2.126032,43.397347],[2.12546,43.396801],[2.124472,43.396271],[2.12419,43.395985],[2.123891,43.39598],[2.123699,43.396178],[2.12225,43.39711],[2.121953,43.397734],[2.121496,43.39799],[2.120073,43.398061],[2.11909,43.398117],[2.118532,43.398016],[2.117741,43.397641],[2.116546,43.397599],[2.114917,43.397339],[2.114596,43.39715],[2.114471,43.396593],[2.114314,43.396247],[2.114191,43.395646],[2.1136,43.39521],[2.113072,43.394794],[2.111765,43.394704],[2.108919,43.394428],[2.108391,43.394644],[2.108021,43.395172],[2.10762,43.395222],[2.107086,43.394924],[2.10652,43.394946],[2.105701,43.395167],[2.105031,43.395248],[2.104185,43.395751],[2.103505,43.395923],[2.102234,43.395885],[2.10084,43.396229],[2.1,43.396191],[2.099527,43.396061],[2.098342,43.396198],[2.097341,43.396206],[2.096097,43.396449],[2.095618,43.396709],[2.095302,43.39719],[2.095298,43.397531],[2.095521,43.397815],[2.096215,43.397872],[2.096892,43.39805],[2.097969,43.39854],[2.097968,43.398662],[2.096723,43.399797],[2.09599,43.400021],[2.09539,43.400028],[2.094144,43.400664],[2.093865,43.401016],[2.093801,43.401321],[2.094256,43.401623],[2.094389,43.40191],[2.09367,43.403144],[2.09271,43.403801],[2.092185,43.404006],[2.092185,43.404188],[2.092604,43.404495],[2.093376,43.404702],[2.093473,43.404817],[2.093289,43.405195],[2.09277,43.405602],[2.091427,43.406178],[2.090514,43.406478],[2.088903,43.407277],[2.088418,43.407432],[2.088445,43.407576],[2.089041,43.40775],[2.089929,43.407736],[2.091291,43.407455],[2.091949,43.407442],[2.091977,43.407672],[2.08881,43.408735],[2.087894,43.409252],[2.086981,43.40911],[2.08578,43.40974],[2.085217,43.409727],[2.084976,43.409589],[2.084841,43.408992],[2.084537,43.408758],[2.084299,43.408734],[2.084084,43.409716],[2.0838,43.409775],[2.083451,43.409709],[2.082884,43.409843],[2.081555,43.409936],[2.080431,43.409866],[2.081324,43.408992],[2.081363,43.408678],[2.081198,43.407732],[2.081572,43.407388],[2.08349,43.406471],[2.082974,43.406436],[2.081278,43.406059],[2.079624,43.406019],[2.077701,43.405838],[2.075908,43.405089],[2.073885,43.404368],[2.072671,43.404102],[2.071991,43.404129],[2.071385,43.404194],[2.070945,43.404309],[2.070018,43.404807],[2.068786,43.405379],[2.068303,43.405401],[2.067402,43.405369],[2.06678,43.405254],[2.066651,43.405342],[2.065653,43.405057],[2.065244,43.404827],[2.064654,43.404],[2.064665,43.403906],[2.063749,43.402747],[2.062823,43.401978],[2.06048,43.400982],[2.059221,43.400453],[2.058631,43.399995],[2.058001,43.398968],[2.057597,43.398082],[2.057055,43.397469],[2.05602,43.396591],[2.052054,43.394795],[2.051285,43.394202],[2.050397,43.393641],[2.049619,43.393002],[2.047797,43.392003],[2.04589,43.391129],[2.046069,43.390872],[2.04735,43.390839],[2.04843,43.390598],[2.048434,43.3904],[2.047754,43.389953],[2.04774,43.389806],[2.04861,43.389715],[2.04977,43.389681],[2.050393,43.389718],[2.050971,43.389917],[2.051969,43.390175],[2.052505,43.390112],[2.054337,43.390094],[2.054624,43.390041],[2.055043,43.389667],[2.054738,43.388993],[2.053961,43.38802],[2.053781,43.385754],[2.053512,43.385219],[2.052844,43.384714],[2.052702,43.384404],[2.05284,43.383436],[2.054379,43.380909],[2.054635,43.380339],[2.055187,43.377883],[2.055876,43.377002],[2.056516,43.374752],[2.05658,43.373854],[2.05715,43.37265],[2.057821,43.371841],[2.057844,43.37085],[2.057234,43.36982],[2.057214,43.369539],[2.057779,43.368993],[2.058176,43.368009],[2.05842,43.36671],[2.058759,43.366551],[2.05877,43.365822],[2.059212,43.365134],[2.059345,43.36485],[2.059939,43.364365],[2.060329,43.363957],[2.060703,43.363809],[2.060857,43.363827],[2.060939,43.364371],[2.060665,43.364825],[2.061034,43.364466],[2.061363,43.3639],[2.061214,43.363472],[2.060995,43.36311],[2.060841,43.362644],[2.06053,43.362554],[2.060445,43.36243],[2.060529,43.362219],[2.060479,43.361867],[2.060148,43.361203],[2.059949,43.36116],[2.059531,43.361308],[2.059075,43.361244],[2.058962,43.361122],[2.05937,43.360779],[2.059486,43.360511],[2.059241,43.359677],[2.059119,43.359425],[2.059655,43.3584],[2.06022,43.357811],[2.060199,43.35765],[2.059555,43.357075],[2.059138,43.356511],[2.058279,43.355778],[2.057414,43.354941],[2.057048,43.354708],[2.056769,43.354324],[2.056454,43.354201],[2.056111,43.354648],[2.055373,43.354467],[2.054097,43.354347],[2.053539,43.354567],[2.051614,43.354904],[2.051464,43.354944],[2.05096,43.354945],[2.049743,43.355102],[2.049291,43.355058],[2.04893,43.35494],[2.048608,43.354528],[2.048157,43.353828],[2.047986,43.353827],[2.047274,43.354341],[2.046498,43.354702],[2.046373,43.354674],[2.046292,43.3546],[2.046308,43.354084],[2.046041,43.354018],[2.045526,43.354161],[2.045199,43.354292],[2.044812,43.354381],[2.04425,43.354393],[2.0434,43.354125],[2.042541,43.353989],[2.042317,43.353636],[2.042101,43.353511],[2.04201,43.354329],[2.041579,43.354346],[2.041222,43.354643],[2.040219,43.354712],[2.039341,43.354228],[2.038624,43.354021],[2.037927,43.354071],[2.036994,43.354232],[2.035602,43.354298],[2.035229,43.354293],[2.034931,43.35435],[2.033281,43.354439],[2.03238,43.350733],[2.03312,43.34911],[2.033088,43.348514],[2.032841,43.348044],[2.031551,43.346228],[2.03168,43.345928],[2.031074,43.345669],[2.030146,43.344969],[2.02872,43.343503],[2.027337,43.342239],[2.02838,43.340981],[2.029636,43.340302],[2.030264,43.339829],[2.030549,43.339355],[2.030838,43.338359],[2.031343,43.337849],[2.032171,43.337739],[2.034149,43.336729],[2.034378,43.336097],[2.03443,43.335441],[2.034007,43.334254],[2.036121,43.331449],[2.035858,43.331367],[2.03581,43.331268],[2.035285,43.33115],[2.034921,43.330851],[2.034894,43.330596],[2.034271,43.329072],[2.033608,43.328915],[2.03039,43.328713],[2.030486,43.327834],[2.030679,43.32694],[2.030679,43.325926],[2.030379,43.32535],[2.030148,43.324397],[2.029853,43.323694],[2.030137,43.323198],[2.030196,43.322873],[2.02952,43.322578],[2.02893,43.322174],[2.028244,43.321173],[2.027804,43.320843],[2.026967,43.319904],[2.026667,43.318948],[2.026446,43.318589],[2.026467,43.318362],[2.026451,43.318152],[2.02658,43.317699],[2.026999,43.316936],[2.02716,43.31643],[2.027705,43.315975],[2.027756,43.315817],[2.028072,43.315594],[2.027814,43.315498],[2.026173,43.315514],[2.026173,43.314914],[2.024739,43.313391],[2.026158,43.31301],[2.027643,43.311543],[2.028405,43.309964],[2.027857,43.306492],[2.027482,43.30578],[2.027922,43.305367],[2.027042,43.303281],[2.025325,43.301853],[2.024993,43.301502],[2.025003,43.301072],[2.023469,43.299221],[2.023416,43.298893],[2.022922,43.298997],[2.022278,43.298782],[2.021806,43.298111],[2.020659,43.298454],[2.019082,43.296334],[2.020701,43.295497],[2.021109,43.295478],[2.021334,43.295285],[2.02141,43.294919],[2.022536,43.294065],[2.02347,43.29284],[2.025143,43.291786],[2.026935,43.290367],[2.026269,43.289607],[2.026323,43.289322],[2.026924,43.289098],[2.027535,43.288757],[2.029059,43.288091],[2.030303,43.287396],[2.029843,43.286548],[2.03275,43.28591],[2.03364,43.285663],[2.034086,43.285465],[2.03496,43.285236],[2.038339,43.284219],[2.042598,43.282791],[2.04302,43.282714],[2.049341,43.280529],[2.050121,43.280512],[2.05016,43.280253],[2.052748,43.279344],[2.055892,43.278345],[2.056761,43.278095],[2.058445,43.27775],[2.068584,43.276401],[2.069625,43.276127],[2.072232,43.275097],[2.07309,43.275219],[2.07397,43.275535],[2.075107,43.276098],[2.075684,43.276204],[2.078235,43.275983],[2.078905,43.276017],[2.078797,43.275355],[2.07779,43.274535],[2.076502,43.27297],[2.074678,43.27194],[2.073026,43.270637],[2.071234,43.268574],[2.071363,43.267331],[2.070869,43.265371],[2.070804,43.26463],[2.071062,43.262567],[2.071041,43.262012],[2.070043,43.260566],[2.069711,43.259651],[2.069045,43.258673],[2.068214,43.256432],[2.067962,43.25555],[2.067608,43.254718],[2.067146,43.253323],[2.066889,43.251995],[2.066502,43.251152],[2.066266,43.249158],[2.066106,43.248725],[2.065161,43.247023],[2.065108,43.246525],[2.064754,43.246585],[2.065226,43.247614],[2.065247,43.24783],[2.063574,43.248343],[2.060859,43.249023],[2.060451,43.248643],[2.059636,43.248336],[2.059067,43.247696],[2.058048,43.245541],[2.057287,43.244653],[2.05572,43.243116],[2.055098,43.242374],[2.053756,43.241927],[2.052984,43.241271],[2.052062,43.239857],[2.051675,43.239507],[2.050291,43.239201],[2.048102,43.237507],[2.043833,43.23373],[2.043339,43.233791],[2.04277,43.234009],[2.041665,43.233064],[2.04055,43.232384],[2.039499,43.231885],[2.037953,43.230835],[2.037041,43.229937],[2.035829,43.229469],[2.035464,43.228897],[2.035464,43.228217],[2.035335,43.227584],[2.035561,43.226975],[2.036182,43.226701],[2.036645,43.22538],[2.036741,43.224575],[2.037915,43.222279],[2.038881,43.222298],[2.03959,43.222404],[2.041202,43.221826],[2.040368,43.220787],[2.039959,43.2209],[2.039697,43.220537],[2.03954,43.220609],[2.039323,43.220374],[2.039906,43.220031],[2.039755,43.21991],[2.041215,43.21925],[2.040641,43.218907],[2.039793,43.218116],[2.038973,43.217629],[2.038356,43.217387],[2.037857,43.217578],[2.03791,43.217783],[2.037224,43.218106],[2.036451,43.218636],[2.035737,43.218411],[2.035099,43.218348],[2.033871,43.218627],[2.03276,43.218555],[2.032214,43.218218],[2.031699,43.217589],[2.031631,43.217334],[2.03195,43.216696],[2.03217,43.215003],[2.031393,43.213314],[2.031435,43.213033],[2.031886,43.212709],[2.032122,43.212394],[2.031955,43.212292],[2.031941,43.212063],[2.03227,43.211045],[2.032434,43.21033],[2.032439,43.209947],[2.032868,43.20917],[2.032876,43.209006],[2.032605,43.208155],[2.032637,43.20801],[2.033136,43.207474],[2.033157,43.207111],[2.03298,43.206846],[2.03283,43.206116],[2.033769,43.204903],[2.034144,43.204148],[2.033565,43.203504],[2.033345,43.202774],[2.033447,43.202446],[2.033704,43.202122],[2.033919,43.200836],[2.033684,43.200371],[2.033655,43.200065],[2.033777,43.199641],[2.033839,43.199302],[2.034153,43.198662],[2.034472,43.197772],[2.034649,43.197562],[2.035083,43.197313],[2.035528,43.196407],[2.035797,43.196263],[2.035869,43.195993],[2.036215,43.195575],[2.03614,43.194871],[2.036011,43.194343],[2.036312,43.19366],[2.036896,43.192942],[2.036853,43.192426],[2.036693,43.19234],[2.036151,43.192393],[2.035679,43.192241],[2.035249,43.191922],[2.035003,43.191195],[2.034807,43.191001],[2.034445,43.190835],[2.034072,43.190812],[2.03364,43.190918],[2.032959,43.191378],[2.030856,43.192178],[2.030422,43.192249],[2.029982,43.192144],[2.029665,43.191872],[2.029574,43.191639],[2.030089,43.191423],[2.030765,43.191043],[2.032159,43.190527],[2.032825,43.189947],[2.033608,43.189541],[2.033667,43.189421],[2.034563,43.188706],[2.033629,43.187656],[2.032739,43.18627],[2.03275,43.185941],[2.032913,43.185722],[2.034423,43.185356],[2.034375,43.185102],[2.034402,43.184872],[2.034295,43.184471],[2.034209,43.183331],[2.034112,43.183139],[2.034123,43.182572],[2.033297,43.181023],[2.032685,43.180716],[2.032353,43.179674],[2.031581,43.178916],[2.029692,43.175374],[2.029005,43.172798],[2.027728,43.171535],[2.026494,43.170116],[2.025143,43.168404],[2.024167,43.16703],[2.023727,43.165844],[2.023759,43.165161],[2.02325,43.164027],[2.023263,43.163788],[2.023383,43.163534],[2.023888,43.162972],[2.023875,43.162886],[2.023614,43.162488],[2.023362,43.16205],[2.022944,43.161768],[2.022665,43.161533],[2.021726,43.16138],[2.02128,43.161258],[2.02094,43.161029],[2.020631,43.16096],[2.020165,43.160705],[2.020079,43.160588],[2.019661,43.160396],[2.019339,43.160129],[2.018585,43.159939],[2.018357,43.159838],[2.01819,43.159649],[2.018179,43.159383],[2.018019,43.158707],[2.01863,43.158274],[2.019232,43.157609],[2.019875,43.157165],[2.019886,43.157055],[2.019317,43.156796],[2.017933,43.156522],[2.017493,43.156388],[2.016732,43.156334],[2.015476,43.156101],[2.013665,43.154723],[2.012574,43.15385],[2.012697,43.153338],[2.012558,43.152803],[2.012575,43.152471],[2.012494,43.150444],[2.010842,43.148103],[2.010149,43.147697],[2.008798,43.14654],[2.008019,43.146212],[2.007518,43.146025],[2.007031,43.145778],[2.006662,43.145733],[2.00625,43.145486],[2.005549,43.145288],[2.004844,43.144949],[2.004699,43.144809],[2.00471,43.144623],[2.004957,43.1444],[2.004892,43.144287],[2.003411,43.144294],[2.002918,43.144128],[2.002825,43.143889],[2.002747,43.143457],[2.002285,43.142847],[2.0017,43.142342],[2.001185,43.142054],[2.001089,43.141883],[2.001561,43.141077],[2.001561,43.140443],[2.001443,43.140334],[2.001539,43.139544],[2.002022,43.138409],[2.002044,43.137604],[2.001518,43.137186],[2.001207,43.136481],[2.001175,43.136015],[2.00081,43.13455],[2.000311,43.133668],[2.000327,43.133443],[2.001347,43.132371],[2.001614,43.131166],[2.001496,43.130337],[2.001647,43.129799],[2.001057,43.129296],[2.001035,43.128988],[2.001228,43.12867],[2.000627,43.128388],[2.000836,43.128243],[2.001389,43.128113],[2.001658,43.127901],[2.001701,43.127252],[2.00162,43.126956],[2.001196,43.126346],[2.00089,43.125411],[2.000952,43.125155],[2.001132,43.124894],[2.00133,43.124169],[2.001507,43.12399],[2.001539,43.123799],[2.001454,43.123635],[2.000676,43.123221],[2.000391,43.122908],[2.00063,43.12248],[2.000621,43.122326],[2.000526,43.122196],[1.99977,43.121686],[1.999684,43.121438],[1.999925,43.121183],[2.000047,43.120842],[2.000223,43.120486],[2.000316,43.120156],[1.999423,43.117633],[1.99936,43.117048],[1.998694,43.116435],[1.998558,43.116062],[1.998509,43.115658],[1.998535,43.115366],[1.998755,43.11502],[1.999093,43.114627],[1.999088,43.114343],[1.998906,43.113761],[1.998364,43.112972],[1.99816,43.112239],[1.998112,43.111485],[1.998385,43.111037],[1.998557,43.11034],[1.998543,43.109782],[1.998369,43.109337],[1.997972,43.109146],[1.997479,43.109175],[1.997216,43.109118],[1.996738,43.108803],[1.995853,43.10873],[1.995575,43.108647],[1.994683,43.108699],[1.994051,43.108636],[1.993729,43.108635],[1.993522,43.108705],[1.992693,43.108909],[1.992178,43.108833],[1.9916,43.108904],[1.990725,43.108982],[1.990344,43.109226],[1.990293,43.109501],[1.990108,43.1096],[1.989163,43.109782],[1.986814,43.109894],[1.985269,43.110248],[1.984609,43.110278],[1.983885,43.110203],[1.98322,43.11028],[1.982941,43.110247],[1.982614,43.110077],[1.982142,43.110031],[1.980543,43.108606],[1.980205,43.10846],[1.979299,43.108292],[1.978713,43.107705],[1.977727,43.107587],[1.976938,43.107414],[1.974348,43.10725],[1.973838,43.107304],[1.973848,43.107075],[1.973489,43.107034],[1.972851,43.106898],[1.972009,43.106447],[1.97158,43.10635],[1.971177,43.106335],[1.970501,43.106457],[1.969989,43.106399],[1.969535,43.106404],[1.968618,43.106563],[1.968151,43.106747],[1.965544,43.106497],[1.965008,43.106372],[1.964412,43.106416],[1.963495,43.10635],[1.962765,43.106138],[1.961886,43.105494],[1.961784,43.105099],[1.961456,43.104539],[1.961435,43.104133],[1.959054,43.106567],[1.956832,43.106684],[1.955947,43.106899],[1.955333,43.10734],[1.954333,43.107883],[1.954043,43.108635],[1.953217,43.109771],[1.951715,43.110485],[1.950455,43.110715],[1.949821,43.110859],[1.94819,43.111713],[1.946383,43.112025],[1.945835,43.112018],[1.945417,43.111941],[1.944794,43.111713],[1.942772,43.111455],[1.941458,43.111213],[1.940085,43.111088],[1.939726,43.11089],[1.939311,43.1109],[1.938826,43.11082],[1.937727,43.110506],[1.936635,43.110331],[1.936201,43.110115],[1.935315,43.109814],[1.934843,43.109548],[1.934023,43.109406],[1.933475,43.109184],[1.932499,43.109737],[1.932366,43.10989],[1.931662,43.109916],[1.93151,43.11001],[1.931272,43.110328],[1.931043,43.110802],[1.930863,43.1109],[1.930182,43.110672],[1.929088,43.110233],[1.926502,43.110451],[1.925257,43.109161],[1.924978,43.109215],[1.924645,43.108871],[1.924324,43.108706],[1.923863,43.108723],[1.922511,43.110275],[1.922602,43.110661],[1.922725,43.110906],[1.921857,43.11152],[1.920837,43.111925],[1.919486,43.112742],[1.918209,43.113036],[1.918015,43.112968],[1.914458,43.113473],[1.914449,43.113625],[1.913311,43.11406],[1.913344,43.114275],[1.911637,43.114915],[1.910403,43.115398],[1.909599,43.115566],[1.908901,43.11585],[1.90851,43.116035],[1.908376,43.116241],[1.907061,43.116628],[1.906332,43.116796],[1.905103,43.116923],[1.904725,43.116891],[1.904514,43.116782],[1.904191,43.116291],[1.904181,43.11579],[1.904229,43.115527],[1.903891,43.115451],[1.903403,43.11523],[1.902266,43.114614],[1.90203,43.114401],[1.901922,43.114231],[1.901785,43.11425],[1.899256,43.11316],[1.898996,43.112488],[1.898776,43.112005],[1.899216,43.111596],[1.898075,43.111786],[1.897254,43.112239],[1.896393,43.112444],[1.896734,43.112137],[1.896413,43.111289],[1.896674,43.111026],[1.897174,43.110865],[1.897374,43.10993],[1.897274,43.109287],[1.896694,43.109097],[1.896774,43.108702],[1.896253,43.1086],[1.895833,43.108351],[1.895823,43.108259],[1.895806,43.107679],[1.895731,43.107354],[1.895689,43.107068],[1.895571,43.106794],[1.895179,43.106449],[1.895099,43.106221],[1.895243,43.105712],[1.894758,43.105213],[1.894739,43.105011],[1.895238,43.104137],[1.894836,43.104266],[1.894018,43.104356],[1.893382,43.104485],[1.892674,43.105052],[1.892397,43.105192],[1.891778,43.105426],[1.891247,43.105888],[1.890786,43.106385],[1.890228,43.106575],[1.889882,43.106483],[1.889815,43.106386],[1.88975,43.105388],[1.889648,43.105354],[1.888254,43.106185],[1.88747,43.106484],[1.886602,43.107014],[1.885979,43.107006],[1.885486,43.107162],[1.885228,43.107322],[1.885271,43.107632],[1.88363,43.109115],[1.883383,43.108894],[1.882804,43.108022],[1.881913,43.106319],[1.882069,43.106098],[1.881956,43.105773],[1.882034,43.105328],[1.88179,43.104902],[1.881473,43.104638],[1.880901,43.103941],[1.880722,43.103269],[1.880509,43.102719],[1.880213,43.102516],[1.880288,43.102423],[1.880373,43.101969],[1.880046,43.101353],[1.880191,43.100871],[1.878979,43.101571],[1.878372,43.10116],[1.877932,43.100776],[1.877321,43.099761],[1.877299,43.099561],[1.877192,43.099322],[1.876951,43.099122],[1.876505,43.099072],[1.876001,43.098743],[1.87511,43.097778],[1.874574,43.096493],[1.875953,43.096408],[1.876248,43.096144],[1.87614,43.089114]]],"type":"MultiLineString"},"properties":{"geo_point":{"lon":2.1022068776019527,"lat":43.31817631730048},"name":"GR7 De Mazamet (Tarn) à Mirepoix (Ariège) (2020)","code_gr":"GR7"}},{"type":"Feature","geometry":{"coordinates":[[[6.834816,47.820374],[6.834419,47.819827],[6.83429,47.819063],[6.834,47.818588],[6.833496,47.818402],[6.832702,47.817951],[6.832423,47.817832],[6.83201,47.817755],[6.831538,47.81754],[6.831452,47.817261],[6.831321,47.817174],[6.83082,47.81727],[6.83061,47.817372],[6.83047,47.817539],[6.830079,47.817533],[6.829902,47.817336],[6.829736,47.817239],[6.829438,47.817037],[6.829355,47.816926],[6.829124,47.816755],[6.828663,47.816619],[6.828497,47.816423],[6.828142,47.816334],[6.827702,47.81618],[6.827284,47.816075],[6.827107,47.815854],[6.826742,47.815583],[6.825927,47.815146],[6.82553,47.815068],[6.825079,47.814894],[6.824224,47.814719],[6.824045,47.814593],[6.82384,47.814507],[6.82344,47.814453],[6.823244,47.814377],[6.822464,47.814383],[6.822349,47.814479],[6.822317,47.814806],[6.822172,47.814988],[6.821646,47.815343],[6.821397,47.815553],[6.821267,47.815713],[6.821105,47.81578],[6.820917,47.815926],[6.82075,47.816007],[6.81948,47.817469],[6.81811,47.81831],[6.817647,47.818445],[6.817328,47.818645],[6.817151,47.818528],[6.816877,47.818491],[6.815836,47.818737],[6.814693,47.818713],[6.814369,47.818621],[6.8139,47.818306],[6.8139,47.818023],[6.813616,47.817535],[6.813334,47.817216],[6.813122,47.817051],[6.811808,47.816553],[6.81089,47.816376],[6.808954,47.815571],[6.808138,47.815163],[6.807398,47.814702],[6.807143,47.814594],[6.807017,47.814594],[6.806862,47.814736],[6.806784,47.815671],[6.806641,47.81662],[6.8064,47.817034],[6.80595,47.817601],[6.805976,47.817822],[6.805569,47.818266],[6.805059,47.818379],[6.804896,47.818546],[6.804753,47.818834],[6.804372,47.81908],[6.80417,47.819371],[6.804117,47.81954],[6.803895,47.819666],[6.803552,47.82014],[6.803504,47.820447],[6.803289,47.820887],[6.80308,47.821079],[6.803139,47.821411],[6.802651,47.822376],[6.802439,47.822475],[6.802179,47.822751],[6.801809,47.823357],[6.801495,47.823706],[6.800998,47.824072],[6.800904,47.82455],[6.800714,47.824802],[6.800695,47.825083],[6.800784,47.825238],[6.80069,47.825663],[6.800455,47.825921],[6.800333,47.826182],[6.799936,47.826402],[6.799813,47.826778],[6.799373,47.827205],[6.799134,47.827633],[6.798992,47.827744],[6.799094,47.828451],[6.799017,47.82858],[6.799059,47.828687],[6.799008,47.829265],[6.799081,47.829749],[6.799207,47.829934],[6.800301,47.830177],[6.801068,47.83062],[6.80109,47.830783],[6.800947,47.831121],[6.80169,47.831255],[6.802135,47.832053],[6.802621,47.832355],[6.803311,47.832601],[6.803634,47.832773],[6.803935,47.833103],[6.805526,47.833749],[6.805907,47.834118],[6.807087,47.835503],[6.806991,47.835686],[6.807331,47.83582],[6.807351,47.835973],[6.807242,47.836183],[6.807356,47.836272],[6.807376,47.83666],[6.807683,47.836797],[6.807393,47.837014],[6.807439,47.837212],[6.807656,47.83733],[6.807865,47.837696],[6.807457,47.83767],[6.807039,47.837526],[6.806191,47.836766],[6.804378,47.835846],[6.80337,47.835827],[6.803231,47.83596],[6.803412,47.836726],[6.803332,47.836927],[6.802859,47.83719],[6.802092,47.837317],[6.800961,47.83737],[6.800781,47.837463],[6.800832,47.837949],[6.800113,47.838335],[6.798957,47.838469],[6.798466,47.838625],[6.798467,47.838815],[6.799057,47.838831],[6.799408,47.838765],[6.799674,47.838751],[6.799982,47.838631],[6.800543,47.838724],[6.800596,47.838843],[6.800134,47.839176],[6.799896,47.839415],[6.799196,47.839731],[6.799,47.839936],[6.799051,47.840228],[6.800355,47.842094],[6.800397,47.842419],[6.801149,47.843207],[6.801363,47.843232],[6.802844,47.844566],[6.803488,47.845551],[6.80368,47.846049],[6.803648,47.846574],[6.803005,47.846868],[6.802383,47.846932],[6.801406,47.846883],[6.800612,47.847166],[6.798317,47.847475],[6.797801,47.847488],[6.797512,47.847755],[6.797758,47.848173],[6.798081,47.848489],[6.798466,47.849346],[6.798531,47.849937],[6.798295,47.850366],[6.797989,47.850674],[6.797618,47.85109],[6.797007,47.85127],[6.796256,47.851254],[6.796449,47.851154],[6.797018,47.851116],[6.797083,47.850998],[6.79704,47.850498],[6.796374,47.849886],[6.794926,47.849297],[6.794089,47.848867],[6.792587,47.848763],[6.792566,47.849471],[6.792104,47.849807],[6.791515,47.849828],[6.79072,47.84937],[6.789991,47.849232],[6.789497,47.849332],[6.788714,47.849981],[6.788392,47.85073],[6.788274,47.850874],[6.788081,47.85145],[6.787716,47.851894],[6.787469,47.852722],[6.786858,47.853032],[6.786815,47.8535],[6.786944,47.854242],[6.78733,47.85451],[6.787555,47.855538],[6.787191,47.855956],[6.786471,47.856084],[6.785425,47.856036],[6.784873,47.856044],[6.784004,47.855946],[6.783625,47.856199],[6.783119,47.85643],[6.782105,47.856972],[6.781643,47.857591],[6.781032,47.85805],[6.780372,47.858142],[6.779583,47.858148],[6.779069,47.858246],[6.778838,47.85857],[6.778489,47.85893],[6.777717,47.859291],[6.777352,47.859836],[6.776397,47.86009],[6.775593,47.859995],[6.774498,47.860349],[6.773661,47.860188],[6.77313,47.860224],[6.772513,47.860383],[6.77187,47.860377],[6.771495,47.860428],[6.771103,47.860332],[6.770367,47.860366],[6.770099,47.860653],[6.769724,47.860763],[6.769509,47.861077],[6.769402,47.861211],[6.769311,47.861495],[6.769038,47.862038],[6.768286,47.862608],[6.766333,47.863256],[6.766398,47.863033],[6.765025,47.86285],[6.763689,47.862967],[6.763311,47.862935],[6.762911,47.863083],[6.761903,47.862991],[6.761065,47.863018],[6.760658,47.862809],[6.760315,47.86247],[6.760143,47.862232],[6.758598,47.861982],[6.757708,47.862041],[6.757042,47.861824],[6.75686,47.86162],[6.756291,47.861441],[6.755567,47.86133],[6.75495,47.861176],[6.754778,47.861007],[6.753775,47.860522],[6.753373,47.860296],[6.752902,47.860126],[6.752396,47.859557],[6.7517,47.859211],[6.751549,47.859303],[6.751013,47.859363],[6.750455,47.859508],[6.750005,47.85967],[6.749192,47.859659],[6.748497,47.859764],[6.747631,47.85971],[6.747237,47.859778],[6.746947,47.860085],[6.746486,47.860838],[6.745283,47.861195],[6.743299,47.861242],[6.740992,47.8619],[6.740466,47.861816],[6.739941,47.861176],[6.739329,47.861324],[6.73883,47.8613],[6.738235,47.861326],[6.737484,47.860949],[6.737167,47.860995],[6.737108,47.861192],[6.737838,47.861715],[6.737612,47.862154],[6.73758,47.862594],[6.737065,47.863162],[6.736851,47.864106],[6.737398,47.865544],[6.737736,47.865616],[6.738219,47.866092],[6.739401,47.866478],[6.73979,47.866698],[6.740024,47.867119],[6.740327,47.867555],[6.74082,47.867763],[6.740959,47.868104],[6.741131,47.868374],[6.741555,47.868532],[6.741625,47.868864],[6.74191,47.869348],[6.742875,47.87021],[6.743703,47.870766],[6.743841,47.87126],[6.742829,47.871167],[6.741449,47.87126],[6.740598,47.871661],[6.740231,47.871668],[6.739324,47.871388],[6.738835,47.871119],[6.738594,47.871044],[6.736899,47.870904],[6.736114,47.87072],[6.735033,47.870713],[6.734848,47.87083],[6.734889,47.871238],[6.734764,47.871531],[6.73493,47.872017],[6.735005,47.872447],[6.734984,47.872848],[6.734866,47.873102],[6.73441,47.87342],[6.73374,47.873402],[6.732859,47.873689],[6.732521,47.873913],[6.731937,47.87442],[6.731749,47.874663],[6.731599,47.874709],[6.731256,47.874648],[6.731073,47.874764],[6.731001,47.874983],[6.730981,47.875267],[6.730886,47.8754],[6.730473,47.875683],[6.730381,47.875835],[6.730086,47.876095],[6.73006,47.876499],[6.730349,47.876945],[6.73037,47.877159],[6.729769,47.877033],[6.729292,47.876797],[6.728445,47.876475],[6.728018,47.87624],[6.727677,47.876138],[6.726734,47.875555],[6.726583,47.875346],[6.726476,47.874935],[6.726143,47.874609],[6.725972,47.874191],[6.725728,47.873987],[6.725226,47.873848],[6.724571,47.873322],[6.723963,47.87327],[6.723451,47.873297],[6.722995,47.873501],[6.721779,47.873559],[6.721186,47.873774],[6.721055,47.874047],[6.720834,47.874259],[6.720752,47.874486],[6.719207,47.87536],[6.718746,47.875702],[6.717568,47.876157],[6.716713,47.876317],[6.716133,47.876355],[6.71587,47.876313],[6.715398,47.876612],[6.715194,47.876792],[6.715055,47.877074],[6.715517,47.877509],[6.716574,47.878138],[6.716734,47.878774],[6.717021,47.879357],[6.717233,47.87994],[6.717174,47.880857],[6.717357,47.881444],[6.71785,47.881593],[6.71844,47.881684],[6.718805,47.882372],[6.718719,47.882598],[6.718531,47.882609],[6.718413,47.882307],[6.718113,47.882273],[6.717689,47.882476],[6.716992,47.882485],[6.717034,47.882124],[6.716777,47.882053],[6.715779,47.882253],[6.715576,47.88267],[6.715189,47.882951],[6.714556,47.883641],[6.71439,47.883606],[6.714352,47.883154],[6.714042,47.883585],[6.714191,47.883982],[6.71409,47.884338],[6.713827,47.884499],[6.712957,47.884507],[6.712174,47.884404],[6.711509,47.884188],[6.711316,47.884166],[6.711059,47.883904],[6.710721,47.883725],[6.710087,47.883517],[6.709484,47.883159],[6.709276,47.88298],[6.708907,47.882808],[6.708744,47.882554],[6.708419,47.882258],[6.708296,47.881983],[6.707636,47.881764],[6.706636,47.881895],[6.706182,47.881918],[6.70597,47.882094],[6.70549,47.882344],[6.70512,47.882454],[6.704503,47.882455],[6.703259,47.882595],[6.701838,47.882901],[6.701304,47.882848],[6.70085,47.882717],[6.700131,47.882831],[6.699037,47.882818],[6.698168,47.882633],[6.697538,47.882671],[6.696854,47.882836],[6.695282,47.883781],[6.693077,47.884801],[6.692648,47.88566],[6.689569,47.886451],[6.689419,47.887435],[6.689966,47.887686],[6.690105,47.887996],[6.689858,47.888256],[6.690255,47.888692],[6.690953,47.888865],[6.691382,47.889163],[6.692128,47.889538],[6.691865,47.889729],[6.691318,47.88994],[6.69099,47.890214],[6.690845,47.890488],[6.690357,47.890801],[6.689971,47.891257],[6.689448,47.890959],[6.68877,47.890972],[6.68782,47.891096],[6.687459,47.891209],[6.686827,47.89108],[6.686178,47.890869],[6.685886,47.890873],[6.685438,47.890938],[6.684754,47.891161],[6.684403,47.891255],[6.683979,47.891825],[6.683695,47.891984],[6.682826,47.892335],[6.681965,47.892373],[6.681575,47.892354],[6.680822,47.891998],[6.680163,47.891863],[6.679773,47.891703],[6.679411,47.891655],[6.678931,47.891701],[6.677885,47.891491],[6.67714,47.89158],[6.676866,47.891476],[6.676391,47.891503],[6.67582,47.891486],[6.6748,47.891623],[6.672763,47.89236],[6.671781,47.892842],[6.671115,47.893062],[6.670117,47.893192],[6.669451,47.893478],[6.66864,47.893761],[6.667515,47.894304],[6.667296,47.894581],[6.667017,47.8954],[6.666191,47.896598],[6.666115,47.897102],[6.666223,47.897921],[6.66596,47.898178],[6.665472,47.898392],[6.663852,47.898549],[6.662189,47.898613],[6.66162,47.89901],[6.661298,47.899486],[6.660687,47.900039],[6.66029,47.90052],[6.659936,47.900786],[6.658853,47.900727],[6.658401,47.901117],[6.658015,47.901365],[6.657061,47.902123],[6.654775,47.902554],[6.65264,47.902737],[6.652371,47.902986],[6.651643,47.903166],[6.650634,47.902801],[6.650156,47.902721],[6.649123,47.902897],[6.648477,47.90313],[6.64763,47.903324],[6.647383,47.903475],[6.647447,47.90377],[6.646868,47.904094],[6.64646,47.904521],[6.645216,47.904225],[6.645232,47.904297],[6.645784,47.904575],[6.645972,47.904849],[6.645862,47.905238],[6.645452,47.905558],[6.6444,47.905864],[6.644218,47.906117],[6.644251,47.907042],[6.644014,47.907468],[6.64396,47.908006],[6.643575,47.908308],[6.642678,47.90861],[6.642276,47.908653],[6.640935,47.909278],[6.640533,47.909428],[6.640401,47.909681],[6.640431,47.910032],[6.640736,47.910308],[6.641123,47.910363],[6.641278,47.9105],[6.641203,47.910666],[6.641271,47.910845],[6.641928,47.91147],[6.641922,47.911624],[6.641702,47.911695],[6.641021,47.911537],[6.640423,47.911597],[6.639986,47.91159],[6.639111,47.911272],[6.638784,47.911207],[6.63792,47.911305],[6.636759,47.91134],[6.636417,47.911405],[6.636199,47.911505],[6.635763,47.912082],[6.635517,47.912221],[6.636109,47.912538],[6.636706,47.912893],[6.637228,47.91324],[6.637544,47.91353],[6.637915,47.913653],[6.638751,47.914131],[6.639449,47.914559],[6.639755,47.915062],[6.640447,47.915765],[6.64108,47.916161],[6.641445,47.916237],[6.641732,47.916423],[6.64225,47.916666],[6.642595,47.916996],[6.64278,47.917326],[6.64329,47.917982],[6.643405,47.918257],[6.643456,47.918619],[6.643244,47.91894],[6.643043,47.919359],[6.642882,47.92003],[6.643233,47.920498],[6.643842,47.921023],[6.644486,47.92146],[6.644706,47.92252],[6.644711,47.922868],[6.64499,47.923239],[6.645146,47.923624],[6.645181,47.924035],[6.645109,47.924385],[6.644959,47.924531],[6.644924,47.924752],[6.644942,47.924966],[6.644851,47.925407],[6.644628,47.925624],[6.644137,47.925687],[6.642233,47.925535],[6.64183,47.925531],[6.641383,47.925661],[6.639916,47.92587],[6.639647,47.926032],[6.639653,47.926212],[6.639808,47.92642],[6.639379,47.926422],[6.638966,47.926874],[6.638161,47.926887],[6.637609,47.927237],[6.637383,47.927537],[6.637389,47.928205],[6.637474,47.928408],[6.637858,47.928407],[6.637861,47.928654],[6.637949,47.928908],[6.638503,47.930052],[6.638587,47.930136],[6.638628,47.930334],[6.638529,47.930514],[6.638419,47.930874],[6.638113,47.931052],[6.636852,47.931158],[6.635758,47.931226],[6.633409,47.931742],[6.632902,47.931945],[6.632384,47.93207],[6.631182,47.933077],[6.63114,47.933742],[6.631327,47.934174],[6.63196,47.934559],[6.632454,47.935088],[6.632456,47.935338],[6.63218,47.93543],[6.631741,47.935352],[6.630936,47.935484],[6.630581,47.935465],[6.629793,47.935592],[6.62902,47.935959],[6.627739,47.935878],[6.627459,47.93583],[6.627025,47.935541],[6.625815,47.935366],[6.624949,47.935144],[6.624305,47.935316],[6.622948,47.9359],[6.622396,47.936064],[6.622465,47.936439],[6.622063,47.936817],[6.621649,47.936946],[6.62169,47.93749],[6.621656,47.938001],[6.621894,47.938703],[6.622229,47.939362],[6.622787,47.939996],[6.623388,47.940223],[6.623678,47.940645],[6.623651,47.940737],[6.623276,47.940724],[6.622337,47.940427],[6.621328,47.940297],[6.620781,47.940306],[6.620306,47.940203],[6.619912,47.940258],[6.619542,47.940173],[6.619285,47.940203],[6.619386,47.940446],[6.61863,47.941478],[6.618302,47.942119],[6.618166,47.942575],[6.617975,47.943001],[6.617948,47.943466],[6.618152,47.943888],[6.618313,47.944337],[6.618187,47.94471],[6.61784,47.945437],[6.617482,47.94592],[6.617106,47.946182],[6.615229,47.946934],[6.614327,47.947098],[6.613608,47.947168],[6.613179,47.947288],[6.61246,47.948279],[6.613083,47.94886],[6.613287,47.949235],[6.613244,47.950227],[6.612911,47.950528],[6.613072,47.950726],[6.613373,47.950759],[6.613995,47.950413],[6.614279,47.950409],[6.614477,47.950563],[6.614574,47.951652],[6.614488,47.952346],[6.614327,47.952706],[6.612739,47.953864],[6.612182,47.954092],[6.61172,47.954449],[6.611399,47.954878],[6.612149,47.955755],[6.612986,47.955942],[6.61392,47.956607],[6.614553,47.957471],[6.613769,47.957371],[6.613152,47.957155],[6.612793,47.95696],[6.612182,47.957139],[6.611806,47.957112],[6.611473,47.957213],[6.61057,47.95722],[6.610192,47.957155],[6.609928,47.95696],[6.609338,47.956902],[6.608979,47.957157],[6.608405,47.957445],[6.609027,47.957508],[6.60928,47.95763],[6.609065,47.95786],[6.608609,47.958603],[6.608523,47.959038],[6.60862,47.959438],[6.608426,47.959775],[6.608415,47.960286],[6.607934,47.960494],[6.60731,47.960554],[6.60627,47.961747],[6.606248,47.962111],[6.606426,47.96256],[6.606281,47.962851],[6.605294,47.963383],[6.604822,47.964401],[6.605304,47.965366],[6.60546,47.96616],[6.605423,47.966524],[6.604714,47.967236],[6.604274,47.967248],[6.603631,47.967117],[6.601893,47.967083],[6.600895,47.967472],[6.600299,47.967902],[6.599468,47.968361],[6.598363,47.969734],[6.597762,47.969985],[6.597558,47.970279],[6.597558,47.970991],[6.597167,47.971318],[6.596565,47.972357],[6.596372,47.972945],[6.596335,47.973756],[6.596721,47.973957],[6.597387,47.974854],[6.597371,47.975822],[6.596692,47.97732],[6.597173,47.978476],[6.597937,47.97895],[6.598617,47.979063],[6.59856,47.978362],[6.598843,47.978267],[6.599919,47.978912],[6.600684,47.980087],[6.601675,47.979139],[6.601165,47.981148],[6.601448,47.981887],[6.602241,47.983593],[6.602298,47.984711],[6.602638,47.985318],[6.603657,47.98636],[6.60394,47.987156],[6.604365,47.987781],[6.604393,47.988388],[6.605356,47.989202],[6.606686,47.989392],[6.607706,47.989941],[6.608498,47.989903],[6.609404,47.990093],[6.610367,47.989809],[6.611386,47.989998],[6.612349,47.990415],[6.613312,47.99068],[6.614048,47.991287],[6.613821,47.992177],[6.614105,47.992537],[6.614727,47.992803],[6.615265,47.995285],[6.615577,47.997369],[6.614727,47.99879],[6.614473,47.998847],[6.614586,47.999377],[6.614331,48.000021],[6.613765,48.000343],[6.613595,48.000173],[6.613425,47.999434],[6.613085,47.999226],[6.612745,47.999358],[6.611245,47.999661],[6.610735,48.000628],[6.610594,48.001442],[6.609659,48.002333],[6.608725,48.003924],[6.608017,48.004833],[6.608329,48.00561],[6.608017,48.006652],[6.607083,48.007788],[6.60612,48.007315],[6.605469,48.007769],[6.604308,48.007978],[6.603345,48.007391],[6.60326,48.00794],[6.602666,48.00883],[6.602666,48.009531],[6.601958,48.009872],[6.600854,48.010175],[6.599863,48.010137],[6.597824,48.010346],[6.596777,48.010762],[6.596324,48.011065],[6.596239,48.011293],[6.595191,48.011804],[6.593549,48.012031],[6.592218,48.012694],[6.591001,48.012675],[6.590604,48.012808],[6.590633,48.013338],[6.590463,48.01349],[6.590097,48.013682],[6.59044,48.013879],[6.590665,48.014183],[6.590675,48.01546],[6.590327,48.015531],[6.590284,48.015682],[6.590091,48.015826],[6.58963,48.016719],[6.589075,48.016766],[6.587801,48.016501],[6.586131,48.016369],[6.586301,48.017032],[6.584375,48.017145],[6.583299,48.017013],[6.582761,48.017088],[6.582422,48.019134],[6.581572,48.019096],[6.581091,48.018982],[6.579222,48.019399],[6.578118,48.019285],[6.577155,48.020024],[6.576391,48.020327],[6.575768,48.020478],[6.576221,48.020876],[6.576023,48.021084],[6.57472,48.021331],[6.574805,48.021956],[6.575966,48.022315],[6.576504,48.023073],[6.57574,48.024058],[6.574296,48.024531],[6.572852,48.02455],[6.572399,48.025232],[6.571747,48.025516],[6.571605,48.025575],[6.569599,48.025551],[6.569341,48.025417],[6.569298,48.024806],[6.568934,48.024166],[6.566209,48.021859],[6.564664,48.021376],[6.564009,48.020977],[6.56358,48.020528],[6.56241,48.02032],[6.561445,48.020294],[6.560307,48.020531],[6.559127,48.020639],[6.557883,48.02091],[6.557078,48.020924],[6.556509,48.021161],[6.554439,48.020773],[6.553077,48.020847],[6.55166,48.020501],[6.550394,48.019894],[6.549181,48.019627],[6.547433,48.019733],[6.546939,48.019662],[6.546554,48.019707],[6.546483,48.02011],[6.546006,48.020239],[6.54554,48.020537],[6.544955,48.020752],[6.544274,48.02137],[6.544099,48.021755],[6.544145,48.022205],[6.544005,48.0226],[6.543823,48.022809],[6.543144,48.022878],[6.543109,48.023228],[6.542675,48.023841],[6.54161,48.024772],[6.541293,48.02503],[6.541087,48.025277],[6.540696,48.025372],[6.540438,48.025505],[6.539365,48.025836],[6.538915,48.026096],[6.538746,48.026285],[6.538448,48.026747],[6.538298,48.027291],[6.537965,48.027581],[6.537675,48.027727],[6.538137,48.028294],[6.537128,48.028719],[6.5365,48.028823],[6.535529,48.028865],[6.535127,48.029608],[6.534795,48.030762],[6.534923,48.031181],[6.535406,48.031581],[6.535191,48.031951],[6.535074,48.032715],[6.534559,48.032858],[6.532884,48.032841],[6.531554,48.032879],[6.530782,48.033],[6.528658,48.032735],[6.527939,48.032772],[6.527488,48.032684],[6.527091,48.032689],[6.526651,48.032894],[6.526168,48.032756],[6.525783,48.032239],[6.524967,48.031451],[6.524989,48.031271],[6.525224,48.03094],[6.524634,48.030796],[6.523883,48.030746],[6.523067,48.030548],[6.521212,48.030842],[6.519935,48.030942],[6.519275,48.031056],[6.518551,48.031113],[6.517918,48.031219],[6.517135,48.031026],[6.51626,48.031134],[6.515525,48.03116],[6.51419,48.031378],[6.512832,48.031513],[6.512097,48.031769],[6.511491,48.032032],[6.511229,48.032034],[6.51088,48.032351],[6.510714,48.032647],[6.510376,48.032957],[6.509802,48.033237],[6.509255,48.03329],[6.508678,48.033231],[6.508101,48.033208],[6.508166,48.033122],[6.507973,48.032533],[6.507565,48.031857],[6.507253,48.031686],[6.50702,48.031756],[6.506658,48.031933],[6.507007,48.03231],[6.506841,48.032488],[6.50643,48.032454],[6.505848,48.032319],[6.505408,48.032363],[6.505086,48.032456],[6.504866,48.032453],[6.504786,48.032186],[6.504953,48.031686],[6.504855,48.031067],[6.504432,48.030753],[6.503933,48.030709],[6.503678,48.030456],[6.502892,48.029994],[6.502093,48.029424],[6.501653,48.028851],[6.501291,48.028876],[6.501015,48.028822],[6.500176,48.028514],[6.499567,48.028325],[6.499368,48.027535],[6.499127,48.026745],[6.498974,48.026624],[6.497437,48.026665],[6.496729,48.026978],[6.496621,48.02728],[6.496632,48.027657],[6.496396,48.027721],[6.496144,48.027627],[6.495586,48.027639],[6.494738,48.026984],[6.494041,48.027118],[6.493408,48.027399],[6.492985,48.027345],[6.492223,48.026837],[6.491888,48.02672],[6.491569,48.026751],[6.491139,48.027124],[6.490323,48.027708],[6.489085,48.029067],[6.488124,48.029498],[6.486982,48.029724],[6.486161,48.029563],[6.483543,48.028759],[6.482845,48.028668],[6.481172,48.028797],[6.480485,48.029126],[6.479734,48.029881],[6.479198,48.030174],[6.47849,48.030396],[6.476966,48.031162],[6.476236,48.031356],[6.476419,48.032141],[6.476065,48.033031],[6.475207,48.034427],[6.475228,48.034885],[6.473512,48.034989],[6.472932,48.034965],[6.470293,48.034437],[6.469923,48.03448],[6.469767,48.034695],[6.469992,48.03569],[6.469885,48.036385],[6.46826,48.037138],[6.467568,48.037361],[6.467251,48.037894],[6.467402,48.037994],[6.467342,48.038144],[6.466913,48.038467],[6.466913,48.038853],[6.466779,48.039137],[6.466323,48.039772],[6.465219,48.040496],[6.465648,48.040886],[6.466344,48.041223],[6.465251,48.041604],[6.462321,48.042354],[6.461281,48.042435],[6.460465,48.04284],[6.459532,48.04361],[6.457772,48.043611],[6.456377,48.043891],[6.45495,48.044334],[6.453803,48.044441],[6.452709,48.044822],[6.451743,48.045023],[6.450262,48.045749],[6.448127,48.046387],[6.447301,48.04683],[6.445219,48.047547],[6.444222,48.047798],[6.443407,48.048558],[6.44316,48.048938],[6.441196,48.049541],[6.44095,48.049758],[6.441003,48.050084],[6.441261,48.050496],[6.441057,48.050697],[6.439983,48.050884],[6.439308,48.051483],[6.438697,48.051909],[6.43817,48.052532],[6.437318,48.053106],[6.436368,48.053937],[6.436304,48.054777],[6.436835,48.055187],[6.438621,48.056041],[6.439206,48.056108],[6.440209,48.056039],[6.440928,48.055926],[6.441829,48.05635],[6.442087,48.057037],[6.442124,48.05752],[6.441555,48.057404],[6.440901,48.057411],[6.440354,48.057598],[6.440376,48.057846],[6.439743,48.058743],[6.439737,48.059769],[6.439544,48.060872],[6.439571,48.061311],[6.439142,48.061877],[6.438887,48.062312],[6.438718,48.062668],[6.437887,48.063297],[6.437623,48.064053],[6.437661,48.065161],[6.437484,48.065299],[6.437167,48.065393],[6.436711,48.065444],[6.436218,48.065758],[6.436122,48.065932],[6.433852,48.06705],[6.433496,48.067471],[6.433053,48.067892],[6.432431,48.068185],[6.431009,48.068317],[6.420125,48.069539],[6.419557,48.070035],[6.41815,48.0704],[6.415339,48.071268],[6.413656,48.071339],[6.411295,48.072044],[6.41049,48.072392],[6.409503,48.073311],[6.408865,48.073386],[6.407572,48.073747],[6.406553,48.07415],[6.406317,48.074359],[6.405566,48.074365],[6.402197,48.073124],[6.399885,48.073152],[6.399418,48.073084],[6.398173,48.072602],[6.397627,48.072575],[6.397122,48.072762],[6.396242,48.073413],[6.395942,48.073763],[6.395288,48.073737],[6.394161,48.072687],[6.39342,48.072315],[6.392734,48.072143],[6.392186,48.072207],[6.391516,48.072448],[6.390982,48.072435],[6.390459,48.072287],[6.388753,48.071104],[6.38738,48.069937],[6.386082,48.069519],[6.385718,48.069153],[6.384666,48.068027],[6.384505,48.06759],[6.383239,48.067865],[6.382713,48.068004],[6.380954,48.06838],[6.380203,48.068588],[6.379001,48.069068],[6.378078,48.069533],[6.377113,48.070027],[6.375814,48.069627],[6.376363,48.070143],[6.376611,48.070458],[6.377107,48.070745],[6.377856,48.071548],[6.376865,48.072134],[6.376157,48.073042],[6.375534,48.074272],[6.375804,48.075917],[6.376072,48.076751],[6.37641,48.07755],[6.376298,48.078711],[6.374495,48.079753],[6.373325,48.0804],[6.371512,48.080521],[6.369023,48.079783],[6.368058,48.079413],[6.36692,48.079114],[6.366255,48.078858],[6.365397,48.078364],[6.365204,48.07822],[6.364002,48.0782],[6.36242,48.078226],[6.360312,48.078352],[6.358477,48.078652],[6.35528,48.078618],[6.353863,48.079059],[6.352351,48.079218],[6.350559,48.079578],[6.348438,48.079834],[6.347957,48.079682],[6.347866,48.079407],[6.34631,48.078331],[6.34483,48.079177],[6.343837,48.079468],[6.343435,48.079631],[6.342941,48.080004],[6.342228,48.080189],[6.341869,48.079361],[6.34167,48.079461],[6.340302,48.080723],[6.339782,48.080994],[6.336467,48.082265],[6.335957,48.082554],[6.334881,48.083493],[6.334417,48.083823],[6.332781,48.081971],[6.331875,48.08182],[6.331422,48.081555],[6.330884,48.081479],[6.329836,48.080912],[6.328647,48.08042],[6.327543,48.080496],[6.326042,48.080136],[6.325504,48.080666],[6.324542,48.080363],[6.324004,48.079853],[6.324315,48.079417],[6.323636,48.079342],[6.322815,48.079588],[6.321908,48.079455],[6.321031,48.079682],[6.319389,48.079644],[6.318058,48.079172],[6.316954,48.07919],[6.316076,48.079096],[6.314632,48.079077],[6.314349,48.078264],[6.313782,48.077942],[6.312905,48.078037],[6.311801,48.078453],[6.309167,48.077129],[6.308856,48.078339],[6.308516,48.07868],[6.30846,48.079096],[6.308007,48.079436],[6.30778,48.080458],[6.306732,48.08076],[6.304864,48.081593],[6.303703,48.081498],[6.30526,48.084108],[6.303731,48.084808],[6.303335,48.084657],[6.303116,48.084631],[6.301871,48.084517],[6.300573,48.084101],[6.299479,48.083312],[6.298374,48.08268],[6.297075,48.082207],[6.296807,48.081499],[6.296561,48.08109],[6.296121,48.080732],[6.295059,48.080222],[6.294126,48.079697],[6.293498,48.079683],[6.292395,48.080081],[6.291303,48.080242],[6.290853,48.080452],[6.290478,48.08035],[6.290478,48.079794],[6.289469,48.079361],[6.289501,48.079033],[6.289673,48.078902],[6.290381,48.078917],[6.290878,48.079013],[6.292003,48.078821],[6.292661,48.0785],[6.29275,48.078103],[6.292537,48.077879],[6.291992,48.077627],[6.290784,48.077549],[6.288495,48.077159],[6.287598,48.076936],[6.287001,48.076699],[6.28665,48.07621],[6.286419,48.075591],[6.286019,48.074995],[6.285007,48.074419],[6.283383,48.074185],[6.282757,48.074265],[6.281356,48.074581],[6.280779,48.074425],[6.280529,48.07409],[6.280496,48.073605],[6.280596,48.073156],[6.280775,48.07288],[6.280792,48.072683],[6.28103,48.072211],[6.280887,48.071839],[6.280266,48.071433],[6.279494,48.071103],[6.278492,48.071006],[6.2772,48.070686],[6.276748,48.068729],[6.275474,48.068066],[6.275587,48.067385],[6.275248,48.067234],[6.275503,48.06678],[6.276578,48.065928],[6.274738,48.065096],[6.273492,48.065228],[6.271567,48.066099],[6.269557,48.067574],[6.268594,48.068066],[6.267178,48.069448],[6.266272,48.069485],[6.265678,48.070886],[6.260411,48.074329],[6.257778,48.073307],[6.254296,48.067707],[6.250728,48.065531],[6.249652,48.066988],[6.24953,48.067103],[6.24823,48.068765],[6.246124,48.070149],[6.245285,48.070816],[6.242854,48.07232],[6.24125,48.073431],[6.240525,48.073853],[6.239436,48.074633],[6.236901,48.07619],[6.234376,48.077861],[6.233053,48.078629],[6.231633,48.079526],[6.229661,48.08035],[6.228193,48.081275],[6.220706,48.084827],[6.219001,48.085629],[6.216872,48.086611],[6.216609,48.086898],[6.217144,48.088267],[6.216645,48.088519],[6.21606,48.088772],[6.215448,48.08899],[6.214825,48.089119],[6.214178,48.089026],[6.21358,48.089072],[6.212737,48.088965],[6.211786,48.088653],[6.211437,48.088764],[6.211228,48.089462],[6.210906,48.089785],[6.210068,48.089921],[6.210068,48.090387],[6.209826,48.090802],[6.209563,48.091404],[6.209026,48.091963],[6.208384,48.092092],[6.207657,48.092113],[6.206213,48.09235],[6.203315,48.09288],[6.20155,48.093001],[6.195108,48.093582],[6.192633,48.093624],[6.191242,48.093602],[6.189537,48.093441],[6.188735,48.093424],[6.188534,48.093562],[6.188401,48.094137],[6.186962,48.094125],[6.185492,48.093849],[6.183728,48.093774],[6.182622,48.093467],[6.182125,48.093485],[6.182098,48.093609],[6.181266,48.093733],[6.180566,48.093725],[6.179695,48.093614],[6.178603,48.093176],[6.177834,48.093176],[6.177709,48.093022],[6.178075,48.092486],[6.17829,48.092329],[6.177278,48.091886],[6.17691,48.091808],[6.175919,48.091641],[6.17561,48.090826],[6.174893,48.089817],[6.17444,48.089552],[6.173859,48.089358],[6.17232,48.089192],[6.171988,48.089012],[6.171861,48.088718],[6.171369,48.088623],[6.170027,48.087639],[6.169429,48.087009],[6.168617,48.086236],[6.168342,48.085621],[6.167913,48.085297],[6.167485,48.085073],[6.167245,48.08488],[6.16635,48.08445],[6.165696,48.084025],[6.164977,48.083615],[6.163918,48.082803],[6.162815,48.082034],[6.161821,48.081474],[6.160596,48.081117],[6.157964,48.080995],[6.156481,48.081273],[6.155699,48.081319],[6.153466,48.082179],[6.1531,48.082307],[6.150761,48.081927],[6.150341,48.081937],[6.14925,48.081542],[6.148201,48.081219],[6.147199,48.080846],[6.145783,48.080429],[6.144151,48.079785],[6.143461,48.079384],[6.143157,48.079336],[6.142024,48.079823],[6.140441,48.080096],[6.13922,48.080879],[6.138804,48.08107],[6.13765,48.08107],[6.13641,48.080891],[6.13519,48.08107],[6.134845,48.081064],[6.133488,48.080768],[6.132807,48.080803],[6.132376,48.080968],[6.132231,48.080396],[6.13237,48.080185],[6.133034,48.079893],[6.13386,48.079667],[6.134851,48.079702],[6.135188,48.079668],[6.135409,48.07954],[6.134845,48.079419],[6.134106,48.079025],[6.132618,48.078565],[6.132041,48.078301],[6.130545,48.07739],[6.123626,48.077663],[6.123066,48.078147],[6.122913,48.07836],[6.122735,48.078695],[6.1222,48.078751],[6.121356,48.078634],[6.121064,48.078429],[6.120845,48.078579],[6.120874,48.078711],[6.120616,48.07886],[6.120161,48.078917],[6.11893,48.079162],[6.118321,48.079264],[6.117706,48.079562],[6.117278,48.079576],[6.116962,48.079372],[6.116593,48.078897],[6.115968,48.078679],[6.115519,48.078664],[6.11552,48.06876],[6.115314,48.068774],[6.113702,48.069646],[6.111511,48.068096],[6.110705,48.067447],[6.109545,48.066633],[6.108789,48.066158],[6.108411,48.066551],[6.102942,48.064069],[6.101681,48.067065],[6.092171,48.073548],[6.081471,48.074294],[6.070771,48.07496],[6.063487,48.080526],[6.063191,48.080878],[6.063051,48.081233],[6.062888,48.081433],[6.062202,48.081451],[6.061907,48.081527],[6.061639,48.081742],[6.060158,48.081785],[6.059313,48.081926],[6.058464,48.081991],[6.057047,48.08244],[6.054791,48.083625],[6.054594,48.083532],[6.054547,48.083395],[6.05353,48.082806],[6.052243,48.081593],[6.050397,48.080599],[6.049464,48.080582],[6.047737,48.080816],[6.047147,48.080767],[6.046544,48.080919],[6.046189,48.080913],[6.045821,48.081159],[6.045821,48.081719],[6.045821,48.081719],[6.046554,48.082607],[6.04715,48.083158],[6.046897,48.083489],[6.046629,48.083625],[6.046232,48.083732],[6.046246,48.083763],[6.046246,48.083763],[6.045956,48.083318],[6.044975,48.082752],[6.044873,48.082781],[6.044949,48.083197],[6.044911,48.083629],[6.044728,48.083825],[6.044407,48.083852],[6.043698,48.083427],[6.043634,48.083098],[6.04281,48.08224],[6.041976,48.081469],[6.041483,48.082388],[6.040399,48.083542],[6.035818,48.081937],[6.03512,48.082015],[6.03202,48.084034],[6.031398,48.083728],[6.030174,48.083398],[6.029112,48.084814],[6.029724,48.084859],[6.028694,48.08546],[6.028168,48.085718],[6.02246,48.087935],[6.019156,48.089589],[6.015208,48.091938],[6.014736,48.091985],[6.013802,48.091853],[6.007569,48.091462],[6.005841,48.093143],[6.004618,48.094521],[6.000252,48.0977],[6.000547,48.099162],[6.000842,48.099686],[6.009511,48.107754],[6.010498,48.109173],[6.010777,48.109917],[6.012021,48.111057],[6.012633,48.11072],[6.013271,48.110727],[6.014725,48.111107],[6.0151,48.11142],[6.015905,48.112432],[6.016087,48.112933],[6.016527,48.11356],[6.016903,48.114029],[6.016989,48.114537],[6.016764,48.114833],[6.016484,48.115627],[6.015916,48.116394],[6.015562,48.116611],[6.014703,48.116806],[6.013555,48.117819],[6.012569,48.118433],[6.011324,48.118884],[6.010852,48.119221],[6.007021,48.122981],[6.006378,48.123962],[6.005648,48.124695],[6.005187,48.124881],[6.003674,48.124778],[6.002923,48.124793],[6.002537,48.124952],[6.001893,48.125847],[6.001582,48.126026],[6.000735,48.126327],[6.000048,48.126935],[5.999168,48.127246],[5.998631,48.127305],[5.998159,48.127457],[5.997575,48.128185],[5.997602,48.129121],[5.996336,48.130409],[5.996443,48.130715],[5.996819,48.13095],[5.996282,48.131861],[5.995595,48.132468],[5.995166,48.133144],[5.995145,48.133648],[5.99537,48.134373],[5.996657,48.135461],[5.99758,48.136077],[5.997966,48.136789],[5.998492,48.137208],[5.998503,48.137646],[5.998916,48.138158],[5.999157,48.138641],[5.998567,48.139329],[5.99787,48.140404],[5.996883,48.142517],[5.99655,48.143985],[5.996368,48.144264],[5.995757,48.144616],[5.995064,48.144743],[5.994619,48.145193],[5.994651,48.146032],[5.994062,48.147168],[5.994008,48.147643],[5.99419,48.148102],[5.993643,48.149323],[5.993219,48.149723],[5.992935,48.149845],[5.992441,48.149615],[5.991722,48.149342],[5.990156,48.148624],[5.989362,48.148429],[5.98845,48.148456],[5.98741,48.148774],[5.986701,48.149323],[5.986205,48.149298],[5.984915,48.149446],[5.982559,48.149583],[5.982254,48.149511],[5.981422,48.149504],[5.979556,48.149058],[5.978118,48.148478],[5.977329,48.14822],[5.976348,48.147848],[5.974943,48.147757],[5.972142,48.14686],[5.970319,48.147012],[5.969696,48.146667],[5.967507,48.146016],[5.966939,48.145689],[5.964664,48.144928],[5.964225,48.144626],[5.963468,48.144384],[5.962958,48.144298],[5.962078,48.143944],[5.961145,48.143447],[5.958152,48.143051],[5.957454,48.142879],[5.957519,48.142181],[5.957229,48.141464],[5.956425,48.140352],[5.956091,48.139772],[5.955373,48.140346],[5.954284,48.141506],[5.953925,48.141743],[5.952165,48.141678],[5.950373,48.141268],[5.943658,48.139612],[5.939194,48.138193],[5.939741,48.13732],[5.937745,48.13805],[5.934613,48.138895],[5.931995,48.139261],[5.930214,48.139623],[5.928648,48.139803],[5.927972,48.140089],[5.925225,48.137818],[5.921813,48.135227],[5.91374,48.129206],[5.90101,48.119818],[5.89071,48.110304],[5.883447,48.103549],[5.867745,48.09552],[5.857151,48.090027],[5.853476,48.086424],[5.849909,48.08285],[5.831563,48.064258],[5.831305,48.063748],[5.827872,48.053127],[5.825189,48.053306],[5.822282,48.05284],[5.820157,48.052696],[5.818441,48.053264],[5.814921,48.053435],[5.812475,48.054182],[5.811478,48.054365],[5.810008,48.054383],[5.807943,48.05581],[5.807415,48.056129],[5.806479,48.05685],[5.805556,48.057338],[5.804349,48.057797],[5.803367,48.058027],[5.802911,48.058012],[5.802261,48.057883],[5.798024,48.060509],[5.797804,48.06044],[5.797004,48.059927],[5.796286,48.059405],[5.795224,48.058996],[5.793153,48.058491],[5.791243,48.057772],[5.790798,48.057473],[5.789827,48.057173],[5.788641,48.058313],[5.788142,48.058607],[5.787391,48.058249],[5.786469,48.058341],[5.785353,48.05781],[5.784752,48.057243],[5.783712,48.056677],[5.782103,48.056074],[5.780879,48.055794],[5.779399,48.055601],[5.777811,48.055437],[5.776577,48.0551],[5.775568,48.054682],[5.774689,48.054163],[5.774646,48.053322],[5.774174,48.052979],[5.772575,48.052326],[5.772371,48.052116],[5.771749,48.050884],[5.771256,48.050352],[5.770044,48.049837],[5.769512,48.049367],[5.768949,48.04874],[5.768272,48.048504],[5.767254,48.047934],[5.76676,48.047756],[5.766197,48.047674],[5.765934,48.047419],[5.765837,48.046917],[5.765612,48.04636],[5.763617,48.044208],[5.762201,48.042873],[5.761739,48.042169],[5.761707,48.041838],[5.762608,48.041156],[5.763477,48.040198],[5.764383,48.039382],[5.764475,48.039204],[5.765634,48.039168],[5.770805,48.038623],[5.772875,48.03819],[5.774828,48.037907],[5.775858,48.037484],[5.776899,48.037276],[5.778057,48.036753],[5.779238,48.03582],[5.779881,48.035194],[5.779302,48.035091],[5.77838,48.034988],[5.776663,48.033905],[5.776958,48.033456],[5.777746,48.031364],[5.776094,48.024507],[5.776116,48.023774],[5.776427,48.022402],[5.778057,48.022366],[5.777585,48.021765],[5.777113,48.021515],[5.776303,48.02137],[5.775131,48.020972],[5.77264,48.019986],[5.771626,48.019309],[5.76897,48.018906],[5.756632,48.014207],[5.755291,48.01357],[5.753607,48.013261],[5.751984,48.012169],[5.750897,48.011351],[5.749315,48.010388],[5.748264,48.009513],[5.74718,48.009107],[5.746161,48.008622],[5.744391,48.008222],[5.742985,48.006916],[5.743082,48.006063],[5.741719,48.004531],[5.740947,48.00322],[5.740753,48.002536],[5.740571,48.001465],[5.739981,48.000031],[5.739217,47.999101],[5.738506,47.998317],[5.738093,47.998003],[5.737272,47.9977],[5.737385,47.997516],[5.737626,47.996303],[5.737052,47.996002],[5.736848,47.995566],[5.736773,47.994782],[5.736564,47.994341],[5.736127,47.993747],[5.735625,47.992981],[5.735153,47.99283],[5.734596,47.992794],[5.73466,47.992329],[5.73489,47.992005],[5.735392,47.991578],[5.735764,47.991452],[5.736387,47.991496],[5.736634,47.991312],[5.736859,47.991193],[5.737449,47.991502],[5.738297,47.991819],[5.738645,47.991442],[5.73923,47.990865],[5.738565,47.990236],[5.737792,47.989218],[5.737127,47.988738],[5.736371,47.98867],[5.735295,47.988428],[5.73467,47.988387],[5.734799,47.987967],[5.734273,47.987416],[5.734305,47.986664],[5.733221,47.985743],[5.733039,47.985319],[5.732985,47.984587],[5.732529,47.983885],[5.731677,47.983039],[5.730486,47.981564],[5.730529,47.981003],[5.72922,47.979847],[5.728362,47.979328],[5.728099,47.979043],[5.728061,47.978642],[5.729112,47.97798],[5.729762,47.977807],[5.730379,47.977584],[5.730625,47.977276],[5.730958,47.977017],[5.73194,47.976751],[5.732943,47.976361],[5.733747,47.975459],[5.733994,47.975063],[5.734821,47.974295],[5.735057,47.973817],[5.735308,47.973576],[5.736387,47.97293],[5.737873,47.972237],[5.738447,47.971931],[5.739476,47.971666],[5.741054,47.970387],[5.742985,47.969136],[5.743398,47.968756],[5.744294,47.967493],[5.744594,47.967401],[5.744605,47.966874],[5.744241,47.966005],[5.744246,47.96536],[5.744884,47.962768],[5.747995,47.957254],[5.748585,47.955116],[5.748114,47.953669],[5.747974,47.953672],[5.747855,47.953132],[5.747577,47.952778],[5.747191,47.9527],[5.746622,47.951523],[5.746579,47.951193],[5.746193,47.951088],[5.745764,47.950839],[5.743961,47.950615],[5.742599,47.950356],[5.742481,47.949932],[5.742534,47.949387],[5.742019,47.949042],[5.740925,47.948753],[5.740078,47.948061],[5.73908,47.946923],[5.737878,47.946432],[5.737084,47.945952],[5.736226,47.945242],[5.734949,47.944616],[5.733919,47.943481],[5.731613,47.941937],[5.730271,47.940811],[5.72789,47.93888],[5.727107,47.938387],[5.72598,47.937851],[5.725121,47.935928],[5.724618,47.935438],[5.724746,47.935352],[5.724081,47.93422],[5.723722,47.933979],[5.721796,47.933235],[5.720583,47.93325],[5.720143,47.933071],[5.719274,47.932284],[5.718266,47.931504],[5.718276,47.931303],[5.718609,47.930943],[5.718148,47.929953],[5.717783,47.929722],[5.717246,47.929569],[5.716978,47.9292],[5.716614,47.928852],[5.716753,47.928499],[5.718781,47.927314],[5.71964,47.926392],[5.720594,47.925838],[5.720894,47.92543],[5.720948,47.92269],[5.720841,47.922196],[5.719714,47.919474],[5.719339,47.918764],[5.719393,47.918572],[5.720755,47.918577],[5.721689,47.918852],[5.723277,47.91906],[5.723662,47.91924],[5.725728,47.921074],[5.726022,47.921168],[5.725556,47.919096],[5.725859,47.918891],[5.724842,47.91389],[5.724802,47.913147],[5.724462,47.912821],[5.723169,47.912342],[5.722976,47.911813],[5.722428,47.911304],[5.72201,47.910561],[5.721243,47.910115],[5.720905,47.909863],[5.720669,47.909487],[5.720497,47.908783],[5.719231,47.908475],[5.717086,47.907833],[5.716163,47.906569],[5.71582,47.906283],[5.714768,47.905657],[5.713722,47.904926],[5.71317,47.904454],[5.712976,47.903861],[5.712917,47.90309],[5.712783,47.902786],[5.714167,47.901861],[5.714071,47.901731],[5.716039,47.900692],[5.715114,47.899898],[5.714646,47.899598],[5.713586,47.898671],[5.712505,47.897788],[5.707398,47.898045],[5.705069,47.898268],[5.703283,47.898204],[5.701556,47.898215],[5.700783,47.898087],[5.699925,47.897995],[5.698589,47.897771],[5.698867,47.897538],[5.69967,47.897434],[5.700049,47.897176],[5.700429,47.896759],[5.70115,47.895229],[5.701581,47.894705],[5.701616,47.893534],[5.701704,47.89255],[5.70211,47.891984],[5.70204,47.891795],[5.701572,47.891433],[5.70173,47.890905],[5.70022,47.890572],[5.698463,47.889995],[5.696343,47.889997],[5.695887,47.889866],[5.694272,47.889058],[5.692995,47.88858],[5.692603,47.888342],[5.691889,47.88768],[5.688614,47.888008],[5.687036,47.888647],[5.686466,47.888779],[5.684105,47.889084],[5.683574,47.889033],[5.68301,47.888749],[5.682011,47.88787],[5.680358,47.886805],[5.679068,47.885129],[5.678378,47.884666],[5.67654,47.883873],[5.675089,47.883115],[5.672253,47.881889],[5.669924,47.881075],[5.668432,47.880708],[5.667627,47.8803],[5.665931,47.879325],[5.663962,47.879373],[5.661983,47.879321],[5.658295,47.878657],[5.654407,47.877375],[5.653241,47.877108],[5.65068,47.876265],[5.64996,47.875537],[5.652217,47.873996],[5.652823,47.873708],[5.652667,47.873254],[5.651266,47.872376],[5.650665,47.873048],[5.649477,47.873862],[5.64816,47.87459],[5.646382,47.875908],[5.646073,47.875815],[5.644505,47.873662],[5.643341,47.874199],[5.643014,47.874492],[5.638207,47.8821],[5.637928,47.883318],[5.637532,47.884579],[5.634769,47.884752],[5.63548,47.887099],[5.632091,47.887779],[5.630912,47.887883],[5.63015,47.888114],[5.629399,47.888582],[5.625665,47.890295],[5.626087,47.890859],[5.626111,47.891106],[5.627004,47.891655],[5.62765,47.891916],[5.628839,47.891972],[5.629331,47.891733],[5.628804,47.892455],[5.629973,47.892071],[5.630455,47.892019],[5.630653,47.892212],[5.630646,47.892701],[5.630497,47.89337],[5.63016,47.893859],[5.630102,47.894147],[5.629003,47.895237],[5.628356,47.896198],[5.627307,47.896846],[5.62589,47.897282],[5.625268,47.897391],[5.624109,47.897147],[5.623294,47.896744],[5.62198,47.896478],[5.620767,47.896353],[5.619974,47.896189],[5.619453,47.895721],[5.618901,47.895681],[5.617404,47.896037],[5.616787,47.896236],[5.615859,47.894593],[5.615516,47.893679],[5.614711,47.892701],[5.61455,47.892758],[5.613434,47.891419],[5.613038,47.89108],[5.611702,47.890559],[5.610881,47.890139],[5.60882,47.889414],[5.608603,47.8894],[5.608322,47.889572],[5.607544,47.890587],[5.604529,47.889323],[5.599701,47.88742],[5.60027,47.886768],[5.595195,47.884693],[5.593672,47.885608],[5.593221,47.885715],[5.593221,47.885474],[5.592995,47.885197],[5.592126,47.884759],[5.591526,47.884392],[5.590517,47.88407],[5.589906,47.883714],[5.589638,47.883693],[5.584359,47.884924],[5.583243,47.882829],[5.582997,47.882777],[5.580873,47.883241],[5.580572,47.883111],[5.579928,47.881802],[5.582492,47.877705],[5.57908,47.872613],[5.574113,47.873561],[5.574241,47.873915],[5.57319,47.874039],[5.573029,47.874519],[5.573069,47.875034],[5.572884,47.875447],[5.572814,47.876131],[5.572514,47.876289],[5.571238,47.876641],[5.569994,47.876686],[5.569457,47.877044],[5.569049,47.876851],[5.569135,47.87588],[5.56892,47.875288],[5.568309,47.874723],[5.567622,47.874317],[5.565734,47.874103],[5.563298,47.874382],[5.562123,47.874824],[5.560949,47.875208],[5.560326,47.875929],[5.559554,47.87647],[5.559415,47.877528],[5.559109,47.878531],[5.558718,47.879505],[5.5567,47.880404],[5.555456,47.881261],[5.55479,47.881886],[5.550188,47.885339],[5.549963,47.885657],[5.549984,47.886981],[5.549865,47.887204],[5.549244,47.88718],[5.548611,47.887005],[5.547699,47.886537],[5.547162,47.886551],[5.544372,47.887816],[5.542012,47.8885],[5.534888,47.892167],[5.533397,47.8927],[5.531445,47.893276],[5.528033,47.894177],[5.526649,47.894361],[5.523667,47.89449],[5.522465,47.894955],[5.520598,47.895203],[5.518538,47.895363],[5.518109,47.894076],[5.518334,47.892606],[5.514847,47.889269],[5.513211,47.888428],[5.5129,47.888309],[5.512785,47.88816],[5.512755,47.887963],[5.51304,47.887416],[5.512852,47.886931],[5.511655,47.886949],[5.511135,47.886899],[5.509912,47.885866],[5.51003,47.885284],[5.509622,47.884283],[5.508351,47.882348],[5.50797,47.882011],[5.505727,47.882485],[5.505294,47.882442],[5.504921,47.882047],[5.504782,47.881256],[5.504195,47.880647],[5.503075,47.880277],[5.502246,47.879828],[5.500452,47.877977],[5.499723,47.87752],[5.4982,47.877029],[5.496669,47.875919],[5.495406,47.875822],[5.494873,47.875331],[5.494585,47.875207],[5.493443,47.874146],[5.489679,47.871104],[5.488827,47.870695],[5.488155,47.87074],[5.487641,47.870626],[5.486239,47.870303],[5.485973,47.870304],[5.484848,47.870681],[5.48393,47.871109],[5.482264,47.871442],[5.480794,47.871826],[5.47971,47.87213],[5.479311,47.872236],[5.478244,47.872634],[5.477124,47.872909],[5.475634,47.873725],[5.474482,47.874256],[5.47335,47.874901],[5.471907,47.875477],[5.471719,47.875689],[5.471381,47.876275],[5.470872,47.876455],[5.470298,47.876492],[5.468616,47.876398],[5.468072,47.876476],[5.466679,47.876934],[5.465654,47.876978],[5.464092,47.876712],[5.462996,47.876746],[5.461835,47.876961],[5.46048,47.877621],[5.45889,47.878159],[5.460048,47.877352],[5.459859,47.876474],[5.460126,47.875552],[5.460791,47.874297],[5.461359,47.873041],[5.4618,47.872608],[5.462067,47.872165],[5.4623,47.870523],[5.459604,47.870437],[5.457437,47.870331],[5.457823,47.869744],[5.458017,47.869315],[5.455624,47.868942],[5.455388,47.86846],[5.455366,47.868198],[5.455281,47.867935],[5.454701,47.867364],[5.453821,47.867184],[5.453264,47.867524],[5.452652,47.868425],[5.452824,47.869137],[5.451965,47.869948],[5.451547,47.870026],[5.450688,47.869769],[5.44983,47.869347],[5.449198,47.869249],[5.448447,47.869324],[5.447953,47.869444],[5.447341,47.869221],[5.447116,47.86874],[5.447684,47.866874],[5.447835,47.866531],[5.448006,47.865776],[5.448017,47.864904],[5.447727,47.864462],[5.446419,47.863307],[5.445914,47.862633],[5.44526,47.861614],[5.444401,47.861642],[5.442888,47.862247],[5.441451,47.862911],[5.439874,47.862706],[5.439332,47.86206],[5.438791,47.861334],[5.438104,47.861059],[5.433919,47.860866],[5.430196,47.860296],[5.429703,47.860533],[5.428469,47.860736],[5.427922,47.860926],[5.426699,47.861635],[5.425154,47.862191],[5.424478,47.862637],[5.423931,47.863385],[5.422547,47.864156],[5.421989,47.864544],[5.421034,47.864766],[5.420713,47.865141],[5.420219,47.865414],[5.419618,47.865529],[5.418266,47.865865],[5.417343,47.866215],[5.416613,47.866572],[5.415681,47.867372],[5.415321,47.868071],[5.414704,47.868898],[5.414221,47.869746],[5.413857,47.871085],[5.41383,47.872051],[5.414017,47.872923],[5.414693,47.873858],[5.414414,47.874217],[5.41478,47.875697],[5.415107,47.876343],[5.416002,47.877256],[5.417193,47.878204],[5.418641,47.878895],[5.419575,47.879664],[5.420175,47.879867],[5.420219,47.880087],[5.419414,47.880457],[5.419393,47.880815],[5.418653,47.881177],[5.418427,47.881479],[5.417515,47.881579],[5.417161,47.881341],[5.416941,47.880958],[5.41701,47.880531],[5.417418,47.880153],[5.417365,47.87982],[5.417139,47.879559],[5.416609,47.879233],[5.415957,47.878984],[5.415894,47.878863],[5.41522,47.878562],[5.414597,47.878471],[5.414403,47.878268],[5.41464,47.877945],[5.414248,47.877676],[5.413943,47.87735],[5.412645,47.876395],[5.412333,47.87644],[5.411625,47.877187],[5.408192,47.876628],[5.408401,47.875826],[5.408407,47.875247],[5.40875,47.874294],[5.409496,47.873776],[5.410142,47.873431],[5.410906,47.873108],[5.410852,47.872546],[5.410692,47.872166],[5.4106,47.871292],[5.410863,47.870576],[5.410498,47.870197],[5.410166,47.870163],[5.409871,47.870618],[5.409243,47.871965],[5.408954,47.872195],[5.409005,47.872402],[5.408916,47.872961],[5.408672,47.873234],[5.408192,47.873463],[5.407781,47.873481],[5.407446,47.873334],[5.406867,47.872782],[5.406175,47.872402],[5.405247,47.872071],[5.403806,47.871895],[5.403553,47.871778],[5.402602,47.87164],[5.401283,47.871608],[5.40069,47.871698],[5.400238,47.87169],[5.400002,47.871769],[5.399292,47.871796],[5.398761,47.871622],[5.397087,47.87148],[5.396251,47.871466],[5.395264,47.871416],[5.394394,47.871557],[5.394121,47.871691],[5.393654,47.871854],[5.392914,47.872223],[5.39242,47.872618],[5.390913,47.873019],[5.390148,47.873392],[5.389395,47.87342],[5.387474,47.87433],[5.387212,47.874504],[5.386568,47.874653],[5.386289,47.874653],[5.386021,47.874582],[5.385956,47.874449],[5.386197,47.87396],[5.385854,47.873562],[5.385785,47.873313],[5.385803,47.872847],[5.385713,47.872461],[5.385784,47.872344],[5.38513,47.871834],[5.384537,47.871597],[5.382635,47.871152],[5.381627,47.87051],[5.379524,47.869674],[5.378733,47.869487],[5.378414,47.869488],[5.376552,47.869028],[5.375924,47.869082],[5.374935,47.8693],[5.374503,47.869316],[5.372465,47.868475],[5.372218,47.86854],[5.372121,47.868418],[5.371134,47.867665],[5.371049,47.867375],[5.370856,47.86728],[5.370502,47.867285],[5.370062,47.86737],[5.367798,47.8681],[5.367143,47.867516],[5.366971,47.867468],[5.366529,47.867521],[5.366365,47.867468],[5.365379,47.86818],[5.362849,47.8699],[5.362873,47.869999],[5.360888,47.871301],[5.359558,47.87192],[5.357643,47.872471],[5.356736,47.87285],[5.356489,47.872373],[5.357626,47.872104],[5.357884,47.871908],[5.355706,47.870547],[5.35164,47.867946],[5.348679,47.866776],[5.346672,47.86631],[5.345997,47.866276],[5.344248,47.866659],[5.343089,47.866479],[5.340729,47.865314],[5.338932,47.864281],[5.338648,47.864011],[5.33765,47.863616],[5.337242,47.863148],[5.336909,47.862961],[5.336909,47.862961],[5.336472,47.862647],[5.336343,47.862337],[5.335642,47.861773],[5.335412,47.860329],[5.335242,47.859227],[5.33401,47.85916],[5.3332,47.859207],[5.333068,47.859159],[5.330639,47.85972],[5.330191,47.860034],[5.330125,47.860447],[5.330406,47.861168],[5.330667,47.86229],[5.330615,47.862539],[5.330554,47.86348],[5.330331,47.863522],[5.330311,47.863933],[5.330088,47.863739],[5.329674,47.864173],[5.329579,47.864327],[5.32912,47.864712],[5.32801,47.86372],[5.32798,47.863441],[5.32806,47.862839],[5.328361,47.862461],[5.32756,47.862309],[5.32747,47.862511],[5.32687,47.862652],[5.325768,47.862691],[5.325049,47.862894],[5.323707,47.86322],[5.322464,47.863257],[5.320988,47.863531],[5.320434,47.863518],[5.320057,47.864375],[5.319895,47.865189],[5.319731,47.865719],[5.319689,47.866437],[5.319215,47.866462],[5.318827,47.866544],[5.318338,47.866962],[5.317961,47.86696],[5.317378,47.86718],[5.317014,47.867177],[5.316674,47.867123],[5.314412,47.867471],[5.31324,47.867698],[5.311862,47.867293],[5.311299,47.867167],[5.310389,47.866393],[5.309655,47.866213],[5.309121,47.865372],[5.308226,47.866218],[5.305242,47.867582],[5.304935,47.866781],[5.304757,47.866134],[5.303955,47.866046],[5.3028,47.865766],[5.30246,47.865708],[5.301781,47.865459],[5.300699,47.865355],[5.300365,47.865263],[5.299601,47.865143],[5.296621,47.864866],[5.295947,47.864791],[5.294865,47.864775],[5.293946,47.864547],[5.293042,47.864429],[5.292579,47.864379],[5.290768,47.864397],[5.290397,47.864318],[5.290043,47.864161],[5.288782,47.863847],[5.288118,47.863552],[5.287732,47.863327],[5.287362,47.863178],[5.286098,47.862878],[5.285021,47.862869],[5.28405,47.862605],[5.283544,47.862403],[5.282629,47.862388],[5.281642,47.862603],[5.280953,47.863043],[5.280816,47.863271],[5.280604,47.863858],[5.276469,47.865309],[5.275799,47.865256],[5.275061,47.865415],[5.274207,47.865396],[5.273631,47.865506],[5.273022,47.865529],[5.272541,47.865609],[5.270992,47.865483],[5.270179,47.865493],[5.269421,47.865696],[5.269226,47.86579],[5.268961,47.866192],[5.26874,47.866371],[5.26862,47.86602],[5.268792,47.865492],[5.268349,47.865261],[5.267883,47.865903],[5.266821,47.865707],[5.265729,47.865727],[5.26567,47.8647],[5.265827,47.864114],[5.265616,47.86384],[5.263643,47.863406],[5.263168,47.863074],[5.263117,47.863238],[5.263161,47.863611],[5.262323,47.863986],[5.262179,47.863941],[5.262115,47.863456],[5.26189,47.863338],[5.26194,47.862659],[5.261086,47.860723],[5.260083,47.8601],[5.258972,47.859492],[5.258623,47.859155],[5.25769,47.857368],[5.256373,47.856488],[5.25568,47.85635],[5.255118,47.856444],[5.25497,47.855933],[5.254879,47.854522],[5.254522,47.854192],[5.25456,47.852261],[5.254368,47.851332],[5.254578,47.850933],[5.254982,47.850434],[5.25567,47.85006],[5.25535,47.849178],[5.25483,47.848381],[5.25436,47.84787],[5.253748,47.847434],[5.252842,47.846569],[5.252343,47.846264],[5.251677,47.845699],[5.250293,47.844723],[5.250084,47.844631],[5.249339,47.844783],[5.247417,47.842988],[5.247272,47.84273],[5.247268,47.842494],[5.246945,47.84215],[5.245849,47.841157],[5.244418,47.840042],[5.243896,47.839726],[5.243374,47.839309],[5.242566,47.838907],[5.241612,47.838741],[5.240412,47.838583],[5.239406,47.838288],[5.238399,47.837654],[5.237696,47.837071],[5.237304,47.836823],[5.236881,47.836503],[5.236503,47.836364],[5.235245,47.836142],[5.234474,47.835917],[5.23489,47.83557],[5.234927,47.835436],[5.234932,47.83518],[5.234855,47.834945],[5.234916,47.834807],[5.235157,47.834855],[5.235343,47.834744],[5.236045,47.834003],[5.236278,47.833858],[5.23744,47.834598],[5.239122,47.835397],[5.241093,47.836182],[5.24229,47.836426],[5.243638,47.836857],[5.244526,47.837226],[5.245166,47.837182],[5.246853,47.836817],[5.247253,47.836479],[5.247739,47.835782],[5.248514,47.834975],[5.248708,47.834627],[5.249298,47.833041],[5.249718,47.832258],[5.250308,47.831481],[5.250727,47.83107],[5.25121,47.830377],[5.25032,47.830357],[5.250669,47.829978],[5.251115,47.829693],[5.251711,47.8286],[5.252428,47.829039],[5.253223,47.829303],[5.253349,47.828853],[5.25338,47.826974],[5.253411,47.826766],[5.252992,47.826705],[5.252629,47.826209],[5.252254,47.82587],[5.251677,47.824906],[5.249005,47.821683],[5.244764,47.820717],[5.2425,47.819295],[5.24124,47.818704],[5.237759,47.817377],[5.237619,47.816952],[5.237265,47.816657],[5.236028,47.816059],[5.236358,47.815562],[5.235948,47.815418],[5.2354,47.815068],[5.234841,47.814653],[5.23459,47.814569],[5.234136,47.81434],[5.233775,47.814249],[5.233589,47.813943],[5.233016,47.813881],[5.232465,47.813549],[5.230901,47.812834],[5.230683,47.812893],[5.230153,47.813175],[5.229844,47.813148],[5.229367,47.812021],[5.228987,47.811593],[5.227962,47.810907],[5.22683,47.810329],[5.225573,47.80949],[5.224446,47.808602],[5.222619,47.808513],[5.22174,47.808798],[5.220149,47.808844],[5.21768,47.808601],[5.215876,47.808102],[5.214845,47.807863],[5.21261,47.80756],[5.21151,47.808261],[5.208486,47.809388],[5.205561,47.809199],[5.204775,47.809239],[5.203934,47.809388],[5.201169,47.810188],[5.199366,47.810211],[5.197801,47.810458],[5.197111,47.810032],[5.195488,47.80926],[5.194351,47.808098],[5.19431,47.807761],[5.19399,47.806689],[5.19413,47.805523],[5.194008,47.80484],[5.194526,47.803701],[5.195089,47.801149],[5.195459,47.80032],[5.19555,47.799709],[5.196319,47.798277],[5.196751,47.794667],[5.195399,47.794695],[5.195464,47.79416],[5.195669,47.793955],[5.195173,47.793505],[5.194623,47.792652],[5.194342,47.792336],[5.193847,47.791889],[5.193322,47.792071],[5.192866,47.792155],[5.192024,47.792152],[5.190641,47.791573],[5.189325,47.791039],[5.188524,47.790772],[5.187456,47.79051],[5.185975,47.790419],[5.183694,47.790154],[5.182013,47.790011],[5.18107,47.790048],[5.17969,47.790247],[5.177108,47.790662],[5.176499,47.790748],[5.17476,47.791316],[5.173126,47.791638],[5.170015,47.791896],[5.168718,47.79183],[5.16795,47.791897],[5.167001,47.792201],[5.166013,47.792838],[5.165359,47.793],[5.164564,47.793112],[5.161909,47.79398],[5.161343,47.793706],[5.160601,47.792686],[5.160437,47.791626],[5.159019,47.791349],[5.158296,47.790895],[5.157905,47.791149],[5.157837,47.790872],[5.157877,47.790386],[5.158007,47.789813],[5.15827,47.789373],[5.158222,47.789005],[5.158056,47.788631],[5.157716,47.788405],[5.156668,47.787642],[5.15572,47.787177],[5.15567,47.786861],[5.153899,47.786883],[5.15254,47.78664],[5.15192,47.786612],[5.151218,47.78672],[5.149732,47.787347],[5.149096,47.78746],[5.148599,47.787414],[5.14677,47.786897],[5.143063,47.786918],[5.141507,47.787209],[5.136551,47.78643],[5.135786,47.7865],[5.134465,47.78681],[5.134207,47.787281],[5.133834,47.787604],[5.133569,47.787682],[5.13339,47.78754],[5.133629,47.786654],[5.133057,47.786366],[5.132421,47.786198],[5.131752,47.786145],[5.131049,47.786317],[5.130612,47.787073],[5.129965,47.787237],[5.128811,47.787187],[5.127421,47.787688],[5.126129,47.787838],[5.125031,47.787989],[5.123816,47.788551],[5.123392,47.788957],[5.12307,47.789719],[5.12313,47.79007],[5.12313,47.79007],[5.127555,47.793278],[5.112902,47.791797],[5.112269,47.791896],[5.11154,47.792197],[5.110788,47.792175],[5.108932,47.791364],[5.104845,47.790848],[5.103619,47.790678],[5.095227,47.789615],[5.095256,47.789385],[5.09543,47.789181],[5.096836,47.788616],[5.097484,47.788474],[5.097951,47.788418],[5.10044,47.788607],[5.101551,47.788532],[5.10279,47.788601],[5.104721,47.788904],[5.105756,47.788912],[5.105958,47.788804],[5.10603,47.788678],[5.106025,47.788364],[5.105869,47.787967],[5.105719,47.787737],[5.105387,47.78737],[5.105006,47.786812],[5.103428,47.785177],[5.103225,47.784716],[5.103171,47.784334],[5.103374,47.783924],[5.104367,47.783397],[5.105089,47.783256],[5.106819,47.783057],[5.1039,47.782671],[5.102226,47.782328],[5.101368,47.782447],[5.101111,47.782969],[5.100816,47.782974],[5.099641,47.78243],[5.098449,47.782219],[5.096785,47.781978],[5.095308,47.781463],[5.093703,47.781043],[5.091674,47.780683],[5.087628,47.780035],[5.087367,47.780037],[5.08549,47.780667],[5.08535,47.78086],[5.085447,47.781659],[5.085415,47.781911],[5.084996,47.782323],[5.083666,47.782429],[5.08292,47.782528],[5.081169,47.782975],[5.079439,47.783494],[5.078457,47.78376],[5.075008,47.784414],[5.074128,47.784845],[5.073356,47.785013],[5.072277,47.785571],[5.071951,47.78558],[5.071951,47.78558],[5.071508,47.785047],[5.071186,47.784974],[5.067946,47.785205],[5.06698,47.785479],[5.066229,47.785508],[5.06374,47.785378],[5.059835,47.785811],[5.059096,47.786093],[5.055964,47.784472],[5.055524,47.78409],[5.055073,47.782358],[5.05459,47.782012],[5.054408,47.781536],[5.054473,47.780804],[5.054376,47.780194],[5.054344,47.779041],[5.05377,47.778043],[5.053443,47.777233],[5.053389,47.7766],[5.053158,47.776578],[5.052809,47.776303],[5.052783,47.775769],[5.052874,47.775228],[5.052949,47.774303],[5.052767,47.773749],[5.052767,47.77305],[5.053389,47.771717],[5.052198,47.771608],[5.052128,47.770492],[5.052541,47.769331],[5.052431,47.768162],[5.052322,47.767742],[5.051689,47.76688],[5.051512,47.766548],[5.051391,47.766162],[5.051249,47.765841],[5.050495,47.765224],[5.05023,47.764953],[5.050152,47.764683],[5.050181,47.764442],[5.050498,47.764052],[5.050857,47.763748],[5.051716,47.763373],[5.052252,47.763099],[5.052633,47.762634],[5.052767,47.762399],[5.052982,47.760935],[5.052831,47.759639],[5.052523,47.758229],[5.052161,47.756941],[5.051661,47.755845],[5.051834,47.755409],[5.05179,47.754128],[5.05149,47.75363],[5.050771,47.753269],[5.050578,47.753067],[5.050299,47.752152],[5.050627,47.751617],[5.051203,47.75158],[5.051716,47.751572],[5.052284,47.751769],[5.052831,47.752089],[5.053465,47.752185],[5.054159,47.752365],[5.054559,47.752397],[5.054736,47.752178],[5.055374,47.751837],[5.055739,47.751478],[5.059086,47.75163],[5.060095,47.749928],[5.060537,47.748882],[5.060722,47.74798],[5.061929,47.745189],[5.064145,47.745095],[5.064748,47.745117],[5.06547,47.745311],[5.067969,47.742116],[5.067637,47.741257],[5.067632,47.741053],[5.067744,47.740762],[5.067895,47.740537],[5.068093,47.740397],[5.069054,47.740111],[5.067651,47.739579],[5.067224,47.739544],[5.067262,47.73941],[5.06871,47.738333],[5.069332,47.737628],[5.069289,47.737216],[5.069042,47.736754],[5.067841,47.735796],[5.066875,47.735306],[5.066564,47.735023],[5.066583,47.734902],[5.066441,47.734644],[5.066918,47.734512],[5.066972,47.734058],[5.067272,47.734073],[5.068141,47.733813],[5.068549,47.733815],[5.070266,47.734162],[5.070682,47.734153],[5.071135,47.734021],[5.071816,47.733681],[5.072326,47.733528],[5.072664,47.733273],[5.072883,47.732932],[5.073018,47.73257],[5.073022,47.732185],[5.072572,47.731258],[5.072111,47.73],[5.072143,47.729595],[5.072379,47.729013],[5.072422,47.728324],[5.073088,47.727641],[5.073007,47.727283],[5.072991,47.726882],[5.073591,47.726254],[5.073613,47.725373],[5.073355,47.724803],[5.073624,47.724192],[5.073387,47.723742],[5.071907,47.72269],[5.070587,47.722025],[5.070587,47.722025],[5.06992,47.72131],[5.069941,47.720704],[5.068246,47.721267],[5.066293,47.721584],[5.064555,47.72157],[5.063118,47.721339],[5.061272,47.720819],[5.061508,47.720199],[5.061272,47.720069],[5.061272,47.717225],[5.060972,47.716315],[5.061187,47.715232],[5.061401,47.714857],[5.061208,47.713991],[5.061232,47.713703],[5.051994,47.712036],[5.051812,47.711784],[5.0517,47.710939],[5.051501,47.710555],[5.050728,47.709783],[5.050235,47.7086],[5.050149,47.708009],[5.050836,47.706894],[5.050841,47.706732],[5.050685,47.706606],[5.050348,47.706548],[5.050095,47.706399],[5.049945,47.706145],[5.050235,47.705161],[5.050224,47.704158],[5.050364,47.703674],[5.050332,47.703436],[5.050117,47.703264],[5.048915,47.703047],[5.047344,47.702404],[5.046802,47.702324],[5.046469,47.702023],[5.045912,47.70195],[5.045739,47.701523],[5.045246,47.701221],[5.045321,47.700947],[5.044999,47.700824],[5.04428,47.700729],[5.043862,47.700422],[5.043122,47.700015],[5.04221,47.699236],[5.040976,47.69806],[5.040118,47.697566],[5.040161,47.697335],[5.042768,47.697625],[5.042145,47.693472],[5.041694,47.693418],[5.038798,47.692851],[5.037693,47.692505],[5.037647,47.690142],[5.037666,47.68775],[5.03676,47.687793],[5.037162,47.687483],[5.037392,47.687176],[5.03743,47.686608],[5.037647,47.686048],[5.037827,47.685803],[5.038382,47.685484],[5.039002,47.685085],[5.039039,47.684524],[5.039474,47.68424],[5.039554,47.683988],[5.039492,47.68378],[5.039248,47.683381],[5.038993,47.683142],[5.038615,47.682957],[5.037575,47.682784],[5.036974,47.682798],[5.035891,47.683165],[5.035042,47.683694],[5.034646,47.683715],[5.034925,47.682738],[5.034756,47.682508],[5.034415,47.682343],[5.03413,47.681991],[5.033991,47.681187],[5.033594,47.680639],[5.032447,47.67958],[5.030816,47.677856],[5.03021,47.677474],[5.030129,47.677344],[5.032125,47.67615],[5.032725,47.675624],[5.032972,47.675336],[5.033058,47.674786],[5.032468,47.674079],[5.03206,47.673336],[5.031524,47.672974],[5.030902,47.672052],[5.030505,47.671614],[5.030365,47.670486],[5.030507,47.67019],[5.030606,47.669619],[5.031126,47.668449],[5.031234,47.66788],[5.031105,47.667583],[5.029678,47.667201],[5.029249,47.666989],[5.029442,47.666566],[5.028992,47.66577],[5.028627,47.665435],[5.028273,47.665245],[5.027994,47.66468],[5.027769,47.664484],[5.027662,47.664108],[5.027833,47.66374],[5.028798,47.663189],[5.029839,47.662346],[5.031996,47.661464],[5.032757,47.660936],[5.033015,47.660503],[5.032725,47.66052],[5.03206,47.660698],[5.031342,47.660927],[5.030247,47.660683],[5.030338,47.660029],[5.030558,47.659728],[5.031588,47.658782],[5.032349,47.658162],[5.032527,47.657808],[5.032489,47.657432],[5.031947,47.656699],[5.031663,47.656406],[5.03088,47.655956],[5.030032,47.65506],[5.029432,47.654301],[5.029346,47.653992],[5.029196,47.652829],[5.028981,47.652267],[5.025575,47.649164],[5.024786,47.648295],[5.023676,47.647411],[5.022777,47.64652],[5.022556,47.646399],[5.022442,47.646219],[5.022469,47.645767],[5.022919,47.644908],[5.023295,47.644412],[5.024067,47.643568],[5.024035,47.643315],[5.023219,47.64375],[5.021187,47.645296],[5.020055,47.646236],[5.019518,47.646222],[5.018831,47.646571],[5.017673,47.647065],[5.015709,47.648097],[5.014754,47.648565],[5.012217,47.650057],[5.011601,47.650471],[5.010988,47.650538],[5.009809,47.650899],[5.009573,47.650819],[5.009192,47.65085],[5.008982,47.650758],[5.008489,47.650312],[5.007534,47.649843],[5.007083,47.649816],[5.007909,47.649627],[5.008521,47.648789],[5.008543,47.648355],[5.008864,47.647017],[5.008972,47.646793],[5.009004,47.646438],[5.009336,47.646265],[5.011225,47.646034],[5.012631,47.645658],[5.014197,47.644821],[5.015505,47.643612],[5.016085,47.642693],[5.016192,47.642087],[5.016015,47.641468],[5.015473,47.640611],[5.015034,47.639853],[5.015103,47.63969],[5.016203,47.639484],[5.016386,47.639181],[5.016665,47.638892],[5.016535,47.638271],[5.016053,47.637475],[5.01602,47.635862],[5.015849,47.635333],[5.015462,47.633661],[5.015409,47.632921],[5.015613,47.632408],[5.015817,47.631997],[5.015624,47.630975],[5.015323,47.630656],[5.014647,47.63015],[5.013783,47.629179],[5.013274,47.628532],[5.012984,47.628372],[5.012164,47.628076],[5.010334,47.627696],[5.008768,47.627274],[5.007143,47.626669],[5.005614,47.626058],[5.004969,47.625887],[5.005501,47.624704],[5.005806,47.624266],[5.010817,47.619951],[5.011568,47.619704],[5.012684,47.619689],[5.01409,47.620195],[5.014797,47.620209],[5.014894,47.620027],[5.014357,47.619421],[5.013928,47.618633],[5.012727,47.618351],[5.012148,47.618113],[5.010753,47.617644],[5.009444,47.617554],[5.008607,47.617129],[5.008178,47.616788],[5.006836,47.616412],[5.00541,47.615628],[5.004798,47.61525],[5.003081,47.613857],[5.002502,47.613274],[5.002282,47.612964],[5.001885,47.612022],[5.001306,47.611249],[5.000667,47.610777],[4.998704,47.609955],[4.997235,47.609535],[4.996065,47.609066],[4.99512,47.608566],[4.995067,47.605918],[4.995099,47.603256],[4.993801,47.601889],[4.993576,47.601507],[4.9936,47.601338],[4.993839,47.600996],[4.994123,47.600732],[4.994037,47.597511],[4.994466,47.597222],[4.995201,47.597045],[4.995946,47.597027],[4.996773,47.596302],[4.997439,47.595505],[4.997717,47.595593],[4.998028,47.595167],[5.000496,47.595915],[5.001643,47.595665],[5.001692,47.595021],[5.001773,47.591787],[5.000443,47.591468],[4.999707,47.59071],[4.999176,47.589839],[4.999085,47.589642],[4.999369,47.589489],[4.999949,47.589355],[5.00049,47.589313],[5.000729,47.58919],[5.000914,47.588981],[5.000893,47.588095],[5.00122,47.587544],[5.001671,47.587291],[5.002566,47.586897],[5.002931,47.586505],[5.003447,47.584778],[5.003768,47.584448],[5.004616,47.583966],[5.004819,47.583447],[5.004852,47.582625],[5.005142,47.582244],[5.005592,47.581876],[5.005345,47.581418],[5.005388,47.580925],[5.005222,47.580783],[5.004761,47.580769],[5.00431,47.580859],[5.003865,47.580858],[5.003213,47.580576],[5.002529,47.580221],[5.001816,47.579898],[5.001113,47.579451],[5.000716,47.579062],[5.00005,47.578818],[4.999702,47.578551],[4.999611,47.578398],[4.999434,47.578238],[4.998811,47.577895],[4.998383,47.577322],[4.997974,47.576962],[4.997524,47.576205],[4.997267,47.575903],[4.996902,47.575713],[4.995593,47.575433],[4.994992,47.575242],[4.993887,47.574963],[4.993195,47.574679],[4.992406,47.574424],[4.992171,47.574216],[4.991333,47.573943],[4.990143,47.573647],[4.989451,47.573279],[4.988823,47.572839],[4.988694,47.572501],[4.988737,47.571262],[4.988265,47.570561],[4.988136,47.570004],[4.989123,47.566463],[4.989263,47.565769],[4.989756,47.564671],[4.989703,47.564154],[4.989403,47.563439],[4.989386,47.562827],[4.989316,47.562172],[4.989016,47.561722],[4.989638,47.560897],[4.989982,47.560034],[4.990121,47.559435],[4.990019,47.558953],[4.990004,47.558267],[4.98982,47.55782],[4.989263,47.557449],[4.990754,47.555699],[4.990893,47.555009],[4.990958,47.553999],[4.991666,47.552918],[4.991998,47.552251],[4.992476,47.551727],[4.992911,47.55119],[4.994019,47.550868],[4.995051,47.550539],[4.996344,47.550305],[4.996875,47.550291],[4.997937,47.550092],[4.99857,47.549879],[4.987975,47.541058],[4.989128,47.540394],[4.987096,47.538804],[4.990646,47.533929],[4.991419,47.534568],[4.992481,47.533995],[4.992642,47.533265],[4.993179,47.532311],[4.992127,47.531938],[4.991226,47.532117],[4.989703,47.533118],[4.988662,47.533068],[4.98731,47.533141],[4.985165,47.532291],[4.985089,47.532138],[4.986077,47.530791],[4.986924,47.530305],[4.987278,47.529802],[4.987042,47.528271],[4.987611,47.527591],[4.990062,47.526146],[4.992213,47.524773],[4.994134,47.522963],[4.994048,47.52265],[4.993168,47.522097],[4.993404,47.521577],[4.994048,47.520837],[4.994123,47.520348],[4.993651,47.519135],[4.99114,47.515202],[4.990389,47.514324],[4.990218,47.513796],[4.989757,47.512947],[4.989354,47.512474],[4.989037,47.512044],[4.98834,47.510926],[4.987922,47.510315],[4.98753,47.509623],[4.987053,47.508945],[4.986892,47.508577],[4.98591,47.507603],[4.985014,47.50657],[4.983062,47.505214],[4.982664,47.504633],[4.981334,47.502881],[4.980894,47.501489],[4.979822,47.499975],[4.978384,47.498517],[4.978449,47.497511],[4.978126,47.496812],[4.977493,47.496124],[4.977215,47.49564],[4.976968,47.494482],[4.976614,47.494235],[4.975101,47.493554],[4.974221,47.493046],[4.974264,47.492269],[4.974135,47.491863],[4.974274,47.491668],[4.975242,47.491817],[4.97856,47.49298],[4.97966,47.493241],[4.978394,47.492638],[4.977171,47.491884],[4.97554,47.490725],[4.975111,47.489848],[4.974543,47.489255],[4.973985,47.488768],[4.973717,47.488296],[4.973577,47.487622],[4.973674,47.487034],[4.9734,47.486292],[4.973255,47.485375],[4.973749,47.484764],[4.973427,47.483925],[4.972965,47.483025],[4.973083,47.48275],[4.974221,47.482263],[4.978502,47.481312],[4.979146,47.480995],[4.980035,47.480987],[4.98146,47.481204],[4.981887,47.481202],[4.982512,47.481368],[4.983179,47.481396],[4.983888,47.481285],[4.983915,47.481137],[4.983308,47.481189],[4.982901,47.481122],[4.98222,47.480772],[4.98164,47.480621],[4.980927,47.480318],[4.97906,47.479181],[4.978647,47.478841],[4.978019,47.478406],[4.977966,47.478166],[4.979349,47.476654],[4.979532,47.476208],[4.979414,47.475489],[4.979135,47.474817],[4.978749,47.474148],[4.978051,47.473245],[4.977332,47.473034],[4.976179,47.472517],[4.975433,47.472117],[4.974392,47.47066],[4.972858,47.470031],[4.971308,47.469504],[4.969887,47.468948],[4.968867,47.468748],[4.966583,47.468159],[4.965209,47.468146],[4.963911,47.468448],[4.961883,47.468259],[4.961534,47.46805],[4.961338,47.46784],[4.961185,47.467841],[4.960788,47.467049],[4.961067,47.46536],[4.961325,47.46488],[4.962623,47.463707],[4.962569,47.463387],[4.961078,47.460585],[4.958806,47.458531],[4.958476,47.458159],[4.958315,47.457358],[4.957822,47.456792],[4.957535,47.456457],[4.957324,47.456006],[4.957452,47.45558],[4.957267,47.455363],[4.956438,47.45512],[4.955768,47.454794],[4.955062,47.454184],[4.954893,47.454125],[4.95368,47.454376],[4.953262,47.454582],[4.953079,47.45476],[4.952905,47.455068],[4.952758,47.455151],[4.952554,47.455127],[4.952501,47.454962],[4.952989,47.4541],[4.954094,47.453564],[4.954748,47.45302],[4.954995,47.451848],[4.954523,47.451549],[4.954287,47.451244],[4.954223,47.450307],[4.954491,47.449329],[4.954502,47.446976],[4.953686,47.445809],[4.953975,47.444225],[4.953407,47.443582],[4.953589,47.442397],[4.953386,47.442051],[4.953466,47.441782],[4.953825,47.44155],[4.954716,47.441216],[4.955778,47.440881],[4.956711,47.441159],[4.957645,47.441189],[4.957634,47.441014],[4.956937,47.440723],[4.956626,47.440178],[4.956546,47.439671],[4.956583,47.439265],[4.95639,47.438634],[4.956572,47.437901],[4.956964,47.437462],[4.957226,47.437249],[4.957543,47.436733],[4.95757,47.436362],[4.957318,47.435791],[4.95713,47.434981],[4.956561,47.43475],[4.956084,47.434836],[4.955553,47.434814],[4.954856,47.434583],[4.954148,47.433753],[4.952935,47.432876],[4.953509,47.432736],[4.953652,47.432647],[4.953817,47.43261],[4.953875,47.432519],[4.954093,47.432429],[4.955607,47.432244],[4.957055,47.431838],[4.958546,47.431642],[4.959072,47.431357],[4.959351,47.431042],[4.959308,47.430432],[4.9589,47.429852],[4.95846,47.428989],[4.958793,47.427231],[4.959141,47.42677],[4.960219,47.425744],[4.9611,47.425243],[4.962216,47.42496],[4.962838,47.424951],[4.963401,47.424802],[4.963985,47.424704],[4.96449,47.424392],[4.965252,47.424037],[4.965992,47.423783],[4.966791,47.42333],[4.967223,47.42295],[4.967623,47.422752],[4.969554,47.421613],[4.970283,47.421439],[4.97229,47.421272],[4.972686,47.421098],[4.973105,47.420566],[4.973417,47.419287],[4.9745,47.418035],[4.975326,47.41761],[4.976335,47.417285],[4.9773,47.416696],[4.977043,47.416177],[4.976624,47.415849],[4.976458,47.415547],[4.97597,47.414933],[4.974854,47.414512],[4.973282,47.41383],[4.97248,47.41355],[4.971721,47.413213],[4.970573,47.412879],[4.96368,47.41082],[4.963774,47.410492],[4.963718,47.410164],[4.963836,47.410065],[4.963964,47.409749],[4.963689,47.409422],[4.963211,47.409036],[4.963193,47.408894],[4.962961,47.408817],[4.962993,47.408666],[4.963492,47.408663],[4.96352,47.408544],[4.963366,47.408501],[4.963154,47.408532],[4.96321,47.408411],[4.962913,47.40842],[4.963487,47.407827],[4.963568,47.407651],[4.963444,47.407482],[4.963824,47.407219],[4.963675,47.407034],[4.962966,47.406805],[4.962398,47.40672],[4.961813,47.406577],[4.961078,47.40634],[4.960708,47.405974],[4.960445,47.405972],[4.960172,47.406117],[4.960183,47.405941],[4.960383,47.405808],[4.960745,47.405755],[4.961331,47.405796],[4.962116,47.405975],[4.962655,47.405998],[4.962956,47.40587],[4.963068,47.40563],[4.963325,47.405325],[4.96376,47.405],[4.963883,47.404736],[4.963615,47.404638],[4.963589,47.404261],[4.962827,47.404202],[4.962682,47.404064],[4.962639,47.403711],[4.962124,47.403438],[4.961899,47.403208],[4.961614,47.403037],[4.961357,47.402617],[4.960984,47.402412],[4.960708,47.40208],[4.960445,47.401918],[4.959997,47.401348],[4.959871,47.40109],[4.959606,47.400912],[4.959405,47.400705],[4.959163,47.400783],[4.955874,47.397195],[4.956132,47.397016],[4.957044,47.397064],[4.957526,47.397213],[4.957559,47.396818],[4.957436,47.396511],[4.95742,47.396154],[4.95772,47.395813],[4.958106,47.395674],[4.958683,47.395775],[4.959285,47.395973],[4.959528,47.395956],[4.959924,47.395608],[4.960236,47.395165],[4.960354,47.394272],[4.960606,47.393983],[4.960462,47.393791],[4.960547,47.393624],[4.960295,47.393603],[4.960091,47.393484],[4.959796,47.393548],[4.959821,47.393322],[4.95977,47.393249],[4.960091,47.393044],[4.96052,47.392853],[4.958525,47.39177],[4.957892,47.39131],[4.957237,47.39117],[4.956529,47.391096],[4.955907,47.391283],[4.954222,47.392088],[4.953418,47.39243],[4.951905,47.392886],[4.950778,47.393505],[4.950424,47.39365],[4.949867,47.394035],[4.94962,47.394422],[4.949303,47.394523],[4.948633,47.394841],[4.947774,47.394882],[4.94683,47.395096],[4.945006,47.394987],[4.944652,47.394775],[4.944808,47.39397],[4.944814,47.393638],[4.94498,47.39331],[4.944831,47.393055],[4.944773,47.392753],[4.944464,47.39246],[4.943531,47.392006],[4.943354,47.391451],[4.942935,47.391015],[4.942399,47.389769],[4.942227,47.38954],[4.942474,47.389202],[4.942785,47.388879],[4.942367,47.387709],[4.942463,47.386765],[4.941584,47.385529],[4.940973,47.386198],[4.94006,47.384869],[4.939439,47.385158],[4.938751,47.383842],[4.938054,47.383422],[4.937306,47.382407],[4.936622,47.381276],[4.936401,47.380827],[4.936191,47.380247],[4.936249,47.380042],[4.936198,47.37992],[4.936884,47.379319],[4.936552,47.379086],[4.936134,47.37903],[4.93593,47.378918],[4.935983,47.378483],[4.93564,47.377857],[4.935544,47.377037],[4.935318,47.376942],[4.935007,47.377065],[4.934685,47.377003],[4.934535,47.376534],[4.934138,47.376108],[4.934771,47.375076],[4.934632,47.373788],[4.934009,47.372895],[4.933768,47.372343],[4.933355,47.371726],[4.932873,47.371393],[4.932529,47.370344],[4.932269,47.369951],[4.932126,47.369478],[4.93152,47.368226],[4.930962,47.367736],[4.93018,47.366743],[4.928913,47.365921],[4.928451,47.365223],[4.926896,47.365671],[4.926134,47.366255],[4.925861,47.366759],[4.92563,47.367794],[4.92548,47.368059],[4.924739,47.368255],[4.923977,47.368552],[4.923624,47.368819],[4.922111,47.367837],[4.922755,47.367483],[4.922792,47.36725],[4.922465,47.366218],[4.922733,47.365272],[4.92357,47.36414],[4.925126,47.362854],[4.925233,47.362461],[4.925544,47.362197],[4.925984,47.361904],[4.926349,47.361753],[4.926735,47.36141],[4.927004,47.360758],[4.927051,47.360075],[4.927288,47.359538],[4.927765,47.359184],[4.927937,47.358864],[4.928773,47.358338],[4.929224,47.35792],[4.929412,47.357644],[4.930037,47.357266],[4.930206,47.357065],[4.930584,47.356889],[4.931445,47.356662],[4.931252,47.35582],[4.93115,47.354976],[4.93137,47.354511],[4.931145,47.354336],[4.93078,47.354431],[4.930153,47.354864],[4.929694,47.355071],[4.929417,47.35514],[4.928929,47.355035],[4.92842,47.355083],[4.927985,47.354947],[4.927722,47.354948],[4.927395,47.35478],[4.927261,47.35459],[4.926875,47.354712],[4.926494,47.354546],[4.926059,47.354424],[4.925786,47.354213],[4.92547,47.354089],[4.927486,47.350578],[4.926885,47.350307],[4.926456,47.34972],[4.92593,47.349648],[4.924772,47.349727],[4.923565,47.349502],[4.922401,47.349423],[4.921403,47.349487],[4.921252,47.349312],[4.922165,47.348347],[4.922529,47.347716],[4.92254,47.3469],[4.922787,47.346155],[4.922755,47.345992],[4.922411,47.345859],[4.920416,47.346059],[4.91944,47.346084],[4.918056,47.346058],[4.917068,47.345912],[4.916747,47.345669],[4.916275,47.345556],[4.915749,47.345298],[4.91562,47.345001],[4.915566,47.344036],[4.915298,47.343437],[4.915276,47.342568],[4.915803,47.342094],[4.916007,47.341846],[4.915909,47.341214],[4.915826,47.340663],[4.915695,47.340265],[4.915561,47.340174],[4.915105,47.340214],[4.915078,47.339605],[4.91503,47.33936],[4.915406,47.336824],[4.915626,47.33627],[4.915975,47.335738],[4.916414,47.335311],[4.916494,47.335025],[4.915934,47.334993],[4.915325,47.33504],[4.915051,47.334908],[4.914407,47.334945],[4.91396,47.334778],[4.913581,47.334764],[4.913219,47.33459],[4.912605,47.334368],[4.912182,47.333938],[4.91183,47.333759],[4.911414,47.333486],[4.909719,47.33297],[4.909279,47.332454],[4.909204,47.332294],[4.908647,47.331733],[4.908839,47.331669],[4.908271,47.330701],[4.907627,47.330169],[4.90731,47.329603],[4.907026,47.329315],[4.90687,47.329029],[4.906683,47.328802],[4.906458,47.328396],[4.906238,47.327521],[4.905911,47.326922],[4.905857,47.326555],[4.905851,47.325789],[4.905868,47.32562],[4.905627,47.324925],[4.90583,47.324203],[4.905996,47.32402],[4.906264,47.323246],[4.906651,47.323018],[4.906788,47.322783],[4.90694,47.32278],[4.907043,47.323137],[4.907208,47.323145],[4.907305,47.322365],[4.907069,47.322025],[4.907477,47.32158],[4.907906,47.321451],[4.908046,47.320869],[4.907877,47.320442],[4.907611,47.320182],[4.907295,47.319561],[4.90737,47.319553],[4.90737,47.319553],[4.907842,47.319132],[4.908829,47.318623],[4.909354,47.318477],[4.91047,47.31844],[4.910953,47.318228],[4.910599,47.31788],[4.911028,47.317458],[4.911769,47.3178],[4.912241,47.317624],[4.912498,47.31742],[4.912563,47.317289],[4.912884,47.317317],[4.912498,47.316773],[4.91238,47.316369],[4.911983,47.315724],[4.911081,47.315253],[4.911146,47.314533],[4.911125,47.313843],[4.911415,47.313494],[4.911479,47.312565],[4.910996,47.311855],[4.910728,47.311676],[4.909644,47.310081],[4.909537,47.309513],[4.909129,47.308815],[4.909108,47.30814],[4.909247,47.307355],[4.909204,47.306184],[4.909258,47.305857],[4.909242,47.305124],[4.909119,47.304304],[4.90914,47.303694],[4.909333,47.303498],[4.90885,47.303722],[4.908357,47.303739],[4.907949,47.304058],[4.90766,47.304091],[4.907456,47.304212],[4.907058,47.304259],[4.906683,47.304384],[4.905578,47.304901],[4.904977,47.305251],[4.90494,47.304884],[4.904687,47.304263],[4.903185,47.304151],[4.903335,47.303969],[4.902976,47.304026],[4.902509,47.303904],[4.902314,47.303955],[4.901892,47.30389],[4.901557,47.303497],[4.901249,47.303246],[4.901104,47.302834],[4.900878,47.302404],[4.90039,47.301886],[4.900139,47.300087],[4.900268,47.298537],[4.900466,47.297849],[4.900793,47.297264],[4.901222,47.296812],[4.901705,47.295788],[4.901963,47.295632],[4.902247,47.295094],[4.902606,47.294556],[4.902686,47.294141],[4.902976,47.293655],[4.902869,47.293045],[4.903201,47.292554],[4.903735,47.292133],[4.904012,47.291864],[4.904006,47.291628],[4.903775,47.291102],[4.903577,47.290812],[4.903363,47.290653],[4.903263,47.290156],[4.903127,47.289824],[4.903067,47.289303],[4.903062,47.288839],[4.902692,47.287968],[4.902365,47.287634],[4.902021,47.28689],[4.901796,47.286626],[4.901458,47.285609],[4.901295,47.285264],[4.901195,47.284919],[4.900876,47.284658],[4.90068,47.284299],[4.900085,47.283988],[4.899817,47.283619],[4.899409,47.283407],[4.899125,47.283011],[4.899081,47.28259],[4.898886,47.282411],[4.898207,47.282173],[4.897525,47.281503],[4.896812,47.281196],[4.896646,47.281016],[4.896512,47.280731],[4.896078,47.280321],[4.895841,47.279791],[4.895935,47.279423],[4.896114,47.279127],[4.896475,47.278679],[4.896486,47.278461],[4.896678,47.278041],[4.896941,47.277704],[4.896877,47.277096],[4.896807,47.276827],[4.896812,47.276605],[4.897091,47.275963],[4.897091,47.275963],[4.897327,47.275844],[4.897606,47.275072],[4.89825,47.274752],[4.899172,47.274592],[4.899537,47.274461],[4.901318,47.274315],[4.902219,47.274461],[4.902777,47.274505],[4.9034,47.274723],[4.903657,47.274694],[4.904451,47.274344],[4.905116,47.274242],[4.905653,47.274344],[4.906017,47.274257],[4.907734,47.273442],[4.908313,47.273325],[4.908421,47.273427],[4.908313,47.273733],[4.908635,47.273704],[4.909043,47.273951],[4.909301,47.274242],[4.909751,47.275247],[4.910416,47.275495],[4.910974,47.275902],[4.911318,47.276281],[4.91297,47.277198],[4.914429,47.277795],[4.916403,47.278493],[4.916703,47.278712],[4.917068,47.278566],[4.918055,47.278537],[4.919643,47.277809],[4.920072,47.277824],[4.922776,47.278712],[4.922991,47.278537],[4.922819,47.278057],[4.924664,47.277096],[4.925608,47.276863],[4.926681,47.276426],[4.928505,47.275989],[4.930694,47.274898],[4.932024,47.274927],[4.93284,47.274621],[4.934385,47.273325],[4.935264,47.272976],[4.936595,47.272568],[4.941144,47.270544],[4.944813,47.270297],[4.949662,47.268652],[4.951036,47.268346],[4.954254,47.267967],[4.955928,47.267924],[4.957173,47.26753],[4.958245,47.267283],[4.959039,47.266963],[4.960262,47.266773],[4.962129,47.2659],[4.963846,47.265536],[4.964704,47.265244],[4.965434,47.264618],[4.966657,47.264109],[4.967386,47.263919],[4.967901,47.263934],[4.968352,47.26424],[4.968867,47.264283],[4.971142,47.265026],[4.971678,47.265536],[4.972193,47.265725],[4.972493,47.265259],[4.972622,47.264735],[4.972837,47.264225],[4.972858,47.262769],[4.973116,47.262041],[4.973588,47.261735],[4.976635,47.261502],[4.976098,47.260381],[4.975948,47.259274],[4.976055,47.259128],[4.97509,47.256551],[4.975068,47.255997],[4.974682,47.255415],[4.974274,47.255211],[4.97391,47.254774],[4.973738,47.25441],[4.973309,47.254133],[4.972686,47.254147],[4.97215,47.254264],[4.971721,47.253958],[4.970798,47.253594],[4.970412,47.253565],[4.97024,47.253041],[4.970305,47.252516],[4.97024,47.251977],[4.971013,47.250812],[4.971184,47.250098],[4.970283,47.250055],[4.970326,47.249589],[4.969833,47.248496],[4.969639,47.248263],[4.969189,47.247345],[4.96876,47.246938],[4.968652,47.246617],[4.967944,47.247054],[4.967773,47.247418],[4.964704,47.247273],[4.962966,47.247447],[4.962923,47.247579],[4.963288,47.247739],[4.96361,47.248176],[4.96376,47.249268],[4.963631,47.249545],[4.963309,47.249297],[4.961893,47.248889],[4.960885,47.248773],[4.960005,47.248831],[4.959104,47.249064],[4.957151,47.250346],[4.955177,47.251628],[4.95346,47.2524],[4.952151,47.252808],[4.951229,47.252909],[4.950199,47.253259],[4.948568,47.253507],[4.946615,47.253929],[4.944706,47.254177],[4.943568,47.25422],[4.942367,47.254351],[4.940543,47.254424],[4.93932,47.254584],[4.938247,47.255007],[4.937002,47.255167],[4.935114,47.254686],[4.934041,47.254715],[4.932925,47.25457],[4.932046,47.254584],[4.929417,47.254185],[4.928956,47.251583],[4.928742,47.250979],[4.9274,47.24943],[4.927143,47.248773],[4.926918,47.248577],[4.925877,47.246865],[4.925394,47.246429],[4.924847,47.245496],[4.924557,47.244542],[4.92474,47.244295],[4.924648,47.243489],[4.924471,47.24274],[4.924139,47.240311],[4.922004,47.238963],[4.921542,47.238548],[4.92106,47.237929],[4.920373,47.23736],[4.920276,47.237153],[4.920019,47.236878],[4.919914,47.236715],[4.919493,47.236381],[4.918932,47.236097],[4.918087,47.235525],[4.917444,47.235233],[4.916972,47.234864],[4.916285,47.234487],[4.915642,47.234088],[4.915298,47.233924],[4.914247,47.233624],[4.913742,47.233338],[4.912863,47.232561],[4.91017,47.231369],[4.909387,47.231166],[4.908684,47.231123],[4.907412,47.231262],[4.90663,47.231258],[4.906334,47.231067],[4.9062,47.230355],[4.905937,47.229859],[4.905718,47.229747],[4.905723,47.229489],[4.905461,47.228807],[4.905232,47.228459],[4.904709,47.227626],[4.904456,47.226992],[4.904161,47.226053],[4.902896,47.226536],[4.902037,47.226315],[4.900428,47.225643],[4.900144,47.225312],[4.899833,47.225007],[4.899283,47.224839],[4.898309,47.224652],[4.897166,47.224533],[4.896391,47.224321],[4.895655,47.224157],[4.895257,47.224022],[4.89487,47.223749],[4.894307,47.223138],[4.893883,47.222446],[4.893841,47.221998],[4.893637,47.221837],[4.892972,47.221559],[4.892703,47.221279],[4.892178,47.220612],[4.891985,47.220528],[4.891628,47.220482],[4.891416,47.220378],[4.890794,47.219591],[4.8906,47.219104],[4.890627,47.218631],[4.890545,47.218504],[4.890367,47.218363],[4.889109,47.217822],[4.88879,47.217482],[4.888508,47.217291],[4.887827,47.217081],[4.887649,47.216892],[4.887502,47.216813],[4.887285,47.216537],[4.885139,47.21529],[4.884764,47.214984],[4.88419,47.214296],[4.884125,47.213938],[4.884359,47.213503],[4.884448,47.213131],[4.884292,47.212625],[4.884034,47.212333],[4.884067,47.211712],[4.884732,47.210832],[4.884914,47.210264],[4.884764,47.210026],[4.884059,47.209562],[4.883712,47.209233],[4.883576,47.208842],[4.883407,47.208619],[4.883262,47.207722],[4.883305,47.207312],[4.883654,47.206997],[4.884233,47.206734],[4.88464,47.206777],[4.884488,47.206437],[4.884303,47.20609],[4.883868,47.205681],[4.883723,47.20546],[4.883686,47.205194],[4.883192,47.204222],[4.882975,47.203963],[4.882431,47.203645],[4.882326,47.203542],[4.882264,47.203431],[4.882098,47.203276],[4.882079,47.20304],[4.882135,47.202608],[4.882001,47.202247],[4.88182,47.202055],[4.881393,47.20174],[4.880838,47.201145],[4.880767,47.200733],[4.880805,47.200417],[4.881245,47.199596],[4.881545,47.199184],[4.881615,47.198763],[4.881489,47.198594],[4.880751,47.197994],[4.880531,47.197645],[4.880462,47.197317],[4.880548,47.196732],[4.880693,47.196489],[4.88117,47.195881],[4.882122,47.19524],[4.882656,47.19481],[4.883578,47.194296],[4.88382,47.194094],[4.884072,47.193713],[4.884241,47.193106],[4.884383,47.192459],[4.884909,47.192204],[4.885281,47.192442],[4.885724,47.192661],[4.88648,47.192839],[4.886728,47.193058],[4.886813,47.194038],[4.886984,47.194143],[4.88714,47.194133],[4.887403,47.193921],[4.887661,47.193883],[4.887774,47.193987],[4.887725,47.194292],[4.888181,47.194303],[4.888396,47.194192],[4.889356,47.194043],[4.88934,47.193876],[4.888787,47.193829],[4.888626,47.193697],[4.888584,47.19347],[4.889055,47.193007],[4.889206,47.19264],[4.889168,47.191973],[4.889324,47.191541],[4.889659,47.19109],[4.889983,47.190875],[4.891443,47.19057],[4.891816,47.190394],[4.892264,47.190068],[4.892446,47.189616],[4.892596,47.189154],[4.893208,47.188483],[4.893883,47.187957],[4.894704,47.18752],[4.894989,47.187188],[4.895719,47.186982],[4.896126,47.18695],[4.895904,47.186447],[4.895552,47.185418],[4.895202,47.185404],[4.895367,47.185214],[4.895096,47.184718],[4.894624,47.184337],[4.893999,47.183989],[4.893047,47.183585],[4.892781,47.183317],[4.892521,47.183235],[4.891588,47.182252],[4.890386,47.181122],[4.889914,47.180358],[4.889968,47.180049],[4.890252,47.179788],[4.890192,47.17946],[4.890026,47.179143],[4.889796,47.179001],[4.889769,47.179328],[4.889624,47.179334],[4.889495,47.179161],[4.8892,47.178965],[4.889313,47.178665],[4.889061,47.178329],[4.888686,47.178139],[4.888471,47.177706],[4.888241,47.177438],[4.888294,47.177313],[4.888208,47.177117],[4.888122,47.176822],[4.887972,47.176658],[4.887631,47.176173],[4.887584,47.176036],[4.887472,47.175917],[4.887398,47.175631],[4.887189,47.17556],[4.887114,47.175363],[4.886808,47.175143],[4.886757,47.174907],[4.88655,47.174791],[4.88644,47.174456],[4.886468,47.174348],[4.886363,47.174237],[4.88647,47.174002],[4.886428,47.173712],[4.886188,47.173499],[4.886212,47.173309],[4.885987,47.172379],[4.885462,47.171955],[4.885612,47.171708],[4.885477,47.171388],[4.885236,47.171464],[4.885091,47.171466],[4.8847,47.171578],[4.884458,47.171907],[4.884147,47.172194],[4.883887,47.172344],[4.883412,47.172691],[4.883241,47.172694],[4.882986,47.173097],[4.882082,47.17415],[4.881765,47.174375],[4.880746,47.174719],[4.880346,47.175013],[4.879813,47.175756],[4.87956,47.17602],[4.879458,47.176495],[4.87956,47.176874],[4.879126,47.17699],[4.879174,47.177505],[4.87867,47.177796],[4.878343,47.178073],[4.87742,47.178567],[4.877141,47.178616],[4.876881,47.178519],[4.876335,47.178182],[4.875843,47.177918],[4.87558,47.177739],[4.875178,47.177728],[4.874896,47.177646],[4.874336,47.177557],[4.872748,47.177208],[4.872373,47.177215],[4.870591,47.177456],[4.867898,47.17768],[4.865275,47.177827],[4.864299,47.177814],[4.863835,47.177732],[4.863457,47.177537],[4.863314,47.177383],[4.862871,47.177345],[4.860485,47.177379],[4.8588,47.17773],[4.85747,47.177682],[4.856472,47.178272],[4.855775,47.178674],[4.855045,47.178949],[4.85476,47.178981],[4.854674,47.178603],[4.854458,47.178341],[4.854128,47.178007],[4.854155,47.177588],[4.854643,47.177118],[4.854777,47.176953],[4.854622,47.176778],[4.854799,47.176325],[4.854696,47.176167],[4.854487,47.176078],[4.854257,47.17565],[4.854133,47.174846],[4.853843,47.174097],[4.853446,47.17321],[4.853033,47.172381],[4.852234,47.171475],[4.852792,47.170263],[4.852653,47.170052],[4.852192,47.170074],[4.85166,47.168918],[4.851649,47.168667],[4.852524,47.167877],[4.853436,47.167485],[4.853403,47.166441],[4.853087,47.16612],[4.852566,47.165457],[4.853189,47.164362],[4.853205,47.163969],[4.85306,47.16292],[4.852824,47.162254],[4.852854,47.162009],[4.853087,47.161799],[4.853269,47.161392],[4.853135,47.160967],[4.852883,47.160651],[4.852416,47.16023],[4.852293,47.159965],[4.852288,47.159456],[4.851529,47.159413],[4.850814,47.159279],[4.850105,47.159207],[4.849262,47.158685],[4.849136,47.158232],[4.849128,47.157822],[4.849659,47.157818],[4.850196,47.157555],[4.851033,47.157343],[4.851032,47.156794],[4.850555,47.15558],[4.850769,47.155305],[4.850678,47.155128],[4.851284,47.153284],[4.851695,47.152582],[4.852244,47.151742],[4.85221,47.151547],[4.851907,47.151257],[4.851548,47.150806],[4.851515,47.150598],[4.851955,47.14992],[4.851649,47.149436],[4.851429,47.148975],[4.851655,47.148551],[4.852304,47.148025],[4.85243,47.147053],[4.852408,47.146897],[4.852493,47.146734],[4.85261,47.146263],[4.852857,47.145803],[4.852867,47.145441],[4.85276,47.145042],[4.852518,47.144498],[4.851719,47.143701],[4.850689,47.143028],[4.85056,47.142822],[4.850061,47.142449],[4.849659,47.142067],[4.849243,47.141768],[4.848608,47.141421],[4.848125,47.141049],[4.847701,47.140027],[4.84784,47.139885],[4.84769,47.139674],[4.847144,47.139637],[4.846419,47.139872],[4.845754,47.139484],[4.845062,47.139265],[4.844659,47.139422],[4.844338,47.139477],[4.843898,47.139149],[4.843436,47.138958],[4.843394,47.138847],[4.843077,47.138892],[4.842567,47.139101],[4.841264,47.13942],[4.840518,47.139693],[4.838292,47.140033],[4.83642,47.140373],[4.835829,47.140394],[4.834403,47.140701],[4.831759,47.141705],[4.831104,47.141653],[4.830337,47.141502],[4.829596,47.141464],[4.828995,47.141031],[4.828743,47.14095],[4.828521,47.140962],[4.828427,47.141029],[4.828505,47.141657],[4.828485,47.142452],[4.828175,47.143323],[4.827643,47.143692],[4.826849,47.143647],[4.826667,47.143693],[4.826077,47.143637],[4.825851,47.143378],[4.825707,47.143073],[4.825195,47.142713],[4.8248,47.142377],[4.823991,47.142018],[4.823602,47.141966],[4.823396,47.141867],[4.822719,47.141637],[4.822274,47.141591],[4.821882,47.141509],[4.821341,47.141276],[4.820544,47.141121],[4.819967,47.141068],[4.819039,47.140756],[4.818615,47.140696],[4.818065,47.140741],[4.817876,47.140798],[4.817376,47.140851],[4.817113,47.140798],[4.812457,47.141682],[4.812253,47.141635],[4.812007,47.141647],[4.811816,47.141747],[4.811561,47.141832],[4.811019,47.141789],[4.810751,47.141721],[4.810096,47.141729],[4.809507,47.141471],[4.809292,47.141186],[4.809102,47.141053],[4.808498,47.140961],[4.807961,47.141014],[4.806948,47.141004],[4.805596,47.141324],[4.805081,47.141396],[4.803611,47.141323],[4.804501,47.139948],[4.804802,47.139265],[4.806787,47.138389],[4.805724,47.138292],[4.801556,47.137261],[4.801058,47.137251],[4.79565,47.13873],[4.795178,47.138483],[4.794926,47.13823],[4.794564,47.137958],[4.794122,47.137588],[4.793604,47.137383],[4.791959,47.136934],[4.791138,47.136553],[4.789803,47.13584],[4.788923,47.13565],[4.787996,47.135256],[4.786836,47.134923],[4.786246,47.134618],[4.786027,47.134403],[4.785801,47.13436],[4.78527,47.1344],[4.784932,47.134578],[4.784664,47.134831],[4.784471,47.135135],[4.784288,47.135184],[4.784063,47.135124],[4.783521,47.135252],[4.782652,47.135707],[4.782019,47.135821],[4.781667,47.136003],[4.78108,47.136265],[4.780409,47.136315],[4.780812,47.135315],[4.780866,47.134503],[4.781263,47.133907],[4.781306,47.13361],[4.780909,47.133506],[4.780324,47.13345],[4.780061,47.132973],[4.779278,47.1325],[4.778962,47.132658],[4.778656,47.132643],[4.778404,47.132504],[4.778055,47.132484],[4.778023,47.132309],[4.777712,47.132504],[4.777296,47.133072],[4.7768,47.133595],[4.776205,47.133239],[4.775845,47.132964],[4.775331,47.133157],[4.774263,47.13331],[4.773244,47.133404],[4.772805,47.13336],[4.772563,47.133537],[4.770825,47.133528],[4.770085,47.133758],[4.769447,47.133818],[4.769088,47.133746],[4.768005,47.133737],[4.765038,47.133816],[4.764228,47.133764],[4.762845,47.133326],[4.76218,47.133194],[4.761683,47.132648],[4.7613,47.132434],[4.760681,47.13195],[4.762952,47.127767],[4.761388,47.12745],[4.753624,47.125585],[4.753302,47.124932],[4.752932,47.124584],[4.75278,47.124249],[4.752788,47.123914],[4.75348,47.123389],[4.754151,47.122996],[4.752987,47.121754],[4.752677,47.12037],[4.752791,47.120135],[4.754862,47.12045],[4.7569,47.120532],[4.758489,47.120352],[4.759219,47.120606],[4.759659,47.120546],[4.760367,47.120202],[4.761848,47.119799],[4.762331,47.119377],[4.76275,47.119166],[4.76349,47.119015],[4.764874,47.118993],[4.765791,47.118542],[4.767195,47.117385],[4.767764,47.11682],[4.768001,47.116219],[4.768141,47.115547],[4.768302,47.115124],[4.768119,47.114731],[4.76766,47.114431],[4.767079,47.114238],[4.766625,47.114219],[4.76644,47.114118],[4.766004,47.113959],[4.765672,47.113696],[4.765612,47.113565],[4.766061,47.113111],[4.76657,47.112485],[4.766692,47.112031],[4.766717,47.11173],[4.766489,47.111251],[4.76545,47.109998],[4.765407,47.1098],[4.765525,47.109265],[4.765504,47.109036],[4.765386,47.108858],[4.765135,47.10827],[4.765018,47.107836],[4.764814,47.107445],[4.764445,47.107036],[4.764166,47.106458],[4.763764,47.106027],[4.763306,47.105413],[4.763063,47.105154],[4.762761,47.104953],[4.762298,47.104838],[4.761829,47.104606],[4.7608,47.104519],[4.760122,47.104548],[4.759915,47.104438],[4.760014,47.103988],[4.759988,47.103628],[4.759682,47.103231],[4.759592,47.101866],[4.759385,47.101352],[4.759335,47.100869],[4.759059,47.100224],[4.758422,47.099761],[4.75786,47.099239],[4.757081,47.098942],[4.756604,47.098896],[4.756423,47.098601],[4.756045,47.098439],[4.75537,47.097877],[4.754653,47.097388],[4.754239,47.096919],[4.753858,47.096209],[4.7539,47.095871],[4.754244,47.09565],[4.754873,47.095662],[4.75548,47.095563],[4.756694,47.094923],[4.757155,47.094178],[4.757048,47.093683],[4.756673,47.092997],[4.756212,47.092521],[4.755503,47.091286],[4.754881,47.089985],[4.755267,47.089181],[4.754859,47.08795],[4.754542,47.087669],[4.754086,47.087475],[4.754322,47.087457],[4.755052,47.08768],[4.755144,47.087457],[4.755042,47.08646],[4.754859,47.085902],[4.754817,47.084932],[4.75502,47.084232],[4.754859,47.083261],[4.754344,47.082879],[4.753883,47.081848],[4.753926,47.081156],[4.754071,47.080947],[4.754151,47.080643],[4.754301,47.08028],[4.754365,47.07986],[4.754365,47.079194],[4.754537,47.078911],[4.755074,47.078658],[4.755068,47.078547],[4.754494,47.078271],[4.754317,47.078075],[4.753657,47.076611],[4.753684,47.076242],[4.753939,47.075959],[4.755047,47.075421],[4.755771,47.074803],[4.756018,47.07472],[4.756709,47.074356],[4.757161,47.074252],[4.757536,47.073827],[4.757622,47.073451],[4.756554,47.072522],[4.756125,47.07189],[4.755541,47.070613],[4.754715,47.069797],[4.754162,47.069653],[4.754269,47.069104],[4.754127,47.068669],[4.754065,47.067898],[4.754167,47.067614],[4.754199,47.066744],[4.754296,47.066109],[4.754728,47.065273],[4.755038,47.064819],[4.755177,47.064526],[4.755369,47.064342],[4.757024,47.063464],[4.757949,47.063009],[4.758115,47.062728],[4.75811,47.062414],[4.757885,47.062046],[4.757595,47.061277],[4.757681,47.060749],[4.757632,47.060232],[4.757686,47.059474],[4.757789,47.059147],[4.75774,47.05822],[4.75782,47.057264],[4.75862,47.056722],[4.758724,47.056241],[4.758759,47.055577],[4.759183,47.054772],[4.759285,47.054205],[4.759473,47.053711],[4.759875,47.053267],[4.760191,47.052464],[4.759961,47.052432],[4.759328,47.051946],[4.759288,47.051777],[4.759165,47.051582],[4.759171,47.051452],[4.759065,47.051346],[4.758786,47.050919],[4.758416,47.050464],[4.758311,47.050412],[4.758019,47.049892],[4.757935,47.049907],[4.757818,47.050258],[4.757627,47.050679],[4.757488,47.05067],[4.756903,47.05023],[4.756858,47.050078],[4.756533,47.049693],[4.756104,47.049508],[4.753952,47.050323],[4.753733,47.050105],[4.753926,47.049773],[4.754323,47.049636],[4.753625,47.048891],[4.754328,47.04871],[4.754178,47.048436],[4.753829,47.048378],[4.753566,47.048081],[4.753604,47.047791],[4.753412,47.047684],[4.753305,47.047711],[4.753177,47.047643],[4.752998,47.047648],[4.752671,47.047468],[4.752284,47.047019],[4.752285,47.04674],[4.752094,47.046565],[4.751554,47.046393],[4.75112,47.046052],[4.751035,47.045571],[4.750855,47.045471],[4.750502,47.04553],[4.750317,47.045527],[4.750111,47.045589],[4.749849,47.045583],[4.749678,47.045726],[4.748979,47.045917],[4.748132,47.046016],[4.747944,47.044856],[4.747778,47.044074],[4.747961,47.042357],[4.746812,47.039913],[4.742886,47.036118],[4.743251,47.035271],[4.742639,47.03561],[4.741126,47.035743],[4.739667,47.036064],[4.739388,47.035965],[4.738863,47.035388],[4.737832,47.034997],[4.737543,47.034283],[4.736255,47.032557],[4.73618,47.032042],[4.735804,47.031342],[4.735193,47.031258],[4.733756,47.030676],[4.73265,47.029907],[4.732308,47.029441],[4.730526,47.028423],[4.729625,47.028087],[4.728702,47.02749],[4.728101,47.02729],[4.727453,47.026987],[4.726589,47.026684],[4.725688,47.026054],[4.725398,47.025536],[4.725173,47.024732],[4.724786,47.024168],[4.724292,47.023869],[4.723842,47.022808],[4.722286,47.020966],[4.721873,47.02038],[4.721257,47.019648],[4.720851,47.018931],[4.720672,47.018477],[4.720269,47.017921],[4.720854,47.017789],[4.721214,47.017789],[4.721997,47.017544],[4.722887,47.017357],[4.723579,47.017156],[4.723681,47.017227],[4.724121,47.016743],[4.724433,47.016308],[4.724931,47.016173],[4.725205,47.016152],[4.725444,47.016263],[4.725902,47.016338],[4.726331,47.016321],[4.72661,47.016384],[4.727157,47.016273],[4.727259,47.016153],[4.72764,47.015894],[4.727739,47.015429],[4.727853,47.01532],[4.727806,47.015212],[4.728029,47.015078],[4.728101,47.014926],[4.728673,47.014734],[4.728858,47.014755],[4.728812,47.014583],[4.728874,47.01439],[4.729571,47.013985],[4.729475,47.013774],[4.729207,47.013599],[4.728316,47.013156],[4.727549,47.013092],[4.726784,47.013213],[4.726176,47.013444],[4.725355,47.013894],[4.724781,47.014002],[4.72411,47.013985],[4.724261,47.013847],[4.724116,47.013336],[4.723933,47.013049],[4.723954,47.012959],[4.723577,47.012755],[4.723048,47.012343],[4.722614,47.011805],[4.72219,47.01142],[4.721933,47.011273],[4.72101,47.010991],[4.720567,47.010772],[4.72035,47.010567],[4.720205,47.010164],[4.719859,47.010005],[4.719857,47.009908],[4.719553,47.009903],[4.719288,47.00984],[4.719066,47.009916],[4.718874,47.00988],[4.718209,47.009215],[4.717949,47.00885],[4.717582,47.00855],[4.717139,47.008034],[4.716611,47.007563],[4.716332,47.007142],[4.715989,47.006722],[4.715774,47.006378],[4.715377,47.005001],[4.715069,47.004447],[4.714632,47.003894],[4.714495,47.003523],[4.714122,47.002955],[4.714111,47.00264],[4.713886,47.002129],[4.713537,47.001693],[4.713257,47.001199],[4.712977,47.000867],[4.712609,47.000268],[4.711965,47.000473],[4.71129,46.999943],[4.711204,47.000098],[4.710501,46.99946],[4.710287,46.999442],[4.709967,46.999128],[4.709691,46.998771],[4.708961,46.998193],[4.707417,46.998416],[4.707202,46.998361],[4.70666,46.997979],[4.706269,46.998041],[4.70585,46.998409],[4.70534,46.998442],[4.70439,46.998595],[4.703919,46.998791],[4.703752,46.998756],[4.703221,46.998749],[4.702964,46.998846],[4.702578,46.998943],[4.702455,46.999149],[4.70195,46.999196],[4.701697,46.9994],[4.70129,46.999516],[4.700764,46.999352],[4.700485,46.999477],[4.700282,46.999653],[4.699877,46.999891],[4.699665,47.000088],[4.69977,47.000311],[4.699869,47.000721],[4.699976,47.000931],[4.699975,47.001185],[4.700207,47.001359],[4.700515,47.001671],[4.70085,47.00185],[4.701236,47.001956],[4.701746,47.002032],[4.701916,47.002176],[4.702033,47.002412],[4.702207,47.002561],[4.702475,47.002691],[4.703012,47.002786],[4.703398,47.003354],[4.703846,47.003645],[4.70394,47.003768],[4.703999,47.003991],[4.702926,47.003627],[4.702535,47.003596],[4.701446,47.003793],[4.700604,47.002759],[4.699825,47.00215],[4.699107,47.001853],[4.697964,47.000847],[4.697245,46.999647],[4.696967,46.998886],[4.697202,46.998689],[4.697527,46.998021],[4.697615,46.99769],[4.697922,46.997043],[4.698056,46.995987],[4.697739,46.995707],[4.697513,46.995262],[4.697567,46.995116],[4.697331,46.994859],[4.697519,46.994732],[4.69752,46.994587],[4.697339,46.994471],[4.697219,46.994298],[4.696959,46.994183],[4.696525,46.99388],[4.696038,46.993855],[4.69555,46.993684],[4.695245,46.993497],[4.695045,46.993452],[4.694941,46.993311],[4.694482,46.993148],[4.694346,46.992907],[4.693807,46.992337],[4.693356,46.992154],[4.693018,46.99211],[4.692149,46.990972],[4.691587,46.990655],[4.691218,46.990528],[4.690881,46.990522],[4.690115,46.990186],[4.689629,46.990141],[4.689379,46.99007],[4.688478,46.989842],[4.688195,46.989714],[4.68746,46.989498],[4.687054,46.989108],[4.686222,46.988923],[4.685137,46.989002],[4.684197,46.989382],[4.683623,46.989748],[4.682641,46.989968],[4.68068,46.989617],[4.680209,46.989573],[4.679953,46.989441],[4.680725,46.985725],[4.682408,46.983495],[4.683684,46.982899],[4.686077,46.981848],[4.685102,46.981264],[4.684567,46.980651],[4.683595,46.980342],[4.683109,46.980332],[4.682709,46.980201],[4.682551,46.980052],[4.682285,46.980035],[4.682086,46.979912],[4.681624,46.979847],[4.680184,46.979328],[4.679932,46.979117],[4.679529,46.979081],[4.67867,46.978622],[4.678504,46.978361],[4.678215,46.978192],[4.677536,46.978163],[4.677181,46.978245],[4.676606,46.978478],[4.675885,46.978468],[4.675311,46.978716],[4.675015,46.978891],[4.674275,46.979199],[4.672923,46.978971],[4.672795,46.978582],[4.672945,46.97769],[4.672119,46.977581],[4.671314,46.977186],[4.669898,46.977112],[4.669426,46.977126],[4.669276,46.976998],[4.669598,46.976263],[4.670037,46.975725],[4.670295,46.975346],[4.670541,46.975106],[4.671883,46.97428],[4.672451,46.973683],[4.672655,46.973415],[4.672939,46.973255],[4.673223,46.972992],[4.67303,46.972787],[4.673116,46.972494],[4.673717,46.972003],[4.673684,46.971404],[4.673063,46.970178],[4.672526,46.96985],[4.672349,46.96962],[4.672376,46.969354],[4.67303,46.969131],[4.672816,46.968813],[4.671936,46.968343],[4.671078,46.968064],[4.668497,46.968647],[4.668307,46.968615],[4.667832,46.968289],[4.667134,46.968107],[4.66701,46.967915],[4.666754,46.967764],[4.666612,46.967636],[4.666373,46.967589],[4.666167,46.967411],[4.66573,46.96717],[4.665461,46.967098],[4.664997,46.967533],[4.664742,46.967727],[4.664705,46.967807],[4.657817,46.969527],[4.658723,46.971287],[4.658653,46.971415],[4.658771,46.971613],[4.659517,46.972231],[4.659501,46.972443],[4.659407,46.972613],[4.659367,46.972805],[4.659469,46.973131],[4.658949,46.973087],[4.658547,46.972958],[4.657945,46.972959],[4.65756,46.973076],[4.656755,46.972992],[4.656551,46.972827],[4.656229,46.972744],[4.655886,46.972698],[4.655698,46.972537],[4.655867,46.972296],[4.656116,46.972109],[4.656455,46.972118],[4.656283,46.97179],[4.656573,46.971598],[4.656519,46.971453],[4.656208,46.971367],[4.655918,46.971151],[4.655811,46.970826],[4.655467,46.970532],[4.655307,46.97014],[4.655382,46.969455],[4.655457,46.969111],[4.653804,46.969289],[4.653611,46.968391],[4.653343,46.967855],[4.653279,46.967529],[4.653429,46.967374],[4.653182,46.966452],[4.65331,46.966078],[4.653214,46.965669],[4.652924,46.96542],[4.651675,46.964957],[4.651219,46.964844],[4.650629,46.964792],[4.649969,46.96461],[4.649449,46.964509],[4.648204,46.964115],[4.64741,46.963824],[4.646745,46.963181],[4.645479,46.962997],[4.644959,46.962712],[4.644696,46.962464],[4.644079,46.962421],[4.64372,46.962313],[4.642765,46.962228],[4.642442,46.962084],[4.642775,46.961564],[4.642324,46.961094],[4.6424,46.96064],[4.642153,46.960229],[4.642753,46.959885],[4.642271,46.958778],[4.641981,46.958412],[4.641252,46.958018],[4.640844,46.957551],[4.640458,46.957341],[4.640339,46.957021],[4.640071,46.956686],[4.638967,46.955652],[4.638505,46.954906],[4.637947,46.954875],[4.637293,46.953764],[4.637164,46.953793],[4.636842,46.953278],[4.636553,46.953097],[4.636445,46.953264],[4.635845,46.95356],[4.635281,46.953151],[4.634686,46.952845],[4.63438,46.952538],[4.633989,46.952393],[4.634294,46.952291],[4.634557,46.952255],[4.634417,46.951703],[4.634739,46.95155],[4.63445,46.950931],[4.63416,46.949463],[4.633634,46.949149],[4.632851,46.948182],[4.633237,46.947642],[4.633462,46.947077],[4.633398,46.946447],[4.632995,46.945667],[4.632626,46.944395],[4.63262,46.943916],[4.632336,46.942998],[4.632679,46.941986],[4.632454,46.941262],[4.632486,46.941005],[4.632883,46.94022],[4.632894,46.939735],[4.631977,46.939338],[4.630909,46.938794],[4.630845,46.937905],[4.63092,46.937114],[4.631091,46.936307],[4.631365,46.935586],[4.631488,46.935201],[4.631681,46.934842],[4.632505,46.93508],[4.632588,46.935167],[4.63247,46.935488],[4.632486,46.935766],[4.63261,46.936233],[4.632765,46.936575],[4.632942,46.936733],[4.633392,46.936832],[4.634138,46.937167],[4.634879,46.937303],[4.635329,46.937328],[4.635125,46.936705],[4.634943,46.935561],[4.635007,46.934587],[4.635286,46.933364],[4.635689,46.93235],[4.635962,46.9319],[4.63622,46.93213],[4.636627,46.932332],[4.638119,46.932719],[4.639009,46.93301],[4.640066,46.933814],[4.641037,46.934471],[4.641541,46.93466],[4.642625,46.935273],[4.643236,46.935502],[4.644684,46.935856],[4.645221,46.936082],[4.645822,46.936514],[4.646273,46.936749],[4.647077,46.936945],[4.6483,46.937752],[4.649427,46.938827],[4.650103,46.939239],[4.650645,46.939338],[4.651701,46.939437],[4.652227,46.938755],[4.65253,46.938654],[4.652801,46.938465],[4.653955,46.938015],[4.654684,46.937823],[4.65551,46.937402],[4.655907,46.937128],[4.656631,46.936836],[4.657764,46.936273],[4.658589,46.935596],[4.659394,46.93483],[4.659877,46.934551],[4.660145,46.934433],[4.660875,46.933436],[4.66095,46.932917],[4.661969,46.932002],[4.662655,46.931698],[4.663573,46.931059],[4.663996,46.93064],[4.664485,46.929895],[4.664876,46.92953],[4.665188,46.929524],[4.665402,46.928957],[4.666196,46.92751],[4.665402,46.925925],[4.665069,46.925633],[4.664963,46.925127],[4.665188,46.924849],[4.665815,46.924655],[4.666572,46.924505],[4.667044,46.924352],[4.66832,46.924336],[4.668867,46.924453],[4.669812,46.924866],[4.670896,46.925068],[4.671711,46.925071],[4.672827,46.92477],[4.673245,46.924297],[4.673894,46.92398],[4.674258,46.923951],[4.674543,46.924212],[4.675067,46.924474],[4.675493,46.924729],[4.675639,46.924709],[4.675737,46.924564],[4.676029,46.924282],[4.676518,46.923788],[4.676662,46.923723],[4.677097,46.923409],[4.676848,46.92333],[4.676561,46.923299],[4.676223,46.92336],[4.675611,46.923652],[4.675303,46.923607],[4.674914,46.923492],[4.675627,46.923017],[4.676909,46.922683],[4.677404,46.922651],[4.677941,46.922657],[4.679022,46.922777],[4.679209,46.922614],[4.679353,46.9224],[4.679567,46.92225],[4.679659,46.921984],[4.679902,46.92177],[4.680015,46.921379],[4.680181,46.921091],[4.680572,46.920772],[4.681216,46.920416],[4.681372,46.919964],[4.681638,46.919546],[4.681898,46.919271],[4.682316,46.918801],[4.683006,46.918421],[4.683352,46.91829],[4.683668,46.918056],[4.684338,46.917712],[4.684532,46.917221],[4.684135,46.916995],[4.684204,46.916818],[4.68451,46.916737],[4.683942,46.916443],[4.684231,46.916215],[4.684124,46.915823],[4.683834,46.91571],[4.683759,46.915478],[4.684682,46.915234],[4.684703,46.915104],[4.683738,46.914788],[4.68318,46.914516],[4.683834,46.913181],[4.684875,46.91169],[4.686195,46.910375],[4.688437,46.908993],[4.689306,46.908045],[4.689687,46.907792],[4.69009,46.907627],[4.692879,46.90707],[4.693866,46.907435],[4.694595,46.907784],[4.694714,46.907393],[4.695368,46.906601],[4.695507,46.905701],[4.695786,46.905143],[4.695518,46.904713],[4.69482,46.90425],[4.694606,46.903574],[4.693957,46.902775],[4.693394,46.902356],[4.692085,46.901646],[4.692374,46.901436],[4.691741,46.900987],[4.691226,46.90018],[4.69054,46.899485],[4.690089,46.898744],[4.691334,46.898567],[4.693179,46.897781],[4.694016,46.897352],[4.695003,46.896923],[4.695024,46.896507],[4.695378,46.895855],[4.695282,46.895386],[4.695453,46.895085],[4.695465,46.894544],[4.696033,46.894581],[4.696194,46.894015],[4.697143,46.892822],[4.697503,46.892311],[4.696988,46.891125],[4.695859,46.889466],[4.695599,46.889046],[4.695137,46.888763],[4.694477,46.888052],[4.693605,46.887591],[4.693302,46.887511],[4.691935,46.886889],[4.691715,46.886879],[4.691286,46.886975],[4.690508,46.88562],[4.690497,46.885322],[4.690296,46.885047],[4.689671,46.884508],[4.689365,46.884142],[4.689231,46.883743],[4.68889,46.883769],[4.6887,46.883722],[4.687244,46.882188],[4.686801,46.881908],[4.686505,46.881403],[4.686278,46.880909],[4.685955,46.880499],[4.685685,46.880041],[4.687385,46.880607],[4.687253,46.880302],[4.686857,46.879908],[4.686522,46.879631],[4.686546,46.879548],[4.686731,46.879494],[4.686125,46.879272],[4.685443,46.878892],[4.685105,46.879008],[4.684714,46.878589],[4.684414,46.878027],[4.683984,46.87695],[4.683738,46.876498],[4.68362,46.875244],[4.68378,46.874618],[4.683716,46.874195],[4.684157,46.873601],[4.684146,46.872311],[4.68392,46.871926],[4.684328,46.871143],[4.68466,46.870087],[4.684735,46.867984],[4.684242,46.867036],[4.685744,46.866726],[4.686736,46.866614],[4.687622,46.866589],[4.687686,46.866711],[4.687943,46.866644],[4.688019,46.866294],[4.68789,46.865826],[4.687954,46.864895],[4.688748,46.863403],[4.68944,46.862904],[4.690105,46.862585],[4.690792,46.86182],[4.691146,46.861672],[4.69151,46.861683],[4.693196,46.860633],[4.693239,46.860189],[4.693394,46.860065],[4.692369,46.858585],[4.691685,46.85746],[4.691413,46.856927],[4.690958,46.856254],[4.690749,46.855299],[4.690326,46.854237],[4.690079,46.853777],[4.689725,46.852921],[4.688748,46.85138],[4.68848,46.851241],[4.687734,46.851199],[4.686881,46.851201],[4.686741,46.851078],[4.686699,46.850775],[4.686903,46.849732],[4.686817,46.849204],[4.686431,46.848911],[4.686093,46.848234],[4.68663,46.848126],[4.687364,46.84811],[4.687606,46.847999],[4.687815,46.847685],[4.687804,46.847029],[4.68768,46.846809],[4.687836,46.846615],[4.689344,46.845951],[4.689853,46.846142],[4.69047,46.846252],[4.690743,46.846145],[4.691205,46.845519],[4.691215,46.845246],[4.691023,46.844782],[4.691033,46.844341],[4.691179,46.84396],[4.691392,46.843755],[4.691503,46.843567],[4.691822,46.843248],[4.692653,46.843088],[4.692793,46.842735],[4.692594,46.842251],[4.692559,46.841864],[4.692421,46.841506],[4.692406,46.841302],[4.692613,46.840562],[4.692605,46.840236],[4.692702,46.839807],[4.692873,46.839422],[4.694686,46.8377],[4.695486,46.837207],[4.696312,46.837],[4.696902,46.836468],[4.697524,46.836116],[4.698377,46.83457],[4.699456,46.834808],[4.699466,46.834725],[4.698039,46.834182],[4.697371,46.833617],[4.697102,46.833351],[4.696672,46.833123],[4.696843,46.833122],[4.697096,46.832984],[4.697322,46.832942],[4.697591,46.832791],[4.697916,46.832723],[4.698267,46.832671],[4.698865,46.832545],[4.699836,46.832131],[4.700464,46.831894],[4.701183,46.831637],[4.701411,46.831486],[4.70202,46.831291],[4.70263,46.830997],[4.703186,46.830769],[4.703596,46.830574],[4.703877,46.830505],[4.70431,46.830306],[4.704814,46.830014],[4.705265,46.829787],[4.705694,46.82965],[4.706504,46.82948],[4.706601,46.828621],[4.706595,46.82789],[4.706697,46.827733],[4.707094,46.827418],[4.708452,46.82668],[4.708891,46.826276],[4.709165,46.825773],[4.709449,46.825409],[4.709701,46.825293],[4.710179,46.824837],[4.710758,46.824443],[4.711176,46.824284],[4.711649,46.824023],[4.712234,46.823906],[4.712921,46.823814],[4.712781,46.82299],[4.712298,46.821992],[4.712142,46.821246],[4.711858,46.820177],[4.710903,46.818974],[4.710807,46.818501],[4.710131,46.817116],[4.710442,46.816358],[4.710404,46.81617],[4.710689,46.815894],[4.711858,46.815561],[4.712405,46.815779],[4.712878,46.815569],[4.713586,46.81546],[4.71395,46.815306],[4.714079,46.81543],[4.714605,46.815098],[4.71543,46.814828],[4.716353,46.81382],[4.717265,46.813114],[4.717743,46.812638],[4.718328,46.811913],[4.718778,46.812004],[4.719164,46.811868],[4.719872,46.810944],[4.720645,46.811008],[4.72057,46.810795],[4.720248,46.810659],[4.720119,46.810449],[4.72013,46.809907],[4.719921,46.809418],[4.719282,46.808503],[4.719218,46.808079],[4.718886,46.807534],[4.718499,46.806514],[4.718,46.805666],[4.717716,46.805215],[4.717652,46.804832],[4.717158,46.804504],[4.716911,46.804148],[4.716665,46.803542],[4.716638,46.803041],[4.716461,46.802275],[4.716445,46.801681],[4.716319,46.800973],[4.7163,46.800573],[4.715688,46.798983],[4.715538,46.798407],[4.715632,46.797647],[4.715629,46.797272],[4.715414,46.796766],[4.71513,46.796688],[4.713751,46.796943],[4.713596,46.796867],[4.713199,46.796307],[4.712631,46.795982],[4.712438,46.795737],[4.71189,46.795578],[4.7113,46.795277],[4.710807,46.79513],[4.710452,46.795137],[4.709697,46.795495],[4.709251,46.795807],[4.709036,46.795792],[4.708862,46.795502],[4.70857,46.795146],[4.708347,46.794459],[4.707985,46.793772],[4.707781,46.793186],[4.707347,46.792518],[4.706998,46.79179],[4.706558,46.79123],[4.706483,46.790644],[4.706064,46.789783],[4.706087,46.789368],[4.706206,46.788953],[4.706574,46.78838],[4.707368,46.78743],[4.70836,46.786816],[4.708575,46.78658],[4.708897,46.785649],[4.708918,46.784657],[4.708988,46.784283],[4.708559,46.783829],[4.707352,46.783172],[4.706826,46.782739],[4.706585,46.782192],[4.70622,46.782009],[4.706209,46.781829],[4.706397,46.781578],[4.706389,46.781321],[4.706338,46.781123],[4.70644,46.780543],[4.706043,46.779858],[4.705614,46.779403],[4.705582,46.778984],[4.705721,46.778602],[4.705603,46.777763],[4.705914,46.777588],[4.705968,46.777134],[4.706901,46.775971],[4.707035,46.775538],[4.70706,46.775284],[4.70718,46.774807],[4.707534,46.774157],[4.707073,46.773408],[4.706397,46.773391],[4.705946,46.773261],[4.705442,46.773023],[4.704846,46.773116],[4.704444,46.773122],[4.703897,46.772953],[4.702127,46.772282],[4.700502,46.772297],[4.698487,46.772414],[4.69746,46.772502],[4.696934,46.771909],[4.694563,46.772217],[4.69393,46.772026],[4.693737,46.771584],[4.693673,46.771018],[4.69467,46.770725],[4.69438,46.769883],[4.694155,46.769334],[4.694209,46.768225],[4.693887,46.767947],[4.694257,46.767291],[4.694534,46.767023],[4.694917,46.766865],[4.695754,46.766743],[4.696393,46.766768],[4.696784,46.766834],[4.697562,46.766729],[4.697659,46.76655],[4.697455,46.766282],[4.697138,46.766087],[4.694832,46.764552],[4.694241,46.764301],[4.694231,46.763723],[4.694477,46.763246],[4.694391,46.761261],[4.694584,46.760774],[4.694252,46.760372],[4.693534,46.759902],[4.692064,46.759254],[4.689821,46.758951],[4.689327,46.75872],[4.688769,46.758563],[4.687879,46.757637],[4.688126,46.757372],[4.687771,46.756805],[4.68746,46.756195],[4.68731,46.755086],[4.686624,46.754872],[4.68598,46.754909],[4.686055,46.7546],[4.686377,46.753836],[4.686452,46.752824],[4.686299,46.752469],[4.685384,46.751416],[4.686066,46.75116],[4.686146,46.750853],[4.686028,46.750428],[4.685937,46.749882],[4.685475,46.74925],[4.684746,46.748749],[4.684296,46.748963],[4.68319,46.748388],[4.682933,46.748763],[4.680959,46.750095],[4.680487,46.750346],[4.67994,46.750729],[4.679296,46.750713],[4.678931,46.750832],[4.678792,46.750946],[4.677719,46.751042],[4.676431,46.750418],[4.676045,46.75017],[4.675262,46.74925],[4.674554,46.74896],[4.67434,46.748773],[4.67303,46.748559],[4.672237,46.747742],[4.671411,46.747094],[4.670863,46.746132],[4.670568,46.745885],[4.670048,46.745755],[4.667878,46.745834],[4.664238,46.745884],[4.66324,46.745481],[4.663267,46.745382],[4.66287,46.745037],[4.662565,46.744967],[4.661626,46.744992],[4.660921,46.744937],[4.660044,46.744809],[4.659957,46.744136],[4.659772,46.744064],[4.659228,46.744057],[4.658085,46.744004],[4.657675,46.74385],[4.657248,46.743748],[4.655703,46.743541],[4.655467,46.743379],[4.65529,46.742955],[4.654458,46.742189],[4.654169,46.741679],[4.653992,46.741227],[4.653187,46.740499],[4.652619,46.739818],[4.652399,46.73945],[4.652372,46.739084],[4.652753,46.738719],[4.652922,46.738333],[4.653048,46.738168],[4.65267,46.738265],[4.652463,46.738252],[4.651723,46.737803],[4.651294,46.7375],[4.650859,46.737382],[4.650414,46.7374],[4.649223,46.736207],[4.647093,46.734953],[4.646423,46.734648],[4.645983,46.734288],[4.645693,46.733887],[4.645103,46.733222],[4.64495,46.732915],[4.644669,46.732549],[4.644063,46.731522],[4.643966,46.731073],[4.644192,46.730618],[4.644417,46.730016],[4.644599,46.729842],[4.645554,46.729316],[4.645672,46.728823],[4.644685,46.729095],[4.64402,46.729221],[4.643397,46.729499],[4.642721,46.729435],[4.64182,46.729508],[4.640898,46.729729],[4.639594,46.730162],[4.638696,46.730313],[4.638147,46.730467],[4.637819,46.730691],[4.637497,46.731074],[4.636915,46.73114],[4.635818,46.731176],[4.635307,46.731118],[4.634594,46.731332],[4.6343,46.731296],[4.63402,46.731002],[4.633983,46.730352],[4.63376,46.729787],[4.633425,46.728668],[4.633306,46.727867],[4.633023,46.727028],[4.632658,46.726482],[4.632453,46.725864],[4.632247,46.725482],[4.632019,46.725214],[4.631855,46.724932],[4.631585,46.72468],[4.631266,46.724465],[4.631004,46.724062],[4.630496,46.72349],[4.63026,46.723005],[4.630207,46.722543],[4.629299,46.72091],[4.628827,46.720322],[4.62871,46.71999],[4.629203,46.718627],[4.629096,46.718018],[4.627658,46.716255],[4.627057,46.715834],[4.626543,46.715413],[4.626102,46.714766],[4.626038,46.714174],[4.625866,46.713789],[4.624869,46.713303],[4.623109,46.712632],[4.622594,46.712186],[4.623292,46.711024],[4.623313,46.709986],[4.623592,46.709626],[4.622229,46.709641],[4.619729,46.709855],[4.61841,46.709869],[4.616746,46.709957],[4.616082,46.709833],[4.615336,46.709393],[4.614772,46.70899],[4.613582,46.708795],[4.613088,46.709015],[4.612796,46.708966],[4.612278,46.708579],[4.61186,46.708515],[4.610981,46.708561],[4.610154,46.708312],[4.609548,46.708239],[4.606984,46.707343],[4.60627,46.707194],[4.605198,46.707066],[4.605213,46.706736],[4.605031,46.706419],[4.604656,46.706212],[4.603733,46.705921],[4.602359,46.705387],[4.600806,46.704259],[4.60003,46.703611],[4.599597,46.703312],[4.599184,46.703165],[4.598594,46.702834],[4.598052,46.702569],[4.597521,46.702385],[4.596673,46.702267],[4.595375,46.701716],[4.593894,46.70132],[4.592875,46.701115],[4.592296,46.700703],[4.591748,46.700548],[4.591062,46.700171],[4.590354,46.700039],[4.588959,46.700386],[4.588551,46.700269],[4.588342,46.699981],[4.588154,46.699532],[4.587725,46.69934],[4.587071,46.699331],[4.586309,46.699121],[4.585419,46.698985],[4.585097,46.698846],[4.582994,46.69825],[4.580333,46.697132],[4.578697,46.696312],[4.577941,46.696051],[4.575934,46.694477],[4.57506,46.69349],[4.574272,46.692415],[4.573102,46.69159],[4.572276,46.690821],[4.5716,46.690273],[4.571294,46.690232],[4.570988,46.69025],[4.570731,46.690038],[4.570226,46.689757],[4.569154,46.688632],[4.568564,46.688222],[4.567147,46.687667],[4.566439,46.68731],[4.565688,46.686786],[4.565119,46.686526],[4.564701,46.686205],[4.562674,46.685196],[4.56189,46.684639],[4.561557,46.683665],[4.561284,46.683234],[4.560914,46.682884],[4.560195,46.682655],[4.559746,46.682494],[4.559262,46.682237],[4.558801,46.68226],[4.555796,46.683299],[4.553242,46.68354],[4.553329,46.681243],[4.553044,46.680485],[4.55276,46.679624],[4.551204,46.678925],[4.550571,46.678341],[4.549628,46.677682],[4.548887,46.67738],[4.54775,46.6773],[4.547546,46.67716],[4.547396,46.676666],[4.54658,46.675457],[4.545432,46.674679],[4.545562,46.674007],[4.545551,46.673404],[4.545636,46.67294],[4.545647,46.672528],[4.54613,46.672219],[4.546334,46.671743],[4.546441,46.671259],[4.546376,46.67018],[4.545743,46.669422],[4.545817,46.669221],[4.546234,46.668623],[4.546703,46.668251],[4.547001,46.667754],[4.547256,46.6675],[4.545947,46.66666],[4.545658,46.666817],[4.544891,46.667013],[4.543673,46.667387],[4.542917,46.667664],[4.542238,46.667839],[4.541549,46.668118],[4.541066,46.668164],[4.540551,46.66777],[4.538759,46.667137],[4.537643,46.666916],[4.536914,46.666697],[4.536313,46.66658],[4.535197,46.665872],[4.53495,46.665497],[4.534961,46.665245],[4.534532,46.665024],[4.534027,46.664865],[4.533685,46.664577],[4.532804,46.664169],[4.532322,46.66397],[4.531764,46.663398],[4.530932,46.662835],[4.530788,46.662787],[4.530326,46.662125],[4.530112,46.661631],[4.529769,46.661343],[4.529511,46.661048],[4.529103,46.660294],[4.528749,46.659865],[4.528245,46.659637],[4.527805,46.65934],[4.527719,46.658989],[4.527355,46.658715],[4.527054,46.658192],[4.526871,46.657516],[4.526571,46.657148],[4.526447,46.656768],[4.526088,46.65605],[4.525606,46.655641],[4.525439,46.655419],[4.525107,46.654659],[4.524816,46.654261],[4.524195,46.653518],[4.523787,46.653373],[4.523127,46.653242],[4.521882,46.653217],[4.520853,46.653112],[4.519211,46.653004],[4.518707,46.653039],[4.518192,46.653127],[4.517591,46.653001],[4.517173,46.652805],[4.516674,46.652242],[4.516213,46.652147],[4.51577,46.651871],[4.515312,46.651766],[4.515075,46.651329],[4.51445,46.65094],[4.513432,46.650846],[4.512516,46.650601],[4.511947,46.650027],[4.51155,46.649785],[4.511288,46.649392],[4.510958,46.649116],[4.510457,46.64885],[4.51029,46.648819],[4.50984,46.648497],[4.509716,46.64814],[4.509137,46.647552],[4.508885,46.647099],[4.508799,46.646668],[4.508501,46.646379],[4.508107,46.646172],[4.507337,46.646007],[4.505703,46.645526],[4.505102,46.645179],[4.504684,46.644868],[4.504668,46.644445],[4.504534,46.644129],[4.503439,46.643035],[4.502715,46.642517],[4.502019,46.642208],[4.501726,46.642108],[4.501085,46.641731],[4.500784,46.641453],[4.500208,46.641236],[4.499522,46.641097],[4.499129,46.640934],[4.498682,46.640823],[4.49663,46.639713],[4.496166,46.639516],[4.495608,46.639081],[4.495071,46.638602],[4.494591,46.638261],[4.493521,46.63764],[4.492966,46.637203],[4.492125,46.636698],[4.490812,46.635853],[4.489417,46.634725],[4.488216,46.634057],[4.486799,46.633556],[4.485211,46.633473],[4.483892,46.634233],[4.483591,46.634754],[4.483216,46.634873],[4.482465,46.634513],[4.481982,46.63419],[4.481676,46.633452],[4.481328,46.632892],[4.481296,46.632511],[4.481054,46.632932],[4.48067,46.633064],[4.479836,46.633248],[4.479638,46.633219],[4.479621,46.633106],[4.480201,46.632729],[4.479948,46.632416],[4.479911,46.63211],[4.479649,46.631934],[4.479407,46.631551],[4.479284,46.631596],[4.479053,46.631379],[4.478624,46.630757],[4.477948,46.630138],[4.477229,46.629936],[4.476676,46.629526],[4.476671,46.628951],[4.476017,46.628378],[4.475191,46.627276],[4.475341,46.626328],[4.475147,46.625666],[4.475233,46.625381],[4.475641,46.624905],[4.478785,46.624141],[4.479074,46.623543],[4.478581,46.622902],[4.477583,46.622421],[4.476414,46.621279],[4.476103,46.620316],[4.474467,46.618959],[4.474013,46.618737],[4.473571,46.618368],[4.473603,46.618038],[4.473367,46.618015],[4.473147,46.617949],[4.472852,46.617912],[4.472326,46.617546],[4.471586,46.616262],[4.471561,46.615897],[4.471366,46.615488],[4.471264,46.614744],[4.470685,46.614407],[4.469622,46.614067],[4.469252,46.61383],[4.468925,46.613697],[4.468378,46.613253],[4.466296,46.612961],[4.465867,46.613018],[4.465363,46.612333],[4.46502,46.612083],[4.465116,46.611763],[4.46562,46.611134],[4.465835,46.610668],[4.46568,46.610473],[4.465412,46.609994],[4.465366,46.609306],[4.465277,46.608813],[4.465776,46.607626],[4.466039,46.607303],[4.46649,46.606998],[4.466812,46.605238],[4.467208,46.603789],[4.466586,46.602526],[4.466061,46.602193],[4.466377,46.602042],[4.466946,46.601582],[4.468485,46.601079],[4.469038,46.600689],[4.469874,46.600354],[4.470521,46.599947],[4.470696,46.599751],[4.472262,46.599685],[4.47208,46.599442],[4.471747,46.599111],[4.471982,46.598596],[4.471816,46.597784],[4.471575,46.596949],[4.472047,46.596847],[4.472187,46.596333],[4.472133,46.595614],[4.471881,46.595098],[4.471983,46.594275],[4.471977,46.593784],[4.472098,46.593532],[4.472475,46.593336],[4.473028,46.593133],[4.473769,46.592622],[4.474051,46.592184],[4.474611,46.59095],[4.475086,46.590566],[4.475303,46.5903],[4.476408,46.589256],[4.477117,46.588134],[4.477602,46.587245],[4.477925,46.586964],[4.478023,46.586658],[4.478393,46.586135],[4.479118,46.585387],[4.47952,46.584621],[4.479868,46.584183],[4.479997,46.583619],[4.480287,46.583346],[4.481338,46.582815],[4.481617,46.582256],[4.481725,46.581645],[4.482304,46.581378],[4.483205,46.58061],[4.484214,46.579872],[4.484096,46.579577],[4.484289,46.579248],[4.48651,46.578548],[4.486166,46.578146],[4.485909,46.577587],[4.485029,46.576797],[4.484353,46.575871],[4.48372,46.575389],[4.483731,46.574992],[4.483474,46.574341],[4.483763,46.573951],[4.484407,46.573524],[4.48386,46.573059],[4.483935,46.572662],[4.484128,46.572433],[4.484439,46.572291],[4.484546,46.572036],[4.485094,46.571836],[4.485415,46.571473],[4.485823,46.57056],[4.485576,46.569217],[4.485823,46.569098],[4.486038,46.568795],[4.485608,46.568466],[4.484965,46.568161],[4.484578,46.568043],[4.484439,46.567764],[4.483592,46.567675],[4.483248,46.567477],[4.483162,46.567301],[4.483376,46.566997],[4.483001,46.566311],[4.482475,46.566216],[4.48152,46.565784],[4.481252,46.565558],[4.4815,46.565108],[4.481563,46.564696],[4.481424,46.564453],[4.480899,46.564074],[4.480727,46.563818],[4.481135,46.563244],[4.481499,46.563057],[4.481542,46.562589],[4.481735,46.562107],[4.481661,46.561435],[4.482207,46.560746],[4.482336,46.560373],[4.482175,46.559709],[4.482315,46.558884],[4.482411,46.558505],[4.482283,46.557436],[4.482733,46.556538],[4.481381,46.555652],[4.481338,46.555077],[4.481091,46.554561],[4.480545,46.554048],[4.47996,46.5537],[4.479332,46.553396],[4.479139,46.553107],[4.478999,46.552209],[4.478946,46.551201],[4.478538,46.549999],[4.478538,46.549363],[4.478098,46.548833],[4.477315,46.548648],[4.477572,46.54842],[4.47783,46.548302],[4.478055,46.548149],[4.47893,46.54787],[4.479514,46.547855],[4.480177,46.547806],[4.480561,46.547853],[4.481134,46.548267],[4.481861,46.548711],[4.482352,46.549096],[4.482417,46.549242],[4.482634,46.549108],[4.482926,46.548752],[4.483431,46.548568],[4.483393,46.548328],[4.483017,46.547917],[4.483119,46.547566],[4.483355,46.547414],[4.484707,46.546914],[4.485565,46.54612],[4.485919,46.545937],[4.486129,46.545701],[4.486837,46.54559],[4.487357,46.545471],[4.487481,46.545006],[4.487816,46.544717],[4.488927,46.543871],[4.489502,46.543439],[4.492947,46.541687],[4.493725,46.541244],[4.494851,46.540781],[4.496594,46.540532],[4.497286,46.540301],[4.4983,46.540168],[4.498976,46.539836],[4.499261,46.539894],[4.499368,46.540165],[4.501036,46.540032],[4.501417,46.539395],[4.501734,46.539001],[4.501959,46.539001],[4.502597,46.539078],[4.503016,46.53896],[4.50315,46.538589],[4.503402,46.538479],[4.50396,46.538506],[4.504942,46.53878],[4.506331,46.538512],[4.506589,46.538157],[4.506841,46.538055],[4.507082,46.538025],[4.507565,46.53791],[4.506546,46.535072],[4.506972,46.53469],[4.507249,46.534471],[4.508643,46.532891],[4.509882,46.531245],[4.510011,46.530914],[4.50999,46.530556],[4.511346,46.52817],[4.511572,46.527583],[4.511754,46.52732],[4.51192,46.526575],[4.512087,46.526021],[4.512549,46.525711],[4.512827,46.525194],[4.512886,46.524481],[4.51286,46.523769],[4.513589,46.523167],[4.515059,46.522263],[4.513106,46.521121],[4.511937,46.520635],[4.511218,46.520123],[4.510564,46.519281],[4.509931,46.518985],[4.508235,46.516071],[4.507216,46.516366],[4.506852,46.516911],[4.506036,46.517348],[4.505263,46.517436],[4.504845,46.517281],[4.504545,46.517039],[4.50374,46.516919],[4.502967,46.517082],[4.502334,46.516997],[4.500854,46.516593],[4.500339,46.516624],[4.500167,46.516854],[4.499379,46.516698],[4.498601,46.51649],[4.497303,46.516514],[4.495457,46.517184],[4.494706,46.516993],[4.493591,46.516787],[4.493129,46.51655],[4.49284,46.516497],[4.492228,46.516514],[4.491434,46.5168],[4.490973,46.516785],[4.490012,46.516878],[4.489267,46.516911],[4.488703,46.516697],[4.487604,46.516173],[4.486038,46.516114],[4.485447,46.51593],[4.484374,46.515175],[4.484128,46.514854],[4.484445,46.514683],[4.484622,46.514541],[4.484423,46.514153],[4.484407,46.513248],[4.48416,46.51264],[4.483688,46.512166],[4.483468,46.511604],[4.483055,46.511316],[4.482707,46.511132],[4.482046,46.510989],[4.481273,46.511005],[4.480976,46.510921],[4.48056,46.51067],[4.477975,46.508276],[4.477782,46.507919],[4.477712,46.507351],[4.476961,46.506714],[4.476896,46.506458],[4.476618,46.506405],[4.476194,46.506495],[4.475979,46.506965],[4.475288,46.507555],[4.475121,46.507599],[4.474826,46.507568],[4.474179,46.50727],[4.473619,46.506958],[4.473203,46.506828],[4.472884,46.506828],[4.472106,46.507421],[4.471714,46.507415],[4.469553,46.506147],[4.469193,46.506001],[4.467799,46.505836],[4.467262,46.505212],[4.466661,46.504633],[4.465814,46.504173],[4.466533,46.503333],[4.466983,46.50301],[4.465717,46.501818],[4.465706,46.50153],[4.465889,46.500979],[4.465567,46.500129],[4.464945,46.49978],[4.46384,46.497432],[4.462928,46.497231],[4.462134,46.497005],[4.461737,46.496412],[4.462238,46.495802],[4.462697,46.495119],[4.463989,46.49356],[4.464193,46.492507],[4.464494,46.492263],[4.464666,46.491855],[4.464504,46.491354],[4.464698,46.49109],[4.466795,46.490449],[4.467476,46.490295],[4.46812,46.490319],[4.469257,46.489313],[4.469376,46.488975],[4.469606,46.488691],[4.470019,46.48837],[4.470194,46.488118],[4.470345,46.487679],[4.470529,46.487424],[4.471371,46.486801],[4.471586,46.486454],[4.469698,46.484043],[4.467509,46.482394],[4.467106,46.482194],[4.466704,46.482216],[4.466017,46.481504],[4.465046,46.481028],[4.462852,46.480168],[4.462472,46.479821],[4.460289,46.478483],[4.460106,46.477671],[4.460202,46.477458],[4.461661,46.475588],[4.462284,46.475277],[4.463231,46.474624],[4.463625,46.474281],[4.46473,46.47351],[4.465653,46.473191],[4.466769,46.472286],[4.467214,46.471724],[4.467841,46.471065],[4.46819,46.470729],[4.468528,46.470208],[4.468603,46.470009],[4.469011,46.469345],[4.469923,46.468789],[4.470792,46.467999],[4.471682,46.467396],[4.472197,46.466831],[4.473517,46.466198],[4.473946,46.466079],[4.474954,46.465456],[4.475684,46.465149],[4.475689,46.464949],[4.476467,46.463611],[4.476672,46.462988],[4.476961,46.462592],[4.477036,46.46109],[4.477353,46.460328],[4.477716,46.459665],[4.477822,46.459326],[4.478227,46.458643],[4.478248,46.458244],[4.478056,46.457758],[4.477707,46.457247],[4.477498,46.456758],[4.477616,46.456192],[4.477519,46.455981],[4.476929,46.455666],[4.476513,46.455344],[4.475969,46.455021],[4.475367,46.4544],[4.475327,46.454131],[4.475362,46.453293],[4.475255,46.453082],[4.475325,46.45291],[4.475209,46.452762],[4.474676,46.452563],[4.474434,46.45231],[4.474096,46.451252],[4.47429,46.450597],[4.474504,46.450327],[4.475394,46.448741],[4.475437,46.447868],[4.47517,46.447261],[4.474579,46.446537],[4.47431,46.446033],[4.474182,46.445264],[4.474418,46.443447],[4.474429,46.442633],[4.474783,46.44151],[4.474698,46.440261],[4.474566,46.439638],[4.474371,46.439363],[4.474413,46.439162],[4.47401,46.438152],[4.473764,46.437855],[4.473571,46.436859],[4.473817,46.435314],[4.474654,46.434597],[4.474236,46.434285],[4.474128,46.434064],[4.47414,46.433769],[4.473807,46.433222],[4.473989,46.432881],[4.473624,46.432786],[4.472809,46.431973],[4.474171,46.430202],[4.474268,46.429221],[4.474547,46.428793],[4.474965,46.428549],[4.476885,46.428066],[4.477637,46.428131],[4.478269,46.428815],[4.478903,46.428932],[4.479868,46.428658],[4.48077,46.428555],[4.481306,46.427911],[4.481864,46.427126],[4.482347,46.426633],[4.482014,46.426145],[4.482003,46.425677],[4.481811,46.425205],[4.481848,46.424865],[4.482915,46.422994],[4.483302,46.4226],[4.483398,46.421589],[4.483227,46.420778],[4.483034,46.420345],[4.482593,46.419775],[4.482594,46.419075],[4.482207,46.418148],[4.480973,46.417032],[4.480479,46.416236],[4.480233,46.415493],[4.480383,46.413601],[4.480396,46.413391],[4.480054,46.413418],[4.47938,46.412983],[4.477819,46.412166],[4.477331,46.411696],[4.476908,46.411211],[4.476618,46.410198],[4.47592,46.409177],[4.475738,46.408608],[4.475448,46.408245],[4.475266,46.407506],[4.474461,46.406256],[4.474365,46.405736],[4.474439,46.405248],[4.474322,46.404591],[4.473861,46.40368],[4.474043,46.403109],[4.474295,46.402736],[4.47444,46.402374],[4.474423,46.40217],[4.474083,46.401861],[4.473614,46.401644],[4.473254,46.401378],[4.472913,46.400804],[4.472294,46.399994],[4.471886,46.399766],[4.471736,46.399515],[4.471548,46.398646],[4.471138,46.397504],[4.470836,46.396911],[4.470835,46.396732],[4.470534,46.396702],[4.469601,46.396354],[4.468512,46.395161],[4.46753,46.39419],[4.466666,46.393708],[4.466248,46.393163],[4.465851,46.392928],[4.465374,46.392571],[4.464682,46.392566],[4.464333,46.392336],[4.463856,46.391851],[4.462858,46.391288],[4.461914,46.390495],[4.461394,46.390252],[4.460911,46.389919],[4.460514,46.389546],[4.460642,46.38875],[4.460556,46.388412],[4.460283,46.388025],[4.460116,46.38763],[4.460514,46.386785],[4.460213,46.38516],[4.459666,46.385247],[4.459124,46.385466],[4.457595,46.386677],[4.456372,46.38786],[4.456362,46.387431],[4.457628,46.385989],[4.458024,46.385523],[4.45796,46.385097],[4.457242,46.383886],[4.456908,46.381238],[4.457305,46.379747],[4.456233,46.376862],[4.455745,46.376775],[4.454892,46.376571],[4.453797,46.376264],[4.453325,46.376083],[4.452563,46.376125],[4.451764,46.376012],[4.451104,46.37618],[4.450225,46.376156],[4.449661,46.376332],[4.448986,46.376366],[4.448508,46.376258],[4.448451,46.376071],[4.447934,46.375669],[4.447811,46.375347],[4.446894,46.374771],[4.446663,46.37458],[4.446824,46.374193],[4.447301,46.373692],[4.448218,46.372829],[4.449436,46.371886],[4.45045,46.370824],[4.450723,46.370404],[4.450975,46.369751],[4.451233,46.369054],[4.451346,46.368478],[4.451389,46.368035],[4.451029,46.366918],[4.45104,46.366032],[4.451276,46.36518],[4.451137,46.364462],[4.450847,46.363704],[4.450343,46.363064],[4.449452,46.362403],[4.448905,46.361786],[4.448465,46.361428],[4.447735,46.361167],[4.447263,46.360951],[4.446802,46.360593],[4.446491,46.360412],[4.445891,46.359678],[4.445707,46.358999],[4.445729,46.358411],[4.445482,46.357429],[4.445429,46.356347],[4.44515,46.355157],[4.443916,46.353073],[4.443691,46.352432],[4.44324,46.351809],[4.442854,46.351504],[4.442929,46.351016],[4.442672,46.349926],[4.442157,46.349676],[4.441792,46.349231],[4.440644,46.348736],[4.43919,46.348383],[4.438839,46.348348],[4.437457,46.348045],[4.436723,46.347986],[4.435752,46.347838],[4.433327,46.347849],[4.432597,46.347933],[4.431556,46.347777],[4.431503,46.347118],[4.431675,46.346571],[4.433101,46.345052],[4.433423,46.344447],[4.434271,46.342996],[4.43456,46.342048],[4.434828,46.340625],[4.434668,46.339993],[4.434914,46.338815],[4.434968,46.338503],[4.434936,46.338072],[4.434979,46.336647],[4.43492,46.335803],[4.434971,46.335461],[4.434904,46.335171],[4.434378,46.334312],[4.434169,46.33363],[4.434303,46.333134],[4.434179,46.332812],[4.434316,46.332496],[4.43441,46.331707],[4.434314,46.331179],[4.434432,46.330615],[4.434282,46.330141],[4.434609,46.329775],[4.434867,46.329356],[4.434926,46.328744],[4.435086,46.328215],[4.434942,46.327671],[4.434491,46.327406],[4.433777,46.327129],[4.432407,46.325918],[4.432195,46.325766],[4.431964,46.325379],[4.431702,46.325141],[4.431648,46.324737],[4.431508,46.324627],[4.431573,46.324328],[4.431793,46.324039],[4.431728,46.323097],[4.431256,46.322837],[4.431062,46.320865],[4.430677,46.320394],[4.430508,46.319888],[4.430285,46.319627],[4.430175,46.319195],[4.430044,46.319119],[4.430022,46.318874],[4.430161,46.31865],[4.430312,46.317347],[4.430457,46.317044],[4.430687,46.316815],[4.432168,46.315777],[4.432173,46.315611],[4.431111,46.314458],[4.430902,46.314037],[4.430897,46.313673],[4.430639,46.312961],[4.430269,46.312379],[4.429743,46.31194],[4.429035,46.311482],[4.429384,46.311536],[4.43028,46.311745],[4.431459,46.312408],[4.431894,46.31277],[4.432214,46.313159],[4.432506,46.313392],[4.433,46.314119],[4.433407,46.314303],[4.434177,46.313981],[4.434652,46.313721],[4.435484,46.313628],[4.436315,46.313383],[4.43727,46.313209],[4.438034,46.313177],[4.438692,46.313219],[4.43948,46.312912],[4.440086,46.312923],[4.440783,46.312809],[4.441765,46.312999],[4.442092,46.313129],[4.442264,46.313349],[4.442409,46.31344],[4.442982,46.313534],[4.443396,46.313496],[4.443879,46.313329],[4.444377,46.312968],[4.444683,46.312492],[4.444804,46.312074],[4.444796,46.311619],[4.444565,46.311089],[4.444511,46.310456],[4.444623,46.310201],[4.444788,46.30993],[4.445279,46.309404],[4.445445,46.309004],[4.44589,46.308422],[4.446129,46.308205],[4.446281,46.308121],[4.44655,46.307678],[4.446759,46.307049],[4.446989,46.306938],[4.447814,46.305953],[4.448659,46.304836],[4.449192,46.304261],[4.449821,46.303367],[4.450232,46.302909],[4.450772,46.302132],[4.451855,46.302486],[4.453669,46.30275],[4.454865,46.303068],[4.456104,46.303356],[4.456855,46.303114],[4.45771,46.302649],[4.458593,46.302059],[4.45958,46.301308],[4.459792,46.300979],[4.459891,46.300717],[4.459735,46.300273],[4.459666,46.299928],[4.459484,46.299547],[4.459259,46.299323],[4.458905,46.299181],[4.458115,46.299028],[4.457938,46.298851],[4.45789,46.298355],[4.45824,46.297823],[4.458389,46.297188],[4.458824,46.29699],[4.459322,46.296505],[4.459865,46.296102],[4.460291,46.295618],[4.460728,46.295223],[4.461924,46.294417],[4.462273,46.294285],[4.462225,46.294106],[4.46239,46.29381],[4.462651,46.293469],[4.462916,46.293247],[4.463829,46.292989],[4.464151,46.292787],[4.464344,46.292467],[4.464752,46.292067],[4.465283,46.29177],[4.466066,46.291489],[4.466519,46.291239],[4.46679,46.290952],[4.466822,46.290688],[4.46606,46.290234],[4.465846,46.28921],[4.465395,46.288879],[4.465546,46.288558],[4.464655,46.287601],[4.464236,46.287272],[4.463775,46.287061],[4.461962,46.28698],[4.462488,46.286602],[4.463046,46.286366],[4.463431,46.285978],[4.463486,46.284845],[4.463829,46.284158],[4.464032,46.284035],[4.46532,46.28377],[4.467294,46.283082],[4.468024,46.282747],[4.469644,46.282275],[4.470127,46.28207],[4.471527,46.280911],[4.472154,46.280493],[4.472208,46.27975],[4.472487,46.279417],[4.472563,46.278659],[4.473056,46.278385],[4.473141,46.278151],[4.472519,46.27726],[4.471768,46.276413],[4.471693,46.276005],[4.471736,46.275488],[4.471521,46.275169],[4.471736,46.274383],[4.472949,46.273388],[4.47268,46.273031],[4.472788,46.272037],[4.472208,46.270933],[4.472278,46.270718],[4.472552,46.270288],[4.472883,46.270134],[4.472519,46.269688],[4.472133,46.269457],[4.471726,46.269071],[4.471597,46.268507],[4.471232,46.267785],[4.471017,46.267271],[4.470518,46.266883],[4.470127,46.26614],[4.469909,46.265936],[4.469878,46.265769],[4.469735,46.265624],[4.469896,46.265302],[4.46985,46.264869],[4.469864,46.26414],[4.470181,46.263355],[4.469826,46.262862],[4.469695,46.262367],[4.469579,46.26152],[4.469322,46.261307],[4.468732,46.26032],[4.468297,46.259981],[4.467122,46.259183],[4.466533,46.258938],[4.466179,46.258727],[4.465706,46.258582],[4.465417,46.258356],[4.46502,46.257384],[4.464751,46.256938],[4.464714,46.256726],[4.464848,46.25592],[4.464698,46.255121],[4.464521,46.254773],[4.463829,46.253979],[4.462713,46.251846],[4.46215,46.251175],[4.461922,46.250989],[4.461425,46.250783],[4.461045,46.250725],[4.460042,46.250801],[4.459677,46.250762],[4.459291,46.250612],[4.458964,46.250237],[4.458653,46.249732],[4.458038,46.249373],[4.457424,46.249103],[4.457885,46.249035],[4.459629,46.249076],[4.460171,46.249058],[4.461629,46.248749],[4.462144,46.248525],[4.463877,46.247505],[4.466014,46.246297],[4.467508,46.245535],[4.469043,46.245008],[4.469901,46.244494],[4.471044,46.243875],[4.47175,46.243613],[4.472466,46.243478],[4.473431,46.242729],[4.472905,46.242249],[4.473774,46.242143],[4.474504,46.241905],[4.47532,46.242249],[4.476617,46.242359],[4.477658,46.241893],[4.478431,46.241637],[4.479182,46.241452],[4.479418,46.24135],[4.479976,46.240524],[4.480062,46.239174],[4.480222,46.238917],[4.481124,46.238283],[4.481531,46.238087],[4.482861,46.237705],[4.484192,46.237104],[4.484868,46.236642],[4.485614,46.236159],[4.486319,46.23543],[4.486595,46.235065],[4.487196,46.234135],[4.487432,46.233582],[4.487722,46.233284],[4.487438,46.233143],[4.487132,46.233054],[4.487116,46.232727],[4.486799,46.231628],[4.486445,46.230991],[4.486391,46.230322],[4.486392,46.229253],[4.486241,46.228978],[4.485823,46.228591],[4.485641,46.228239],[4.485667,46.228062],[4.485887,46.227827],[4.485919,46.227399],[4.485738,46.227092],[4.485115,46.226879],[4.484536,46.226454],[4.484417,46.226009],[4.484053,46.225689],[4.483978,46.225468],[4.483398,46.22502],[4.483173,46.224674],[4.481864,46.223842],[4.481435,46.22353],[4.479675,46.223516],[4.479235,46.216991],[4.477348,46.216871],[4.478292,46.216241],[4.478785,46.215779],[4.479313,46.215522],[4.479895,46.215191],[4.480513,46.214899],[4.481253,46.214245],[4.481789,46.214067],[4.482465,46.21362],[4.483398,46.212379],[4.483529,46.211866],[4.482779,46.211617],[4.482482,46.211682],[4.4822,46.211569],[4.481848,46.210841],[4.481357,46.210213],[4.480133,46.209556],[4.479575,46.209329],[4.478677,46.209072],[4.478567,46.210269],[4.478266,46.209899],[4.477761,46.20947],[4.477298,46.208944],[4.477288,46.208032],[4.477435,46.207498],[4.477309,46.207018],[4.477483,46.206032],[4.477924,46.205453],[4.478171,46.205346],[4.478761,46.205329],[4.479212,46.205206],[4.47953,46.205041],[4.479708,46.204831],[4.479636,46.204266],[4.479072,46.203408],[4.478611,46.203268],[4.478037,46.203191],[4.47778,46.203038],[4.477453,46.202763],[4.477308,46.202518],[4.477327,46.20222],[4.477485,46.201862],[4.478478,46.201105],[4.478439,46.200985],[4.478271,46.200917],[4.477337,46.20099],[4.476751,46.200926],[4.475337,46.200925],[4.474708,46.20093],[4.474325,46.200968],[4.473978,46.200841],[4.474045,46.200625],[4.473828,46.199874],[4.473742,46.199107],[4.473745,46.19846],[4.473962,46.196922],[4.474141,46.196268],[4.474374,46.195963],[4.474671,46.195718],[4.475097,46.195413],[4.474933,46.195145],[4.474713,46.19513],[4.4743,46.194915],[4.473828,46.194515],[4.472562,46.194108],[4.471269,46.193513],[4.47047,46.193066],[4.468979,46.191735],[4.468421,46.191486],[4.467959,46.191098],[4.467637,46.190934],[4.468914,46.190053],[4.469376,46.18959],[4.469923,46.189376],[4.470191,46.189058],[4.470427,46.188523],[4.470427,46.18792],[4.469054,46.186566],[4.468088,46.18509],[4.468314,46.184726],[4.468324,46.184472],[4.468056,46.18414],[4.468083,46.183768],[4.468217,46.1833],[4.467707,46.182739],[4.467713,46.182398],[4.467637,46.182148],[4.467439,46.181889],[4.467128,46.181754],[4.467107,46.181559],[4.466753,46.181259],[4.466441,46.181201],[4.466133,46.180916],[4.465803,46.180705],[4.465958,46.180279],[4.465507,46.180336],[4.464692,46.180047],[4.464478,46.179869],[4.464478,46.179634],[4.464136,46.179409],[4.463638,46.179202],[4.462997,46.178871],[4.462445,46.178864],[4.461233,46.177913],[4.460584,46.177627],[4.460331,46.177389],[4.460202,46.177172],[4.460068,46.176802],[4.459768,46.17657],[4.459808,46.176342],[4.46001,46.176021],[4.460294,46.17588],[4.460294,46.17588],[4.461962,46.175463],[4.464708,46.175195],[4.466125,46.175804],[4.46709,46.176057],[4.467884,46.176503],[4.469021,46.176919],[4.47003,46.176711],[4.471081,46.176384],[4.471553,46.175998],[4.471983,46.175537],[4.472841,46.175047],[4.473098,46.173739],[4.473206,46.172744],[4.473678,46.171793],[4.474085,46.170544],[4.474622,46.169504],[4.474987,46.168345],[4.474879,46.167855],[4.474793,46.167275],[4.474579,46.166889],[4.473678,46.166116],[4.473291,46.165923],[4.472798,46.165195],[4.472133,46.165328],[4.471167,46.165016],[4.470845,46.165581],[4.470416,46.166027],[4.469858,46.166413],[4.469408,46.166993],[4.467863,46.167617],[4.467627,46.167929],[4.467433,46.168434],[4.467391,46.168746],[4.466554,46.169222],[4.46606,46.169207],[4.464644,46.169564],[4.463957,46.169935],[4.463421,46.170351],[4.462369,46.170604],[4.460975,46.170307],[4.460245,46.170024],[4.459773,46.16995],[4.458893,46.169712],[4.457563,46.170173],[4.457155,46.17044],[4.456941,46.170678],[4.45664,46.170752],[4.456345,46.170889],[4.456211,46.170761],[4.455525,46.170492],[4.455195,46.170477],[4.454682,46.170596],[4.452566,46.1707],[4.452252,46.170655],[4.451965,46.170462],[4.4517,46.17035],[4.450289,46.170322],[4.449683,46.170069],[4.448943,46.169893],[4.448551,46.169582],[4.447728,46.1693],[4.447333,46.169197],[4.446727,46.169212],[4.445912,46.16891],[4.445322,46.168842],[4.444876,46.168957],[4.443953,46.168963],[4.443664,46.168915],[4.442999,46.168948],[4.442317,46.168475],[4.441491,46.168137],[4.44103,46.167537],[4.440708,46.167268],[4.439592,46.167394],[4.438637,46.167632],[4.438262,46.167071],[4.437801,46.166168],[4.437768,46.165877],[4.437213,46.164786],[4.436787,46.164095],[4.43632,46.162914],[4.435698,46.161899],[4.435467,46.161362],[4.435,46.160499],[4.434646,46.159635],[4.434327,46.159152],[4.433879,46.158655],[4.433241,46.157734],[4.433198,46.157249],[4.432688,46.156727],[4.43205,46.156182],[4.431739,46.155807],[4.430998,46.155216],[4.430494,46.154922],[4.429727,46.154105],[4.428917,46.153304],[4.428692,46.152971],[4.428306,46.152709],[4.427212,46.151511],[4.426868,46.150538],[4.426278,46.14998],[4.424808,46.148888],[4.425189,46.148453],[4.425516,46.147915],[4.425559,46.147245],[4.425935,46.146757],[4.426139,46.146242],[4.425935,46.145679],[4.425784,46.14501],[4.425473,46.14462],[4.424792,46.144006],[4.424347,46.143437],[4.423531,46.142916],[4.422963,46.142639],[4.422496,46.142653],[4.422115,46.142756],[4.421783,46.142363],[4.421214,46.141988],[4.420441,46.14167],[4.420238,46.141327],[4.419197,46.140762],[4.418612,46.140365],[4.418081,46.140163],[4.417738,46.139743],[4.417333,46.139373],[4.416826,46.138996],[4.416692,46.138716],[4.416836,46.138553],[4.417458,46.138147],[4.417496,46.138021],[4.417303,46.137723],[4.417303,46.136681],[4.417236,46.136332],[4.417255,46.1357],[4.416998,46.135284],[4.416745,46.134827],[4.417424,46.134559],[4.418543,46.134253],[4.421161,46.132832],[4.42263,46.131388],[4.42395,46.12956],[4.424165,46.128974],[4.42542,46.127255],[4.425516,46.126661],[4.427264,46.124572],[4.428241,46.123844],[4.429518,46.121946],[4.430398,46.121233],[4.431053,46.120487],[4.431246,46.119871],[4.431085,46.118981],[4.431202,46.118474],[4.431621,46.117899],[4.431728,46.117378],[4.431527,46.117018],[4.431412,46.116672],[4.43121,46.116394],[4.431009,46.115966],[4.430259,46.115164],[4.430183,46.114279],[4.429958,46.113631],[4.430462,46.112434],[4.430129,46.110858],[4.4297,46.109754],[4.429421,46.109528],[4.429454,46.109287],[4.429357,46.108558],[4.429958,46.107489],[4.430451,46.107095],[4.43087,46.106522],[4.430993,46.10545],[4.430988,46.105003],[4.430967,46.104546],[4.431203,46.104052],[4.431728,46.103546],[4.431905,46.103209],[4.432275,46.102672],[4.432264,46.10239],[4.432125,46.10181],[4.432951,46.101551],[4.433445,46.100635],[4.434013,46.10002],[4.434422,46.098814],[4.435118,46.09779],[4.435424,46.097509],[4.435858,46.096766],[4.436202,46.096203],[4.436261,46.095465],[4.436567,46.094605],[4.437012,46.094229],[4.437086,46.09408],[4.43746,46.09387],[4.437736,46.093649],[4.439351,46.092014],[4.438981,46.091702],[4.43949,46.091202],[4.43997,46.090871],[4.440343,46.09045],[4.440644,46.089692],[4.441213,46.089045],[4.441513,46.088154],[4.442532,46.08664],[4.442735,46.085853],[4.442677,46.085411],[4.442403,46.084976],[4.441963,46.084565],[4.441835,46.084152],[4.441846,46.083599],[4.442146,46.082696],[4.442178,46.081792],[4.442253,46.081282],[4.443251,46.079736],[4.443278,46.079367],[4.443047,46.078045],[4.443037,46.077556],[4.442908,46.077175],[4.443423,46.076328],[4.44397,46.074726],[4.444023,46.073795],[4.444206,46.073334],[4.444195,46.072182],[4.44441,46.069642],[4.444141,46.068942],[4.444431,46.067863],[4.444216,46.066607],[4.44457,46.06613],[4.444495,46.06573],[4.443723,46.06441],[4.442939,46.063657],[4.442709,46.063283],[4.442436,46.062984],[4.442125,46.062467],[4.441491,46.061894],[4.441191,46.061186],[4.441427,46.060689],[4.441202,46.060012],[4.441256,46.059303],[4.441158,46.058552],[4.44088,46.05803],[4.441084,46.057262],[4.440912,46.05689],[4.44059,46.056599],[4.439829,46.056227],[4.439032,46.055571],[4.438418,46.054966],[4.437275,46.0541],[4.436717,46.053741],[4.436063,46.052715],[4.435623,46.052245],[4.435409,46.051656],[4.435425,46.051165],[4.435312,46.050407],[4.435515,46.049857],[4.435376,46.049462],[4.434614,46.048508],[4.434529,46.048106],[4.433863,46.047033],[4.433745,46.04675],[4.432565,46.045841],[4.433187,46.045052],[4.432956,46.044668],[4.432898,46.044336],[4.433048,46.043116],[4.433713,46.042372],[4.433922,46.041809],[4.434368,46.040098],[4.434325,46.039672],[4.434174,46.039066],[4.434088,46.037679],[4.433885,46.037185],[4.433268,46.036754],[4.432662,46.03624],[4.431883,46.035538],[4.431701,46.035575],[4.431235,46.035415],[4.430843,46.035207],[4.429963,46.034898],[4.428563,46.034528],[4.427415,46.034557],[4.426611,46.034373],[4.426139,46.034316],[4.425892,46.034243],[4.425076,46.034118],[4.424229,46.034059],[4.421874,46.034036],[4.421279,46.033961],[4.421067,46.033546],[4.420382,46.032565],[4.420031,46.031942],[4.419636,46.031341],[4.41939,46.030664],[4.419358,46.030161],[4.419691,46.029798],[4.420366,46.029307],[4.421031,46.028369],[4.421557,46.027856],[4.421557,46.027856],[4.422351,46.027408],[4.42293,46.027125],[4.422287,46.02641],[4.421278,46.02565],[4.420441,46.024652],[4.419819,46.024339],[4.418875,46.023549],[4.418553,46.023102],[4.418489,46.02273],[4.418016,46.022163],[4.417931,46.021359],[4.418253,46.020539],[4.418832,46.019928],[4.419733,46.019243],[4.420742,46.018751],[4.421557,46.018721],[4.423595,46.018975],[4.424883,46.01887],[4.425741,46.018572],[4.425741,46.018572],[4.426374,46.018133],[4.426932,46.017842],[4.427147,46.017794],[4.427506,46.017753],[4.427506,46.017753],[4.427898,46.0177],[4.428918,46.017162],[4.42955,46.01668],[4.430172,46.01607],[4.430483,46.015548],[4.430832,46.01532],[4.431205,46.015218],[4.431707,46.015182],[4.432265,46.014977],[4.433402,46.01463],[4.432232,46.01425],[4.431818,46.014],[4.430234,46.013192],[4.429341,46.012827],[4.428048,46.012081],[4.427944,46.011961],[4.427796,46.011863],[4.427651,46.011616],[4.427211,46.011344],[4.426506,46.011202],[4.4258,46.010993],[4.424172,46.010702],[4.423896,46.010538],[4.423582,46.010194],[4.423,46.009723],[4.422706,46.009541],[4.422147,46.008715],[4.421868,46.008351],[4.422008,46.008102],[4.421932,46.007536],[4.421766,46.007345],[4.421611,46.006344],[4.421482,46.006041],[4.421289,46.005812],[4.420581,46.005292],[4.419905,46.004645],[4.419486,46.004117],[4.418875,46.003521],[4.418499,46.002944],[4.418328,46.00236],[4.418285,46.00176],[4.418445,46.001507],[4.418537,46.00122],[4.418735,46.000979],[4.418794,46.000469],[4.41909,46.000167],[4.419294,45.999863],[4.419014,45.998454],[4.419121,45.998111],[4.418682,45.997139],[4.418896,45.996426],[4.418736,45.99542],[4.418156,45.994778],[4.418092,45.99457],[4.418221,45.994153],[4.417572,45.993443],[4.41688,45.992793],[4.416504,45.992312],[4.415775,45.991535],[4.41431,45.990167],[4.413881,45.989944],[4.413803,45.989834],[4.41366,45.989478],[4.412461,45.989139],[4.411456,45.988777],[4.410736,45.988345],[4.410053,45.987794],[4.409715,45.987627],[4.409483,45.987459],[4.40901,45.987184],[4.408664,45.987043],[4.408034,45.986679],[4.407444,45.986526],[4.406843,45.986094],[4.406424,45.985889],[4.405485,45.985675],[4.405448,45.985198],[4.405131,45.984505],[4.405313,45.983958],[4.405346,45.983604],[4.405319,45.982992],[4.405142,45.982709],[4.403629,45.98217],[4.402921,45.981846],[4.402191,45.981344],[4.401505,45.981078],[4.400485,45.980903],[4.401462,45.980079],[4.401762,45.979949],[4.401795,45.979786],[4.401505,45.979452],[4.400689,45.979064],[4.400306,45.978563],[4.400223,45.978225],[4.399971,45.977603],[4.399622,45.977073],[4.399016,45.97643],[4.398683,45.975826],[4.398243,45.975498],[4.397954,45.974834],[4.397589,45.974555],[4.396355,45.972875],[4.396227,45.972753],[4.396055,45.972317],[4.396248,45.971772],[4.396296,45.971373],[4.396173,45.970989],[4.395808,45.970475],[4.395465,45.969894],[4.395089,45.969586],[4.394912,45.968915],[4.394628,45.968475],[4.393598,45.967589],[4.392429,45.967065],[4.391082,45.966656],[4.390755,45.966612],[4.390331,45.966395],[4.389435,45.966103],[4.388786,45.965736],[4.38804,45.965361],[4.387815,45.965178],[4.387418,45.964531],[4.387375,45.964093],[4.387504,45.963187],[4.387257,45.962594],[4.386904,45.962077],[4.386742,45.961413],[4.386216,45.96048],[4.386377,45.959234],[4.387085,45.958275],[4.387933,45.95748],[4.388319,45.956759],[4.388823,45.956281],[4.389424,45.955378],[4.389275,45.954253],[4.389939,45.953117],[4.390025,45.951971],[4.38995,45.95126],[4.3901,45.950407],[4.390079,45.949419],[4.389972,45.948734],[4.389939,45.947607],[4.389666,45.947376],[4.388126,45.946682],[4.387912,45.946383],[4.388084,45.945995],[4.389156,45.945212],[4.390122,45.9443],[4.390325,45.943864],[4.390336,45.943451],[4.390186,45.942877],[4.389778,45.942347],[4.389511,45.941624],[4.389457,45.941396],[4.389532,45.940549],[4.388921,45.939735],[4.388427,45.938906],[4.388255,45.938368],[4.386678,45.936631],[4.386077,45.936088],[4.384108,45.935133],[4.383419,45.93489],[4.382847,45.934535],[4.382236,45.933907],[4.381356,45.932812],[4.381238,45.931945],[4.380648,45.931026],[4.380498,45.930436],[4.379704,45.92935],[4.378546,45.928313],[4.378433,45.927532],[4.378538,45.927275],[4.378331,45.926855],[4.377483,45.926545],[4.377236,45.926163],[4.377063,45.925539],[4.376582,45.925161],[4.376582,45.925161],[4.376789,45.924924],[4.376974,45.924284],[4.377279,45.924214],[4.37729,45.922894],[4.37745,45.922239],[4.377462,45.921438],[4.378105,45.920731],[4.378095,45.920473],[4.378288,45.919801],[4.377784,45.919117],[4.377354,45.918766],[4.376078,45.917295],[4.375219,45.916653],[4.374903,45.916239],[4.374179,45.915436],[4.373728,45.914614],[4.373224,45.913982],[4.372912,45.913521],[4.372521,45.913243],[4.371443,45.912682],[4.370671,45.91211],[4.370853,45.911757],[4.371775,45.911003],[4.37156,45.910674],[4.371668,45.91057],[4.371539,45.910328],[4.371861,45.909998],[4.371931,45.909825],[4.370859,45.910255],[4.369787,45.91073],[4.367749,45.911546],[4.364682,45.912839],[4.364211,45.913072],[4.363638,45.913253],[4.363168,45.913492],[4.362354,45.913791],[4.360467,45.914568],[4.359303,45.914965],[4.357863,45.915619],[4.357109,45.915833],[4.356358,45.915914],[4.35536,45.915865],[4.354169,45.915876],[4.35197,45.915787],[4.351359,45.915856],[4.346756,45.915781],[4.346144,45.91581],[4.346015,45.915592],[4.345576,45.915528],[4.345468,45.915333],[4.344825,45.915458],[4.343967,45.915048],[4.34167,45.914296],[4.340726,45.914348],[4.340302,45.914263],[4.340018,45.914103],[4.339729,45.913779],[4.339589,45.913294],[4.339492,45.912198],[4.339556,45.911617],[4.339385,45.911353],[4.338473,45.910815],[4.337443,45.909645],[4.337057,45.909064],[4.336692,45.908801],[4.336156,45.908525],[4.335598,45.908327],[4.33468,45.907907],[4.334257,45.9078],[4.333763,45.90781],[4.332733,45.907629],[4.331725,45.907478],[4.331242,45.907501],[4.330888,45.907409],[4.330502,45.907182],[4.330419,45.907015],[4.330099,45.90687],[4.329574,45.906712],[4.327323,45.907776],[4.326682,45.908134],[4.325561,45.909209],[4.325024,45.909611],[4.324933,45.909282],[4.324788,45.908968],[4.324847,45.908318],[4.324584,45.907492],[4.32451,45.906983],[4.324316,45.906795],[4.323838,45.906605],[4.323748,45.906475],[4.323818,45.906342],[4.323898,45.906284],[4.323844,45.906013],[4.32363,45.905591],[4.323866,45.905179],[4.323864,45.904996],[4.323421,45.903884],[4.323367,45.903473],[4.323399,45.903309],[4.323699,45.90239],[4.323689,45.901852],[4.32356,45.901165],[4.324171,45.900125],[4.324911,45.899313],[4.326221,45.897534],[4.326575,45.897176],[4.326736,45.896884],[4.327369,45.896622],[4.328302,45.896132],[4.329364,45.895354],[4.330448,45.894356],[4.331071,45.893688],[4.331676,45.893364],[4.332432,45.893029],[4.33387,45.891682],[4.3346,45.891144],[4.335244,45.890838],[4.336644,45.890403],[4.337137,45.890131],[4.337746,45.889625],[4.338011,45.889291],[4.338062,45.88903],[4.33807,45.888754],[4.33814,45.888657],[4.338226,45.888039],[4.338682,45.885992],[4.33872,45.88564],[4.338999,45.885014],[4.33923,45.884741],[4.339428,45.884364],[4.339696,45.882982],[4.339878,45.881398],[4.340222,45.880172],[4.340501,45.879816],[4.341488,45.879121],[4.341772,45.878447],[4.342257,45.877625],[4.342528,45.876989],[4.342834,45.876875],[4.343011,45.876762],[4.344138,45.876295],[4.345222,45.875706],[4.347233,45.87503],[4.348038,45.874526],[4.348215,45.874324],[4.34836,45.872827],[4.348459,45.872447],[4.348826,45.872089],[4.349229,45.87188],[4.349897,45.87129],[4.350269,45.870913],[4.350567,45.870766],[4.351535,45.870477],[4.351836,45.870269],[4.352866,45.869953],[4.355397,45.868962],[4.356385,45.868322],[4.35694,45.868074],[4.357425,45.867927],[4.358486,45.867318],[4.359418,45.86687],[4.361664,45.865682],[4.362133,45.865338],[4.36303,45.864563],[4.363284,45.864243],[4.363332,45.862858],[4.363225,45.862432],[4.362645,45.861131],[4.362417,45.860171],[4.362189,45.859525],[4.361766,45.857813],[4.362377,45.856947],[4.363299,45.856138],[4.363439,45.855847],[4.363536,45.855122],[4.363932,45.854831],[4.365714,45.854412],[4.368342,45.852645],[4.36919,45.852119],[4.370445,45.851521],[4.37243,45.851029],[4.373739,45.850484],[4.375086,45.849695],[4.376099,45.849175],[4.377119,45.850304],[4.37832,45.850422],[4.378857,45.850563],[4.380315,45.850731],[4.380273,45.850469],[4.379951,45.849937],[4.379618,45.849623],[4.378342,45.849103],[4.377623,45.848709],[4.378298,45.848495],[4.379055,45.848159],[4.380061,45.84793],[4.38053,45.847866],[4.381796,45.847874],[4.38288,45.848075],[4.383577,45.848083],[4.384403,45.847824],[4.38465,45.847704],[4.38524,45.847569],[4.385846,45.847579],[4.387038,45.847461],[4.387981,45.847481],[4.389504,45.847378],[4.390441,45.847413],[4.390862,45.847477],[4.390743,45.847314],[4.390379,45.8471],[4.38958,45.846729],[4.389145,45.846423],[4.388732,45.846026],[4.388536,45.845478],[4.388384,45.844742],[4.387981,45.844074],[4.387796,45.843508],[4.387686,45.843346],[4.387976,45.84306],[4.388576,45.842754],[4.389414,45.842532],[4.390342,45.842224],[4.391442,45.84176],[4.392171,45.840908],[4.392653,45.840011],[4.393061,45.839496],[4.394193,45.838709],[4.394982,45.837776],[4.395218,45.837204],[4.395626,45.836864],[4.39717,45.835976],[4.396162,45.834778],[4.396162,45.8341],[4.395851,45.833854],[4.395905,45.833644],[4.397106,45.833119],[4.39819,45.832113],[4.398619,45.831986],[4.399005,45.831732],[4.399247,45.831319],[4.39967,45.831019],[4.400674,45.830635],[4.401274,45.830239],[4.401768,45.829733],[4.401806,45.829399],[4.402572,45.828775],[4.402712,45.828407],[4.402594,45.82803],[4.4023,45.827535],[4.402168,45.827181],[4.401312,45.825809],[4.400824,45.825409],[4.400292,45.825023],[4.399965,45.824458],[4.398609,45.822532],[4.398684,45.822155],[4.398673,45.821838],[4.39885,45.821565],[4.398823,45.821295],[4.399053,45.821175],[4.400196,45.81996],[4.40482,45.817112],[4.404842,45.81673],[4.40585,45.815609],[4.406944,45.81496],[4.407653,45.814331],[4.407845,45.813802],[4.408715,45.813225],[4.40879,45.812717],[4.409176,45.812252],[4.40997,45.811563],[4.410353,45.811103],[4.410587,45.810868],[4.410818,45.810533],[4.410442,45.81033],[4.411086,45.809837],[4.413832,45.80903],[4.414218,45.809015],[4.414368,45.808754],[4.415769,45.807442],[4.416225,45.806908],[4.417073,45.806447],[4.417738,45.806016],[4.419004,45.804832],[4.421547,45.803071],[4.422008,45.803001],[4.422512,45.802738],[4.42256,45.802518],[4.422705,45.802517],[4.422888,45.802677],[4.423225,45.802747],[4.423317,45.802956],[4.423947,45.803179],[4.424519,45.803327],[4.425398,45.803668],[4.425913,45.802499],[4.426514,45.802067],[4.427319,45.80099],[4.427458,45.799799],[4.427276,45.799068],[4.42807,45.798721],[4.428724,45.799583],[4.429539,45.799217],[4.430634,45.798919],[4.431503,45.798392],[4.432029,45.797808],[4.432364,45.797613],[4.432656,45.797573],[4.433321,45.797622],[4.433799,45.79757],[4.43448,45.797202],[4.434512,45.796259],[4.434459,45.796006],[4.434394,45.795754],[4.435953,45.795367],[4.436438,45.79516],[4.43691,45.794704],[4.437465,45.794428],[4.437592,45.794316],[4.437543,45.793309],[4.438165,45.793271],[4.438723,45.793638],[4.439045,45.793743],[4.442688,45.793331],[4.444334,45.793284],[4.444849,45.793384],[4.445364,45.793135],[4.445601,45.793615],[4.44618,45.794113],[4.446867,45.794393],[4.447499,45.79443],[4.449914,45.793876],[4.450439,45.793613],[4.450869,45.793584],[4.451684,45.793473],[4.451888,45.793664],[4.452489,45.794715],[4.452821,45.794972],[4.453293,45.795135],[4.45428,45.795124],[4.455187,45.795024],[4.457316,45.794102],[4.457831,45.793777],[4.45796,45.793549],[4.458551,45.793338],[4.459279,45.79327],[4.460288,45.792846],[4.461372,45.792649],[4.46311,45.793053],[4.463668,45.793007],[4.464912,45.792686],[4.465234,45.792365],[4.465728,45.790661],[4.466157,45.790211],[4.466704,45.78991],[4.467272,45.789895],[4.467686,45.790071],[4.468035,45.790112],[4.470363,45.788534],[4.471511,45.78789],[4.471731,45.787603],[4.472082,45.786345],[4.472326,45.785939],[4.472629,45.785825],[4.473104,45.785494],[4.473807,45.785168],[4.474236,45.784809],[4.474215,45.78368],[4.475647,45.782985],[4.476652,45.782547],[4.477851,45.781938],[4.478388,45.781417],[4.478903,45.781104],[4.47989,45.780372],[4.480909,45.780266],[4.481488,45.780022],[4.481778,45.779743],[4.482658,45.779426],[4.48328,45.779259],[4.4846,45.778294],[4.484584,45.778301],[4.485592,45.777266],[4.485973,45.776719],[4.486391,45.776385],[4.487046,45.776061],[4.487285,45.775878],[4.48753,45.775604],[4.487894,45.775279],[4.488677,45.775238],[4.490447,45.774961],[4.490948,45.774998],[4.491841,45.774983],[4.493896,45.774931],[4.495328,45.775216],[4.495488,45.775266],[4.496238,45.775369],[4.496708,45.775461],[4.496799,45.775522],[4.497179,45.775575],[4.498129,45.775556],[4.498555,45.775506],[4.499026,45.775525],[4.499368,45.775493],[4.499406,45.774621],[4.498853,45.773719],[4.498596,45.773041],[4.498681,45.772635],[4.498649,45.772181],[4.498321,45.77171],[4.49836,45.77132],[4.498831,45.770606],[4.499282,45.769716],[4.49963,45.769506],[4.499754,45.76924],[4.500237,45.769034],[4.500602,45.76866],[4.501031,45.768297],[4.501179,45.768038],[4.50145,45.767805],[4.501745,45.767369],[4.501551,45.767155],[4.50102,45.767024],[4.500039,45.767144],[4.49955,45.767018],[4.499089,45.766688],[4.499159,45.766224],[4.499025,45.765951],[4.499067,45.765228],[4.498804,45.764791],[4.499004,45.764125],[4.498922,45.763458],[4.499191,45.762893],[4.498987,45.762709],[4.498794,45.761911],[4.498891,45.761589],[4.4994,45.761671],[4.499633,45.761794],[4.499845,45.761738],[4.499867,45.761115],[4.500082,45.760532],[4.500189,45.759479],[4.501005,45.758757],[4.501206,45.758293],[4.501364,45.75777],[4.501358,45.757577],[4.500875,45.757472],[4.500736,45.756644],[4.500414,45.75521],[4.501058,45.754894],[4.502838,45.754516],[4.504234,45.754866],[4.505146,45.754898],[4.50535,45.754037],[4.505511,45.753804],[4.50609,45.753802],[4.507527,45.753502],[4.507817,45.753331],[4.508364,45.752868],[4.508665,45.753159],[4.509126,45.753323],[4.509615,45.753301],[4.510124,45.75316],[4.510693,45.752677],[4.511036,45.752599],[4.512194,45.752177],[4.512816,45.752059],[4.514179,45.752075],[4.515134,45.751676],[4.517055,45.751728],[4.518203,45.751691],[4.519265,45.751818],[4.519533,45.751148],[4.519737,45.750823],[4.520217,45.750396],[4.520348,45.750007],[4.521142,45.749908],[4.521861,45.749671],[4.522236,45.749587],[4.522558,45.749424],[4.522483,45.749184],[4.522708,45.749013],[4.524114,45.748661],[4.524297,45.748493],[4.524415,45.748242],[4.525391,45.748646],[4.526421,45.748726],[4.528212,45.748585],[4.529264,45.748222],[4.530804,45.748133],[4.531761,45.748019],[4.532912,45.74792],[4.533899,45.747905],[4.534384,45.747739],[4.536055,45.74743],[4.536849,45.747194],[4.537976,45.747036],[4.538942,45.747138],[4.539553,45.74691],[4.540443,45.746719],[4.540744,45.746422],[4.541098,45.746719],[4.541259,45.746712],[4.541136,45.746548],[4.540868,45.746051],[4.540894,45.745883],[4.541393,45.745746],[4.541677,45.745762],[4.54209,45.745983],[4.542471,45.746338],[4.542798,45.746178],[4.543705,45.746226],[4.544134,45.746098],[4.543469,45.744129],[4.543458,45.743771],[4.543211,45.743695],[4.54289,45.743732],[4.542428,45.743335],[4.541731,45.743133],[4.541216,45.74324],[4.540991,45.743435],[4.540604,45.743412],[4.540615,45.742999],[4.540325,45.742207],[4.539639,45.741691],[4.538523,45.741248],[4.538223,45.740963],[4.537772,45.740702],[4.537654,45.74037],[4.537933,45.739959],[4.537697,45.739727],[4.537868,45.739485],[4.538206,45.739308],[4.538485,45.739064],[4.538681,45.73877],[4.538808,45.738506],[4.539166,45.738302],[4.53951,45.738259],[4.540122,45.738983],[4.540395,45.739158],[4.540937,45.738491],[4.541463,45.73817],[4.541742,45.737788],[4.541806,45.737462],[4.542128,45.736716],[4.542417,45.735925],[4.542578,45.735636],[4.542932,45.735168],[4.543448,45.73465],[4.545277,45.733327],[4.545493,45.733109],[4.545596,45.732978],[4.546698,45.731895],[4.546918,45.73163],[4.54729,45.731283],[4.547329,45.73116],[4.54798,45.730593],[4.548404,45.730457],[4.548844,45.729392],[4.549112,45.728431],[4.549056,45.728187],[4.549053,45.72792],[4.548651,45.726792],[4.548651,45.72646],[4.548833,45.726116],[4.549445,45.725768],[4.549456,45.725484],[4.549262,45.724383],[4.548962,45.723896],[4.548919,45.723498],[4.548662,45.723037],[4.5482,45.722567],[4.547937,45.722481],[4.547353,45.721898],[4.546602,45.72143],[4.545894,45.720203],[4.545964,45.719664],[4.545894,45.719552],[4.545433,45.719459],[4.545116,45.719189],[4.545438,45.718982],[4.545068,45.718563],[4.544987,45.718299],[4.54481,45.718051],[4.544649,45.717565],[4.543892,45.716835],[4.543099,45.71636],[4.542911,45.716061],[4.542862,45.715655],[4.542978,45.715559],[4.543523,45.715524],[4.544617,45.715707],[4.545014,45.715697],[4.545454,45.715774],[4.546554,45.715547],[4.547409,45.7154],[4.548233,45.715148],[4.549279,45.714683],[4.549981,45.714195],[4.550765,45.713844],[4.55147,45.713408],[4.552079,45.713002],[4.552612,45.712318],[4.553184,45.711746],[4.554056,45.711046],[4.554268,45.710814],[4.554584,45.710719],[4.555233,45.709939],[4.555446,45.709763],[4.555681,45.709302],[4.555962,45.709014],[4.556162,45.708659],[4.5564,45.708095],[4.556799,45.707791],[4.558377,45.707005],[4.559745,45.706256],[4.560388,45.705761],[4.561322,45.70512],[4.561767,45.70493],[4.562156,45.704702],[4.562363,45.704519],[4.562572,45.704224],[4.562716,45.703922],[4.563301,45.703285],[4.563597,45.702601],[4.563629,45.702026],[4.563988,45.701643],[4.5642,45.701537],[4.564551,45.701461],[4.564465,45.700984],[4.564557,45.700636],[4.564776,45.70034],[4.564819,45.699818],[4.564679,45.699423],[4.564734,45.698303],[4.564583,45.697548],[4.564358,45.696986],[4.564348,45.696558],[4.564551,45.695419],[4.565399,45.694099],[4.565436,45.693656],[4.565624,45.693271],[4.565694,45.692906],[4.5659,45.692604],[4.566317,45.692295],[4.566616,45.69199],[4.567131,45.691806],[4.5674,45.691596],[4.567454,45.691353],[4.568516,45.690459],[4.569433,45.690194],[4.569851,45.689989],[4.570656,45.688968],[4.571819,45.68867],[4.572705,45.688296],[4.573424,45.687841],[4.575301,45.686745],[4.575854,45.68628],[4.576771,45.68582],[4.577329,45.685658],[4.578,45.685596],[4.578397,45.685432],[4.579164,45.685547],[4.579893,45.685515],[4.582163,45.685008],[4.582509,45.684788],[4.58293,45.684373],[4.583128,45.683957],[4.583445,45.683764],[4.583627,45.683545],[4.583299,45.682308],[4.58287,45.682155],[4.581116,45.681048],[4.580481,45.680417],[4.580287,45.68017],[4.580114,45.680102],[4.579819,45.679476],[4.579781,45.679117],[4.579851,45.678802],[4.579835,45.678338],[4.579872,45.677851],[4.57933,45.676906],[4.578982,45.676669],[4.578681,45.676384],[4.578198,45.676242],[4.577061,45.676025],[4.576025,45.675647],[4.575505,45.675388],[4.575006,45.674859],[4.574743,45.674645],[4.574195,45.674129],[4.574082,45.673991],[4.573604,45.673539],[4.573286,45.673158],[4.573075,45.67307],[4.572788,45.672738],[4.572328,45.672006],[4.572093,45.671822],[4.572345,45.671505],[4.572418,45.671064],[4.57268,45.670389],[4.572711,45.66996],[4.572509,45.669728],[4.57234,45.66969],[4.571665,45.669777],[4.571622,45.669589],[4.571782,45.66941],[4.572346,45.669181],[4.572346,45.669181],[4.572947,45.669128],[4.57314,45.668858],[4.572968,45.668723],[4.572796,45.668378],[4.573097,45.667763],[4.572947,45.666234],[4.573161,45.665934],[4.573033,45.665649],[4.572174,45.665109],[4.57108,45.664989],[4.57035,45.664929],[4.5699,45.664779],[4.569621,45.664464],[4.568956,45.664269],[4.567282,45.664074],[4.566617,45.664074],[4.56505,45.663504],[4.563934,45.663234],[4.563441,45.663009],[4.562904,45.662964],[4.563124,45.661618],[4.563468,45.660816],[4.564251,45.659302],[4.564803,45.658643],[4.564562,45.658688],[4.564937,45.657607],[4.566676,45.6552],[4.566428,45.654263],[4.566783,45.653897],[4.566407,45.653416],[4.566665,45.651885],[4.566611,45.651344],[4.567019,45.650929],[4.568156,45.649899],[4.569969,45.648914],[4.570431,45.648517],[4.571214,45.64801],[4.571681,45.647526],[4.57267,45.646118],[4.573832,45.644619],[4.573843,45.644283],[4.573703,45.643883],[4.573883,45.643705],[4.574138,45.643498],[4.574266,45.642853],[4.574628,45.642957],[4.575221,45.643299],[4.57579,45.64344],[4.577555,45.643223],[4.579485,45.643352],[4.57963,45.643258],[4.579727,45.64259],[4.579899,45.642448],[4.580076,45.642453],[4.580247,45.64228],[4.580446,45.642181],[4.58103,45.642208],[4.582361,45.641959],[4.582758,45.641937],[4.584276,45.641574],[4.585349,45.642105],[4.586159,45.642055],[4.586545,45.642178],[4.586937,45.64252],[4.587415,45.642429],[4.587624,45.64223],[4.588139,45.641045],[4.587977,45.640801],[4.588809,45.640476],[4.589453,45.640506],[4.590279,45.640376],[4.590616,45.64018],[4.59119,45.639901],[4.591263,45.639768],[4.591609,45.639465],[4.59324,45.639832],[4.594131,45.639557],[4.594168,45.639251],[4.594522,45.638947],[4.594551,45.63867],[4.594538,45.63808],[4.593884,45.637595],[4.593476,45.637237],[4.59316,45.637154],[4.592639,45.636868],[4.592237,45.636838],[4.592066,45.636721],[4.591744,45.636567],[4.591935,45.636335],[4.592116,45.636211],[4.592559,45.635776],[4.592774,45.63565],[4.593505,45.635412],[4.594204,45.63508],[4.594559,45.635059],[4.594828,45.635143],[4.595718,45.635239],[4.596196,45.635597],[4.596748,45.635749],[4.596754,45.635273],[4.59655,45.634749],[4.596674,45.633151],[4.597006,45.63179],[4.596888,45.631161],[4.597735,45.630802],[4.598379,45.630394],[4.599431,45.630158],[4.600396,45.629818],[4.600418,45.629577],[4.599989,45.629302],[4.599903,45.628634],[4.599914,45.626132],[4.600406,45.624882],[4.600375,45.624476],[4.599281,45.623484],[4.598271,45.622901],[4.597221,45.622234],[4.596298,45.622238],[4.595514,45.622096],[4.594946,45.621857],[4.593552,45.620555],[4.593294,45.619942],[4.59354,45.619357],[4.593498,45.618941],[4.593605,45.618105],[4.59353,45.617551],[4.593369,45.616728],[4.593294,45.615982],[4.593171,45.615291],[4.593101,45.614481],[4.592956,45.613894],[4.592468,45.612655],[4.592489,45.612335],[4.591277,45.611301],[4.590987,45.610824],[4.590569,45.610367],[4.590241,45.608907],[4.5903,45.608535],[4.589978,45.608212],[4.589978,45.608212],[4.589984,45.607571],[4.589748,45.60634],[4.589319,45.605544],[4.58934,45.604884],[4.589448,45.604133],[4.589576,45.603803],[4.589426,45.602887],[4.589083,45.602076],[4.588997,45.601326],[4.587946,45.601551],[4.58771,45.601701],[4.586615,45.601881],[4.585435,45.601806],[4.585135,45.601566],[4.583697,45.601236],[4.583053,45.601146],[4.581658,45.600875],[4.579856,45.600785],[4.579084,45.60059],[4.578418,45.60068],[4.577989,45.600995],[4.57726,45.601041],[4.576616,45.600755],[4.575693,45.60026],[4.574835,45.60008],[4.573891,45.59996],[4.572968,45.599674],[4.572453,45.599689],[4.570973,45.599374],[4.570871,45.59895],[4.570742,45.598637],[4.571203,45.597893],[4.571,45.596982],[4.57102,45.595931],[4.570817,45.594747],[4.57109,45.594442],[4.571133,45.5942],[4.571047,45.594132],[4.570769,45.594116],[4.570538,45.594048],[4.570023,45.593582],[4.571579,45.592968],[4.572104,45.591797],[4.571653,45.591449],[4.571627,45.591274],[4.572061,45.590784],[4.57223,45.590457],[4.572453,45.590129],[4.572568,45.589798],[4.572754,45.589553],[4.572704,45.589114],[4.572751,45.588709],[4.572631,45.588358],[4.572758,45.587887],[4.572421,45.587175],[4.572158,45.586873],[4.571332,45.586274],[4.570795,45.586036],[4.569959,45.585625],[4.569803,45.58534],[4.569304,45.584796],[4.569304,45.584541],[4.56902,45.584361],[4.568663,45.583969],[4.568548,45.583713],[4.56841,45.58364],[4.568089,45.583613],[4.567807,45.583702],[4.567555,45.583704],[4.566917,45.58347],[4.566668,45.583204],[4.566214,45.582901],[4.5652,45.582288],[4.564744,45.582138],[4.564476,45.581844],[4.563983,45.581585],[4.563988,45.581367],[4.563884,45.581262],[4.562923,45.58091],[4.561982,45.580475],[4.561386,45.580372],[4.560818,45.580344],[4.560673,45.580422],[4.560271,45.580354],[4.55988,45.580211],[4.559441,45.580106],[4.558637,45.579874],[4.558171,45.579847],[4.557502,45.579663],[4.556853,45.579528],[4.555743,45.579186],[4.55533,45.579165],[4.555034,45.579073],[4.5546,45.579017],[4.554444,45.578968],[4.554053,45.578731],[4.55357,45.578585],[4.553254,45.578541],[4.552422,45.578468],[4.552049,45.578514],[4.551301,45.578545],[4.549703,45.578911],[4.548351,45.578968],[4.547836,45.578958],[4.546521,45.57903],[4.545894,45.579042],[4.544966,45.578873],[4.543914,45.578328],[4.542278,45.576767],[4.542136,45.576565],[4.541608,45.5761],[4.54106,45.575877],[4.540352,45.575753],[4.539548,45.575464],[4.538794,45.575084],[4.538342,45.574807],[4.53797,45.574643],[4.537544,45.574339],[4.536785,45.573741],[4.535819,45.573284],[4.535369,45.573238],[4.53451,45.572849],[4.533647,45.572693],[4.532665,45.57285],[4.530793,45.572885],[4.529425,45.572789],[4.528744,45.572609],[4.528109,45.572742],[4.527389,45.573041],[4.526142,45.573444],[4.525557,45.573346],[4.525276,45.573241],[4.524758,45.573143],[4.524178,45.572468],[4.521904,45.571646],[4.521303,45.571606],[4.519919,45.571841],[4.518508,45.572165],[4.518041,45.572121],[4.516496,45.571034],[4.515135,45.57042],[4.514104,45.570186],[4.513133,45.570287],[4.512248,45.570267],[4.510435,45.569839],[4.50889,45.569682],[4.507603,45.569283],[4.50654,45.569248],[4.504823,45.568863],[4.5033,45.568707],[4.502769,45.568741],[4.502206,45.568625],[4.500822,45.567803],[4.499534,45.566595],[4.498308,45.565064],[4.498066,45.564674],[4.497394,45.564037],[4.495029,45.561072],[4.494781,45.560435],[4.494864,45.560067],[4.494862,45.559452],[4.495071,45.558822],[4.495474,45.558355],[4.495941,45.557709],[4.495983,45.556324],[4.495765,45.555816],[4.495462,45.555262],[4.495049,45.554161],[4.494663,45.553841],[4.49439,45.552454],[4.494202,45.551848],[4.494395,45.551089],[4.495184,45.550427],[4.496123,45.549518],[4.496401,45.549091],[4.496573,45.548223],[4.496606,45.547287],[4.49653,45.546844],[4.496702,45.546469],[4.496568,45.546177],[4.496541,45.544834],[4.496176,45.544153],[4.495409,45.543324],[4.495135,45.542991],[4.494084,45.54211],[4.492872,45.540839],[4.492571,45.540349],[4.491871,45.539559],[4.490613,45.538244],[4.490257,45.537664],[4.489793,45.537048],[4.489251,45.536682],[4.488613,45.536422],[4.488172,45.535952],[4.48703,45.53518],[4.486767,45.534837],[4.48622,45.534484],[4.486199,45.534294],[4.486585,45.533596],[4.486966,45.533356],[4.487582,45.533101],[4.488205,45.532695],[4.48843,45.532357],[4.488816,45.531438],[4.488838,45.530943],[4.488768,45.530508],[4.488838,45.529674],[4.489353,45.528606],[4.489331,45.527817],[4.489256,45.526803],[4.488602,45.525052],[4.488591,45.524782],[4.488912,45.524158],[4.48865,45.523488],[4.488548,45.522766],[4.488044,45.521968],[4.488033,45.521625],[4.488275,45.520849],[4.488449,45.520454],[4.48873,45.519638],[4.489106,45.519254],[4.489396,45.518729],[4.489803,45.518326],[4.489867,45.517024],[4.489948,45.516689],[4.490093,45.516354],[4.491059,45.516354],[4.491837,45.516192],[4.49269,45.516144],[4.493923,45.516398],[4.495178,45.516842],[4.495634,45.517076],[4.49624,45.517246],[4.497018,45.517138],[4.49741,45.517139],[4.498075,45.517244],[4.499234,45.517575],[4.499529,45.517728],[4.499781,45.517948],[4.499995,45.51846],[4.500291,45.518699],[4.500618,45.518914],[4.501482,45.519309],[4.501686,45.519489],[4.50182,45.520125],[4.501986,45.52021],[4.502313,45.519646],[4.50228,45.519195],[4.501787,45.518726],[4.501589,45.518491],[4.501477,45.518227],[4.501594,45.516911],[4.501814,45.516156],[4.501863,45.515731],[4.502082,45.515408],[4.502536,45.514971],[4.502548,45.514911],[4.502796,45.514626],[4.504094,45.513903],[4.504716,45.513341],[4.504821,45.513198],[4.505027,45.51305],[4.505135,45.512815],[4.505371,45.512572],[4.505564,45.512081],[4.505869,45.511895],[4.506119,45.511634],[4.506175,45.511479],[4.506717,45.511286],[4.507753,45.510784],[4.508444,45.510061],[4.508552,45.50979],[4.508509,45.509023],[4.508579,45.508617],[4.508541,45.508305],[4.50862,45.508078],[4.508699,45.507767],[4.508808,45.507617],[4.508959,45.507309],[4.509174,45.507298],[4.50926,45.506316],[4.509174,45.505519],[4.509453,45.504843],[4.509324,45.504512],[4.50941,45.504121],[4.509616,45.503884],[4.509748,45.503812],[4.511186,45.502914],[4.512382,45.501797],[4.513079,45.501158],[4.514152,45.500256],[4.514753,45.499887],[4.515064,45.499767],[4.51575,45.499203],[4.514651,45.496134],[4.514393,45.494924],[4.514447,45.49442],[4.514952,45.493488],[4.51581,45.491705],[4.51626,45.490375],[4.51655,45.490105],[4.516261,45.48996],[4.516175,45.489379],[4.515885,45.489146],[4.514914,45.488945],[4.514613,45.488704],[4.514399,45.488876],[4.513916,45.488764],[4.512479,45.488696],[4.511127,45.488448],[4.509377,45.488192],[4.508412,45.48826],[4.508037,45.48744],[4.50838,45.487004],[4.508531,45.486658],[4.508831,45.486267],[4.508874,45.486011],[4.508788,45.485853],[4.50881,45.48568],[4.508466,45.485718],[4.508251,45.48568],[4.508037,45.485108],[4.508294,45.484747],[4.50853,45.483943],[4.508766,45.483349],[4.509346,45.482641],[4.509657,45.482122],[4.510118,45.481513],[4.510322,45.481062],[4.511084,45.481167],[4.512296,45.480836],[4.513272,45.480159],[4.51117,45.479301],[4.510826,45.479256],[4.511127,45.478775],[4.51044,45.478549],[4.510246,45.478165],[4.509528,45.477902],[4.509625,45.477601],[4.509378,45.477541],[4.50941,45.477375],[4.508701,45.477218],[4.508916,45.476691],[4.509217,45.476428],[4.510022,45.47621],[4.510783,45.476518],[4.510987,45.476142],[4.511384,45.474878],[4.513237,45.474188],[4.516282,45.473152],[4.516142,45.472117],[4.516424,45.47189],[4.516888,45.471723],[4.515609,45.470497],[4.514501,45.469242],[4.516711,45.467086],[4.517457,45.466565],[4.518353,45.465683],[4.518938,45.46478],[4.519308,45.464314],[4.520069,45.46391],[4.520391,45.463397],[4.521132,45.46278],[4.521357,45.461499],[4.521228,45.461304],[4.521475,45.460786],[4.521544,45.46022],[4.521754,45.459767],[4.521791,45.458501],[4.521979,45.457415],[4.521952,45.456974],[4.521861,45.456623],[4.52185,45.45605],[4.521947,45.455418],[4.522376,45.454666],[4.522698,45.4536],[4.522939,45.452045],[4.522944,45.451559],[4.52274,45.450791],[4.523266,45.449994],[4.523095,45.448788],[4.523567,45.448153],[4.524082,45.447601],[4.524957,45.44725],[4.525842,45.446688],[4.526708,45.446073],[4.526941,45.445775],[4.527955,45.445034],[4.528051,45.44474],[4.528491,45.44437],[4.528588,45.443601],[4.528384,45.442694],[4.528546,45.442286],[4.528728,45.440872],[4.529189,45.440124],[4.529487,45.439616],[4.530042,45.438972],[4.53083,45.43782],[4.53127,45.437595],[4.532462,45.437204],[4.533406,45.436571],[4.534199,45.436142],[4.53523,45.435321],[4.53583,45.434675],[4.536398,45.434269],[4.536881,45.43362],[4.537139,45.432984],[4.537483,45.432603],[4.539591,45.43129],[4.540886,45.43102],[4.541121,45.430994],[4.541602,45.430855],[4.541919,45.430544],[4.542238,45.430306],[4.542589,45.429951],[4.54342,45.429596],[4.544006,45.429162],[4.544301,45.428673],[4.544397,45.428176],[4.5447,45.427126],[4.545175,45.426189],[4.545645,45.425362],[4.545974,45.424408],[4.546218,45.423996],[4.546623,45.422831],[4.546572,45.422511],[4.546328,45.42216],[4.546066,45.421331],[4.546076,45.42091],[4.547149,45.419564],[4.547836,45.418402],[4.548093,45.41704],[4.548072,45.41637],[4.548458,45.415878],[4.549005,45.415344],[4.549681,45.415005],[4.549692,45.414825],[4.550389,45.414141],[4.551108,45.413395],[4.55203,45.412877],[4.553484,45.412857],[4.553787,45.412741],[4.554085,45.412719],[4.554702,45.412852],[4.555034,45.412985],[4.555678,45.413041],[4.557111,45.412968],[4.557561,45.412789],[4.557942,45.412497],[4.558106,45.412205],[4.559008,45.411481],[4.559278,45.411171],[4.559479,45.41076],[4.559738,45.410346],[4.55989,45.410037],[4.560182,45.409776],[4.561143,45.409269],[4.56129,45.409139],[4.561847,45.40913],[4.562523,45.408943],[4.562759,45.408619],[4.562888,45.407829],[4.563194,45.407467],[4.5638,45.406887],[4.563832,45.406593],[4.564283,45.406155],[4.564787,45.405148],[4.565174,45.404621],[4.565638,45.404465],[4.565753,45.40429],[4.566032,45.404086],[4.566131,45.403842],[4.566155,45.403621],[4.565817,45.403007],[4.564948,45.402247],[4.564509,45.401946],[4.563574,45.400957],[4.563478,45.40013],[4.563521,45.399625],[4.563918,45.398744],[4.564068,45.39781],[4.564304,45.397018],[4.563883,45.396569],[4.563814,45.3961],[4.567002,45.394924],[4.567389,45.394441],[4.569172,45.392919],[4.570161,45.39258],[4.570391,45.393452],[4.570322,45.394873],[4.570552,45.395454],[4.571391,45.395376],[4.571589,45.394882],[4.571777,45.394125],[4.572211,45.393568],[4.574008,45.390705],[4.574126,45.390011],[4.574062,45.389582],[4.57432,45.389148],[4.574663,45.388286],[4.574679,45.387756],[4.574759,45.387543],[4.575232,45.386712],[4.575554,45.38639],[4.57602,45.385302],[4.576122,45.384549],[4.576149,45.383863],[4.576326,45.382883],[4.574711,45.382608],[4.573719,45.38262],[4.573569,45.382488],[4.573129,45.382529],[4.572517,45.382476],[4.57219,45.382329],[4.571627,45.382303],[4.570902,45.381994],[4.570189,45.381531],[4.569684,45.381292],[4.569196,45.380966],[4.568848,45.380879],[4.568424,45.380573],[4.567994,45.380453],[4.56766,45.380168],[4.567539,45.380138],[4.567576,45.379745],[4.567394,45.379208],[4.567171,45.378874],[4.56653,45.378223],[4.565777,45.377592],[4.565453,45.377278],[4.56423,45.376442],[4.564031,45.376053],[4.563779,45.375144],[4.563221,45.374586],[4.562727,45.373953],[4.562374,45.373607],[4.560753,45.372624],[4.559584,45.372153],[4.558586,45.372055],[4.557824,45.37164],[4.556344,45.371151],[4.55556,45.371148],[4.553994,45.371556],[4.552642,45.37151],[4.551864,45.371623],[4.549241,45.372202],[4.548308,45.372044],[4.547503,45.371683],[4.546065,45.370937],[4.54533,45.370445],[4.544818,45.370254],[4.544256,45.37018],[4.543813,45.370045],[4.543415,45.370136],[4.541908,45.370033],[4.541229,45.369932],[4.540626,45.369877],[4.540301,45.369976],[4.539955,45.370038],[4.538788,45.369996],[4.538361,45.369939],[4.537386,45.369946],[4.536849,45.370044],[4.536318,45.370106],[4.535607,45.370224],[4.535014,45.370191],[4.534432,45.36999],[4.534044,45.369907],[4.533016,45.369496],[4.532407,45.369285],[4.531825,45.369228],[4.530761,45.36905],[4.530498,45.369068],[4.528234,45.368404],[4.527937,45.367735],[4.526419,45.368139],[4.52435,45.368091],[4.52297,45.368155],[4.520647,45.3678],[4.519635,45.367638],[4.518807,45.367638],[4.518209,45.367509],[4.518267,45.367207],[4.518557,45.366626],[4.51934,45.365963],[4.520048,45.365477],[4.522086,45.364471],[4.523728,45.364086],[4.524098,45.363837],[4.524329,45.363249],[4.524104,45.362866],[4.524007,45.361816],[4.523664,45.361198],[4.523331,45.360695],[4.523191,45.36],[4.524136,45.359192],[4.524458,45.358184],[4.52508,45.357745],[4.525852,45.356986],[4.526238,45.35676],[4.526464,45.356533],[4.527209,45.356273],[4.527386,45.356058],[4.527387,45.355499],[4.52789,45.355011],[4.527773,45.354679],[4.527338,45.354053],[4.52623,45.352756],[4.525766,45.352108],[4.525638,45.351453],[4.525777,45.349813],[4.525906,45.349249],[4.526099,45.3487],[4.526152,45.348153],[4.526249,45.347546],[4.525787,45.347012],[4.5256,45.346562],[4.525477,45.345871],[4.525133,45.345585],[4.523696,45.344906],[4.522408,45.344742],[4.520971,45.3438],[4.520241,45.343609],[4.51904,45.343414],[4.518514,45.343082],[4.518052,45.342567],[4.517494,45.34235],[4.516475,45.342194],[4.515585,45.341904],[4.51492,45.341625],[4.51434,45.341523],[4.513948,45.341302],[4.513495,45.341173],[4.513052,45.340946],[4.512924,45.340675],[4.511229,45.340282],[4.508386,45.33987],[4.507603,45.339615],[4.506562,45.339687],[4.505628,45.34005],[4.504952,45.340195],[4.505199,45.340405],[4.504255,45.340336],[4.503761,45.340419],[4.502452,45.340313],[4.501529,45.339878],[4.500253,45.338776],[4.499126,45.338322],[4.498064,45.337585],[4.497099,45.337486],[4.496616,45.337117],[4.496412,45.336808],[4.496369,45.336062],[4.495897,45.335457],[4.495661,45.335045],[4.495082,45.334667],[4.494213,45.334394],[4.493242,45.333788],[4.492464,45.333272],[4.490726,45.332955],[4.490265,45.332675],[4.489997,45.332215],[4.489471,45.331589],[4.489954,45.331053],[4.490136,45.330571],[4.49002,45.329989],[4.489787,45.329452],[4.489685,45.329026],[4.488795,45.328511],[4.488483,45.328201],[4.488049,45.328058],[4.4871,45.327968],[4.48593,45.327522],[4.484364,45.327538],[4.48372,45.327667],[4.482572,45.3275],[4.481424,45.326713],[4.481349,45.326499],[4.48151,45.325886],[4.48225,45.324451],[4.483564,45.323336],[4.484106,45.32296],[4.484369,45.322463],[4.484396,45.322009],[4.484144,45.321713],[4.484074,45.321548],[4.483723,45.32135],[4.483575,45.321197],[4.48358,45.320632],[4.483344,45.319926],[4.483098,45.31959],[4.482971,45.31938],[4.482899,45.319177],[4.482609,45.318858],[4.482532,45.318532],[4.482326,45.318292],[4.482228,45.31812],[4.481837,45.317969],[4.480952,45.317097],[4.48085,45.316532],[4.480131,45.316049],[4.479841,45.315815],[4.479423,45.315619],[4.479005,45.315264],[4.478351,45.314288],[4.477681,45.312165],[4.477436,45.311483],[4.477292,45.310929],[4.477261,45.310556],[4.477401,45.309919],[4.477401,45.309589],[4.477541,45.309252],[4.477509,45.309047],[4.477187,45.308535],[4.4768,45.308159],[4.477068,45.30772],[4.476698,45.307493],[4.476113,45.307251],[4.476344,45.307024],[4.476425,45.306873],[4.476779,45.306684],[4.478013,45.304973],[4.478699,45.304353],[4.478774,45.30274],[4.478538,45.301582],[4.478753,45.300587],[4.479718,45.29935],[4.480662,45.298504],[4.48064,45.298014],[4.480447,45.297751],[4.47974,45.297344],[4.479326,45.297027],[4.478441,45.296528],[4.477551,45.296383],[4.476585,45.296559],[4.475588,45.296936],[4.474547,45.297058],[4.473871,45.297337],[4.473753,45.297223],[4.474075,45.29667],[4.47401,45.296262],[4.473881,45.295744],[4.473335,45.294912],[4.473302,45.294538],[4.473506,45.294224],[4.474874,45.293489],[4.475199,45.293235],[4.476103,45.292709],[4.476724,45.292068],[4.47791,45.291192],[4.478165,45.29111],[4.478269,45.291011],[4.47753,45.290436],[4.477003,45.290105],[4.476532,45.289532],[4.475963,45.28941],[4.474225,45.28861],[4.473807,45.2883],[4.473474,45.287403],[4.472874,45.286647],[4.472321,45.286225],[4.471028,45.285667],[4.469183,45.285039],[4.467455,45.285153],[4.465599,45.285313],[4.464907,45.285069],[4.464776,45.284541],[4.464762,45.283846],[4.464859,45.283092],[4.464569,45.282335],[4.464398,45.28173],[4.464402,45.28125],[4.464827,45.280138],[4.46491,45.279614],[4.464886,45.279045],[4.465417,45.277884],[4.465505,45.277291],[4.465449,45.276789],[4.465176,45.276322],[4.464767,45.275974],[4.464285,45.275936],[4.463992,45.275397],[4.463904,45.274907],[4.463987,45.274649],[4.463973,45.274453],[4.464169,45.274052],[4.46429,45.273564],[4.464199,45.273369],[4.464376,45.273059],[4.463636,45.272282],[4.463271,45.272125],[4.463271,45.271921],[4.463491,45.271638],[4.463754,45.270924],[4.463496,45.270264],[4.463689,45.270039],[4.463657,45.269882],[4.463024,45.269367],[4.462944,45.269064],[4.462786,45.268301],[4.462456,45.267025],[4.461919,45.265953],[4.461876,45.265757],[4.461292,45.265393],[4.460385,45.265029],[4.459795,45.264844],[4.458062,45.26455],[4.457156,45.264323],[4.456351,45.263967],[4.455707,45.263483],[4.454892,45.262449],[4.454785,45.262155],[4.454746,45.261307],[4.454881,45.26104],[4.45442,45.260116],[4.454076,45.259963],[4.453604,45.259658],[4.454892,45.258689],[4.455728,45.257894],[4.455868,45.257309],[4.456233,45.256569],[4.456308,45.255715],[4.456512,45.255592],[4.456683,45.255356],[4.457274,45.255321],[4.45714,45.2551],[4.456888,45.254922],[4.456507,45.254787],[4.456447,45.254566],[4.457295,45.25428],[4.4576,45.254327],[4.457901,45.254463],[4.457906,45.254283],[4.45759,45.253867],[4.457059,45.253596],[4.456818,45.253579],[4.45641,45.253654],[4.456681,45.253475],[4.456672,45.253349],[4.457118,45.253243],[4.457627,45.253303],[4.458572,45.253124],[4.45877,45.252981],[4.460095,45.252399],[4.460524,45.251687],[4.46127,45.250931],[4.461211,45.250654],[4.461608,45.250064],[4.461758,45.249673],[4.461759,45.249301],[4.46154,45.248945],[4.461128,45.248709],[4.460932,45.248477],[4.460983,45.24823],[4.461199,45.248056],[4.461393,45.24798],[4.461983,45.247967],[4.462772,45.248066],[4.463716,45.248272],[4.464062,45.248271],[4.464349,45.248214],[4.464717,45.248087],[4.465095,45.248028],[4.465428,45.248032],[4.465792,45.248105],[4.466222,45.248279],[4.466656,45.248623],[4.4669,45.248688],[4.467664,45.249009],[4.468016,45.249071],[4.46848,45.249065],[4.468856,45.248964],[4.469194,45.248824],[4.46937,45.248629],[4.469472,45.247877],[4.469623,45.247405],[4.469585,45.246907],[4.469623,45.246349],[4.469917,45.245873],[4.470033,45.24546],[4.470105,45.244814],[4.470256,45.244026],[4.470154,45.24347],[4.470148,45.242955],[4.470261,45.242489],[4.470406,45.242279],[4.470314,45.241714],[4.470403,45.241511],[4.470878,45.240878],[4.471494,45.240186],[4.471559,45.239998],[4.473694,45.239322],[4.474271,45.239048],[4.474944,45.238811],[4.475523,45.238499],[4.475813,45.238449],[4.475883,45.238159],[4.475877,45.237896],[4.476625,45.237442],[4.477342,45.236951],[4.477985,45.236397],[4.478849,45.235668],[4.479525,45.234827],[4.479922,45.234433],[4.4804,45.234081],[4.480882,45.233833],[4.48152,45.233643],[4.482137,45.233561],[4.482942,45.233346],[4.48343,45.233121],[4.48358,45.233013],[4.483758,45.232546],[4.484225,45.232004],[4.486767,45.230892],[4.486907,45.229931],[4.486778,45.229343],[4.486928,45.228955],[4.487261,45.228493],[4.487301,45.227936],[4.487615,45.227197],[4.488575,45.225939],[4.488991,45.225641],[4.489095,45.225525],[4.489004,45.224945],[4.488725,45.224628],[4.488516,45.224552],[4.488082,45.224347],[4.487583,45.224263],[4.487336,45.224106],[4.487078,45.223987],[4.486541,45.22393],[4.485732,45.224054],[4.484621,45.224185],[4.484278,45.22416],[4.484099,45.223791],[4.484005,45.223225],[4.48371,45.222359],[4.483474,45.221911],[4.483108,45.220878],[4.483044,45.219899],[4.483077,45.218422],[4.482851,45.217771],[4.482186,45.216887],[4.481886,45.216377],[4.481564,45.216064],[4.48143,45.216048],[4.48143,45.216048],[4.48011,45.215125],[4.478544,45.214551],[4.477932,45.213811],[4.47731,45.213191],[4.477191,45.212745],[4.476891,45.212404],[4.476623,45.211883],[4.476607,45.209986],[4.476698,45.208791],[4.476894,45.208657],[4.477068,45.208402],[4.477653,45.206675],[4.478458,45.205171],[4.478865,45.203901],[4.478425,45.203122],[4.478179,45.202239],[4.477911,45.201652],[4.477629,45.201324],[4.476939,45.200807],[4.476129,45.200079],[4.476084,45.199975],[4.47563,45.199577],[4.475496,45.199187],[4.474204,45.197724],[4.473708,45.197345],[4.473308,45.196946],[4.472777,45.196572],[4.472476,45.196194],[4.471905,45.195328],[4.471437,45.194721],[4.471114,45.194451],[4.470921,45.194157],[4.47084,45.193793],[4.470969,45.193314],[4.471427,45.192824],[4.472074,45.192001],[4.472117,45.191767],[4.472031,45.19164],[4.471559,45.191475],[4.470928,45.191361],[4.470678,45.191349],[4.470427,45.191284],[4.469697,45.191005],[4.469182,45.190757],[4.46889,45.190549],[4.468104,45.189948],[4.467289,45.188948],[4.467,45.188644],[4.466624,45.18813],[4.466388,45.187699],[4.465916,45.1872],[4.465647,45.186989],[4.465336,45.186519],[4.464998,45.186119],[4.464717,45.18551],[4.464451,45.185086],[4.464215,45.184281],[4.463751,45.183654],[4.463507,45.183132],[4.463006,45.183241],[4.46259,45.183396],[4.461989,45.183525],[4.461978,45.183305],[4.462439,45.182723],[4.462987,45.18227],[4.463803,45.181513],[4.464532,45.181317],[4.464682,45.181143],[4.464671,45.180931],[4.464006,45.18053],[4.463208,45.180017],[4.462805,45.179191],[4.462751,45.178897],[4.462096,45.178314],[4.461731,45.177883],[4.460337,45.177165],[4.459994,45.17681],[4.459607,45.176015],[4.459456,45.175811],[4.459231,45.175062],[4.458771,45.174132],[4.458598,45.173463],[4.458639,45.173064],[4.458781,45.17263],[4.459071,45.172219],[4.459039,45.172041],[4.45841,45.171692],[4.458317,45.171369],[4.4584,45.170834],[4.458304,45.170475],[4.458099,45.16919],[4.45789,45.168588],[4.457386,45.167854],[4.45663,45.167155],[4.456056,45.166802],[4.455026,45.166523],[4.454017,45.166069],[4.45302,45.166008],[4.452344,45.165804],[4.451271,45.165298],[4.450911,45.164954],[4.449759,45.164594],[4.449304,45.164082],[4.448767,45.163268],[4.448377,45.162488],[4.447988,45.161848],[4.447505,45.161227],[4.447162,45.160758],[4.447355,45.160077],[4.44787,45.159109],[4.447451,45.156854],[4.44656,45.155197],[4.445199,45.153102],[4.444909,45.152285],[4.444802,45.150787],[4.444533,45.149342],[4.444329,45.149062],[4.443653,45.148691],[4.442291,45.148123],[4.441261,45.14751],[4.440617,45.146942],[4.440091,45.146815],[4.439544,45.146792],[4.438879,45.146414],[4.438589,45.146004],[4.438262,45.145354],[4.436798,45.143931],[4.436454,45.142743],[4.436143,45.142614],[4.435859,45.142297],[4.435156,45.142047],[4.435285,45.141888],[4.434716,45.141131],[4.434126,45.140601],[4.433558,45.139724],[4.43286,45.138294],[4.43257,45.136583],[4.432474,45.136473],[4.432464,45.135909],[4.432316,45.13569],[4.431685,45.134978],[4.431154,45.13424],[4.431015,45.133986],[4.429657,45.133653],[4.428837,45.133533],[4.427967,45.134108],[4.427335,45.13429],[4.4255,45.134653],[4.423515,45.1332],[4.422733,45.132905],[4.421509,45.132783],[4.420602,45.13284],[4.419119,45.132839],[4.417743,45.133049],[4.413902,45.133798],[4.413108,45.133714],[4.412798,45.13354],[4.412684,45.133169],[4.412306,45.132685],[4.412057,45.131716],[4.412014,45.130596],[4.412025,45.129699],[4.411821,45.129408],[4.411048,45.129021],[4.409654,45.128681],[4.408978,45.128545],[4.408055,45.128597],[4.407389,45.128847],[4.407037,45.128749],[4.406735,45.126796],[4.406392,45.126213],[4.405561,45.125491],[4.40327,45.122444],[4.402331,45.121175],[4.401202,45.119258],[4.40091,45.118886],[4.400274,45.117408],[4.400453,45.117018],[4.400339,45.116284],[4.400356,45.114952],[4.400063,45.114505],[4.399738,45.113656],[4.400063,45.112944],[4.400523,45.112474],[4.40151,45.112275],[4.402723,45.1117],[4.403903,45.11142],[4.404933,45.111329],[4.405566,45.111178],[4.405633,45.110824],[4.406044,45.109902],[4.406357,45.109359],[4.407133,45.106801],[4.406971,45.105749],[4.406832,45.105298],[4.406059,45.103969],[4.405641,45.103311],[4.405287,45.102554],[4.404563,45.101618],[4.403427,45.099338],[4.402871,45.098375],[4.402509,45.097601],[4.401842,45.096759],[4.401252,45.096352],[4.400517,45.09596],[4.399525,45.09537],[4.395035,45.092959],[4.390116,45.090352],[4.387337,45.089647],[4.385675,45.089102],[4.385127,45.088678],[4.384376,45.08761],[4.383873,45.086292],[4.383604,45.085511],[4.383583,45.084882],[4.384377,45.08327],[4.384623,45.082588],[4.384816,45.080603],[4.385063,45.080594],[4.385277,45.080102],[4.38649,45.078693],[4.387037,45.077739],[4.388228,45.075232],[4.389119,45.07333],[4.390235,45.070852],[4.390374,45.070306],[4.390363,45.069685],[4.390116,45.068563],[4.390009,45.067935],[4.390674,45.067851],[4.392426,45.067305],[4.393169,45.067033],[4.394462,45.066654],[4.395224,45.066616],[4.395267,45.065938],[4.395202,45.06532],[4.395411,45.064934],[4.395566,45.064407],[4.395288,45.063456],[4.395266,45.062755],[4.395341,45.061971],[4.395203,45.06169],[4.394022,45.060227],[4.393791,45.059671],[4.393695,45.059368],[4.394257,45.058841],[4.394644,45.058637],[4.395513,45.05825],[4.398319,45.056235],[4.399019,45.055658],[4.400883,45.054682],[4.399247,45.054559],[4.39753,45.053771],[4.396232,45.053355],[4.396012,45.052948],[4.395213,45.052057],[4.395674,45.051618],[4.395899,45.051171],[4.396918,45.049943],[4.396607,45.049481],[4.395867,45.049473],[4.39533,45.048901],[4.395465,45.048711],[4.395792,45.048552],[4.396275,45.048442],[4.396575,45.048218],[4.397586,45.047951],[4.397975,45.04779],[4.398608,45.047434],[4.3997,45.046741],[4.400899,45.04585],[4.403941,45.044284],[4.404633,45.043999],[4.405244,45.043868],[4.405941,45.043848],[4.405947,45.043769],[4.405748,45.043455],[4.406704,45.041067],[4.40681,45.03789],[4.406307,45.035479],[4.4065,45.033951],[4.4065,45.033318],[4.406778,45.031074],[4.40665,45.030645],[4.406639,45.03027],[4.406231,45.029504],[4.401511,45.023179],[4.401596,45.022854],[4.402219,45.022748],[4.402744,45.022535],[4.4027,45.022148],[4.402487,45.021925],[4.401575,45.021693],[4.401521,45.021072],[4.400985,45.020601],[4.399418,45.020086],[4.398141,45.019555],[4.397981,45.019137],[4.398217,45.018573],[4.39856,45.017978],[4.398496,45.017599],[4.39892,45.016419],[4.399279,45.015558],[4.398496,45.014648],[4.398254,45.01458],[4.397358,45.01508],[4.397101,45.014929],[4.396967,45.014042],[4.396769,45.013116],[4.39664,45.013294],[4.396092,45.013799],[4.395438,45.014007],[4.394891,45.013969],[4.394574,45.013795],[4.394437,45.013535],[4.394435,45.013112],[4.394633,45.012778],[4.395014,45.01264],[4.395674,45.012259],[4.39576,45.012179],[4.396044,45.012042],[4.396323,45.012061],[4.396731,45.011777],[4.396935,45.011542],[4.397015,45.010863],[4.397015,45.010863],[4.396768,45.010719],[4.39642,45.010268],[4.395953,45.009839],[4.395716,45.010006],[4.394789,45.01026],[4.39311,45.01103],[4.392015,45.011554],[4.3906,45.013139],[4.390299,45.013374],[4.389794,45.013631],[4.38892,45.013954],[4.387734,45.014717],[4.386276,45.015028],[4.386479,45.015459],[4.386887,45.015672],[4.3859,45.016719],[4.385685,45.017538],[4.385246,45.017886],[4.386072,45.01957],[4.386715,45.02001],[4.386801,45.020245],[4.386404,45.020663],[4.385353,45.020264],[4.384837,45.020109],[4.384183,45.020094],[4.383953,45.01974],[4.383883,45.018983],[4.383727,45.018842],[4.382046,45.018681],[4.381576,45.018569],[4.381105,45.018281],[4.380578,45.01775],[4.380149,45.017583],[4.379741,45.017287],[4.379334,45.017273],[4.37899,45.017086],[4.378953,45.017242],[4.377494,45.018383],[4.377033,45.018387],[4.376914,45.018041],[4.376649,45.01778],[4.376371,45.017659],[4.37575,45.0175],[4.375343,45.017492],[4.374635,45.017689],[4.374476,45.017651],[4.374243,45.017439],[4.374109,45.016923],[4.373868,45.016753],[4.372939,45.016468],[4.372285,45.016559],[4.368755,45.016764],[4.368396,45.016696],[4.367645,45.016814],[4.366948,45.016764],[4.366578,45.016601],[4.366309,45.016737],[4.365933,45.016825],[4.365697,45.016981],[4.365504,45.017326],[4.364088,45.018292],[4.363477,45.018465],[4.362994,45.018653],[4.362816,45.018512],[4.362827,45.01819],[4.362683,45.017928],[4.361734,45.017913],[4.361023,45.017763],[4.360311,45.017568],[4.359424,45.017246],[4.357812,45.016734],[4.356894,45.016233],[4.35679,45.016482],[4.356718,45.016905],[4.355725,45.018704],[4.355451,45.019305],[4.355227,45.019297],[4.35454,45.018872],[4.353359,45.018478],[4.351654,45.017447],[4.349969,45.016707],[4.347898,45.015913],[4.347667,45.01571],[4.347367,45.015761],[4.346976,45.015684],[4.346268,45.015323],[4.345388,45.015467],[4.344551,45.015384],[4.343543,45.014959],[4.341558,45.01433],[4.340447,45.014049],[4.339315,45.013108],[4.338628,45.012698],[4.337352,45.012395],[4.336622,45.012115],[4.335818,45.012016],[4.334734,45.01141],[4.334112,45.011409],[4.333404,45.011114],[4.332696,45.010908],[4.332455,45.010628],[4.332299,45.010317],[4.332245,45.009801],[4.331848,45.009361],[4.330679,45.008569],[4.330367,45.008315],[4.329037,45.007571],[4.328621,45.007408],[4.32842,45.007366],[4.328173,45.007203],[4.326537,45.006824],[4.325786,45.006525],[4.323936,45.005614],[4.32245,45.00478],[4.321677,45.004537],[4.320948,45.004052],[4.319295,45.00327],[4.318533,45.002853],[4.316194,45.00186],[4.31539,45.001609],[4.313867,45.001381],[4.312837,45.001108],[4.311169,45.000838],[4.308063,45.000159],[4.306013,44.998855],[4.305166,44.998818],[4.304586,44.998506],[4.304447,44.998316],[4.304264,44.997814],[4.30281,44.997326],[4.301485,44.996821],[4.301507,44.996374],[4.300777,44.995478],[4.300424,44.995236],[4.29979,44.995046],[4.299468,44.995141],[4.299173,44.995149],[4.298616,44.994963],[4.298116,44.99463],[4.297926,44.994375],[4.297912,44.994166],[4.298116,44.993904],[4.297977,44.993692],[4.297245,44.993474],[4.296802,44.993286],[4.295148,44.992167],[4.294417,44.99174],[4.294051,44.991488],[4.293852,44.9912],[4.292852,44.990183],[4.292652,44.98991],[4.292409,44.989682],[4.291068,44.988969],[4.290266,44.988318],[4.289335,44.987728],[4.288483,44.987094],[4.287506,44.986514],[4.286749,44.986157],[4.286423,44.985896],[4.285698,44.98557],[4.284695,44.985198],[4.283906,44.984761],[4.283032,44.984381],[4.282425,44.983995],[4.282043,44.983804],[4.281232,44.983454],[4.280925,44.983362],[4.27998,44.982981],[4.279615,44.98294],[4.278585,44.983065],[4.278124,44.983084],[4.276654,44.983399],[4.276199,44.983403],[4.27568,44.983422],[4.274717,44.983425],[4.273859,44.983862],[4.273403,44.984286],[4.272394,44.985042],[4.272238,44.9853],[4.271305,44.985913],[4.270281,44.986499],[4.270147,44.986742],[4.269224,44.987116],[4.26822,44.987573],[4.267791,44.987653],[4.26601,44.987808],[4.2653,44.987842],[4.264686,44.987983],[4.262867,44.988234],[4.262223,44.988477],[4.261987,44.98916],[4.260601,44.988407],[4.259364,44.987276],[4.258409,44.987368],[4.256907,44.987823],[4.25444,44.987807],[4.253688,44.987922],[4.252009,44.988462],[4.251771,44.98866],[4.251299,44.988798],[4.250979,44.989008],[4.2507,44.988811],[4.250673,44.988445],[4.249939,44.988392],[4.249269,44.988384],[4.248463,44.988259],[4.248058,44.98829],[4.247525,44.98829],[4.247147,44.988337],[4.246538,44.988339],[4.245154,44.987922],[4.243732,44.987797],[4.242783,44.987854],[4.242595,44.987952],[4.241838,44.987914],[4.241267,44.987797],[4.240427,44.98749],[4.239794,44.987554],[4.239183,44.987603],[4.237434,44.987846],[4.236045,44.987819],[4.234495,44.987921],[4.234473,44.987641],[4.23429,44.987421],[4.23245,44.987094],[4.231929,44.987054],[4.231461,44.986999],[4.230832,44.987001],[4.230203,44.986958],[4.230133,44.987026],[4.230106,44.987124],[4.229709,44.987026],[4.229484,44.986847],[4.228379,44.986594],[4.227725,44.986279],[4.227478,44.986275],[4.226882,44.986411],[4.226228,44.986366],[4.22604,44.986116],[4.226094,44.985634],[4.226352,44.984992],[4.226169,44.984943],[4.22552,44.984319],[4.225193,44.984078],[4.224324,44.983164],[4.222897,44.982443],[4.222296,44.982087],[4.22213,44.981859],[4.221792,44.981608],[4.221472,44.981179],[4.221088,44.980773],[4.220625,44.979707],[4.220483,44.979506],[4.220215,44.979005],[4.219882,44.978193],[4.21963,44.97787],[4.219464,44.977502],[4.218777,44.976553],[4.218273,44.97628],[4.218068,44.975954],[4.217489,44.975567],[4.217501,44.975044],[4.216942,44.97449],[4.216299,44.974095],[4.215848,44.973699],[4.215344,44.973457],[4.214861,44.972607],[4.214646,44.971931],[4.214239,44.971537],[4.212951,44.970899],[4.212356,44.9703],[4.211771,44.969548],[4.211138,44.969389],[4.210837,44.969093],[4.210774,44.968554],[4.212211,44.967058],[4.213042,44.966094],[4.21353,44.965434],[4.21397,44.965047],[4.214947,44.963916],[4.214775,44.963597],[4.214871,44.963399],[4.215762,44.962466],[4.21581,44.96225],[4.215752,44.96132],[4.215639,44.961172],[4.2119,44.960773],[4.209421,44.960059],[4.206825,44.958275],[4.206105,44.957578],[4.205575,44.956674],[4.204518,44.955269],[4.202706,44.951898],[4.202748,44.951388],[4.2019,44.951412],[4.201793,44.951298],[4.202035,44.950865],[4.202249,44.950808],[4.202779,44.950477],[4.202678,44.950338],[4.203789,44.949775],[4.204604,44.949388],[4.205132,44.949278],[4.207701,44.948127],[4.208418,44.947759],[4.20925,44.946802],[4.209797,44.946134],[4.210548,44.944942],[4.210806,44.944099],[4.2097,44.943036],[4.20822,44.941988],[4.207286,44.941122],[4.205731,44.940652],[4.204496,44.940104],[4.204068,44.939171],[4.203939,44.938692],[4.204122,44.938115],[4.204217,44.93734],[4.204079,44.937067],[4.203714,44.936832],[4.20219,44.936656],[4.201054,44.93627],[4.200077,44.936125],[4.198157,44.936132],[4.197383,44.93595],[4.196637,44.935567],[4.195613,44.935259],[4.194315,44.935047],[4.19403,44.93513],[4.191214,44.935054],[4.191215,44.934827],[4.190904,44.934317],[4.190871,44.93374],[4.190549,44.933672],[4.190303,44.932935],[4.190334,44.932343],[4.190131,44.932062],[4.190067,44.931864],[4.189852,44.931545],[4.189906,44.93131],[4.191354,44.929844],[4.191333,44.929624],[4.190882,44.929525],[4.191065,44.929187],[4.191118,44.928582],[4.191306,44.927824],[4.191273,44.927522],[4.191362,44.927114],[4.191407,44.926745],[4.191273,44.926411],[4.191499,44.925943],[4.191738,44.925899],[4.19234,44.925694],[4.192942,44.92552],[4.193269,44.925376],[4.193425,44.925381],[4.193486,44.925626],[4.193681,44.925539],[4.193977,44.925211],[4.194101,44.925104],[4.19424,44.924572],[4.194326,44.924572],[4.194486,44.924177],[4.194792,44.923869],[4.194905,44.923668],[4.195254,44.923375],[4.195522,44.923413],[4.195533,44.923303],[4.19589,44.923241],[4.196225,44.923262],[4.196649,44.922962],[4.197035,44.923224],[4.197438,44.923376],[4.19763,44.922951],[4.198167,44.922678],[4.198291,44.922202],[4.1985,44.921891],[4.19839,44.921597],[4.198879,44.920942],[4.199111,44.920546],[4.199041,44.920394],[4.198623,44.920254],[4.198011,44.920273],[4.197651,44.920037],[4.197212,44.920136],[4.19614,44.92053],[4.195002,44.920523],[4.193629,44.920356],[4.192567,44.919949],[4.191762,44.919725],[4.190721,44.919551],[4.190061,44.91938],[4.189595,44.919156],[4.188564,44.918951],[4.187652,44.918662],[4.186139,44.917689],[4.185206,44.917408],[4.184251,44.916937],[4.182706,44.916413],[4.181623,44.916094],[4.180239,44.915904],[4.17929,44.915892],[4.178619,44.915926],[4.17731,44.91554],[4.176672,44.91546],[4.176034,44.915395],[4.177514,44.913974],[4.178233,44.913427],[4.178737,44.912872],[4.17955,44.911663],[4.179817,44.911214],[4.180169,44.910742],[4.180262,44.910492],[4.180483,44.910204],[4.18144,44.90877],[4.181896,44.908367],[4.181924,44.908159],[4.182442,44.906774],[4.182678,44.906013],[4.182845,44.903738],[4.182821,44.902405],[4.182544,44.900677],[4.182674,44.90024],[4.18497,44.899757],[4.185228,44.89943],[4.184917,44.899335],[4.184905,44.899008],[4.184594,44.898483],[4.184192,44.897385],[4.184042,44.896354],[4.183881,44.896179],[4.183967,44.8957],[4.183624,44.895451],[4.183624,44.895219],[4.183779,44.894835],[4.183795,44.894474],[4.183608,44.89425],[4.183554,44.893988],[4.18371,44.893686],[4.183259,44.89358],[4.182808,44.893306],[4.182937,44.892561],[4.183173,44.891938],[4.182916,44.890904],[4.182166,44.889971],[4.181778,44.889247],[4.181371,44.889004],[4.180942,44.887925],[4.180963,44.887347],[4.18077,44.887043],[4.181157,44.886686],[4.18114,44.88636],[4.181575,44.885645],[4.18188,44.88554],[4.182267,44.884824],[4.18232,44.884197],[4.182116,44.883486],[4.181644,44.882475],[4.180689,44.881403],[4.179692,44.879975],[4.179778,44.879283],[4.179338,44.87812],[4.179477,44.878081],[4.181516,44.878887],[4.182095,44.879085],[4.182545,44.879336],[4.182695,44.879305],[4.18261,44.879084],[4.182202,44.878766],[4.18231,44.878667],[4.182873,44.878861],[4.18298,44.878788],[4.182803,44.878518],[4.182878,44.878355],[4.183586,44.878218],[4.183994,44.877979],[4.185361,44.876266],[4.185971,44.875487],[4.185953,44.874919],[4.186118,44.87447],[4.186204,44.87401],[4.186419,44.873785],[4.186617,44.873495],[4.186966,44.873037],[4.18739,44.872851],[4.187486,44.872687],[4.187481,44.871512],[4.187277,44.87106],[4.186977,44.870509],[4.18676,44.870298],[4.186596,44.870057],[4.186373,44.869526],[4.186356,44.869091],[4.186403,44.868892],[4.186591,44.868577],[4.186751,44.868136],[4.186477,44.867471],[4.186011,44.866509],[4.185834,44.866319],[4.185442,44.866068],[4.184723,44.865331],[4.184231,44.864692],[4.183356,44.862874],[4.18291,44.861878],[4.182235,44.861193],[4.181837,44.860319],[4.181777,44.860017],[4.181813,44.859783],[4.181887,44.859523],[4.18195,44.859445],[4.18181,44.858863],[4.181923,44.858477],[4.182074,44.858163],[4.182312,44.857975],[4.18255,44.857881],[4.182594,44.857783],[4.182186,44.857304],[4.181676,44.856821],[4.181725,44.856696],[4.181881,44.856624],[4.182208,44.856627],[4.182583,44.856573],[4.182841,44.856402],[4.182804,44.855945],[4.182868,44.855867],[4.183211,44.855877],[4.184117,44.855767],[4.18475,44.855211],[4.184948,44.854805],[4.184981,44.854607],[4.185356,44.853969],[4.18541,44.853708],[4.185276,44.853171],[4.185389,44.853143],[4.18669,44.85425],[4.187571,44.854927],[4.187754,44.85512],[4.188136,44.855432],[4.18835,44.855452],[4.188854,44.853817],[4.189305,44.85177],[4.18968,44.851079],[4.188993,44.849276],[4.188447,44.847488],[4.188457,44.846545],[4.189176,44.844362],[4.189632,44.843654],[4.190174,44.843106],[4.190259,44.842659],[4.190527,44.842475],[4.191579,44.842338],[4.192577,44.842118],[4.193307,44.841661],[4.193639,44.841273],[4.195066,44.840406],[4.195656,44.839751],[4.195818,44.839386],[4.19557,44.83896],[4.195699,44.838641],[4.19572,44.837995],[4.196509,44.8375],[4.197019,44.836846],[4.197351,44.836085],[4.19763,44.835689],[4.197684,44.834966],[4.19718,44.834251],[4.197309,44.833855],[4.197293,44.833536],[4.197363,44.833125],[4.197598,44.83276],[4.197362,44.832182],[4.197469,44.831603],[4.197073,44.831025],[4.197116,44.830157],[4.19689,44.829808],[4.195398,44.828826],[4.194702,44.828781],[4.194379,44.828583],[4.194079,44.827738],[4.194207,44.82732],[4.194497,44.826954],[4.194915,44.825867],[4.194744,44.825143],[4.194219,44.824108],[4.19394,44.823537],[4.193339,44.819561],[4.192931,44.817472],[4.192636,44.817187],[4.192384,44.817114],[4.192041,44.817183],[4.1913,44.817913],[4.190753,44.818005],[4.189348,44.81773],[4.188833,44.817514],[4.188489,44.817251],[4.187508,44.815779],[4.187256,44.815539],[4.187652,44.815098],[4.187814,44.813035],[4.18835,44.811444],[4.189423,44.810135],[4.189863,44.80999],[4.189884,44.809763],[4.189493,44.808841],[4.189359,44.808696],[4.188823,44.807768],[4.188586,44.807536],[4.188501,44.807212],[4.185743,44.802546],[4.185679,44.802108],[4.185775,44.801739],[4.18689,44.800719],[4.187599,44.800308],[4.188221,44.800163],[4.18842,44.800003],[4.189165,44.799737],[4.19011,44.799935],[4.190753,44.799874],[4.191612,44.799082],[4.192126,44.798785],[4.192953,44.798523],[4.193572,44.798502],[4.193827,44.798553],[4.194814,44.798934],[4.195141,44.799128],[4.195972,44.799261],[4.196718,44.799242],[4.197276,44.799181],[4.197791,44.799179],[4.198746,44.799094],[4.199485,44.79888],[4.199986,44.798812],[4.200702,44.798667],[4.201793,44.798507],[4.202485,44.798347],[4.20311,44.798264],[4.203831,44.798142],[4.203933,44.798015],[4.204089,44.797921],[4.204432,44.797659],[4.204808,44.797563],[4.20514,44.797322],[4.205527,44.79684],[4.205787,44.796701],[4.206111,44.796589],[4.206268,44.79634],[4.206425,44.796167],[4.206465,44.795919],[4.206299,44.795763],[4.206384,44.795261],[4.205769,44.792855],[4.205623,44.792329],[4.205419,44.791027],[4.204722,44.789611],[4.204015,44.788491],[4.203843,44.787799],[4.203821,44.786093],[4.203923,44.785876],[4.203848,44.785727],[4.202915,44.785545],[4.202437,44.785361],[4.201751,44.78476],[4.20072,44.784242],[4.19999,44.783672],[4.199728,44.783588],[4.199543,44.783447],[4.19902,44.783226],[4.198379,44.783038],[4.196423,44.782293],[4.195849,44.782133],[4.196252,44.781505],[4.196805,44.780847],[4.197351,44.780557],[4.197411,44.780176],[4.197554,44.78001],[4.197923,44.779775],[4.198607,44.779434],[4.198692,44.779083],[4.198745,44.778128],[4.199272,44.777959],[4.199586,44.777577],[4.199862,44.777028],[4.202494,44.775395],[4.203563,44.775378],[4.203702,44.775127],[4.203997,44.774875],[4.2038,44.774434],[4.203526,44.774019],[4.202887,44.773817],[4.202561,44.773317],[4.202362,44.773322],[4.2022,44.77371],[4.201729,44.773867],[4.201047,44.773851],[4.199732,44.773907],[4.199159,44.773672],[4.198639,44.773352],[4.198092,44.773223],[4.197283,44.77323],[4.196385,44.773451],[4.195908,44.773468],[4.195658,44.773507],[4.195334,44.773485],[4.194567,44.773249],[4.194127,44.773234],[4.1938,44.773337],[4.19359,44.773306],[4.193596,44.772796],[4.193393,44.772529],[4.193113,44.77205],[4.192942,44.771528],[4.193057,44.77103],[4.193183,44.770551],[4.193172,44.770226],[4.19344,44.769974],[4.193447,44.769836],[4.193304,44.769526],[4.193317,44.769299],[4.193419,44.769073],[4.193564,44.76893],[4.19358,44.76858],[4.193397,44.767956],[4.193512,44.76755],[4.193518,44.767148],[4.193211,44.766809],[4.193715,44.766535],[4.194251,44.766372],[4.194575,44.766172],[4.194679,44.766022],[4.194809,44.765937],[4.195169,44.765902],[4.195552,44.765686],[4.195898,44.7654],[4.196353,44.765248],[4.196874,44.76487],[4.19726,44.764669],[4.197418,44.76465],[4.197555,44.764703],[4.197888,44.765035],[4.19836,44.76516],[4.199245,44.765145],[4.199442,44.765182],[4.199854,44.765486],[4.20006,44.765564],[4.20028,44.765503],[4.200334,44.765179],[4.200758,44.765048],[4.20109,44.764893],[4.201294,44.764859],[4.20174,44.765145],[4.202013,44.765231],[4.20234,44.765241],[4.202893,44.765122],[4.203191,44.765105],[4.203489,44.765164],[4.203745,44.765127],[4.203639,44.764859],[4.202823,44.764341],[4.202233,44.763999],[4.201535,44.763785],[4.201316,44.763242],[4.2013,44.762883],[4.20138,44.762623],[4.201471,44.761545],[4.201342,44.761138],[4.201031,44.760597],[4.200919,44.760258],[4.200865,44.759561],[4.201238,44.758455],[4.201382,44.757597],[4.201396,44.75718],[4.200152,44.756228],[4.199331,44.75638],[4.1988,44.7564],[4.197566,44.756433],[4.196853,44.756266],[4.196171,44.756193],[4.195334,44.755955],[4.194701,44.755687],[4.194288,44.755404],[4.193194,44.755358],[4.192438,44.75526],[4.191558,44.755127],[4.190825,44.754929],[4.190479,44.754823],[4.189579,44.754411],[4.18879,44.754091],[4.189056,44.753331],[4.188549,44.753264],[4.187846,44.753287],[4.187438,44.753051],[4.187008,44.752464],[4.186703,44.752255],[4.186285,44.751828],[4.186199,44.751477],[4.186156,44.750876],[4.185955,44.750171],[4.185723,44.749664],[4.185609,44.749341],[4.185399,44.749043],[4.185185,44.748948],[4.184874,44.748952],[4.184552,44.749127],[4.183997,44.749649],[4.183785,44.749926],[4.183559,44.750365],[4.183414,44.750914],[4.183235,44.751158],[4.183007,44.751211],[4.182634,44.750884],[4.182352,44.750546],[4.182113,44.750376],[4.181966,44.750137],[4.181268,44.74979],[4.180845,44.749657],[4.180646,44.749463],[4.180454,44.749024],[4.180185,44.748834],[4.179472,44.748726],[4.179107,44.748064],[4.17871,44.747836],[4.177363,44.747607],[4.174906,44.747474],[4.173968,44.747278],[4.172895,44.746749],[4.172474,44.746432],[4.172058,44.746228],[4.171087,44.745558],[4.170621,44.744951],[4.170433,44.74422],[4.170084,44.742131],[4.170277,44.741064],[4.17011,44.740655],[4.170191,44.740073],[4.169494,44.740091],[4.169437,44.740442],[4.169033,44.740866],[4.168711,44.740652],[4.168425,44.740973],[4.168241,44.741047],[4.16775,44.74169],[4.16752,44.741556],[4.167241,44.741503],[4.166742,44.741566],[4.166473,44.741663],[4.165701,44.741606],[4.165346,44.741431],[4.1648,44.741613],[4.163824,44.74204],[4.162644,44.742643],[4.160863,44.74287],[4.15976,44.743154],[4.15913,44.743412],[4.158966,44.743431],[4.15877,44.743404],[4.158017,44.743065],[4.157295,44.742672],[4.156899,44.742673],[4.156233,44.742765],[4.155423,44.74294],[4.154293,44.743007],[4.153797,44.743058],[4.153421,44.743054],[4.152971,44.74292],[4.152194,44.742513],[4.151073,44.741678],[4.150563,44.741255],[4.150262,44.740871],[4.150031,44.740002],[4.149646,44.73935],[4.149217,44.738866],[4.148766,44.738451],[4.148128,44.737719],[4.149018,44.737506],[4.148972,44.737133],[4.149023,44.736807],[4.1489,44.73549],[4.148691,44.735147],[4.148428,44.734846],[4.147833,44.734298],[4.147376,44.734017],[4.1464,44.733235],[4.145451,44.732571],[4.144781,44.732339],[4.144687,44.732234],[4.144618,44.732052],[4.144523,44.731953],[4.144217,44.731969],[4.143836,44.732086],[4.143632,44.732174],[4.143477,44.732175],[4.143192,44.731919],[4.142621,44.731635],[4.142398,44.731619],[4.14095,44.731767],[4.140172,44.731587],[4.139571,44.731283],[4.13911,44.730925],[4.138815,44.730559],[4.138075,44.73002],[4.137613,44.729751],[4.136827,44.729465],[4.136073,44.729282],[4.134279,44.728651],[4.133708,44.728428],[4.131664,44.727845],[4.130671,44.727499],[4.129201,44.727472],[4.128656,44.727543],[4.128115,44.727675],[4.127604,44.727671],[4.127142,44.727494],[4.125902,44.726848],[4.125323,44.726809],[4.124196,44.727235],[4.123285,44.727388],[4.122513,44.727442],[4.121552,44.727355],[4.120962,44.727245],[4.119988,44.72724],[4.119584,44.727198],[4.119401,44.726657],[4.119181,44.726272],[4.119037,44.725871],[4.118887,44.725649],[4.118366,44.72557],[4.117969,44.725494],[4.117575,44.725369],[4.116891,44.725054],[4.116,44.724807],[4.115262,44.724524],[4.11423,44.724068],[4.11409,44.723543],[4.11394,44.721976],[4.113699,44.72145],[4.114047,44.721073],[4.114642,44.719602],[4.114605,44.719274],[4.114648,44.719138],[4.114788,44.718988],[4.115089,44.718869],[4.115134,44.71866],[4.115066,44.718523],[4.114375,44.71829],[4.114,44.717659],[4.113764,44.717459],[4.112124,44.716683],[4.11166,44.716598],[4.110774,44.716087],[4.110601,44.715885],[4.110513,44.715698],[4.11019,44.715568],[4.11003,44.715572],[4.109729,44.715199],[4.109622,44.715198],[4.109412,44.715443],[4.109203,44.715794],[4.108934,44.715549],[4.107817,44.715327],[4.107082,44.715258],[4.106336,44.715166],[4.105282,44.714989],[4.104687,44.714727],[4.104064,44.714514],[4.102626,44.713941],[4.102702,44.713796],[4.101768,44.713132],[4.101366,44.712705],[4.101191,44.712362],[4.101017,44.712198],[4.100706,44.712499],[4.100673,44.712001],[4.100513,44.711767],[4.09981,44.711112],[4.099429,44.710632],[4.098914,44.709518],[4.098667,44.709251],[4.098252,44.709144],[4.097428,44.709137],[4.096734,44.709015],[4.095278,44.708649],[4.09458,44.708413],[4.09333,44.70818],[4.09264,44.708197],[4.091806,44.708394],[4.090316,44.708993],[4.089945,44.709023],[4.089298,44.708765],[4.088545,44.708523],[4.08773,44.70807],[4.085809,44.707592],[4.085383,44.707575],[4.084484,44.707703],[4.084068,44.707616],[4.083544,44.707399],[4.082722,44.706857],[4.082177,44.706663],[4.081683,44.706667],[4.080708,44.706461],[4.079988,44.705797],[4.079631,44.705182],[4.079484,44.704692],[4.078476,44.704005],[4.078012,44.703643],[4.077424,44.703303],[4.07699,44.70317],[4.075608,44.702568],[4.074667,44.702091],[4.072704,44.701077],[4.072065,44.700759],[4.070536,44.70012],[4.068767,44.699129],[4.068369,44.698838],[4.067827,44.698613],[4.067119,44.69845],[4.065982,44.698065],[4.065445,44.697557],[4.064641,44.697107],[4.06419,44.697081],[4.061535,44.697294],[4.060714,44.697473],[4.060656,44.697793],[4.060156,44.697945],[4.058933,44.698113],[4.05829,44.698052],[4.057302,44.698159],[4.056583,44.698553],[4.055913,44.699014],[4.054765,44.699514],[4.054014,44.699719],[4.053757,44.699735],[4.053549,44.699655],[4.053325,44.699544],[4.052956,44.699213],[4.052616,44.69907],[4.052335,44.69903],[4.051686,44.698542],[4.050582,44.698053],[4.049991,44.697427],[4.049484,44.69718],[4.048656,44.696616],[4.048174,44.69655],[4.047537,44.696576],[4.046166,44.696433],[4.045783,44.696471],[4.045411,44.696436],[4.04502,44.696466],[4.04469,44.696426],[4.044146,44.696265],[4.043849,44.696204],[4.043789,44.696126],[4.043097,44.695758],[4.042741,44.695768],[4.042185,44.695916],[4.041816,44.695887],[4.040592,44.695685],[4.040093,44.695609],[4.039156,44.695576],[4.038766,44.695519],[4.037921,44.695452],[4.036422,44.695401],[4.0349,44.695364],[4.03357,44.695197],[4.032878,44.695297],[4.032879,44.695731],[4.033297,44.696264],[4.033039,44.696418],[4.032053,44.696032],[4.031146,44.695892],[4.030389,44.696006],[4.028576,44.696803],[4.026248,44.69758],[4.02554,44.697896],[4.024456,44.698022],[4.022911,44.6976],[4.021832,44.697451],[4.021151,44.697634],[4.020931,44.697557],[4.020819,44.69742],[4.020996,44.697039],[4.020588,44.696318],[4.019971,44.69557],[4.019961,44.695285],[4.01958,44.694575],[4.019636,44.694293],[4.019585,44.694068],[4.019853,44.693775],[4.01951,44.692759],[4.01951,44.692456],[4.020358,44.690865],[4.020637,44.690148],[4.020578,44.69003],[4.020819,44.689297],[4.020856,44.6889],[4.020829,44.688325],[4.020578,44.68768],[4.020221,44.687213],[4.019858,44.686887],[4.019526,44.686485],[4.019274,44.686079],[4.019226,44.685903],[4.019253,44.685705],[4.019492,44.685095],[4.019655,44.684831],[4.019977,44.684641],[4.021076,44.683435],[4.021447,44.682882],[4.02164,44.682474],[4.021839,44.681853],[4.021967,44.681361],[4.022257,44.680724],[4.023183,44.679784],[4.023335,44.679572],[4.024521,44.678492],[4.024885,44.678073],[4.025765,44.67686],[4.026068,44.676614],[4.026301,44.676231],[4.026199,44.675227],[4.025696,44.674472],[4.025566,44.673549],[4.025336,44.67316],[4.024724,44.672694],[4.024292,44.672141],[4.024161,44.671878],[4.023421,44.670684],[4.023919,44.669917],[4.024768,44.668189],[4.024764,44.667457],[4.024717,44.667107],[4.02451,44.666312],[4.023985,44.665545],[4.023738,44.665269],[4.02366,44.664814],[4.023802,44.664636],[4.024992,44.664053],[4.025245,44.663788],[4.025594,44.663546],[4.025883,44.663122],[4.026017,44.662759],[4.02606,44.662351],[4.025867,44.661817],[4.025687,44.661649],[4.02549,44.661243],[4.025212,44.660981],[4.024789,44.660715],[4.025175,44.660478],[4.025813,44.659913],[4.026007,44.659615],[4.026522,44.659169],[4.027664,44.658562],[4.028093,44.658189],[4.028319,44.657738],[4.028552,44.657326],[4.028689,44.656906],[4.028839,44.656151],[4.029097,44.655644],[4.02921,44.655296],[4.029214,44.654677],[4.029415,44.654177],[4.029697,44.65373],[4.029957,44.653043],[4.030341,44.65224],[4.03055,44.651945],[4.03086,44.6518],[4.031143,44.651788],[4.031784,44.651674],[4.032232,44.651709],[4.032669,44.651678],[4.033452,44.651768],[4.034021,44.651788],[4.035845,44.651594],[4.036902,44.651648],[4.038447,44.651568],[4.040345,44.651098],[4.043919,44.649648],[4.04475,44.648564],[4.045453,44.647755],[4.04534,44.647618],[4.045774,44.647011],[4.045297,44.646431],[4.044754,44.646157],[4.044615,44.646003],[4.044254,44.645844],[4.044001,44.645822],[4.04372,44.64595],[4.043577,44.645875],[4.04337,44.645908],[4.043148,44.645816],[4.042518,44.645736],[4.041515,44.645385],[4.041241,44.64516],[4.041655,44.644885],[4.042998,44.644377],[4.043859,44.64413],[4.04413,44.64409],[4.044401,44.643984],[4.044666,44.643965],[4.044873,44.643847],[4.045656,44.643748],[4.045758,44.643597],[4.045919,44.643522],[4.046134,44.643335],[4.046256,44.643071],[4.046646,44.642402],[4.046832,44.642247],[4.047362,44.64206],[4.047546,44.641911],[4.047794,44.641761],[4.048156,44.64142],[4.048537,44.641332],[4.048736,44.641168],[4.049246,44.641064],[4.049481,44.640896],[4.050104,44.640705],[4.050281,44.640492],[4.050571,44.640282],[4.050748,44.639939],[4.050978,44.639679],[4.050729,44.638766],[4.05078,44.638495],[4.050538,44.638396],[4.050538,44.637675],[4.050747,44.637355],[4.051026,44.63648],[4.050613,44.635938],[4.0502,44.635653],[4.049723,44.635354],[4.048424,44.634946],[4.047588,44.634594],[4.046858,44.633968],[4.045914,44.633526],[4.04497,44.633354],[4.04476,44.633077],[4.044626,44.63298],[4.044439,44.63261],[4.043964,44.63218],[4.043517,44.631865],[4.043114,44.63171],[4.042862,44.6317],[4.042513,44.631643],[4.04225,44.631514],[4.041847,44.631457],[4.041349,44.631353],[4.040625,44.631135],[4.04011,44.631147],[4.039445,44.631219],[4.038736,44.631014],[4.038093,44.630502],[4.037991,44.630212],[4.037711,44.63],[4.037481,44.629773],[4.037224,44.62967],[4.036931,44.629368],[4.036805,44.629311],[4.036572,44.629336],[4.035764,44.629311],[4.035335,44.629239],[4.034825,44.628987],[4.034348,44.628944],[4.034015,44.628834],[4.033611,44.628839],[4.03334,44.628929],[4.033114,44.629044],[4.032846,44.62896],[4.032511,44.629027],[4.032101,44.629238],[4.031891,44.629222],[4.031698,44.629305],[4.031472,44.629315],[4.031204,44.629506],[4.030277,44.629884],[4.030079,44.630105],[4.029606,44.630242],[4.029354,44.630387],[4.028383,44.630456],[4.027417,44.630838],[4.027111,44.630819],[4.026916,44.630674],[4.026624,44.630582],[4.02598,44.630624],[4.025448,44.630769],[4.02423,44.630491],[4.023705,44.630541],[4.023121,44.630458],[4.022992,44.630407],[4.022681,44.630341],[4.022483,44.630408],[4.022217,44.630349],[4.02149,44.630376],[4.021296,44.630346],[4.020996,44.630452],[4.020615,44.630448],[4.02031,44.630406],[4.020183,44.63026],[4.019896,44.630021],[4.019507,44.629933],[4.019268,44.629849],[4.018684,44.629695],[4.018084,44.62962],[4.017966,44.629558],[4.017579,44.629443],[4.017193,44.62928],[4.017099,44.629075],[4.016726,44.628763],[4.016493,44.628405],[4.01634,44.628307],[4.016066,44.627982],[4.015487,44.62754],[4.015004,44.62702],[4.014682,44.626804],[4.014328,44.626692],[4.013035,44.626661],[4.012241,44.626531],[4.011624,44.626768],[4.011077,44.627013],[4.010836,44.627058],[4.01008,44.627301],[4.009458,44.627558],[4.008802,44.62765],[4.008272,44.627817],[4.007629,44.628056],[4.007305,44.628131],[4.006788,44.628351],[4.006049,44.628532],[4.005562,44.628717],[4.004978,44.628857],[4.004602,44.628853],[4.004055,44.628933],[4.003768,44.628914],[4.003514,44.628746],[4.002478,44.628345],[4.001395,44.628124],[4.0011,44.627979],[4.000139,44.627799],[3.998814,44.62783],[3.998163,44.627891],[3.997902,44.627952],[3.996937,44.627982],[3.995547,44.627715],[3.994887,44.627533],[3.992902,44.627223],[3.992382,44.627066],[3.991921,44.626837],[3.991754,44.6266],[3.991582,44.626524],[3.991518,44.626386],[3.991226,44.626239],[3.991094,44.626123],[3.990912,44.626112],[3.990923,44.625741],[3.991175,44.625447],[3.990414,44.624996],[3.990344,44.624748],[3.990403,44.624287],[3.989974,44.623707],[3.989642,44.623462],[3.988654,44.623103],[3.987645,44.622301],[3.986927,44.621889],[3.986938,44.62153],[3.987689,44.62127],[3.988258,44.620835],[3.988429,44.620385],[3.988761,44.619839],[3.988659,44.619303],[3.9886,44.618323],[3.988729,44.617697],[3.988633,44.617124],[3.988181,44.61613],[3.987796,44.615692],[3.987474,44.615528],[3.986787,44.615428],[3.985875,44.61568],[3.984705,44.616612],[3.984169,44.617368],[3.983364,44.617818],[3.982324,44.618178],[3.979303,44.618873],[3.977743,44.619098],[3.976852,44.618946],[3.976584,44.618788],[3.975387,44.618484],[3.974889,44.618437],[3.974358,44.618567],[3.973763,44.618743],[3.973416,44.618953],[3.972673,44.619132],[3.972328,44.61909],[3.972057,44.61914],[3.971691,44.619337],[3.971252,44.619395],[3.970018,44.619186],[3.96911,44.619157],[3.96788,44.619197],[3.967352,44.619178],[3.966959,44.619204],[3.966507,44.619314],[3.965385,44.619444],[3.964777,44.619497],[3.964528,44.619583],[3.964278,44.619548],[3.963914,44.619273],[3.963436,44.619207],[3.963313,44.619134],[3.962894,44.61914],[3.961993,44.618961],[3.961618,44.618827],[3.961234,44.618582],[3.960893,44.618294],[3.960051,44.617658],[3.959945,44.617447],[3.95915,44.616833],[3.958785,44.616734],[3.958351,44.615894],[3.958216,44.615482],[3.95742,44.614918],[3.956925,44.614446],[3.956581,44.614172],[3.956247,44.613799],[3.95588,44.613488],[3.955776,44.613333],[3.955216,44.612849],[3.954982,44.612709],[3.954856,44.61243],[3.954623,44.612289],[3.95457,44.612048],[3.954411,44.611762],[3.954225,44.611021],[3.954697,44.610533],[3.955084,44.60996],[3.955148,44.609181],[3.95474,44.608722],[3.954247,44.608486],[3.954203,44.608088],[3.953721,44.60766],[3.952997,44.607187],[3.952227,44.60645],[3.951737,44.606125],[3.951736,44.605285],[3.952025,44.604826],[3.952069,44.604124],[3.951503,44.604246],[3.950658,44.604338],[3.949765,44.604548],[3.948678,44.604941],[3.947755,44.605438],[3.946994,44.605942],[3.94642,44.606484],[3.946211,44.606599],[3.946511,44.606202],[3.946639,44.605774],[3.946602,44.604995],[3.946683,44.604712],[3.946478,44.604544],[3.946167,44.604601],[3.945631,44.605171],[3.944913,44.60556],[3.943893,44.605712],[3.942692,44.605583],[3.941125,44.605201],[3.939816,44.605224],[3.938787,44.605071],[3.937553,44.60467],[3.936662,44.60394],[3.936222,44.602963],[3.936148,44.602191],[3.936238,44.601649],[3.936136,44.600923],[3.935525,44.600595],[3.934913,44.600159],[3.934345,44.599922],[3.933936,44.599763],[3.933262,44.59951],[3.932146,44.599633],[3.930654,44.599449],[3.929796,44.599388],[3.929399,44.598754],[3.929098,44.598388],[3.928594,44.598159],[3.927479,44.59822],[3.926587,44.598448],[3.926212,44.598371],[3.92589,44.597753],[3.925483,44.597524],[3.924045,44.597249],[3.92288,44.596703],[3.922291,44.596619],[3.921931,44.596806],[3.921728,44.597455],[3.921588,44.597439],[3.921652,44.596255],[3.921502,44.59598],[3.920741,44.595821],[3.919646,44.596042],[3.91911,44.596233],[3.918906,44.596546],[3.91794,44.596825],[3.917447,44.597102],[3.917104,44.597417],[3.917018,44.598272],[3.917125,44.599181],[3.9169,44.599319],[3.916433,44.599243],[3.915987,44.599235],[3.915301,44.598792],[3.914303,44.598242],[3.91353,44.598074],[3.913183,44.597626],[3.913134,44.597134],[3.912962,44.596882],[3.911916,44.596109],[3.910924,44.595213],[3.90969,44.594338],[3.909099,44.593826],[3.908188,44.593192],[3.906622,44.592818],[3.906375,44.59265],[3.905913,44.592215],[3.905795,44.591771],[3.90514,44.59187],[3.9044,44.592046],[3.904431,44.592629],[3.904631,44.593309],[3.904318,44.593917],[3.90423,44.594388],[3.903917,44.594376],[3.903742,44.593954],[3.902854,44.593942],[3.902435,44.59409],[3.9024,44.593966],[3.902819,44.593557],[3.902644,44.593098],[3.902121,44.592551],[3.901616,44.591596],[3.900169,44.589659],[3.899769,44.589473],[3.899159,44.590044],[3.898618,44.591261],[3.898549,44.592142],[3.897956,44.592887],[3.89698,44.593706],[3.894906,44.592738],[3.892919,44.592539],[3.891803,44.592539],[3.891281,44.592353],[3.890165,44.591608],[3.889625,44.590988],[3.889259,44.590268],[3.88844,44.58992],[3.887533,44.589858],[3.886244,44.589672],[3.885529,44.589337],[3.885912,44.58889],[3.886191,44.587984],[3.886069,44.587711],[3.884814,44.586792],[3.885024,44.586296],[3.884466,44.585402],[3.883194,44.585303],[3.88213,44.585079],[3.880736,44.583577],[3.880021,44.583441],[3.879638,44.584086],[3.879202,44.58462],[3.878244,44.585538],[3.87413,44.586283],[3.872544,44.586333],[3.870941,44.586122],[3.86925,44.585725],[3.867926,44.585191],[3.866462,44.584843],[3.864196,44.585402],[3.86315,44.58534],[3.86186,44.585327],[3.859647,44.584359],[3.858444,44.584111],[3.857172,44.58354],[3.856353,44.58359],[3.853651,44.582745],[3.852989,44.582957],[3.852344,44.582969],[3.852205,44.583254],[3.852501,44.583528],[3.853094,44.583689],[3.854,44.584719],[3.854261,44.58539],[3.854174,44.585998],[3.851926,44.587698],[3.851386,44.587897],[3.850793,44.588617],[3.849921,44.589138],[3.850253,44.589635],[3.850793,44.591546],[3.851229,44.592986],[3.852065,44.593172],[3.853442,44.593929],[3.854139,44.594736],[3.852745,44.595046],[3.852648,44.595051],[3.851889,44.594981],[3.850473,44.594506],[3.849651,44.594583],[3.847366,44.595354],[3.846782,44.595729],[3.846578,44.596021],[3.846309,44.596734],[3.845907,44.596982],[3.845588,44.597057],[3.845247,44.597269],[3.844587,44.597586],[3.843204,44.598556],[3.842592,44.598578],[3.841803,44.598242],[3.841315,44.597952],[3.839803,44.597654],[3.838875,44.597662],[3.838247,44.597891],[3.836927,44.598128],[3.835435,44.598113],[3.833591,44.597715],[3.83078,44.597372],[3.829921,44.59702],[3.829557,44.596776],[3.82857,44.596333],[3.828044,44.596569],[3.826907,44.596722],[3.826604,44.596726],[3.825828,44.596913],[3.824549,44.597001],[3.823634,44.597127],[3.822728,44.596986],[3.822226,44.596827],[3.821692,44.596715],[3.821081,44.596631],[3.820716,44.596463],[3.820368,44.596359],[3.820158,44.596325],[3.819791,44.596174],[3.81908,44.595939],[3.818827,44.595679],[3.818248,44.595431],[3.817521,44.595216],[3.816811,44.594948],[3.816199,44.594774],[3.815707,44.59461],[3.815107,44.594461],[3.81453,44.594361],[3.814162,44.594366],[3.813535,44.594493],[3.81268,44.594514],[3.812546,44.594439],[3.812251,44.594448],[3.811532,44.594285],[3.810566,44.594165],[3.809467,44.593884],[3.808243,44.593926],[3.80786,44.593892],[3.806682,44.593903],[3.805079,44.593559],[3.80444,44.593204],[3.804059,44.592864],[3.803609,44.592314],[3.803158,44.591877],[3.802852,44.591676],[3.802096,44.591519],[3.800803,44.59111],[3.800079,44.59077],[3.799634,44.5904],[3.798711,44.5899],[3.798091,44.58952],[3.797847,44.5894],[3.797394,44.589327],[3.79684,44.589373],[3.796099,44.589304],[3.794956,44.589002],[3.793213,44.588994],[3.792419,44.588857],[3.791936,44.588742],[3.79156,44.588589],[3.791036,44.58847],[3.790576,44.588427],[3.789754,44.588302],[3.789178,44.588176],[3.788653,44.588001],[3.786767,44.587157],[3.786427,44.586962],[3.786268,44.58665],[3.785992,44.586322],[3.785678,44.586107],[3.785285,44.585463],[3.783911,44.583976],[3.783118,44.582753],[3.782907,44.582208],[3.782775,44.58185],[3.782062,44.580815],[3.78193,44.579988],[3.781296,44.579216],[3.780239,44.577466],[3.777676,44.57724],[3.777016,44.577391],[3.77662,44.577748],[3.775906,44.577748],[3.77581,44.577758],[3.775365,44.577639],[3.774394,44.577081],[3.774272,44.577103],[3.773807,44.577415],[3.773123,44.577788],[3.772093,44.578132],[3.771433,44.578652],[3.770623,44.578648],[3.769928,44.578478],[3.769249,44.578212],[3.768456,44.578186],[3.76528,44.577406],[3.763686,44.577295],[3.761943,44.577107],[3.762061,44.577352],[3.761633,44.577589],[3.761063,44.577376],[3.759594,44.576473],[3.758585,44.575113],[3.758264,44.574632],[3.758,44.573871],[3.757869,44.573571],[3.757619,44.572476],[3.757346,44.572186],[3.757212,44.571483],[3.75689,44.571292],[3.756847,44.570964],[3.757341,44.570772],[3.757619,44.570352],[3.757491,44.570069],[3.75718,44.569886],[3.756644,44.569993],[3.756268,44.569648],[3.756042,44.568968],[3.755678,44.568395],[3.754498,44.567982],[3.75439,44.567669],[3.755109,44.568013],[3.756198,44.56828],[3.756493,44.5682],[3.756869,44.567975],[3.756815,44.567531],[3.756643,44.567199],[3.756477,44.567073],[3.756416,44.566825],[3.756553,44.566259],[3.756461,44.565567],[3.756332,44.565053],[3.756074,44.564263],[3.756069,44.563639],[3.755967,44.563098],[3.755936,44.562689],[3.755822,44.562142],[3.755291,44.561171],[3.754074,44.561929],[3.753924,44.561806],[3.753006,44.561596],[3.752523,44.561806],[3.752201,44.562173],[3.751558,44.562326],[3.750495,44.562448],[3.747538,44.562968],[3.746032,44.562991],[3.745078,44.563457],[3.744134,44.563197],[3.743328,44.562869],[3.742041,44.562219],[3.742171,44.561959],[3.741115,44.56145],[3.739477,44.560923],[3.73768,44.560114],[3.737073,44.55938],[3.736888,44.558194],[3.736465,44.557554],[3.735408,44.556707],[3.735118,44.555634],[3.735197,44.554279],[3.73422,44.553846],[3.733084,44.55266],[3.732714,44.551813],[3.732344,44.550438],[3.731155,44.548537],[3.730231,44.547727],[3.730336,44.547313],[3.730997,44.546522],[3.731023,44.54646],[3.731055,44.545995],[3.731173,44.545726],[3.731742,44.545543],[3.732686,44.544821],[3.732814,44.544557],[3.733716,44.54393],[3.73422,44.542852],[3.734628,44.541819],[3.735625,44.540757],[3.73585,44.540297],[3.736752,44.539655],[3.737042,44.538974],[3.737503,44.538876],[3.739273,44.539211],[3.739981,44.539238],[3.740593,44.539028],[3.741188,44.538516],[3.741784,44.538064],[3.74202,44.537636],[3.742331,44.537498],[3.741789,44.537063],[3.740936,44.536841],[3.740218,44.53636],[3.738447,44.535882],[3.737814,44.535664],[3.734681,44.534876],[3.734086,44.534692],[3.733554,44.534639],[3.731977,44.53421],[3.731559,44.533958],[3.731162,44.53366],[3.730251,44.533063],[3.729724,44.53252],[3.729328,44.532068],[3.729049,44.531212],[3.729178,44.530294],[3.729446,44.529606],[3.729435,44.527778],[3.729681,44.527274],[3.730208,44.5266],[3.730283,44.526133],[3.730599,44.525453],[3.731409,44.524099],[3.731977,44.52338],[3.732053,44.522692],[3.731431,44.521399],[3.731249,44.520542],[3.730336,44.518959],[3.728706,44.517244],[3.727987,44.516243],[3.727697,44.51534],[3.727687,44.514659],[3.727874,44.514288],[3.728126,44.513366],[3.728212,44.512861],[3.72863,44.512433],[3.729156,44.512058],[3.729274,44.511729],[3.7298,44.511377],[3.730304,44.512035],[3.730594,44.512272],[3.73098,44.512915],[3.731376,44.512899],[3.731162,44.511136],[3.731098,44.510443],[3.73069,44.50925],[3.730272,44.508623],[3.730143,44.507819],[3.729708,44.507111],[3.729158,44.50662],[3.728705,44.506128],[3.72841,44.505424],[3.727826,44.504491],[3.727831,44.503052],[3.727976,44.502118],[3.727925,44.501855],[3.727016,44.500489],[3.726742,44.500145],[3.726865,44.499988],[3.727482,44.499999],[3.728222,44.500841],[3.728469,44.5012],[3.728662,44.501178],[3.728405,44.500787],[3.728207,44.500236],[3.728137,44.499417],[3.728029,44.49931],[3.727042,44.499203],[3.72656,44.499031],[3.72553,44.498239],[3.726517,44.497535],[3.727064,44.496739],[3.727375,44.495748],[3.72775,44.495315],[3.72921,44.494428],[3.72995,44.493922],[3.732707,44.493005],[3.735303,44.492446],[3.735845,44.49222],[3.736709,44.49171],[3.73746,44.49077],[3.739021,44.490222],[3.739498,44.49018],[3.739241,44.489208],[3.738463,44.489024],[3.737938,44.488787],[3.737541,44.488313],[3.736591,44.487804],[3.736253,44.487528],[3.735454,44.486638],[3.735638,44.486568],[3.736353,44.486568],[3.736559,44.486916],[3.736857,44.486508],[3.737283,44.486161],[3.73754,44.486296],[3.737795,44.486098],[3.73813,44.485591],[3.738678,44.485022],[3.739376,44.484282],[3.740132,44.483613],[3.740215,44.483429],[3.740164,44.483307],[3.739059,44.482832],[3.738967,44.482752],[3.738911,44.482546],[3.73893,44.482332],[3.739107,44.481955],[3.739389,44.481632],[3.739617,44.481045],[3.739657,44.480718],[3.739896,44.480329],[3.739928,44.480168],[3.740399,44.479349],[3.740475,44.478316],[3.740448,44.477627],[3.740278,44.477298],[3.740064,44.476708],[3.739917,44.475721],[3.739617,44.475219],[3.738716,44.474587],[3.73856,44.474365],[3.738313,44.473565],[3.738337,44.473142],[3.738281,44.472777],[3.738072,44.472337],[3.738094,44.471851],[3.738206,44.471573],[3.738587,44.470951],[3.739236,44.470656],[3.739493,44.470513],[3.739783,44.470308],[3.74022,44.470069],[3.740626,44.469629],[3.741172,44.469159],[3.741526,44.468872],[3.741838,44.468661],[3.742332,44.468462],[3.742591,44.468445],[3.743146,44.46852],[3.743576,44.468539],[3.744177,44.468647],[3.74453,44.46857],[3.745657,44.467617],[3.746183,44.467046],[3.746472,44.466545],[3.746544,44.466173],[3.746668,44.465856],[3.746789,44.46566],[3.747231,44.465344],[3.747438,44.465048],[3.747671,44.46487],[3.747711,44.464738],[3.747995,44.46429],[3.748159,44.46414],[3.74828,44.463922],[3.748301,44.463122],[3.748188,44.46285],[3.748138,44.462554],[3.747949,44.461981],[3.747878,44.46148],[3.748291,44.460028],[3.748414,44.459358],[3.748779,44.458351],[3.749439,44.457126],[3.749503,44.456812],[3.749439,44.456499],[3.749305,44.454358],[3.749219,44.453918],[3.748784,44.453087],[3.748589,44.452923],[3.747813,44.45167],[3.74762,44.450513],[3.747566,44.450306],[3.747717,44.44977],[3.747486,44.448296],[3.747577,44.44758],[3.748372,44.446714],[3.749455,44.445703],[3.749573,44.445412],[3.749788,44.444424],[3.750013,44.444242],[3.750356,44.443876],[3.750635,44.443658],[3.751268,44.443351],[3.751619,44.443001],[3.75172,44.442818],[3.75188,44.442576],[3.75211,44.442437],[3.75212,44.442314],[3.752269,44.442184],[3.752658,44.441073],[3.752582,44.44046],[3.752331,44.439388],[3.752316,44.438297],[3.753187,44.436826],[3.753478,44.435845],[3.755345,44.43438],[3.7557,44.434125],[3.75592,44.433861],[3.75638,44.433607],[3.757231,44.433623],[3.758049,44.433692],[3.759358,44.43339],[3.760007,44.433118],[3.760704,44.432911],[3.76219,44.432554],[3.763456,44.431903],[3.764207,44.43124],[3.764674,44.430723],[3.76484,44.430302],[3.764776,44.430007],[3.764797,44.429608],[3.76454,44.428873],[3.76454,44.427463],[3.765323,44.426345],[3.765451,44.424989],[3.765763,44.424774],[3.766954,44.424713],[3.767941,44.424399],[3.76899,44.423849],[3.771702,44.42469],[3.771814,44.424763],[3.772225,44.424515],[3.772656,44.424299],[3.774823,44.423629],[3.775574,44.423471],[3.776215,44.423188],[3.777082,44.422659],[3.777779,44.422142],[3.77853,44.421473],[3.779437,44.420695],[3.779732,44.420414],[3.780354,44.41992],[3.781727,44.41897],[3.781974,44.41855],[3.782296,44.417816],[3.782747,44.417283],[3.783165,44.416897],[3.783423,44.41654],[3.783659,44.416007],[3.783785,44.415655],[3.784093,44.414444],[3.784463,44.413762],[3.784721,44.413026],[3.784785,44.412336],[3.784581,44.411455],[3.784297,44.410953],[3.783798,44.410516],[3.783358,44.410083],[3.783229,44.409781],[3.783305,44.409218],[3.78353,44.408674],[3.783685,44.408095],[3.783787,44.407863],[3.783975,44.4076],[3.784198,44.407114],[3.784454,44.406744],[3.784989,44.406228],[3.785332,44.405718],[3.785697,44.405118],[3.785708,44.404729],[3.785847,44.40445],[3.785793,44.403856],[3.78567,44.403637],[3.785694,44.40345],[3.785826,44.403274],[3.78577,44.403009],[3.78589,44.402675],[3.785976,44.401997],[3.785931,44.401574],[3.786024,44.401334],[3.786078,44.401116],[3.786512,44.400612],[3.787006,44.400269],[3.787247,44.39997],[3.787393,44.399959],[3.787501,44.400205],[3.78762,44.400282],[3.787703,44.400568],[3.788079,44.400645],[3.788413,44.400441],[3.788747,44.400183],[3.789157,44.400061],[3.789356,44.39991],[3.789329,44.39959],[3.789431,44.399464],[3.78945,44.399061],[3.789671,44.398653],[3.789619,44.398505],[3.789841,44.398231],[3.789927,44.397784],[3.790017,44.397625],[3.79002,44.397484],[3.790119,44.397374],[3.790118,44.39721],[3.790547,44.396662],[3.790504,44.396513],[3.790664,44.396272],[3.790727,44.396116],[3.790895,44.395926],[3.79103,44.395623],[3.791228,44.395447],[3.791724,44.394744],[3.791894,44.39435],[3.792097,44.39394],[3.792094,44.393806],[3.792279,44.393377],[3.792239,44.393262],[3.792284,44.393017],[3.792257,44.392779],[3.792441,44.39249],[3.79255,44.392208],[3.792736,44.392001],[3.793052,44.39194],[3.793642,44.392032],[3.79451,44.392679],[3.795117,44.392806],[3.796265,44.392599],[3.797144,44.392132],[3.797596,44.391778],[3.798282,44.391825],[3.798507,44.391733],[3.798701,44.390966],[3.799817,44.390015],[3.800631,44.389908],[3.801243,44.389801],[3.801865,44.389832],[3.802483,44.389671],[3.802821,44.389479],[3.803206,44.38895],[3.803572,44.387738],[3.803593,44.387408],[3.804134,44.386879],[3.804537,44.386703],[3.805009,44.386726],[3.805857,44.386489],[3.806586,44.386336],[3.807348,44.385906],[3.808613,44.384901],[3.810244,44.383329],[3.810298,44.382993],[3.811178,44.382455],[3.811822,44.381934],[3.811978,44.381894],[3.811994,44.381715],[3.812229,44.38119],[3.8129,44.380124],[3.813796,44.379304],[3.814265,44.379026],[3.814831,44.37848],[3.815572,44.377924],[3.816395,44.377598],[3.816723,44.377341],[3.817095,44.376968],[3.817856,44.376321],[3.818008,44.376104],[3.818358,44.375861],[3.818564,44.375514],[3.818586,44.375198],[3.81885,44.374864],[3.818908,44.374657],[3.81886,44.374235],[3.818935,44.373525],[3.819187,44.373339],[3.819297,44.37292],[3.819428,44.372808],[3.820405,44.372703],[3.82063,44.372729],[3.821263,44.372935],[3.821585,44.37328],[3.821795,44.373698],[3.822068,44.373718],[3.822781,44.373683],[3.82269,44.373171],[3.822652,44.372724],[3.822615,44.372544],[3.822932,44.372057],[3.823194,44.371597],[3.823229,44.371399],[3.823317,44.371278],[3.823763,44.370335],[3.824165,44.369802],[3.824418,44.369572],[3.824953,44.368866],[3.825442,44.368088],[3.825587,44.367985],[3.825849,44.367525],[3.825994,44.367374],[3.826364,44.366849],[3.826439,44.366662],[3.826842,44.366475],[3.827137,44.365857],[3.827293,44.365649],[3.827631,44.364889],[3.827883,44.364656],[3.828264,44.364012],[3.828851,44.363337],[3.829021,44.36303],[3.829283,44.362738],[3.82932,44.3626],[3.829462,44.362525],[3.829792,44.362132],[3.830053,44.361983],[3.830566,44.361493],[3.830747,44.361261],[3.831142,44.360945],[3.831659,44.360656],[3.831862,44.360361],[3.832032,44.360243],[3.832446,44.35978],[3.832675,44.359674],[3.832738,44.359457],[3.833059,44.359133],[3.833247,44.358807],[3.833462,44.358548],[3.833484,44.358335],[3.833631,44.358285],[3.834036,44.3584],[3.834081,44.358314],[3.834298,44.358262],[3.8344,44.357618],[3.83458,44.357409],[3.834766,44.357105],[3.835216,44.35692],[3.835533,44.356521],[3.835812,44.356259],[3.836037,44.356178],[3.836142,44.356033],[3.836278,44.355523],[3.836466,44.355214],[3.83667,44.355075],[3.837019,44.354956],[3.837182,44.354774],[3.837281,44.354458],[3.837424,44.354293],[3.837528,44.353844],[3.837577,44.35361],[3.837695,44.353489],[3.837833,44.353437],[3.837888,44.353211],[3.837971,44.352962],[3.83792,44.352931],[3.838049,44.352608],[3.838193,44.352428],[3.838123,44.351535],[3.838201,44.351174],[3.83802,44.350959],[3.837947,44.350717],[3.837863,44.350581],[3.837773,44.350231],[3.837652,44.350027],[3.837732,44.349755],[3.837665,44.34954],[3.83743,44.34945],[3.837389,44.34934],[3.837568,44.349001],[3.837597,44.34885],[3.8374,44.348838],[3.837534,44.348554],[3.837502,44.348332],[3.837373,44.347902],[3.837396,44.347475],[3.837466,44.347334],[3.83744,44.34712],[3.837802,44.345907],[3.838038,44.345382],[3.838212,44.344494],[3.838134,44.344089],[3.838142,44.343757],[3.838301,44.343107],[3.838287,44.342888],[3.838199,44.342669],[3.837883,44.341288],[3.837888,44.341096],[3.837581,44.340156],[3.837029,44.33919],[3.836449,44.338384],[3.835173,44.337209],[3.834761,44.336873],[3.834491,44.336534],[3.834108,44.336371],[3.833517,44.335801],[3.83329,44.335614],[3.833106,44.335393],[3.832949,44.335023],[3.832726,44.334865],[3.832627,44.334658],[3.832267,44.334389],[3.832147,44.334132],[3.831842,44.334073],[3.83159,44.33394],[3.831102,44.333546],[3.830962,44.333208],[3.830463,44.331746],[3.830082,44.330875],[3.829856,44.330521],[3.828817,44.329785],[3.828054,44.32967],[3.827701,44.329478],[3.826745,44.329317],[3.825909,44.328979],[3.825297,44.329155],[3.824492,44.329048],[3.824106,44.329247],[3.823462,44.329332],[3.820641,44.329962],[3.8199,44.330015],[3.819407,44.329969],[3.818151,44.329985],[3.817497,44.329823],[3.816982,44.329416],[3.816559,44.329063],[3.816385,44.328622],[3.816221,44.328403],[3.816027,44.32759],[3.816242,44.327029],[3.816494,44.326588],[3.816768,44.326277],[3.816709,44.326078],[3.816883,44.325832],[3.817015,44.325533],[3.817058,44.325276],[3.817058,44.32505],[3.817229,44.324693],[3.817497,44.324436],[3.817631,44.323981],[3.817658,44.3234],[3.817545,44.322582],[3.817252,44.321535],[3.817269,44.321364],[3.817174,44.32077],[3.817054,44.320617],[3.817083,44.320525],[3.817121,44.320235],[3.816977,44.319792],[3.81684,44.318422],[3.816639,44.317489],[3.816435,44.316328],[3.816414,44.315984],[3.81628,44.31567],[3.816223,44.315274],[3.816006,44.314342],[3.815993,44.314194],[3.815625,44.313371],[3.815998,44.312586],[3.816162,44.311977],[3.816279,44.311632],[3.816211,44.311196],[3.81608,44.310817],[3.816002,44.31037],[3.815746,44.309451],[3.815704,44.309092],[3.815491,44.308565],[3.815427,44.308307],[3.815266,44.308203],[3.815159,44.308008],[3.815464,44.307167],[3.815706,44.305846],[3.815867,44.30562],[3.815872,44.305413],[3.815778,44.3052],[3.815743,44.304452],[3.816092,44.304153],[3.815935,44.303666],[3.815705,44.303313],[3.815379,44.302407],[3.815045,44.3021],[3.814156,44.301738],[3.813823,44.301313],[3.813093,44.300588],[3.812712,44.300442],[3.811956,44.300413],[3.811629,44.300376],[3.811157,44.300453],[3.810749,44.30035],[3.809644,44.299979],[3.809386,44.299973],[3.809225,44.299529],[3.8087,44.298886],[3.808625,44.298341],[3.80848,44.298159],[3.807691,44.297631],[3.807359,44.29747],[3.806758,44.29727],[3.805937,44.296821],[3.805239,44.297601],[3.804714,44.29735],[3.804006,44.297335],[3.803432,44.297251],[3.802799,44.297159],[3.802369,44.296882],[3.802123,44.29659],[3.801908,44.29623],[3.801361,44.295715],[3.801071,44.295354],[3.800959,44.294977],[3.801061,44.29434],[3.801383,44.293818],[3.801334,44.293246],[3.800857,44.292151],[3.800803,44.291479],[3.800599,44.291084],[3.800664,44.290792],[3.801029,44.290516],[3.803422,44.289456],[3.803491,44.289237],[3.803319,44.288972],[3.803,44.288832],[3.802299,44.288769],[3.80083,44.288785],[3.798357,44.288646],[3.797391,44.288406],[3.79672,44.28812],[3.796445,44.287934],[3.795215,44.287342],[3.794871,44.28711],[3.794559,44.286729],[3.794402,44.286701],[3.794041,44.286749],[3.793942,44.286692],[3.793814,44.286227],[3.793816,44.286045],[3.793749,44.285778],[3.79376,44.285436],[3.793696,44.285331],[3.793525,44.285356],[3.793285,44.285526],[3.793009,44.285674],[3.792526,44.285818],[3.792,44.286],[3.791745,44.285946],[3.79118,44.285676],[3.791034,44.285547],[3.790635,44.28536],[3.790269,44.28511],[3.790063,44.284997],[3.789983,44.284777],[3.789988,44.284357],[3.789414,44.284249],[3.789266,44.284094],[3.789032,44.283689],[3.788714,44.283337],[3.788407,44.282877],[3.788207,44.282444],[3.788009,44.282248],[3.787668,44.28205],[3.787542,44.28191],[3.787536,44.281772],[3.787701,44.28143],[3.787758,44.281157],[3.787923,44.280731],[3.788291,44.280566],[3.788364,44.280362],[3.788096,44.280194],[3.787865,44.280116],[3.78765,44.279744],[3.787521,44.279358],[3.787377,44.27921],[3.787202,44.279102],[3.786963,44.278749],[3.787376,44.278619],[3.787644,44.278431],[3.78771,44.27801],[3.787862,44.277743],[3.7878,44.277486],[3.787974,44.277442],[3.788546,44.277178],[3.788793,44.276806],[3.789104,44.276521],[3.789581,44.276168],[3.789572,44.275986],[3.789704,44.275881],[3.789682,44.275593],[3.789833,44.275255],[3.789978,44.275154],[3.79038,44.275156],[3.790898,44.275259],[3.791009,44.275349],[3.791356,44.275362],[3.791453,44.275285],[3.791732,44.274763],[3.791845,44.274628],[3.791885,44.274426],[3.792139,44.274232],[3.79231,44.274068],[3.792544,44.273912],[3.792885,44.273599],[3.793126,44.27353],[3.793314,44.27343],[3.793401,44.273159],[3.79388,44.272908],[3.794414,44.272385],[3.795155,44.271459],[3.795616,44.270503],[3.795742,44.270322],[3.796158,44.269834],[3.79649,44.269815],[3.797153,44.269425],[3.797842,44.269201],[3.79823,44.268895],[3.798472,44.268738],[3.799022,44.268555],[3.799462,44.268513],[3.799755,44.268434],[3.800138,44.268117],[3.800535,44.267902],[3.801382,44.267084],[3.801782,44.266185],[3.801399,44.266054],[3.800905,44.265693],[3.800626,44.265547],[3.800374,44.265265],[3.800079,44.264779],[3.799709,44.264702],[3.799285,44.264122],[3.798668,44.263546],[3.798515,44.263434],[3.798009,44.263223],[3.797623,44.262801],[3.797086,44.26247],[3.795957,44.262066],[3.796142,44.261574],[3.795191,44.261139],[3.794149,44.261892],[3.793765,44.262004],[3.793382,44.262278],[3.792708,44.262445],[3.791325,44.26309],[3.790357,44.263353],[3.7893,44.263239],[3.788058,44.263693],[3.787134,44.263864],[3.786156,44.263391],[3.784096,44.263504],[3.782432,44.264166],[3.782275,44.264176],[3.781491,44.265006],[3.780912,44.265237],[3.78,44.265467],[3.779774,44.26539],[3.77999,44.264176],[3.779764,44.263961],[3.777768,44.263826],[3.777221,44.263646],[3.775612,44.263615],[3.775124,44.263672],[3.774861,44.263607],[3.774828,44.262824],[3.77528,44.261963],[3.775205,44.261641],[3.774454,44.260657],[3.773219,44.260065],[3.772307,44.258975],[3.772253,44.258144],[3.766423,44.255558],[3.765948,44.254454],[3.765763,44.253173],[3.766289,44.252235],[3.766761,44.251743],[3.76691,44.251382],[3.767447,44.250768],[3.767769,44.24993],[3.767951,44.249238],[3.767683,44.248815],[3.767458,44.248339],[3.767297,44.248377],[3.767018,44.248631],[3.765086,44.249606],[3.764336,44.249761],[3.763424,44.249807],[3.762715,44.249607],[3.761697,44.24883],[3.761525,44.248845],[3.760709,44.249568],[3.760345,44.249683],[3.759905,44.249599],[3.759004,44.248546],[3.758553,44.248131],[3.757995,44.247378],[3.757534,44.246963],[3.757212,44.246679],[3.757148,44.246095],[3.757341,44.245487],[3.757609,44.24518],[3.758274,44.244872],[3.758692,44.244373],[3.758607,44.244227],[3.758242,44.244196],[3.75777,44.244265],[3.756429,44.243659],[3.755978,44.243336],[3.755238,44.243397],[3.754949,44.243266],[3.754873,44.243013],[3.755099,44.242406],[3.754948,44.242198],[3.754433,44.242221],[3.754015,44.242582],[3.753119,44.24287],[3.752244,44.243174],[3.751761,44.243228],[3.750721,44.242997],[3.75026,44.242951],[3.749938,44.242751],[3.748629,44.242443],[3.748167,44.241883],[3.747728,44.24176],[3.747266,44.241753],[3.74644,44.242105],[3.745721,44.242221],[3.744992,44.242405],[3.744252,44.242052],[3.743823,44.242036],[3.743286,44.242329],[3.742686,44.242574],[3.742417,44.242313],[3.742159,44.242336],[3.741783,44.242459],[3.740775,44.242475],[3.740035,44.242613],[3.739263,44.242698],[3.738704,44.242905],[3.737954,44.242836],[3.737599,44.242652],[3.737331,44.242667],[3.73701,44.242898],[3.736763,44.242905],[3.736323,44.242667],[3.735904,44.242659],[3.735325,44.242951],[3.734821,44.24259],[3.733973,44.242375],[3.733652,44.242274],[3.732965,44.242129],[3.731871,44.242651],[3.731635,44.242843],[3.730744,44.243266],[3.73039,44.243546],[3.729864,44.243781],[3.728829,44.243789],[3.727933,44.243858],[3.72716,44.243796],[3.726814,44.243556],[3.726468,44.243408],[3.725819,44.243374],[3.724961,44.24352],[3.724044,44.243627],[3.723738,44.24347],[3.72332,44.243397],[3.722993,44.243259],[3.72244,44.243181],[3.722011,44.242913],[3.721635,44.242859],[3.720906,44.24259],[3.719047,44.242691],[3.718663,44.242417],[3.717862,44.24153],[3.717652,44.240768],[3.717339,44.240469],[3.716154,44.240119],[3.714568,44.239757],[3.713487,44.239769],[3.712929,44.23962],[3.711831,44.239232],[3.71082,44.239231],[3.709942,44.239037],[3.708938,44.238318],[3.707696,44.237921],[3.706508,44.23741],[3.704474,44.237467],[3.703813,44.23741],[3.702978,44.237179],[3.702559,44.237132],[3.702173,44.237287],[3.701171,44.237353],[3.700537,44.236691],[3.699771,44.236444],[3.698371,44.237012],[3.697609,44.23706],[3.697182,44.237277],[3.696647,44.236606],[3.696358,44.236437],[3.695599,44.23625],[3.694819,44.23619],[3.694132,44.236058],[3.693885,44.23608],[3.693681,44.235934],[3.693772,44.235665],[3.693118,44.234965],[3.691492,44.233201],[3.690972,44.232521],[3.690296,44.231452],[3.689363,44.230429],[3.688751,44.229925],[3.688188,44.229126],[3.687142,44.227961],[3.686777,44.227723],[3.686256,44.227666],[3.685822,44.227738],[3.685023,44.228167],[3.684352,44.228357],[3.682963,44.228492],[3.682654,44.228619],[3.682056,44.228999],[3.681225,44.229328],[3.680838,44.229541],[3.680158,44.230314],[3.679273,44.230935],[3.678934,44.231232],[3.678473,44.231959],[3.677824,44.232643],[3.677561,44.232705],[3.676638,44.232874],[3.675909,44.232843],[3.675108,44.232739],[3.673365,44.232239],[3.672581,44.232165],[3.671779,44.232414],[3.671065,44.232502],[3.67035,44.232702],[3.669496,44.232739],[3.668642,44.232989],[3.668066,44.232839],[3.665856,44.233166],[3.665448,44.233396],[3.664976,44.234096],[3.664418,44.234488],[3.663731,44.234704],[3.662986,44.235134],[3.66253,44.235549],[3.662197,44.236234],[3.661865,44.237087],[3.661543,44.23751],[3.660845,44.237955],[3.660019,44.238339],[3.659215,44.238916],[3.658475,44.239731],[3.658249,44.240653],[3.658571,44.241329],[3.658539,44.241791],[3.658389,44.24216],[3.657541,44.242252],[3.655535,44.243904],[3.654644,44.244119],[3.653722,44.244688],[3.653121,44.245226],[3.651565,44.246418],[3.651244,44.246893],[3.650846,44.247471],[3.650074,44.248054],[3.648936,44.248054],[3.648304,44.248116],[3.647788,44.247993],[3.647521,44.247832],[3.647509,44.247639],[3.647842,44.247348],[3.647885,44.247117],[3.647671,44.246748],[3.647198,44.246103],[3.647155,44.24558],[3.64649,44.245449],[3.646201,44.245111],[3.645922,44.244534],[3.645906,44.244223],[3.64576,44.24375],[3.645847,44.243489],[3.645632,44.243197],[3.645836,44.242735],[3.645815,44.242267],[3.645407,44.241859],[3.645139,44.24086],[3.644709,44.24023],[3.644602,44.239876],[3.644462,44.239746],[3.644462,44.239347],[3.643894,44.239208],[3.64281,44.239085],[3.642515,44.23922],[3.642156,44.239308],[3.641427,44.239569],[3.641008,44.240345],[3.64077,44.240612],[3.640633,44.240951],[3.640268,44.241303],[3.64016,44.241614],[3.63986,44.242013],[3.639308,44.24224],[3.639055,44.242254],[3.638803,44.242205],[3.638342,44.242179],[3.637907,44.242194],[3.637451,44.24234],[3.63743,44.242428],[3.637473,44.242494],[3.637907,44.242521],[3.638353,44.242648],[3.638439,44.242728],[3.638355,44.242968],[3.637843,44.243097],[3.637102,44.243028],[3.636405,44.242813],[3.635099,44.242928],[3.634827,44.243016],[3.63463,44.243128],[3.634383,44.243424],[3.633423,44.24356],[3.632977,44.243564],[3.631899,44.243708],[3.631714,44.24386],[3.631389,44.243958],[3.630928,44.243908],[3.630569,44.244041],[3.629609,44.244319],[3.629185,44.244477],[3.628359,44.244928],[3.628122,44.245018],[3.627913,44.245184],[3.627581,44.245396],[3.627109,44.245991],[3.626857,44.246225],[3.626299,44.246936],[3.625972,44.247048],[3.625671,44.247029],[3.625119,44.246929],[3.624947,44.247025],[3.622136,44.245165],[3.621438,44.244081],[3.621331,44.243865],[3.621078,44.243609],[3.62094,44.243197],[3.620653,44.242991],[3.619721,44.243033],[3.618998,44.242675],[3.617651,44.241875],[3.617072,44.241468],[3.616761,44.240952],[3.616686,44.240223],[3.617168,44.238186],[3.617072,44.23654],[3.617458,44.235149],[3.61895,44.231667],[3.618842,44.229657],[3.618553,44.227846],[3.618794,44.226889],[3.618611,44.226816],[3.616935,44.22577],[3.616734,44.225516],[3.6166,44.225182],[3.61617,44.225056],[3.615441,44.22444],[3.61395,44.224202],[3.61366,44.223956],[3.61306,44.223663],[3.612909,44.223431],[3.612867,44.222883],[3.612352,44.221995],[3.611729,44.221065],[3.611552,44.22095],[3.611412,44.220581],[3.610858,44.220143],[3.610551,44.219696],[3.610384,44.219567],[3.60994,44.218892],[3.609309,44.218203],[3.608317,44.216894],[3.608404,44.216583],[3.608319,44.216396],[3.608127,44.216323],[3.607582,44.216263],[3.606944,44.215844],[3.606375,44.214983],[3.605769,44.21389],[3.605705,44.213541],[3.606193,44.211407],[3.606172,44.210184],[3.606064,44.209862],[3.605667,44.208854],[3.605603,44.208415],[3.60571,44.208007],[3.60615,44.207262],[3.606402,44.206366],[3.60659,44.20547],[3.606622,44.204878],[3.60666,44.204516],[3.606611,44.203801],[3.606204,44.202762],[3.606085,44.202201],[3.605946,44.201017],[3.606118,44.200593],[3.606322,44.199955],[3.606348,44.199471],[3.606188,44.199013],[3.606175,44.198629],[3.606216,44.198361],[3.606163,44.198098],[3.606198,44.197486],[3.606396,44.197155],[3.60658,44.196502],[3.606542,44.195433],[3.606697,44.195033],[3.606749,44.194223],[3.606544,44.192782],[3.606402,44.192363],[3.606375,44.191898],[3.606423,44.191449],[3.606434,44.191028],[3.606568,44.190405],[3.606756,44.189883],[3.607078,44.189313],[3.607068,44.189024],[3.60729,44.188634],[3.607502,44.188394],[3.607888,44.187832],[3.608103,44.187447],[3.608258,44.186701],[3.608146,44.186626],[3.607872,44.186678],[3.607534,44.186828],[3.607132,44.186963],[3.606826,44.187136],[3.60673,44.187086],[3.607303,44.186574],[3.608288,44.185191],[3.608457,44.184847],[3.608715,44.184554],[3.60888,44.18414],[3.608808,44.183946],[3.608939,44.183899],[3.609379,44.182894],[3.609583,44.182488],[3.609691,44.182119],[3.609632,44.181285],[3.609411,44.180861],[3.608451,44.18035],[3.607759,44.179867],[3.607287,44.179628],[3.606955,44.17938],[3.606593,44.178815],[3.606097,44.178241],[3.605522,44.177188],[3.605375,44.17697],[3.605292,44.176737],[3.605321,44.176239],[3.60563,44.175641],[3.605678,44.175352],[3.606027,44.174671],[3.606362,44.174456],[3.606649,44.174144],[3.607054,44.173833],[3.607251,44.173734],[3.607448,44.173479],[3.607877,44.173313],[3.608059,44.173075],[3.60858,44.172948],[3.609036,44.172898],[3.609541,44.172509],[3.609658,44.172086],[3.610119,44.170958],[3.610468,44.17045],[3.610882,44.170098],[3.611163,44.169815],[3.611477,44.169492],[3.611831,44.168811],[3.612625,44.167981],[3.61333,44.167461],[3.613563,44.167334],[3.614258,44.16658],[3.614449,44.166256],[3.614688,44.166029],[3.615005,44.165856],[3.615548,44.165644],[3.61609,44.165202],[3.61624,44.164954],[3.616492,44.164702],[3.616714,44.164233],[3.616908,44.163976],[3.617276,44.163308],[3.617404,44.162601],[3.618263,44.16153],[3.618499,44.160238],[3.619411,44.158776],[3.61999,44.158275],[3.620634,44.157675],[3.620752,44.157028],[3.621428,44.156735],[3.622275,44.156658],[3.623472,44.155793],[3.62382,44.15545],[3.624164,44.155366],[3.624786,44.155096],[3.625623,44.155027],[3.626996,44.154327],[3.627876,44.154326],[3.628713,44.153949],[3.63007,44.153121],[3.630408,44.152786],[3.631824,44.152248],[3.63206,44.152009],[3.632902,44.151986],[3.633573,44.152071],[3.634153,44.151878],[3.634614,44.151409],[3.635365,44.150908],[3.636127,44.150623],[3.636717,44.15015],[3.637328,44.1498],[3.637596,44.149884],[3.637414,44.150462],[3.637542,44.150709],[3.638627,44.151332],[3.639029,44.151405],[3.639496,44.151286],[3.640042,44.151024],[3.640895,44.150016],[3.64133,44.149354],[3.641298,44.148484],[3.641448,44.148253],[3.642071,44.147929],[3.643475,44.14736],[3.644141,44.147259],[3.64531,44.147221],[3.64701,44.146517],[3.648593,44.145766],[3.649741,44.145589],[3.650181,44.145374],[3.650224,44.144942],[3.649773,44.144627],[3.64884,44.144303],[3.646748,44.143972],[3.646083,44.143803],[3.645251,44.143345],[3.644119,44.14251],[3.643358,44.14207],[3.642563,44.141947],[3.642177,44.142094],[3.641942,44.142502],[3.641952,44.143225],[3.641834,44.143564],[3.641544,44.143741],[3.640922,44.143637],[3.640332,44.143587],[3.639484,44.143772],[3.638961,44.144095],[3.638701,44.144126],[3.638369,44.143988],[3.637725,44.143403],[3.636835,44.142956],[3.636245,44.142906],[3.635612,44.142725],[3.635182,44.143102],[3.634989,44.143457],[3.634141,44.144288],[3.633841,44.144349],[3.63361,44.144261],[3.633401,44.143657],[3.633122,44.143079],[3.631706,44.14117],[3.630976,44.140901],[3.630907,44.140712],[3.631063,44.140546],[3.63191,44.140461],[3.633546,44.139961],[3.634061,44.138602],[3.633777,44.137967],[3.631309,44.137374],[3.630652,44.136945],[3.629673,44.13667],[3.628699,44.136024],[3.627865,44.135593],[3.627259,44.135364],[3.627103,44.135129],[3.627179,44.134224],[3.62735,44.134163],[3.627736,44.134432],[3.62853,44.134817],[3.628777,44.134771],[3.629244,44.134521],[3.629892,44.134386],[3.630751,44.13444],[3.631867,44.134139],[3.632897,44.134325],[3.633412,44.134217],[3.633916,44.134093],[3.634635,44.133624],[3.634463,44.132885],[3.632985,44.131643],[3.632462,44.131118],[3.63191,44.130759],[3.631765,44.130363],[3.631427,44.129796],[3.630622,44.129184],[3.63,44.128803],[3.629636,44.12841],[3.629196,44.127648],[3.62823,44.126932],[3.627731,44.126293],[3.627275,44.125869],[3.627371,44.125739],[3.628252,44.125715],[3.629282,44.125423],[3.629579,44.125434],[3.630049,44.125723],[3.630751,44.125761],[3.631309,44.125831],[3.63176,44.1254],[3.633948,44.125423],[3.634163,44.125029],[3.63177,44.12399],[3.631298,44.123728],[3.630708,44.12362],[3.628853,44.123032],[3.627699,44.1222],[3.627294,44.121974],[3.627049,44.121741],[3.626975,44.121564],[3.627093,44.120977],[3.627114,44.12032],[3.626862,44.119793],[3.626484,44.119527],[3.626133,44.119507],[3.625226,44.119673],[3.62492,44.119787],[3.624775,44.119742],[3.624555,44.119892],[3.623965,44.120763],[3.623735,44.12082],[3.623397,44.120697],[3.623145,44.120705],[3.622608,44.120624],[3.622133,44.120605],[3.621744,44.120686],[3.62124,44.120901],[3.620843,44.12136],[3.620747,44.121876],[3.620389,44.122444],[3.620181,44.122577],[3.61992,44.122611],[3.619536,44.122269],[3.619099,44.121965],[3.618837,44.121672],[3.618362,44.121254],[3.618143,44.120918],[3.617704,44.120393],[3.616959,44.119885],[3.616117,44.119469],[3.615785,44.119377],[3.614406,44.118379],[3.613794,44.118033],[3.612507,44.117495],[3.611525,44.117224],[3.610286,44.116734],[3.609608,44.116559],[3.608973,44.116562],[3.608081,44.116627],[3.607459,44.116738],[3.607271,44.116664],[3.606965,44.116496],[3.605378,44.116511],[3.604681,44.11658],[3.603645,44.1168],[3.60307,44.117174],[3.602319,44.117459],[3.602126,44.117617],[3.602036,44.117917],[3.602277,44.118345],[3.602224,44.118695],[3.602559,44.118659],[3.602979,44.118699],[3.603532,44.11896],[3.604954,44.118976],[3.60563,44.119766],[3.606493,44.120297],[3.605362,44.120417],[3.604106,44.120798],[3.603361,44.121079],[3.603106,44.121273],[3.602508,44.121837],[3.602384,44.121841],[3.602508,44.121109],[3.602352,44.120894],[3.601317,44.120421],[3.600597,44.120551],[3.599498,44.120549],[3.59901,44.12049],[3.59849,44.120039],[3.598388,44.119454],[3.598312,44.119088],[3.598135,44.119018],[3.597937,44.119313],[3.597631,44.119484],[3.596521,44.119423],[3.596043,44.119307],[3.595512,44.119307],[3.5951,44.119223],[3.594547,44.119192],[3.594241,44.11976],[3.593994,44.12049],[3.593769,44.120748],[3.593897,44.120994],[3.593929,44.121587],[3.592997,44.122496],[3.592704,44.122888],[3.592122,44.123464],[3.591945,44.123493],[3.592014,44.121933],[3.592229,44.12149],[3.592175,44.119954],[3.592047,44.119958],[3.591962,44.120185],[3.591723,44.120278],[3.591661,44.120063],[3.591113,44.119791],[3.590907,44.119451],[3.590734,44.119296],[3.590754,44.11918],[3.590985,44.118926],[3.590969,44.118737],[3.591051,44.118525],[3.59095,44.118329],[3.591049,44.118013],[3.590733,44.117938],[3.590427,44.117917],[3.58978,44.117696],[3.589316,44.117613],[3.588973,44.117669],[3.588602,44.117921],[3.587932,44.118707],[3.587487,44.119365],[3.58708,44.1195],[3.586999,44.119765],[3.586404,44.120089],[3.586337,44.1203],[3.586302,44.120565],[3.585964,44.121067],[3.585497,44.121356],[3.584462,44.121733],[3.584218,44.121364],[3.583861,44.121248],[3.583668,44.121343],[3.583463,44.121503],[3.582943,44.121491],[3.582251,44.121537],[3.581324,44.121734],[3.581034,44.121726],[3.580647,44.121471],[3.579628,44.121217],[3.57899,44.121141],[3.578515,44.120967],[3.578341,44.120698],[3.577944,44.12065],[3.577547,44.120628],[3.577164,44.120668],[3.576018,44.120597],[3.574795,44.120458],[3.57427,44.12019],[3.573961,44.119812],[3.57361,44.119515],[3.573272,44.119334],[3.572612,44.119128],[3.572167,44.119114],[3.571716,44.119169],[3.569913,44.119596],[3.569476,44.119856],[3.569141,44.12012],[3.569004,44.120439],[3.568771,44.120586],[3.568518,44.120582],[3.568078,44.120371],[3.567695,44.120303],[3.566775,44.120374],[3.565466,44.120424],[3.565263,44.120586],[3.56508,44.12104],[3.564887,44.121133],[3.564023,44.121042],[3.563401,44.12061],[3.563154,44.12032],[3.562966,44.119897],[3.562731,44.119812],[3.562178,44.119854],[3.561882,44.119765],[3.56148,44.119431],[3.561088,44.119192],[3.560708,44.118914],[3.56044,44.118839],[3.560072,44.118474],[3.559819,44.118334],[3.559442,44.118402],[3.559002,44.118179],[3.558615,44.118123],[3.55831,44.118048],[3.557988,44.118013],[3.557709,44.117694],[3.556829,44.117547],[3.556399,44.117161],[3.555783,44.117085],[3.55483,44.117161],[3.553785,44.116798],[3.553018,44.116322],[3.552146,44.11661],[3.550027,44.11649],[3.549663,44.116338],[3.549556,44.116138],[3.548595,44.11558],[3.547914,44.115025],[3.547431,44.11477],[3.546079,44.114454],[3.54576,44.113944],[3.545612,44.113603],[3.545296,44.113261],[3.545553,44.112691],[3.545597,44.112059],[3.54543,44.111308],[3.545157,44.110657],[3.543762,44.109718],[3.543462,44.109294],[3.543499,44.108897],[3.543356,44.108785],[3.54325,44.108612],[3.543232,44.108437],[3.543134,44.108259],[3.543078,44.108081],[3.542855,44.107831],[3.542549,44.107301],[3.542281,44.106578],[3.542174,44.106166],[3.542131,44.105846],[3.54198,44.105211],[3.541763,44.104813],[3.541278,44.103598],[3.541172,44.103525],[3.541151,44.103367],[3.541076,44.10332],[3.541004,44.10305],[3.540803,44.102909],[3.538478,44.101724],[3.538156,44.101462],[3.538988,44.100473],[3.539786,44.100342],[3.540414,44.100091],[3.540167,44.099818],[3.539963,44.099051],[3.539953,44.09798],[3.540154,44.097581],[3.539873,44.097094],[3.53975,44.096747],[3.539666,44.096065],[3.539808,44.095808],[3.540742,44.095278],[3.541472,44.094914],[3.541991,44.094532],[3.542329,44.094147],[3.542705,44.0938],[3.544094,44.093662],[3.544674,44.09353],[3.545027,44.093306],[3.545285,44.092656],[3.545636,44.092704],[3.546251,44.092583],[3.54654,44.092444],[3.546959,44.092367],[3.547094,44.092304],[3.547094,44.092304],[3.54766,44.092202],[3.548991,44.092304],[3.549954,44.091958],[3.550973,44.091246],[3.551539,44.090677],[3.552926,44.090189],[3.557173,44.089396],[3.559354,44.088562],[3.561194,44.087464],[3.562043,44.085817],[3.563119,44.083945],[3.563459,44.082054],[3.562496,44.079776],[3.562072,44.079003],[3.562327,44.078515],[3.563091,44.077966],[3.563091,44.076623],[3.563827,44.075057],[3.565186,44.07286],[3.565384,44.073043],[3.565639,44.07225],[3.566602,44.071233],[3.566545,44.06989],[3.56629,44.06928],[3.565951,44.067957],[3.566262,44.067144],[3.566913,44.066249],[3.567083,44.065618],[3.567096,44.065531],[3.56744,44.064603],[3.567362,44.063977],[3.567109,44.063024],[3.566751,44.062181],[3.566544,44.061585],[3.56633,44.061254],[3.566314,44.060839],[3.56678,44.060154],[3.566479,44.058849],[3.566758,44.058517],[3.56678,44.057328],[3.566147,44.056389],[3.566136,44.055417],[3.565654,44.054871],[3.56575,44.054314],[3.56604,44.053738],[3.565943,44.051995],[3.566115,44.051518],[3.566018,44.051037],[3.566715,44.0499],[3.56708,44.049495],[3.567692,44.0481],[3.568132,44.046528],[3.568292,44.046188],[3.568282,44.045607],[3.568379,44.04509],[3.568561,44.044764],[3.568862,44.044476],[3.569451,44.043975],[3.570873,44.043583],[3.570004,44.042984],[3.570497,44.04298],[3.571353,44.042704],[3.571496,44.042579],[3.570275,44.042348],[3.570096,44.042159],[3.570133,44.041897],[3.570621,44.041431],[3.570643,44.040963],[3.570272,44.040739],[3.570143,44.040503],[3.570257,44.040226],[3.570921,44.03978],[3.570894,44.039504],[3.571041,44.039502],[3.571294,44.039554],[3.571405,44.039497],[3.571045,44.039242],[3.57035,44.038912],[3.569398,44.038612],[3.569039,44.038638],[3.568601,44.038831],[3.568363,44.038811],[3.568129,44.038191],[3.567912,44.038219],[3.568008,44.037934],[3.567869,44.037541],[3.567915,44.037344],[3.568067,44.037079],[3.567863,44.036609],[3.567397,44.03607],[3.566877,44.035735],[3.566544,44.035328],[3.566233,44.034843],[3.56626,44.034516],[3.565987,44.034206],[3.56597,44.033971],[3.565675,44.033521],[3.565481,44.033034],[3.565473,44.032803],[3.56568,44.032615],[3.565793,44.032453],[3.56597,44.032323],[3.565983,44.032128],[3.565841,44.03191],[3.565546,44.031242],[3.565106,44.030628],[3.565144,44.030202],[3.565214,44.029981],[3.56519,44.029767],[3.56523,44.029485],[3.565111,44.028854],[3.565557,44.028455],[3.565776,44.02834],[3.56634,44.028183],[3.566753,44.028232],[3.567005,44.028227],[3.567821,44.028286],[3.568245,44.028468],[3.568625,44.028858],[3.569041,44.029026],[3.569274,44.029178],[3.56957,44.029213],[3.569242,44.028862],[3.569098,44.028549],[3.569275,44.028291],[3.56987,44.028118],[3.570234,44.027881],[3.570583,44.027459],[3.57082,44.027234],[3.571382,44.027127],[3.57223,44.026953],[3.572681,44.026833],[3.572928,44.026633],[3.573374,44.026552],[3.573707,44.026869],[3.57477,44.02664],[3.575194,44.026312],[3.576272,44.025854],[3.575634,44.025603],[3.574876,44.025451],[3.574467,44.025055],[3.574326,44.024469],[3.573874,44.023739],[3.57353,44.02284],[3.573136,44.022168],[3.572928,44.021734],[3.573008,44.021482],[3.57296,44.021378],[3.573182,44.021303],[3.573588,44.021115],[3.57392,44.021103],[3.574403,44.021314],[3.574698,44.021559],[3.574719,44.02142],[3.574258,44.021],[3.574049,44.020892],[3.573748,44.020656],[3.574263,44.020731],[3.574478,44.020737],[3.57436,44.020571],[3.573862,44.020294],[3.572316,44.019824],[3.572751,44.019665],[3.572877,44.019489],[3.573261,44.019317],[3.57377,44.019299],[3.574473,44.019008],[3.574725,44.018775],[3.575245,44.018512],[3.575969,44.018392],[3.57682,44.018082],[3.577337,44.01778],[3.577718,44.017288],[3.57774,44.016954],[3.577587,44.016731],[3.577423,44.016361],[3.576892,44.016041],[3.57678,44.01587],[3.577026,44.015881],[3.577397,44.01561],[3.577364,44.015543],[3.576951,44.015453],[3.576696,44.01522],[3.576581,44.014933],[3.576334,44.014683],[3.576034,44.014612],[3.575487,44.014633],[3.575436,44.014585],[3.574939,44.014538],[3.575599,44.014248],[3.575613,44.013946],[3.575659,44.013668],[3.575814,44.013515],[3.575768,44.013187],[3.575658,44.012804],[3.575722,44.012753],[3.576361,44.013233],[3.576385,44.013076],[3.576205,44.012556],[3.576189,44.012375],[3.576262,44.012372],[3.576367,44.012561],[3.576699,44.012753],[3.576656,44.01221],[3.576865,44.011098],[3.57679,44.010796],[3.576619,44.01049],[3.576141,44.010151],[3.575637,44.009884],[3.575473,44.009642],[3.575299,44.009145],[3.575041,44.008711],[3.575036,44.008494],[3.574934,44.008242],[3.574875,44.007537],[3.575106,44.006776],[3.575704,44.006533],[3.575872,44.00642],[3.576136,44.006397],[3.576238,44.006177],[3.576181,44.006057],[3.575867,44.005833],[3.575969,44.005641],[3.57598,44.005406],[3.576095,44.00537],[3.576564,44.005638],[3.576806,44.005652],[3.57702,44.005524],[3.5768,44.005336],[3.576774,44.004961],[3.576581,44.004577],[3.576047,44.004089],[3.575363,44.003376],[3.575524,44.003063],[3.575706,44.003203],[3.576087,44.003249],[3.577375,44.003693],[3.578528,44.003933],[3.578657,44.004149],[3.578965,44.004182],[3.579456,44.004072],[3.580202,44.004044],[3.581055,44.004166],[3.581701,44.004186],[3.582235,44.004012],[3.5829,44.003568],[3.583346,44.003377],[3.583662,44.003108],[3.583662,44.002784],[3.583997,44.002291],[3.584321,44.002011],[3.584408,44.001442],[3.584611,44.001389],[3.584869,44.001096],[3.585255,44.000916],[3.585314,44.000762],[3.585743,44.000488],[3.586408,44.001193],[3.586679,44.001268],[3.58682,44.001155],[3.587465,44.000965],[3.587669,44.001049],[3.588345,44.000896],[3.588168,44.000576],[3.588458,44.000138],[3.58842,43.999361],[3.588511,43.999003],[3.589311,43.997932],[3.590104,43.997455],[3.590152,43.996865],[3.590807,43.995331],[3.591221,43.993939],[3.591398,43.993677],[3.591641,43.993018],[3.59181,43.992382],[3.591671,43.992066],[3.592132,43.990608],[3.59232,43.990438],[3.59187,43.989772],[3.59195,43.989608],[3.592197,43.989426],[3.592148,43.988715],[3.592256,43.988034],[3.592398,43.987779],[3.592776,43.987255],[3.593076,43.987335],[3.59276,43.987562],[3.592497,43.98789],[3.592599,43.988202],[3.593215,43.988716],[3.59415,43.988773],[3.594331,43.988601],[3.594862,43.988582],[3.595555,43.988835],[3.597332,43.988413],[3.597706,43.988251],[3.599051,43.988077],[3.599424,43.988628],[3.60006,43.989246],[3.600433,43.989958],[3.601176,43.990413],[3.603033,43.989452],[3.603988,43.988913],[3.603977,43.988822],[3.606015,43.988537],[3.60652,43.988316],[3.60638,43.987751],[3.606466,43.987256],[3.606702,43.986955],[3.606884,43.986396],[3.606874,43.985976],[3.606466,43.984401],[3.606134,43.983852],[3.605222,43.98288],[3.604294,43.981976],[3.604108,43.981694],[3.603644,43.981389],[3.603505,43.981026],[3.601928,43.980179],[3.601509,43.980084],[3.600619,43.979107],[3.600565,43.978903],[3.599643,43.977814],[3.599192,43.977592],[3.598977,43.977036],[3.598655,43.976547],[3.598892,43.975422],[3.599492,43.975582],[3.600255,43.974541],[3.600286,43.973857],[3.599986,43.972671],[3.600211,43.972052],[3.600206,43.971436],[3.600774,43.970853],[3.601231,43.969487],[3.60166,43.969044],[3.602121,43.968118],[3.602201,43.967781],[3.601649,43.967552],[3.601971,43.966923],[3.601866,43.966874],[3.601659,43.966903],[3.601565,43.966771],[3.601557,43.966585],[3.601649,43.966328],[3.601632,43.96596],[3.601305,43.965429],[3.601211,43.965112],[3.601128,43.964509],[3.600986,43.964303],[3.600876,43.964338],[3.600721,43.964627],[3.60049,43.964334],[3.600201,43.964133],[3.599878,43.964047],[3.599519,43.964045],[3.599659,43.964529],[3.5996,43.964718],[3.59931,43.964573],[3.59924,43.964806],[3.598891,43.964714],[3.598859,43.964867],[3.598731,43.964806],[3.598634,43.965027],[3.598441,43.964775],[3.59828,43.965012],[3.598173,43.964798],[3.598028,43.965046],[3.597862,43.964778],[3.597545,43.964665],[3.596987,43.964266],[3.596226,43.963554],[3.595788,43.963602],[3.595523,43.963589],[3.595389,43.963406],[3.59541,43.962989],[3.595362,43.962673],[3.595147,43.962425],[3.594938,43.961464],[3.594401,43.960737],[3.593827,43.960084],[3.59343,43.959503],[3.592964,43.959099],[3.592656,43.958679],[3.592401,43.958252],[3.592406,43.957981],[3.592229,43.957675],[3.591778,43.957408],[3.591177,43.957404],[3.589466,43.957633],[3.589273,43.95773],[3.589139,43.9581],[3.589139,43.958378],[3.589519,43.958797],[3.589423,43.959003],[3.589117,43.959038],[3.588817,43.958898],[3.588635,43.958503],[3.588211,43.958069],[3.587691,43.957898],[3.587058,43.957962],[3.586596,43.957977],[3.586049,43.956528],[3.585491,43.955578],[3.584376,43.955581],[3.584006,43.955153],[3.58341,43.954617],[3.583363,43.954097],[3.58323,43.953607],[3.583244,43.952875],[3.583099,43.952122],[3.582959,43.951759],[3.582793,43.950999],[3.582487,43.950207],[3.582423,43.949762],[3.582313,43.949572],[3.581709,43.949274],[3.581253,43.948879],[3.581028,43.948524],[3.580991,43.947706],[3.580846,43.947398],[3.580019,43.946777],[3.579355,43.945496],[3.579204,43.944839],[3.579011,43.944322],[3.578903,43.943727],[3.578979,43.942392],[3.579783,43.941002],[3.58032,43.940569],[3.581071,43.939786],[3.581168,43.939432],[3.582466,43.937958],[3.582906,43.937641],[3.583346,43.93685],[3.583646,43.935894],[3.584225,43.935391],[3.58459,43.934846],[3.585051,43.934264],[3.585802,43.933783],[3.5861,43.933439],[3.586312,43.933064],[3.586736,43.932454],[3.58709,43.932025],[3.587358,43.931574],[3.587272,43.930992],[3.587691,43.930582],[3.588399,43.930194],[3.588774,43.929898],[3.589,43.929261],[3.589246,43.928837],[3.589107,43.92844],[3.588367,43.928352],[3.587326,43.928799],[3.586495,43.928768],[3.585947,43.929256],[3.585807,43.92956],[3.585464,43.929737],[3.584836,43.929855],[3.584547,43.92984],[3.583817,43.929646],[3.583152,43.929611],[3.581878,43.929712],[3.581001,43.929706],[3.577917,43.929272],[3.576629,43.929813],[3.575631,43.930114],[3.574969,43.930203],[3.573221,43.930657],[3.571581,43.930987],[3.57102,43.931195],[3.566737,43.932115],[3.564573,43.933137],[3.56339,43.933486],[3.562691,43.933893],[3.561959,43.934194],[3.560537,43.934251],[3.559415,43.934645],[3.558899,43.935016],[3.558292,43.935104],[3.557867,43.935147],[3.55729,43.935409],[3.556501,43.935519],[3.55553,43.935759],[3.554711,43.93565],[3.554134,43.935759],[3.551737,43.93471],[3.550796,43.934055],[3.550438,43.933629],[3.549811,43.93324],[3.548451,43.932738],[3.547034,43.932088],[3.545395,43.931476],[3.542512,43.930755],[3.541976,43.930319],[3.538593,43.928833],[3.537932,43.928112],[3.536931,43.927738],[3.536731,43.928098],[3.536971,43.928776],[3.536811,43.929208],[3.53631,43.929309],[3.535169,43.929843],[3.534609,43.929958],[3.533327,43.930045],[3.531605,43.930362],[3.529563,43.931083],[3.528582,43.931285],[3.528062,43.931486],[3.527021,43.931717],[3.524278,43.932654],[3.523637,43.93277],[3.522716,43.933044],[3.521135,43.933764],[3.519653,43.934327],[3.518472,43.934817],[3.517491,43.93636],[3.51687,43.936965],[3.51637,43.936879],[3.516089,43.936461],[3.515769,43.936201],[3.515989,43.935696],[3.515389,43.934846],[3.515289,43.934312],[3.514948,43.933808],[3.514948,43.932568],[3.515409,43.931458],[3.515429,43.931155],[3.515949,43.930246],[3.515729,43.927406],[3.515869,43.927045],[3.515569,43.925488],[3.51623,43.924378],[3.51633,43.92383],[3.515889,43.923138],[3.515669,43.92233],[3.515188,43.921551],[3.515649,43.920571],[3.515429,43.920052],[3.515989,43.919446],[3.516009,43.918984],[3.515869,43.918595],[3.516009,43.918061],[3.515889,43.917658],[3.51625,43.916763],[3.51645,43.915783],[3.516189,43.915639],[3.515709,43.915913],[3.515349,43.915437],[3.515008,43.915249],[3.512626,43.911831],[3.513206,43.911629],[3.513887,43.91098],[3.515349,43.910043],[3.515729,43.909177],[3.51645,43.908586],[3.516149,43.907706],[3.51625,43.907489],[3.51623,43.906465],[3.51649,43.905845],[3.51629,43.905283],[3.51651,43.905008],[3.51623,43.904504],[3.51647,43.90384],[3.51631,43.903566],[3.51633,43.903018],[3.515969,43.902686],[3.516209,43.902325],[3.515689,43.902152],[3.515749,43.901402],[3.515369,43.900883],[3.515309,43.900335],[3.514728,43.900378],[3.514468,43.900248],[3.513727,43.90032],[3.513286,43.900479],[3.512926,43.900493],[3.512546,43.900695],[3.512546,43.901244],[3.511865,43.901546],[3.511344,43.901532],[3.511084,43.90146],[3.510263,43.901575],[3.510023,43.901489],[3.509523,43.901561],[3.509583,43.901287],[3.509422,43.901042],[3.509382,43.900681],[3.509603,43.900349],[3.510263,43.900291],[3.509803,43.900069],[3.509394,43.900022],[3.508839,43.899793],[3.509116,43.899574],[3.509182,43.899403],[3.509433,43.899193],[3.508971,43.89907],[3.509407,43.898641],[3.509763,43.898584],[3.510028,43.898727],[3.509948,43.89827],[3.509499,43.898204],[3.5094,43.898229],[3.509011,43.898319],[3.508748,43.898445],[3.508732,43.898389],[3.508952,43.89824],[3.509756,43.897875],[3.510051,43.897847],[3.510003,43.89778],[3.508946,43.897874],[3.508555,43.897992],[3.508995,43.897709],[3.510223,43.897209],[3.510392,43.897221],[3.510603,43.89742],[3.510668,43.897399],[3.510421,43.897046],[3.510161,43.896956],[3.509869,43.896951],[3.508976,43.897064],[3.50892,43.897037],[3.50985,43.896646],[3.510288,43.896518],[3.509609,43.896494],[3.509021,43.896527],[3.509477,43.896343],[3.50834,43.896404],[3.50808,43.89651],[3.508045,43.896461],[3.508801,43.896103],[3.508318,43.896156],[3.507879,43.896309],[3.507858,43.896246],[3.508383,43.895991],[3.508898,43.895825],[3.510148,43.895596],[3.51011,43.895271],[3.510459,43.895245],[3.510996,43.895032],[3.51136,43.894676],[3.511542,43.894584],[3.51195,43.89442],[3.511859,43.893944],[3.512087,43.893891],[3.512075,43.893699],[3.512294,43.893382],[3.512079,43.892127],[3.512417,43.892453],[3.512385,43.892086],[3.513205,43.892922],[3.513324,43.892763],[3.513522,43.892236],[3.513759,43.891982],[3.513842,43.891733],[3.514058,43.891641],[3.514129,43.891484],[3.514445,43.891393],[3.514681,43.891372],[3.515201,43.891125],[3.514986,43.890827],[3.514818,43.890748],[3.51452,43.890461],[3.514442,43.890247],[3.514145,43.889712],[3.514144,43.889489],[3.514334,43.889364],[3.514568,43.8891],[3.514565,43.888961],[3.514756,43.888665],[3.514654,43.888344],[3.514753,43.88819],[3.515035,43.888168],[3.515083,43.888003],[3.515206,43.887795],[3.515394,43.887718],[3.515753,43.887498],[3.516027,43.887397],[3.516124,43.8871],[3.516043,43.886956],[3.516451,43.886753],[3.517009,43.886749],[3.51731,43.886556],[3.517889,43.886489],[3.51812,43.886298],[3.518723,43.886284],[3.518939,43.886222],[3.51923,43.886234],[3.51931,43.886054],[3.519294,43.885762],[3.519471,43.885578],[3.519396,43.88536],[3.51974,43.884895],[3.519748,43.884719],[3.519085,43.884492],[3.518997,43.884337],[3.518864,43.884235],[3.518849,43.884118],[3.519354,43.883717],[3.519343,43.883561],[3.519246,43.883404],[3.518715,43.883114],[3.518728,43.882918],[3.518479,43.882717],[3.518685,43.882574],[3.518747,43.882438],[3.518479,43.881966],[3.518688,43.881799],[3.518736,43.881546],[3.518946,43.881266],[3.519144,43.880883],[3.519437,43.88073],[3.519719,43.880508],[3.520316,43.88021],[3.520746,43.880036],[3.521007,43.879969],[3.521155,43.879824],[3.521446,43.879933],[3.52144,43.879838],[3.520775,43.879414],[3.5207,43.879007],[3.520255,43.878353],[3.520689,43.878067],[3.520952,43.877952],[3.521084,43.877755],[3.521247,43.877674],[3.521314,43.877385],[3.521504,43.877074],[3.521719,43.876953],[3.522116,43.876915],[3.522153,43.876775],[3.521534,43.876282],[3.521295,43.876191],[3.520906,43.875658],[3.520823,43.875422],[3.520984,43.875195],[3.520925,43.875101],[3.520577,43.874992],[3.520585,43.874809],[3.520984,43.874429],[3.521493,43.874069],[3.521461,43.873811],[3.521201,43.87354],[3.52092,43.873454],[3.520045,43.87339],[3.520056,43.873067],[3.519938,43.872934],[3.51959,43.872771],[3.518549,43.871933],[3.518324,43.87193],[3.517921,43.871717],[3.517943,43.871592],[3.518174,43.871454],[3.518785,43.870842],[3.518886,43.870583],[3.51878,43.870504],[3.518546,43.87041],[3.518517,43.870318],[3.51909,43.869908],[3.519691,43.869789],[3.521183,43.86918],[3.521987,43.86905],[3.522129,43.868948],[3.52225,43.868768],[3.522191,43.868391],[3.522245,43.86825],[3.522181,43.867975],[3.522191,43.867573],[3.521848,43.866893],[3.521601,43.866623],[3.52063,43.866074],[3.519608,43.865774],[3.518962,43.86562],[3.518468,43.865408],[3.518157,43.865219],[3.517803,43.864895],[3.517897,43.86471],[3.517991,43.863944],[3.518082,43.863605],[3.518302,43.863452],[3.518527,43.863144],[3.518581,43.862865],[3.519235,43.862934],[3.519852,43.862786],[3.520179,43.862835],[3.521129,43.863109],[3.522036,43.863445],[3.522727,43.863765],[3.523277,43.863806],[3.523644,43.86377],[3.523945,43.863648],[3.524235,43.863202],[3.524283,43.863022],[3.524031,43.862773],[3.524304,43.862537],[3.524734,43.862469],[3.525104,43.862111],[3.525831,43.861604],[3.526157,43.861347],[3.52658,43.861043],[3.526672,43.860817],[3.526668,43.86039],[3.526542,43.86019],[3.526015,43.859932],[3.525705,43.859528],[3.525264,43.859231],[3.525501,43.859585],[3.525828,43.85994],[3.526268,43.860275],[3.526247,43.860406],[3.525318,43.859798],[3.524954,43.859699],[3.525329,43.860218],[3.525613,43.860375],[3.525726,43.860516],[3.52563,43.860718],[3.525356,43.860912],[3.525434,43.860727],[3.525415,43.860561],[3.524662,43.860101],[3.524375,43.860001],[3.524664,43.860264],[3.524835,43.860535],[3.524219,43.86013],[3.52284,43.859675],[3.522588,43.859507],[3.522443,43.858967],[3.522127,43.85849],[3.521966,43.858531],[3.522073,43.859179],[3.522287,43.859638],[3.522706,43.859973],[3.523408,43.860359],[3.52366,43.860563],[3.523671,43.860662],[3.523561,43.860582],[3.523097,43.860409],[3.522502,43.860272],[3.52196,43.860078],[3.521558,43.859817],[3.521075,43.859157],[3.521177,43.859726],[3.521324,43.860161],[3.521268,43.860295],[3.520754,43.860142],[3.520448,43.859942],[3.520303,43.859947],[3.520185,43.859782],[3.519777,43.85955],[3.519796,43.859384],[3.519632,43.858862],[3.51931,43.858545],[3.519069,43.858383],[3.519069,43.858495],[3.519241,43.858723],[3.518683,43.858395],[3.517921,43.85812],[3.518843,43.857044],[3.518972,43.85606],[3.519702,43.854955],[3.520035,43.854584],[3.520061,43.85436],[3.520311,43.853923],[3.520506,43.853486],[3.520657,43.851927],[3.520829,43.85104],[3.520936,43.850914],[3.520936,43.850726],[3.520703,43.8502],[3.520405,43.849847],[3.520362,43.849692],[3.520093,43.849397],[3.519487,43.848911],[3.519284,43.848881],[3.518801,43.848333],[3.518822,43.848108],[3.518769,43.84793],[3.518275,43.847706],[3.518115,43.847302],[3.518221,43.846863],[3.517857,43.846774],[3.517621,43.846669],[3.517749,43.846306],[3.517631,43.846135],[3.51687,43.845685],[3.514723,43.844998],[3.514488,43.84481],[3.513983,43.844686],[3.513221,43.844578],[3.51261,43.843914],[3.511446,43.843702],[3.510733,43.843629],[3.509826,43.843471],[3.507782,43.843312],[3.50628,43.843373],[3.504027,43.843636],[3.502932,43.843696],[3.501678,43.843403],[3.498705,43.843227],[3.497204,43.843003],[3.495272,43.843251],[3.492047,43.842551],[3.488497,43.842726],[3.488497,43.84196],[3.488132,43.841391],[3.487057,43.841248],[3.485633,43.841129],[3.48522,43.840881],[3.4839,43.840692],[3.483299,43.840513],[3.483116,43.840426],[3.48227,43.840172],[3.48102,43.84008],[3.480557,43.840027],[3.480561,43.839872],[3.480678,43.839678],[3.480847,43.839023],[3.480617,43.838291],[3.480381,43.838219],[3.479796,43.837489],[3.479552,43.837291],[3.479446,43.837145],[3.47919,43.836922],[3.47882,43.836296],[3.478347,43.836159],[3.478417,43.836006],[3.479051,43.835861],[3.479904,43.835461],[3.480364,43.835015],[3.480885,43.834687],[3.4811,43.833928],[3.481169,43.833226],[3.481298,43.832902],[3.481185,43.832546],[3.481287,43.832165],[3.481174,43.831966],[3.481196,43.831791],[3.480735,43.831074],[3.479973,43.830547],[3.479603,43.830156],[3.479319,43.829765],[3.479254,43.829372],[3.478589,43.829086],[3.478514,43.828861],[3.478621,43.828667],[3.478455,43.827922],[3.478332,43.827145],[3.478133,43.82678],[3.478066,43.826443],[3.477977,43.826222],[3.477999,43.825629],[3.478063,43.825292],[3.478074,43.82434],[3.47757,43.823636],[3.477527,43.823001],[3.477055,43.822344],[3.476583,43.821556],[3.476004,43.821393],[3.475864,43.82088],[3.475821,43.819519],[3.475494,43.819039],[3.475102,43.818188],[3.474453,43.81734],[3.473986,43.816871],[3.473944,43.815708],[3.473493,43.815338],[3.473627,43.81523],[3.474018,43.814642],[3.474137,43.814356],[3.473536,43.812713],[3.472677,43.811106],[3.47227,43.810436],[3.4716,43.808885],[3.471476,43.808427],[3.471374,43.807664],[3.471162,43.807472],[3.470537,43.807106],[3.470049,43.806714],[3.469368,43.805743],[3.469191,43.805142],[3.468316,43.804178],[3.46741,43.803005],[3.467023,43.802316],[3.46605,43.801327],[3.465055,43.800469],[3.464138,43.79959],[3.462238,43.798126],[3.461713,43.797522],[3.461273,43.796646],[3.45961,43.79484],[3.459299,43.794545],[3.459197,43.794023],[3.458612,43.792595],[3.45858,43.792023],[3.458736,43.791732],[3.459353,43.791031],[3.459481,43.790681],[3.459905,43.790285],[3.46005,43.790064],[3.459148,43.790297],[3.460333,43.789001],[3.459726,43.787861],[3.459362,43.787767],[3.457067,43.786888],[3.456659,43.786561],[3.456552,43.786376],[3.45652,43.786213],[3.456611,43.785903],[3.456582,43.78538],[3.456455,43.78492],[3.456482,43.784681],[3.456399,43.784294],[3.456422,43.783977],[3.456343,43.783501],[3.456369,43.783386],[3.456273,43.783203],[3.456161,43.782609],[3.455857,43.782188],[3.455731,43.781934],[3.455237,43.781609],[3.45527,43.781127],[3.454728,43.780326],[3.45498,43.779735],[3.455192,43.779483],[3.45535,43.77916],[3.455516,43.77903],[3.455586,43.778893],[3.455141,43.778846],[3.45472,43.778951],[3.454362,43.779115],[3.454133,43.779265],[3.453875,43.779519],[3.45366,43.77967],[3.453001,43.779911],[3.452491,43.77956],[3.452185,43.779034],[3.452298,43.778893],[3.45219,43.778725],[3.452196,43.778451],[3.452067,43.778294],[3.451702,43.778237],[3.451531,43.778133],[3.451212,43.778127],[3.450941,43.778167],[3.450795,43.777937],[3.450643,43.777772],[3.450474,43.777455],[3.450179,43.777262],[3.449573,43.777157],[3.449322,43.776969],[3.449146,43.776803],[3.448817,43.776573],[3.448592,43.776518],[3.448302,43.776478],[3.448114,43.776333],[3.447288,43.776234],[3.446521,43.775898],[3.445684,43.775851],[3.444042,43.775936],[3.443787,43.775911],[3.443361,43.775932],[3.443149,43.775861],[3.442738,43.775898],[3.442041,43.775654],[3.44163,43.775559],[3.44093,43.775329],[3.440533,43.77493],[3.440094,43.774628],[3.439686,43.774532],[3.438844,43.774737],[3.43811,43.775059],[3.437852,43.775547],[3.436897,43.776063],[3.436178,43.776518],[3.436007,43.776439],[3.43607,43.775702],[3.435652,43.775162],[3.435856,43.774651],[3.435733,43.774422],[3.435288,43.774085],[3.434515,43.773629],[3.434269,43.773324],[3.433067,43.772606],[3.432101,43.772518],[3.431747,43.772876],[3.431704,43.773193],[3.430937,43.773619],[3.430169,43.774177],[3.429419,43.774388],[3.428882,43.774757],[3.427917,43.775292],[3.427713,43.775169],[3.427627,43.774597],[3.427348,43.774365],[3.426512,43.774114],[3.4259,43.773147],[3.425524,43.772999],[3.42458,43.772984],[3.423829,43.77242],[3.422553,43.77211],[3.422391,43.7719],[3.422789,43.771164],[3.422928,43.770483],[3.422681,43.77009],[3.422542,43.76969],[3.422177,43.76903],[3.421898,43.768669],[3.421748,43.768304],[3.421083,43.767739],[3.420954,43.766937],[3.420822,43.766627],[3.420562,43.76645],[3.41943,43.766441],[3.418245,43.766464],[3.417633,43.766736],[3.417166,43.766972],[3.415932,43.766707],[3.41369,43.766186],[3.413355,43.765949],[3.412998,43.765786],[3.412883,43.765612],[3.412874,43.765256],[3.412425,43.764549],[3.412408,43.763876],[3.412274,43.763621],[3.411501,43.762844],[3.411207,43.762685],[3.410797,43.762596],[3.410199,43.762578],[3.409909,43.762434],[3.409243,43.762212],[3.408024,43.762153],[3.407666,43.761871],[3.407243,43.761812],[3.406511,43.761953],[3.405991,43.761801],[3.404099,43.761478],[3.403787,43.761185],[3.403358,43.761169],[3.40279,43.760952],[3.402125,43.76086],[3.401674,43.760588],[3.401417,43.760214],[3.401363,43.759542],[3.400794,43.759373],[3.40015,43.759503],[3.399501,43.759408],[3.399072,43.759226],[3.398192,43.758401],[3.397528,43.758003],[3.396938,43.758236],[3.396586,43.758219],[3.396234,43.758094],[3.39587,43.757843],[3.395204,43.757732],[3.394738,43.757527],[3.393461,43.757293],[3.393137,43.757077],[3.392871,43.757019],[3.392413,43.757119],[3.392056,43.757118],[3.391777,43.756858],[3.391224,43.756996],[3.390902,43.757168],[3.390263,43.757117],[3.390012,43.757264],[3.389915,43.757462],[3.389389,43.757197],[3.389014,43.756904],[3.389148,43.756421],[3.389062,43.756229],[3.388891,43.756054],[3.38763,43.755582],[3.386842,43.755388],[3.386309,43.755125],[3.385905,43.754776],[3.385313,43.754451],[3.385055,43.754002],[3.384663,43.753904],[3.384401,43.753787],[3.384213,43.753582],[3.383494,43.753246],[3.38247,43.753246],[3.382125,43.753356],[3.381566,43.753614],[3.381226,43.753858],[3.380791,43.754032],[3.380506,43.754402],[3.380345,43.754412],[3.380055,43.754368],[3.379648,43.7546],[3.379026,43.754871],[3.378672,43.754922],[3.378189,43.755096],[3.377609,43.75513],[3.377124,43.755507],[3.376982,43.755511],[3.376547,43.755247],[3.376172,43.754937],[3.375957,43.754852],[3.375829,43.75492],[3.375856,43.755074],[3.376027,43.755581],[3.376129,43.75662],[3.375965,43.756734],[3.375136,43.756832],[3.374434,43.756703],[3.374109,43.756819],[3.373845,43.756862],[3.373575,43.756928],[3.373303,43.75687],[3.372747,43.756665],[3.372025,43.756359],[3.371789,43.756367],[3.371622,43.756479],[3.371311,43.756564],[3.37136,43.756664],[3.371929,43.756497],[3.372186,43.756635],[3.372974,43.757362],[3.373747,43.757626],[3.374363,43.757905],[3.375185,43.757969],[3.37453,43.758068],[3.374098,43.758208],[3.37343,43.758465],[3.372663,43.758602],[3.372427,43.758596],[3.371773,43.757985],[3.371574,43.757949],[3.370952,43.758052],[3.370244,43.758049],[3.369649,43.757991],[3.369536,43.758076],[3.369455,43.758106],[3.369498,43.75824],[3.369348,43.758243],[3.369455,43.758381],[3.369367,43.758446],[3.369479,43.758625],[3.369408,43.758642],[3.369573,43.758858],[3.369166,43.759021],[3.369107,43.759251],[3.369091,43.759465],[3.368812,43.759746],[3.368651,43.75972],[3.368693,43.759949],[3.368452,43.759816],[3.368474,43.760079],[3.3682,43.759849],[3.368238,43.760015],[3.368479,43.760224],[3.36863,43.760548],[3.36805,43.760227],[3.368109,43.760403],[3.367988,43.76035],[3.367739,43.760143],[3.367041,43.760074],[3.36599,43.759549],[3.365722,43.7591],[3.365443,43.758984],[3.364992,43.759185],[3.364487,43.758862],[3.362975,43.758503],[3.362621,43.758209],[3.362235,43.758074],[3.361892,43.757893],[3.360819,43.757706],[3.360111,43.757412],[3.357707,43.757046],[3.357289,43.757132],[3.356785,43.75745],[3.356312,43.757457],[3.355841,43.757292],[3.355595,43.757066],[3.355708,43.756698],[3.355553,43.756718],[3.355864,43.755399],[3.355694,43.755093],[3.355779,43.754612],[3.35602,43.754295],[3.35657,43.754162],[3.356752,43.75383],[3.356194,43.753582],[3.355358,43.753414],[3.356849,43.752979],[3.357557,43.752414],[3.35759,43.751824],[3.358893,43.751686],[3.359134,43.751411],[3.358941,43.751274],[3.358962,43.751069],[3.358843,43.750742],[3.358896,43.750415],[3.358775,43.750083],[3.358876,43.749648],[3.358686,43.749442],[3.358496,43.749348],[3.358469,43.749076],[3.358421,43.748969],[3.358051,43.748941],[3.357954,43.748805],[3.357911,43.748532],[3.357777,43.748405],[3.357557,43.74831],[3.357262,43.748451],[3.356721,43.748505],[3.356485,43.748404],[3.356195,43.74809],[3.356072,43.748043],[3.355736,43.747958],[3.355438,43.747806],[3.354988,43.747798],[3.354765,43.747534],[3.354536,43.747398],[3.354295,43.747272],[3.354065,43.747062],[3.353271,43.747016],[3.353078,43.746873],[3.352614,43.746755],[3.352261,43.746716],[3.352016,43.746584],[3.351796,43.746299],[3.35157,43.746117],[3.352815,43.745583],[3.353271,43.745648],[3.353598,43.745449],[3.35333,43.745258],[3.353222,43.74458],[3.353158,43.744504],[3.35274,43.744334],[3.352563,43.743839],[3.352563,43.743487],[3.35296,43.743012],[3.353255,43.74278],[3.353341,43.742559],[3.353273,43.74207],[3.353292,43.741902],[3.353888,43.741402],[3.353896,43.741237],[3.35406,43.74091],[3.354107,43.740731],[3.354027,43.740258],[3.354494,43.739986],[3.354339,43.739816],[3.354338,43.73963],[3.354676,43.738939],[3.355041,43.738576],[3.355148,43.738058],[3.355272,43.737811],[3.355368,43.737163],[3.355269,43.736982],[3.35532,43.736716],[3.355644,43.736591],[3.355754,43.736473],[3.355744,43.736249],[3.355615,43.73589],[3.355572,43.735001],[3.355384,43.734732],[3.355358,43.734557],[3.355733,43.734081],[3.355508,43.733894],[3.355315,43.733408],[3.355004,43.732971],[3.355325,43.7323],[3.355143,43.731693],[3.354682,43.731018],[3.35436,43.730523],[3.354226,43.730248],[3.354231,43.730011],[3.353941,43.72987],[3.35392,43.729763],[3.35362,43.729602],[3.353191,43.729602],[3.352546,43.729513],[3.352429,43.729298],[3.352375,43.728977],[3.352552,43.728723],[3.352622,43.728321],[3.35218,43.728137],[3.35243,43.727891],[3.35205,43.727812],[3.351731,43.727955],[3.35098,43.728954],[3.350433,43.729266],[3.349682,43.729492],[3.348641,43.729988],[3.348159,43.730431],[3.347601,43.730624],[3.346613,43.730694],[3.34523,43.731174],[3.344135,43.731247],[3.34375,43.730954],[3.342789,43.730538],[3.34178,43.730272],[3.340654,43.730174],[3.340005,43.730019],[3.338978,43.729289],[3.338662,43.729017],[3.337939,43.728473],[3.337806,43.728147],[3.337191,43.727628],[3.337086,43.727457],[3.337049,43.727079],[3.336298,43.725479],[3.336126,43.725019],[3.335896,43.724596],[3.33552,43.724142],[3.334603,43.723367],[3.334482,43.723065],[3.334265,43.722708],[3.334125,43.722351],[3.334028,43.722139],[3.333985,43.721942],[3.333782,43.721478],[3.333095,43.720895],[3.332602,43.720635],[3.332301,43.72034],[3.332135,43.720234],[3.331717,43.720567],[3.331277,43.720524],[3.330767,43.72069],[3.330606,43.720847],[3.330269,43.720989],[3.33022,43.721233],[3.330407,43.721649],[3.330333,43.721828],[3.330523,43.721959],[3.330692,43.722153],[3.330724,43.72229],[3.330429,43.722286],[3.330775,43.722766],[3.331051,43.723056],[3.331052,43.723273],[3.330606,43.723503],[3.329925,43.723442],[3.327903,43.723621],[3.326841,43.723557],[3.326636,43.723419],[3.326476,43.723447],[3.326304,43.723567],[3.32588,43.724641],[3.325928,43.725265],[3.325532,43.725429],[3.325564,43.725784],[3.325188,43.726189],[3.325049,43.726498],[3.324748,43.726638],[3.324577,43.727001],[3.324427,43.72691],[3.324459,43.727299],[3.324759,43.727985],[3.325049,43.729073],[3.324931,43.729397],[3.324652,43.729447],[3.324147,43.730119],[3.323987,43.731103],[3.322238,43.731018],[3.321326,43.730896],[3.320993,43.730996],[3.320274,43.730964],[3.319244,43.731304],[3.318772,43.730553],[3.318536,43.73008],[3.317871,43.730049],[3.317603,43.729743],[3.31676,43.729492],[3.315702,43.729442],[3.31423,43.729608],[3.312804,43.730074],[3.312,43.730123],[3.311011,43.730074],[3.310068,43.729941],[3.30947,43.729758],[3.308182,43.729924],[3.307446,43.729874],[3.305491,43.730007],[3.304548,43.729093],[3.304456,43.728628],[3.303789,43.728512],[3.302087,43.728578],[3.30126,43.728561],[3.300846,43.728694],[3.300547,43.728545],[3.30011,43.728478],[3.29988,43.727681],[3.299604,43.727448],[3.299121,43.727298],[3.298707,43.727348],[3.29827,43.726866],[3.298063,43.726484],[3.297672,43.725919],[3.297695,43.725287],[3.298017,43.724905],[3.29781,43.724523],[3.297764,43.724157],[3.297327,43.723991],[3.297074,43.723659],[3.296476,43.723526],[3.296453,43.72311],[3.296614,43.722395],[3.296223,43.722179],[3.296246,43.721781],[3.296844,43.720866],[3.296912,43.720807],[3.296874,43.720576],[3.297138,43.720158],[3.297401,43.719974],[3.297062,43.719734],[3.297207,43.719388],[3.297035,43.719311],[3.296628,43.719628],[3.296156,43.71956],[3.295812,43.719373],[3.295705,43.719095],[3.294482,43.718724],[3.293431,43.718079],[3.293302,43.717793],[3.292626,43.717751],[3.29297,43.717637],[3.293087,43.717007],[3.292862,43.716667],[3.292519,43.716682],[3.292379,43.717288],[3.292154,43.717448],[3.291757,43.717544],[3.291832,43.718635],[3.291553,43.719078],[3.290931,43.719475],[3.290823,43.719349],[3.291306,43.719101],[3.291446,43.718754],[3.291264,43.718263],[3.290936,43.718046],[3.290491,43.718015],[3.290427,43.717698],[3.290856,43.716869],[3.290426,43.716576],[3.289831,43.716482],[3.289343,43.716349],[3.288989,43.716114],[3.288528,43.715979],[3.287187,43.715333],[3.287251,43.714401],[3.286661,43.713543],[3.285995,43.712873],[3.285578,43.712612],[3.284698,43.711517],[3.28385,43.711465],[3.283431,43.711163],[3.283244,43.711173],[3.28312,43.711323],[3.283603,43.711704],[3.284096,43.71186],[3.284343,43.713535],[3.284214,43.714373],[3.283957,43.715108],[3.283935,43.715697],[3.284483,43.716302],[3.285137,43.716738],[3.285985,43.71704],[3.285856,43.717125],[3.284397,43.716705],[3.28386,43.716379],[3.283238,43.716084],[3.282868,43.715325],[3.282563,43.71445],[3.282669,43.71399],[3.282428,43.713099],[3.282187,43.712463],[3.281876,43.712494],[3.281597,43.712936],[3.280513,43.712635],[3.279752,43.712044],[3.278808,43.711913],[3.278432,43.711906],[3.278099,43.71175],[3.277863,43.711428],[3.277176,43.710812],[3.277069,43.710393],[3.276436,43.710007],[3.275664,43.708867],[3.275396,43.708687],[3.273765,43.708996],[3.272708,43.708907],[3.27237,43.708974],[3.271592,43.709336],[3.271019,43.709503],[3.269409,43.709545],[3.268806,43.709658],[3.268363,43.709671],[3.268111,43.709526],[3.268036,43.709326],[3.268132,43.708756],[3.268159,43.708317],[3.268218,43.707891],[3.268189,43.707735],[3.268063,43.70754],[3.267285,43.707111],[3.266711,43.706631],[3.266217,43.706487],[3.265847,43.706274],[3.265729,43.706118],[3.265697,43.705732],[3.265504,43.705365],[3.264843,43.705021],[3.263929,43.704811],[3.263181,43.704567],[3.26133,43.704046],[3.26118,43.703943],[3.261032,43.703548],[3.26074,43.70311],[3.260367,43.702842],[3.260198,43.702652],[3.260193,43.702288],[3.260064,43.701752],[3.259881,43.701216],[3.259377,43.700299],[3.259116,43.700188],[3.258828,43.70012],[3.258578,43.699984],[3.257989,43.699407],[3.257749,43.699234],[3.25753,43.699029],[3.257237,43.698856],[3.256665,43.698698],[3.256304,43.698505],[3.255698,43.69826],[3.255121,43.69793],[3.254705,43.697623],[3.254415,43.697294],[3.25397,43.697072],[3.253708,43.696904],[3.25301,43.696062],[3.25283,43.695543],[3.252747,43.694993],[3.252549,43.694739],[3.251747,43.694302],[3.251015,43.693985],[3.25051,43.693916],[3.249679,43.693538],[3.249158,43.693356],[3.248922,43.693173],[3.248879,43.692876],[3.248769,43.692615],[3.248675,43.691938],[3.248536,43.691727],[3.248337,43.691613],[3.248074,43.691407],[3.247543,43.691254],[3.247452,43.691108],[3.2475,43.690892],[3.247388,43.69037],[3.247455,43.690082],[3.247823,43.689341],[3.247737,43.68864],[3.247645,43.687293],[3.247597,43.686985],[3.248134,43.685757],[3.248348,43.684592],[3.24779,43.683926],[3.247533,43.68329],[3.247404,43.682669],[3.247479,43.682102],[3.24735,43.680946],[3.247157,43.680391],[3.247082,43.679991],[3.247544,43.679459],[3.24742,43.67931],[3.247136,43.67923],[3.246487,43.679264],[3.246374,43.67886],[3.245897,43.678836],[3.245752,43.679137],[3.245526,43.679166],[3.245038,43.678757],[3.244663,43.678615],[3.244631,43.677766],[3.244411,43.676904],[3.24425,43.676548],[3.24436,43.676081],[3.244319,43.675731],[3.244161,43.675377],[3.244094,43.674944],[3.244169,43.674442],[3.244126,43.673917],[3.244185,43.673],[3.244059,43.672477],[3.24403,43.672047],[3.2441,43.671786],[3.244014,43.671388],[3.243596,43.6709],[3.24344,43.670503],[3.243113,43.67006],[3.242662,43.669788],[3.24226,43.669186],[3.241997,43.669018],[3.241997,43.668729],[3.241632,43.667912],[3.241611,43.667546],[3.241482,43.667335],[3.240543,43.666714],[3.240195,43.666536],[3.239507,43.6658],[3.239315,43.665429],[3.238344,43.664757],[3.237512,43.664433],[3.237319,43.664186],[3.23645,43.663898],[3.236171,43.664199],[3.236428,43.664657],[3.237201,43.665449],[3.237383,43.666218],[3.237405,43.666756],[3.23734,43.667124],[3.237405,43.667396],[3.23703,43.667336],[3.236488,43.666928],[3.235779,43.6671],[3.235061,43.667122],[3.234599,43.666897],[3.23417,43.666923],[3.233832,43.66713],[3.233242,43.667179],[3.232829,43.667028],[3.232393,43.666666],[3.232532,43.666389],[3.231708,43.666094],[3.231826,43.666056],[3.230817,43.665497],[3.230441,43.665153],[3.229779,43.664876],[3.229639,43.664473],[3.229101,43.664146],[3.228307,43.663898],[3.228175,43.663691],[3.227443,43.66354],[3.227164,43.663666],[3.225979,43.663161],[3.225491,43.663338],[3.224898,43.663413],[3.224445,43.663741],[3.223469,43.663615],[3.222912,43.663893],[3.221622,43.664321],[3.220785,43.664296],[3.220297,43.66412],[3.219112,43.664262],[3.218192,43.664179],[3.21764,43.664346],[3.217686,43.664695],[3.218146,43.665144],[3.218399,43.665693],[3.219342,43.666408],[3.219457,43.666758],[3.219457,43.667057],[3.219618,43.667556],[3.219319,43.667523],[3.21879,43.666591],[3.218123,43.666575],[3.216789,43.66749],[3.215984,43.667456],[3.214466,43.667756],[3.214995,43.668771],[3.215478,43.66892],[3.215547,43.66922],[3.215731,43.669436],[3.215685,43.669669],[3.214972,43.669519],[3.214891,43.669484],[3.213922,43.669494],[3.212767,43.669451],[3.212469,43.669403],[3.211988,43.669456],[3.21092,43.66946],[3.21055,43.669525],[3.210164,43.669498],[3.20981,43.669541],[3.209483,43.669403],[3.20921,43.669178],[3.209026,43.668979],[3.208842,43.668873],[3.208539,43.668552],[3.208121,43.668404],[3.207643,43.668034],[3.206334,43.667611],[3.203856,43.667309],[3.203531,43.667191],[3.203147,43.666958],[3.203212,43.666816],[3.202645,43.666883],[3.201698,43.666891],[3.201278,43.666927],[3.200883,43.666902],[3.20039,43.666988],[3.200009,43.667261],[3.199966,43.667433],[3.199757,43.667629],[3.19936,43.667698],[3.199081,43.667671],[3.198524,43.6671],[3.1984,43.666695],[3.198491,43.666292],[3.198309,43.666024],[3.198014,43.666007],[3.197359,43.665641],[3.196957,43.665635],[3.196539,43.665098],[3.196246,43.664953],[3.195814,43.664959],[3.195447,43.66477],[3.195117,43.664655],[3.194833,43.664478],[3.193974,43.664357],[3.193508,43.664367],[3.193181,43.664158],[3.192886,43.664162],[3.192601,43.664321],[3.192078,43.664385],[3.190911,43.664429],[3.190482,43.66431],[3.189951,43.66428],[3.189178,43.664433],[3.184093,43.667118],[3.183331,43.666023],[3.183047,43.664933],[3.182881,43.664619],[3.181926,43.664394],[3.181357,43.664513],[3.180799,43.664184],[3.18051,43.664612],[3.180177,43.664776],[3.178911,43.664853],[3.177033,43.665327],[3.1758,43.665798],[3.174866,43.665825],[3.173493,43.666233],[3.173043,43.66619],[3.172399,43.666241],[3.171315,43.666202],[3.171122,43.665829],[3.171058,43.66552],[3.170865,43.665249],[3.170661,43.665142],[3.170157,43.664745],[3.169867,43.664672],[3.168536,43.665046],[3.168633,43.665154],[3.168418,43.665297],[3.168182,43.665379],[3.168005,43.665284],[3.167528,43.664863],[3.167034,43.664566],[3.166391,43.664814],[3.165951,43.664761],[3.163794,43.66314],[3.163247,43.662655],[3.1627,43.662231],[3.162346,43.662369],[3.161208,43.661857],[3.160823,43.661618],[3.160404,43.661491],[3.159953,43.661261],[3.159224,43.660725],[3.159085,43.660318],[3.158698,43.659962],[3.157432,43.659582],[3.156058,43.659016],[3.155587,43.658649],[3.154364,43.658073],[3.153795,43.657737],[3.153065,43.656841],[3.153012,43.656483],[3.152792,43.656237],[3.152712,43.655827],[3.151939,43.655492],[3.151467,43.654794],[3.151188,43.655028],[3.151059,43.655361],[3.149428,43.655872],[3.149236,43.655856],[3.148763,43.654381],[3.149417,43.651822],[3.149021,43.651356],[3.148377,43.651161],[3.147036,43.65123],[3.145813,43.651012],[3.144515,43.650704],[3.143421,43.650607],[3.142562,43.651116],[3.141704,43.651146],[3.139633,43.650378],[3.139011,43.650246],[3.13826,43.65002],[3.136758,43.649872],[3.13635,43.650432],[3.135701,43.650706],[3.134333,43.651073],[3.133217,43.651198],[3.131222,43.651905],[3.130921,43.652683],[3.130556,43.652683],[3.12987,43.652924],[3.129226,43.652901],[3.129226,43.652901],[3.128925,43.652852],[3.128614,43.652558],[3.128604,43.651985],[3.128186,43.651531],[3.128153,43.651146],[3.128308,43.651068],[3.128775,43.650997],[3.128636,43.650517],[3.127895,43.649429],[3.127359,43.648994],[3.127241,43.648635],[3.126994,43.648247],[3.125664,43.646969],[3.125439,43.646549],[3.124988,43.645991],[3.124634,43.645361],[3.124817,43.645107],[3.124398,43.644878],[3.124248,43.644421],[3.123733,43.644219],[3.123411,43.644188],[3.121812,43.644398],[3.121619,43.64447],[3.121158,43.644447],[3.120128,43.644894],[3.118358,43.644909],[3.117167,43.644622],[3.11633,43.644241],[3.116094,43.644032],[3.115343,43.643886],[3.114775,43.643569],[3.114555,43.642951],[3.114227,43.642519],[3.114071,43.64215],[3.113894,43.641921],[3.113647,43.641082],[3.114442,43.640347],[3.114485,43.640027],[3.114838,43.639375],[3.11471,43.638677],[3.11487,43.638108],[3.114989,43.636959],[3.114576,43.636362],[3.114227,43.636013],[3.113508,43.635857],[3.113165,43.635647],[3.112543,43.635422],[3.111797,43.634759],[3.111561,43.634297],[3.111202,43.633811],[3.111137,43.633534],[3.111338,43.63332],[3.11155,43.633208],[3.111671,43.633022],[3.111754,43.632735],[3.112151,43.63229],[3.112875,43.630539],[3.113165,43.630274],[3.113497,43.629707],[3.114002,43.62922],[3.113959,43.628387],[3.114141,43.628117],[3.114098,43.627703],[3.113723,43.627262],[3.113839,43.626943],[3.113172,43.626369],[3.112275,43.626261],[3.111689,43.626585],[3.112172,43.625961],[3.112689,43.625786],[3.113673,43.625055],[3.114345,43.624829],[3.114914,43.624835],[3.115804,43.625154],[3.116609,43.625359],[3.116577,43.624651],[3.117124,43.624674],[3.117102,43.624164],[3.116652,43.62347],[3.115311,43.623332],[3.11368,43.623486],[3.112489,43.62331],[3.111491,43.623386],[3.110965,43.623327],[3.110515,43.623377],[3.109627,43.623236],[3.109061,43.623289],[3.109068,43.623444],[3.109595,43.623392],[3.109926,43.623504],[3.109866,43.623597],[3.10948,43.623543],[3.108496,43.624792],[3.108047,43.624801],[3.106331,43.625592],[3.105687,43.625808],[3.105343,43.626167],[3.104679,43.626421],[3.104088,43.626485],[3.103208,43.626291],[3.101288,43.624679],[3.100741,43.62431],[3.100784,43.624084],[3.100118,43.623446],[3.100001,43.622913],[3.09941,43.622207],[3.099697,43.621682],[3.099716,43.621398],[3.099921,43.620857],[3.099753,43.620789],[3.099528,43.621305],[3.099324,43.621574],[3.098987,43.621844],[3.09867,43.622006],[3.098483,43.621831],[3.098483,43.62133],[3.098128,43.620708],[3.098252,43.620377],[3.098435,43.620038],[3.098799,43.61979],[3.098912,43.619538],[3.098938,43.619324],[3.099604,43.618835],[3.099454,43.618585],[3.099304,43.617989],[3.099422,43.617531],[3.098734,43.61708],[3.098391,43.616497],[3.098123,43.61631],[3.098016,43.615742],[3.097587,43.615565],[3.097233,43.615044],[3.096793,43.614616],[3.096771,43.613955],[3.096557,43.613911],[3.096181,43.61409],[3.09587,43.61409],[3.095387,43.61335],[3.094776,43.612861],[3.094352,43.612811],[3.094024,43.612622],[3.093832,43.611998],[3.093981,43.611782],[3.095214,43.61112],[3.094672,43.61116],[3.096036,43.610362],[3.096522,43.6102],[3.097176,43.6097],[3.097456,43.608847],[3.097699,43.607752],[3.097474,43.606697],[3.097736,43.606183],[3.097755,43.605601],[3.098072,43.604654],[3.098053,43.6041],[3.0974,43.603248],[3.096802,43.601489],[3.096727,43.600826],[3.096391,43.600069],[3.095438,43.600015],[3.095251,43.599595],[3.095438,43.599068],[3.095999,43.5985],[3.096298,43.59854],[3.096391,43.598418],[3.096185,43.598256],[3.096148,43.597539],[3.09697,43.596971],[3.096634,43.596403],[3.095887,43.596105],[3.0957,43.595686],[3.095494,43.59555],[3.095532,43.59509],[3.095401,43.594563],[3.094878,43.593805],[3.094149,43.593264],[3.093626,43.593142],[3.093608,43.592682],[3.093682,43.592249],[3.093197,43.591843],[3.092916,43.591126],[3.092916,43.590788],[3.09258,43.590693],[3.091441,43.590653],[3.08877,43.590978],[3.08834,43.591194],[3.087126,43.591532],[3.086696,43.591749],[3.085687,43.592696],[3.085445,43.593683],[3.085108,43.594049],[3.084529,43.594671],[3.083969,43.595009],[3.082699,43.595388],[3.082194,43.595429],[3.082269,43.594698],[3.082212,43.594666],[3.080495,43.594494],[3.080131,43.594823],[3.079101,43.594754],[3.078779,43.594241],[3.078404,43.594613],[3.078264,43.594197],[3.078065,43.593888],[3.077867,43.593424],[3.077545,43.59304],[3.077491,43.592529],[3.076982,43.593003],[3.076628,43.593448],[3.076316,43.593807],[3.076115,43.593822],[3.0757,43.593968],[3.075612,43.593799],[3.075496,43.593326],[3.075073,43.593003],[3.074796,43.592902],[3.074482,43.592929],[3.074088,43.593146],[3.073683,43.593471],[3.072924,43.59381],[3.072465,43.594118],[3.07209,43.594573],[3.071711,43.594743],[3.070565,43.594977],[3.070035,43.59515],[3.06981,43.595104],[3.069209,43.59537],[3.068554,43.59539],[3.068104,43.595253],[3.067873,43.595012],[3.06775,43.595292],[3.067701,43.596084],[3.067355,43.596503],[3.06678,43.597396],[3.065861,43.598561],[3.065443,43.598754],[3.064853,43.599009],[3.064037,43.599033],[3.06356,43.599249],[3.062809,43.599215],[3.062584,43.599038],[3.062375,43.598423],[3.062163,43.598278],[3.061936,43.598234],[3.061838,43.598106],[3.061259,43.598162],[3.0601,43.598171],[3.059713,43.598071],[3.05863,43.598186],[3.057622,43.59819],[3.055959,43.598357],[3.055562,43.598769],[3.055058,43.59901],[3.054511,43.59901],[3.053598,43.599298],[3.053126,43.599361],[3.052987,43.599018],[3.052289,43.599056],[3.05157,43.599647],[3.051447,43.599968],[3.051131,43.600484],[3.050862,43.601317],[3.0509,43.601778],[3.050637,43.603462],[3.050723,43.603813],[3.050411,43.604043],[3.050037,43.604617],[3.050004,43.605133],[3.049457,43.604595],[3.049135,43.604549],[3.048759,43.60428],[3.048309,43.603761],[3.048051,43.603568],[3.047944,43.60336],[3.047408,43.60281],[3.047107,43.603035],[3.047001,43.602739],[3.046614,43.602466],[3.046196,43.602825],[3.046356,43.603057],[3.046303,43.603379],[3.046292,43.6037],[3.047086,43.604519],[3.046496,43.6044],[3.045905,43.60379],[3.045637,43.603215],[3.045471,43.603448],[3.045458,43.603655],[3.045321,43.604076],[3.046152,43.605286],[3.045868,43.60519],[3.045552,43.605255],[3.045788,43.605323],[3.045798,43.605636],[3.045579,43.605681],[3.045393,43.606116],[3.045337,43.606365],[3.04493,43.606812],[3.0448,43.606664],[3.043588,43.606185],[3.043052,43.606228],[3.043234,43.606582],[3.043481,43.606822],[3.043524,43.607242],[3.042832,43.607794],[3.042016,43.608257],[3.041539,43.60884],[3.041732,43.609474],[3.042097,43.60988],[3.042322,43.610225],[3.042132,43.610736],[3.042157,43.610844],[3.042465,43.610405],[3.042582,43.610149],[3.042687,43.610153],[3.042671,43.610625],[3.042279,43.611773],[3.041625,43.612386],[3.040976,43.61274],[3.040858,43.613942],[3.038481,43.614052],[3.036894,43.614388],[3.036129,43.614059],[3.035021,43.613731],[3.03346,43.613754],[3.031186,43.612069],[3.028981,43.612776],[3.027892,43.613026],[3.027377,43.613038],[3.026873,43.612941],[3.026278,43.613036],[3.026057,43.61322],[3.025059,43.613406],[3.024786,43.613526],[3.024697,43.613789],[3.02455,43.614018],[3.024741,43.614134],[3.024765,43.614263],[3.024362,43.614361],[3.024362,43.614516],[3.024126,43.614526],[3.023665,43.614644],[3.023982,43.614936],[3.023783,43.61521],[3.023445,43.615271],[3.022533,43.615242],[3.021993,43.615296],[3.021348,43.6155],[3.021025,43.615517],[3.020312,43.615757],[3.020049,43.615779],[3.020041,43.615904],[3.020194,43.616317],[3.019765,43.616542],[3.019213,43.616574],[3.018877,43.616465],[3.018533,43.616263],[3.018049,43.616061],[3.017577,43.615726],[3.015586,43.615681],[3.014819,43.615548],[3.013939,43.615567],[3.013355,43.615716],[3.012668,43.615811],[3.011938,43.615658],[3.011509,43.615373],[3.011231,43.614896],[3.010753,43.61459],[3.010214,43.614496],[3.009725,43.614307],[3.00924,43.614231],[3.006321,43.614677],[3.006295,43.614478],[3.007239,43.613671],[3.007159,43.613247],[3.007346,43.613006],[3.007298,43.612793],[3.007428,43.612605],[3.007955,43.612266],[3.008381,43.611862],[3.008349,43.61176],[3.007963,43.611599],[3.008237,43.611191],[3.008355,43.610741],[3.008178,43.610928],[3.008157,43.610721],[3.007641,43.611138],[3.00744,43.610982],[3.007303,43.610959],[3.00732,43.610672],[3.007083,43.61055],[3.006906,43.610602],[3.00667,43.610817],[3.006231,43.610748],[3.006139,43.610593],[3.005351,43.610431],[3.00489,43.609977],[3.004686,43.609959],[3.004559,43.609766],[3.003997,43.609496],[3.003692,43.609246],[3.003505,43.609105],[3.002819,43.608792],[3.002776,43.608356],[3.002443,43.608295],[3.002331,43.607971],[3.002127,43.607862],[3.001982,43.607656],[3.000963,43.607014],[3.00064,43.60657],[3.000338,43.606486],[3.000008,43.606317],[2.999622,43.605919],[2.999365,43.605825],[2.998839,43.605466],[2.998621,43.605376],[2.998404,43.605232],[2.998168,43.605173],[2.997567,43.60492],[2.997353,43.604757],[2.996527,43.604385],[2.995824,43.604194],[2.994257,43.604145],[2.993554,43.604048],[2.992179,43.603926],[2.991698,43.603921],[2.989215,43.603325],[2.988737,43.603007],[2.986978,43.602291],[2.985958,43.602202],[2.985776,43.602001],[2.984371,43.60204],[2.983843,43.601824],[2.983261,43.601515],[2.982488,43.600919],[2.980884,43.599771],[2.980385,43.599317],[2.979223,43.598554],[2.979054,43.598525],[2.978351,43.598106],[2.97833,43.597422],[2.978384,43.597156],[2.977188,43.595887],[2.977423,43.595433],[2.977885,43.59478],[2.97789,43.594586],[2.978196,43.594242],[2.978899,43.591197],[2.979524,43.590703],[2.979253,43.590408],[2.978811,43.590844],[2.978282,43.591052],[2.978003,43.591098],[2.977177,43.59114],[2.97619,43.591802],[2.975826,43.591814],[2.975691,43.591892],[2.975402,43.591925],[2.974878,43.59276],[2.974484,43.593218],[2.974433,43.59344],[2.974082,43.593782],[2.973945,43.594062],[2.973812,43.594122],[2.973561,43.594353],[2.972854,43.594333],[2.972665,43.594966],[2.972598,43.595433],[2.972508,43.595603],[2.972391,43.596375],[2.972574,43.596584],[2.972756,43.596527],[2.972783,43.596798],[2.972882,43.596982],[2.973078,43.597656],[2.973212,43.597743],[2.973365,43.598222],[2.973518,43.598285],[2.973781,43.59815],[2.973964,43.598167],[2.973984,43.598393],[2.974186,43.598682],[2.974217,43.599033],[2.974564,43.599609],[2.974347,43.59995],[2.974421,43.600112],[2.974237,43.600224],[2.974087,43.600892],[2.974098,43.601055],[2.973883,43.602192],[2.973905,43.603726],[2.974098,43.604451],[2.974032,43.604867],[2.974136,43.605131],[2.974138,43.605287],[2.974323,43.605789],[2.974036,43.606266],[2.974006,43.606505],[2.973572,43.607007],[2.973288,43.607562],[2.973307,43.607774],[2.97323,43.60802],[2.97328,43.608287],[2.973196,43.608352],[2.972999,43.608884],[2.973084,43.609011],[2.972671,43.60994],[2.972521,43.610065],[2.972585,43.61031],[2.972419,43.610275],[2.972035,43.610031],[2.97184,43.609812],[2.971606,43.609316],[2.971577,43.609103],[2.970981,43.608883],[2.9709,43.608736],[2.970431,43.608597],[2.970164,43.608603],[2.969769,43.608493],[2.969058,43.607912],[2.968981,43.607669],[2.968765,43.607509],[2.968432,43.606925],[2.968278,43.607155],[2.967971,43.606964],[2.967875,43.607056],[2.967604,43.606744],[2.967504,43.606762],[2.967334,43.606575],[2.967113,43.606686],[2.966974,43.606544],[2.966861,43.606671],[2.966711,43.606568],[2.966636,43.606621],[2.966397,43.606238],[2.966223,43.606064],[2.966212,43.605842],[2.965965,43.6058],[2.965809,43.605563],[2.965418,43.604599],[2.965292,43.604469],[2.965251,43.604385],[2.965064,43.604443],[2.964839,43.604271],[2.964788,43.604511],[2.964672,43.604618],[2.964254,43.604065],[2.964109,43.604149],[2.96398,43.604092],[2.963863,43.604179],[2.963723,43.604126],[2.963567,43.604183],[2.963457,43.604124],[2.963438,43.604002],[2.963288,43.603932],[2.963192,43.603785],[2.963224,43.603645],[2.962607,43.603272],[2.962489,43.603409],[2.962296,43.60337],[2.961979,43.60341],[2.962167,43.603168],[2.961996,43.603105],[2.961545,43.603073],[2.960977,43.603085],[2.960631,43.602997],[2.960242,43.602939],[2.959598,43.602607],[2.959201,43.602299],[2.959024,43.601995],[2.958654,43.601678],[2.958482,43.601478],[2.957822,43.601053],[2.957522,43.600969],[2.957291,43.600811],[2.957264,43.600594],[2.957135,43.600589],[2.957157,43.600455],[2.956786,43.600456],[2.956623,43.600305],[2.956411,43.600282],[2.955995,43.599917],[2.955569,43.599552],[2.954979,43.599567],[2.954748,43.599449],[2.954075,43.599443],[2.953466,43.599483],[2.952586,43.599196],[2.952756,43.599139],[2.952245,43.599109],[2.95249,43.599044],[2.952147,43.598933],[2.951729,43.598648],[2.951208,43.598571],[2.950945,43.598921],[2.950915,43.598757],[2.950821,43.598892],[2.950409,43.59877],[2.9504,43.598449],[2.950231,43.59819],[2.949818,43.597949],[2.949528,43.597843],[2.948955,43.597427],[2.94863,43.597333],[2.947415,43.597053],[2.946616,43.597012],[2.946681,43.596746],[2.946559,43.596837],[2.946593,43.596672],[2.946372,43.596846],[2.946366,43.596725],[2.946239,43.596824],[2.946253,43.596669],[2.946134,43.596752],[2.946239,43.596575],[2.946506,43.596246],[2.946385,43.596283],[2.946541,43.596069],[2.946419,43.596131],[2.9465,43.595976],[2.946299,43.596132],[2.94639,43.595978],[2.946133,43.596104],[2.94639,43.595711],[2.946283,43.595694],[2.945897,43.595857],[2.945977,43.595718],[2.945457,43.595793],[2.944964,43.596109],[2.945195,43.59569],[2.944857,43.595928],[2.944936,43.595714],[2.944582,43.595898],[2.943944,43.596055],[2.943408,43.595917],[2.943218,43.59564],[2.943053,43.595537],[2.942882,43.595321],[2.942669,43.595267],[2.942536,43.595115],[2.941985,43.594785],[2.94167,43.594723],[2.941619,43.594566],[2.941182,43.593957],[2.940946,43.593912],[2.940742,43.593738],[2.940334,43.593544],[2.940071,43.593103],[2.940025,43.592968],[2.939829,43.592647],[2.939841,43.592352],[2.939524,43.591854],[2.939178,43.591583],[2.938928,43.591252],[2.938808,43.590787],[2.938805,43.590632],[2.938647,43.590193],[2.938492,43.589294],[2.939066,43.588825],[2.938941,43.58861],[2.939284,43.587548],[2.939548,43.587414],[2.93955,43.587104],[2.939711,43.586709],[2.93889,43.587129],[2.938239,43.588165],[2.937843,43.588421],[2.937786,43.588181],[2.937361,43.588196],[2.937073,43.587673],[2.937089,43.587422],[2.937191,43.587171],[2.937448,43.586865],[2.93747,43.586643],[2.937121,43.586835],[2.936836,43.586899],[2.936587,43.587105],[2.936192,43.58757],[2.93608,43.587213],[2.935916,43.586584],[2.935946,43.58641],[2.935538,43.586624],[2.935104,43.586414],[2.934468,43.586876],[2.93441,43.587011],[2.934058,43.587127],[2.934047,43.587363],[2.933269,43.587731],[2.933054,43.587931],[2.932513,43.588095],[2.932323,43.588219],[2.932261,43.588366],[2.931952,43.588579],[2.93186,43.588711],[2.931679,43.588831],[2.931531,43.588991],[2.931043,43.589253],[2.930737,43.5892],[2.930448,43.588949],[2.930474,43.589388],[2.930169,43.589112],[2.92982,43.589042],[2.929938,43.589275],[2.929879,43.589313],[2.928645,43.589215],[2.928211,43.589349],[2.927819,43.589627],[2.927548,43.589939],[2.927497,43.590091],[2.926717,43.590772],[2.926389,43.590959],[2.926284,43.591166],[2.925916,43.591415],[2.925821,43.591614],[2.925673,43.591723],[2.925407,43.592741],[2.925286,43.593014],[2.924804,43.593255],[2.923666,43.593625],[2.923417,43.59356],[2.923167,43.593643],[2.922368,43.593735],[2.921543,43.59373],[2.921349,43.59388],[2.920073,43.594021],[2.91966,43.59417],[2.919365,43.594091],[2.918587,43.594078],[2.917498,43.59423],[2.916012,43.594643],[2.915674,43.5946],[2.915261,43.594669],[2.914676,43.594919],[2.914553,43.595048],[2.914493,43.595349],[2.913673,43.594882],[2.913913,43.594667],[2.913584,43.594725],[2.913807,43.594514],[2.913748,43.594278],[2.913286,43.594401],[2.912474,43.594514],[2.911999,43.594422],[2.911849,43.594086],[2.911672,43.593929],[2.911635,43.593704],[2.912144,43.593523],[2.911892,43.593421],[2.912096,43.593086],[2.912472,43.592656],[2.912938,43.592203],[2.913362,43.591496],[2.913786,43.591249],[2.913826,43.591063],[2.913759,43.590698],[2.913475,43.590633],[2.912302,43.590893],[2.911259,43.591099],[2.911141,43.590767],[2.911254,43.590353],[2.911195,43.589774],[2.910969,43.589321],[2.910884,43.589481],[2.910267,43.588634],[2.909714,43.588386],[2.909311,43.588433],[2.908998,43.588405],[2.908583,43.588768],[2.908007,43.589142],[2.907563,43.589359],[2.907437,43.589671],[2.907466,43.589957],[2.907616,43.590217],[2.908099,43.590834],[2.908053,43.591203],[2.907631,43.591267],[2.907442,43.591364],[2.90699,43.591434],[2.906341,43.591887],[2.905869,43.592574],[2.904635,43.593009],[2.904328,43.593048],[2.904106,43.592998],[2.902587,43.593075],[2.9023,43.592869],[2.901333,43.592873],[2.900129,43.593225],[2.898264,43.593523],[2.898674,43.593669],[2.898291,43.593811],[2.897994,43.59386],[2.897979,43.594025],[2.897521,43.594046],[2.897439,43.594211],[2.89738,43.594608],[2.897687,43.594763],[2.898412,43.595442],[2.898599,43.595821],[2.898543,43.596391],[2.898266,43.597064],[2.898263,43.597478],[2.898458,43.597668],[2.899065,43.597881],[2.899887,43.598105],[2.900498,43.598389],[2.901198,43.598924],[2.901318,43.599128],[2.901298,43.599307],[2.9011,43.599512],[2.900881,43.599662],[2.900831,43.599787],[2.900609,43.600006],[2.90016,43.601311],[2.899917,43.601539],[2.899308,43.60156],[2.898061,43.601436],[2.89712,43.601551],[2.896758,43.601456],[2.895933,43.601518],[2.895355,43.601495],[2.894927,43.601636],[2.894294,43.601505],[2.89376,43.6019],[2.89328,43.60231],[2.892647,43.602653],[2.891679,43.602573],[2.890796,43.602547],[2.889927,43.602359],[2.8882,43.602141],[2.886461,43.601868],[2.886331,43.601448],[2.885733,43.601288],[2.885213,43.60144],[2.884278,43.601448],[2.883422,43.601696],[2.882014,43.601571],[2.880577,43.60109],[2.879132,43.601005],[2.876685,43.601359],[2.874241,43.601603],[2.873298,43.601559],[2.871911,43.601157],[2.87096,43.600609],[2.870349,43.600246],[2.869421,43.600087],[2.868049,43.601594],[2.866107,43.60247],[2.865187,43.602692],[2.861916,43.60278],[2.861097,43.603176],[2.859573,43.603317],[2.858081,43.603233],[2.856441,43.602731],[2.854404,43.601941],[2.854211,43.601684],[2.854104,43.601372],[2.852902,43.601051],[2.852378,43.60107],[2.851013,43.601659],[2.851061,43.600907],[2.85075,43.600328],[2.849581,43.598641],[2.849228,43.59867],[2.848297,43.599021],[2.84788,43.599281],[2.847551,43.599646],[2.846696,43.600234],[2.845965,43.600463],[2.845484,43.600479],[2.845012,43.600221],[2.843817,43.599968],[2.843015,43.599903],[2.843276,43.599759],[2.839821,43.598878],[2.839625,43.598212],[2.840315,43.597263],[2.840959,43.595881],[2.84112,43.595214],[2.840936,43.594015],[2.841074,43.593482],[2.841488,43.593316],[2.842523,43.593316],[2.84296,43.592982],[2.842983,43.592433],[2.842339,43.591983],[2.841281,43.59175],[2.840545,43.591866],[2.839901,43.591767],[2.838545,43.592266],[2.837694,43.592316],[2.836843,43.592116],[2.836084,43.592699],[2.83567,43.592283],[2.835739,43.591683],[2.836613,43.590201],[2.836613,43.589651],[2.835463,43.588552],[2.836406,43.587336],[2.836659,43.586769],[2.836728,43.586186],[2.838591,43.584387],[2.837487,43.582888],[2.838108,43.581605],[2.839648,43.580406],[2.840798,43.579623],[2.840752,43.579356],[2.838936,43.579239],[2.838108,43.57749],[2.836705,43.577057],[2.836544,43.577307],[2.837073,43.57754],[2.836774,43.57794],[2.835256,43.578473],[2.835187,43.579006],[2.833968,43.57884],[2.832657,43.579206],[2.832381,43.579573],[2.832979,43.579539],[2.833646,43.579789],[2.833462,43.580089],[2.832266,43.580356],[2.831461,43.580206],[2.830909,43.579856],[2.830863,43.579289],[2.83061,43.579189],[2.829207,43.579306],[2.828771,43.579539],[2.827736,43.580689],[2.826356,43.579306],[2.824792,43.578973],[2.824263,43.57694],[2.823872,43.576557],[2.823458,43.575374],[2.823596,43.574125],[2.822446,43.572375],[2.819985,43.572892],[2.819893,43.572392],[2.819226,43.571842],[2.81833,43.571742],[2.81741,43.571759],[2.816375,43.571559],[2.814144,43.572225],[2.811568,43.572392],[2.810211,43.572342],[2.809567,43.572275],[2.808303,43.572192],[2.8069,43.571659],[2.805658,43.570476],[2.804876,43.569393],[2.804531,43.568143],[2.803082,43.567593],[2.802438,43.568093],[2.801702,43.568293],[2.801127,43.567776],[2.800276,43.567493],[2.799862,43.56626],[2.799816,43.56556],[2.799402,43.564677],[2.798758,43.56441],[2.798183,43.564343],[2.797862,43.563777],[2.797034,43.56331],[2.795838,43.56356],[2.795309,43.563377],[2.794665,43.56326],[2.794803,43.562527],[2.795424,43.56221],[2.795769,43.561694],[2.795447,43.561427],[2.794458,43.561577],[2.793423,43.561511],[2.793331,43.561011],[2.793952,43.560794],[2.795335,43.559506],[2.795171,43.557961],[2.794734,43.557777],[2.793644,43.557923],[2.792595,43.557944],[2.792682,43.557171],[2.79243,43.556955],[2.791832,43.55667],[2.791468,43.556361],[2.790245,43.556325],[2.789421,43.556111],[2.789605,43.555727],[2.790111,43.555261],[2.789766,43.554944],[2.789835,43.554594],[2.790249,43.554394],[2.789513,43.553411],[2.789559,43.551744],[2.788915,43.551811],[2.785742,43.550344],[2.785573,43.550257],[2.785072,43.550052],[2.784713,43.549613],[2.784856,43.549465],[2.785761,43.5492],[2.786387,43.548757],[2.785908,43.548625],[2.786391,43.548323],[2.786135,43.547775],[2.7859,43.547664],[2.785927,43.547524],[2.785632,43.547368],[2.78589,43.547305],[2.785464,43.547142],[2.785627,43.546838],[2.78587,43.54664],[2.785862,43.546463],[2.78617,43.546312],[2.786413,43.546037],[2.786955,43.545777],[2.787164,43.545115],[2.787338,43.544817],[2.787341,43.54467],[2.787046,43.54446],[2.786861,43.544477],[2.786463,43.544386],[2.786322,43.544396],[2.785801,43.54415],[2.78542,43.54409],[2.785216,43.543555],[2.784347,43.543244],[2.784112,43.54288],[2.784117,43.54216],[2.783623,43.541199],[2.782867,43.540318],[2.782684,43.539977],[2.782749,43.539579],[2.782615,43.53947],[2.781591,43.539497],[2.780292,43.538894],[2.780185,43.538702],[2.780185,43.538056],[2.779692,43.53766],[2.779284,43.537202],[2.778897,43.537078],[2.777422,43.537163],[2.77599,43.537303],[2.77422,43.537552],[2.773737,43.537425],[2.77307,43.537592],[2.772035,43.539525],[2.768815,43.540026],[2.764745,43.540226],[2.76371,43.540409],[2.763135,43.540742],[2.762284,43.540959],[2.761686,43.541493],[2.761456,43.541993],[2.760214,43.543176],[2.759317,43.543393],[2.758374,43.543426],[2.758374,43.54371],[2.758742,43.54411],[2.759271,43.54456],[2.757454,43.544777],[2.756696,43.544993],[2.755822,43.544943],[2.754971,43.545177],[2.754511,43.545643],[2.754442,43.54596],[2.754649,43.546443],[2.754189,43.546727],[2.753614,43.546844],[2.753154,43.547594],[2.752211,43.54856],[2.752441,43.547827],[2.752234,43.54761],[2.751406,43.547427],[2.750716,43.547444],[2.749313,43.54711],[2.748462,43.54711],[2.747059,43.546627],[2.745979,43.546744],[2.745404,43.546343],[2.745427,43.545593],[2.7443,43.54531],[2.743679,43.545043],[2.743283,43.54521],[2.74262,43.545623],[2.741655,43.546594],[2.74085,43.546443],[2.739861,43.546744],[2.73924,43.546677],[2.738987,43.54636],[2.739125,43.54591],[2.739424,43.54561],[2.738711,43.544993],[2.739263,43.544993],[2.739538,43.544777],[2.739608,43.544593],[2.739286,43.544276],[2.738893,43.543687],[2.738707,43.543578],[2.738297,43.543043],[2.73671,43.542043],[2.735952,43.542126],[2.734526,43.541643],[2.734457,43.541326],[2.734595,43.540676],[2.734917,43.539609],[2.734641,43.539575],[2.733491,43.540659],[2.732824,43.540759],[2.733675,43.539825],[2.73425,43.538042],[2.734503,43.537592],[2.734043,43.537125],[2.733905,43.536458],[2.733537,43.535808],[2.734342,43.534857],[2.735239,43.534357],[2.735285,43.533957],[2.734411,43.533557],[2.733905,43.53284],[2.733836,43.532223],[2.733859,43.53179],[2.733583,43.531356],[2.733169,43.531539],[2.733744,43.529989],[2.735906,43.527121],[2.734457,43.525754],[2.734405,43.525708],[2.734115,43.52574],[2.732742,43.526592],[2.731373,43.526451],[2.729059,43.526317],[2.727862,43.526191],[2.725988,43.52615],[2.724852,43.525935],[2.724682,43.52593],[2.724018,43.525821],[2.723708,43.525726],[2.72388,43.525203],[2.723805,43.524904],[2.72362,43.524701],[2.723285,43.524559],[2.723116,43.52437],[2.722861,43.524197],[2.722925,43.523385],[2.722925,43.522744],[2.713376,43.521389],[2.713033,43.521031],[2.712464,43.520887],[2.711574,43.520837],[2.710705,43.521062],[2.709975,43.521351],[2.709664,43.520914],[2.709461,43.519608],[2.709128,43.519372],[2.708422,43.519267],[2.706365,43.519178],[2.705962,43.519085],[2.705437,43.518611],[2.705716,43.518409],[2.704633,43.518464],[2.70313,43.518165],[2.702143,43.518261],[2.700877,43.518192],[2.700309,43.517918],[2.699965,43.517072],[2.699214,43.515934],[2.698855,43.515187],[2.698817,43.514814],[2.699027,43.514225],[2.699129,43.514049],[2.699219,43.513451],[2.699385,43.513036],[2.69931,43.512617],[2.697926,43.512076],[2.697101,43.511856],[2.696116,43.512008],[2.69522,43.511994],[2.694519,43.511683],[2.691969,43.511317],[2.690287,43.510784],[2.688979,43.510759],[2.688056,43.510703],[2.687584,43.510877],[2.68561,43.512078],[2.684269,43.512702],[2.683561,43.512683],[2.682756,43.512843],[2.681179,43.513568],[2.679892,43.513577],[2.678357,43.513249],[2.67766,43.513278],[2.676501,43.51357],[2.676104,43.513412],[2.675407,43.512316],[2.675283,43.511744],[2.675289,43.511359],[2.67487,43.510667],[2.674318,43.510144],[2.673723,43.509731],[2.673068,43.50967],[2.672618,43.509382],[2.671824,43.509048],[2.671062,43.508373],[2.670879,43.508067],[2.670826,43.507501],[2.669983,43.507013],[2.669173,43.506417],[2.664914,43.504559],[2.664431,43.503866],[2.664131,43.503556],[2.664206,43.503164],[2.66515,43.502518],[2.665504,43.502055],[2.666083,43.501072],[2.666453,43.500698],[2.66677,43.500565],[2.667178,43.500034],[2.667667,43.49971],[2.666979,43.499702],[2.666357,43.499902],[2.665901,43.499984],[2.665391,43.500288],[2.665183,43.500281],[2.66484,43.499858],[2.664482,43.499583],[2.664259,43.499578],[2.66371,43.499798],[2.663375,43.499994],[2.66276,43.500187],[2.6622,43.500457],[2.66206,43.500417],[2.662017,43.500323],[2.66227,43.499988],[2.662275,43.499568],[2.66213,43.499339],[2.661556,43.499286],[2.661079,43.499191],[2.660317,43.49888],[2.65934,43.498702],[2.658278,43.498727],[2.657629,43.498856],[2.657179,43.499178],[2.656717,43.499354],[2.655773,43.500341],[2.655114,43.500803],[2.654608,43.500886],[2.653344,43.501603],[2.65293,43.502271],[2.652861,43.50192],[2.653022,43.50092],[2.653528,43.500586],[2.653252,43.500202],[2.65316,43.499635],[2.652263,43.498918],[2.652263,43.49815],[2.651504,43.497516],[2.651251,43.498384],[2.650814,43.498934],[2.64971,43.499285],[2.647962,43.499368],[2.646858,43.499301],[2.645547,43.499552],[2.644742,43.500069],[2.643891,43.50102],[2.643593,43.500953],[2.643225,43.500369],[2.643156,43.499418],[2.643248,43.498134],[2.642903,43.496465],[2.642535,43.495831],[2.642604,43.49493],[2.64242,43.494413],[2.642466,43.491727],[2.641684,43.490009],[2.642167,43.490526],[2.643386,43.491293],[2.643455,43.491894],[2.643754,43.492345],[2.644397,43.491427],[2.644259,43.490976],[2.644328,43.490376],[2.64465,43.489775],[2.645133,43.489391],[2.645639,43.48854],[2.645616,43.48809],[2.64511,43.487439],[2.645225,43.487072],[2.646467,43.486421],[2.647387,43.486238],[2.647617,43.486104],[2.647684,43.48604],[2.647833,43.485873],[2.647721,43.485622],[2.647705,43.485405],[2.648065,43.485054],[2.648311,43.484669],[2.648378,43.48431],[2.648183,43.483823],[2.647866,43.483361],[2.647807,43.4831],[2.64815,43.483193],[2.647744,43.482656],[2.647482,43.482422],[2.647365,43.482123],[2.646991,43.481751],[2.646755,43.481426],[2.646595,43.480912],[2.646299,43.480656],[2.646471,43.480415],[2.646139,43.480156],[2.645956,43.480138],[2.645015,43.479574],[2.643794,43.478726],[2.64357,43.478667],[2.642574,43.47793],[2.642401,43.47768],[2.642464,43.477516],[2.643054,43.477054],[2.642445,43.477065],[2.641359,43.477329],[2.640999,43.477497],[2.640978,43.477411],[2.641198,43.47695],[2.640992,43.477058],[2.64042,43.477509],[2.641161,43.476302],[2.640603,43.476421],[2.639177,43.476326],[2.639614,43.475591],[2.639085,43.47479],[2.639062,43.474106],[2.638717,43.473889],[2.638142,43.473589],[2.637636,43.472988],[2.637199,43.472754],[2.636946,43.472337],[2.637314,43.471986],[2.63737,43.471471],[2.63713,43.47113],[2.636529,43.469858],[2.636095,43.469717],[2.634439,43.468949],[2.633795,43.468832],[2.633356,43.468849],[2.632695,43.468798],[2.632347,43.468565],[2.631864,43.468415],[2.631473,43.467997],[2.631243,43.467497],[2.630668,43.467313],[2.630415,43.46713],[2.629817,43.467013],[2.629564,43.466696],[2.62915,43.466562],[2.628871,43.46688],[2.628561,43.467127],[2.62823,43.46763],[2.627885,43.46773],[2.627517,43.467747],[2.62708,43.467981],[2.625608,43.468048],[2.627149,43.467463],[2.627019,43.467388],[2.626459,43.467512],[2.625678,43.467534],[2.625147,43.467359],[2.624627,43.467018],[2.624067,43.465978],[2.622803,43.465811],[2.624619,43.465494],[2.625148,43.465995],[2.625792,43.466128],[2.626091,43.465811],[2.626028,43.465659],[2.625401,43.465193],[2.624573,43.464826],[2.624006,43.464722],[2.623653,43.464576],[2.623354,43.464309],[2.623791,43.464242],[2.623515,43.463624],[2.623736,43.462804],[2.623998,43.46264],[2.624067,43.462189],[2.623492,43.460787],[2.622159,43.460686],[2.620986,43.460419],[2.620595,43.460503],[2.61772,43.460252],[2.615213,43.459518],[2.614431,43.459084],[2.614247,43.45875],[2.614246,43.458459],[2.613235,43.458313],[2.611534,43.457915],[2.611419,43.457248],[2.611718,43.456797],[2.611396,43.456663],[2.610361,43.456864],[2.609165,43.457465],[2.605416,43.456981],[2.604864,43.45673],[2.604197,43.456647],[2.603645,43.456463],[2.602473,43.456947],[2.602886,43.456112],[2.6033,43.455612],[2.602955,43.455311],[2.602955,43.45486],[2.60353,43.454443],[2.603714,43.453976],[2.604266,43.453458],[2.605002,43.453458],[2.60537,43.45274],[2.60445,43.452707],[2.604151,43.452423],[2.604059,43.451922],[2.604174,43.451304],[2.604013,43.450536],[2.604197,43.449852],[2.604979,43.449318],[2.605439,43.449167],[2.605968,43.449134],[2.60606,43.448733],[2.606405,43.448299],[2.606888,43.448032],[2.607946,43.44688],[2.608705,43.446396],[2.609165,43.445895],[2.60974,43.445895],[2.610821,43.446162],[2.611833,43.446145],[2.612615,43.445928],[2.611672,43.445194],[2.611396,43.444208],[2.611649,43.443457],[2.612477,43.442873],[2.612914,43.442956],[2.613258,43.442121],[2.613212,43.44162],[2.612845,43.44132],[2.612799,43.440735],[2.612592,43.440618],[2.612937,43.439516],[2.614132,43.438631],[2.615305,43.437663],[2.615857,43.437613],[2.615404,43.437264],[2.615376,43.437202],[2.61495,43.43721],[2.614653,43.437344],[2.614466,43.437511],[2.613897,43.437734],[2.613554,43.437788],[2.613103,43.437973],[2.612506,43.438002],[2.612229,43.437981],[2.611769,43.437999],[2.611262,43.437942],[2.609558,43.437882],[2.609212,43.437821],[2.608941,43.437698],[2.608659,43.437399],[2.608448,43.437255],[2.608322,43.437065],[2.608303,43.436586],[2.608112,43.436161],[2.60759,43.436676],[2.607313,43.43666],[2.60676,43.435658],[2.606761,43.435051],[2.606859,43.434708],[2.606663,43.434722],[2.60645,43.435162],[2.60512,43.435699],[2.603788,43.435906],[2.603323,43.436328],[2.602778,43.436626],[2.602309,43.436908],[2.601986,43.43689],[2.601492,43.43699],[2.600999,43.437386],[2.600945,43.437594],[2.600178,43.437787],[2.600054,43.437969],[2.599887,43.437964],[2.599929,43.437728],[2.599529,43.437623],[2.598527,43.4376],[2.597872,43.437732],[2.597345,43.437942],[2.596267,43.43864],[2.595784,43.438518],[2.595277,43.438555],[2.594837,43.438414],[2.594952,43.43793],[2.5944,43.437262],[2.594101,43.43656],[2.593802,43.435909],[2.593687,43.435258],[2.593066,43.43444],[2.591618,43.434156],[2.590468,43.433421],[2.590169,43.432653],[2.590146,43.431985],[2.589801,43.431667],[2.588973,43.431434],[2.588329,43.430782],[2.587432,43.430615],[2.586834,43.430732],[2.586604,43.430298],[2.585891,43.430298],[2.585569,43.430816],[2.584925,43.430532],[2.584327,43.429981],[2.583959,43.429997],[2.582556,43.42963],[2.582556,43.428828],[2.582234,43.42836],[2.580579,43.427292],[2.579912,43.427041],[2.578762,43.426674],[2.578325,43.426239],[2.577773,43.425905],[2.577727,43.426206],[2.577244,43.426657],[2.576623,43.426323],[2.575979,43.42639],[2.573909,43.427459],[2.573311,43.428177],[2.572552,43.428711],[2.571472,43.429279],[2.571058,43.429947],[2.571081,43.431116],[2.570621,43.430582],[2.57053,43.430531],[2.569981,43.429398],[2.56976,43.428169],[2.569861,43.427631],[2.569797,43.42652],[2.569711,43.426187],[2.56817,43.425116],[2.567837,43.424523],[2.56729,43.423964],[2.567447,43.422531],[2.567148,43.422481],[2.56589,43.422741],[2.564917,43.422653],[2.564258,43.422355],[2.562661,43.421359],[2.560892,43.420363],[2.560584,43.420334],[2.559737,43.420916],[2.558718,43.421497],[2.556722,43.4228],[2.55582,43.423368],[2.554312,43.424116],[2.55271,43.42453],[2.551912,43.424922],[2.55148,43.4253],[2.55005,43.42569],[2.54892,43.42564],[2.548086,43.425401],[2.54751,43.424679],[2.546003,43.424354],[2.545141,43.424083],[2.543807,43.42419],[2.542576,43.424471],[2.54169,43.424877],[2.541156,43.424866],[2.539872,43.424143],[2.539416,43.424067],[2.538606,43.424146],[2.537933,43.42435],[2.537035,43.424469],[2.535866,43.424351],[2.534656,43.424328],[2.533471,43.424202],[2.532434,43.423874],[2.531048,43.423378],[2.530525,43.423454],[2.529061,43.422846],[2.528316,43.423175],[2.526331,43.423503],[2.525447,43.423514],[2.524519,43.423557],[2.523786,43.423453],[2.523248,43.423532],[2.522602,43.423774],[2.521926,43.424306],[2.520452,43.425769],[2.51931,43.426418],[2.518146,43.42675],[2.517504,43.426719],[2.516239,43.426904],[2.515735,43.427004],[2.514238,43.427596],[2.513377,43.427793],[2.512913,43.427942],[2.511143,43.42827],[2.510833,43.428279],[2.510245,43.428094],[2.509378,43.427921],[2.508539,43.427909],[2.507725,43.428119],[2.506223,43.42813],[2.504117,43.428372],[2.503374,43.428544],[2.502721,43.42885],[2.501413,43.429628],[2.500875,43.430037],[2.498526,43.431335],[2.497976,43.431735],[2.497255,43.432151],[2.496238,43.43301],[2.495109,43.433705],[2.494394,43.433857],[2.493964,43.434107],[2.493748,43.434318],[2.493296,43.434535],[2.493137,43.434927],[2.492716,43.435408],[2.492382,43.435628],[2.491759,43.435711],[2.491331,43.435893],[2.491073,43.435831],[2.490924,43.435622],[2.49072,43.435471],[2.48932,43.435382],[2.487791,43.435488],[2.487469,43.435635],[2.487249,43.435919],[2.487071,43.436046],[2.486486,43.436213],[2.485045,43.436401],[2.484399,43.436664],[2.48386,43.43681],[2.481684,43.436869],[2.481171,43.436928],[2.480492,43.436853],[2.479555,43.436821],[2.479008,43.436675],[2.4786,43.43667],[2.478171,43.436571],[2.477752,43.43655],[2.476058,43.436733],[2.475441,43.436718],[2.475226,43.436804],[2.474785,43.437213],[2.474572,43.437289],[2.474401,43.437259],[2.47401,43.436531],[2.473767,43.436301],[2.473368,43.436087],[2.47259,43.43594],[2.472213,43.435659],[2.471787,43.435471],[2.471498,43.43544],[2.471117,43.435702],[2.470836,43.435699],[2.470705,43.435596],[2.47052,43.435557],[2.470393,43.435482],[2.469897,43.435407],[2.469454,43.435313],[2.469393,43.435184],[2.468709,43.435227],[2.467872,43.435431],[2.467657,43.435696],[2.467441,43.435868],[2.467289,43.43607],[2.466721,43.436289],[2.466368,43.436603],[2.465516,43.437202],[2.46512,43.43755],[2.464546,43.437718],[2.464165,43.43787],[2.463516,43.437415],[2.462016,43.437106],[2.460607,43.437052],[2.460264,43.437148],[2.458805,43.437804],[2.458243,43.438314],[2.457968,43.438313],[2.457629,43.438155],[2.457221,43.438125],[2.457063,43.438312],[2.456809,43.438437],[2.456769,43.43868],[2.456483,43.438963],[2.456441,43.439319],[2.456209,43.439664],[2.456024,43.43984],[2.455838,43.44011],[2.455482,43.440361],[2.45518,43.440803],[2.455069,43.441237],[2.454851,43.44152],[2.454893,43.441924],[2.455053,43.442337],[2.455143,43.442702],[2.455277,43.443075],[2.455037,43.44422],[2.454909,43.444722],[2.45484,43.44491],[2.454787,43.44536],[2.454914,43.445748],[2.454832,43.445888],[2.454802,43.446567],[2.454272,43.447017],[2.453672,43.447468],[2.452866,43.447727],[2.452739,43.447857],[2.452483,43.447944],[2.452167,43.447948],[2.451702,43.447764],[2.45127,43.44772],[2.450326,43.447813],[2.449717,43.447948],[2.448818,43.448067],[2.448354,43.448089],[2.447209,43.448458],[2.446794,43.448827],[2.446066,43.449267],[2.444125,43.449613],[2.443884,43.449702],[2.442816,43.449852],[2.442441,43.449749],[2.441991,43.449894],[2.441385,43.449912],[2.440833,43.450043],[2.440108,43.450358],[2.439914,43.450572],[2.439851,43.451119],[2.440207,43.451516],[2.440702,43.451799],[2.442,43.452129],[2.44268,43.452377],[2.443307,43.452766],[2.44406,43.453709],[2.444579,43.454093],[2.44502,43.454893],[2.445136,43.455359],[2.445102,43.455654],[2.44388,43.456493],[2.442863,43.456931],[2.442489,43.457158],[2.44161,43.457409],[2.440624,43.45784],[2.439452,43.458606],[2.438858,43.45906],[2.437801,43.459751],[2.436962,43.460125],[2.436688,43.460336],[2.436347,43.460473],[2.43607,43.46071],[2.435816,43.461143],[2.435647,43.461654],[2.435551,43.462211],[2.435329,43.462516],[2.435009,43.462829],[2.434842,43.463109],[2.434477,43.4635],[2.433237,43.464448],[2.432271,43.46524],[2.432044,43.465502],[2.431787,43.465629],[2.43167,43.465741],[2.431322,43.465863],[2.431173,43.466082],[2.430943,43.466215],[2.430768,43.466404],[2.429949,43.466862],[2.429697,43.466875],[2.429359,43.467024],[2.42893,43.467143],[2.428496,43.467124],[2.428167,43.466997],[2.427535,43.466891],[2.427274,43.466785],[2.426753,43.466804],[2.426256,43.466995],[2.425015,43.46703],[2.424013,43.467189],[2.42322,43.46722],[2.422593,43.467097],[2.422171,43.467098],[2.422071,43.467326],[2.421896,43.467522],[2.421994,43.46776],[2.422021,43.468037],[2.421808,43.46817],[2.421815,43.46829],[2.42155,43.468599],[2.421033,43.468812],[2.420989,43.468869],[2.421699,43.469406],[2.42209,43.469478],[2.421893,43.469618],[2.421686,43.469712],[2.421235,43.46981],[2.421783,43.469891],[2.422596,43.469798],[2.422866,43.469826],[2.42307,43.469941],[2.422657,43.469879],[2.421949,43.470184],[2.421305,43.470261],[2.420758,43.470261],[2.42035,43.470184],[2.4199,43.470371],[2.419562,43.470409],[2.41923,43.470588],[2.419041,43.470935],[2.417872,43.471736],[2.417158,43.471813],[2.416424,43.472319],[2.415136,43.473467],[2.414557,43.473827],[2.414095,43.47385],[2.412733,43.472832],[2.412432,43.472747],[2.411461,43.472774],[2.410847,43.472451],[2.410442,43.472359],[2.409949,43.47237],[2.409734,43.471992],[2.409434,43.472022],[2.408602,43.472394],[2.408376,43.47325],[2.408363,43.47356],[2.408243,43.473999],[2.407889,43.47454],[2.407782,43.474881],[2.40732,43.475336],[2.406435,43.475883],[2.405695,43.47649],[2.405518,43.476875],[2.405485,43.477222],[2.40571,43.477455],[2.406121,43.477512],[2.406161,43.4776],[2.405609,43.477634],[2.405046,43.477592],[2.404826,43.477382],[2.404756,43.476959],[2.404648,43.476714],[2.404311,43.476493],[2.40386,43.476326],[2.403294,43.476224],[2.402975,43.476123],[2.402031,43.476413],[2.401699,43.476331],[2.401414,43.475949],[2.401264,43.475906],[2.401323,43.475536],[2.401189,43.475494],[2.399461,43.475837],[2.398759,43.475664],[2.397949,43.475418],[2.398324,43.475313],[2.398576,43.475162],[2.39848,43.475058],[2.397884,43.475137],[2.397369,43.475166],[2.396602,43.47538],[2.395298,43.476061],[2.393735,43.476432],[2.393555,43.476417],[2.393748,43.476294],[2.394593,43.476005],[2.394826,43.47588],[2.394691,43.475818],[2.393826,43.476041],[2.393479,43.476082],[2.393148,43.476073],[2.392684,43.475896],[2.392322,43.47577],[2.391941,43.475587],[2.391651,43.475517],[2.391766,43.475426],[2.39216,43.475577],[2.393056,43.475785],[2.392989,43.475718],[2.3923,43.475479],[2.392391,43.475426],[2.393026,43.475601],[2.393185,43.475586],[2.392694,43.475449],[2.392209,43.475223],[2.392245,43.475167],[2.392574,43.475299],[2.392979,43.475368],[2.393137,43.475357],[2.392455,43.475135],[2.391626,43.474545],[2.391388,43.474496],[2.391431,43.474427],[2.391602,43.474428],[2.392488,43.474886],[2.392938,43.474988],[2.39216,43.474552],[2.391747,43.474202],[2.391854,43.474144],[2.392149,43.474413],[2.392525,43.474565],[2.392994,43.474642],[2.393335,43.474598],[2.392541,43.474473],[2.391929,43.473805],[2.391168,43.473742],[2.39046,43.473901],[2.390117,43.4741],[2.389602,43.47474],[2.389467,43.475542],[2.388915,43.476017],[2.38766,43.47628],[2.387096,43.476478],[2.386366,43.477097],[2.386045,43.476844],[2.385514,43.476997],[2.385203,43.47671],[2.384028,43.476201],[2.383615,43.476093],[2.383433,43.476414],[2.383197,43.476517],[2.38302,43.476107],[2.382536,43.475983],[2.381769,43.475969],[2.381109,43.476214],[2.380868,43.476357],[2.380707,43.476715],[2.380809,43.477003],[2.380922,43.477509],[2.380922,43.477509],[2.380536,43.477708],[2.380043,43.477717],[2.379876,43.477629],[2.379994,43.477551],[2.38016,43.47751],[2.380369,43.47725],[2.380203,43.476846],[2.380106,43.475892],[2.380176,43.475581],[2.379929,43.47566],[2.379533,43.47607],[2.379387,43.47552],[2.379076,43.475838],[2.378873,43.476529],[2.37879,43.476514],[2.378814,43.476218],[2.378733,43.475986],[2.378621,43.476143],[2.378674,43.475745],[2.378497,43.475924],[2.378304,43.475933],[2.378388,43.475746],[2.37828,43.475696],[2.378293,43.475552],[2.378197,43.475445],[2.378197,43.474986],[2.378079,43.475075],[2.377821,43.475025],[2.377639,43.475108],[2.377698,43.474911],[2.377505,43.474728],[2.37766,43.474394],[2.377354,43.474064],[2.377193,43.473863],[2.377202,43.473597],[2.377124,43.473408],[2.377285,43.472572],[2.377414,43.472507],[2.377607,43.471664],[2.377867,43.471151],[2.37817,43.470794],[2.378664,43.469711],[2.378749,43.469231],[2.37914,43.468982],[2.379039,43.468708],[2.379146,43.468403],[2.379307,43.468223],[2.379548,43.467847],[2.379629,43.467508],[2.379597,43.467064],[2.379221,43.466251],[2.379136,43.465587],[2.379334,43.464687],[2.37928,43.464417],[2.379033,43.464169],[2.37898,43.463276],[2.379211,43.462913],[2.37855,43.463194],[2.377971,43.463563],[2.377505,43.463416],[2.377145,43.463393],[2.376507,43.463188],[2.376076,43.463216],[2.374726,43.463474],[2.374019,43.463393],[2.373586,43.463238],[2.372451,43.463021],[2.371823,43.462648],[2.371148,43.461921],[2.370547,43.4615],[2.369833,43.460335],[2.369445,43.459999],[2.368503,43.459547],[2.367511,43.459882],[2.365923,43.460263],[2.365435,43.460182],[2.364748,43.459591],[2.364345,43.459519],[2.363488,43.459648],[2.362871,43.459699],[2.36249,43.459636],[2.361046,43.459694],[2.360253,43.459591],[2.359912,43.459436],[2.358901,43.459141],[2.358445,43.458762],[2.358322,43.458912],[2.358209,43.459452],[2.358037,43.459588],[2.357646,43.459748],[2.357394,43.459784],[2.356573,43.46007],[2.356066,43.4604],[2.355372,43.46101],[2.355102,43.461098],[2.355275,43.460853],[2.355366,43.460579],[2.355371,43.460453],[2.355162,43.460781],[2.354775,43.461027],[2.353875,43.461217],[2.353166,43.461343],[2.352652,43.461251],[2.351713,43.460844],[2.351428,43.46051],[2.35127,43.460493],[2.350833,43.460678],[2.350462,43.460686],[2.350189,43.460536],[2.349894,43.460025],[2.349618,43.460025],[2.349266,43.460431],[2.348724,43.460382],[2.348123,43.4602],[2.347389,43.460109],[2.347405,43.460328],[2.347185,43.460562],[2.347711,43.461216],[2.348462,43.461451],[2.348569,43.461605],[2.348513,43.461818],[2.348199,43.462032],[2.346182,43.462599],[2.34541,43.464222],[2.345152,43.464965],[2.343875,43.465225],[2.343318,43.465106],[2.342588,43.465153],[2.342159,43.465292],[2.341579,43.465567],[2.340367,43.466003],[2.339627,43.465793],[2.339004,43.466159],[2.338006,43.466206],[2.337287,43.465629],[2.336032,43.464485],[2.33556,43.464227],[2.33482,43.464038],[2.334498,43.46411],[2.334316,43.464769],[2.333565,43.465084],[2.332889,43.465196],[2.33232,43.465137],[2.331762,43.464709],[2.330625,43.464819],[2.329402,43.465239],[2.328351,43.46569],[2.327246,43.465877],[2.325003,43.465606],[2.324392,43.464796],[2.324059,43.464687],[2.323726,43.46478],[2.322343,43.465396],[2.321613,43.46537],[2.319425,43.464851],[2.317075,43.463432],[2.315519,43.462856],[2.313888,43.461652],[2.312794,43.461157],[2.311817,43.460526],[2.311185,43.460418],[2.309897,43.460532],[2.308685,43.460716],[2.30758,43.460725],[2.306528,43.460404],[2.305079,43.459709],[2.305284,43.459329],[2.305165,43.458751],[2.304587,43.458302],[2.304018,43.457669],[2.303326,43.457408],[2.302,43.457108],[2.301571,43.456883],[2.300831,43.456875],[2.30052,43.457001],[2.299233,43.456696],[2.298728,43.456337],[2.297602,43.455981],[2.296883,43.455592],[2.296228,43.455341],[2.295413,43.455154],[2.294576,43.454611],[2.294217,43.454546],[2.293203,43.454684],[2.29169,43.454016],[2.2911,43.452966],[2.290274,43.452528],[2.290124,43.452248],[2.289973,43.45172],[2.289501,43.451525],[2.288917,43.451096],[2.288246,43.450713],[2.287335,43.450729],[2.2864,43.450176],[2.285521,43.449772],[2.285457,43.449688],[2.284727,43.449657],[2.284094,43.449764],[2.28345,43.449657],[2.28285,43.449965],[2.28227,43.450504],[2.281745,43.450816],[2.281037,43.451066],[2.280199,43.451493],[2.279829,43.451957],[2.279867,43.452235],[2.280382,43.452793],[2.280243,43.452966],[2.279105,43.452602],[2.276605,43.452492],[2.275543,43.452858],[2.274224,43.453068],[2.273226,43.452881],[2.272561,43.452382],[2.271986,43.452281],[2.270779,43.452305],[2.270576,43.452126],[2.270489,43.451874],[2.270219,43.451793],[2.269755,43.45193],[2.268548,43.452095],[2.267432,43.452365],[2.267035,43.452568],[2.265512,43.453014],[2.265029,43.453377],[2.264815,43.453754],[2.264202,43.453831],[2.263785,43.453675],[2.263452,43.453369],[2.26298,43.453323],[2.262154,43.453315],[2.259536,43.45196],[2.258345,43.4533],[2.257921,43.454041],[2.257218,43.454984],[2.25738,43.455466],[2.257927,43.455826],[2.257969,43.456431],[2.25695,43.456913],[2.25591,43.457027],[2.255598,43.456876],[2.254687,43.455815],[2.253839,43.455459],[2.253495,43.455582],[2.25076,43.459414],[2.250148,43.459685],[2.248163,43.459873],[2.247047,43.460332],[2.246082,43.460287],[2.244043,43.460853],[2.243304,43.460848],[2.242413,43.460503],[2.24179,43.460488],[2.241211,43.460629],[2.241103,43.460422],[2.240868,43.460514],[2.240154,43.460319],[2.239832,43.460354],[2.239395,43.460306],[2.239215,43.460311],[2.238684,43.460153],[2.238518,43.459955],[2.238201,43.459259],[2.238099,43.4588],[2.238201,43.458243],[2.238196,43.45767],[2.23752,43.456213],[2.236689,43.454825],[2.236458,43.454691],[2.235793,43.454671],[2.235079,43.454869],[2.234672,43.454865],[2.233759,43.454437],[2.233143,43.454022],[2.23251,43.453264],[2.232064,43.45322],[2.231716,43.45335],[2.231533,43.453648],[2.231314,43.45415],[2.23097,43.454346],[2.230472,43.454506],[2.229796,43.454514],[2.229447,43.454438],[2.228379,43.454293],[2.227805,43.454082],[2.227457,43.453984],[2.227004,43.453771],[2.226475,43.453426],[2.226073,43.453008],[2.225112,43.452507],[2.225197,43.452172],[2.225356,43.45186],[2.225531,43.451171],[2.225477,43.450726],[2.225303,43.450328],[2.22515,43.450112],[2.224892,43.449993],[2.224597,43.449932],[2.223524,43.449898],[2.222473,43.449548],[2.221832,43.449259],[2.22148,43.449029],[2.221282,43.448804],[2.221185,43.448291],[2.221223,43.448013],[2.221009,43.44736],[2.220595,43.446752],[2.220601,43.446538],[2.221296,43.445768],[2.22169,43.445263],[2.222139,43.444959],[2.222492,43.44481],[2.223006,43.444478],[2.223477,43.444246],[2.223734,43.444061],[2.223776,43.443611],[2.223347,43.443253],[2.223186,43.442833],[2.223122,43.442452],[2.222628,43.442254],[2.222157,43.44224],[2.220462,43.44287],[2.218852,43.443501],[2.216974,43.444904],[2.216224,43.4457],[2.215955,43.446188],[2.215558,43.446506],[2.215011,43.446503],[2.214716,43.446115],[2.214421,43.445851],[2.213992,43.44537],[2.213772,43.444981],[2.213627,43.444459],[2.213348,43.444163],[2.213101,43.443765],[2.212554,43.443354],[2.212297,43.442723],[2.21146,43.442239],[2.210795,43.441656],[2.210162,43.441328],[2.208579,43.440152],[2.207844,43.439715],[2.207404,43.439149],[2.206835,43.438819],[2.206021,43.43779],[2.206332,43.437128],[2.206643,43.436623],[2.207651,43.435829],[2.207941,43.435383],[2.207501,43.434464],[2.207511,43.434176],[2.207759,43.433234],[2.20734,43.432455],[2.206739,43.432084],[2.206675,43.431592],[2.207147,43.430977],[2.207566,43.430607],[2.207716,43.429992],[2.202222,43.428123],[2.201921,43.428488],[2.201547,43.428896],[2.201718,43.429721],[2.201514,43.430492],[2.200527,43.430968],[2.199722,43.431878],[2.199197,43.432854],[2.198682,43.433109],[2.197008,43.43339],[2.196064,43.433415],[2.195796,43.4335],[2.195452,43.434029],[2.195506,43.434627],[2.194476,43.435594],[2.194004,43.436296],[2.19402,43.436897],[2.19439,43.43777],[2.194454,43.438772],[2.194025,43.440158],[2.193221,43.440143],[2.190571,43.439816],[2.189895,43.439648],[2.189348,43.439239],[2.188779,43.43897],[2.187964,43.439117],[2.187325,43.438933],[2.186826,43.438664],[2.186161,43.438494],[2.185636,43.437659],[2.185002,43.437051],[2.184176,43.436811],[2.183211,43.436264],[2.182277,43.436108],[2.180937,43.435596],[2.180014,43.435563],[2.17981,43.435412],[2.179681,43.434919],[2.179145,43.434435],[2.17849,43.434045],[2.177718,43.433755],[2.176301,43.432932],[2.173458,43.43173],[2.171656,43.43071],[2.171302,43.430706],[2.170186,43.430444],[2.169808,43.430565],[2.169612,43.430779],[2.168373,43.430032],[2.167064,43.43007],[2.166506,43.429424],[2.168759,43.428584],[2.170765,43.4269],[2.170771,43.426459],[2.171055,43.425473],[2.171581,43.425558],[2.17187,43.425297],[2.172364,43.425413],[2.172214,43.424984],[2.172208,43.424582],[2.172439,43.424024],[2.172504,43.423361],[2.173384,43.423968],[2.174006,43.424259],[2.173458,43.423695],[2.173228,43.423374],[2.173137,43.423022],[2.173177,43.422579],[2.173432,43.422245],[2.173877,43.421546],[2.173909,43.420931],[2.172418,43.420393],[2.172187,43.420141],[2.171989,43.419764],[2.171978,43.419101],[2.173276,43.418356],[2.174145,43.418073],[2.175068,43.417666],[2.175197,43.417449],[2.176226,43.416403],[2.176398,43.416108],[2.177466,43.415395],[2.178748,43.414604],[2.179102,43.414334],[2.179295,43.414338],[2.180035,43.412725],[2.180427,43.412404],[2.180947,43.411881],[2.181591,43.410809],[2.182012,43.40977],[2.182095,43.409456],[2.182245,43.409226],[2.182841,43.408722],[2.183533,43.408062],[2.183758,43.408269],[2.184316,43.408267],[2.184582,43.408356],[2.184844,43.408546],[2.185593,43.408615],[2.185893,43.408562],[2.186746,43.408654],[2.187298,43.408637],[2.187835,43.408371],[2.188237,43.407815],[2.188613,43.407454],[2.188841,43.407295],[2.189551,43.406715],[2.189606,43.40646],[2.189369,43.406054],[2.189192,43.405944],[2.188457,43.405804],[2.187943,43.404901],[2.187814,43.404369],[2.187062,43.404122],[2.186778,43.403899],[2.186569,43.40352],[2.186215,43.403418],[2.183222,43.402988],[2.182396,43.403598],[2.181162,43.40419],[2.181274,43.403871],[2.181258,43.403388],[2.181087,43.402851],[2.180443,43.402493],[2.179724,43.401344],[2.179386,43.402016],[2.178844,43.402749],[2.178496,43.402998],[2.178206,43.403068],[2.177509,43.403426],[2.176741,43.404072],[2.176312,43.404072],[2.175599,43.403009],[2.175492,43.401258],[2.175352,43.400968],[2.175019,43.400818],[2.174414,43.4007],[2.174237,43.400529],[2.174317,43.4001],[2.174666,43.399527],[2.174821,43.399118],[2.175036,43.399009],[2.175518,43.39897],[2.176688,43.398737],[2.177438,43.39838],[2.177422,43.398246],[2.177267,43.398151],[2.176588,43.398083],[2.176253,43.398003],[2.175617,43.398041],[2.175143,43.398016],[2.174574,43.397807],[2.174017,43.397315],[2.172149,43.397392],[2.172536,43.397251],[2.172643,43.397018],[2.172482,43.396854],[2.171098,43.396926],[2.169778,43.396208],[2.169725,43.395677],[2.169821,43.395421],[2.169822,43.39457],[2.169521,43.394088],[2.169006,43.393963],[2.168083,43.393962],[2.166946,43.393813],[2.16531,43.393733],[2.165089,43.393652],[2.164875,43.394054],[2.164575,43.394424],[2.164033,43.394556],[2.163653,43.394774],[2.163223,43.395241],[2.162741,43.395335],[2.162332,43.395622],[2.16201,43.395506],[2.161678,43.395023],[2.161362,43.394984],[2.160669,43.395179],[2.159983,43.395157],[2.159779,43.394568],[2.159597,43.394408],[2.158379,43.394357],[2.158213,43.394235],[2.15846,43.393416],[2.157783,43.393227],[2.157547,43.392762],[2.157257,43.392421],[2.156904,43.392395],[2.156389,43.392612],[2.155981,43.392459],[2.155176,43.392543],[2.15457,43.393045],[2.154328,43.393119],[2.154136,43.39266],[2.154103,43.392336],[2.153911,43.392152],[2.152988,43.392037],[2.152054,43.392228],[2.151711,43.392419],[2.15111,43.392997],[2.150649,43.393097],[2.150424,43.39273],[2.149834,43.39241],[2.149431,43.392404],[2.14915,43.392566],[2.149024,43.392862],[2.149265,43.39331],[2.149265,43.393705],[2.149098,43.393993],[2.148761,43.393953],[2.148363,43.393642],[2.147913,43.393547],[2.147629,43.393204],[2.147267,43.39299],[2.147076,43.392643],[2.146975,43.392289],[2.146497,43.39135],[2.14625,43.39128],[2.145499,43.39168],[2.145005,43.392117],[2.144844,43.3927],[2.143857,43.392638],[2.143686,43.392787],[2.143386,43.394359],[2.14227,43.394363],[2.139458,43.394461],[2.13853,43.39528],[2.137473,43.396044],[2.137463,43.396373],[2.137238,43.396935],[2.136959,43.396987],[2.136743,43.396854],[2.136634,43.39663],[2.136357,43.39648],[2.13576,43.396591],[2.135749,43.396254],[2.135388,43.395939],[2.134158,43.39603],[2.133016,43.39645],[2.13241,43.396484],[2.13237,43.39666],[2.132,43.396622],[2.131424,43.396198],[2.131017,43.396129],[2.130724,43.396283],[2.130519,43.396847],[2.12971,43.397419],[2.128888,43.397178],[2.12835,43.397251],[2.127892,43.397163],[2.127357,43.397316],[2.126544,43.397438],[2.126032,43.397347],[2.12546,43.396801],[2.124472,43.396271],[2.12419,43.395985],[2.123891,43.39598],[2.123699,43.396178],[2.12225,43.39711],[2.121953,43.397734],[2.121496,43.39799],[2.120073,43.398061],[2.11909,43.398117],[2.118532,43.398016],[2.117741,43.397641],[2.116546,43.397599],[2.114917,43.397339],[2.114596,43.39715],[2.114471,43.396593],[2.114314,43.396247],[2.114191,43.395646],[2.1136,43.39521],[2.113072,43.394794],[2.111765,43.394704],[2.108919,43.394428],[2.108391,43.394644],[2.108021,43.395172],[2.10762,43.395222],[2.107086,43.394924],[2.10652,43.394946],[2.105701,43.395167],[2.105031,43.395248],[2.104185,43.395751],[2.103505,43.395923],[2.102234,43.395885],[2.10084,43.396229],[2.1,43.396191],[2.099527,43.396061],[2.098342,43.396198],[2.097341,43.396206],[2.096097,43.396449],[2.095618,43.396709],[2.095302,43.39719],[2.095298,43.397531],[2.095521,43.397815],[2.096215,43.397872],[2.096892,43.39805],[2.097969,43.39854],[2.097968,43.398662],[2.096723,43.399797],[2.09599,43.400021],[2.09539,43.400028],[2.094144,43.400664],[2.093865,43.401016],[2.093801,43.401321],[2.094256,43.401623],[2.094389,43.40191],[2.09367,43.403144],[2.09271,43.403801],[2.092185,43.404006],[2.092185,43.404188],[2.092604,43.404495],[2.093376,43.404702],[2.093473,43.404817],[2.093289,43.405195],[2.09277,43.405602],[2.091427,43.406178],[2.090514,43.406478],[2.088903,43.407277],[2.088418,43.407432],[2.088445,43.407576],[2.089041,43.40775],[2.089929,43.407736],[2.091291,43.407455],[2.091949,43.407442],[2.091977,43.407672],[2.08881,43.408735],[2.087894,43.409252],[2.086981,43.40911],[2.08578,43.40974],[2.085217,43.409727],[2.084976,43.409589],[2.084841,43.408992],[2.084537,43.408758],[2.084299,43.408734],[2.084084,43.409716],[2.0838,43.409775],[2.083451,43.409709],[2.082884,43.409843],[2.081555,43.409936],[2.080431,43.409866],[2.081324,43.408992],[2.081363,43.408678],[2.081198,43.407732],[2.081572,43.407388],[2.08349,43.406471],[2.082974,43.406436],[2.081278,43.406059],[2.079624,43.406019],[2.077701,43.405838],[2.075908,43.405089],[2.073885,43.404368],[2.072671,43.404102],[2.071991,43.404129],[2.071385,43.404194],[2.070945,43.404309],[2.070018,43.404807],[2.068786,43.405379],[2.068303,43.405401],[2.067402,43.405369],[2.06678,43.405254],[2.066651,43.405342],[2.065653,43.405057],[2.065244,43.404827],[2.064654,43.404],[2.064665,43.403906],[2.063749,43.402747],[2.062823,43.401978],[2.06048,43.400982],[2.059221,43.400453],[2.058631,43.399995],[2.058001,43.398968],[2.057597,43.398082],[2.057055,43.397469],[2.05602,43.396591],[2.052054,43.394795],[2.051285,43.394202],[2.050397,43.393641],[2.049619,43.393002],[2.047797,43.392003],[2.04589,43.391129],[2.046069,43.390872],[2.04735,43.390839],[2.04843,43.390598],[2.048434,43.3904],[2.047754,43.389953],[2.04774,43.389806],[2.04861,43.389715],[2.04977,43.389681],[2.050393,43.389718],[2.050971,43.389917],[2.051969,43.390175],[2.052505,43.390112],[2.054337,43.390094],[2.054624,43.390041],[2.055043,43.389667],[2.054738,43.388993],[2.053961,43.38802],[2.053781,43.385754],[2.053512,43.385219],[2.052844,43.384714],[2.052702,43.384404],[2.05284,43.383436],[2.054379,43.380909],[2.054635,43.380339],[2.055187,43.377883],[2.055876,43.377002],[2.056516,43.374752],[2.05658,43.373854],[2.05715,43.37265],[2.057821,43.371841],[2.057844,43.37085],[2.057234,43.36982],[2.057214,43.369539],[2.057779,43.368993],[2.058176,43.368009],[2.05842,43.36671],[2.058759,43.366551],[2.05877,43.365822],[2.059212,43.365134],[2.059345,43.36485],[2.059939,43.364365],[2.060329,43.363957],[2.060703,43.363809],[2.060857,43.363827],[2.060939,43.364371],[2.060665,43.364825],[2.061034,43.364466],[2.061363,43.3639],[2.061214,43.363472],[2.060995,43.36311],[2.060841,43.362644],[2.06053,43.362554],[2.060445,43.36243],[2.060529,43.362219],[2.060479,43.361867],[2.060148,43.361203],[2.059949,43.36116],[2.059531,43.361308],[2.059075,43.361244],[2.058962,43.361122],[2.05937,43.360779],[2.059486,43.360511],[2.059241,43.359677],[2.059119,43.359425],[2.059655,43.3584],[2.06022,43.357811],[2.060199,43.35765],[2.059555,43.357075],[2.059138,43.356511],[2.058279,43.355778],[2.057414,43.354941],[2.057048,43.354708],[2.056769,43.354324],[2.056454,43.354201],[2.056111,43.354648],[2.055373,43.354467],[2.054097,43.354347],[2.053539,43.354567],[2.051614,43.354904],[2.051464,43.354944],[2.05096,43.354945],[2.049743,43.355102],[2.049291,43.355058],[2.04893,43.35494],[2.048608,43.354528],[2.048157,43.353828],[2.047986,43.353827],[2.047274,43.354341],[2.046498,43.354702],[2.046373,43.354674],[2.046292,43.3546],[2.046308,43.354084],[2.046041,43.354018],[2.045526,43.354161],[2.045199,43.354292],[2.044812,43.354381],[2.04425,43.354393],[2.0434,43.354125],[2.042541,43.353989],[2.042317,43.353636],[2.042101,43.353511],[2.04201,43.354329],[2.041579,43.354346],[2.041222,43.354643],[2.040219,43.354712],[2.039341,43.354228],[2.038624,43.354021],[2.037927,43.354071],[2.036994,43.354232],[2.035602,43.354298],[2.035229,43.354293],[2.034931,43.35435],[2.033281,43.354439],[2.03238,43.350733],[2.03312,43.34911],[2.033088,43.348514],[2.032841,43.348044],[2.031551,43.346228],[2.03168,43.345928],[2.031074,43.345669],[2.030146,43.344969],[2.02872,43.343503],[2.027337,43.342239],[2.02838,43.340981],[2.029636,43.340302],[2.030264,43.339829],[2.030549,43.339355],[2.030838,43.338359],[2.031343,43.337849],[2.032171,43.337739],[2.034149,43.336729],[2.034378,43.336097],[2.03443,43.335441],[2.034007,43.334254],[2.036121,43.331449],[2.035858,43.331367],[2.03581,43.331268],[2.035285,43.33115],[2.034921,43.330851],[2.034894,43.330596],[2.034271,43.329072],[2.033608,43.328915],[2.03039,43.328713],[2.030486,43.327834],[2.030679,43.32694],[2.030679,43.325926],[2.030379,43.32535],[2.030148,43.324397],[2.029853,43.323694],[2.030137,43.323198],[2.030196,43.322873],[2.02952,43.322578],[2.02893,43.322174],[2.028244,43.321173],[2.027804,43.320843],[2.026967,43.319904],[2.026667,43.318948],[2.026446,43.318589],[2.026467,43.318362],[2.026451,43.318152],[2.02658,43.317699],[2.026999,43.316936],[2.02716,43.31643],[2.027705,43.315975],[2.027756,43.315817],[2.028072,43.315594],[2.027814,43.315498],[2.026173,43.315514],[2.026173,43.314914],[2.024739,43.313391],[2.026158,43.31301],[2.027643,43.311543],[2.028405,43.309964],[2.027857,43.306492],[2.027482,43.30578],[2.027922,43.305367],[2.027042,43.303281],[2.025325,43.301853],[2.024993,43.301502],[2.025003,43.301072],[2.023469,43.299221],[2.023416,43.298893],[2.022922,43.298997],[2.022278,43.298782],[2.021806,43.298111],[2.020659,43.298454],[2.019082,43.296334],[2.020701,43.295497],[2.021109,43.295478],[2.021334,43.295285],[2.02141,43.294919],[2.022536,43.294065],[2.02347,43.29284],[2.025143,43.291786],[2.026935,43.290367],[2.026269,43.289607],[2.026323,43.289322],[2.026924,43.289098],[2.027535,43.288757],[2.029059,43.288091],[2.030303,43.287396],[2.029843,43.286548],[2.03275,43.28591],[2.03364,43.285663],[2.034086,43.285465],[2.03496,43.285236],[2.038339,43.284219],[2.042598,43.282791],[2.04302,43.282714],[2.049341,43.280529],[2.050121,43.280512],[2.05016,43.280253],[2.052748,43.279344],[2.055892,43.278345],[2.056761,43.278095],[2.058445,43.27775],[2.068584,43.276401],[2.069625,43.276127],[2.072232,43.275097],[2.07309,43.275219],[2.07397,43.275535],[2.075107,43.276098],[2.075684,43.276204],[2.078235,43.275983],[2.078905,43.276017],[2.078797,43.275355],[2.07779,43.274535],[2.076502,43.27297],[2.074678,43.27194],[2.073026,43.270637],[2.071234,43.268574],[2.071363,43.267331],[2.070869,43.265371],[2.070804,43.26463],[2.071062,43.262567],[2.071041,43.262012],[2.070043,43.260566],[2.069711,43.259651],[2.069045,43.258673],[2.068214,43.256432],[2.067962,43.25555],[2.067608,43.254718],[2.067146,43.253323],[2.066889,43.251995],[2.066502,43.251152],[2.066266,43.249158],[2.066106,43.248725],[2.065161,43.247023],[2.065108,43.246525],[2.064754,43.246585],[2.065226,43.247614],[2.065247,43.24783],[2.063574,43.248343],[2.060859,43.249023],[2.060451,43.248643],[2.059636,43.248336],[2.059067,43.247696],[2.058048,43.245541],[2.057287,43.244653],[2.05572,43.243116],[2.055098,43.242374],[2.053756,43.241927],[2.052984,43.241271],[2.052062,43.239857],[2.051675,43.239507],[2.050291,43.239201],[2.048102,43.237507],[2.043833,43.23373],[2.043339,43.233791],[2.04277,43.234009],[2.041665,43.233064],[2.04055,43.232384],[2.039499,43.231885],[2.037953,43.230835],[2.037041,43.229937],[2.035829,43.229469],[2.035464,43.228897],[2.035464,43.228217],[2.035335,43.227584],[2.035561,43.226975],[2.036182,43.226701],[2.036645,43.22538],[2.036741,43.224575],[2.037915,43.222279],[2.038881,43.222298],[2.03959,43.222404],[2.041202,43.221826],[2.040368,43.220787],[2.039959,43.2209],[2.039697,43.220537],[2.03954,43.220609],[2.039323,43.220374],[2.039906,43.220031],[2.039755,43.21991],[2.041215,43.21925],[2.040641,43.218907],[2.039793,43.218116],[2.038973,43.217629],[2.038356,43.217387],[2.037857,43.217578],[2.03791,43.217783],[2.037224,43.218106],[2.036451,43.218636],[2.035737,43.218411],[2.035099,43.218348],[2.033871,43.218627],[2.03276,43.218555],[2.032214,43.218218],[2.031699,43.217589],[2.031631,43.217334],[2.03195,43.216696],[2.03217,43.215003],[2.031393,43.213314],[2.031435,43.213033],[2.031886,43.212709],[2.032122,43.212394],[2.031955,43.212292],[2.031941,43.212063],[2.03227,43.211045],[2.032434,43.21033],[2.032439,43.209947],[2.032868,43.20917],[2.032876,43.209006],[2.032605,43.208155],[2.032637,43.20801],[2.033136,43.207474],[2.033157,43.207111],[2.03298,43.206846],[2.03283,43.206116],[2.033769,43.204903],[2.034144,43.204148],[2.033565,43.203504],[2.033345,43.202774],[2.033447,43.202446],[2.033704,43.202122],[2.033919,43.200836],[2.033684,43.200371],[2.033655,43.200065],[2.033777,43.199641],[2.033839,43.199302],[2.034153,43.198662],[2.034472,43.197772],[2.034649,43.197562],[2.035083,43.197313],[2.035528,43.196407],[2.035797,43.196263],[2.035869,43.195993],[2.036215,43.195575],[2.03614,43.194871],[2.036011,43.194343],[2.036312,43.19366],[2.036896,43.192942],[2.036853,43.192426],[2.036693,43.19234],[2.036151,43.192393],[2.035679,43.192241],[2.035249,43.191922],[2.035003,43.191195],[2.034807,43.191001],[2.034445,43.190835],[2.034072,43.190812],[2.03364,43.190918],[2.032959,43.191378],[2.030856,43.192178],[2.030422,43.192249],[2.029982,43.192144],[2.029665,43.191872],[2.029574,43.191639],[2.030089,43.191423],[2.030765,43.191043],[2.032159,43.190527],[2.032825,43.189947],[2.033608,43.189541],[2.033667,43.189421],[2.034563,43.188706],[2.033629,43.187656],[2.032739,43.18627],[2.03275,43.185941],[2.032913,43.185722],[2.034423,43.185356],[2.034375,43.185102],[2.034402,43.184872],[2.034295,43.184471],[2.034209,43.183331],[2.034112,43.183139],[2.034123,43.182572],[2.033297,43.181023],[2.032685,43.180716],[2.032353,43.179674],[2.031581,43.178916],[2.029692,43.175374],[2.029005,43.172798],[2.027728,43.171535],[2.026494,43.170116],[2.025143,43.168404],[2.024167,43.16703],[2.023727,43.165844],[2.023759,43.165161],[2.02325,43.164027],[2.023263,43.163788],[2.023383,43.163534],[2.023888,43.162972],[2.023875,43.162886],[2.023614,43.162488],[2.023362,43.16205],[2.022944,43.161768],[2.022665,43.161533],[2.021726,43.16138],[2.02128,43.161258],[2.02094,43.161029],[2.020631,43.16096],[2.020165,43.160705],[2.020079,43.160588],[2.019661,43.160396],[2.019339,43.160129],[2.018585,43.159939],[2.018357,43.159838],[2.01819,43.159649],[2.018179,43.159383],[2.018019,43.158707],[2.01863,43.158274],[2.019232,43.157609],[2.019875,43.157165],[2.019886,43.157055],[2.019317,43.156796],[2.017933,43.156522],[2.017493,43.156388],[2.016732,43.156334],[2.015476,43.156101],[2.013665,43.154723],[2.012574,43.15385],[2.012697,43.153338],[2.012558,43.152803],[2.012575,43.152471],[2.012494,43.150444],[2.010842,43.148103],[2.010149,43.147697],[2.008798,43.14654],[2.008019,43.146212],[2.007518,43.146025],[2.007031,43.145778],[2.006662,43.145733],[2.00625,43.145486],[2.005549,43.145288],[2.004844,43.144949],[2.004699,43.144809],[2.00471,43.144623],[2.004957,43.1444],[2.004892,43.144287],[2.003411,43.144294],[2.002918,43.144128],[2.002825,43.143889],[2.002747,43.143457],[2.002285,43.142847],[2.0017,43.142342],[2.001185,43.142054],[2.001089,43.141883],[2.001561,43.141077],[2.001561,43.140443],[2.001443,43.140334],[2.001539,43.139544],[2.002022,43.138409],[2.002044,43.137604],[2.001518,43.137186],[2.001207,43.136481],[2.001175,43.136015],[2.00081,43.13455],[2.000311,43.133668],[2.000327,43.133443],[2.001347,43.132371],[2.001614,43.131166],[2.001496,43.130337],[2.001647,43.129799],[2.001057,43.129296],[2.001035,43.128988],[2.001228,43.12867],[2.000627,43.128388],[2.000836,43.128243],[2.001389,43.128113],[2.001658,43.127901],[2.001701,43.127252],[2.00162,43.126956],[2.001196,43.126346],[2.00089,43.125411],[2.000952,43.125155],[2.001132,43.124894],[2.00133,43.124169],[2.001507,43.12399],[2.001539,43.123799],[2.001454,43.123635],[2.000676,43.123221],[2.000391,43.122908],[2.00063,43.12248],[2.000621,43.122326],[2.000526,43.122196],[1.99977,43.121686],[1.999684,43.121438],[1.999925,43.121183],[2.000047,43.120842],[2.000223,43.120486],[2.000316,43.120156],[1.999423,43.117633],[1.99936,43.117048],[1.998694,43.116435],[1.998558,43.116062],[1.998509,43.115658],[1.998535,43.115366],[1.998755,43.11502],[1.999093,43.114627],[1.999088,43.114343],[1.998906,43.113761],[1.998364,43.112972],[1.99816,43.112239],[1.998112,43.111485],[1.998385,43.111037],[1.998557,43.11034],[1.998543,43.109782],[1.998369,43.109337],[1.997972,43.109146],[1.997479,43.109175],[1.997216,43.109118],[1.996738,43.108803],[1.995853,43.10873],[1.995575,43.108647],[1.994683,43.108699],[1.994051,43.108636],[1.993729,43.108635],[1.993522,43.108705],[1.992693,43.108909],[1.992178,43.108833],[1.9916,43.108904],[1.990725,43.108982],[1.990344,43.109226],[1.990293,43.109501],[1.990108,43.1096],[1.989163,43.109782],[1.986814,43.109894],[1.985269,43.110248],[1.984609,43.110278],[1.983885,43.110203],[1.98322,43.11028],[1.982941,43.110247],[1.982614,43.110077],[1.982142,43.110031],[1.980543,43.108606],[1.980205,43.10846],[1.979299,43.108292],[1.978713,43.107705],[1.977727,43.107587],[1.976938,43.107414],[1.974348,43.10725],[1.973838,43.107304],[1.973848,43.107075],[1.973489,43.107034],[1.972851,43.106898],[1.972009,43.106447],[1.97158,43.10635],[1.971177,43.106335],[1.970501,43.106457],[1.969989,43.106399],[1.969535,43.106404],[1.968618,43.106563],[1.968151,43.106747],[1.965544,43.106497],[1.965008,43.106372],[1.964412,43.106416],[1.963495,43.10635],[1.962765,43.106138],[1.961886,43.105494],[1.961784,43.105099],[1.961456,43.104539],[1.961435,43.104133],[1.959054,43.106567],[1.956832,43.106684],[1.955947,43.106899],[1.955333,43.10734],[1.954333,43.107883],[1.954043,43.108635],[1.953217,43.109771],[1.951715,43.110485],[1.950455,43.110715],[1.949821,43.110859],[1.94819,43.111713],[1.946383,43.112025],[1.945835,43.112018],[1.945417,43.111941],[1.944794,43.111713],[1.942772,43.111455],[1.941458,43.111213],[1.940085,43.111088],[1.939726,43.11089],[1.939311,43.1109],[1.938826,43.11082],[1.937727,43.110506],[1.936635,43.110331],[1.936201,43.110115],[1.935315,43.109814],[1.934843,43.109548],[1.934023,43.109406],[1.933475,43.109184],[1.932499,43.109737],[1.932366,43.10989],[1.931662,43.109916],[1.93151,43.11001],[1.931272,43.110328],[1.931043,43.110802],[1.930863,43.1109],[1.930182,43.110672],[1.929088,43.110233],[1.926502,43.110451],[1.925257,43.109161],[1.924978,43.109215],[1.924645,43.108871],[1.924324,43.108706],[1.923863,43.108723],[1.922511,43.110275],[1.922602,43.110661],[1.922725,43.110906],[1.921857,43.11152],[1.920837,43.111925],[1.919486,43.112742],[1.918209,43.113036],[1.918015,43.112968],[1.914458,43.113473],[1.914449,43.113625],[1.913311,43.11406],[1.913344,43.114275],[1.911637,43.114915],[1.910403,43.115398],[1.909599,43.115566],[1.908901,43.11585],[1.90851,43.116035],[1.908376,43.116241],[1.907061,43.116628],[1.906332,43.116796],[1.905103,43.116923],[1.904725,43.116891],[1.904514,43.116782],[1.904191,43.116291],[1.904181,43.11579],[1.904229,43.115527],[1.903891,43.115451],[1.903403,43.11523],[1.902266,43.114614],[1.90203,43.114401],[1.901922,43.114231],[1.901785,43.11425],[1.899256,43.11316],[1.898996,43.112488],[1.898776,43.112005],[1.899216,43.111596],[1.898075,43.111786],[1.897254,43.112239],[1.896393,43.112444],[1.896734,43.112137],[1.896413,43.111289],[1.896674,43.111026],[1.897174,43.110865],[1.897374,43.10993],[1.897274,43.109287],[1.896694,43.109097],[1.896774,43.108702],[1.896253,43.1086],[1.895833,43.108351],[1.895823,43.108259],[1.895806,43.107679],[1.895731,43.107354],[1.895689,43.107068],[1.895571,43.106794],[1.895179,43.106449],[1.895099,43.106221],[1.895243,43.105712],[1.894758,43.105213],[1.894739,43.105011],[1.895238,43.104137],[1.894836,43.104266],[1.894018,43.104356],[1.893382,43.104485],[1.892674,43.105052],[1.892397,43.105192],[1.891778,43.105426],[1.891247,43.105888],[1.890786,43.106385],[1.890228,43.106575],[1.889882,43.106483],[1.889815,43.106386],[1.88975,43.105388],[1.889648,43.105354],[1.888254,43.106185],[1.88747,43.106484],[1.886602,43.107014],[1.885979,43.107006],[1.885486,43.107162],[1.885228,43.107322],[1.885271,43.107632],[1.88363,43.109115],[1.883383,43.108894],[1.882804,43.108022],[1.881913,43.106319],[1.882069,43.106098],[1.881956,43.105773],[1.882034,43.105328],[1.88179,43.104902],[1.881473,43.104638],[1.880901,43.103941],[1.880722,43.103269],[1.880509,43.102719],[1.880213,43.102516],[1.880288,43.102423],[1.880373,43.101969],[1.880046,43.101353],[1.880191,43.100871],[1.878979,43.101571],[1.878372,43.10116],[1.877932,43.100776],[1.877321,43.099761],[1.877299,43.099561],[1.877192,43.099322],[1.876951,43.099122],[1.876505,43.099072],[1.876001,43.098743],[1.87511,43.097778],[1.874574,43.096493],[1.875953,43.096408],[1.876248,43.096144],[1.87614,43.089114],[1.876076,43.086403],[1.876076,43.086403],[1.876055,43.085145],[1.876162,43.084576],[1.876452,43.084475],[1.876549,43.084296],[1.879113,43.083999],[1.899948,43.08268],[1.900946,43.081123],[1.901278,43.079936],[1.902319,43.07961],[1.902898,43.078944],[1.90543,43.077672],[1.907619,43.075104],[1.908035,43.074327],[1.908193,43.073972],[1.908349,43.073109],[1.907683,43.072204],[1.908225,43.071422],[1.908601,43.070698],[1.909637,43.069889],[1.910581,43.068504],[1.910452,43.067969],[1.910159,43.067601],[1.910871,43.067029],[1.911605,43.066348],[1.911634,43.066066],[1.911535,43.065769],[1.911653,43.065585],[1.911964,43.064602],[1.913241,43.064436],[1.914389,43.064426],[1.915483,43.064627],[1.916234,43.064726],[1.916932,43.065158],[1.917624,43.065472],[1.91776,43.065401],[1.918363,43.065299],[1.919064,43.065048],[1.920215,43.064821],[1.921011,43.064491],[1.922104,43.064272],[1.922589,43.064091],[1.922843,43.064048],[1.924549,43.064376],[1.925233,43.06401],[1.925376,43.063782],[1.926948,43.06334],[1.929812,43.062482],[1.930933,43.062317],[1.932609,43.061695],[1.933394,43.060815],[1.93354,43.060265],[1.933336,43.059675],[1.933229,43.058976],[1.933262,43.057916],[1.934441,43.056534],[1.934645,43.055953],[1.934527,43.054581],[1.934474,43.053092],[1.936104,43.052284],[1.934409,43.050472],[1.934752,43.050233],[1.935289,43.049977],[1.935224,43.049854],[1.936018,43.049587],[1.935675,43.048679],[1.935782,43.048051],[1.935482,43.047147],[1.935783,43.046859],[1.93619,43.047032],[1.936598,43.046847],[1.937167,43.04671],[1.936587,43.045551],[1.938272,43.04512],[1.939044,43.044547],[1.939408,43.044444],[1.940181,43.044483],[1.94142,43.043829],[1.942767,43.043144],[1.942649,43.041943],[1.941962,43.036597],[1.942016,43.035927],[1.942273,43.035238],[1.942659,43.03458],[1.943405,43.033886],[1.944323,43.033365],[1.949258,43.03149],[1.950341,43.0308],[1.953308,43.027908],[1.953954,43.027437],[1.954712,43.02704],[1.955845,43.026628],[1.956843,43.026442],[1.960169,43.026165],[1.961232,43.025902],[1.961993,43.025555],[1.962824,43.024985],[1.963406,43.024382],[1.963897,43.023321],[1.963967,43.022919],[1.963937,43.02082],[1.961497,43.015565],[1.961985,43.012473],[1.964359,43.009286],[1.966538,43.008074],[1.972946,43.00736],[1.98202,43.00893],[1.983906,43.008763],[1.98576,43.008026],[1.986801,43.006789],[1.987646,43.004482],[1.988492,43.003245],[1.989468,43.003198],[1.988882,43.005885],[1.989598,43.005862],[1.989858,43.005671],[1.991809,43.005529],[1.992167,43.004435],[1.992492,43.004601],[1.992635,43.004639],[1.99286,43.004952],[1.993262,43.004834],[1.993686,43.004818],[1.994094,43.00463],[1.996003,43.004546],[1.996508,43.004363],[1.996948,43.004344],[1.997655,43.004191],[1.998343,43.004318],[1.99919,43.004119],[1.999093,43.004564],[1.999179,43.004742],[1.999876,43.004546],[2.00096,43.004867],[2.001657,43.004813],[2.003632,43.005439],[2.005509,43.005825],[2.005584,43.005496],[2.006153,43.00552],[2.008094,43.005032],[2.008846,43.004687],[2.009897,43.003904],[2.012354,43.003345],[2.014291,43.00247],[2.014994,43.002227],[2.017386,43.002128],[2.018014,43.002145],[2.019049,43.00206],[2.019746,43.001712],[2.020111,43.000683],[2.019124,43.000701],[2.018373,43.000138],[2.018298,42.998527],[2.016099,42.999031],[2.015734,42.999485],[2.015471,42.999438],[2.01406,42.998929],[2.013127,42.998345],[2.012332,42.997673],[2.011679,42.996558],[2.01186,42.995115],[2.011185,42.99476],[2.010831,42.994069],[2.010289,42.993415],[2.009811,42.992932],[2.009439,42.99225],[2.009184,42.992014],[2.009014,42.991732],[2.008822,42.991512],[2.00846,42.990955],[2.007591,42.990099],[2.007274,42.990068],[2.006797,42.990261],[2.006395,42.990032],[2.005971,42.989614],[2.004817,42.988607],[2.004796,42.988454],[2.005198,42.987825],[2.004822,42.98609],[2.004662,42.985929],[2.00463,42.985634],[2.005606,42.985312],[2.006582,42.985068],[2.007301,42.984002],[2.007703,42.984146],[2.00803,42.984368],[2.007966,42.984565],[2.009082,42.9852],[2.010278,42.985479],[2.010568,42.98541],[2.011397,42.985489],[2.011968,42.985459],[2.012901,42.985642],[2.013427,42.985591],[2.013851,42.985618],[2.013642,42.986301],[2.014162,42.986473],[2.014436,42.986673],[2.014886,42.986764],[2.015879,42.986728],[2.015884,42.987217],[2.016206,42.987297],[2.016324,42.987427],[2.017879,42.987482],[2.018759,42.987553],[2.019618,42.98737],[2.019586,42.98717],[2.020047,42.986825],[2.02069,42.986622],[2.020734,42.986158],[2.020883,42.985878],[2.022063,42.985372],[2.023179,42.98467],[2.024478,42.984355],[2.024907,42.98449],[2.025551,42.984307],[2.026055,42.983814],[2.02628,42.982901],[2.027353,42.98222],[2.027621,42.982251],[2.028318,42.982173],[2.028566,42.982783],[2.028566,42.982914],[2.029424,42.983185],[2.030261,42.983092],[2.031114,42.983333],[2.03201,42.983716],[2.033254,42.984058],[2.034959,42.983437],[2.035442,42.982973],[2.036129,42.9824],[2.03659,42.982129],[2.037674,42.981387],[2.037892,42.981287],[2.038141,42.981265],[2.038404,42.981308],[2.038505,42.981502],[2.039305,42.981243],[2.039632,42.981004],[2.03986,42.980965],[2.041041,42.981049],[2.042137,42.981201],[2.042696,42.981628],[2.043782,42.982263],[2.045441,42.983691],[2.048076,42.984595],[2.048607,42.985435],[2.049444,42.985863],[2.05277,42.986801],[2.053124,42.987179],[2.05572,42.987682],[2.056514,42.987682],[2.058198,42.987492],[2.059304,42.986568],[2.059067,42.985916],[2.058574,42.985516],[2.05851,42.984753],[2.058671,42.984535],[2.059443,42.985233],[2.060602,42.98539],[2.061299,42.985947],[2.061685,42.98674],[2.061685,42.985909],[2.063316,42.985435],[2.063563,42.984974],[2.063788,42.983772],[2.064389,42.982872],[2.065773,42.981907],[2.067007,42.981285],[2.067715,42.980408],[2.069861,42.979549],[2.071234,42.979431],[2.073659,42.978844],[2.076641,42.977692],[2.077264,42.977196],[2.077864,42.976536],[2.078809,42.976238],[2.080804,42.976364],[2.080944,42.976166],[2.08045,42.974941],[2.080761,42.974049],[2.080386,42.973309],[2.080332,42.972557],[2.080643,42.971542],[2.080847,42.970051],[2.081662,42.967163],[2.08163,42.966145],[2.081845,42.964676],[2.081823,42.96389],[2.082038,42.963074],[2.082049,42.962494],[2.082864,42.961235],[2.082939,42.960583],[2.081169,42.957497],[2.079903,42.956306],[2.080203,42.955284],[2.081083,42.954201],[2.080944,42.954044],[2.080579,42.952953],[2.078809,42.952332],[2.078122,42.951599],[2.076341,42.951302],[2.075354,42.948349],[2.073605,42.94838],[2.076942,42.947346],[2.077779,42.946346],[2.078422,42.946072],[2.080622,42.946198],[2.081265,42.945969],[2.081276,42.94558],[2.080911,42.945328],[2.080461,42.94487],[2.080021,42.944172],[2.080954,42.943058],[2.080783,42.942844],[2.079238,42.942341],[2.078723,42.941887],[2.078667,42.94127],[2.078384,42.941063],[2.077435,42.941101],[2.077221,42.94088],[2.076824,42.940456],[2.076019,42.9403],[2.075311,42.939854],[2.074796,42.939308],[2.073026,42.939159],[2.072757,42.937992],[2.072811,42.937],[2.072371,42.936489],[2.073551,42.935947],[2.074109,42.935871],[2.074034,42.935642],[2.072843,42.935886],[2.073916,42.93502],[2.075129,42.934776],[2.07662,42.933868],[2.07721,42.933907],[2.077886,42.934269],[2.078036,42.934086],[2.077178,42.933601],[2.075912,42.933334],[2.075096,42.932499],[2.075064,42.932289],[2.075204,42.932304],[2.075289,42.931587],[2.075096,42.930977],[2.074088,42.930481],[2.073712,42.929878],[2.074195,42.929218],[2.073884,42.928799],[2.072811,42.928692],[2.072521,42.928596],[2.071996,42.928677],[2.071148,42.928478],[2.06941,42.928352],[2.067844,42.928478],[2.066964,42.928085],[2.065698,42.928524],[2.064668,42.928745],[2.064271,42.928486],[2.062308,42.928471],[2.061599,42.928078],[2.060055,42.927975],[2.057866,42.928291],[2.055345,42.929642],[2.055398,42.929092],[2.055913,42.928322],[2.055924,42.927426],[2.055945,42.927017],[2.055237,42.926311],[2.054991,42.926292],[2.053767,42.925312],[2.052705,42.924747],[2.052115,42.924206],[2.053499,42.924377],[2.054722,42.924274],[2.055699,42.924072],[2.056525,42.924164],[2.056653,42.923969],[2.056407,42.923519],[2.055269,42.922745],[2.054808,42.922577],[2.053607,42.921619],[2.053499,42.920662],[2.053918,42.920464],[2.055398,42.920483],[2.059754,42.921337],[2.061106,42.921352],[2.062147,42.921658],[2.064003,42.921989],[2.065161,42.921997],[2.066427,42.922272],[2.069399,42.922085],[2.070612,42.922218],[2.071288,42.922092],[2.071105,42.921448],[2.067876,42.920506],[2.069099,42.920017],[2.07059,42.91975],[2.072092,42.919044],[2.074517,42.918526],[2.077178,42.917332],[2.079839,42.916561],[2.082016,42.916191],[2.083679,42.91568],[2.084817,42.915272],[2.086093,42.915333],[2.088668,42.914761],[2.091254,42.913677],[2.092338,42.912975],[2.092348,42.91296],[2.092949,42.912819],[2.093464,42.912582],[2.094494,42.912426],[2.095503,42.912071],[2.096039,42.912003],[2.097015,42.911556],[2.099826,42.910511],[2.101521,42.90889],[2.10224,42.907532],[2.102627,42.906479],[2.102959,42.906021],[2.103045,42.905388],[2.103528,42.90424],[2.104257,42.903461],[2.105148,42.902691],[2.106618,42.901852],[2.107884,42.901276],[2.108946,42.90107],[2.109203,42.900436],[2.110244,42.899704],[2.110845,42.899349],[2.110974,42.898682],[2.111531,42.897667],[2.112529,42.897266],[2.113817,42.897301],[2.114536,42.897163],[2.114396,42.896538],[2.113613,42.895042],[2.113377,42.894753],[2.113581,42.893936],[2.113999,42.893448],[2.113398,42.891365],[2.113194,42.890965],[2.113463,42.890526],[2.11446,42.890282],[2.113967,42.888409],[2.112916,42.887474],[2.112658,42.886749],[2.111338,42.885887],[2.110416,42.885326],[2.110147,42.884281],[2.109075,42.883797],[2.107712,42.883526],[2.10753,42.883339],[2.10768,42.88311],[2.107444,42.882858],[2.106586,42.882317],[2.105727,42.882034],[2.105298,42.881962],[2.105223,42.881821],[2.105405,42.881718],[2.106478,42.881657],[2.105255,42.881435],[2.104794,42.88147],[2.104375,42.881248],[2.104032,42.881184],[2.103624,42.880833],[2.102466,42.880604],[2.101897,42.880413],[2.101264,42.88044],[2.101232,42.880634],[2.101554,42.880962],[2.101511,42.881435],[2.100867,42.882168],[2.099773,42.882576],[2.099676,42.881962],[2.099794,42.881374],[2.10003,42.880974],[2.100052,42.880486],[2.099193,42.88002],[2.098346,42.879929],[2.097863,42.880123],[2.096232,42.880264],[2.093604,42.878754],[2.093046,42.878345],[2.091715,42.878048],[2.091254,42.878094],[2.090213,42.877655],[2.090449,42.877056],[2.089945,42.876713],[2.090042,42.876343],[2.089924,42.875965],[2.089731,42.875736],[2.089849,42.87532],[2.089741,42.874596],[2.089312,42.874409],[2.089441,42.873875],[2.089237,42.873646],[2.088078,42.87373],[2.087831,42.873512],[2.088153,42.873142],[2.09016,42.871655],[2.091812,42.871189],[2.091973,42.869431],[2.091683,42.869091],[2.091222,42.869045],[2.090321,42.869148],[2.08884,42.869045],[2.087896,42.869297],[2.086877,42.86932],[2.085943,42.869274],[2.085021,42.869602],[2.08442,42.869736],[2.083733,42.868343],[2.083958,42.867615],[2.083561,42.867535],[2.083315,42.867023],[2.082886,42.866936],[2.08266,42.866119],[2.082521,42.866001],[2.082092,42.864216],[2.081115,42.862858],[2.080504,42.862629],[2.07986,42.862762],[2.079431,42.863022],[2.078851,42.863068],[2.078079,42.862],[2.077736,42.861816],[2.077618,42.861252],[2.076319,42.860168],[2.076266,42.859638],[2.075236,42.858711],[2.075182,42.858074],[2.075547,42.857452],[2.076008,42.856998],[2.076695,42.855694],[2.076749,42.855095],[2.076073,42.854378],[2.076384,42.8536],[2.076824,42.85334],[2.076974,42.85305],[2.074603,42.852192],[2.074496,42.851898],[2.073777,42.851208],[2.073895,42.850494],[2.071116,42.850571],[2.070462,42.849926],[2.069764,42.849487],[2.070322,42.84874],[2.069668,42.847401],[2.068487,42.847393],[2.068262,42.845798],[2.068412,42.845615],[2.068799,42.843838],[2.068573,42.843475],[2.068691,42.842224],[2.068595,42.841469],[2.068101,42.841625],[2.067382,42.84198],[2.066009,42.842075],[2.063627,42.842422],[2.059915,42.843422],[2.057844,42.844059],[2.055624,42.844334],[2.053671,42.844444],[2.050484,42.84494],[2.049648,42.845104],[2.048349,42.844845],[2.048038,42.843903],[2.048661,42.843014],[2.049444,42.842335],[2.050066,42.841328],[2.049519,42.839275],[2.051021,42.838985],[2.051772,42.838238],[2.052512,42.836231],[2.051826,42.835514],[2.051482,42.834122],[2.05145,42.833626],[2.051139,42.832958],[2.051343,42.832417],[2.050431,42.832153],[2.048585,42.8321],[2.047073,42.831894],[2.046247,42.831516],[2.046021,42.830635],[2.04644,42.830139],[2.047545,42.829906],[2.048746,42.829559],[2.04954,42.829079],[2.050409,42.828369],[2.050442,42.828026],[2.049851,42.827641],[2.048349,42.827133],[2.04674,42.826797],[2.045667,42.826866],[2.045517,42.826229],[2.045839,42.825851],[2.047437,42.825539],[2.047899,42.825008],[2.048339,42.825169],[2.0488,42.825153],[2.049036,42.824993],[2.050602,42.825405],[2.051643,42.825459],[2.052008,42.824852],[2.052298,42.82362],[2.052941,42.822861],[2.053263,42.822289],[2.053564,42.822117],[2.054272,42.822128],[2.05483,42.821266],[2.05469,42.820549],[2.054894,42.819935],[2.055774,42.820148],[2.056707,42.820107],[2.057887,42.819881],[2.058402,42.819572],[2.058671,42.819344],[2.061321,42.819157],[2.061782,42.818573],[2.061878,42.81818],[2.061245,42.817528],[2.061385,42.817268],[2.062415,42.816292],[2.06264,42.816101],[2.062715,42.815441],[2.063681,42.813145],[2.064121,42.812775],[2.064089,42.812012],[2.063252,42.811844],[2.063069,42.811562],[2.064282,42.809719],[2.06396,42.809067],[2.064357,42.808704],[2.066642,42.807091],[2.066824,42.805618],[2.066749,42.80518],[2.066921,42.804966],[2.067069,42.800047],[2.067882,42.798711],[2.068638,42.79863],[2.068155,42.797092],[2.066685,42.795425],[2.066041,42.795071],[2.065816,42.79459],[2.065719,42.793888],[2.06514,42.793007],[2.064786,42.792362],[2.063981,42.792076],[2.062833,42.792171],[2.061514,42.791378],[2.061278,42.790726],[2.061417,42.790039],[2.061406,42.789188],[2.06117,42.788811],[2.061095,42.788254],[2.061256,42.787426],[2.061042,42.786606],[2.060612,42.786465],[2.060055,42.786518],[2.060065,42.786095],[2.059765,42.785416],[2.060087,42.784424],[2.060645,42.784172],[2.061353,42.784039],[2.063327,42.782795],[2.065194,42.782394],[2.067232,42.78178],[2.06867,42.781063],[2.071202,42.780087],[2.073648,42.778732],[2.075096,42.778133],[2.075032,42.777851],[2.075901,42.77758],[2.076105,42.77726],[2.076008,42.777084],[2.07706,42.774849],[2.077231,42.7743],[2.077435,42.773945],[2.077467,42.773323],[2.07684,42.772492],[2.076773,42.772227],[2.076877,42.772032],[2.07707,42.771855],[2.077156,42.771445],[2.077146,42.77109],[2.077275,42.771084],[2.077575,42.771378],[2.077607,42.77097],[2.076572,42.770513],[2.075901,42.770344],[2.075909,42.769874],[2.075756,42.769412],[2.075305,42.768863],[2.075781,42.76807],[2.076177,42.767561],[2.077108,42.766187],[2.077167,42.765654],[2.077398,42.7654],[2.079184,42.764328],[2.079664,42.76385],[2.079962,42.763364],[2.080016,42.763078],[2.07941,42.76286],[2.079152,42.762623],[2.07905,42.762244],[2.079203,42.761706],[2.079302,42.761212],[2.079702,42.760728],[2.079869,42.760346],[2.080236,42.759972],[2.080195,42.759627],[2.080278,42.759329],[2.080745,42.758926],[2.080879,42.758607],[2.080869,42.758036],[2.080739,42.7578],[2.079544,42.757176],[2.078573,42.756952],[2.077419,42.75684],[2.076743,42.756551],[2.076295,42.756497],[2.075803,42.75658],[2.075337,42.756703],[2.074496,42.757217],[2.073809,42.757485],[2.073481,42.757429],[2.072895,42.757028],[2.072588,42.756879],[2.07206,42.756439],[2.071914,42.756429],[2.071521,42.756506],[2.070912,42.756534],[2.070488,42.757017],[2.070322,42.757149],[2.069815,42.757142],[2.069518,42.757175],[2.069136,42.757128],[2.068798,42.757035],[2.068556,42.757038],[2.068282,42.757111],[2.067664,42.757495],[2.067425,42.757479],[2.066873,42.757129],[2.066205,42.756421],[2.066004,42.756351],[2.065655,42.756368],[2.065053,42.756595],[2.064483,42.75687],[2.064201,42.757092],[2.063989,42.757356],[2.063761,42.757372],[2.063214,42.757026],[2.061709,42.757192],[2.060768,42.757232],[2.060282,42.757178],[2.059974,42.757199],[2.059067,42.757469],[2.058338,42.757456],[2.057619,42.757491],[2.056868,42.757422],[2.056024,42.757524],[2.055626,42.757615],[2.055446,42.757718],[2.054663,42.758773],[2.054218,42.759082],[2.053966,42.759339],[2.053832,42.759751],[2.053719,42.759883],[2.053574,42.760194],[2.053489,42.75992],[2.053585,42.759107],[2.054025,42.758593],[2.054406,42.758009],[2.054454,42.757427],[2.054628,42.757021],[2.054808,42.756843],[2.055299,42.756537],[2.055515,42.756349],[2.055884,42.756175],[2.056235,42.755937],[2.056744,42.7558],[2.057367,42.755731],[2.058391,42.755471],[2.058853,42.755325],[2.059765,42.754752],[2.060001,42.754691],[2.061087,42.754751],[2.061497,42.754725],[2.061943,42.754623],[2.062238,42.754522],[2.062506,42.754314],[2.062906,42.753803],[2.063129,42.753571],[2.064646,42.752873],[2.065083,42.752755],[2.065617,42.752716],[2.067892,42.752795],[2.068637,42.752725],[2.068911,42.752603],[2.069056,42.752421],[2.069485,42.751516],[2.069651,42.751327],[2.069822,42.751328],[2.070239,42.751544],[2.07066,42.751655],[2.071033,42.751654],[2.071465,42.751605],[2.072014,42.751396],[2.072512,42.751321],[2.07258,42.751136],[2.072336,42.750452],[2.072312,42.750123],[2.072479,42.749903],[2.072779,42.749802],[2.073836,42.749661],[2.07508,42.749419],[2.075498,42.749533],[2.075826,42.749541],[2.076163,42.749454],[2.077741,42.748227],[2.077843,42.747856],[2.077698,42.746515],[2.077746,42.746339],[2.077991,42.746042],[2.078252,42.745818],[2.078385,42.745674],[2.078953,42.745398],[2.079372,42.74535],[2.079618,42.74518],[2.080227,42.744893],[2.080499,42.744719],[2.081019,42.744678],[2.081458,42.744329],[2.081434,42.744193],[2.080627,42.743592],[2.080627,42.743349],[2.080259,42.742976],[2.07977,42.742672],[2.079141,42.742225],[2.078658,42.741826],[2.078712,42.741722],[2.079163,42.741404],[2.079613,42.741194],[2.080487,42.740934],[2.080579,42.74082],[2.080638,42.740628],[2.080838,42.740547],[2.082175,42.740269],[2.082301,42.740139],[2.082336,42.739726],[2.082515,42.739226],[2.082811,42.738789],[2.082714,42.738485],[2.082344,42.738104],[2.081899,42.737755],[2.081773,42.737544],[2.081486,42.737341],[2.080504,42.736911],[2.079989,42.73654],[2.07956,42.736331],[2.078717,42.736294],[2.077736,42.736084],[2.076883,42.736023],[2.076566,42.735938],[2.076494,42.735754],[2.076539,42.735008],[2.076647,42.734668],[2.076491,42.734414],[2.076078,42.734161],[2.075171,42.733852],[2.074705,42.733446],[2.074259,42.733334],[2.073712,42.733313],[2.073176,42.733205],[2.072618,42.733128],[2.072457,42.732946],[2.070799,42.732237],[2.068862,42.731292],[2.068176,42.730811],[2.066637,42.730881],[2.064636,42.730723],[2.064132,42.730575],[2.063402,42.73059],[2.062866,42.730494],[2.061728,42.730592],[2.060215,42.730144],[2.059722,42.730494],[2.058896,42.730671],[2.058247,42.73056],[2.057201,42.730472],[2.056524,42.730132],[2.056268,42.730103],[2.055532,42.729762],[2.05576,42.729498],[2.056106,42.729248],[2.058804,42.728317],[2.059464,42.727935],[2.059936,42.727561],[2.060441,42.727093],[2.06102,42.726394],[2.060507,42.726255],[2.060261,42.726301],[2.05985,42.726289],[2.059606,42.726243],[2.059299,42.726292],[2.058046,42.725897],[2.057792,42.725874],[2.056866,42.725583],[2.056492,42.725405],[2.056326,42.725403],[2.056107,42.725651],[2.055736,42.725448],[2.05524,42.725471],[2.054706,42.725403],[2.053864,42.724982],[2.053317,42.724842],[2.052684,42.724429],[2.051686,42.724066],[2.050881,42.723545],[2.05012,42.722748],[2.049047,42.722038],[2.047775,42.720778],[2.047244,42.72033],[2.04726,42.71996],[2.046322,42.719058],[2.045732,42.718722],[2.045013,42.717537],[2.044519,42.717144],[2.044133,42.716367],[2.043881,42.716178],[2.042352,42.713818],[2.041837,42.712907],[2.04159,42.712406],[2.040646,42.711289],[2.040839,42.711079],[2.040812,42.710877],[2.040272,42.710332],[2.039801,42.709573],[2.038831,42.708629],[2.03799,42.707867],[2.03774,42.707194],[2.037618,42.706619],[2.037573,42.705993],[2.037696,42.705763],[2.037937,42.705462],[2.038147,42.704911],[2.038377,42.70312],[2.038889,42.703185],[2.038829,42.703062],[2.038292,42.70278],[2.038224,42.702621],[2.038221,42.702281],[2.038307,42.702086],[2.038446,42.701946],[2.038319,42.701691],[2.038256,42.701452],[2.038001,42.700966],[2.037333,42.700338],[2.037046,42.699781],[2.036596,42.699343],[2.036033,42.699192],[2.03422,42.69742],[2.033993,42.695317],[2.033082,42.694552],[2.032433,42.693562],[2.031607,42.693028],[2.030137,42.6929],[2.029322,42.69291],[2.028965,42.693045],[2.028544,42.693058],[2.027814,42.693285],[2.027455,42.69346],[2.027138,42.693675],[2.02665,42.694117],[2.026302,42.694322],[2.02582,42.693993],[2.02543,42.693951],[2.025062,42.693755],[2.024789,42.693502],[2.02378,42.693118],[2.022954,42.692707],[2.022498,42.692358],[2.022268,42.692012],[2.021952,42.690948],[2.021384,42.690853],[2.020978,42.690695],[2.020486,42.690409],[2.020095,42.690066],[2.020031,42.689356],[2.019789,42.689053],[2.019629,42.688177],[2.019379,42.687883],[2.016957,42.686287],[2.016173,42.68615],[2.015699,42.685561],[2.01525,42.685334],[2.014929,42.685059],[2.014861,42.684652],[2.014905,42.683992],[2.014854,42.683758],[2.014557,42.683563],[2.014251,42.683174],[2.01402,42.682951],[2.013604,42.682278],[2.013472,42.68217],[2.013286,42.681904],[2.013065,42.681763],[2.012983,42.681527],[2.012719,42.681087],[2.012038,42.680775],[2.011724,42.68072],[2.011163,42.680428],[2.01115,42.680258],[2.010786,42.680098],[2.010653,42.679965],[2.010684,42.679835],[2.010355,42.679712],[2.010014,42.679388],[2.009423,42.679104],[2.009315,42.678937],[2.009025,42.678801],[2.00808,42.677843],[2.007704,42.677711],[2.007542,42.677559],[2.007601,42.677308],[2.007388,42.677179],[2.006949,42.67701],[2.006319,42.676491],[2.005783,42.675825],[2.005324,42.675445],[2.004726,42.675081],[2.00434,42.674978],[2.0039,42.674828],[2.003283,42.674697],[2.003041,42.674745],[2.002795,42.674719],[2.002331,42.674756],[2.001973,42.674589],[2.001729,42.674601],[2.001288,42.674349],[2.000818,42.674577],[2.000184,42.674577],[1.999518,42.674756],[1.998477,42.67472],[1.997973,42.674553],[1.997712,42.67423],[1.998135,42.673895],[1.998005,42.673692],[1.997355,42.67368],[1.996281,42.673249],[1.995403,42.672819],[1.995046,42.672771],[1.994606,42.672389],[1.994281,42.672281],[1.99407,42.67197],[1.994232,42.671851],[1.994151,42.671384],[1.993647,42.670954],[1.993582,42.670583],[1.993062,42.670009],[1.993387,42.669471],[1.992883,42.669686],[1.992281,42.669663],[1.992198,42.669657],[1.991866,42.669516],[1.991562,42.669153],[1.991536,42.668869],[1.99059,42.668044],[1.99042,42.667952],[1.990358,42.667819],[1.990087,42.667814],[1.989589,42.667367],[1.98914,42.6674],[1.988954,42.667384],[1.988908,42.667163],[1.988724,42.666942],[1.988123,42.666789],[1.98771,42.666801],[1.98745,42.666629],[1.987191,42.666702],[1.986632,42.666491],[1.98641,42.666324],[1.985523,42.666155],[1.985279,42.666041],[1.984996,42.665648],[1.985133,42.665537],[1.985162,42.66543],[1.985002,42.665384],[1.984868,42.665159],[1.984885,42.665045],[1.984744,42.664978],[1.984206,42.664533],[1.9835,42.663509],[1.983255,42.663048],[1.982998,42.662955],[1.98162,42.662826],[1.981294,42.662746],[1.980041,42.662912],[1.979931,42.663007],[1.979431,42.662966],[1.979143,42.663001],[1.979049,42.663076],[1.978496,42.663032],[1.9785,42.663151],[1.978467,42.663303],[1.978487,42.663669],[1.978543,42.664171],[1.97838,42.664325],[1.977944,42.664601],[1.977628,42.664658],[1.977221,42.664948],[1.976728,42.665081],[1.976586,42.665171],[1.97609,42.665324],[1.975706,42.665652],[1.975652,42.665989],[1.974344,42.666615],[1.974011,42.666576],[1.973824,42.666431],[1.973476,42.666512],[1.973321,42.666129],[1.973252,42.665778],[1.97332,42.665388],[1.973682,42.664804],[1.973592,42.664287],[1.973617,42.663707],[1.973486,42.66347],[1.972658,42.663228],[1.972141,42.662477],[1.971709,42.662022],[1.971319,42.661777],[1.97118,42.661968],[1.97097,42.661911],[1.97088,42.662029],[1.9706,42.662016],[1.970503,42.662494],[1.970367,42.662772],[1.970114,42.662986],[1.969796,42.663065],[1.969634,42.663009],[1.969471,42.663126],[1.968707,42.662618],[1.968368,42.662614],[1.96803,42.662689],[1.967128,42.663124],[1.966994,42.66312],[1.966814,42.66328],[1.966677,42.663235],[1.966476,42.663608],[1.966274,42.663586],[1.966371,42.663022],[1.966011,42.662449],[1.966174,42.661639],[1.966151,42.66134],[1.96601,42.661081],[1.965932,42.660808],[1.96568,42.66045],[1.965422,42.659501],[1.965225,42.659541],[1.965242,42.660003],[1.965048,42.65999],[1.964981,42.659757],[1.96472,42.659464],[1.964454,42.659293],[1.964404,42.659069],[1.964686,42.658554],[1.964924,42.657882],[1.964887,42.657574],[1.965032,42.657132],[1.964848,42.656706],[1.964363,42.655988],[1.963964,42.65491],[1.963536,42.654312],[1.963001,42.653422],[1.962743,42.652734],[1.962321,42.652274],[1.962324,42.651972],[1.962077,42.651545],[1.962255,42.650366],[1.962029,42.649687],[1.961695,42.648921],[1.96146,42.64869],[1.961251,42.648146],[1.961134,42.648019],[1.961091,42.647859],[1.961232,42.647598],[1.961271,42.646979],[1.961111,42.646824],[1.959237,42.644245],[1.959643,42.643866],[1.959432,42.643459],[1.9594,42.64328],[1.959172,42.643089],[1.959042,42.642706],[1.958684,42.642598],[1.958603,42.642299],[1.958326,42.642251],[1.958147,42.642132],[1.957903,42.642132],[1.957708,42.642012],[1.957416,42.642072],[1.957009,42.64188],[1.956554,42.641904],[1.956293,42.641689],[1.95631,42.641545],[1.955952,42.641486],[1.95605,42.641187],[1.956245,42.641127],[1.956293,42.64078],[1.955724,42.640744],[1.95548,42.640672],[1.954765,42.640612],[1.954472,42.640457],[1.953903,42.640421],[1.953545,42.640541],[1.952927,42.640158],[1.952651,42.640182],[1.952244,42.639978],[1.952504,42.639775],[1.952992,42.639763],[1.952748,42.639584],[1.952261,42.639452],[1.952,42.639273],[1.95174,42.638961],[1.951578,42.638746],[1.95135,42.638674],[1.951138,42.638304],[1.951415,42.638064],[1.951122,42.637311],[1.951512,42.63743],[1.951138,42.636581],[1.951366,42.636545],[1.951285,42.636389],[1.951073,42.636186],[1.950683,42.635552],[1.950862,42.635361],[1.950878,42.635097],[1.950602,42.634727],[1.950683,42.633901],[1.950651,42.633195],[1.950992,42.633016],[1.951968,42.633195],[1.951805,42.632776],[1.951838,42.632501],[1.951894,42.632445],[1.951466,42.631125],[1.951054,42.630286],[1.95073,42.63001],[1.950796,42.629684],[1.95069,42.629552],[1.950606,42.628711],[1.950375,42.628543],[1.950122,42.628296],[1.949969,42.628039],[1.949587,42.627998],[1.949216,42.627869],[1.948566,42.62774],[1.948219,42.627554],[1.947949,42.62759],[1.947772,42.627519],[1.947739,42.627392],[1.947039,42.627085],[1.946988,42.626971],[1.946481,42.626984],[1.94615,42.626784],[1.945606,42.626822],[1.945455,42.626949],[1.945271,42.626978],[1.945177,42.626763],[1.944811,42.626636],[1.944557,42.626705],[1.944172,42.626632],[1.943948,42.626483],[1.943922,42.62626],[1.942608,42.625724],[1.942094,42.625615],[1.94075,42.625575],[1.940436,42.625442],[1.940148,42.62543],[1.939543,42.625237],[1.938991,42.625011],[1.938357,42.624772],[1.938275,42.624581],[1.938275,42.624198],[1.937934,42.623647],[1.937527,42.622905],[1.937251,42.622618],[1.937511,42.62251],[1.937446,42.622259],[1.937836,42.622128],[1.937787,42.621816],[1.937983,42.621493],[1.937641,42.620823],[1.936194,42.620273],[1.935576,42.620225],[1.934389,42.619842],[1.934047,42.619639],[1.933055,42.619387],[1.931982,42.619495],[1.931689,42.619076],[1.930177,42.618968],[1.929055,42.618454],[1.928095,42.618274],[1.927364,42.618298],[1.926453,42.618011],[1.9259,42.618071],[1.925054,42.617556],[1.924713,42.617485],[1.924225,42.617233],[1.924127,42.616862],[1.923705,42.616755],[1.922696,42.61606],[1.92216,42.615953],[1.921038,42.615546],[1.920225,42.615761],[1.919655,42.615654],[1.919151,42.615438],[1.917981,42.615498],[1.917346,42.615426],[1.91707,42.615235],[1.916728,42.615247],[1.915005,42.614493],[1.914468,42.614086],[1.914273,42.614229],[1.913297,42.613823],[1.912126,42.613595],[1.910988,42.613715],[1.910224,42.613152],[1.910484,42.612877],[1.910045,42.612865],[1.909394,42.61253],[1.909492,42.612339],[1.909102,42.612123],[1.90915,42.611908],[1.908402,42.611967],[1.908145,42.611809],[1.907504,42.611773],[1.9078,42.61121],[1.908515,42.611029],[1.908884,42.61063],[1.909673,42.610412],[1.910092,42.609886],[1.910388,42.609396],[1.911177,42.608906],[1.911226,42.608253],[1.911842,42.607691],[1.912483,42.607165],[1.913247,42.60711],[1.913666,42.606947],[1.914085,42.606965],[1.9148,42.606385],[1.915539,42.606185],[1.916032,42.60633],[1.91623,42.605967],[1.916698,42.60555],[1.91692,42.604861],[1.916797,42.60428],[1.917068,42.603881],[1.916821,42.60379],[1.916501,42.603264],[1.916057,42.60272],[1.916436,42.601542],[1.91681,42.601471],[1.916891,42.601195],[1.916793,42.601076],[1.916826,42.600752],[1.916403,42.600525],[1.916306,42.600166],[1.915753,42.599795],[1.915135,42.598598],[1.91572,42.598382],[1.917184,42.598239],[1.91772,42.598011],[1.918875,42.598011],[1.919249,42.598071],[1.919428,42.59776],[1.920225,42.597485],[1.919851,42.597161],[1.91946,42.596455],[1.920046,42.595665],[1.919851,42.59521],[1.919851,42.594923],[1.919688,42.594743],[1.919444,42.593714],[1.919151,42.593151],[1.919412,42.592732],[1.919379,42.592492],[1.918907,42.592145],[1.918289,42.591188],[1.91733,42.590697],[1.916306,42.589883],[1.91598,42.589835],[1.914761,42.589188],[1.914289,42.588817],[1.911931,42.587823],[1.911183,42.58738],[1.911053,42.587129],[1.909736,42.58659],[1.908549,42.585932],[1.90767,42.585357],[1.907296,42.584746],[1.906679,42.584531],[1.9058,42.584459],[1.905247,42.58416],[1.904548,42.583417],[1.905394,42.583465],[1.905638,42.583274],[1.905101,42.58295],[1.904955,42.582627],[1.904467,42.582328],[1.904532,42.581968],[1.904776,42.581837],[1.904109,42.581501],[1.904597,42.581274],[1.90463,42.581082],[1.904499,42.580891],[1.904857,42.580639],[1.904012,42.579993],[1.904077,42.579681],[1.904353,42.579538],[1.903198,42.579262],[1.902141,42.579238],[1.901849,42.578747],[1.902418,42.577945],[1.901767,42.57767],[1.900466,42.57743],[1.899556,42.577071],[1.899149,42.577191],[1.898743,42.577143],[1.898336,42.576831],[1.897734,42.576772],[1.89736,42.576556],[1.895068,42.576209],[1.894694,42.575993],[1.894759,42.575646],[1.89458,42.575263],[1.894027,42.575275],[1.89388,42.574796],[1.893425,42.574436],[1.892726,42.574305],[1.892482,42.573922],[1.891799,42.573754],[1.891604,42.572999],[1.891653,42.57258],[1.891132,42.572245],[1.89097,42.571634],[1.890909,42.571563],[1.890746,42.571386],[1.890571,42.571317],[1.890531,42.571124],[1.890336,42.570979],[1.890423,42.570823],[1.890419,42.570461],[1.890243,42.570254],[1.890239,42.570125],[1.890067,42.569749],[1.890098,42.568902],[1.889805,42.568682],[1.889795,42.568408],[1.889908,42.568138],[1.890132,42.567985],[1.890293,42.567741],[1.890346,42.567466],[1.890136,42.567222],[1.88999,42.567117],[1.889843,42.566817],[1.889929,42.566658],[1.890257,42.566496],[1.890322,42.566244],[1.890089,42.565979],[1.890094,42.565823],[1.890007,42.56573],[1.890112,42.565412],[1.890286,42.565125],[1.890196,42.56501],[1.890396,42.564892],[1.890452,42.564761],[1.890853,42.564476],[1.890841,42.564237],[1.891012,42.564136],[1.890997,42.563835],[1.890627,42.563441],[1.890243,42.56344],[1.890217,42.56321],[1.889749,42.562932],[1.889392,42.562511],[1.88924,42.562426],[1.888992,42.562164],[1.888879,42.561937],[1.888377,42.561799],[1.888132,42.561796],[1.887913,42.561668],[1.887609,42.561608],[1.88709,42.561554],[1.8867,42.561548],[1.886349,42.561346],[1.88605,42.561266],[1.885021,42.560973],[1.884736,42.560968],[1.884483,42.561017],[1.883999,42.560983],[1.883462,42.560804],[1.883048,42.560791],[1.881004,42.560295],[1.880617,42.560323],[1.880199,42.560272],[1.879889,42.560144],[1.879307,42.559968],[1.878198,42.559389],[1.877974,42.559324],[1.877442,42.55887],[1.877124,42.558713],[1.876949,42.558386],[1.876774,42.557885],[1.876585,42.557634],[1.875747,42.557403],[1.875471,42.5574],[1.874973,42.55728],[1.874776,42.5572],[1.874159,42.557116],[1.873677,42.5572],[1.872058,42.557055],[1.871377,42.55688],[1.870546,42.556835],[1.869474,42.55661],[1.869133,42.556686],[1.868352,42.556639],[1.867622,42.556664],[1.867454,42.556745],[1.866898,42.556461],[1.866601,42.556473],[1.866346,42.556334],[1.866085,42.55635],[1.865815,42.556208],[1.864886,42.556053],[1.864538,42.55592],[1.864265,42.555988],[1.864072,42.555874],[1.864056,42.555776],[1.863496,42.555489],[1.863268,42.555276],[1.862681,42.555012],[1.862442,42.554854],[1.862107,42.554761],[1.861783,42.554621],[1.861112,42.554404],[1.860704,42.554332],[1.860355,42.554182],[1.860071,42.554123],[1.85882,42.55364],[1.858552,42.553636],[1.858122,42.5535],[1.857779,42.553522],[1.857215,42.553345],[1.856815,42.55339],[1.856447,42.553372],[1.855571,42.553162],[1.855338,42.553173],[1.854582,42.552795],[1.854358,42.552778],[1.854036,42.552611],[1.853811,42.552558],[1.853565,42.552618],[1.853297,42.552489],[1.852928,42.552557],[1.852735,42.552372],[1.851594,42.55215],[1.851298,42.552221],[1.850873,42.552033],[1.850302,42.551941],[1.849979,42.551818],[1.849097,42.551667],[1.848334,42.5515],[1.846586,42.550922],[1.846153,42.550696],[1.845628,42.550633],[1.844851,42.550629],[1.844167,42.550479],[1.843896,42.550471],[1.84357,42.550401],[1.842869,42.550378],[1.84212,42.550124],[1.842324,42.549958],[1.842699,42.550061],[1.842509,42.549775],[1.842065,42.549509],[1.841105,42.549414],[1.840155,42.54916],[1.839081,42.549223],[1.83627,42.549006],[1.835049,42.549029],[1.833984,42.54886],[1.833354,42.548773],[1.833183,42.548623],[1.832979,42.548283],[1.832931,42.54847],[1.832566,42.548531],[1.832204,42.548473],[1.831843,42.548455],[1.831383,42.548149],[1.830967,42.548024],[1.830549,42.548023],[1.829691,42.547949],[1.828977,42.54739],[1.825839,42.546845],[1.825716,42.546719],[1.825675,42.546112],[1.825511,42.545932],[1.825577,42.545716],[1.825581,42.545339],[1.825468,42.544997],[1.825629,42.544164],[1.825818,42.543906],[1.825987,42.543575],[1.826221,42.543229],[1.826334,42.542907],[1.826791,42.541989],[1.826943,42.541584],[1.826494,42.541444],[1.825978,42.541443],[1.82549,42.541684],[1.825067,42.541714],[1.824396,42.541534],[1.82417,42.541388],[1.824041,42.541202],[1.823891,42.541126],[1.823473,42.541095],[1.823313,42.540982],[1.823092,42.540489],[1.822598,42.53968],[1.822245,42.539287],[1.822352,42.538947],[1.822223,42.538544],[1.822711,42.538224],[1.822712,42.537935],[1.822288,42.537298],[1.821928,42.537009],[1.821344,42.536648],[1.821333,42.535977],[1.821113,42.535191],[1.82122,42.534456],[1.821354,42.533326],[1.821591,42.533215],[1.821499,42.532908],[1.821155,42.532621],[1.821043,42.532189],[1.82063,42.53175],[1.820625,42.531493],[1.821043,42.531103],[1.822033,42.530078],[1.8224,42.529962],[1.822609,42.529706],[1.823001,42.529557],[1.823145,42.529255],[1.823529,42.529039],[1.823709,42.528594],[1.82365,42.527989],[1.82372,42.527824],[1.823419,42.527298],[1.822925,42.526557],[1.8227,42.525404],[1.821853,42.524519],[1.820984,42.523798],[1.820732,42.523825],[1.820469,42.523692],[1.819498,42.523889],[1.819184,42.523665],[1.818848,42.523536],[1.818222,42.52353],[1.817717,42.522961],[1.817363,42.522819],[1.817138,42.522637],[1.816376,42.522454],[1.816019,42.521939],[1.816033,42.521422],[1.815942,42.521168],[1.81541,42.520757],[1.815286,42.520545],[1.815228,42.520029],[1.814868,42.519135],[1.814584,42.518708],[1.814247,42.517835],[1.814053,42.517667],[1.813629,42.517586],[1.813278,42.517467],[1.812207,42.517221],[1.811758,42.517062],[1.811258,42.516818],[1.810282,42.516838],[1.809794,42.516719],[1.809509,42.516672],[1.808802,42.516482],[1.808609,42.516315],[1.808335,42.516282],[1.807985,42.516038],[1.807809,42.51576],[1.807101,42.515466],[1.806725,42.515462],[1.806425,42.515588],[1.80584,42.515459],[1.805374,42.515241],[1.804907,42.51479],[1.804601,42.514672],[1.80429,42.514685],[1.803281,42.514429],[1.802841,42.514406],[1.802246,42.513974],[1.801956,42.513858],[1.800593,42.513603],[1.799923,42.513223],[1.799585,42.512975],[1.799311,42.512878],[1.798887,42.512542],[1.798475,42.512403],[1.798188,42.512392],[1.797364,42.512247],[1.796882,42.512235],[1.796329,42.51206],[1.795894,42.511991],[1.795288,42.511851],[1.794787,42.511696],[1.794339,42.5116],[1.793512,42.511123],[1.79319,42.511016],[1.792788,42.510963],[1.79214,42.511065],[1.791518,42.51082],[1.790305,42.510934],[1.789945,42.510755],[1.789452,42.510782],[1.789183,42.510711],[1.788846,42.510729],[1.788363,42.510659],[1.78788,42.510447],[1.787392,42.510349],[1.787097,42.510152],[1.786708,42.510003],[1.786227,42.509937],[1.785503,42.509914],[1.78523,42.509926],[1.784249,42.509689],[1.783637,42.509429],[1.783187,42.509311],[1.782902,42.509065],[1.782575,42.508961],[1.782071,42.508594],[1.781772,42.508632],[1.781269,42.508583],[1.780869,42.508433],[1.78055,42.508458],[1.780481,42.508341],[1.780338,42.508308],[1.77986,42.508576],[1.779592,42.508484],[1.779032,42.508564],[1.778698,42.508672],[1.778386,42.508686],[1.778203,42.50847],[1.777774,42.508347],[1.777551,42.508337],[1.777173,42.508264],[1.776293,42.50822],[1.775958,42.508312],[1.775704,42.508205],[1.775215,42.508201],[1.774758,42.508305],[1.774538,42.508307],[1.773665,42.508522],[1.773091,42.508903],[1.772517,42.508972],[1.772125,42.508632],[1.771433,42.508572],[1.77143,42.508364],[1.771057,42.508322],[1.770679,42.508381],[1.770178,42.508236],[1.769912,42.508227],[1.76972,42.508182],[1.769193,42.508129],[1.76889,42.508244],[1.768019,42.508262],[1.767357,42.508343],[1.766776,42.50831],[1.766318,42.508367],[1.765398,42.508213],[1.764677,42.508302],[1.764428,42.508288],[1.764252,42.508379],[1.764007,42.508332],[1.763692,42.508482],[1.763163,42.508529],[1.761863,42.508725],[1.761278,42.508715],[1.760816,42.508485],[1.760132,42.508439],[1.759856,42.508349],[1.759626,42.508377],[1.759393,42.508206],[1.758936,42.508013],[1.758632,42.507953],[1.758447,42.507823],[1.757994,42.507789],[1.757255,42.50743],[1.756983,42.507383],[1.756439,42.50737],[1.755661,42.507658],[1.754766,42.507612],[1.753929,42.507415],[1.753269,42.507158],[1.752501,42.506933],[1.752107,42.506554],[1.75172,42.506362],[1.751617,42.506178],[1.750378,42.506076],[1.749895,42.506258],[1.748941,42.506427],[1.748724,42.50645],[1.748507,42.50652],[1.748127,42.506533],[1.747786,42.506646],[1.747188,42.506494],[1.746827,42.506474],[1.746652,42.506523],[1.746252,42.506505],[1.745855,42.50644],[1.745471,42.506581],[1.745008,42.506535],[1.743199,42.506955],[1.74268,42.506901],[1.742517,42.506932],[1.742334,42.506865],[1.742059,42.506927],[1.741827,42.506915],[1.741531,42.506746],[1.740989,42.506641],[1.740238,42.506545],[1.739844,42.506572],[1.739588,42.50655],[1.739161,42.506583],[1.738954,42.506723],[1.738614,42.506678],[1.737946,42.506878],[1.737997,42.506761],[1.737221,42.506835],[1.736575,42.50679],[1.735909,42.506942],[1.735548,42.50682],[1.73537,42.506698],[1.734418,42.50635],[1.734053,42.506357],[1.733796,42.50628],[1.733611,42.506306],[1.733067,42.506201],[1.732541,42.50619],[1.731793,42.505881],[1.731425,42.50566],[1.730496,42.50532],[1.730774,42.505304],[1.730822,42.505206],[1.730546,42.504759],[1.729872,42.504292],[1.729467,42.50394],[1.728914,42.503765],[1.728726,42.503588],[1.728278,42.503467],[1.728243,42.503381],[1.727836,42.503189],[1.727294,42.503195],[1.727026,42.503333],[1.726447,42.503811],[1.726071,42.504288],[1.725755,42.504551]]],"type":"MultiLineString"},"properties":{"geo_point":{"lon":4.087390712558534,"lat":45.4222928527509},"name":"GR7 Des Vosges aux Pyrénées (2020)","code_gr":"GR7"}},{"type":"Feature","geometry":{"coordinates":[[[3.547094,44.092304],[3.54766,44.092202],[3.548991,44.092304],[3.549954,44.091958],[3.550973,44.091246],[3.551539,44.090677],[3.552926,44.090189],[3.557173,44.089396],[3.559354,44.088562],[3.561194,44.087464],[3.562043,44.085817],[3.563119,44.083945],[3.563459,44.082054],[3.562496,44.079776],[3.562072,44.079003],[3.562327,44.078515],[3.563091,44.077966],[3.563091,44.076623],[3.563827,44.075057],[3.565186,44.07286],[3.565384,44.073043],[3.565639,44.07225],[3.566602,44.071233],[3.566545,44.06989],[3.56629,44.06928],[3.565951,44.067957],[3.566262,44.067144],[3.566913,44.066249],[3.567083,44.065618],[3.567096,44.065531],[3.56744,44.064603],[3.567362,44.063977],[3.567109,44.063024],[3.566751,44.062181],[3.566544,44.061585],[3.56633,44.061254],[3.566314,44.060839],[3.56678,44.060154],[3.566479,44.058849],[3.566758,44.058517],[3.56678,44.057328],[3.566147,44.056389],[3.566136,44.055417],[3.565654,44.054871],[3.56575,44.054314],[3.56604,44.053738],[3.565943,44.051995],[3.566115,44.051518],[3.566018,44.051037],[3.566715,44.0499],[3.56708,44.049495],[3.567692,44.0481],[3.568132,44.046528],[3.568292,44.046188],[3.568282,44.045607],[3.568379,44.04509],[3.568561,44.044764],[3.568862,44.044476],[3.569451,44.043975],[3.570873,44.043583],[3.570004,44.042984],[3.570497,44.04298],[3.571353,44.042704],[3.571496,44.042579],[3.570275,44.042348],[3.570096,44.042159],[3.570133,44.041897],[3.570621,44.041431],[3.570643,44.040963],[3.570272,44.040739],[3.570143,44.040503],[3.570257,44.040226],[3.570921,44.03978],[3.570894,44.039504],[3.571041,44.039502],[3.571294,44.039554],[3.571405,44.039497],[3.571045,44.039242],[3.57035,44.038912],[3.569398,44.038612],[3.569039,44.038638],[3.568601,44.038831],[3.568363,44.038811],[3.568129,44.038191],[3.567912,44.038219],[3.568008,44.037934],[3.567869,44.037541],[3.567915,44.037344],[3.568067,44.037079],[3.567863,44.036609],[3.567397,44.03607],[3.566877,44.035735],[3.566544,44.035328],[3.566233,44.034843],[3.56626,44.034516],[3.565987,44.034206],[3.56597,44.033971],[3.565675,44.033521],[3.565481,44.033034],[3.565473,44.032803],[3.56568,44.032615],[3.565793,44.032453],[3.56597,44.032323],[3.565983,44.032128],[3.565841,44.03191],[3.565546,44.031242],[3.565106,44.030628],[3.565144,44.030202],[3.565214,44.029981],[3.56519,44.029767],[3.56523,44.029485],[3.565111,44.028854],[3.565557,44.028455],[3.565776,44.02834],[3.56634,44.028183],[3.566753,44.028232],[3.567005,44.028227],[3.567821,44.028286],[3.568245,44.028468],[3.568625,44.028858],[3.569041,44.029026],[3.569274,44.029178],[3.56957,44.029213],[3.569242,44.028862],[3.569098,44.028549],[3.569275,44.028291],[3.56987,44.028118],[3.570234,44.027881],[3.570583,44.027459],[3.57082,44.027234],[3.571382,44.027127],[3.57223,44.026953],[3.572681,44.026833],[3.572928,44.026633],[3.573374,44.026552],[3.573707,44.026869],[3.57477,44.02664],[3.575194,44.026312],[3.576272,44.025854],[3.575634,44.025603],[3.574876,44.025451],[3.574467,44.025055],[3.574326,44.024469],[3.573874,44.023739],[3.57353,44.02284],[3.573136,44.022168],[3.572928,44.021734],[3.573008,44.021482],[3.57296,44.021378],[3.573182,44.021303],[3.573588,44.021115],[3.57392,44.021103],[3.574403,44.021314],[3.574698,44.021559],[3.574719,44.02142],[3.574258,44.021],[3.574049,44.020892],[3.573748,44.020656],[3.574263,44.020731],[3.574478,44.020737],[3.57436,44.020571],[3.573862,44.020294],[3.572316,44.019824],[3.572751,44.019665],[3.572877,44.019489],[3.573261,44.019317],[3.57377,44.019299],[3.574473,44.019008],[3.574725,44.018775],[3.575245,44.018512],[3.575969,44.018392],[3.57682,44.018082],[3.577337,44.01778],[3.577718,44.017288],[3.57774,44.016954],[3.577587,44.016731],[3.577423,44.016361],[3.576892,44.016041],[3.57678,44.01587],[3.577026,44.015881],[3.577397,44.01561],[3.577364,44.015543],[3.576951,44.015453],[3.576696,44.01522],[3.576581,44.014933],[3.576334,44.014683],[3.576034,44.014612],[3.575487,44.014633],[3.575436,44.014585],[3.574939,44.014538],[3.575599,44.014248],[3.575613,44.013946],[3.575659,44.013668],[3.575814,44.013515],[3.575768,44.013187],[3.575658,44.012804],[3.575722,44.012753],[3.576361,44.013233],[3.576385,44.013076],[3.576205,44.012556],[3.576189,44.012375],[3.576262,44.012372],[3.576367,44.012561],[3.576699,44.012753],[3.576656,44.01221],[3.576865,44.011098],[3.57679,44.010796],[3.576619,44.01049],[3.576141,44.010151],[3.575637,44.009884],[3.575473,44.009642],[3.575299,44.009145],[3.575041,44.008711],[3.575036,44.008494],[3.574934,44.008242],[3.574875,44.007537],[3.575106,44.006776],[3.575704,44.006533],[3.575872,44.00642],[3.576136,44.006397],[3.576238,44.006177],[3.576181,44.006057],[3.575867,44.005833],[3.575969,44.005641],[3.57598,44.005406],[3.576095,44.00537],[3.576564,44.005638],[3.576806,44.005652],[3.57702,44.005524],[3.5768,44.005336],[3.576774,44.004961],[3.576581,44.004577],[3.576047,44.004089],[3.575363,44.003376],[3.575524,44.003063],[3.575706,44.003203],[3.576087,44.003249],[3.577375,44.003693],[3.578528,44.003933],[3.578657,44.004149],[3.578965,44.004182],[3.579456,44.004072],[3.580202,44.004044],[3.581055,44.004166],[3.581701,44.004186],[3.582235,44.004012],[3.5829,44.003568],[3.583346,44.003377],[3.583662,44.003108],[3.583662,44.002784],[3.583997,44.002291],[3.584321,44.002011],[3.584408,44.001442],[3.584611,44.001389],[3.584869,44.001096],[3.585255,44.000916],[3.585314,44.000762],[3.585743,44.000488],[3.586408,44.001193],[3.586679,44.001268],[3.58682,44.001155],[3.587465,44.000965],[3.587669,44.001049],[3.588345,44.000896],[3.588168,44.000576],[3.588458,44.000138],[3.58842,43.999361],[3.588511,43.999003],[3.589311,43.997932],[3.590104,43.997455],[3.590152,43.996865],[3.590807,43.995331],[3.591221,43.993939],[3.591398,43.993677],[3.591641,43.993018],[3.59181,43.992382],[3.591671,43.992066],[3.592132,43.990608],[3.59232,43.990438],[3.59187,43.989772],[3.59195,43.989608],[3.592197,43.989426],[3.592148,43.988715],[3.592256,43.988034],[3.592398,43.987779],[3.592776,43.987255],[3.593076,43.987335],[3.59276,43.987562],[3.592497,43.98789],[3.592599,43.988202],[3.593215,43.988716],[3.59415,43.988773],[3.594331,43.988601],[3.594862,43.988582],[3.595555,43.988835],[3.597332,43.988413],[3.597706,43.988251],[3.599051,43.988077],[3.599424,43.988628],[3.60006,43.989246],[3.600433,43.989958],[3.601176,43.990413],[3.603033,43.989452],[3.603988,43.988913],[3.603977,43.988822],[3.606015,43.988537],[3.60652,43.988316],[3.60638,43.987751],[3.606466,43.987256],[3.606702,43.986955],[3.606884,43.986396],[3.606874,43.985976],[3.606466,43.984401],[3.606134,43.983852],[3.605222,43.98288],[3.604294,43.981976],[3.604108,43.981694],[3.603644,43.981389],[3.603505,43.981026],[3.601928,43.980179],[3.601509,43.980084],[3.600619,43.979107],[3.600565,43.978903],[3.599643,43.977814],[3.599192,43.977592],[3.598977,43.977036],[3.598655,43.976547],[3.598892,43.975422],[3.599492,43.975582],[3.600255,43.974541],[3.600286,43.973857],[3.599986,43.972671],[3.600211,43.972052],[3.600206,43.971436],[3.600774,43.970853],[3.601231,43.969487],[3.60166,43.969044],[3.602121,43.968118],[3.602201,43.967781],[3.601649,43.967552],[3.601971,43.966923],[3.601866,43.966874],[3.601659,43.966903],[3.601565,43.966771],[3.601557,43.966585],[3.601649,43.966328],[3.601632,43.96596],[3.601305,43.965429],[3.601211,43.965112],[3.601128,43.964509],[3.600986,43.964303],[3.600876,43.964338],[3.600721,43.964627],[3.60049,43.964334],[3.600201,43.964133],[3.599878,43.964047],[3.599519,43.964045],[3.599659,43.964529],[3.5996,43.964718],[3.59931,43.964573],[3.59924,43.964806],[3.598891,43.964714],[3.598859,43.964867],[3.598731,43.964806],[3.598634,43.965027],[3.598441,43.964775],[3.59828,43.965012],[3.598173,43.964798],[3.598028,43.965046],[3.597862,43.964778],[3.597545,43.964665],[3.596987,43.964266],[3.596226,43.963554],[3.595788,43.963602],[3.595523,43.963589],[3.595389,43.963406],[3.59541,43.962989],[3.595362,43.962673],[3.595147,43.962425],[3.594938,43.961464],[3.594401,43.960737],[3.593827,43.960084],[3.59343,43.959503],[3.592964,43.959099],[3.592656,43.958679],[3.592401,43.958252],[3.592406,43.957981],[3.592229,43.957675],[3.591778,43.957408],[3.591177,43.957404],[3.589466,43.957633],[3.589273,43.95773],[3.589139,43.9581],[3.589139,43.958378],[3.589519,43.958797],[3.589423,43.959003],[3.589117,43.959038],[3.588817,43.958898],[3.588635,43.958503],[3.588211,43.958069],[3.587691,43.957898],[3.587058,43.957962],[3.586596,43.957977],[3.586049,43.956528],[3.585491,43.955578],[3.584376,43.955581],[3.584006,43.955153],[3.58341,43.954617],[3.583363,43.954097],[3.58323,43.953607],[3.583244,43.952875],[3.583099,43.952122],[3.582959,43.951759],[3.582793,43.950999],[3.582487,43.950207],[3.582423,43.949762],[3.582313,43.949572],[3.581709,43.949274],[3.581253,43.948879],[3.581028,43.948524],[3.580991,43.947706],[3.580846,43.947398],[3.580019,43.946777],[3.579355,43.945496],[3.579204,43.944839],[3.579011,43.944322],[3.578903,43.943727],[3.578979,43.942392],[3.579783,43.941002],[3.58032,43.940569],[3.581071,43.939786],[3.581168,43.939432],[3.582466,43.937958],[3.582906,43.937641],[3.583346,43.93685],[3.583646,43.935894],[3.584225,43.935391],[3.58459,43.934846],[3.585051,43.934264],[3.585802,43.933783],[3.5861,43.933439],[3.586312,43.933064],[3.586736,43.932454],[3.58709,43.932025],[3.587358,43.931574],[3.587272,43.930992],[3.587691,43.930582],[3.588399,43.930194],[3.588774,43.929898],[3.589,43.929261],[3.589246,43.928837],[3.589107,43.92844],[3.588367,43.928352],[3.587326,43.928799],[3.586495,43.928768],[3.585947,43.929256],[3.585807,43.92956],[3.585464,43.929737],[3.584836,43.929855],[3.584547,43.92984],[3.583817,43.929646],[3.583152,43.929611],[3.581878,43.929712],[3.581001,43.929706],[3.577917,43.929272],[3.576629,43.929813],[3.575631,43.930114],[3.574969,43.930203],[3.573221,43.930657],[3.571581,43.930987],[3.57102,43.931195],[3.566737,43.932115],[3.564573,43.933137],[3.56339,43.933486],[3.562691,43.933893],[3.561959,43.934194],[3.560537,43.934251],[3.559415,43.934645],[3.558899,43.935016],[3.558292,43.935104],[3.557867,43.935147],[3.55729,43.935409],[3.556501,43.935519],[3.55553,43.935759],[3.554711,43.93565],[3.554134,43.935759],[3.551737,43.93471],[3.550796,43.934055],[3.550438,43.933629],[3.549811,43.93324],[3.548451,43.932738],[3.547034,43.932088],[3.545395,43.931476],[3.542512,43.930755],[3.541976,43.930319],[3.538593,43.928833],[3.537932,43.928112],[3.536931,43.927738],[3.536731,43.928098],[3.536971,43.928776],[3.536811,43.929208],[3.53631,43.929309],[3.535169,43.929843],[3.534609,43.929958],[3.533327,43.930045],[3.531605,43.930362],[3.529563,43.931083],[3.528582,43.931285],[3.528062,43.931486],[3.527021,43.931717],[3.524278,43.932654],[3.523637,43.93277],[3.522716,43.933044],[3.521135,43.933764],[3.519653,43.934327],[3.518472,43.934817],[3.517491,43.93636],[3.51687,43.936965],[3.51637,43.936879],[3.516089,43.936461],[3.515769,43.936201],[3.515989,43.935696],[3.515389,43.934846],[3.515289,43.934312],[3.514948,43.933808],[3.514948,43.932568],[3.515409,43.931458],[3.515429,43.931155],[3.515949,43.930246],[3.515729,43.927406],[3.515869,43.927045],[3.515569,43.925488],[3.51623,43.924378],[3.51633,43.92383],[3.515889,43.923138],[3.515669,43.92233],[3.515188,43.921551],[3.515649,43.920571],[3.515429,43.920052],[3.515989,43.919446],[3.516009,43.918984],[3.515869,43.918595],[3.516009,43.918061],[3.515889,43.917658],[3.51625,43.916763],[3.51645,43.915783],[3.516189,43.915639],[3.515709,43.915913],[3.515349,43.915437],[3.515008,43.915249],[3.512626,43.911831],[3.513206,43.911629],[3.513887,43.91098],[3.515349,43.910043],[3.515729,43.909177],[3.51645,43.908586],[3.516149,43.907706],[3.51625,43.907489],[3.51623,43.906465],[3.51649,43.905845],[3.51629,43.905283],[3.51651,43.905008],[3.51623,43.904504],[3.51647,43.90384],[3.51631,43.903566],[3.51633,43.903018],[3.515969,43.902686],[3.516209,43.902325],[3.515689,43.902152],[3.515749,43.901402],[3.515369,43.900883],[3.515309,43.900335],[3.514728,43.900378],[3.514468,43.900248],[3.513727,43.90032],[3.513286,43.900479],[3.512926,43.900493],[3.512546,43.900695],[3.512546,43.901244],[3.511865,43.901546],[3.511344,43.901532],[3.511084,43.90146],[3.510263,43.901575],[3.510023,43.901489],[3.509523,43.901561],[3.509583,43.901287],[3.509422,43.901042],[3.509382,43.900681],[3.509603,43.900349],[3.510263,43.900291],[3.509803,43.900069],[3.509394,43.900022],[3.508839,43.899793],[3.509116,43.899574],[3.509182,43.899403],[3.509433,43.899193],[3.508971,43.89907],[3.509407,43.898641],[3.509763,43.898584],[3.510028,43.898727],[3.509948,43.89827],[3.509499,43.898204],[3.5094,43.898229],[3.509011,43.898319],[3.508748,43.898445],[3.508732,43.898389],[3.508952,43.89824],[3.509756,43.897875],[3.510051,43.897847],[3.510003,43.89778],[3.508946,43.897874],[3.508555,43.897992],[3.508995,43.897709],[3.510223,43.897209],[3.510392,43.897221],[3.510603,43.89742],[3.510668,43.897399],[3.510421,43.897046],[3.510161,43.896956],[3.509869,43.896951],[3.508976,43.897064],[3.50892,43.897037],[3.50985,43.896646],[3.510288,43.896518],[3.509609,43.896494],[3.509021,43.896527],[3.509477,43.896343],[3.50834,43.896404],[3.50808,43.89651],[3.508045,43.896461],[3.508801,43.896103],[3.508318,43.896156],[3.507879,43.896309],[3.507858,43.896246],[3.508383,43.895991],[3.508898,43.895825],[3.510148,43.895596],[3.51011,43.895271],[3.510459,43.895245],[3.510996,43.895032],[3.51136,43.894676],[3.511542,43.894584],[3.51195,43.89442],[3.511859,43.893944],[3.512087,43.893891],[3.512075,43.893699],[3.512294,43.893382],[3.512079,43.892127],[3.512417,43.892453],[3.512385,43.892086],[3.513205,43.892922],[3.513324,43.892763],[3.513522,43.892236],[3.513759,43.891982],[3.513842,43.891733],[3.514058,43.891641],[3.514129,43.891484],[3.514445,43.891393],[3.514681,43.891372],[3.515201,43.891125],[3.514986,43.890827],[3.514818,43.890748],[3.51452,43.890461],[3.514442,43.890247],[3.514145,43.889712],[3.514144,43.889489],[3.514334,43.889364],[3.514568,43.8891],[3.514565,43.888961],[3.514756,43.888665],[3.514654,43.888344],[3.514753,43.88819],[3.515035,43.888168],[3.515083,43.888003],[3.515206,43.887795],[3.515394,43.887718],[3.515753,43.887498],[3.516027,43.887397],[3.516124,43.8871],[3.516043,43.886956],[3.516451,43.886753],[3.517009,43.886749],[3.51731,43.886556],[3.517889,43.886489],[3.51812,43.886298],[3.518723,43.886284],[3.518939,43.886222],[3.51923,43.886234],[3.51931,43.886054],[3.519294,43.885762],[3.519471,43.885578],[3.519396,43.88536],[3.51974,43.884895],[3.519748,43.884719],[3.519085,43.884492],[3.518997,43.884337],[3.518864,43.884235],[3.518849,43.884118],[3.519354,43.883717],[3.519343,43.883561],[3.519246,43.883404],[3.518715,43.883114],[3.518728,43.882918],[3.518479,43.882717],[3.518685,43.882574],[3.518747,43.882438],[3.518479,43.881966],[3.518688,43.881799],[3.518736,43.881546],[3.518946,43.881266],[3.519144,43.880883],[3.519437,43.88073],[3.519719,43.880508],[3.520316,43.88021],[3.520746,43.880036],[3.521007,43.879969],[3.521155,43.879824],[3.521446,43.879933],[3.52144,43.879838],[3.520775,43.879414],[3.5207,43.879007],[3.520255,43.878353],[3.520689,43.878067],[3.520952,43.877952],[3.521084,43.877755],[3.521247,43.877674],[3.521314,43.877385],[3.521504,43.877074],[3.521719,43.876953],[3.522116,43.876915],[3.522153,43.876775],[3.521534,43.876282],[3.521295,43.876191],[3.520906,43.875658],[3.520823,43.875422],[3.520984,43.875195],[3.520925,43.875101],[3.520577,43.874992],[3.520585,43.874809],[3.520984,43.874429],[3.521493,43.874069],[3.521461,43.873811],[3.521201,43.87354],[3.52092,43.873454],[3.520045,43.87339],[3.520056,43.873067],[3.519938,43.872934],[3.51959,43.872771],[3.518549,43.871933],[3.518324,43.87193],[3.517921,43.871717],[3.517943,43.871592],[3.518174,43.871454],[3.518785,43.870842],[3.518886,43.870583],[3.51878,43.870504],[3.518546,43.87041],[3.518517,43.870318],[3.51909,43.869908],[3.519691,43.869789],[3.521183,43.86918],[3.521987,43.86905],[3.522129,43.868948],[3.52225,43.868768],[3.522191,43.868391],[3.522245,43.86825],[3.522181,43.867975],[3.522191,43.867573],[3.521848,43.866893],[3.521601,43.866623],[3.52063,43.866074],[3.519608,43.865774],[3.518962,43.86562],[3.518468,43.865408],[3.518157,43.865219],[3.517803,43.864895],[3.517897,43.86471],[3.517991,43.863944],[3.518082,43.863605],[3.518302,43.863452],[3.518527,43.863144],[3.518581,43.862865],[3.519235,43.862934],[3.519852,43.862786],[3.520179,43.862835],[3.521129,43.863109],[3.522036,43.863445],[3.522727,43.863765],[3.523277,43.863806],[3.523644,43.86377],[3.523945,43.863648],[3.524235,43.863202],[3.524283,43.863022],[3.524031,43.862773],[3.524304,43.862537],[3.524734,43.862469],[3.525104,43.862111],[3.525831,43.861604],[3.526157,43.861347],[3.52658,43.861043],[3.526672,43.860817],[3.526668,43.86039],[3.526542,43.86019],[3.526015,43.859932],[3.525705,43.859528],[3.525264,43.859231],[3.525501,43.859585],[3.525828,43.85994],[3.526268,43.860275],[3.526247,43.860406],[3.525318,43.859798],[3.524954,43.859699],[3.525329,43.860218],[3.525613,43.860375],[3.525726,43.860516],[3.52563,43.860718],[3.525356,43.860912],[3.525434,43.860727],[3.525415,43.860561],[3.524662,43.860101],[3.524375,43.860001],[3.524664,43.860264],[3.524835,43.860535],[3.524219,43.86013],[3.52284,43.859675],[3.522588,43.859507],[3.522443,43.858967],[3.522127,43.85849],[3.521966,43.858531],[3.522073,43.859179],[3.522287,43.859638],[3.522706,43.859973],[3.523408,43.860359],[3.52366,43.860563],[3.523671,43.860662],[3.523561,43.860582],[3.523097,43.860409],[3.522502,43.860272],[3.52196,43.860078],[3.521558,43.859817],[3.521075,43.859157],[3.521177,43.859726],[3.521324,43.860161],[3.521268,43.860295],[3.520754,43.860142],[3.520448,43.859942],[3.520303,43.859947],[3.520185,43.859782],[3.519777,43.85955],[3.519796,43.859384],[3.519632,43.858862],[3.51931,43.858545],[3.519069,43.858383],[3.519069,43.858495],[3.519241,43.858723],[3.518683,43.858395],[3.517921,43.85812],[3.518843,43.857044],[3.518972,43.85606],[3.519702,43.854955],[3.520035,43.854584],[3.520061,43.85436],[3.520311,43.853923],[3.520506,43.853486],[3.520657,43.851927],[3.520829,43.85104],[3.520936,43.850914],[3.520936,43.850726],[3.520703,43.8502],[3.520405,43.849847],[3.520362,43.849692],[3.520093,43.849397],[3.519487,43.848911],[3.519284,43.848881],[3.518801,43.848333],[3.518822,43.848108],[3.518769,43.84793],[3.518275,43.847706],[3.518115,43.847302],[3.518221,43.846863],[3.517857,43.846774],[3.517621,43.846669],[3.517749,43.846306],[3.517631,43.846135],[3.51687,43.845685],[3.514723,43.844998],[3.514488,43.84481],[3.513983,43.844686],[3.513221,43.844578],[3.51261,43.843914],[3.511446,43.843702],[3.510733,43.843629],[3.509826,43.843471],[3.507782,43.843312],[3.50628,43.843373],[3.504027,43.843636],[3.502932,43.843696],[3.501678,43.843403],[3.498705,43.843227],[3.497204,43.843003],[3.495272,43.843251],[3.492047,43.842551],[3.488497,43.842726],[3.488497,43.84196],[3.488132,43.841391],[3.487057,43.841248],[3.485633,43.841129],[3.48522,43.840881],[3.4839,43.840692],[3.483299,43.840513],[3.483116,43.840426],[3.48227,43.840172],[3.48102,43.84008],[3.480557,43.840027],[3.480561,43.839872],[3.480678,43.839678],[3.480847,43.839023],[3.480617,43.838291],[3.480381,43.838219],[3.479796,43.837489],[3.479552,43.837291],[3.479446,43.837145],[3.47919,43.836922],[3.47882,43.836296],[3.478347,43.836159],[3.478417,43.836006],[3.479051,43.835861],[3.479904,43.835461],[3.480364,43.835015],[3.480885,43.834687],[3.4811,43.833928],[3.481169,43.833226],[3.481298,43.832902],[3.481185,43.832546],[3.481287,43.832165],[3.481174,43.831966],[3.481196,43.831791],[3.480735,43.831074],[3.479973,43.830547],[3.479603,43.830156],[3.479319,43.829765],[3.479254,43.829372],[3.478589,43.829086],[3.478514,43.828861],[3.478621,43.828667],[3.478455,43.827922],[3.478332,43.827145],[3.478133,43.82678],[3.478066,43.826443],[3.477977,43.826222],[3.477999,43.825629],[3.478063,43.825292],[3.478074,43.82434],[3.47757,43.823636],[3.477527,43.823001],[3.477055,43.822344],[3.476583,43.821556],[3.476004,43.821393],[3.475864,43.82088],[3.475821,43.819519],[3.475494,43.819039],[3.475102,43.818188],[3.474453,43.81734],[3.473986,43.816871],[3.473944,43.815708],[3.473493,43.815338],[3.473627,43.81523],[3.474018,43.814642],[3.474137,43.814356],[3.473536,43.812713],[3.472677,43.811106],[3.47227,43.810436],[3.4716,43.808885],[3.471476,43.808427],[3.471374,43.807664],[3.471162,43.807472],[3.470537,43.807106],[3.470049,43.806714],[3.469368,43.805743],[3.469191,43.805142],[3.468316,43.804178],[3.46741,43.803005],[3.467023,43.802316],[3.46605,43.801327],[3.465055,43.800469],[3.464138,43.79959],[3.462238,43.798126],[3.461713,43.797522],[3.461273,43.796646],[3.45961,43.79484],[3.459299,43.794545],[3.459197,43.794023],[3.458612,43.792595],[3.45858,43.792023],[3.458736,43.791732],[3.459353,43.791031],[3.459481,43.790681],[3.459905,43.790285],[3.46005,43.790064],[3.459148,43.790297],[3.460333,43.789001],[3.459726,43.787861],[3.459362,43.787767],[3.457067,43.786888],[3.456659,43.786561],[3.456552,43.786376],[3.45652,43.786213],[3.456611,43.785903],[3.456582,43.78538],[3.456455,43.78492],[3.456482,43.784681],[3.456399,43.784294],[3.456422,43.783977],[3.456343,43.783501],[3.456369,43.783386],[3.456273,43.783203],[3.456161,43.782609],[3.455857,43.782188],[3.455731,43.781934],[3.455237,43.781609],[3.45527,43.781127],[3.454728,43.780326],[3.45498,43.779735],[3.455192,43.779483],[3.45535,43.77916],[3.455516,43.77903],[3.455586,43.778893],[3.455141,43.778846],[3.45472,43.778951],[3.454362,43.779115],[3.454133,43.779265],[3.453875,43.779519],[3.45366,43.77967],[3.453001,43.779911],[3.452491,43.77956],[3.452185,43.779034],[3.452298,43.778893],[3.45219,43.778725],[3.452196,43.778451],[3.452067,43.778294],[3.451702,43.778237],[3.451531,43.778133],[3.451212,43.778127],[3.450941,43.778167],[3.450795,43.777937],[3.450643,43.777772],[3.450474,43.777455],[3.450179,43.777262],[3.449573,43.777157],[3.449322,43.776969],[3.449146,43.776803],[3.448817,43.776573],[3.448592,43.776518],[3.448302,43.776478],[3.448114,43.776333],[3.447288,43.776234],[3.446521,43.775898],[3.445684,43.775851],[3.444042,43.775936],[3.443787,43.775911],[3.443361,43.775932],[3.443149,43.775861],[3.442738,43.775898],[3.442041,43.775654],[3.44163,43.775559],[3.44093,43.775329],[3.440533,43.77493],[3.440094,43.774628],[3.439686,43.774532],[3.438844,43.774737],[3.43811,43.775059],[3.437852,43.775547],[3.436897,43.776063],[3.436178,43.776518],[3.436007,43.776439],[3.43607,43.775702],[3.435652,43.775162],[3.435856,43.774651],[3.435733,43.774422],[3.435288,43.774085],[3.434515,43.773629],[3.434269,43.773324],[3.433067,43.772606],[3.432101,43.772518],[3.431747,43.772876],[3.431704,43.773193],[3.430937,43.773619],[3.430169,43.774177],[3.429419,43.774388],[3.428882,43.774757],[3.427917,43.775292],[3.427713,43.775169],[3.427627,43.774597],[3.427348,43.774365],[3.426512,43.774114],[3.4259,43.773147],[3.425524,43.772999],[3.42458,43.772984],[3.423829,43.77242],[3.422553,43.77211],[3.422391,43.7719],[3.422789,43.771164],[3.422928,43.770483],[3.422681,43.77009],[3.422542,43.76969],[3.422177,43.76903],[3.421898,43.768669],[3.421748,43.768304],[3.421083,43.767739],[3.420954,43.766937],[3.420822,43.766627],[3.420562,43.76645],[3.41943,43.766441],[3.418245,43.766464],[3.417633,43.766736],[3.417166,43.766972],[3.415932,43.766707],[3.41369,43.766186],[3.413355,43.765949],[3.412998,43.765786],[3.412883,43.765612],[3.412874,43.765256],[3.412425,43.764549],[3.412408,43.763876],[3.412274,43.763621],[3.411501,43.762844],[3.411207,43.762685],[3.410797,43.762596],[3.410199,43.762578],[3.409909,43.762434],[3.409243,43.762212],[3.408024,43.762153],[3.407666,43.761871],[3.407243,43.761812],[3.406511,43.761953],[3.405991,43.761801],[3.404099,43.761478],[3.403787,43.761185],[3.403358,43.761169],[3.40279,43.760952],[3.402125,43.76086],[3.401674,43.760588],[3.401417,43.760214],[3.401363,43.759542],[3.400794,43.759373],[3.40015,43.759503],[3.399501,43.759408],[3.399072,43.759226],[3.398192,43.758401],[3.397528,43.758003],[3.396938,43.758236],[3.396586,43.758219],[3.396234,43.758094],[3.39587,43.757843],[3.395204,43.757732],[3.394738,43.757527],[3.393461,43.757293],[3.393137,43.757077],[3.392871,43.757019],[3.392413,43.757119],[3.392056,43.757118],[3.391777,43.756858],[3.391224,43.756996],[3.390902,43.757168],[3.390263,43.757117],[3.390012,43.757264],[3.389915,43.757462],[3.389389,43.757197],[3.389014,43.756904],[3.389148,43.756421],[3.389062,43.756229],[3.388891,43.756054],[3.38763,43.755582],[3.386842,43.755388],[3.386309,43.755125],[3.385905,43.754776],[3.385313,43.754451],[3.385055,43.754002],[3.384663,43.753904],[3.384401,43.753787],[3.384213,43.753582],[3.383494,43.753246],[3.38247,43.753246],[3.382125,43.753356],[3.381566,43.753614],[3.381226,43.753858],[3.380791,43.754032],[3.380506,43.754402],[3.380345,43.754412],[3.380055,43.754368],[3.379648,43.7546],[3.379026,43.754871],[3.378672,43.754922],[3.378189,43.755096],[3.377609,43.75513],[3.377124,43.755507],[3.376982,43.755511],[3.376547,43.755247],[3.376172,43.754937],[3.375957,43.754852],[3.375829,43.75492],[3.375856,43.755074],[3.376027,43.755581],[3.376129,43.75662],[3.375965,43.756734],[3.375136,43.756832],[3.374434,43.756703],[3.374109,43.756819],[3.373845,43.756862],[3.373575,43.756928],[3.373303,43.75687],[3.372747,43.756665],[3.372025,43.756359],[3.371789,43.756367],[3.371622,43.756479],[3.371311,43.756564],[3.37136,43.756664],[3.371929,43.756497],[3.372186,43.756635],[3.372974,43.757362],[3.373747,43.757626],[3.374363,43.757905],[3.375185,43.757969],[3.37453,43.758068],[3.374098,43.758208],[3.37343,43.758465],[3.372663,43.758602],[3.372427,43.758596],[3.371773,43.757985],[3.371574,43.757949],[3.370952,43.758052],[3.370244,43.758049],[3.369649,43.757991],[3.369536,43.758076],[3.369455,43.758106],[3.369498,43.75824],[3.369348,43.758243],[3.369455,43.758381],[3.369367,43.758446],[3.369479,43.758625],[3.369408,43.758642],[3.369573,43.758858],[3.369166,43.759021],[3.369107,43.759251],[3.369091,43.759465],[3.368812,43.759746],[3.368651,43.75972],[3.368693,43.759949],[3.368452,43.759816],[3.368474,43.760079],[3.3682,43.759849],[3.368238,43.760015],[3.368479,43.760224],[3.36863,43.760548],[3.36805,43.760227],[3.368109,43.760403],[3.367988,43.76035],[3.367739,43.760143],[3.367041,43.760074],[3.36599,43.759549],[3.365722,43.7591],[3.365443,43.758984],[3.364992,43.759185],[3.364487,43.758862],[3.362975,43.758503],[3.362621,43.758209],[3.362235,43.758074],[3.361892,43.757893],[3.360819,43.757706],[3.360111,43.757412],[3.357707,43.757046],[3.357289,43.757132],[3.356785,43.75745],[3.356312,43.757457],[3.355841,43.757292],[3.355595,43.757066],[3.355708,43.756698],[3.355553,43.756718],[3.355864,43.755399],[3.355694,43.755093],[3.355779,43.754612],[3.35602,43.754295],[3.35657,43.754162],[3.356752,43.75383],[3.356194,43.753582],[3.355358,43.753414],[3.356849,43.752979],[3.357557,43.752414],[3.35759,43.751824],[3.358893,43.751686],[3.359134,43.751411],[3.358941,43.751274],[3.358962,43.751069],[3.358843,43.750742],[3.358896,43.750415],[3.358775,43.750083],[3.358876,43.749648],[3.358686,43.749442],[3.358496,43.749348],[3.358469,43.749076],[3.358421,43.748969],[3.358051,43.748941],[3.357954,43.748805],[3.357911,43.748532],[3.357777,43.748405],[3.357557,43.74831],[3.357262,43.748451],[3.356721,43.748505],[3.356485,43.748404],[3.356195,43.74809],[3.356072,43.748043],[3.355736,43.747958],[3.355438,43.747806],[3.354988,43.747798],[3.354765,43.747534],[3.354536,43.747398],[3.354295,43.747272],[3.354065,43.747062],[3.353271,43.747016],[3.353078,43.746873],[3.352614,43.746755],[3.352261,43.746716],[3.352016,43.746584],[3.351796,43.746299],[3.35157,43.746117],[3.352815,43.745583],[3.353271,43.745648],[3.353598,43.745449],[3.35333,43.745258],[3.353222,43.74458],[3.353158,43.744504],[3.35274,43.744334],[3.352563,43.743839],[3.352563,43.743487],[3.35296,43.743012],[3.353255,43.74278],[3.353341,43.742559],[3.353273,43.74207],[3.353292,43.741902],[3.353888,43.741402],[3.353896,43.741237],[3.35406,43.74091],[3.354107,43.740731],[3.354027,43.740258],[3.354494,43.739986],[3.354339,43.739816],[3.354338,43.73963],[3.354676,43.738939],[3.355041,43.738576],[3.355148,43.738058],[3.355272,43.737811],[3.355368,43.737163],[3.355269,43.736982],[3.35532,43.736716],[3.355644,43.736591],[3.355754,43.736473],[3.355744,43.736249],[3.355615,43.73589],[3.355572,43.735001],[3.355384,43.734732],[3.355358,43.734557],[3.355733,43.734081],[3.355508,43.733894],[3.355315,43.733408],[3.355004,43.732971],[3.355325,43.7323],[3.355143,43.731693],[3.354682,43.731018],[3.35436,43.730523],[3.354226,43.730248],[3.354231,43.730011],[3.353941,43.72987],[3.35392,43.729763],[3.35362,43.729602],[3.353191,43.729602],[3.352546,43.729513],[3.352429,43.729298],[3.352375,43.728977],[3.352552,43.728723],[3.352622,43.728321],[3.35218,43.728137],[3.35243,43.727891],[3.35205,43.727812],[3.351731,43.727955],[3.35098,43.728954],[3.350433,43.729266],[3.349682,43.729492],[3.348641,43.729988],[3.348159,43.730431],[3.347601,43.730624],[3.346613,43.730694],[3.34523,43.731174],[3.344135,43.731247],[3.34375,43.730954],[3.342789,43.730538],[3.34178,43.730272],[3.340654,43.730174],[3.340005,43.730019],[3.338978,43.729289],[3.338662,43.729017],[3.337939,43.728473],[3.337806,43.728147],[3.337191,43.727628],[3.337086,43.727457],[3.337049,43.727079],[3.336298,43.725479],[3.336126,43.725019],[3.335896,43.724596],[3.33552,43.724142],[3.334603,43.723367],[3.334482,43.723065],[3.334265,43.722708],[3.334125,43.722351],[3.334028,43.722139],[3.333985,43.721942],[3.333782,43.721478],[3.333095,43.720895],[3.332602,43.720635],[3.332301,43.72034],[3.332135,43.720234],[3.331717,43.720567],[3.331277,43.720524],[3.330767,43.72069],[3.330606,43.720847],[3.330269,43.720989],[3.33022,43.721233],[3.330407,43.721649],[3.330333,43.721828],[3.330523,43.721959],[3.330692,43.722153],[3.330724,43.72229],[3.330429,43.722286],[3.330775,43.722766],[3.331051,43.723056],[3.331052,43.723273],[3.330606,43.723503],[3.329925,43.723442],[3.327903,43.723621],[3.326841,43.723557],[3.326636,43.723419],[3.326476,43.723447],[3.326304,43.723567],[3.32588,43.724641],[3.325928,43.725265],[3.325532,43.725429],[3.325564,43.725784],[3.325188,43.726189],[3.325049,43.726498],[3.324748,43.726638],[3.324577,43.727001],[3.324427,43.72691],[3.324459,43.727299],[3.324759,43.727985],[3.325049,43.729073],[3.324931,43.729397],[3.324652,43.729447],[3.324147,43.730119],[3.323987,43.731103],[3.322238,43.731018],[3.321326,43.730896],[3.320993,43.730996],[3.320274,43.730964],[3.319244,43.731304],[3.318772,43.730553],[3.318536,43.73008],[3.317871,43.730049],[3.317603,43.729743],[3.31676,43.729492],[3.315702,43.729442],[3.31423,43.729608],[3.312804,43.730074],[3.312,43.730123],[3.311011,43.730074],[3.310068,43.729941],[3.30947,43.729758],[3.308182,43.729924],[3.307446,43.729874],[3.305491,43.730007],[3.304548,43.729093],[3.304456,43.728628],[3.303789,43.728512],[3.302087,43.728578],[3.30126,43.728561],[3.300846,43.728694],[3.300547,43.728545],[3.30011,43.728478],[3.29988,43.727681],[3.299604,43.727448],[3.299121,43.727298],[3.298707,43.727348],[3.29827,43.726866],[3.298063,43.726484],[3.297672,43.725919],[3.297695,43.725287],[3.298017,43.724905],[3.29781,43.724523],[3.297764,43.724157],[3.297327,43.723991],[3.297074,43.723659],[3.296476,43.723526],[3.296453,43.72311],[3.296614,43.722395],[3.296223,43.722179],[3.296246,43.721781],[3.296844,43.720866],[3.296912,43.720807],[3.296874,43.720576],[3.297138,43.720158],[3.297401,43.719974],[3.297062,43.719734],[3.297207,43.719388],[3.297035,43.719311],[3.296628,43.719628],[3.296156,43.71956],[3.295812,43.719373],[3.295705,43.719095],[3.294482,43.718724],[3.293431,43.718079],[3.293302,43.717793],[3.292626,43.717751],[3.29297,43.717637],[3.293087,43.717007],[3.292862,43.716667],[3.292519,43.716682],[3.292379,43.717288],[3.292154,43.717448],[3.291757,43.717544],[3.291832,43.718635],[3.291553,43.719078],[3.290931,43.719475],[3.290823,43.719349],[3.291306,43.719101],[3.291446,43.718754],[3.291264,43.718263],[3.290936,43.718046],[3.290491,43.718015],[3.290427,43.717698],[3.290856,43.716869],[3.290426,43.716576],[3.289831,43.716482],[3.289343,43.716349],[3.288989,43.716114],[3.288528,43.715979],[3.287187,43.715333],[3.287251,43.714401],[3.286661,43.713543],[3.285995,43.712873],[3.285578,43.712612],[3.284698,43.711517],[3.28385,43.711465],[3.283431,43.711163],[3.283244,43.711173],[3.28312,43.711323],[3.283603,43.711704],[3.284096,43.71186],[3.284343,43.713535],[3.284214,43.714373],[3.283957,43.715108],[3.283935,43.715697],[3.284483,43.716302],[3.285137,43.716738],[3.285985,43.71704],[3.285856,43.717125],[3.284397,43.716705],[3.28386,43.716379],[3.283238,43.716084],[3.282868,43.715325],[3.282563,43.71445],[3.282669,43.71399],[3.282428,43.713099],[3.282187,43.712463],[3.281876,43.712494],[3.281597,43.712936],[3.280513,43.712635],[3.279752,43.712044],[3.278808,43.711913],[3.278432,43.711906],[3.278099,43.71175],[3.277863,43.711428],[3.277176,43.710812],[3.277069,43.710393],[3.276436,43.710007],[3.275664,43.708867],[3.275396,43.708687],[3.273765,43.708996],[3.272708,43.708907],[3.27237,43.708974],[3.271592,43.709336],[3.271019,43.709503],[3.269409,43.709545],[3.268806,43.709658],[3.268363,43.709671],[3.268111,43.709526],[3.268036,43.709326],[3.268132,43.708756],[3.268159,43.708317],[3.268218,43.707891],[3.268189,43.707735],[3.268063,43.70754],[3.267285,43.707111],[3.266711,43.706631],[3.266217,43.706487],[3.265847,43.706274],[3.265729,43.706118],[3.265697,43.705732],[3.265504,43.705365],[3.264843,43.705021],[3.263929,43.704811],[3.263181,43.704567],[3.26133,43.704046],[3.26118,43.703943],[3.261032,43.703548],[3.26074,43.70311],[3.260367,43.702842],[3.260198,43.702652],[3.260193,43.702288],[3.260064,43.701752],[3.259881,43.701216],[3.259377,43.700299],[3.259116,43.700188],[3.258828,43.70012],[3.258578,43.699984],[3.257989,43.699407],[3.257749,43.699234],[3.25753,43.699029],[3.257237,43.698856],[3.256665,43.698698],[3.256304,43.698505],[3.255698,43.69826],[3.255121,43.69793],[3.254705,43.697623],[3.254415,43.697294],[3.25397,43.697072],[3.253708,43.696904],[3.25301,43.696062],[3.25283,43.695543],[3.252747,43.694993],[3.252549,43.694739],[3.251747,43.694302],[3.251015,43.693985],[3.25051,43.693916],[3.249679,43.693538],[3.249158,43.693356],[3.248922,43.693173],[3.248879,43.692876],[3.248769,43.692615],[3.248675,43.691938],[3.248536,43.691727],[3.248337,43.691613],[3.248074,43.691407],[3.247543,43.691254],[3.247452,43.691108],[3.2475,43.690892],[3.247388,43.69037],[3.247455,43.690082],[3.247823,43.689341],[3.247737,43.68864],[3.247645,43.687293],[3.247597,43.686985],[3.248134,43.685757],[3.248348,43.684592],[3.24779,43.683926],[3.247533,43.68329],[3.247404,43.682669],[3.247479,43.682102],[3.24735,43.680946],[3.247157,43.680391],[3.247082,43.679991],[3.247544,43.679459],[3.24742,43.67931],[3.247136,43.67923],[3.246487,43.679264],[3.246374,43.67886],[3.245897,43.678836],[3.245752,43.679137],[3.245526,43.679166],[3.245038,43.678757],[3.244663,43.678615],[3.244631,43.677766],[3.244411,43.676904],[3.24425,43.676548],[3.24436,43.676081],[3.244319,43.675731],[3.244161,43.675377],[3.244094,43.674944],[3.244169,43.674442],[3.244126,43.673917],[3.244185,43.673],[3.244059,43.672477],[3.24403,43.672047],[3.2441,43.671786],[3.244014,43.671388],[3.243596,43.6709],[3.24344,43.670503],[3.243113,43.67006],[3.242662,43.669788],[3.24226,43.669186],[3.241997,43.669018],[3.241997,43.668729],[3.241632,43.667912],[3.241611,43.667546],[3.241482,43.667335],[3.240543,43.666714],[3.240195,43.666536],[3.239507,43.6658],[3.239315,43.665429],[3.238344,43.664757],[3.237512,43.664433],[3.237319,43.664186],[3.23645,43.663898],[3.236171,43.664199],[3.236428,43.664657],[3.237201,43.665449],[3.237383,43.666218],[3.237405,43.666756],[3.23734,43.667124],[3.237405,43.667396],[3.23703,43.667336],[3.236488,43.666928],[3.235779,43.6671],[3.235061,43.667122],[3.234599,43.666897],[3.23417,43.666923],[3.233832,43.66713],[3.233242,43.667179],[3.232829,43.667028],[3.232393,43.666666],[3.232532,43.666389],[3.231708,43.666094],[3.231826,43.666056],[3.230817,43.665497],[3.230441,43.665153],[3.229779,43.664876],[3.229639,43.664473],[3.229101,43.664146],[3.228307,43.663898],[3.228175,43.663691],[3.227443,43.66354],[3.227164,43.663666],[3.225979,43.663161],[3.225491,43.663338],[3.224898,43.663413],[3.224445,43.663741],[3.223469,43.663615],[3.222912,43.663893],[3.221622,43.664321],[3.220785,43.664296],[3.220297,43.66412],[3.219112,43.664262],[3.218192,43.664179],[3.21764,43.664346],[3.217686,43.664695],[3.218146,43.665144],[3.218399,43.665693],[3.219342,43.666408],[3.219457,43.666758],[3.219457,43.667057],[3.219618,43.667556],[3.219319,43.667523],[3.21879,43.666591],[3.218123,43.666575],[3.216789,43.66749],[3.215984,43.667456],[3.214466,43.667756],[3.214995,43.668771],[3.215478,43.66892],[3.215547,43.66922],[3.215731,43.669436],[3.215685,43.669669],[3.214972,43.669519],[3.214891,43.669484],[3.213922,43.669494],[3.212767,43.669451],[3.212469,43.669403],[3.211988,43.669456],[3.21092,43.66946],[3.21055,43.669525],[3.210164,43.669498],[3.20981,43.669541],[3.209483,43.669403],[3.20921,43.669178],[3.209026,43.668979],[3.208842,43.668873],[3.208539,43.668552],[3.208121,43.668404],[3.207643,43.668034],[3.206334,43.667611],[3.203856,43.667309],[3.203531,43.667191],[3.203147,43.666958],[3.203212,43.666816],[3.202645,43.666883],[3.201698,43.666891],[3.201278,43.666927],[3.200883,43.666902],[3.20039,43.666988],[3.200009,43.667261],[3.199966,43.667433],[3.199757,43.667629],[3.19936,43.667698],[3.199081,43.667671],[3.198524,43.6671],[3.1984,43.666695],[3.198491,43.666292],[3.198309,43.666024],[3.198014,43.666007],[3.197359,43.665641],[3.196957,43.665635],[3.196539,43.665098],[3.196246,43.664953],[3.195814,43.664959],[3.195447,43.66477],[3.195117,43.664655],[3.194833,43.664478],[3.193974,43.664357],[3.193508,43.664367],[3.193181,43.664158],[3.192886,43.664162],[3.192601,43.664321],[3.192078,43.664385],[3.190911,43.664429],[3.190482,43.66431],[3.189951,43.66428],[3.189178,43.664433],[3.184093,43.667118],[3.183331,43.666023],[3.183047,43.664933],[3.182881,43.664619],[3.181926,43.664394],[3.181357,43.664513],[3.180799,43.664184],[3.18051,43.664612],[3.180177,43.664776],[3.178911,43.664853],[3.177033,43.665327],[3.1758,43.665798],[3.174866,43.665825],[3.173493,43.666233],[3.173043,43.66619],[3.172399,43.666241],[3.171315,43.666202],[3.171122,43.665829],[3.171058,43.66552],[3.170865,43.665249],[3.170661,43.665142],[3.170157,43.664745],[3.169867,43.664672],[3.168536,43.665046],[3.168633,43.665154],[3.168418,43.665297],[3.168182,43.665379],[3.168005,43.665284],[3.167528,43.664863],[3.167034,43.664566],[3.166391,43.664814],[3.165951,43.664761],[3.163794,43.66314],[3.163247,43.662655],[3.1627,43.662231],[3.162346,43.662369],[3.161208,43.661857],[3.160823,43.661618],[3.160404,43.661491],[3.159953,43.661261],[3.159224,43.660725],[3.159085,43.660318],[3.158698,43.659962],[3.157432,43.659582],[3.156058,43.659016],[3.155587,43.658649],[3.154364,43.658073],[3.153795,43.657737],[3.153065,43.656841],[3.153012,43.656483],[3.152792,43.656237],[3.152712,43.655827],[3.151939,43.655492],[3.151467,43.654794],[3.151188,43.655028],[3.151059,43.655361],[3.149428,43.655872],[3.149236,43.655856],[3.148763,43.654381],[3.149417,43.651822],[3.149021,43.651356],[3.148377,43.651161],[3.147036,43.65123],[3.145813,43.651012],[3.144515,43.650704],[3.143421,43.650607],[3.142562,43.651116],[3.141704,43.651146],[3.139633,43.650378],[3.139011,43.650246],[3.13826,43.65002],[3.136758,43.649872],[3.13635,43.650432],[3.135701,43.650706],[3.134333,43.651073],[3.133217,43.651198],[3.131222,43.651905],[3.130921,43.652683],[3.130556,43.652683],[3.12987,43.652924]]],"type":"MultiLineString"},"properties":{"geo_point":{"lon":3.432788187485921,"lat":43.835753329105856},"name":"GR7 De L'Espérou (Gard) à Boussagues (Hérault) (2019)","code_gr":"GR7"}},{"type":"Feature","geometry":{"coordinates":[[[4.48143,45.216048],[4.48011,45.215125],[4.478544,45.214551],[4.477932,45.213811],[4.47731,45.213191],[4.477191,45.212745],[4.476891,45.212404],[4.476623,45.211883],[4.476607,45.209986],[4.476698,45.208791],[4.476894,45.208657],[4.477068,45.208402],[4.477653,45.206675],[4.478458,45.205171],[4.478865,45.203901],[4.478425,45.203122],[4.478179,45.202239],[4.477911,45.201652],[4.477629,45.201324],[4.476939,45.200807],[4.476129,45.200079],[4.476084,45.199975],[4.47563,45.199577],[4.475496,45.199187],[4.474204,45.197724],[4.473708,45.197345],[4.473308,45.196946],[4.472777,45.196572],[4.472476,45.196194],[4.471905,45.195328],[4.471437,45.194721],[4.471114,45.194451],[4.470921,45.194157],[4.47084,45.193793],[4.470969,45.193314],[4.471427,45.192824],[4.472074,45.192001],[4.472117,45.191767],[4.472031,45.19164],[4.471559,45.191475],[4.470928,45.191361],[4.470678,45.191349],[4.470427,45.191284],[4.469697,45.191005],[4.469182,45.190757],[4.46889,45.190549],[4.468104,45.189948],[4.467289,45.188948],[4.467,45.188644],[4.466624,45.18813],[4.466388,45.187699],[4.465916,45.1872],[4.465647,45.186989],[4.465336,45.186519],[4.464998,45.186119],[4.464717,45.18551],[4.464451,45.185086],[4.464215,45.184281],[4.463751,45.183654],[4.463507,45.183132],[4.463006,45.183241],[4.46259,45.183396],[4.461989,45.183525],[4.461978,45.183305],[4.462439,45.182723],[4.462987,45.18227],[4.463803,45.181513],[4.464532,45.181317],[4.464682,45.181143],[4.464671,45.180931],[4.464006,45.18053],[4.463208,45.180017],[4.462805,45.179191],[4.462751,45.178897],[4.462096,45.178314],[4.461731,45.177883],[4.460337,45.177165],[4.459994,45.17681],[4.459607,45.176015],[4.459456,45.175811],[4.459231,45.175062],[4.458771,45.174132],[4.458598,45.173463],[4.458639,45.173064],[4.458781,45.17263],[4.459071,45.172219],[4.459039,45.172041],[4.45841,45.171692],[4.458317,45.171369],[4.4584,45.170834],[4.458304,45.170475],[4.458099,45.16919],[4.45789,45.168588],[4.457386,45.167854],[4.45663,45.167155],[4.456056,45.166802],[4.455026,45.166523],[4.454017,45.166069],[4.45302,45.166008],[4.452344,45.165804],[4.451271,45.165298],[4.450911,45.164954],[4.449759,45.164594],[4.449304,45.164082],[4.448767,45.163268],[4.448377,45.162488],[4.447988,45.161848],[4.447505,45.161227],[4.447162,45.160758],[4.447355,45.160077],[4.44787,45.159109],[4.447451,45.156854],[4.44656,45.155197],[4.445199,45.153102],[4.444909,45.152285],[4.444802,45.150787],[4.444533,45.149342],[4.444329,45.149062],[4.443653,45.148691],[4.442291,45.148123],[4.441261,45.14751],[4.440617,45.146942],[4.440091,45.146815],[4.439544,45.146792],[4.438879,45.146414],[4.438589,45.146004],[4.438262,45.145354],[4.436798,45.143931],[4.436454,45.142743],[4.436143,45.142614],[4.435859,45.142297],[4.435156,45.142047],[4.435285,45.141888],[4.434716,45.141131],[4.434126,45.140601],[4.433558,45.139724],[4.43286,45.138294],[4.43257,45.136583],[4.432474,45.136473],[4.432464,45.135909],[4.432316,45.13569],[4.431685,45.134978],[4.431154,45.13424],[4.431015,45.133986],[4.429657,45.133653],[4.428837,45.133533],[4.427967,45.134108],[4.427335,45.13429],[4.4255,45.134653],[4.423515,45.1332],[4.422733,45.132905],[4.421509,45.132783],[4.420602,45.13284],[4.419119,45.132839],[4.417743,45.133049],[4.413902,45.133798],[4.413108,45.133714],[4.412798,45.13354],[4.412684,45.133169],[4.412306,45.132685],[4.412057,45.131716],[4.412014,45.130596],[4.412025,45.129699],[4.411821,45.129408],[4.411048,45.129021],[4.409654,45.128681],[4.408978,45.128545],[4.408055,45.128597],[4.407389,45.128847],[4.407037,45.128749],[4.406735,45.126796],[4.406392,45.126213],[4.405561,45.125491],[4.40327,45.122444],[4.402331,45.121175],[4.401202,45.119258],[4.40091,45.118886],[4.400274,45.117408],[4.400453,45.117018],[4.400339,45.116284],[4.400356,45.114952],[4.400063,45.114505],[4.399738,45.113656],[4.400063,45.112944],[4.400523,45.112474],[4.40151,45.112275],[4.402723,45.1117],[4.403903,45.11142],[4.404933,45.111329],[4.405566,45.111178],[4.405633,45.110824],[4.406044,45.109902],[4.406357,45.109359],[4.407133,45.106801],[4.406971,45.105749],[4.406832,45.105298],[4.406059,45.103969],[4.405641,45.103311],[4.405287,45.102554],[4.404563,45.101618],[4.403427,45.099338],[4.402871,45.098375],[4.402509,45.097601],[4.401842,45.096759],[4.401252,45.096352],[4.400517,45.09596],[4.399525,45.09537],[4.395035,45.092959],[4.390116,45.090352],[4.387337,45.089647],[4.385675,45.089102],[4.385127,45.088678],[4.384376,45.08761],[4.383873,45.086292],[4.383604,45.085511],[4.383583,45.084882],[4.384377,45.08327],[4.384623,45.082588],[4.384816,45.080603],[4.385063,45.080594],[4.385277,45.080102],[4.38649,45.078693],[4.387037,45.077739],[4.388228,45.075232],[4.389119,45.07333],[4.390235,45.070852],[4.390374,45.070306],[4.390363,45.069685],[4.390116,45.068563],[4.390009,45.067935],[4.390674,45.067851],[4.392426,45.067305],[4.393169,45.067033],[4.394462,45.066654],[4.395224,45.066616],[4.395267,45.065938],[4.395202,45.06532],[4.395411,45.064934],[4.395566,45.064407],[4.395288,45.063456],[4.395266,45.062755],[4.395341,45.061971],[4.395203,45.06169],[4.394022,45.060227],[4.393791,45.059671],[4.393695,45.059368],[4.394257,45.058841],[4.394644,45.058637],[4.395513,45.05825],[4.398319,45.056235],[4.399019,45.055658],[4.400883,45.054682],[4.399247,45.054559],[4.39753,45.053771],[4.396232,45.053355],[4.396012,45.052948],[4.395213,45.052057],[4.395674,45.051618],[4.395899,45.051171],[4.396918,45.049943],[4.396607,45.049481],[4.395867,45.049473],[4.39533,45.048901],[4.395465,45.048711],[4.395792,45.048552],[4.396275,45.048442],[4.396575,45.048218],[4.397586,45.047951],[4.397975,45.04779],[4.398608,45.047434],[4.3997,45.046741],[4.400899,45.04585],[4.403941,45.044284],[4.404633,45.043999],[4.405244,45.043868],[4.405941,45.043848],[4.405947,45.043769],[4.405748,45.043455],[4.406704,45.041067],[4.40681,45.03789],[4.406307,45.035479],[4.4065,45.033951],[4.4065,45.033318],[4.406778,45.031074],[4.40665,45.030645],[4.406639,45.03027],[4.406231,45.029504],[4.401511,45.023179],[4.401596,45.022854],[4.402219,45.022748],[4.402744,45.022535],[4.4027,45.022148],[4.402487,45.021925],[4.401575,45.021693],[4.401521,45.021072],[4.400985,45.020601],[4.399418,45.020086],[4.398141,45.019555],[4.397981,45.019137],[4.398217,45.018573],[4.39856,45.017978],[4.398496,45.017599],[4.39892,45.016419],[4.399279,45.015558],[4.398496,45.014648],[4.398254,45.01458],[4.397358,45.01508],[4.397101,45.014929],[4.396967,45.014042],[4.396769,45.013116],[4.39664,45.013294],[4.396092,45.013799],[4.395438,45.014007],[4.394891,45.013969],[4.394574,45.013795],[4.394437,45.013535],[4.394435,45.013112],[4.394633,45.012778],[4.395014,45.01264],[4.395674,45.012259],[4.39576,45.012179],[4.396044,45.012042],[4.396323,45.012061],[4.396731,45.011777],[4.396935,45.011542],[4.397015,45.010863],[4.397015,45.010863],[4.396768,45.010719],[4.39642,45.010268],[4.395953,45.009839],[4.395716,45.010006],[4.394789,45.01026],[4.39311,45.01103],[4.392015,45.011554],[4.3906,45.013139],[4.390299,45.013374],[4.389794,45.013631],[4.38892,45.013954],[4.387734,45.014717],[4.386276,45.015028],[4.386479,45.015459],[4.386887,45.015672],[4.3859,45.016719],[4.385685,45.017538],[4.385246,45.017886],[4.386072,45.01957],[4.386715,45.02001],[4.386801,45.020245],[4.386404,45.020663],[4.385353,45.020264],[4.384837,45.020109],[4.384183,45.020094],[4.383953,45.01974],[4.383883,45.018983],[4.383727,45.018842],[4.382046,45.018681],[4.381576,45.018569],[4.381105,45.018281],[4.380578,45.01775],[4.380149,45.017583],[4.379741,45.017287],[4.379334,45.017273],[4.37899,45.017086],[4.378953,45.017242],[4.377494,45.018383],[4.377033,45.018387],[4.376914,45.018041],[4.376649,45.01778],[4.376371,45.017659],[4.37575,45.0175],[4.375343,45.017492],[4.374635,45.017689],[4.374476,45.017651],[4.374243,45.017439],[4.374109,45.016923],[4.373868,45.016753],[4.372939,45.016468],[4.372285,45.016559],[4.368755,45.016764],[4.368396,45.016696],[4.367645,45.016814],[4.366948,45.016764],[4.366578,45.016601],[4.366309,45.016737],[4.365933,45.016825],[4.365697,45.016981],[4.365504,45.017326],[4.364088,45.018292],[4.363477,45.018465],[4.362994,45.018653],[4.362816,45.018512],[4.362827,45.01819],[4.362683,45.017928],[4.361734,45.017913],[4.361023,45.017763],[4.360311,45.017568],[4.359424,45.017246],[4.357812,45.016734],[4.356894,45.016233],[4.35679,45.016482],[4.356718,45.016905],[4.355725,45.018704],[4.355451,45.019305],[4.355227,45.019297],[4.35454,45.018872],[4.353359,45.018478],[4.351654,45.017447],[4.349969,45.016707],[4.347898,45.015913],[4.347667,45.01571],[4.347367,45.015761],[4.346976,45.015684],[4.346268,45.015323],[4.345388,45.015467],[4.344551,45.015384],[4.343543,45.014959],[4.341558,45.01433],[4.340447,45.014049],[4.339315,45.013108],[4.338628,45.012698],[4.337352,45.012395],[4.336622,45.012115],[4.335818,45.012016],[4.334734,45.01141],[4.334112,45.011409],[4.333404,45.011114],[4.332696,45.010908],[4.332455,45.010628],[4.332299,45.010317],[4.332245,45.009801],[4.331848,45.009361],[4.330679,45.008569],[4.330367,45.008315],[4.329037,45.007571],[4.328621,45.007408],[4.32842,45.007366],[4.328173,45.007203],[4.326537,45.006824],[4.325786,45.006525],[4.323936,45.005614],[4.32245,45.00478],[4.321677,45.004537],[4.320948,45.004052],[4.319295,45.00327],[4.318533,45.002853],[4.316194,45.00186],[4.31539,45.001609],[4.313867,45.001381],[4.312837,45.001108],[4.311169,45.000838],[4.308063,45.000159],[4.306013,44.998855],[4.305166,44.998818],[4.304586,44.998506],[4.304447,44.998316],[4.304264,44.997814],[4.30281,44.997326],[4.301485,44.996821],[4.301507,44.996374],[4.300777,44.995478],[4.300424,44.995236],[4.29979,44.995046],[4.299468,44.995141],[4.299173,44.995149],[4.298616,44.994963],[4.298116,44.99463],[4.297926,44.994375],[4.297912,44.994166],[4.298116,44.993904],[4.297977,44.993692],[4.297245,44.993474],[4.296802,44.993286],[4.295148,44.992167],[4.294417,44.99174],[4.294051,44.991488],[4.293852,44.9912],[4.292852,44.990183],[4.292652,44.98991],[4.292409,44.989682],[4.291068,44.988969],[4.290266,44.988318],[4.289335,44.987728],[4.288483,44.987094],[4.287506,44.986514],[4.286749,44.986157],[4.286423,44.985896],[4.285698,44.98557],[4.284695,44.985198],[4.283906,44.984761],[4.283032,44.984381],[4.282425,44.983995],[4.282043,44.983804],[4.281232,44.983454],[4.280925,44.983362],[4.27998,44.982981],[4.279615,44.98294],[4.278585,44.983065],[4.278124,44.983084],[4.276654,44.983399],[4.276199,44.983403],[4.27568,44.983422],[4.274717,44.983425],[4.273859,44.983862],[4.273403,44.984286],[4.272394,44.985042],[4.272238,44.9853],[4.271305,44.985913],[4.270281,44.986499],[4.270147,44.986742],[4.269224,44.987116],[4.26822,44.987573],[4.267791,44.987653],[4.26601,44.987808],[4.2653,44.987842],[4.264686,44.987983],[4.262867,44.988234],[4.262223,44.988477],[4.261987,44.98916],[4.260601,44.988407],[4.259364,44.987276],[4.258409,44.987368],[4.256907,44.987823],[4.25444,44.987807],[4.253688,44.987922],[4.252009,44.988462],[4.251771,44.98866],[4.251299,44.988798],[4.250979,44.989008],[4.2507,44.988811],[4.250673,44.988445],[4.249939,44.988392],[4.249269,44.988384],[4.248463,44.988259],[4.248058,44.98829],[4.247525,44.98829],[4.247147,44.988337],[4.246538,44.988339],[4.245154,44.987922],[4.243732,44.987797],[4.242783,44.987854],[4.242595,44.987952],[4.241838,44.987914],[4.241267,44.987797],[4.240427,44.98749],[4.239794,44.987554],[4.239183,44.987603],[4.237434,44.987846],[4.236045,44.987819],[4.234495,44.987921],[4.234473,44.987641],[4.23429,44.987421],[4.23245,44.987094],[4.231929,44.987054],[4.231461,44.986999],[4.230832,44.987001],[4.230203,44.986958],[4.230133,44.987026],[4.230106,44.987124],[4.229709,44.987026],[4.229484,44.986847],[4.228379,44.986594],[4.227725,44.986279],[4.227478,44.986275],[4.226882,44.986411],[4.226228,44.986366],[4.22604,44.986116],[4.226094,44.985634],[4.226352,44.984992],[4.226169,44.984943],[4.22552,44.984319],[4.225193,44.984078],[4.224324,44.983164],[4.222897,44.982443],[4.222296,44.982087],[4.22213,44.981859],[4.221792,44.981608],[4.221472,44.981179],[4.221088,44.980773],[4.220625,44.979707],[4.220483,44.979506],[4.220215,44.979005],[4.219882,44.978193],[4.21963,44.97787],[4.219464,44.977502],[4.218777,44.976553],[4.218273,44.97628],[4.218068,44.975954],[4.217489,44.975567],[4.217501,44.975044],[4.216942,44.97449],[4.216299,44.974095],[4.215848,44.973699],[4.215344,44.973457],[4.214861,44.972607],[4.214646,44.971931],[4.214239,44.971537],[4.212951,44.970899],[4.212356,44.9703],[4.211771,44.969548],[4.211138,44.969389],[4.210837,44.969093],[4.210774,44.968554],[4.212211,44.967058],[4.213042,44.966094],[4.21353,44.965434],[4.21397,44.965047],[4.214947,44.963916],[4.214775,44.963597],[4.214871,44.963399],[4.215762,44.962466],[4.21581,44.96225],[4.215752,44.96132],[4.215639,44.961172],[4.2119,44.960773],[4.209421,44.960059],[4.206825,44.958275],[4.206105,44.957578],[4.205575,44.956674],[4.204518,44.955269],[4.202706,44.951898],[4.202748,44.951388],[4.2019,44.951412],[4.201793,44.951298],[4.202035,44.950865],[4.202249,44.950808],[4.202779,44.950477],[4.202678,44.950338],[4.203789,44.949775],[4.204604,44.949388],[4.205132,44.949278],[4.207701,44.948127],[4.208418,44.947759],[4.20925,44.946802],[4.209797,44.946134],[4.210548,44.944942],[4.210806,44.944099],[4.2097,44.943036],[4.20822,44.941988],[4.207286,44.941122],[4.205731,44.940652],[4.204496,44.940104],[4.204068,44.939171],[4.203939,44.938692],[4.204122,44.938115],[4.204217,44.93734],[4.204079,44.937067],[4.203714,44.936832],[4.20219,44.936656],[4.201054,44.93627],[4.200077,44.936125],[4.198157,44.936132],[4.197383,44.93595],[4.196637,44.935567],[4.195613,44.935259],[4.194315,44.935047],[4.19403,44.93513],[4.191214,44.935054],[4.191215,44.934827],[4.190904,44.934317],[4.190871,44.93374],[4.190549,44.933672],[4.190303,44.932935],[4.190334,44.932343],[4.190131,44.932062],[4.190067,44.931864],[4.189852,44.931545],[4.189906,44.93131],[4.191354,44.929844],[4.191333,44.929624],[4.190882,44.929525],[4.191065,44.929187],[4.191118,44.928582],[4.191306,44.927824],[4.191273,44.927522],[4.191362,44.927114],[4.191407,44.926745],[4.191273,44.926411],[4.191499,44.925943],[4.191738,44.925899],[4.19234,44.925694],[4.192942,44.92552],[4.193269,44.925376],[4.193425,44.925381],[4.193486,44.925626],[4.193681,44.925539],[4.193977,44.925211],[4.194101,44.925104],[4.19424,44.924572],[4.194326,44.924572],[4.194486,44.924177],[4.194792,44.923869],[4.194905,44.923668],[4.195254,44.923375],[4.195522,44.923413],[4.195533,44.923303],[4.19589,44.923241],[4.196225,44.923262],[4.196649,44.922962],[4.197035,44.923224],[4.197438,44.923376],[4.19763,44.922951],[4.198167,44.922678],[4.198291,44.922202],[4.1985,44.921891],[4.19839,44.921597],[4.198879,44.920942],[4.199111,44.920546],[4.199041,44.920394],[4.198623,44.920254],[4.198011,44.920273],[4.197651,44.920037],[4.197212,44.920136],[4.19614,44.92053],[4.195002,44.920523],[4.193629,44.920356],[4.192567,44.919949],[4.191762,44.919725],[4.190721,44.919551],[4.190061,44.91938],[4.189595,44.919156],[4.188564,44.918951],[4.187652,44.918662],[4.186139,44.917689],[4.185206,44.917408],[4.184251,44.916937],[4.182706,44.916413],[4.181623,44.916094],[4.180239,44.915904],[4.17929,44.915892],[4.178619,44.915926],[4.17731,44.91554],[4.176672,44.91546],[4.176034,44.915395],[4.177514,44.913974],[4.178233,44.913427],[4.178737,44.912872],[4.17955,44.911663],[4.179817,44.911214],[4.180169,44.910742],[4.180262,44.910492],[4.180483,44.910204],[4.18144,44.90877],[4.181896,44.908367],[4.181924,44.908159],[4.182442,44.906774],[4.182678,44.906013],[4.182845,44.903738],[4.182821,44.902405],[4.182544,44.900677],[4.182674,44.90024],[4.18497,44.899757],[4.185228,44.89943],[4.184917,44.899335],[4.184905,44.899008],[4.184594,44.898483],[4.184192,44.897385],[4.184042,44.896354],[4.183881,44.896179],[4.183967,44.8957],[4.183624,44.895451],[4.183624,44.895219],[4.183779,44.894835],[4.183795,44.894474],[4.183608,44.89425],[4.183554,44.893988],[4.18371,44.893686],[4.183259,44.89358],[4.182808,44.893306],[4.182937,44.892561],[4.183173,44.891938],[4.182916,44.890904],[4.182166,44.889971],[4.181778,44.889247],[4.181371,44.889004],[4.180942,44.887925],[4.180963,44.887347],[4.18077,44.887043],[4.181157,44.886686],[4.18114,44.88636],[4.181575,44.885645],[4.18188,44.88554],[4.182267,44.884824],[4.18232,44.884197],[4.182116,44.883486],[4.181644,44.882475],[4.180689,44.881403],[4.179692,44.879975],[4.179778,44.879283],[4.179338,44.87812],[4.179477,44.878081],[4.181516,44.878887],[4.182095,44.879085],[4.182545,44.879336],[4.182695,44.879305],[4.18261,44.879084],[4.182202,44.878766],[4.18231,44.878667],[4.182873,44.878861],[4.18298,44.878788],[4.182803,44.878518],[4.182878,44.878355],[4.183586,44.878218],[4.183994,44.877979],[4.185361,44.876266],[4.185971,44.875487],[4.185953,44.874919],[4.186118,44.87447],[4.186204,44.87401],[4.186419,44.873785],[4.186617,44.873495],[4.186966,44.873037],[4.18739,44.872851],[4.187486,44.872687],[4.187481,44.871512],[4.187277,44.87106],[4.186977,44.870509],[4.18676,44.870298],[4.186596,44.870057],[4.186373,44.869526],[4.186356,44.869091],[4.186403,44.868892],[4.186591,44.868577],[4.186751,44.868136],[4.186477,44.867471],[4.186011,44.866509],[4.185834,44.866319],[4.185442,44.866068],[4.184723,44.865331],[4.184231,44.864692],[4.183356,44.862874],[4.18291,44.861878],[4.182235,44.861193],[4.181837,44.860319],[4.181777,44.860017],[4.181813,44.859783],[4.181887,44.859523],[4.18195,44.859445],[4.18181,44.858863],[4.181923,44.858477],[4.182074,44.858163],[4.182312,44.857975],[4.18255,44.857881],[4.182594,44.857783],[4.182186,44.857304],[4.181676,44.856821],[4.181725,44.856696],[4.181881,44.856624],[4.182208,44.856627],[4.182583,44.856573],[4.182841,44.856402],[4.182804,44.855945],[4.182868,44.855867],[4.183211,44.855877],[4.184117,44.855767],[4.18475,44.855211],[4.184948,44.854805],[4.184981,44.854607],[4.185356,44.853969],[4.18541,44.853708],[4.185276,44.853171],[4.185389,44.853143],[4.18669,44.85425],[4.187571,44.854927],[4.187754,44.85512],[4.188136,44.855432],[4.18835,44.855452],[4.188854,44.853817],[4.189305,44.85177],[4.18968,44.851079],[4.188993,44.849276],[4.188447,44.847488],[4.188457,44.846545],[4.189176,44.844362],[4.189632,44.843654],[4.190174,44.843106],[4.190259,44.842659],[4.190527,44.842475],[4.191579,44.842338],[4.192577,44.842118],[4.193307,44.841661],[4.193639,44.841273],[4.195066,44.840406],[4.195656,44.839751],[4.195818,44.839386],[4.19557,44.83896],[4.195699,44.838641],[4.19572,44.837995],[4.196509,44.8375],[4.197019,44.836846],[4.197351,44.836085],[4.19763,44.835689],[4.197684,44.834966],[4.19718,44.834251],[4.197309,44.833855],[4.197293,44.833536],[4.197363,44.833125],[4.197598,44.83276],[4.197362,44.832182],[4.197469,44.831603],[4.197073,44.831025],[4.197116,44.830157],[4.19689,44.829808],[4.195398,44.828826],[4.194702,44.828781],[4.194379,44.828583],[4.194079,44.827738],[4.194207,44.82732],[4.194497,44.826954],[4.194915,44.825867],[4.194744,44.825143],[4.194219,44.824108],[4.19394,44.823537],[4.193339,44.819561],[4.192931,44.817472],[4.192636,44.817187],[4.192384,44.817114],[4.192041,44.817183],[4.1913,44.817913],[4.190753,44.818005],[4.189348,44.81773],[4.188833,44.817514],[4.188489,44.817251],[4.187508,44.815779],[4.187256,44.815539],[4.187652,44.815098],[4.187814,44.813035],[4.18835,44.811444],[4.189423,44.810135],[4.189863,44.80999],[4.189884,44.809763],[4.189493,44.808841],[4.189359,44.808696],[4.188823,44.807768],[4.188586,44.807536],[4.188501,44.807212],[4.185743,44.802546],[4.185679,44.802108],[4.185775,44.801739],[4.18689,44.800719],[4.187599,44.800308],[4.188221,44.800163],[4.18842,44.800003],[4.189165,44.799737],[4.19011,44.799935],[4.190753,44.799874],[4.191612,44.799082],[4.192126,44.798785],[4.192953,44.798523],[4.193572,44.798502],[4.193827,44.798553],[4.194814,44.798934],[4.195141,44.799128],[4.195972,44.799261],[4.196718,44.799242],[4.197276,44.799181],[4.197791,44.799179],[4.198746,44.799094],[4.199485,44.79888],[4.199986,44.798812],[4.200702,44.798667],[4.201793,44.798507],[4.202485,44.798347],[4.20311,44.798264],[4.203831,44.798142],[4.203933,44.798015],[4.204089,44.797921],[4.204432,44.797659],[4.204808,44.797563],[4.20514,44.797322],[4.205527,44.79684],[4.205787,44.796701],[4.206111,44.796589],[4.206268,44.79634],[4.206425,44.796167],[4.206465,44.795919],[4.206299,44.795763],[4.206384,44.795261],[4.205769,44.792855],[4.205623,44.792329],[4.205419,44.791027],[4.204722,44.789611],[4.204015,44.788491],[4.203843,44.787799],[4.203821,44.786093],[4.203923,44.785876],[4.203848,44.785727],[4.202915,44.785545],[4.202437,44.785361],[4.201751,44.78476],[4.20072,44.784242],[4.19999,44.783672],[4.199728,44.783588],[4.199543,44.783447],[4.19902,44.783226],[4.198379,44.783038],[4.196423,44.782293],[4.195849,44.782133],[4.196252,44.781505],[4.196805,44.780847],[4.197351,44.780557],[4.197411,44.780176],[4.197554,44.78001],[4.197923,44.779775],[4.198607,44.779434],[4.198692,44.779083],[4.198745,44.778128],[4.199272,44.777959],[4.199586,44.777577],[4.199862,44.777028],[4.202494,44.775395],[4.203563,44.775378],[4.203702,44.775127],[4.203997,44.774875],[4.2038,44.774434],[4.203526,44.774019],[4.202887,44.773817],[4.202561,44.773317],[4.202362,44.773322],[4.2022,44.77371],[4.201729,44.773867],[4.201047,44.773851],[4.199732,44.773907],[4.199159,44.773672],[4.198639,44.773352],[4.198092,44.773223],[4.197283,44.77323],[4.196385,44.773451],[4.195908,44.773468],[4.195658,44.773507],[4.195334,44.773485],[4.194567,44.773249],[4.194127,44.773234],[4.1938,44.773337],[4.19359,44.773306],[4.193596,44.772796],[4.193393,44.772529],[4.193113,44.77205],[4.192942,44.771528],[4.193057,44.77103],[4.193183,44.770551],[4.193172,44.770226],[4.19344,44.769974],[4.193447,44.769836],[4.193304,44.769526],[4.193317,44.769299],[4.193419,44.769073],[4.193564,44.76893],[4.19358,44.76858],[4.193397,44.767956],[4.193512,44.76755],[4.193518,44.767148],[4.193211,44.766809],[4.193715,44.766535],[4.194251,44.766372],[4.194575,44.766172],[4.194679,44.766022],[4.194809,44.765937],[4.195169,44.765902],[4.195552,44.765686],[4.195898,44.7654],[4.196353,44.765248],[4.196874,44.76487],[4.19726,44.764669],[4.197418,44.76465],[4.197555,44.764703],[4.197888,44.765035],[4.19836,44.76516],[4.199245,44.765145],[4.199442,44.765182],[4.199854,44.765486],[4.20006,44.765564],[4.20028,44.765503],[4.200334,44.765179],[4.200758,44.765048],[4.20109,44.764893],[4.201294,44.764859],[4.20174,44.765145],[4.202013,44.765231],[4.20234,44.765241],[4.202893,44.765122],[4.203191,44.765105],[4.203489,44.765164],[4.203745,44.765127],[4.203639,44.764859],[4.202823,44.764341],[4.202233,44.763999],[4.201535,44.763785],[4.201316,44.763242],[4.2013,44.762883],[4.20138,44.762623],[4.201471,44.761545],[4.201342,44.761138],[4.201031,44.760597],[4.200919,44.760258],[4.200865,44.759561],[4.201238,44.758455],[4.201382,44.757597],[4.201396,44.75718],[4.200152,44.756228],[4.199331,44.75638],[4.1988,44.7564],[4.197566,44.756433],[4.196853,44.756266],[4.196171,44.756193],[4.195334,44.755955],[4.194701,44.755687],[4.194288,44.755404],[4.193194,44.755358],[4.192438,44.75526],[4.191558,44.755127],[4.190825,44.754929],[4.190479,44.754823],[4.189579,44.754411],[4.18879,44.754091],[4.189056,44.753331],[4.188549,44.753264],[4.187846,44.753287],[4.187438,44.753051],[4.187008,44.752464],[4.186703,44.752255],[4.186285,44.751828],[4.186199,44.751477],[4.186156,44.750876],[4.185955,44.750171],[4.185723,44.749664],[4.185609,44.749341],[4.185399,44.749043],[4.185185,44.748948],[4.184874,44.748952],[4.184552,44.749127],[4.183997,44.749649],[4.183785,44.749926],[4.183559,44.750365],[4.183414,44.750914],[4.183235,44.751158],[4.183007,44.751211],[4.182634,44.750884],[4.182352,44.750546],[4.182113,44.750376],[4.181966,44.750137],[4.181268,44.74979],[4.180845,44.749657],[4.180646,44.749463],[4.180454,44.749024],[4.180185,44.748834],[4.179472,44.748726],[4.179107,44.748064],[4.17871,44.747836],[4.177363,44.747607],[4.174906,44.747474],[4.173968,44.747278],[4.172895,44.746749],[4.172474,44.746432],[4.172058,44.746228],[4.171087,44.745558],[4.170621,44.744951],[4.170433,44.74422],[4.170084,44.742131],[4.170277,44.741064],[4.17011,44.740655],[4.170191,44.740073],[4.169494,44.740091],[4.169437,44.740442],[4.169033,44.740866],[4.168711,44.740652],[4.168425,44.740973],[4.168241,44.741047],[4.16775,44.74169],[4.16752,44.741556],[4.167241,44.741503],[4.166742,44.741566],[4.166473,44.741663],[4.165701,44.741606],[4.165346,44.741431],[4.1648,44.741613],[4.163824,44.74204],[4.162644,44.742643],[4.160863,44.74287],[4.15976,44.743154],[4.15913,44.743412],[4.158966,44.743431],[4.15877,44.743404],[4.158017,44.743065],[4.157295,44.742672],[4.156899,44.742673],[4.156233,44.742765],[4.155423,44.74294],[4.154293,44.743007],[4.153797,44.743058],[4.153421,44.743054],[4.152971,44.74292],[4.152194,44.742513],[4.151073,44.741678],[4.150563,44.741255],[4.150262,44.740871],[4.150031,44.740002],[4.149646,44.73935],[4.149217,44.738866],[4.148766,44.738451],[4.148128,44.737719],[4.149018,44.737506],[4.148972,44.737133],[4.149023,44.736807],[4.1489,44.73549],[4.148691,44.735147],[4.148428,44.734846],[4.147833,44.734298],[4.147376,44.734017],[4.1464,44.733235],[4.145451,44.732571],[4.144781,44.732339],[4.144687,44.732234],[4.144618,44.732052],[4.144523,44.731953],[4.144217,44.731969],[4.143836,44.732086],[4.143632,44.732174],[4.143477,44.732175],[4.143192,44.731919],[4.142621,44.731635],[4.142398,44.731619],[4.14095,44.731767],[4.140172,44.731587],[4.139571,44.731283],[4.13911,44.730925],[4.138815,44.730559],[4.138075,44.73002],[4.137613,44.729751],[4.136827,44.729465],[4.136073,44.729282],[4.134279,44.728651],[4.133708,44.728428],[4.131664,44.727845],[4.130671,44.727499],[4.129201,44.727472],[4.128656,44.727543],[4.128115,44.727675],[4.127604,44.727671],[4.127142,44.727494],[4.125902,44.726848],[4.125323,44.726809],[4.124196,44.727235],[4.123285,44.727388],[4.122513,44.727442],[4.121552,44.727355],[4.120962,44.727245],[4.119988,44.72724],[4.119584,44.727198],[4.119401,44.726657],[4.119181,44.726272],[4.119037,44.725871],[4.118887,44.725649],[4.118366,44.72557],[4.117969,44.725494],[4.117575,44.725369],[4.116891,44.725054],[4.116,44.724807],[4.115262,44.724524],[4.11423,44.724068],[4.11409,44.723543],[4.11394,44.721976],[4.113699,44.72145],[4.114047,44.721073],[4.114642,44.719602],[4.114605,44.719274],[4.114648,44.719138],[4.114788,44.718988],[4.115089,44.718869],[4.115134,44.71866],[4.115066,44.718523],[4.114375,44.71829],[4.114,44.717659],[4.113764,44.717459],[4.112124,44.716683],[4.11166,44.716598],[4.110774,44.716087],[4.110601,44.715885],[4.110513,44.715698],[4.11019,44.715568],[4.11003,44.715572],[4.109729,44.715199],[4.109622,44.715198],[4.109412,44.715443],[4.109203,44.715794],[4.108934,44.715549],[4.107817,44.715327],[4.107082,44.715258],[4.106336,44.715166],[4.105282,44.714989],[4.104687,44.714727],[4.104064,44.714514],[4.102626,44.713941],[4.102702,44.713796],[4.101768,44.713132],[4.101366,44.712705],[4.101191,44.712362],[4.101017,44.712198],[4.100706,44.712499],[4.100673,44.712001],[4.100513,44.711767],[4.09981,44.711112],[4.099429,44.710632],[4.098914,44.709518],[4.098667,44.709251],[4.098252,44.709144],[4.097428,44.709137],[4.096734,44.709015],[4.095278,44.708649],[4.09458,44.708413],[4.09333,44.70818],[4.09264,44.708197],[4.091806,44.708394],[4.090316,44.708993],[4.089945,44.709023],[4.089298,44.708765],[4.088545,44.708523],[4.08773,44.70807],[4.085809,44.707592],[4.085383,44.707575],[4.084484,44.707703],[4.084068,44.707616],[4.083544,44.707399],[4.082722,44.706857],[4.082177,44.706663],[4.081683,44.706667],[4.080708,44.706461],[4.079988,44.705797],[4.079631,44.705182],[4.079484,44.704692],[4.078476,44.704005],[4.078012,44.703643],[4.077424,44.703303],[4.07699,44.70317],[4.075608,44.702568],[4.074667,44.702091],[4.072704,44.701077],[4.072065,44.700759],[4.070536,44.70012],[4.068767,44.699129],[4.068369,44.698838],[4.067827,44.698613],[4.067119,44.69845],[4.065982,44.698065],[4.065445,44.697557],[4.064641,44.697107],[4.06419,44.697081],[4.061535,44.697294],[4.060714,44.697473],[4.060656,44.697793],[4.060156,44.697945],[4.058933,44.698113],[4.05829,44.698052],[4.057302,44.698159],[4.056583,44.698553],[4.055913,44.699014],[4.054765,44.699514],[4.054014,44.699719],[4.053757,44.699735],[4.053549,44.699655],[4.053325,44.699544],[4.052956,44.699213],[4.052616,44.69907],[4.052335,44.69903],[4.051686,44.698542],[4.050582,44.698053],[4.049991,44.697427],[4.049484,44.69718],[4.048656,44.696616],[4.048174,44.69655],[4.047537,44.696576],[4.046166,44.696433],[4.045783,44.696471],[4.045411,44.696436],[4.04502,44.696466],[4.04469,44.696426],[4.044146,44.696265],[4.043849,44.696204],[4.043789,44.696126],[4.043097,44.695758],[4.042741,44.695768],[4.042185,44.695916],[4.041816,44.695887],[4.040592,44.695685],[4.040093,44.695609],[4.039156,44.695576],[4.038766,44.695519],[4.037921,44.695452],[4.036422,44.695401],[4.0349,44.695364],[4.03357,44.695197],[4.032878,44.695297],[4.032879,44.695731],[4.033297,44.696264],[4.033039,44.696418],[4.032053,44.696032],[4.031146,44.695892],[4.030389,44.696006],[4.028576,44.696803],[4.026248,44.69758],[4.02554,44.697896],[4.024456,44.698022],[4.022911,44.6976],[4.021832,44.697451],[4.021151,44.697634],[4.020931,44.697557],[4.020819,44.69742],[4.020996,44.697039],[4.020588,44.696318],[4.019971,44.69557],[4.019961,44.695285],[4.01958,44.694575],[4.019636,44.694293],[4.019585,44.694068],[4.019853,44.693775],[4.01951,44.692759],[4.01951,44.692456],[4.020358,44.690865],[4.020637,44.690148],[4.020578,44.69003],[4.020819,44.689297],[4.020856,44.6889],[4.020829,44.688325],[4.020578,44.68768],[4.020221,44.687213],[4.019858,44.686887],[4.019526,44.686485],[4.019274,44.686079],[4.019226,44.685903],[4.019253,44.685705],[4.019492,44.685095],[4.019655,44.684831],[4.019977,44.684641],[4.021076,44.683435],[4.021447,44.682882],[4.02164,44.682474],[4.021839,44.681853],[4.021967,44.681361],[4.022257,44.680724],[4.023183,44.679784],[4.023335,44.679572],[4.024521,44.678492],[4.024885,44.678073],[4.025765,44.67686],[4.026068,44.676614],[4.026301,44.676231],[4.026199,44.675227],[4.025696,44.674472],[4.025566,44.673549],[4.025336,44.67316],[4.024724,44.672694],[4.024292,44.672141],[4.024161,44.671878],[4.023421,44.670684],[4.023919,44.669917],[4.024768,44.668189],[4.024764,44.667457],[4.024717,44.667107],[4.02451,44.666312],[4.023985,44.665545],[4.023738,44.665269],[4.02366,44.664814],[4.023802,44.664636],[4.024992,44.664053],[4.025245,44.663788],[4.025594,44.663546],[4.025883,44.663122],[4.026017,44.662759],[4.02606,44.662351],[4.025867,44.661817],[4.025687,44.661649],[4.02549,44.661243],[4.025212,44.660981],[4.024789,44.660715],[4.025175,44.660478],[4.025813,44.659913],[4.026007,44.659615],[4.026522,44.659169],[4.027664,44.658562],[4.028093,44.658189],[4.028319,44.657738],[4.028552,44.657326],[4.028689,44.656906],[4.028839,44.656151],[4.029097,44.655644],[4.02921,44.655296],[4.029214,44.654677],[4.029415,44.654177],[4.029697,44.65373],[4.029957,44.653043],[4.030341,44.65224],[4.03055,44.651945],[4.03086,44.6518],[4.031143,44.651788],[4.031784,44.651674],[4.032232,44.651709],[4.032669,44.651678],[4.033452,44.651768],[4.034021,44.651788],[4.035845,44.651594],[4.036902,44.651648],[4.038447,44.651568],[4.040345,44.651098],[4.043919,44.649648],[4.04475,44.648564],[4.045453,44.647755],[4.04534,44.647618],[4.045774,44.647011],[4.045297,44.646431],[4.044754,44.646157],[4.044615,44.646003],[4.044254,44.645844],[4.044001,44.645822],[4.04372,44.64595],[4.043577,44.645875],[4.04337,44.645908],[4.043148,44.645816],[4.042518,44.645736],[4.041515,44.645385],[4.041241,44.64516],[4.041655,44.644885],[4.042998,44.644377],[4.043859,44.64413],[4.04413,44.64409],[4.044401,44.643984],[4.044666,44.643965],[4.044873,44.643847],[4.045656,44.643748],[4.045758,44.643597],[4.045919,44.643522],[4.046134,44.643335],[4.046256,44.643071],[4.046646,44.642402],[4.046832,44.642247],[4.047362,44.64206],[4.047546,44.641911],[4.047794,44.641761],[4.048156,44.64142],[4.048537,44.641332],[4.048736,44.641168],[4.049246,44.641064],[4.049481,44.640896],[4.050104,44.640705],[4.050281,44.640492],[4.050571,44.640282],[4.050748,44.639939],[4.050978,44.639679],[4.050729,44.638766],[4.05078,44.638495],[4.050538,44.638396],[4.050538,44.637675],[4.050747,44.637355],[4.051026,44.63648],[4.050613,44.635938],[4.0502,44.635653],[4.049723,44.635354],[4.048424,44.634946],[4.047588,44.634594],[4.046858,44.633968],[4.045914,44.633526],[4.04497,44.633354],[4.04476,44.633077],[4.044626,44.63298],[4.044439,44.63261],[4.043964,44.63218],[4.043517,44.631865],[4.043114,44.63171],[4.042862,44.6317],[4.042513,44.631643],[4.04225,44.631514],[4.041847,44.631457],[4.041349,44.631353],[4.040625,44.631135],[4.04011,44.631147],[4.039445,44.631219],[4.038736,44.631014],[4.038093,44.630502],[4.037991,44.630212],[4.037711,44.63],[4.037481,44.629773],[4.037224,44.62967],[4.036931,44.629368],[4.036805,44.629311],[4.036572,44.629336],[4.035764,44.629311],[4.035335,44.629239],[4.034825,44.628987],[4.034348,44.628944],[4.034015,44.628834],[4.033611,44.628839],[4.03334,44.628929],[4.033114,44.629044],[4.032846,44.62896],[4.032511,44.629027],[4.032101,44.629238],[4.031891,44.629222],[4.031698,44.629305],[4.031472,44.629315],[4.031204,44.629506],[4.030277,44.629884],[4.030079,44.630105],[4.029606,44.630242],[4.029354,44.630387],[4.028383,44.630456],[4.027417,44.630838],[4.027111,44.630819],[4.026916,44.630674],[4.026624,44.630582],[4.02598,44.630624],[4.025448,44.630769],[4.02423,44.630491],[4.023705,44.630541],[4.023121,44.630458],[4.022992,44.630407],[4.022681,44.630341],[4.022483,44.630408],[4.022217,44.630349],[4.02149,44.630376],[4.021296,44.630346],[4.020996,44.630452],[4.020615,44.630448],[4.02031,44.630406],[4.020183,44.63026],[4.019896,44.630021],[4.019507,44.629933],[4.019268,44.629849],[4.018684,44.629695],[4.018084,44.62962],[4.017966,44.629558],[4.017579,44.629443],[4.017193,44.62928],[4.017099,44.629075],[4.016726,44.628763],[4.016493,44.628405],[4.01634,44.628307],[4.016066,44.627982],[4.015487,44.62754],[4.015004,44.62702],[4.014682,44.626804],[4.014328,44.626692],[4.013035,44.626661],[4.012241,44.626531],[4.011624,44.626768],[4.011077,44.627013],[4.010836,44.627058],[4.01008,44.627301],[4.009458,44.627558],[4.008802,44.62765],[4.008272,44.627817],[4.007629,44.628056],[4.007305,44.628131],[4.006788,44.628351],[4.006049,44.628532],[4.005562,44.628717],[4.004978,44.628857],[4.004602,44.628853],[4.004055,44.628933],[4.003768,44.628914],[4.003514,44.628746],[4.002478,44.628345],[4.001395,44.628124],[4.0011,44.627979],[4.000139,44.627799],[3.998814,44.62783],[3.998163,44.627891],[3.997902,44.627952],[3.996937,44.627982],[3.995547,44.627715],[3.994887,44.627533],[3.992902,44.627223],[3.992382,44.627066],[3.991921,44.626837],[3.991754,44.6266],[3.991582,44.626524],[3.991518,44.626386],[3.991226,44.626239],[3.991094,44.626123],[3.990912,44.626112],[3.990923,44.625741],[3.991175,44.625447],[3.990414,44.624996],[3.990344,44.624748],[3.990403,44.624287],[3.989974,44.623707],[3.989642,44.623462],[3.988654,44.623103],[3.987645,44.622301],[3.986927,44.621889],[3.986938,44.62153],[3.987689,44.62127],[3.988258,44.620835],[3.988429,44.620385],[3.988761,44.619839],[3.988659,44.619303],[3.9886,44.618323],[3.988729,44.617697],[3.988633,44.617124],[3.988181,44.61613],[3.987796,44.615692],[3.987474,44.615528],[3.986787,44.615428],[3.985875,44.61568],[3.984705,44.616612],[3.984169,44.617368],[3.983364,44.617818],[3.982324,44.618178],[3.979303,44.618873],[3.977743,44.619098],[3.976852,44.618946],[3.976584,44.618788],[3.975387,44.618484],[3.974889,44.618437],[3.974358,44.618567],[3.973763,44.618743],[3.973416,44.618953],[3.972673,44.619132],[3.972328,44.61909],[3.972057,44.61914],[3.971691,44.619337],[3.971252,44.619395],[3.970018,44.619186],[3.96911,44.619157],[3.96788,44.619197],[3.967352,44.619178],[3.966959,44.619204],[3.966507,44.619314],[3.965385,44.619444],[3.964777,44.619497],[3.964528,44.619583],[3.964278,44.619548],[3.963914,44.619273],[3.963436,44.619207],[3.963313,44.619134],[3.962894,44.61914],[3.961993,44.618961],[3.961618,44.618827],[3.961234,44.618582],[3.960893,44.618294],[3.960051,44.617658],[3.959945,44.617447],[3.95915,44.616833],[3.958785,44.616734],[3.958351,44.615894],[3.958216,44.615482],[3.95742,44.614918],[3.956925,44.614446],[3.956581,44.614172],[3.956247,44.613799],[3.95588,44.613488],[3.955776,44.613333],[3.955216,44.612849],[3.954982,44.612709],[3.954856,44.61243],[3.954623,44.612289],[3.95457,44.612048],[3.954411,44.611762],[3.954225,44.611021],[3.954697,44.610533],[3.955084,44.60996],[3.955148,44.609181],[3.95474,44.608722],[3.954247,44.608486],[3.954203,44.608088],[3.953721,44.60766],[3.952997,44.607187],[3.952227,44.60645],[3.951737,44.606125],[3.951736,44.605285],[3.952025,44.604826],[3.952069,44.604124],[3.951503,44.604246],[3.950658,44.604338],[3.949765,44.604548],[3.948678,44.604941],[3.947755,44.605438],[3.946994,44.605942],[3.94642,44.606484],[3.946211,44.606599],[3.946511,44.606202],[3.946639,44.605774],[3.946602,44.604995],[3.946683,44.604712],[3.946478,44.604544],[3.946167,44.604601],[3.945631,44.605171],[3.944913,44.60556],[3.943893,44.605712],[3.942692,44.605583],[3.941125,44.605201],[3.939816,44.605224],[3.938787,44.605071],[3.937553,44.60467],[3.936662,44.60394],[3.936222,44.602963],[3.936148,44.602191],[3.936238,44.601649],[3.936136,44.600923],[3.935525,44.600595],[3.934913,44.600159],[3.934345,44.599922],[3.933936,44.599763],[3.933262,44.59951],[3.932146,44.599633],[3.930654,44.599449],[3.929796,44.599388],[3.929399,44.598754],[3.929098,44.598388],[3.928594,44.598159],[3.927479,44.59822],[3.926587,44.598448],[3.926212,44.598371],[3.92589,44.597753],[3.925483,44.597524],[3.924045,44.597249],[3.92288,44.596703],[3.922291,44.596619],[3.921931,44.596806],[3.921728,44.597455],[3.921588,44.597439],[3.921652,44.596255],[3.921502,44.59598],[3.920741,44.595821],[3.919646,44.596042],[3.91911,44.596233],[3.918906,44.596546],[3.91794,44.596825],[3.917447,44.597102],[3.917104,44.597417],[3.917018,44.598272],[3.917125,44.599181],[3.9169,44.599319],[3.916433,44.599243],[3.915987,44.599235],[3.915301,44.598792],[3.914303,44.598242],[3.91353,44.598074],[3.913183,44.597626],[3.913134,44.597134],[3.912962,44.596882],[3.911916,44.596109],[3.910924,44.595213],[3.90969,44.594338],[3.909099,44.593826],[3.908188,44.593192],[3.906622,44.592818],[3.906375,44.59265],[3.905913,44.592215],[3.905795,44.591771],[3.90514,44.59187],[3.9044,44.592046]]],"type":"MultiLineString"},"properties":{"geo_point":{"lon":4.209762617795537,"lat":44.87140980096408},"name":"GR7 Du Col de la Charousse (Haute-Loire, Ardèche) à La Bastide-Puylaurent (Lozère) (2020)","code_gr":"GR7"}},{"type":"Feature","geometry":{"coordinates":[[[1.876076,43.086403],[1.876055,43.085145],[1.876162,43.084576],[1.876452,43.084475],[1.876549,43.084296],[1.879113,43.083999],[1.899948,43.08268],[1.900946,43.081123],[1.901278,43.079936],[1.902319,43.07961],[1.902898,43.078944],[1.90543,43.077672],[1.907619,43.075104],[1.908035,43.074327],[1.908193,43.073972],[1.908349,43.073109],[1.907683,43.072204],[1.908225,43.071422],[1.908601,43.070698],[1.909637,43.069889],[1.910581,43.068504],[1.910452,43.067969],[1.910159,43.067601],[1.910871,43.067029],[1.911605,43.066348],[1.911634,43.066066],[1.911535,43.065769],[1.911653,43.065585],[1.911964,43.064602],[1.913241,43.064436],[1.914389,43.064426],[1.915483,43.064627],[1.916234,43.064726],[1.916932,43.065158],[1.917624,43.065472],[1.91776,43.065401],[1.918363,43.065299],[1.919064,43.065048],[1.920215,43.064821],[1.921011,43.064491],[1.922104,43.064272],[1.922589,43.064091],[1.922843,43.064048],[1.924549,43.064376],[1.925233,43.06401],[1.925376,43.063782],[1.926948,43.06334],[1.929812,43.062482],[1.930933,43.062317],[1.932609,43.061695],[1.933394,43.060815],[1.93354,43.060265],[1.933336,43.059675],[1.933229,43.058976],[1.933262,43.057916],[1.934441,43.056534],[1.934645,43.055953],[1.934527,43.054581],[1.934474,43.053092],[1.936104,43.052284],[1.934409,43.050472],[1.934752,43.050233],[1.935289,43.049977],[1.935224,43.049854],[1.936018,43.049587],[1.935675,43.048679],[1.935782,43.048051],[1.935482,43.047147],[1.935783,43.046859],[1.93619,43.047032],[1.936598,43.046847],[1.937167,43.04671],[1.936587,43.045551],[1.938272,43.04512],[1.939044,43.044547],[1.939408,43.044444],[1.940181,43.044483],[1.94142,43.043829],[1.942767,43.043144],[1.942649,43.041943],[1.941962,43.036597],[1.942016,43.035927],[1.942273,43.035238],[1.942659,43.03458],[1.943405,43.033886],[1.944323,43.033365],[1.949258,43.03149],[1.950341,43.0308],[1.953308,43.027908],[1.953954,43.027437],[1.954712,43.02704],[1.955845,43.026628],[1.956843,43.026442],[1.960169,43.026165],[1.961232,43.025902],[1.961993,43.025555],[1.962824,43.024985],[1.963406,43.024382],[1.963897,43.023321],[1.963967,43.022919],[1.963937,43.02082],[1.961497,43.015565],[1.961985,43.012473],[1.964359,43.009286],[1.966538,43.008074],[1.972946,43.00736],[1.98202,43.00893],[1.983906,43.008763],[1.98576,43.008026],[1.986801,43.006789],[1.987646,43.004482],[1.988492,43.003245],[1.989468,43.003198],[1.988882,43.005885],[1.989598,43.005862],[1.989858,43.005671],[1.991809,43.005529],[1.992167,43.004435],[1.992492,43.004601],[1.992635,43.004639],[1.99286,43.004952],[1.993262,43.004834],[1.993686,43.004818],[1.994094,43.00463],[1.996003,43.004546],[1.996508,43.004363],[1.996948,43.004344],[1.997655,43.004191],[1.998343,43.004318],[1.99919,43.004119],[1.999093,43.004564],[1.999179,43.004742],[1.999876,43.004546],[2.00096,43.004867],[2.001657,43.004813],[2.003632,43.005439],[2.005509,43.005825],[2.005584,43.005496],[2.006153,43.00552],[2.008094,43.005032],[2.008846,43.004687],[2.009897,43.003904],[2.012354,43.003345],[2.014291,43.00247],[2.014994,43.002227],[2.017386,43.002128],[2.018014,43.002145],[2.019049,43.00206],[2.019746,43.001712],[2.020111,43.000683],[2.019124,43.000701],[2.018373,43.000138],[2.018298,42.998527],[2.016099,42.999031],[2.015734,42.999485],[2.015471,42.999438],[2.01406,42.998929],[2.013127,42.998345],[2.012332,42.997673],[2.011679,42.996558],[2.01186,42.995115],[2.011185,42.99476],[2.010831,42.994069],[2.010289,42.993415],[2.009811,42.992932],[2.009439,42.99225],[2.009184,42.992014],[2.009014,42.991732],[2.008822,42.991512],[2.00846,42.990955],[2.007591,42.990099],[2.007274,42.990068],[2.006797,42.990261],[2.006395,42.990032],[2.005971,42.989614],[2.004817,42.988607],[2.004796,42.988454],[2.005198,42.987825],[2.004822,42.98609],[2.004662,42.985929],[2.00463,42.985634],[2.005606,42.985312],[2.006582,42.985068],[2.007301,42.984002],[2.007703,42.984146],[2.00803,42.984368],[2.007966,42.984565],[2.009082,42.9852],[2.010278,42.985479],[2.010568,42.98541],[2.011397,42.985489],[2.011968,42.985459],[2.012901,42.985642],[2.013427,42.985591],[2.013851,42.985618],[2.013642,42.986301],[2.014162,42.986473],[2.014436,42.986673],[2.014886,42.986764],[2.015879,42.986728],[2.015884,42.987217],[2.016206,42.987297],[2.016324,42.987427],[2.017879,42.987482],[2.018759,42.987553],[2.019618,42.98737],[2.019586,42.98717],[2.020047,42.986825],[2.02069,42.986622],[2.020734,42.986158],[2.020883,42.985878],[2.022063,42.985372],[2.023179,42.98467],[2.024478,42.984355],[2.024907,42.98449],[2.025551,42.984307],[2.026055,42.983814],[2.02628,42.982901],[2.027353,42.98222],[2.027621,42.982251],[2.028318,42.982173],[2.028566,42.982783],[2.028566,42.982914],[2.029424,42.983185],[2.030261,42.983092],[2.031114,42.983333],[2.03201,42.983716],[2.033254,42.984058],[2.034959,42.983437],[2.035442,42.982973],[2.036129,42.9824],[2.03659,42.982129],[2.037674,42.981387],[2.037892,42.981287],[2.038141,42.981265],[2.038404,42.981308],[2.038505,42.981502],[2.039305,42.981243],[2.039632,42.981004],[2.03986,42.980965],[2.041041,42.981049],[2.042137,42.981201],[2.042696,42.981628],[2.043782,42.982263],[2.045441,42.983691],[2.048076,42.984595],[2.048607,42.985435],[2.049444,42.985863],[2.05277,42.986801],[2.053124,42.987179],[2.05572,42.987682],[2.056514,42.987682],[2.058198,42.987492],[2.059304,42.986568],[2.059067,42.985916],[2.058574,42.985516],[2.05851,42.984753],[2.058671,42.984535],[2.059443,42.985233],[2.060602,42.98539],[2.061299,42.985947],[2.061685,42.98674],[2.061685,42.985909],[2.063316,42.985435],[2.063563,42.984974],[2.063788,42.983772],[2.064389,42.982872],[2.065773,42.981907],[2.067007,42.981285],[2.067715,42.980408],[2.069861,42.979549],[2.071234,42.979431],[2.073659,42.978844],[2.076641,42.977692],[2.077264,42.977196],[2.077864,42.976536],[2.078809,42.976238],[2.080804,42.976364],[2.080944,42.976166],[2.08045,42.974941],[2.080761,42.974049],[2.080386,42.973309],[2.080332,42.972557],[2.080643,42.971542],[2.080847,42.970051],[2.081662,42.967163],[2.08163,42.966145],[2.081845,42.964676],[2.081823,42.96389],[2.082038,42.963074],[2.082049,42.962494],[2.082864,42.961235],[2.082939,42.960583],[2.081169,42.957497],[2.079903,42.956306],[2.080203,42.955284],[2.081083,42.954201],[2.080944,42.954044],[2.080579,42.952953],[2.078809,42.952332],[2.078122,42.951599],[2.076341,42.951302],[2.075354,42.948349],[2.073605,42.94838],[2.076942,42.947346],[2.077779,42.946346],[2.078422,42.946072],[2.080622,42.946198],[2.081265,42.945969],[2.081276,42.94558],[2.080911,42.945328],[2.080461,42.94487],[2.080021,42.944172],[2.080954,42.943058],[2.080783,42.942844],[2.079238,42.942341],[2.078723,42.941887],[2.078667,42.94127],[2.078384,42.941063],[2.077435,42.941101],[2.077221,42.94088],[2.076824,42.940456],[2.076019,42.9403],[2.075311,42.939854],[2.074796,42.939308],[2.073026,42.939159],[2.072757,42.937992],[2.072811,42.937],[2.072371,42.936489],[2.073551,42.935947],[2.074109,42.935871],[2.074034,42.935642],[2.072843,42.935886],[2.073916,42.93502],[2.075129,42.934776],[2.07662,42.933868],[2.07721,42.933907],[2.077886,42.934269],[2.078036,42.934086],[2.077178,42.933601],[2.075912,42.933334],[2.075096,42.932499],[2.075064,42.932289],[2.075204,42.932304],[2.075289,42.931587],[2.075096,42.930977],[2.074088,42.930481],[2.073712,42.929878],[2.074195,42.929218],[2.073884,42.928799],[2.072811,42.928692],[2.072521,42.928596],[2.071996,42.928677],[2.071148,42.928478],[2.06941,42.928352],[2.067844,42.928478],[2.066964,42.928085],[2.065698,42.928524],[2.064668,42.928745],[2.064271,42.928486],[2.062308,42.928471],[2.061599,42.928078],[2.060055,42.927975],[2.057866,42.928291],[2.055345,42.929642],[2.055398,42.929092],[2.055913,42.928322],[2.055924,42.927426],[2.055945,42.927017],[2.055237,42.926311],[2.054991,42.926292],[2.053767,42.925312],[2.052705,42.924747],[2.052115,42.924206],[2.053499,42.924377],[2.054722,42.924274],[2.055699,42.924072],[2.056525,42.924164],[2.056653,42.923969],[2.056407,42.923519],[2.055269,42.922745],[2.054808,42.922577],[2.053607,42.921619],[2.053499,42.920662],[2.053918,42.920464],[2.055398,42.920483],[2.059754,42.921337],[2.061106,42.921352],[2.062147,42.921658],[2.064003,42.921989],[2.065161,42.921997],[2.066427,42.922272],[2.069399,42.922085],[2.070612,42.922218],[2.071288,42.922092],[2.071105,42.921448],[2.067876,42.920506],[2.069099,42.920017],[2.07059,42.91975],[2.072092,42.919044],[2.074517,42.918526],[2.077178,42.917332],[2.079839,42.916561],[2.082016,42.916191],[2.083679,42.91568],[2.084817,42.915272],[2.086093,42.915333],[2.088668,42.914761],[2.091254,42.913677],[2.092338,42.912975],[2.092348,42.91296],[2.092949,42.912819],[2.093464,42.912582],[2.094494,42.912426],[2.095503,42.912071],[2.096039,42.912003],[2.097015,42.911556],[2.099826,42.910511],[2.101521,42.90889],[2.10224,42.907532],[2.102627,42.906479],[2.102959,42.906021],[2.103045,42.905388],[2.103528,42.90424],[2.104257,42.903461],[2.105148,42.902691],[2.106618,42.901852],[2.107884,42.901276],[2.108946,42.90107],[2.109203,42.900436],[2.110244,42.899704],[2.110845,42.899349],[2.110974,42.898682],[2.111531,42.897667],[2.112529,42.897266],[2.113817,42.897301],[2.114536,42.897163],[2.114396,42.896538],[2.113613,42.895042],[2.113377,42.894753],[2.113581,42.893936],[2.113999,42.893448],[2.113398,42.891365],[2.113194,42.890965],[2.113463,42.890526],[2.11446,42.890282],[2.113967,42.888409],[2.112916,42.887474],[2.112658,42.886749],[2.111338,42.885887],[2.110416,42.885326],[2.110147,42.884281],[2.109075,42.883797],[2.107712,42.883526],[2.10753,42.883339],[2.10768,42.88311],[2.107444,42.882858],[2.106586,42.882317],[2.105727,42.882034],[2.105298,42.881962],[2.105223,42.881821],[2.105405,42.881718],[2.106478,42.881657],[2.105255,42.881435],[2.104794,42.88147],[2.104375,42.881248],[2.104032,42.881184],[2.103624,42.880833],[2.102466,42.880604],[2.101897,42.880413],[2.101264,42.88044],[2.101232,42.880634],[2.101554,42.880962],[2.101511,42.881435],[2.100867,42.882168],[2.099773,42.882576],[2.099676,42.881962],[2.099794,42.881374],[2.10003,42.880974],[2.100052,42.880486],[2.099193,42.88002],[2.098346,42.879929],[2.097863,42.880123],[2.096232,42.880264],[2.093604,42.878754],[2.093046,42.878345],[2.091715,42.878048],[2.091254,42.878094],[2.090213,42.877655],[2.090449,42.877056],[2.089945,42.876713],[2.090042,42.876343],[2.089924,42.875965],[2.089731,42.875736],[2.089849,42.87532],[2.089741,42.874596],[2.089312,42.874409],[2.089441,42.873875],[2.089237,42.873646],[2.088078,42.87373],[2.087831,42.873512],[2.088153,42.873142],[2.09016,42.871655],[2.091812,42.871189],[2.091973,42.869431],[2.091683,42.869091],[2.091222,42.869045],[2.090321,42.869148],[2.08884,42.869045],[2.087896,42.869297],[2.086877,42.86932],[2.085943,42.869274],[2.085021,42.869602],[2.08442,42.869736],[2.083733,42.868343],[2.083958,42.867615],[2.083561,42.867535],[2.083315,42.867023],[2.082886,42.866936],[2.08266,42.866119],[2.082521,42.866001],[2.082092,42.864216],[2.081115,42.862858],[2.080504,42.862629],[2.07986,42.862762],[2.079431,42.863022],[2.078851,42.863068],[2.078079,42.862],[2.077736,42.861816],[2.077618,42.861252],[2.076319,42.860168],[2.076266,42.859638],[2.075236,42.858711],[2.075182,42.858074],[2.075547,42.857452],[2.076008,42.856998],[2.076695,42.855694],[2.076749,42.855095],[2.076073,42.854378],[2.076384,42.8536],[2.076824,42.85334],[2.076974,42.85305],[2.074603,42.852192],[2.074496,42.851898],[2.073777,42.851208],[2.073895,42.850494],[2.071116,42.850571],[2.070462,42.849926],[2.069764,42.849487],[2.070322,42.84874],[2.069668,42.847401],[2.068487,42.847393],[2.068262,42.845798],[2.068412,42.845615],[2.068799,42.843838],[2.068573,42.843475],[2.068691,42.842224],[2.068595,42.841469],[2.068101,42.841625],[2.067382,42.84198],[2.066009,42.842075],[2.063627,42.842422],[2.059915,42.843422],[2.057844,42.844059],[2.055624,42.844334],[2.053671,42.844444],[2.050484,42.84494],[2.049648,42.845104],[2.048349,42.844845],[2.048038,42.843903],[2.048661,42.843014],[2.049444,42.842335],[2.050066,42.841328],[2.049519,42.839275],[2.051021,42.838985],[2.051772,42.838238],[2.052512,42.836231],[2.051826,42.835514],[2.051482,42.834122],[2.05145,42.833626],[2.051139,42.832958],[2.051343,42.832417],[2.050431,42.832153],[2.048585,42.8321],[2.047073,42.831894],[2.046247,42.831516],[2.046021,42.830635],[2.04644,42.830139],[2.047545,42.829906],[2.048746,42.829559],[2.04954,42.829079],[2.050409,42.828369],[2.050442,42.828026],[2.049851,42.827641],[2.048349,42.827133],[2.04674,42.826797],[2.045667,42.826866],[2.045517,42.826229],[2.045839,42.825851],[2.047437,42.825539],[2.047899,42.825008],[2.048339,42.825169],[2.0488,42.825153],[2.049036,42.824993],[2.050602,42.825405],[2.051643,42.825459],[2.052008,42.824852],[2.052298,42.82362],[2.052941,42.822861],[2.053263,42.822289],[2.053564,42.822117],[2.054272,42.822128],[2.05483,42.821266],[2.05469,42.820549],[2.054894,42.819935],[2.055774,42.820148],[2.056707,42.820107],[2.057887,42.819881],[2.058402,42.819572],[2.058671,42.819344],[2.061321,42.819157],[2.061782,42.818573],[2.061878,42.81818],[2.061245,42.817528],[2.061385,42.817268],[2.062415,42.816292],[2.06264,42.816101],[2.062715,42.815441],[2.063681,42.813145],[2.064121,42.812775],[2.064089,42.812012],[2.063252,42.811844],[2.063069,42.811562],[2.064282,42.809719],[2.06396,42.809067],[2.064357,42.808704],[2.066642,42.807091],[2.066824,42.805618],[2.066749,42.80518],[2.066921,42.804966],[2.067069,42.800047],[2.067882,42.798711],[2.068638,42.79863],[2.068155,42.797092],[2.066685,42.795425],[2.066041,42.795071],[2.065816,42.79459],[2.065719,42.793888],[2.06514,42.793007],[2.064786,42.792362],[2.063981,42.792076],[2.062833,42.792171],[2.061514,42.791378],[2.061278,42.790726],[2.061417,42.790039],[2.061406,42.789188],[2.06117,42.788811],[2.061095,42.788254],[2.061256,42.787426],[2.061042,42.786606],[2.060612,42.786465],[2.060055,42.786518],[2.060065,42.786095],[2.059765,42.785416],[2.060087,42.784424],[2.060645,42.784172],[2.061353,42.784039],[2.063327,42.782795],[2.065194,42.782394],[2.067232,42.78178],[2.06867,42.781063],[2.071202,42.780087],[2.073648,42.778732],[2.075096,42.778133],[2.075032,42.777851],[2.075901,42.77758],[2.076105,42.77726],[2.076008,42.777084],[2.07706,42.774849],[2.077231,42.7743],[2.077435,42.773945],[2.077467,42.773323],[2.07684,42.772492],[2.076773,42.772227],[2.076877,42.772032],[2.07707,42.771855],[2.077156,42.771445],[2.077146,42.77109],[2.077275,42.771084],[2.077575,42.771378],[2.077607,42.77097],[2.076572,42.770513],[2.075901,42.770344],[2.075909,42.769874],[2.075756,42.769412],[2.075305,42.768863],[2.075781,42.76807],[2.076177,42.767561],[2.077108,42.766187],[2.077167,42.765654],[2.077398,42.7654],[2.079184,42.764328],[2.079664,42.76385],[2.079962,42.763364],[2.080016,42.763078],[2.07941,42.76286],[2.079152,42.762623],[2.07905,42.762244],[2.079203,42.761706],[2.079302,42.761212],[2.079702,42.760728],[2.079869,42.760346],[2.080236,42.759972],[2.080195,42.759627],[2.080278,42.759329],[2.080745,42.758926],[2.080879,42.758607],[2.080869,42.758036],[2.080739,42.7578],[2.079544,42.757176],[2.078573,42.756952],[2.077419,42.75684],[2.076743,42.756551],[2.076295,42.756497],[2.075803,42.75658],[2.075337,42.756703],[2.074496,42.757217],[2.073809,42.757485],[2.073481,42.757429],[2.072895,42.757028],[2.072588,42.756879],[2.07206,42.756439],[2.071914,42.756429],[2.071521,42.756506],[2.070912,42.756534],[2.070488,42.757017],[2.070322,42.757149],[2.069815,42.757142],[2.069518,42.757175],[2.069136,42.757128],[2.068798,42.757035],[2.068556,42.757038],[2.068282,42.757111],[2.067664,42.757495],[2.067425,42.757479],[2.066873,42.757129],[2.066205,42.756421],[2.066004,42.756351],[2.065655,42.756368],[2.065053,42.756595],[2.064483,42.75687],[2.064201,42.757092],[2.063989,42.757356],[2.063761,42.757372],[2.063214,42.757026],[2.061709,42.757192],[2.060768,42.757232],[2.060282,42.757178],[2.059974,42.757199],[2.059067,42.757469],[2.058338,42.757456],[2.057619,42.757491],[2.056868,42.757422],[2.056024,42.757524],[2.055626,42.757615],[2.055446,42.757718],[2.054663,42.758773],[2.054218,42.759082],[2.053966,42.759339],[2.053832,42.759751],[2.053719,42.759883],[2.053574,42.760194],[2.053489,42.75992],[2.053585,42.759107],[2.054025,42.758593],[2.054406,42.758009],[2.054454,42.757427],[2.054628,42.757021],[2.054808,42.756843],[2.055299,42.756537],[2.055515,42.756349],[2.055884,42.756175],[2.056235,42.755937],[2.056744,42.7558],[2.057367,42.755731],[2.058391,42.755471],[2.058853,42.755325],[2.059765,42.754752],[2.060001,42.754691],[2.061087,42.754751],[2.061497,42.754725],[2.061943,42.754623],[2.062238,42.754522],[2.062506,42.754314],[2.062906,42.753803],[2.063129,42.753571],[2.064646,42.752873],[2.065083,42.752755],[2.065617,42.752716],[2.067892,42.752795],[2.068637,42.752725],[2.068911,42.752603],[2.069056,42.752421],[2.069485,42.751516],[2.069651,42.751327],[2.069822,42.751328],[2.070239,42.751544],[2.07066,42.751655],[2.071033,42.751654],[2.071465,42.751605],[2.072014,42.751396],[2.072512,42.751321],[2.07258,42.751136],[2.072336,42.750452],[2.072312,42.750123],[2.072479,42.749903],[2.072779,42.749802],[2.073836,42.749661],[2.07508,42.749419],[2.075498,42.749533],[2.075826,42.749541],[2.076163,42.749454],[2.077741,42.748227],[2.077843,42.747856],[2.077698,42.746515],[2.077746,42.746339],[2.077991,42.746042],[2.078252,42.745818],[2.078385,42.745674],[2.078953,42.745398],[2.079372,42.74535],[2.079618,42.74518],[2.080227,42.744893],[2.080499,42.744719],[2.081019,42.744678],[2.081458,42.744329],[2.081434,42.744193],[2.080627,42.743592],[2.080627,42.743349],[2.080259,42.742976],[2.07977,42.742672],[2.079141,42.742225],[2.078658,42.741826],[2.078712,42.741722],[2.079163,42.741404],[2.079613,42.741194],[2.080487,42.740934],[2.080579,42.74082],[2.080638,42.740628],[2.080838,42.740547],[2.082175,42.740269],[2.082301,42.740139],[2.082336,42.739726],[2.082515,42.739226],[2.082811,42.738789],[2.082714,42.738485],[2.082344,42.738104],[2.081899,42.737755],[2.081773,42.737544],[2.081486,42.737341],[2.080504,42.736911],[2.079989,42.73654],[2.07956,42.736331],[2.078717,42.736294],[2.077736,42.736084],[2.076883,42.736023],[2.076566,42.735938],[2.076494,42.735754],[2.076539,42.735008],[2.076647,42.734668],[2.076491,42.734414],[2.076078,42.734161],[2.075171,42.733852],[2.074705,42.733446],[2.074259,42.733334],[2.073712,42.733313],[2.073176,42.733205],[2.072618,42.733128],[2.072457,42.732946],[2.070799,42.732237],[2.068862,42.731292],[2.068176,42.730811],[2.066637,42.730881],[2.064636,42.730723],[2.064132,42.730575],[2.063402,42.73059],[2.062866,42.730494],[2.061728,42.730592],[2.060215,42.730144],[2.059722,42.730494],[2.058896,42.730671],[2.058247,42.73056],[2.057201,42.730472],[2.056524,42.730132],[2.056268,42.730103],[2.055532,42.729762],[2.05576,42.729498],[2.056106,42.729248],[2.058804,42.728317],[2.059464,42.727935],[2.059936,42.727561],[2.060441,42.727093],[2.06102,42.726394],[2.060507,42.726255],[2.060261,42.726301],[2.05985,42.726289],[2.059606,42.726243],[2.059299,42.726292],[2.058046,42.725897],[2.057792,42.725874],[2.056866,42.725583],[2.056492,42.725405],[2.056326,42.725403],[2.056107,42.725651],[2.055736,42.725448],[2.05524,42.725471],[2.054706,42.725403],[2.053864,42.724982],[2.053317,42.724842],[2.052684,42.724429],[2.051686,42.724066],[2.050881,42.723545],[2.05012,42.722748],[2.049047,42.722038],[2.047775,42.720778],[2.047244,42.72033],[2.04726,42.71996],[2.046322,42.719058],[2.045732,42.718722],[2.045013,42.717537],[2.044519,42.717144],[2.044133,42.716367],[2.043881,42.716178],[2.042352,42.713818],[2.041837,42.712907],[2.04159,42.712406],[2.040646,42.711289],[2.040839,42.711079],[2.040812,42.710877],[2.040272,42.710332],[2.039801,42.709573],[2.038831,42.708629],[2.03799,42.707867],[2.03774,42.707194],[2.037618,42.706619],[2.037573,42.705993],[2.037696,42.705763],[2.037937,42.705462],[2.038147,42.704911],[2.038377,42.70312],[2.038889,42.703185],[2.038829,42.703062],[2.038292,42.70278],[2.038224,42.702621],[2.038221,42.702281],[2.038307,42.702086],[2.038446,42.701946],[2.038319,42.701691],[2.038256,42.701452],[2.038001,42.700966],[2.037333,42.700338],[2.037046,42.699781],[2.036596,42.699343],[2.036033,42.699192],[2.03422,42.69742],[2.033993,42.695317],[2.033082,42.694552],[2.032433,42.693562],[2.031607,42.693028],[2.030137,42.6929],[2.029322,42.69291],[2.028965,42.693045],[2.028544,42.693058],[2.027814,42.693285],[2.027455,42.69346],[2.027138,42.693675],[2.02665,42.694117],[2.026302,42.694322],[2.02582,42.693993],[2.02543,42.693951],[2.025062,42.693755],[2.024789,42.693502],[2.02378,42.693118],[2.022954,42.692707],[2.022498,42.692358],[2.022268,42.692012],[2.021952,42.690948],[2.021384,42.690853],[2.020978,42.690695],[2.020486,42.690409],[2.020095,42.690066],[2.020031,42.689356],[2.019789,42.689053],[2.019629,42.688177],[2.019379,42.687883],[2.016957,42.686287],[2.016173,42.68615],[2.015699,42.685561],[2.01525,42.685334],[2.014929,42.685059],[2.014861,42.684652],[2.014905,42.683992],[2.014854,42.683758],[2.014557,42.683563],[2.014251,42.683174],[2.01402,42.682951],[2.013604,42.682278],[2.013472,42.68217],[2.013286,42.681904],[2.013065,42.681763],[2.012983,42.681527],[2.012719,42.681087],[2.012038,42.680775],[2.011724,42.68072],[2.011163,42.680428],[2.01115,42.680258],[2.010786,42.680098],[2.010653,42.679965],[2.010684,42.679835],[2.010355,42.679712],[2.010014,42.679388],[2.009423,42.679104],[2.009315,42.678937],[2.009025,42.678801],[2.00808,42.677843],[2.007704,42.677711],[2.007542,42.677559],[2.007601,42.677308],[2.007388,42.677179],[2.006949,42.67701],[2.006319,42.676491],[2.005783,42.675825],[2.005324,42.675445],[2.004726,42.675081],[2.00434,42.674978],[2.0039,42.674828],[2.003283,42.674697],[2.003041,42.674745],[2.002795,42.674719],[2.002331,42.674756],[2.001973,42.674589],[2.001729,42.674601],[2.001288,42.674349],[2.000818,42.674577],[2.000184,42.674577],[1.999518,42.674756],[1.998477,42.67472],[1.997973,42.674553],[1.997712,42.67423],[1.998135,42.673895],[1.998005,42.673692],[1.997355,42.67368],[1.996281,42.673249],[1.995403,42.672819],[1.995046,42.672771],[1.994606,42.672389],[1.994281,42.672281],[1.99407,42.67197],[1.994232,42.671851],[1.994151,42.671384],[1.993647,42.670954],[1.993582,42.670583],[1.993062,42.670009],[1.993387,42.669471],[1.992883,42.669686],[1.992281,42.669663],[1.992198,42.669657],[1.991866,42.669516],[1.991562,42.669153],[1.991536,42.668869],[1.99059,42.668044],[1.99042,42.667952],[1.990358,42.667819],[1.990087,42.667814],[1.989589,42.667367],[1.98914,42.6674],[1.988954,42.667384],[1.988908,42.667163],[1.988724,42.666942],[1.988123,42.666789],[1.98771,42.666801],[1.98745,42.666629],[1.987191,42.666702],[1.986632,42.666491],[1.98641,42.666324],[1.985523,42.666155],[1.985279,42.666041],[1.984996,42.665648],[1.985133,42.665537],[1.985162,42.66543],[1.985002,42.665384],[1.984868,42.665159],[1.984885,42.665045],[1.984744,42.664978],[1.984206,42.664533],[1.9835,42.663509],[1.983255,42.663048],[1.982998,42.662955],[1.98162,42.662826],[1.981294,42.662746],[1.980041,42.662912],[1.979931,42.663007],[1.979431,42.662966],[1.979143,42.663001],[1.979049,42.663076],[1.978496,42.663032],[1.9785,42.663151],[1.978467,42.663303],[1.978487,42.663669],[1.978543,42.664171],[1.97838,42.664325],[1.977944,42.664601],[1.977628,42.664658],[1.977221,42.664948],[1.976728,42.665081],[1.976586,42.665171],[1.97609,42.665324],[1.975706,42.665652],[1.975652,42.665989],[1.974344,42.666615],[1.974011,42.666576],[1.973824,42.666431],[1.973476,42.666512],[1.973321,42.666129],[1.973252,42.665778],[1.97332,42.665388],[1.973682,42.664804],[1.973592,42.664287],[1.973617,42.663707],[1.973486,42.66347],[1.972658,42.663228],[1.972141,42.662477],[1.971709,42.662022],[1.971319,42.661777],[1.97118,42.661968],[1.97097,42.661911],[1.97088,42.662029],[1.9706,42.662016],[1.970503,42.662494],[1.970367,42.662772],[1.970114,42.662986],[1.969796,42.663065],[1.969634,42.663009],[1.969471,42.663126],[1.968707,42.662618],[1.968368,42.662614],[1.96803,42.662689],[1.967128,42.663124],[1.966994,42.66312],[1.966814,42.66328],[1.966677,42.663235],[1.966476,42.663608],[1.966274,42.663586],[1.966371,42.663022],[1.966011,42.662449],[1.966174,42.661639],[1.966151,42.66134],[1.96601,42.661081],[1.965932,42.660808],[1.96568,42.66045],[1.965422,42.659501],[1.965225,42.659541],[1.965242,42.660003],[1.965048,42.65999],[1.964981,42.659757],[1.96472,42.659464],[1.964454,42.659293],[1.964404,42.659069],[1.964686,42.658554],[1.964924,42.657882],[1.964887,42.657574],[1.965032,42.657132],[1.964848,42.656706],[1.964363,42.655988],[1.963964,42.65491],[1.963536,42.654312],[1.963001,42.653422],[1.962743,42.652734],[1.962321,42.652274],[1.962324,42.651972],[1.962077,42.651545],[1.962255,42.650366],[1.962029,42.649687],[1.961695,42.648921],[1.96146,42.64869],[1.961251,42.648146],[1.961134,42.648019],[1.961091,42.647859],[1.961232,42.647598],[1.961271,42.646979],[1.961111,42.646824],[1.959237,42.644245],[1.959643,42.643866],[1.959432,42.643459],[1.9594,42.64328],[1.959172,42.643089],[1.959042,42.642706],[1.958684,42.642598],[1.958603,42.642299],[1.958326,42.642251],[1.958147,42.642132],[1.957903,42.642132],[1.957708,42.642012],[1.957416,42.642072],[1.957009,42.64188],[1.956554,42.641904],[1.956293,42.641689],[1.95631,42.641545],[1.955952,42.641486],[1.95605,42.641187],[1.956245,42.641127],[1.956293,42.64078],[1.955724,42.640744],[1.95548,42.640672],[1.954765,42.640612],[1.954472,42.640457],[1.953903,42.640421],[1.953545,42.640541],[1.952927,42.640158],[1.952651,42.640182],[1.952244,42.639978],[1.952504,42.639775],[1.952992,42.639763],[1.952748,42.639584],[1.952261,42.639452],[1.952,42.639273],[1.95174,42.638961],[1.951578,42.638746],[1.95135,42.638674],[1.951138,42.638304],[1.951415,42.638064],[1.951122,42.637311],[1.951512,42.63743],[1.951138,42.636581],[1.951366,42.636545],[1.951285,42.636389],[1.951073,42.636186],[1.950683,42.635552],[1.950862,42.635361],[1.950878,42.635097],[1.950602,42.634727],[1.950683,42.633901],[1.950651,42.633195],[1.950992,42.633016],[1.951968,42.633195],[1.951805,42.632776],[1.951838,42.632501],[1.951894,42.632445],[1.951466,42.631125],[1.951054,42.630286],[1.95073,42.63001],[1.950796,42.629684],[1.95069,42.629552],[1.950606,42.628711],[1.950375,42.628543],[1.950122,42.628296],[1.949969,42.628039],[1.949587,42.627998],[1.949216,42.627869],[1.948566,42.62774],[1.948219,42.627554],[1.947949,42.62759],[1.947772,42.627519],[1.947739,42.627392],[1.947039,42.627085],[1.946988,42.626971],[1.946481,42.626984],[1.94615,42.626784],[1.945606,42.626822],[1.945455,42.626949],[1.945271,42.626978],[1.945177,42.626763],[1.944811,42.626636],[1.944557,42.626705],[1.944172,42.626632],[1.943948,42.626483],[1.943922,42.62626],[1.942608,42.625724],[1.942094,42.625615],[1.94075,42.625575],[1.940436,42.625442],[1.940148,42.62543],[1.939543,42.625237],[1.938991,42.625011],[1.938357,42.624772],[1.938275,42.624581],[1.938275,42.624198],[1.937934,42.623647],[1.937527,42.622905],[1.937251,42.622618],[1.937511,42.62251],[1.937446,42.622259],[1.937836,42.622128],[1.937787,42.621816],[1.937983,42.621493],[1.937641,42.620823],[1.936194,42.620273],[1.935576,42.620225],[1.934389,42.619842],[1.934047,42.619639],[1.933055,42.619387],[1.931982,42.619495],[1.931689,42.619076],[1.930177,42.618968],[1.929055,42.618454],[1.928095,42.618274],[1.927364,42.618298],[1.926453,42.618011],[1.9259,42.618071],[1.925054,42.617556],[1.924713,42.617485],[1.924225,42.617233],[1.924127,42.616862],[1.923705,42.616755],[1.922696,42.61606],[1.92216,42.615953],[1.921038,42.615546],[1.920225,42.615761],[1.919655,42.615654],[1.919151,42.615438],[1.917981,42.615498],[1.917346,42.615426],[1.91707,42.615235],[1.916728,42.615247],[1.915005,42.614493],[1.914468,42.614086],[1.914273,42.614229],[1.913297,42.613823],[1.912126,42.613595],[1.910988,42.613715],[1.910224,42.613152],[1.910484,42.612877],[1.910045,42.612865],[1.909394,42.61253],[1.909492,42.612339],[1.909102,42.612123],[1.90915,42.611908],[1.908402,42.611967],[1.908145,42.611809],[1.907504,42.611773],[1.9078,42.61121],[1.908515,42.611029],[1.908884,42.61063],[1.909673,42.610412],[1.910092,42.609886],[1.910388,42.609396],[1.911177,42.608906],[1.911226,42.608253],[1.911842,42.607691],[1.912483,42.607165],[1.913247,42.60711],[1.913666,42.606947],[1.914085,42.606965],[1.9148,42.606385],[1.915539,42.606185],[1.916032,42.60633],[1.91623,42.605967],[1.916698,42.60555],[1.91692,42.604861],[1.916797,42.60428],[1.917068,42.603881],[1.916821,42.60379],[1.916501,42.603264],[1.916057,42.60272],[1.916436,42.601542],[1.91681,42.601471],[1.916891,42.601195],[1.916793,42.601076],[1.916826,42.600752],[1.916403,42.600525],[1.916306,42.600166],[1.915753,42.599795],[1.915135,42.598598],[1.91572,42.598382],[1.917184,42.598239],[1.91772,42.598011],[1.918875,42.598011],[1.919249,42.598071],[1.919428,42.59776],[1.920225,42.597485],[1.919851,42.597161],[1.91946,42.596455],[1.920046,42.595665],[1.919851,42.59521],[1.919851,42.594923],[1.919688,42.594743],[1.919444,42.593714],[1.919151,42.593151],[1.919412,42.592732],[1.919379,42.592492],[1.918907,42.592145],[1.918289,42.591188],[1.91733,42.590697],[1.916306,42.589883],[1.91598,42.589835],[1.914761,42.589188],[1.914289,42.588817],[1.911931,42.587823],[1.911183,42.58738],[1.911053,42.587129],[1.909736,42.58659],[1.908549,42.585932],[1.90767,42.585357],[1.907296,42.584746],[1.906679,42.584531],[1.9058,42.584459],[1.905247,42.58416],[1.904548,42.583417],[1.905394,42.583465],[1.905638,42.583274],[1.905101,42.58295],[1.904955,42.582627],[1.904467,42.582328],[1.904532,42.581968],[1.904776,42.581837],[1.904109,42.581501],[1.904597,42.581274],[1.90463,42.581082],[1.904499,42.580891],[1.904857,42.580639],[1.904012,42.579993],[1.904077,42.579681],[1.904353,42.579538],[1.903198,42.579262],[1.902141,42.579238],[1.901849,42.578747],[1.902418,42.577945],[1.901767,42.57767],[1.900466,42.57743],[1.899556,42.577071],[1.899149,42.577191],[1.898743,42.577143],[1.898336,42.576831],[1.897734,42.576772],[1.89736,42.576556],[1.895068,42.576209],[1.894694,42.575993],[1.894759,42.575646],[1.89458,42.575263],[1.894027,42.575275],[1.89388,42.574796],[1.893425,42.574436],[1.892726,42.574305],[1.892482,42.573922],[1.891799,42.573754],[1.891604,42.572999],[1.891653,42.57258],[1.891132,42.572245],[1.89097,42.571634],[1.890909,42.571563],[1.890746,42.571386],[1.890571,42.571317],[1.890531,42.571124],[1.890336,42.570979],[1.890423,42.570823],[1.890419,42.570461],[1.890243,42.570254],[1.890239,42.570125],[1.890067,42.569749],[1.890098,42.568902],[1.889805,42.568682],[1.889795,42.568408],[1.889908,42.568138],[1.890132,42.567985],[1.890293,42.567741],[1.890346,42.567466],[1.890136,42.567222],[1.88999,42.567117],[1.889843,42.566817],[1.889929,42.566658],[1.890257,42.566496],[1.890322,42.566244],[1.890089,42.565979],[1.890094,42.565823],[1.890007,42.56573],[1.890112,42.565412],[1.890286,42.565125],[1.890196,42.56501],[1.890396,42.564892],[1.890452,42.564761],[1.890853,42.564476],[1.890841,42.564237],[1.891012,42.564136],[1.890997,42.563835],[1.890627,42.563441],[1.890243,42.56344],[1.890217,42.56321],[1.889749,42.562932],[1.889392,42.562511],[1.88924,42.562426],[1.888992,42.562164],[1.888879,42.561937],[1.888377,42.561799],[1.888132,42.561796],[1.887913,42.561668],[1.887609,42.561608],[1.88709,42.561554],[1.8867,42.561548],[1.886349,42.561346],[1.88605,42.561266],[1.885021,42.560973],[1.884736,42.560968],[1.884483,42.561017],[1.883999,42.560983],[1.883462,42.560804],[1.883048,42.560791],[1.881004,42.560295],[1.880617,42.560323],[1.880199,42.560272],[1.879889,42.560144],[1.879307,42.559968],[1.878198,42.559389],[1.877974,42.559324],[1.877442,42.55887],[1.877124,42.558713],[1.876949,42.558386],[1.876774,42.557885],[1.876585,42.557634],[1.875747,42.557403],[1.875471,42.5574],[1.874973,42.55728],[1.874776,42.5572],[1.874159,42.557116],[1.873677,42.5572],[1.872058,42.557055],[1.871377,42.55688],[1.870546,42.556835],[1.869474,42.55661],[1.869133,42.556686],[1.868352,42.556639],[1.867622,42.556664],[1.867454,42.556745],[1.866898,42.556461],[1.866601,42.556473],[1.866346,42.556334],[1.866085,42.55635],[1.865815,42.556208],[1.864886,42.556053],[1.864538,42.55592],[1.864265,42.555988],[1.864072,42.555874],[1.864056,42.555776],[1.863496,42.555489],[1.863268,42.555276],[1.862681,42.555012],[1.862442,42.554854],[1.862107,42.554761],[1.861783,42.554621],[1.861112,42.554404],[1.860704,42.554332],[1.860355,42.554182],[1.860071,42.554123],[1.85882,42.55364],[1.858552,42.553636],[1.858122,42.5535],[1.857779,42.553522],[1.857215,42.553345],[1.856815,42.55339],[1.856447,42.553372],[1.855571,42.553162],[1.855338,42.553173],[1.854582,42.552795],[1.854358,42.552778],[1.854036,42.552611],[1.853811,42.552558],[1.853565,42.552618],[1.853297,42.552489],[1.852928,42.552557],[1.852735,42.552372],[1.851594,42.55215],[1.851298,42.552221],[1.850873,42.552033],[1.850302,42.551941],[1.849979,42.551818],[1.849097,42.551667],[1.848334,42.5515],[1.846586,42.550922],[1.846153,42.550696],[1.845628,42.550633],[1.844851,42.550629],[1.844167,42.550479],[1.843896,42.550471],[1.84357,42.550401],[1.842869,42.550378],[1.84212,42.550124],[1.842324,42.549958],[1.842699,42.550061],[1.842509,42.549775],[1.842065,42.549509],[1.841105,42.549414],[1.840155,42.54916],[1.839081,42.549223],[1.83627,42.549006],[1.835049,42.549029],[1.833984,42.54886],[1.833354,42.548773],[1.833183,42.548623],[1.832979,42.548283],[1.832931,42.54847],[1.832566,42.548531],[1.832204,42.548473],[1.831843,42.548455],[1.831383,42.548149],[1.830967,42.548024],[1.830549,42.548023],[1.829691,42.547949],[1.828977,42.54739],[1.825839,42.546845],[1.825716,42.546719],[1.825675,42.546112],[1.825511,42.545932],[1.825577,42.545716],[1.825581,42.545339],[1.825468,42.544997],[1.825629,42.544164],[1.825818,42.543906],[1.825987,42.543575],[1.826221,42.543229],[1.826334,42.542907],[1.826791,42.541989],[1.826943,42.541584],[1.826494,42.541444],[1.825978,42.541443],[1.82549,42.541684],[1.825067,42.541714],[1.824396,42.541534],[1.82417,42.541388],[1.824041,42.541202],[1.823891,42.541126],[1.823473,42.541095],[1.823313,42.540982],[1.823092,42.540489],[1.822598,42.53968],[1.822245,42.539287],[1.822352,42.538947],[1.822223,42.538544],[1.822711,42.538224],[1.822712,42.537935],[1.822288,42.537298],[1.821928,42.537009],[1.821344,42.536648],[1.821333,42.535977],[1.821113,42.535191],[1.82122,42.534456],[1.821354,42.533326],[1.821591,42.533215],[1.821499,42.532908],[1.821155,42.532621],[1.821043,42.532189],[1.82063,42.53175],[1.820625,42.531493],[1.821043,42.531103],[1.822033,42.530078],[1.8224,42.529962],[1.822609,42.529706],[1.823001,42.529557],[1.823145,42.529255],[1.823529,42.529039],[1.823709,42.528594],[1.82365,42.527989],[1.82372,42.527824],[1.823419,42.527298],[1.822925,42.526557],[1.8227,42.525404],[1.821853,42.524519],[1.820984,42.523798],[1.820732,42.523825],[1.820469,42.523692],[1.819498,42.523889],[1.819184,42.523665],[1.818848,42.523536],[1.818222,42.52353],[1.817717,42.522961],[1.817363,42.522819],[1.817138,42.522637],[1.816376,42.522454],[1.816019,42.521939],[1.816033,42.521422],[1.815942,42.521168],[1.81541,42.520757],[1.815286,42.520545],[1.815228,42.520029],[1.814868,42.519135],[1.814584,42.518708],[1.814247,42.517835],[1.814053,42.517667],[1.813629,42.517586],[1.813278,42.517467],[1.812207,42.517221],[1.811758,42.517062],[1.811258,42.516818],[1.810282,42.516838],[1.809794,42.516719],[1.809509,42.516672],[1.808802,42.516482],[1.808609,42.516315],[1.808335,42.516282],[1.807985,42.516038],[1.807809,42.51576],[1.807101,42.515466],[1.806725,42.515462],[1.806425,42.515588],[1.80584,42.515459],[1.805374,42.515241],[1.804907,42.51479],[1.804601,42.514672],[1.80429,42.514685],[1.803281,42.514429],[1.802841,42.514406],[1.802246,42.513974],[1.801956,42.513858],[1.800593,42.513603],[1.799923,42.513223],[1.799585,42.512975],[1.799311,42.512878],[1.798887,42.512542],[1.798475,42.512403],[1.798188,42.512392],[1.797364,42.512247],[1.796882,42.512235],[1.796329,42.51206],[1.795894,42.511991],[1.795288,42.511851],[1.794787,42.511696],[1.794339,42.5116],[1.793512,42.511123],[1.79319,42.511016],[1.792788,42.510963],[1.79214,42.511065],[1.791518,42.51082],[1.790305,42.510934],[1.789945,42.510755],[1.789452,42.510782],[1.789183,42.510711],[1.788846,42.510729],[1.788363,42.510659],[1.78788,42.510447],[1.787392,42.510349],[1.787097,42.510152],[1.786708,42.510003],[1.786227,42.509937],[1.785503,42.509914],[1.78523,42.509926],[1.784249,42.509689],[1.783637,42.509429],[1.783187,42.509311],[1.782902,42.509065],[1.782575,42.508961],[1.782071,42.508594],[1.781772,42.508632],[1.781269,42.508583],[1.780869,42.508433],[1.78055,42.508458],[1.780481,42.508341],[1.780338,42.508308],[1.77986,42.508576],[1.779592,42.508484],[1.779032,42.508564],[1.778698,42.508672],[1.778386,42.508686],[1.778203,42.50847],[1.777774,42.508347],[1.777551,42.508337],[1.777173,42.508264],[1.776293,42.50822],[1.775958,42.508312],[1.775704,42.508205],[1.775215,42.508201],[1.774758,42.508305],[1.774538,42.508307],[1.773665,42.508522],[1.773091,42.508903],[1.772517,42.508972],[1.772125,42.508632],[1.771433,42.508572],[1.77143,42.508364],[1.771057,42.508322],[1.770679,42.508381],[1.770178,42.508236],[1.769912,42.508227],[1.76972,42.508182],[1.769193,42.508129],[1.76889,42.508244],[1.768019,42.508262],[1.767357,42.508343],[1.766776,42.50831],[1.766318,42.508367],[1.765398,42.508213],[1.764677,42.508302],[1.764428,42.508288],[1.764252,42.508379],[1.764007,42.508332],[1.763692,42.508482],[1.763163,42.508529],[1.761863,42.508725],[1.761278,42.508715],[1.760816,42.508485],[1.760132,42.508439],[1.759856,42.508349],[1.759626,42.508377],[1.759393,42.508206],[1.758936,42.508013],[1.758632,42.507953],[1.758447,42.507823],[1.757994,42.507789],[1.757255,42.50743],[1.756983,42.507383],[1.756439,42.50737],[1.755661,42.507658],[1.754766,42.507612],[1.753929,42.507415],[1.753269,42.507158],[1.752501,42.506933],[1.752107,42.506554],[1.75172,42.506362],[1.751617,42.506178],[1.750378,42.506076],[1.749895,42.506258],[1.748941,42.506427],[1.748724,42.50645],[1.748507,42.50652],[1.748127,42.506533],[1.747786,42.506646],[1.747188,42.506494],[1.746827,42.506474],[1.746652,42.506523],[1.746252,42.506505],[1.745855,42.50644],[1.745471,42.506581],[1.745008,42.506535],[1.743199,42.506955],[1.74268,42.506901],[1.742517,42.506932],[1.742334,42.506865],[1.742059,42.506927],[1.741827,42.506915],[1.741531,42.506746],[1.740989,42.506641],[1.740238,42.506545],[1.739844,42.506572],[1.739588,42.50655],[1.739161,42.506583],[1.738954,42.506723],[1.738614,42.506678],[1.737946,42.506878],[1.737997,42.506761],[1.737221,42.506835],[1.736575,42.50679],[1.735909,42.506942],[1.735548,42.50682],[1.73537,42.506698],[1.734418,42.50635],[1.734053,42.506357],[1.733796,42.50628],[1.733611,42.506306],[1.733067,42.506201],[1.732541,42.50619],[1.731793,42.505881],[1.731425,42.50566],[1.730496,42.50532],[1.730774,42.505304],[1.730822,42.505206],[1.730546,42.504759],[1.729872,42.504292],[1.729467,42.50394],[1.728914,42.503765],[1.728726,42.503588],[1.728278,42.503467],[1.728243,42.503381],[1.727836,42.503189],[1.727294,42.503195],[1.727026,42.503333],[1.726447,42.503811],[1.726071,42.504288],[1.725755,42.504551]]],"type":"MultiLineString"},"properties":{"geo_point":{"lon":1.9890784358856484,"lat":42.79597002636557},"name":"GR7 De Mirepoix (Ariège) à Portella Blanca d'Andorra (France-Espagne) (2019)","code_gr":"GR7"}},{"type":"Feature","geometry":{"coordinates":[[[4.376582,45.925161],[4.376789,45.924924],[4.376974,45.924284],[4.377279,45.924214],[4.37729,45.922894],[4.37745,45.922239],[4.377462,45.921438],[4.378105,45.920731],[4.378095,45.920473],[4.378288,45.919801],[4.377784,45.919117],[4.377354,45.918766],[4.376078,45.917295],[4.375219,45.916653],[4.374903,45.916239],[4.374179,45.915436],[4.373728,45.914614],[4.373224,45.913982],[4.372912,45.913521],[4.372521,45.913243],[4.371443,45.912682],[4.370671,45.91211],[4.370853,45.911757],[4.371775,45.911003],[4.37156,45.910674],[4.371668,45.91057],[4.371539,45.910328],[4.371861,45.909998],[4.371931,45.909825],[4.370859,45.910255],[4.369787,45.91073],[4.367749,45.911546],[4.364682,45.912839],[4.364211,45.913072],[4.363638,45.913253],[4.363168,45.913492],[4.362354,45.913791],[4.360467,45.914568],[4.359303,45.914965],[4.357863,45.915619],[4.357109,45.915833],[4.356358,45.915914],[4.35536,45.915865],[4.354169,45.915876],[4.35197,45.915787],[4.351359,45.915856],[4.346756,45.915781],[4.346144,45.91581],[4.346015,45.915592],[4.345576,45.915528],[4.345468,45.915333],[4.344825,45.915458],[4.343967,45.915048],[4.34167,45.914296],[4.340726,45.914348],[4.340302,45.914263],[4.340018,45.914103],[4.339729,45.913779],[4.339589,45.913294],[4.339492,45.912198],[4.339556,45.911617],[4.339385,45.911353],[4.338473,45.910815],[4.337443,45.909645],[4.337057,45.909064],[4.336692,45.908801],[4.336156,45.908525],[4.335598,45.908327],[4.33468,45.907907],[4.334257,45.9078],[4.333763,45.90781],[4.332733,45.907629],[4.331725,45.907478],[4.331242,45.907501],[4.330888,45.907409],[4.330502,45.907182],[4.330419,45.907015],[4.330099,45.90687],[4.329574,45.906712],[4.327323,45.907776],[4.326682,45.908134],[4.325561,45.909209],[4.325024,45.909611],[4.324933,45.909282],[4.324788,45.908968],[4.324847,45.908318],[4.324584,45.907492],[4.32451,45.906983],[4.324316,45.906795],[4.323838,45.906605],[4.323748,45.906475],[4.323818,45.906342],[4.323898,45.906284],[4.323844,45.906013],[4.32363,45.905591],[4.323866,45.905179],[4.323864,45.904996],[4.323421,45.903884],[4.323367,45.903473],[4.323399,45.903309],[4.323699,45.90239],[4.323689,45.901852],[4.32356,45.901165],[4.324171,45.900125],[4.324911,45.899313],[4.326221,45.897534],[4.326575,45.897176],[4.326736,45.896884],[4.327369,45.896622],[4.328302,45.896132],[4.329364,45.895354],[4.330448,45.894356],[4.331071,45.893688],[4.331676,45.893364],[4.332432,45.893029],[4.33387,45.891682],[4.3346,45.891144],[4.335244,45.890838],[4.336644,45.890403],[4.337137,45.890131],[4.337746,45.889625],[4.338011,45.889291],[4.338062,45.88903],[4.33807,45.888754],[4.33814,45.888657],[4.338226,45.888039],[4.338682,45.885992],[4.33872,45.88564],[4.338999,45.885014],[4.33923,45.884741],[4.339428,45.884364],[4.339696,45.882982],[4.339878,45.881398],[4.340222,45.880172],[4.340501,45.879816],[4.341488,45.879121],[4.341772,45.878447],[4.342257,45.877625],[4.342528,45.876989],[4.342834,45.876875],[4.343011,45.876762],[4.344138,45.876295],[4.345222,45.875706],[4.347233,45.87503],[4.348038,45.874526],[4.348215,45.874324],[4.34836,45.872827],[4.348459,45.872447],[4.348826,45.872089],[4.349229,45.87188],[4.349897,45.87129],[4.350269,45.870913],[4.350567,45.870766],[4.351535,45.870477],[4.351836,45.870269],[4.352866,45.869953],[4.355397,45.868962],[4.356385,45.868322],[4.35694,45.868074],[4.357425,45.867927],[4.358486,45.867318],[4.359418,45.86687],[4.361664,45.865682],[4.362133,45.865338],[4.36303,45.864563],[4.363284,45.864243],[4.363332,45.862858],[4.363225,45.862432],[4.362645,45.861131],[4.362417,45.860171],[4.362189,45.859525],[4.361766,45.857813],[4.362377,45.856947],[4.363299,45.856138],[4.363439,45.855847],[4.363536,45.855122],[4.363932,45.854831],[4.365714,45.854412],[4.368342,45.852645],[4.36919,45.852119],[4.370445,45.851521],[4.37243,45.851029],[4.373739,45.850484],[4.375086,45.849695],[4.376099,45.849175],[4.377119,45.850304],[4.37832,45.850422],[4.378857,45.850563],[4.380315,45.850731],[4.380273,45.850469],[4.379951,45.849937],[4.379618,45.849623],[4.378342,45.849103],[4.377623,45.848709],[4.378298,45.848495],[4.379055,45.848159],[4.380061,45.84793],[4.38053,45.847866],[4.381796,45.847874],[4.38288,45.848075],[4.383577,45.848083],[4.384403,45.847824],[4.38465,45.847704],[4.38524,45.847569],[4.385846,45.847579],[4.387038,45.847461],[4.387981,45.847481],[4.389504,45.847378],[4.390441,45.847413],[4.390862,45.847477],[4.390743,45.847314],[4.390379,45.8471],[4.38958,45.846729],[4.389145,45.846423],[4.388732,45.846026],[4.388536,45.845478],[4.388384,45.844742],[4.387981,45.844074],[4.387796,45.843508],[4.387686,45.843346],[4.387976,45.84306],[4.388576,45.842754],[4.389414,45.842532],[4.390342,45.842224],[4.391442,45.84176],[4.392171,45.840908],[4.392653,45.840011],[4.393061,45.839496],[4.394193,45.838709],[4.394982,45.837776],[4.395218,45.837204],[4.395626,45.836864],[4.39717,45.835976],[4.396162,45.834778],[4.396162,45.8341],[4.395851,45.833854],[4.395905,45.833644],[4.397106,45.833119],[4.39819,45.832113],[4.398619,45.831986],[4.399005,45.831732],[4.399247,45.831319],[4.39967,45.831019],[4.400674,45.830635],[4.401274,45.830239],[4.401768,45.829733],[4.401806,45.829399],[4.402572,45.828775],[4.402712,45.828407],[4.402594,45.82803],[4.4023,45.827535],[4.402168,45.827181],[4.401312,45.825809],[4.400824,45.825409],[4.400292,45.825023],[4.399965,45.824458],[4.398609,45.822532],[4.398684,45.822155],[4.398673,45.821838],[4.39885,45.821565],[4.398823,45.821295],[4.399053,45.821175],[4.400196,45.81996],[4.40482,45.817112],[4.404842,45.81673],[4.40585,45.815609],[4.406944,45.81496],[4.407653,45.814331],[4.407845,45.813802],[4.408715,45.813225],[4.40879,45.812717],[4.409176,45.812252],[4.40997,45.811563],[4.410353,45.811103],[4.410587,45.810868],[4.410818,45.810533],[4.410442,45.81033],[4.411086,45.809837],[4.413832,45.80903],[4.414218,45.809015],[4.414368,45.808754],[4.415769,45.807442],[4.416225,45.806908],[4.417073,45.806447],[4.417738,45.806016],[4.419004,45.804832],[4.421547,45.803071],[4.422008,45.803001],[4.422512,45.802738],[4.42256,45.802518],[4.422705,45.802517],[4.422888,45.802677],[4.423225,45.802747],[4.423317,45.802956],[4.423947,45.803179],[4.424519,45.803327],[4.425398,45.803668],[4.425913,45.802499],[4.426514,45.802067],[4.427319,45.80099],[4.427458,45.799799],[4.427276,45.799068],[4.42807,45.798721],[4.428724,45.799583],[4.429539,45.799217],[4.430634,45.798919],[4.431503,45.798392],[4.432029,45.797808],[4.432364,45.797613],[4.432656,45.797573],[4.433321,45.797622],[4.433799,45.79757],[4.43448,45.797202],[4.434512,45.796259],[4.434459,45.796006],[4.434394,45.795754],[4.435953,45.795367],[4.436438,45.79516],[4.43691,45.794704],[4.437465,45.794428],[4.437592,45.794316],[4.437543,45.793309],[4.438165,45.793271],[4.438723,45.793638],[4.439045,45.793743],[4.442688,45.793331],[4.444334,45.793284],[4.444849,45.793384],[4.445364,45.793135],[4.445601,45.793615],[4.44618,45.794113],[4.446867,45.794393],[4.447499,45.79443],[4.449914,45.793876],[4.450439,45.793613],[4.450869,45.793584],[4.451684,45.793473],[4.451888,45.793664],[4.452489,45.794715],[4.452821,45.794972],[4.453293,45.795135],[4.45428,45.795124],[4.455187,45.795024],[4.457316,45.794102],[4.457831,45.793777],[4.45796,45.793549],[4.458551,45.793338],[4.459279,45.79327],[4.460288,45.792846],[4.461372,45.792649],[4.46311,45.793053],[4.463668,45.793007],[4.464912,45.792686],[4.465234,45.792365],[4.465728,45.790661],[4.466157,45.790211],[4.466704,45.78991],[4.467272,45.789895],[4.467686,45.790071],[4.468035,45.790112],[4.470363,45.788534],[4.471511,45.78789],[4.471731,45.787603],[4.472082,45.786345],[4.472326,45.785939],[4.472629,45.785825],[4.473104,45.785494],[4.473807,45.785168],[4.474236,45.784809],[4.474215,45.78368],[4.475647,45.782985],[4.476652,45.782547],[4.477851,45.781938],[4.478388,45.781417],[4.478903,45.781104],[4.47989,45.780372],[4.480909,45.780266],[4.481488,45.780022],[4.481778,45.779743],[4.482658,45.779426],[4.48328,45.779259],[4.4846,45.778294],[4.484584,45.778301],[4.485592,45.777266],[4.485973,45.776719],[4.486391,45.776385],[4.487046,45.776061],[4.487285,45.775878],[4.48753,45.775604],[4.487894,45.775279],[4.488677,45.775238],[4.490447,45.774961],[4.490948,45.774998],[4.491841,45.774983],[4.493896,45.774931],[4.495328,45.775216],[4.495488,45.775266],[4.496238,45.775369],[4.496708,45.775461],[4.496799,45.775522],[4.497179,45.775575],[4.498129,45.775556],[4.498555,45.775506],[4.499026,45.775525],[4.499368,45.775493],[4.499406,45.774621],[4.498853,45.773719],[4.498596,45.773041],[4.498681,45.772635],[4.498649,45.772181],[4.498321,45.77171],[4.49836,45.77132],[4.498831,45.770606],[4.499282,45.769716],[4.49963,45.769506],[4.499754,45.76924],[4.500237,45.769034],[4.500602,45.76866],[4.501031,45.768297],[4.501179,45.768038],[4.50145,45.767805],[4.501745,45.767369],[4.501551,45.767155],[4.50102,45.767024],[4.500039,45.767144],[4.49955,45.767018],[4.499089,45.766688],[4.499159,45.766224],[4.499025,45.765951],[4.499067,45.765228],[4.498804,45.764791],[4.499004,45.764125],[4.498922,45.763458],[4.499191,45.762893],[4.498987,45.762709],[4.498794,45.761911],[4.498891,45.761589],[4.4994,45.761671],[4.499633,45.761794],[4.499845,45.761738],[4.499867,45.761115],[4.500082,45.760532],[4.500189,45.759479],[4.501005,45.758757],[4.501206,45.758293],[4.501364,45.75777],[4.501358,45.757577],[4.500875,45.757472],[4.500736,45.756644],[4.500414,45.75521],[4.501058,45.754894],[4.502838,45.754516],[4.504234,45.754866],[4.505146,45.754898],[4.50535,45.754037],[4.505511,45.753804],[4.50609,45.753802],[4.507527,45.753502],[4.507817,45.753331],[4.508364,45.752868],[4.508665,45.753159],[4.509126,45.753323],[4.509615,45.753301],[4.510124,45.75316],[4.510693,45.752677],[4.511036,45.752599],[4.512194,45.752177],[4.512816,45.752059],[4.514179,45.752075],[4.515134,45.751676],[4.517055,45.751728],[4.518203,45.751691],[4.519265,45.751818],[4.519533,45.751148],[4.519737,45.750823],[4.520217,45.750396],[4.520348,45.750007],[4.521142,45.749908],[4.521861,45.749671],[4.522236,45.749587],[4.522558,45.749424],[4.522483,45.749184],[4.522708,45.749013],[4.524114,45.748661],[4.524297,45.748493],[4.524415,45.748242],[4.525391,45.748646],[4.526421,45.748726],[4.528212,45.748585],[4.529264,45.748222],[4.530804,45.748133],[4.531761,45.748019],[4.532912,45.74792],[4.533899,45.747905],[4.534384,45.747739],[4.536055,45.74743],[4.536849,45.747194],[4.537976,45.747036],[4.538942,45.747138],[4.539553,45.74691],[4.540443,45.746719],[4.540744,45.746422],[4.541098,45.746719],[4.541259,45.746712],[4.541136,45.746548],[4.540868,45.746051],[4.540894,45.745883],[4.541393,45.745746],[4.541677,45.745762],[4.54209,45.745983],[4.542471,45.746338],[4.542798,45.746178],[4.543705,45.746226],[4.544134,45.746098],[4.543469,45.744129],[4.543458,45.743771],[4.543211,45.743695],[4.54289,45.743732],[4.542428,45.743335],[4.541731,45.743133],[4.541216,45.74324],[4.540991,45.743435],[4.540604,45.743412],[4.540615,45.742999],[4.540325,45.742207],[4.539639,45.741691],[4.538523,45.741248],[4.538223,45.740963],[4.537772,45.740702],[4.537654,45.74037],[4.537933,45.739959],[4.537697,45.739727],[4.537868,45.739485],[4.538206,45.739308],[4.538485,45.739064],[4.538681,45.73877],[4.538808,45.738506],[4.539166,45.738302],[4.53951,45.738259],[4.540122,45.738983],[4.540395,45.739158],[4.540937,45.738491],[4.541463,45.73817],[4.541742,45.737788],[4.541806,45.737462],[4.542128,45.736716],[4.542417,45.735925],[4.542578,45.735636],[4.542932,45.735168],[4.543448,45.73465],[4.545277,45.733327],[4.545493,45.733109],[4.545596,45.732978],[4.546698,45.731895],[4.546918,45.73163],[4.54729,45.731283],[4.547329,45.73116],[4.54798,45.730593],[4.548404,45.730457],[4.548844,45.729392],[4.549112,45.728431],[4.549056,45.728187],[4.549053,45.72792],[4.548651,45.726792],[4.548651,45.72646],[4.548833,45.726116],[4.549445,45.725768],[4.549456,45.725484],[4.549262,45.724383],[4.548962,45.723896],[4.548919,45.723498],[4.548662,45.723037],[4.5482,45.722567],[4.547937,45.722481],[4.547353,45.721898],[4.546602,45.72143],[4.545894,45.720203],[4.545964,45.719664],[4.545894,45.719552],[4.545433,45.719459],[4.545116,45.719189],[4.545438,45.718982],[4.545068,45.718563],[4.544987,45.718299],[4.54481,45.718051],[4.544649,45.717565],[4.543892,45.716835],[4.543099,45.71636],[4.542911,45.716061],[4.542862,45.715655],[4.542978,45.715559],[4.543523,45.715524],[4.544617,45.715707],[4.545014,45.715697],[4.545454,45.715774],[4.546554,45.715547],[4.547409,45.7154],[4.548233,45.715148],[4.549279,45.714683],[4.549981,45.714195],[4.550765,45.713844],[4.55147,45.713408],[4.552079,45.713002],[4.552612,45.712318],[4.553184,45.711746],[4.554056,45.711046],[4.554268,45.710814],[4.554584,45.710719],[4.555233,45.709939],[4.555446,45.709763],[4.555681,45.709302],[4.555962,45.709014],[4.556162,45.708659],[4.5564,45.708095],[4.556799,45.707791],[4.558377,45.707005],[4.559745,45.706256],[4.560388,45.705761],[4.561322,45.70512],[4.561767,45.70493],[4.562156,45.704702],[4.562363,45.704519],[4.562572,45.704224],[4.562716,45.703922],[4.563301,45.703285],[4.563597,45.702601],[4.563629,45.702026],[4.563988,45.701643],[4.5642,45.701537],[4.564551,45.701461],[4.564465,45.700984],[4.564557,45.700636],[4.564776,45.70034],[4.564819,45.699818],[4.564679,45.699423],[4.564734,45.698303],[4.564583,45.697548],[4.564358,45.696986],[4.564348,45.696558],[4.564551,45.695419],[4.565399,45.694099],[4.565436,45.693656],[4.565624,45.693271],[4.565694,45.692906],[4.5659,45.692604],[4.566317,45.692295],[4.566616,45.69199],[4.567131,45.691806],[4.5674,45.691596],[4.567454,45.691353],[4.568516,45.690459],[4.569433,45.690194],[4.569851,45.689989],[4.570656,45.688968],[4.571819,45.68867],[4.572705,45.688296],[4.573424,45.687841],[4.575301,45.686745],[4.575854,45.68628],[4.576771,45.68582],[4.577329,45.685658],[4.578,45.685596],[4.578397,45.685432],[4.579164,45.685547],[4.579893,45.685515],[4.582163,45.685008],[4.582509,45.684788],[4.58293,45.684373],[4.583128,45.683957],[4.583445,45.683764],[4.583627,45.683545],[4.583299,45.682308],[4.58287,45.682155],[4.581116,45.681048],[4.580481,45.680417],[4.580287,45.68017],[4.580114,45.680102],[4.579819,45.679476],[4.579781,45.679117],[4.579851,45.678802],[4.579835,45.678338],[4.579872,45.677851],[4.57933,45.676906],[4.578982,45.676669],[4.578681,45.676384],[4.578198,45.676242],[4.577061,45.676025],[4.576025,45.675647],[4.575505,45.675388],[4.575006,45.674859],[4.574743,45.674645],[4.574195,45.674129],[4.574082,45.673991],[4.573604,45.673539],[4.573286,45.673158],[4.573075,45.67307],[4.572788,45.672738],[4.572328,45.672006],[4.572093,45.671822],[4.572345,45.671505],[4.572418,45.671064],[4.57268,45.670389],[4.572711,45.66996],[4.572509,45.669728],[4.57234,45.66969],[4.571665,45.669777],[4.571622,45.669589],[4.571782,45.66941],[4.572346,45.669181],[4.572346,45.669181],[4.572947,45.669128],[4.57314,45.668858],[4.572968,45.668723],[4.572796,45.668378],[4.573097,45.667763],[4.572947,45.666234],[4.573161,45.665934],[4.573033,45.665649],[4.572174,45.665109],[4.57108,45.664989],[4.57035,45.664929],[4.5699,45.664779],[4.569621,45.664464],[4.568956,45.664269],[4.567282,45.664074],[4.566617,45.664074],[4.56505,45.663504],[4.563934,45.663234],[4.563441,45.663009],[4.562904,45.662964],[4.563124,45.661618],[4.563468,45.660816],[4.564251,45.659302],[4.564803,45.658643],[4.564562,45.658688],[4.564937,45.657607],[4.566676,45.6552],[4.566428,45.654263],[4.566783,45.653897],[4.566407,45.653416],[4.566665,45.651885],[4.566611,45.651344],[4.567019,45.650929],[4.568156,45.649899],[4.569969,45.648914],[4.570431,45.648517],[4.571214,45.64801],[4.571681,45.647526],[4.57267,45.646118],[4.573832,45.644619],[4.573843,45.644283],[4.573703,45.643883],[4.573883,45.643705],[4.574138,45.643498],[4.574266,45.642853],[4.574628,45.642957],[4.575221,45.643299],[4.57579,45.64344],[4.577555,45.643223],[4.579485,45.643352],[4.57963,45.643258],[4.579727,45.64259],[4.579899,45.642448],[4.580076,45.642453],[4.580247,45.64228],[4.580446,45.642181],[4.58103,45.642208],[4.582361,45.641959],[4.582758,45.641937],[4.584276,45.641574],[4.585349,45.642105],[4.586159,45.642055],[4.586545,45.642178],[4.586937,45.64252],[4.587415,45.642429],[4.587624,45.64223],[4.588139,45.641045],[4.587977,45.640801],[4.588809,45.640476],[4.589453,45.640506],[4.590279,45.640376],[4.590616,45.64018],[4.59119,45.639901],[4.591263,45.639768],[4.591609,45.639465],[4.59324,45.639832],[4.594131,45.639557],[4.594168,45.639251],[4.594522,45.638947],[4.594551,45.63867],[4.594538,45.63808],[4.593884,45.637595],[4.593476,45.637237],[4.59316,45.637154],[4.592639,45.636868],[4.592237,45.636838],[4.592066,45.636721],[4.591744,45.636567],[4.591935,45.636335],[4.592116,45.636211],[4.592559,45.635776],[4.592774,45.63565],[4.593505,45.635412],[4.594204,45.63508],[4.594559,45.635059],[4.594828,45.635143],[4.595718,45.635239],[4.596196,45.635597],[4.596748,45.635749],[4.596754,45.635273],[4.59655,45.634749],[4.596674,45.633151],[4.597006,45.63179],[4.596888,45.631161],[4.597735,45.630802],[4.598379,45.630394],[4.599431,45.630158],[4.600396,45.629818],[4.600418,45.629577],[4.599989,45.629302],[4.599903,45.628634],[4.599914,45.626132],[4.600406,45.624882],[4.600375,45.624476],[4.599281,45.623484],[4.598271,45.622901],[4.597221,45.622234],[4.596298,45.622238],[4.595514,45.622096],[4.594946,45.621857],[4.593552,45.620555],[4.593294,45.619942],[4.59354,45.619357],[4.593498,45.618941],[4.593605,45.618105],[4.59353,45.617551],[4.593369,45.616728],[4.593294,45.615982],[4.593171,45.615291],[4.593101,45.614481],[4.592956,45.613894],[4.592468,45.612655],[4.592489,45.612335],[4.591277,45.611301],[4.590987,45.610824],[4.590569,45.610367],[4.590241,45.608907],[4.5903,45.608535],[4.589978,45.608212],[4.589978,45.608212],[4.589984,45.607571],[4.589748,45.60634],[4.589319,45.605544],[4.58934,45.604884],[4.589448,45.604133],[4.589576,45.603803],[4.589426,45.602887],[4.589083,45.602076],[4.588997,45.601326],[4.587946,45.601551],[4.58771,45.601701],[4.586615,45.601881],[4.585435,45.601806],[4.585135,45.601566],[4.583697,45.601236],[4.583053,45.601146],[4.581658,45.600875],[4.579856,45.600785],[4.579084,45.60059],[4.578418,45.60068],[4.577989,45.600995],[4.57726,45.601041],[4.576616,45.600755],[4.575693,45.60026],[4.574835,45.60008],[4.573891,45.59996],[4.572968,45.599674],[4.572453,45.599689],[4.570973,45.599374],[4.570871,45.59895],[4.570742,45.598637],[4.571203,45.597893],[4.571,45.596982],[4.57102,45.595931],[4.570817,45.594747],[4.57109,45.594442],[4.571133,45.5942],[4.571047,45.594132],[4.570769,45.594116],[4.570538,45.594048],[4.570023,45.593582],[4.571579,45.592968],[4.572104,45.591797],[4.571653,45.591449],[4.571627,45.591274],[4.572061,45.590784],[4.57223,45.590457],[4.572453,45.590129],[4.572568,45.589798],[4.572754,45.589553],[4.572704,45.589114],[4.572751,45.588709],[4.572631,45.588358],[4.572758,45.587887],[4.572421,45.587175],[4.572158,45.586873],[4.571332,45.586274],[4.570795,45.586036],[4.569959,45.585625],[4.569803,45.58534],[4.569304,45.584796],[4.569304,45.584541],[4.56902,45.584361],[4.568663,45.583969],[4.568548,45.583713],[4.56841,45.58364],[4.568089,45.583613],[4.567807,45.583702],[4.567555,45.583704],[4.566917,45.58347],[4.566668,45.583204],[4.566214,45.582901],[4.5652,45.582288],[4.564744,45.582138],[4.564476,45.581844],[4.563983,45.581585],[4.563988,45.581367],[4.563884,45.581262],[4.562923,45.58091],[4.561982,45.580475],[4.561386,45.580372],[4.560818,45.580344],[4.560673,45.580422],[4.560271,45.580354],[4.55988,45.580211],[4.559441,45.580106],[4.558637,45.579874],[4.558171,45.579847],[4.557502,45.579663],[4.556853,45.579528],[4.555743,45.579186],[4.55533,45.579165],[4.555034,45.579073],[4.5546,45.579017],[4.554444,45.578968],[4.554053,45.578731],[4.55357,45.578585],[4.553254,45.578541],[4.552422,45.578468],[4.552049,45.578514],[4.551301,45.578545],[4.549703,45.578911],[4.548351,45.578968],[4.547836,45.578958],[4.546521,45.57903],[4.545894,45.579042],[4.544966,45.578873],[4.543914,45.578328],[4.542278,45.576767],[4.542136,45.576565],[4.541608,45.5761],[4.54106,45.575877],[4.540352,45.575753],[4.539548,45.575464],[4.538794,45.575084],[4.538342,45.574807],[4.53797,45.574643],[4.537544,45.574339],[4.536785,45.573741],[4.535819,45.573284],[4.535369,45.573238],[4.53451,45.572849],[4.533647,45.572693],[4.532665,45.57285],[4.530793,45.572885],[4.529425,45.572789],[4.528744,45.572609],[4.528109,45.572742],[4.527389,45.573041],[4.526142,45.573444],[4.525557,45.573346],[4.525276,45.573241],[4.524758,45.573143],[4.524178,45.572468],[4.521904,45.571646],[4.521303,45.571606],[4.519919,45.571841],[4.518508,45.572165],[4.518041,45.572121],[4.516496,45.571034],[4.515135,45.57042],[4.514104,45.570186],[4.513133,45.570287],[4.512248,45.570267],[4.510435,45.569839],[4.50889,45.569682],[4.507603,45.569283],[4.50654,45.569248],[4.504823,45.568863],[4.5033,45.568707],[4.502769,45.568741],[4.502206,45.568625],[4.500822,45.567803],[4.499534,45.566595],[4.498308,45.565064],[4.498066,45.564674],[4.497394,45.564037],[4.495029,45.561072],[4.494781,45.560435],[4.494864,45.560067],[4.494862,45.559452],[4.495071,45.558822],[4.495474,45.558355],[4.495941,45.557709],[4.495983,45.556324],[4.495765,45.555816],[4.495462,45.555262],[4.495049,45.554161],[4.494663,45.553841],[4.49439,45.552454],[4.494202,45.551848],[4.494395,45.551089],[4.495184,45.550427],[4.496123,45.549518],[4.496401,45.549091],[4.496573,45.548223],[4.496606,45.547287],[4.49653,45.546844],[4.496702,45.546469],[4.496568,45.546177],[4.496541,45.544834],[4.496176,45.544153],[4.495409,45.543324],[4.495135,45.542991],[4.494084,45.54211],[4.492872,45.540839],[4.492571,45.540349],[4.491871,45.539559],[4.490613,45.538244],[4.490257,45.537664],[4.489793,45.537048],[4.489251,45.536682],[4.488613,45.536422],[4.488172,45.535952],[4.48703,45.53518],[4.486767,45.534837],[4.48622,45.534484],[4.486199,45.534294],[4.486585,45.533596],[4.486966,45.533356],[4.487582,45.533101],[4.488205,45.532695],[4.48843,45.532357],[4.488816,45.531438],[4.488838,45.530943],[4.488768,45.530508],[4.488838,45.529674],[4.489353,45.528606],[4.489331,45.527817],[4.489256,45.526803],[4.488602,45.525052],[4.488591,45.524782],[4.488912,45.524158],[4.48865,45.523488],[4.488548,45.522766],[4.488044,45.521968],[4.488033,45.521625],[4.488275,45.520849],[4.488449,45.520454],[4.48873,45.519638],[4.489106,45.519254],[4.489396,45.518729],[4.489803,45.518326],[4.489867,45.517024],[4.489948,45.516689],[4.490093,45.516354],[4.491059,45.516354],[4.491837,45.516192],[4.49269,45.516144],[4.493923,45.516398],[4.495178,45.516842],[4.495634,45.517076],[4.49624,45.517246],[4.497018,45.517138],[4.49741,45.517139],[4.498075,45.517244],[4.499234,45.517575],[4.499529,45.517728],[4.499781,45.517948],[4.499995,45.51846],[4.500291,45.518699],[4.500618,45.518914],[4.501482,45.519309],[4.501686,45.519489],[4.50182,45.520125],[4.501986,45.52021],[4.502313,45.519646],[4.50228,45.519195],[4.501787,45.518726],[4.501589,45.518491],[4.501477,45.518227],[4.501594,45.516911],[4.501814,45.516156],[4.501863,45.515731],[4.502082,45.515408],[4.502536,45.514971],[4.502548,45.514911],[4.502796,45.514626],[4.504094,45.513903],[4.504716,45.513341],[4.504821,45.513198],[4.505027,45.51305],[4.505135,45.512815],[4.505371,45.512572],[4.505564,45.512081],[4.505869,45.511895],[4.506119,45.511634],[4.506175,45.511479],[4.506717,45.511286],[4.507753,45.510784],[4.508444,45.510061],[4.508552,45.50979],[4.508509,45.509023],[4.508579,45.508617],[4.508541,45.508305],[4.50862,45.508078],[4.508699,45.507767],[4.508808,45.507617],[4.508959,45.507309],[4.509174,45.507298],[4.50926,45.506316],[4.509174,45.505519],[4.509453,45.504843],[4.509324,45.504512],[4.50941,45.504121],[4.509616,45.503884],[4.509748,45.503812],[4.511186,45.502914],[4.512382,45.501797],[4.513079,45.501158],[4.514152,45.500256],[4.514753,45.499887],[4.515064,45.499767],[4.51575,45.499203],[4.514651,45.496134],[4.514393,45.494924],[4.514447,45.49442],[4.514952,45.493488],[4.51581,45.491705],[4.51626,45.490375],[4.51655,45.490105],[4.516261,45.48996],[4.516175,45.489379],[4.515885,45.489146],[4.514914,45.488945],[4.514613,45.488704],[4.514399,45.488876],[4.513916,45.488764],[4.512479,45.488696],[4.511127,45.488448],[4.509377,45.488192],[4.508412,45.48826],[4.508037,45.48744],[4.50838,45.487004],[4.508531,45.486658],[4.508831,45.486267],[4.508874,45.486011],[4.508788,45.485853],[4.50881,45.48568],[4.508466,45.485718],[4.508251,45.48568],[4.508037,45.485108],[4.508294,45.484747],[4.50853,45.483943],[4.508766,45.483349],[4.509346,45.482641],[4.509657,45.482122],[4.510118,45.481513],[4.510322,45.481062],[4.511084,45.481167],[4.512296,45.480836],[4.513272,45.480159],[4.51117,45.479301],[4.510826,45.479256],[4.511127,45.478775],[4.51044,45.478549],[4.510246,45.478165],[4.509528,45.477902],[4.509625,45.477601],[4.509378,45.477541],[4.50941,45.477375],[4.508701,45.477218],[4.508916,45.476691],[4.509217,45.476428],[4.510022,45.47621],[4.510783,45.476518],[4.510987,45.476142],[4.511384,45.474878],[4.513237,45.474188],[4.516282,45.473152],[4.516142,45.472117],[4.516424,45.47189],[4.516888,45.471723],[4.515609,45.470497],[4.514501,45.469242],[4.516711,45.467086],[4.517457,45.466565],[4.518353,45.465683],[4.518938,45.46478],[4.519308,45.464314],[4.520069,45.46391],[4.520391,45.463397],[4.521132,45.46278],[4.521357,45.461499],[4.521228,45.461304],[4.521475,45.460786],[4.521544,45.46022],[4.521754,45.459767],[4.521791,45.458501],[4.521979,45.457415],[4.521952,45.456974],[4.521861,45.456623],[4.52185,45.45605],[4.521947,45.455418],[4.522376,45.454666],[4.522698,45.4536],[4.522939,45.452045],[4.522944,45.451559],[4.52274,45.450791],[4.523266,45.449994],[4.523095,45.448788],[4.523567,45.448153],[4.524082,45.447601],[4.524957,45.44725],[4.525842,45.446688],[4.526708,45.446073],[4.526941,45.445775],[4.527955,45.445034],[4.528051,45.44474],[4.528491,45.44437],[4.528588,45.443601],[4.528384,45.442694],[4.528546,45.442286],[4.528728,45.440872],[4.529189,45.440124],[4.529487,45.439616],[4.530042,45.438972],[4.53083,45.43782],[4.53127,45.437595],[4.532462,45.437204],[4.533406,45.436571],[4.534199,45.436142],[4.53523,45.435321],[4.53583,45.434675],[4.536398,45.434269],[4.536881,45.43362],[4.537139,45.432984],[4.537483,45.432603],[4.539591,45.43129],[4.540886,45.43102],[4.541121,45.430994],[4.541602,45.430855],[4.541919,45.430544],[4.542238,45.430306],[4.542589,45.429951],[4.54342,45.429596],[4.544006,45.429162],[4.544301,45.428673],[4.544397,45.428176],[4.5447,45.427126],[4.545175,45.426189],[4.545645,45.425362],[4.545974,45.424408],[4.546218,45.423996],[4.546623,45.422831],[4.546572,45.422511],[4.546328,45.42216],[4.546066,45.421331],[4.546076,45.42091],[4.547149,45.419564],[4.547836,45.418402],[4.548093,45.41704],[4.548072,45.41637],[4.548458,45.415878],[4.549005,45.415344],[4.549681,45.415005],[4.549692,45.414825],[4.550389,45.414141],[4.551108,45.413395],[4.55203,45.412877],[4.553484,45.412857],[4.553787,45.412741],[4.554085,45.412719],[4.554702,45.412852],[4.555034,45.412985],[4.555678,45.413041],[4.557111,45.412968],[4.557561,45.412789],[4.557942,45.412497],[4.558106,45.412205],[4.559008,45.411481],[4.559278,45.411171],[4.559479,45.41076],[4.559738,45.410346],[4.55989,45.410037],[4.560182,45.409776],[4.561143,45.409269],[4.56129,45.409139],[4.561847,45.40913],[4.562523,45.408943],[4.562759,45.408619],[4.562888,45.407829],[4.563194,45.407467],[4.5638,45.406887],[4.563832,45.406593],[4.564283,45.406155],[4.564787,45.405148],[4.565174,45.404621],[4.565638,45.404465],[4.565753,45.40429],[4.566032,45.404086],[4.566131,45.403842],[4.566155,45.403621],[4.565817,45.403007],[4.564948,45.402247],[4.564509,45.401946],[4.563574,45.400957],[4.563478,45.40013],[4.563521,45.399625],[4.563918,45.398744],[4.564068,45.39781],[4.564304,45.397018],[4.563883,45.396569],[4.563814,45.3961],[4.567002,45.394924],[4.567389,45.394441],[4.569172,45.392919],[4.570161,45.39258],[4.570391,45.393452],[4.570322,45.394873],[4.570552,45.395454],[4.571391,45.395376],[4.571589,45.394882],[4.571777,45.394125],[4.572211,45.393568],[4.574008,45.390705],[4.574126,45.390011],[4.574062,45.389582],[4.57432,45.389148],[4.574663,45.388286],[4.574679,45.387756],[4.574759,45.387543],[4.575232,45.386712],[4.575554,45.38639],[4.57602,45.385302],[4.576122,45.384549],[4.576149,45.383863],[4.576326,45.382883],[4.574711,45.382608],[4.573719,45.38262],[4.573569,45.382488],[4.573129,45.382529],[4.572517,45.382476],[4.57219,45.382329],[4.571627,45.382303],[4.570902,45.381994],[4.570189,45.381531],[4.569684,45.381292],[4.569196,45.380966],[4.568848,45.380879],[4.568424,45.380573],[4.567994,45.380453],[4.56766,45.380168],[4.567539,45.380138],[4.567576,45.379745],[4.567394,45.379208],[4.567171,45.378874],[4.56653,45.378223],[4.565777,45.377592],[4.565453,45.377278],[4.56423,45.376442],[4.564031,45.376053],[4.563779,45.375144],[4.563221,45.374586],[4.562727,45.373953],[4.562374,45.373607],[4.560753,45.372624],[4.559584,45.372153],[4.558586,45.372055],[4.557824,45.37164],[4.556344,45.371151],[4.55556,45.371148],[4.553994,45.371556],[4.552642,45.37151],[4.551864,45.371623],[4.549241,45.372202],[4.548308,45.372044],[4.547503,45.371683],[4.546065,45.370937],[4.54533,45.370445],[4.544818,45.370254],[4.544256,45.37018],[4.543813,45.370045],[4.543415,45.370136],[4.541908,45.370033],[4.541229,45.369932],[4.540626,45.369877],[4.540301,45.369976],[4.539955,45.370038],[4.538788,45.369996],[4.538361,45.369939],[4.537386,45.369946],[4.536849,45.370044],[4.536318,45.370106],[4.535607,45.370224],[4.535014,45.370191],[4.534432,45.36999],[4.534044,45.369907],[4.533016,45.369496],[4.532407,45.369285],[4.531825,45.369228],[4.530761,45.36905],[4.530498,45.369068],[4.528234,45.368404],[4.527937,45.367735],[4.526419,45.368139],[4.52435,45.368091],[4.52297,45.368155],[4.520647,45.3678],[4.519635,45.367638],[4.518807,45.367638],[4.518209,45.367509],[4.518267,45.367207],[4.518557,45.366626],[4.51934,45.365963],[4.520048,45.365477],[4.522086,45.364471],[4.523728,45.364086],[4.524098,45.363837],[4.524329,45.363249],[4.524104,45.362866],[4.524007,45.361816],[4.523664,45.361198],[4.523331,45.360695],[4.523191,45.36],[4.524136,45.359192],[4.524458,45.358184],[4.52508,45.357745],[4.525852,45.356986],[4.526238,45.35676],[4.526464,45.356533],[4.527209,45.356273],[4.527386,45.356058],[4.527387,45.355499],[4.52789,45.355011],[4.527773,45.354679],[4.527338,45.354053],[4.52623,45.352756],[4.525766,45.352108],[4.525638,45.351453],[4.525777,45.349813],[4.525906,45.349249],[4.526099,45.3487],[4.526152,45.348153],[4.526249,45.347546],[4.525787,45.347012],[4.5256,45.346562],[4.525477,45.345871],[4.525133,45.345585],[4.523696,45.344906],[4.522408,45.344742],[4.520971,45.3438],[4.520241,45.343609],[4.51904,45.343414],[4.518514,45.343082],[4.518052,45.342567],[4.517494,45.34235],[4.516475,45.342194],[4.515585,45.341904],[4.51492,45.341625],[4.51434,45.341523],[4.513948,45.341302],[4.513495,45.341173],[4.513052,45.340946],[4.512924,45.340675],[4.511229,45.340282],[4.508386,45.33987],[4.507603,45.339615],[4.506562,45.339687],[4.505628,45.34005],[4.504952,45.340195],[4.505199,45.340405],[4.504255,45.340336],[4.503761,45.340419],[4.502452,45.340313],[4.501529,45.339878],[4.500253,45.338776],[4.499126,45.338322],[4.498064,45.337585],[4.497099,45.337486],[4.496616,45.337117],[4.496412,45.336808],[4.496369,45.336062],[4.495897,45.335457],[4.495661,45.335045],[4.495082,45.334667],[4.494213,45.334394],[4.493242,45.333788],[4.492464,45.333272],[4.490726,45.332955],[4.490265,45.332675],[4.489997,45.332215],[4.489471,45.331589],[4.489954,45.331053],[4.490136,45.330571],[4.49002,45.329989],[4.489787,45.329452],[4.489685,45.329026],[4.488795,45.328511],[4.488483,45.328201],[4.488049,45.328058],[4.4871,45.327968],[4.48593,45.327522],[4.484364,45.327538],[4.48372,45.327667],[4.482572,45.3275],[4.481424,45.326713],[4.481349,45.326499],[4.48151,45.325886],[4.48225,45.324451],[4.483564,45.323336],[4.484106,45.32296],[4.484369,45.322463],[4.484396,45.322009],[4.484144,45.321713],[4.484074,45.321548],[4.483723,45.32135],[4.483575,45.321197],[4.48358,45.320632],[4.483344,45.319926],[4.483098,45.31959],[4.482971,45.31938],[4.482899,45.319177],[4.482609,45.318858],[4.482532,45.318532],[4.482326,45.318292],[4.482228,45.31812],[4.481837,45.317969],[4.480952,45.317097],[4.48085,45.316532],[4.480131,45.316049],[4.479841,45.315815],[4.479423,45.315619],[4.479005,45.315264],[4.478351,45.314288],[4.477681,45.312165],[4.477436,45.311483],[4.477292,45.310929],[4.477261,45.310556],[4.477401,45.309919],[4.477401,45.309589],[4.477541,45.309252],[4.477509,45.309047],[4.477187,45.308535],[4.4768,45.308159],[4.477068,45.30772],[4.476698,45.307493],[4.476113,45.307251],[4.476344,45.307024],[4.476425,45.306873],[4.476779,45.306684],[4.478013,45.304973],[4.478699,45.304353],[4.478774,45.30274],[4.478538,45.301582],[4.478753,45.300587],[4.479718,45.29935],[4.480662,45.298504],[4.48064,45.298014],[4.480447,45.297751],[4.47974,45.297344],[4.479326,45.297027],[4.478441,45.296528],[4.477551,45.296383],[4.476585,45.296559],[4.475588,45.296936],[4.474547,45.297058],[4.473871,45.297337],[4.473753,45.297223],[4.474075,45.29667],[4.47401,45.296262],[4.473881,45.295744],[4.473335,45.294912],[4.473302,45.294538],[4.473506,45.294224],[4.474874,45.293489],[4.475199,45.293235],[4.476103,45.292709],[4.476724,45.292068],[4.47791,45.291192],[4.478165,45.29111],[4.478269,45.291011],[4.47753,45.290436],[4.477003,45.290105],[4.476532,45.289532],[4.475963,45.28941],[4.474225,45.28861],[4.473807,45.2883],[4.473474,45.287403],[4.472874,45.286647],[4.472321,45.286225],[4.471028,45.285667],[4.469183,45.285039],[4.467455,45.285153],[4.465599,45.285313],[4.464907,45.285069],[4.464776,45.284541],[4.464762,45.283846],[4.464859,45.283092],[4.464569,45.282335],[4.464398,45.28173],[4.464402,45.28125],[4.464827,45.280138],[4.46491,45.279614],[4.464886,45.279045],[4.465417,45.277884],[4.465505,45.277291],[4.465449,45.276789],[4.465176,45.276322],[4.464767,45.275974],[4.464285,45.275936],[4.463992,45.275397],[4.463904,45.274907],[4.463987,45.274649],[4.463973,45.274453],[4.464169,45.274052],[4.46429,45.273564],[4.464199,45.273369],[4.464376,45.273059],[4.463636,45.272282],[4.463271,45.272125],[4.463271,45.271921],[4.463491,45.271638],[4.463754,45.270924],[4.463496,45.270264],[4.463689,45.270039],[4.463657,45.269882],[4.463024,45.269367],[4.462944,45.269064],[4.462786,45.268301],[4.462456,45.267025],[4.461919,45.265953],[4.461876,45.265757],[4.461292,45.265393],[4.460385,45.265029],[4.459795,45.264844],[4.458062,45.26455],[4.457156,45.264323],[4.456351,45.263967],[4.455707,45.263483],[4.454892,45.262449],[4.454785,45.262155],[4.454746,45.261307],[4.454881,45.26104],[4.45442,45.260116],[4.454076,45.259963],[4.453604,45.259658],[4.454892,45.258689],[4.455728,45.257894],[4.455868,45.257309],[4.456233,45.256569],[4.456308,45.255715],[4.456512,45.255592],[4.456683,45.255356],[4.457274,45.255321],[4.45714,45.2551],[4.456888,45.254922],[4.456507,45.254787],[4.456447,45.254566],[4.457295,45.25428],[4.4576,45.254327],[4.457901,45.254463],[4.457906,45.254283],[4.45759,45.253867],[4.457059,45.253596],[4.456818,45.253579],[4.45641,45.253654],[4.456681,45.253475],[4.456672,45.253349],[4.457118,45.253243],[4.457627,45.253303],[4.458572,45.253124],[4.45877,45.252981],[4.460095,45.252399],[4.460524,45.251687],[4.46127,45.250931],[4.461211,45.250654],[4.461608,45.250064],[4.461758,45.249673],[4.461759,45.249301],[4.46154,45.248945],[4.461128,45.248709],[4.460932,45.248477],[4.460983,45.24823],[4.461199,45.248056],[4.461393,45.24798],[4.461983,45.247967],[4.462772,45.248066],[4.463716,45.248272],[4.464062,45.248271],[4.464349,45.248214],[4.464717,45.248087],[4.465095,45.248028],[4.465428,45.248032],[4.465792,45.248105],[4.466222,45.248279],[4.466656,45.248623],[4.4669,45.248688],[4.467664,45.249009],[4.468016,45.249071],[4.46848,45.249065],[4.468856,45.248964],[4.469194,45.248824],[4.46937,45.248629],[4.469472,45.247877],[4.469623,45.247405],[4.469585,45.246907],[4.469623,45.246349],[4.469917,45.245873],[4.470033,45.24546],[4.470105,45.244814],[4.470256,45.244026],[4.470154,45.24347],[4.470148,45.242955],[4.470261,45.242489],[4.470406,45.242279],[4.470314,45.241714],[4.470403,45.241511],[4.470878,45.240878],[4.471494,45.240186],[4.471559,45.239998],[4.473694,45.239322],[4.474271,45.239048],[4.474944,45.238811],[4.475523,45.238499],[4.475813,45.238449],[4.475883,45.238159],[4.475877,45.237896],[4.476625,45.237442],[4.477342,45.236951],[4.477985,45.236397],[4.478849,45.235668],[4.479525,45.234827],[4.479922,45.234433],[4.4804,45.234081],[4.480882,45.233833],[4.48152,45.233643],[4.482137,45.233561],[4.482942,45.233346],[4.48343,45.233121],[4.48358,45.233013],[4.483758,45.232546],[4.484225,45.232004],[4.486767,45.230892],[4.486907,45.229931],[4.486778,45.229343],[4.486928,45.228955],[4.487261,45.228493],[4.487301,45.227936],[4.487615,45.227197],[4.488575,45.225939],[4.488991,45.225641],[4.489095,45.225525],[4.489004,45.224945],[4.488725,45.224628],[4.488516,45.224552],[4.488082,45.224347],[4.487583,45.224263],[4.487336,45.224106],[4.487078,45.223987],[4.486541,45.22393],[4.485732,45.224054],[4.484621,45.224185],[4.484278,45.22416],[4.484099,45.223791],[4.484005,45.223225],[4.48371,45.222359],[4.483474,45.221911],[4.483108,45.220878],[4.483044,45.219899],[4.483077,45.218422],[4.482851,45.217771],[4.482186,45.216887],[4.481886,45.216377],[4.481564,45.216064]]],"type":"MultiLineString"},"properties":{"geo_point":{"lon":4.493601626356923,"lat":45.5891614921951},"name":"GR7 De Les Sauvages (Rhône) au Col de la Charousse (Haute-Loire, Ardèche) (2019)","code_gr":"GR7"}},{"type":"Feature","geometry":{"coordinates":[[[3.904422,44.592043],[3.904631,44.593309],[3.904318,44.593917],[3.90423,44.594388],[3.903917,44.594376],[3.903742,44.593954],[3.902854,44.593942],[3.902435,44.59409],[3.9024,44.593966],[3.902819,44.593557],[3.902644,44.593098],[3.902121,44.592551],[3.901616,44.591596],[3.900169,44.589659],[3.899769,44.589473],[3.899159,44.590044],[3.898618,44.591261],[3.898549,44.592142],[3.897956,44.592887],[3.89698,44.593706],[3.894906,44.592738],[3.892919,44.592539],[3.891803,44.592539],[3.891281,44.592353],[3.890165,44.591608],[3.889625,44.590988],[3.889259,44.590268],[3.88844,44.58992],[3.887533,44.589858],[3.886244,44.589672],[3.885529,44.589337],[3.885912,44.58889],[3.886191,44.587984],[3.886069,44.587711],[3.884814,44.586792],[3.885024,44.586296],[3.884466,44.585402],[3.883194,44.585303],[3.88213,44.585079],[3.880736,44.583577],[3.880021,44.583441],[3.879638,44.584086],[3.879202,44.58462],[3.878244,44.585538],[3.87413,44.586283],[3.872544,44.586333],[3.870941,44.586122],[3.86925,44.585725],[3.867926,44.585191],[3.866462,44.584843],[3.864196,44.585402],[3.86315,44.58534],[3.86186,44.585327],[3.859647,44.584359],[3.858444,44.584111],[3.857172,44.58354],[3.856353,44.58359],[3.853651,44.582745],[3.852989,44.582957],[3.852344,44.582969],[3.852205,44.583254],[3.852501,44.583528],[3.853094,44.583689],[3.854,44.584719],[3.854261,44.58539],[3.854174,44.585998],[3.851926,44.587698],[3.851386,44.587897],[3.850793,44.588617],[3.849921,44.589138],[3.850253,44.589635],[3.850793,44.591546],[3.851229,44.592986],[3.852065,44.593172],[3.853442,44.593929],[3.854139,44.594736],[3.852745,44.595046],[3.852648,44.595051],[3.851889,44.594981],[3.850473,44.594506],[3.849651,44.594583],[3.847366,44.595354],[3.846782,44.595729],[3.846578,44.596021],[3.846309,44.596734],[3.845907,44.596982],[3.845588,44.597057],[3.845247,44.597269],[3.844587,44.597586],[3.843204,44.598556],[3.842592,44.598578],[3.841803,44.598242],[3.841315,44.597952],[3.839803,44.597654],[3.838875,44.597662],[3.838247,44.597891],[3.836927,44.598128],[3.835435,44.598113],[3.833591,44.597715],[3.83078,44.597372],[3.829921,44.59702],[3.829557,44.596776],[3.82857,44.596333],[3.828044,44.596569],[3.826907,44.596722],[3.826604,44.596726],[3.825828,44.596913],[3.824549,44.597001],[3.823634,44.597127],[3.822728,44.596986],[3.822226,44.596827],[3.821692,44.596715],[3.821081,44.596631],[3.820716,44.596463],[3.820368,44.596359],[3.820158,44.596325],[3.819791,44.596174],[3.81908,44.595939],[3.818827,44.595679],[3.818248,44.595431],[3.817521,44.595216],[3.816811,44.594948],[3.816199,44.594774],[3.815707,44.59461],[3.815107,44.594461],[3.81453,44.594361],[3.814162,44.594366],[3.813535,44.594493],[3.81268,44.594514],[3.812546,44.594439],[3.812251,44.594448],[3.811532,44.594285],[3.810566,44.594165],[3.809467,44.593884],[3.808243,44.593926],[3.80786,44.593892],[3.806682,44.593903],[3.805079,44.593559],[3.80444,44.593204],[3.804059,44.592864],[3.803609,44.592314],[3.803158,44.591877],[3.802852,44.591676],[3.802096,44.591519],[3.800803,44.59111],[3.800079,44.59077],[3.799634,44.5904],[3.798711,44.5899],[3.798091,44.58952],[3.797847,44.5894],[3.797394,44.589327],[3.79684,44.589373],[3.796099,44.589304],[3.794956,44.589002],[3.793213,44.588994],[3.792419,44.588857],[3.791936,44.588742],[3.79156,44.588589],[3.791036,44.58847],[3.790576,44.588427],[3.789754,44.588302],[3.789178,44.588176],[3.788653,44.588001],[3.786767,44.587157],[3.786427,44.586962],[3.786268,44.58665],[3.785992,44.586322],[3.785678,44.586107],[3.785285,44.585463],[3.783911,44.583976],[3.783118,44.582753],[3.782907,44.582208],[3.782775,44.58185],[3.782062,44.580815],[3.78193,44.579988],[3.781296,44.579216],[3.780239,44.577466],[3.777676,44.57724],[3.777016,44.577391],[3.77662,44.577748],[3.775906,44.577748],[3.77581,44.577758],[3.775365,44.577639],[3.774394,44.577081],[3.774272,44.577103],[3.773807,44.577415],[3.773123,44.577788],[3.772093,44.578132],[3.771433,44.578652],[3.770623,44.578648],[3.769928,44.578478],[3.769249,44.578212],[3.768456,44.578186],[3.76528,44.577406],[3.763686,44.577295],[3.761943,44.577107],[3.762061,44.577352],[3.761633,44.577589],[3.761063,44.577376],[3.759594,44.576473],[3.758585,44.575113],[3.758264,44.574632],[3.758,44.573871],[3.757869,44.573571],[3.757619,44.572476],[3.757346,44.572186],[3.757212,44.571483],[3.75689,44.571292],[3.756847,44.570964],[3.757341,44.570772],[3.757619,44.570352],[3.757491,44.570069],[3.75718,44.569886],[3.756644,44.569993],[3.756268,44.569648],[3.756042,44.568968],[3.755678,44.568395],[3.754498,44.567982],[3.75439,44.567669],[3.755109,44.568013],[3.756198,44.56828],[3.756493,44.5682],[3.756869,44.567975],[3.756815,44.567531],[3.756643,44.567199],[3.756477,44.567073],[3.756416,44.566825],[3.756553,44.566259],[3.756461,44.565567],[3.756332,44.565053],[3.756074,44.564263],[3.756069,44.563639],[3.755967,44.563098],[3.755936,44.562689],[3.755822,44.562142],[3.755291,44.561171],[3.754074,44.561929],[3.753924,44.561806],[3.753006,44.561596],[3.752523,44.561806],[3.752201,44.562173],[3.751558,44.562326],[3.750495,44.562448],[3.747538,44.562968],[3.746032,44.562991],[3.745078,44.563457],[3.744134,44.563197],[3.743328,44.562869],[3.742041,44.562219],[3.742171,44.561959],[3.741115,44.56145],[3.739477,44.560923],[3.73768,44.560114],[3.737073,44.55938],[3.736888,44.558194],[3.736465,44.557554],[3.735408,44.556707],[3.735118,44.555634],[3.735197,44.554279],[3.73422,44.553846],[3.733084,44.55266],[3.732714,44.551813],[3.732344,44.550438],[3.731155,44.548537],[3.730231,44.547727],[3.730336,44.547313],[3.730997,44.546522],[3.731023,44.54646],[3.731055,44.545995],[3.731173,44.545726],[3.731742,44.545543],[3.732686,44.544821],[3.732814,44.544557],[3.733716,44.54393],[3.73422,44.542852],[3.734628,44.541819],[3.735625,44.540757],[3.73585,44.540297],[3.736752,44.539655],[3.737042,44.538974],[3.737503,44.538876],[3.739273,44.539211],[3.739981,44.539238],[3.740593,44.539028],[3.741188,44.538516],[3.741784,44.538064],[3.74202,44.537636],[3.742331,44.537498],[3.741789,44.537063],[3.740936,44.536841],[3.740218,44.53636],[3.738447,44.535882],[3.737814,44.535664],[3.734681,44.534876],[3.734086,44.534692],[3.733554,44.534639],[3.731977,44.53421],[3.731559,44.533958],[3.731162,44.53366],[3.730251,44.533063],[3.729724,44.53252],[3.729328,44.532068],[3.729049,44.531212],[3.729178,44.530294],[3.729446,44.529606],[3.729435,44.527778],[3.729681,44.527274],[3.730208,44.5266],[3.730283,44.526133],[3.730599,44.525453],[3.731409,44.524099],[3.731977,44.52338],[3.732053,44.522692],[3.731431,44.521399],[3.731249,44.520542],[3.730336,44.518959],[3.728706,44.517244],[3.727987,44.516243],[3.727697,44.51534],[3.727687,44.514659],[3.727874,44.514288],[3.728126,44.513366],[3.728212,44.512861],[3.72863,44.512433],[3.729156,44.512058],[3.729274,44.511729],[3.7298,44.511377],[3.730304,44.512035],[3.730594,44.512272],[3.73098,44.512915],[3.731376,44.512899],[3.731162,44.511136],[3.731098,44.510443],[3.73069,44.50925],[3.730272,44.508623],[3.730143,44.507819],[3.729708,44.507111],[3.729158,44.50662],[3.728705,44.506128],[3.72841,44.505424],[3.727826,44.504491],[3.727831,44.503052],[3.727976,44.502118],[3.727925,44.501855],[3.727016,44.500489],[3.726742,44.500145],[3.726865,44.499988],[3.727482,44.499999],[3.728222,44.500841],[3.728469,44.5012],[3.728662,44.501178],[3.728405,44.500787],[3.728207,44.500236],[3.728137,44.499417],[3.728029,44.49931],[3.727042,44.499203],[3.72656,44.499031],[3.72553,44.498239],[3.726517,44.497535],[3.727064,44.496739],[3.727375,44.495748],[3.72775,44.495315],[3.72921,44.494428],[3.72995,44.493922],[3.732707,44.493005],[3.735303,44.492446],[3.735845,44.49222],[3.736709,44.49171],[3.73746,44.49077],[3.739021,44.490222],[3.739498,44.49018],[3.739241,44.489208],[3.738463,44.489024],[3.737938,44.488787],[3.737541,44.488313],[3.736591,44.487804],[3.736253,44.487528],[3.735454,44.486638],[3.735638,44.486568],[3.736353,44.486568],[3.736559,44.486916],[3.736857,44.486508],[3.737283,44.486161],[3.73754,44.486296],[3.737795,44.486098],[3.73813,44.485591],[3.738678,44.485022],[3.739376,44.484282],[3.740132,44.483613],[3.740215,44.483429],[3.740164,44.483307],[3.739059,44.482832],[3.738967,44.482752],[3.738911,44.482546],[3.73893,44.482332],[3.739107,44.481955],[3.739389,44.481632],[3.739617,44.481045],[3.739657,44.480718],[3.739896,44.480329],[3.739928,44.480168],[3.740399,44.479349],[3.740475,44.478316],[3.740448,44.477627],[3.740278,44.477298],[3.740064,44.476708],[3.739917,44.475721],[3.739617,44.475219],[3.738716,44.474587],[3.73856,44.474365],[3.738313,44.473565],[3.738337,44.473142],[3.738281,44.472777],[3.738072,44.472337],[3.738094,44.471851],[3.738206,44.471573],[3.738587,44.470951],[3.739236,44.470656],[3.739493,44.470513],[3.739783,44.470308],[3.74022,44.470069],[3.740626,44.469629],[3.741172,44.469159],[3.741526,44.468872],[3.741838,44.468661],[3.742332,44.468462],[3.742591,44.468445],[3.743146,44.46852],[3.743576,44.468539],[3.744177,44.468647],[3.74453,44.46857],[3.745657,44.467617],[3.746183,44.467046],[3.746472,44.466545],[3.746544,44.466173],[3.746668,44.465856],[3.746789,44.46566],[3.747231,44.465344],[3.747438,44.465048],[3.747671,44.46487],[3.747711,44.464738],[3.747995,44.46429],[3.748159,44.46414],[3.74828,44.463922],[3.748301,44.463122],[3.748188,44.46285],[3.748138,44.462554],[3.747949,44.461981],[3.747878,44.46148],[3.748291,44.460028],[3.748414,44.459358],[3.748779,44.458351],[3.749439,44.457126],[3.749503,44.456812],[3.749439,44.456499],[3.749305,44.454358],[3.749219,44.453918],[3.748784,44.453087],[3.748589,44.452923],[3.747813,44.45167],[3.74762,44.450513],[3.747566,44.450306],[3.747717,44.44977],[3.747486,44.448296],[3.747577,44.44758],[3.748372,44.446714],[3.749455,44.445703],[3.749573,44.445412],[3.749788,44.444424],[3.750013,44.444242],[3.750356,44.443876],[3.750635,44.443658],[3.751268,44.443351],[3.751619,44.443001],[3.75172,44.442818],[3.75188,44.442576],[3.75211,44.442437],[3.75212,44.442314],[3.752269,44.442184],[3.752658,44.441073],[3.752582,44.44046],[3.752331,44.439388],[3.752316,44.438297],[3.753187,44.436826],[3.753478,44.435845],[3.755345,44.43438],[3.7557,44.434125],[3.75592,44.433861],[3.75638,44.433607],[3.757231,44.433623],[3.758049,44.433692],[3.759358,44.43339],[3.760007,44.433118],[3.760704,44.432911],[3.76219,44.432554],[3.763456,44.431903],[3.764207,44.43124],[3.764674,44.430723],[3.76484,44.430302],[3.764776,44.430007],[3.764797,44.429608],[3.76454,44.428873],[3.76454,44.427463],[3.765323,44.426345],[3.765451,44.424989],[3.765763,44.424774],[3.766954,44.424713],[3.767941,44.424399],[3.76899,44.423849],[3.771702,44.42469],[3.771814,44.424763],[3.772225,44.424515],[3.772656,44.424299],[3.774823,44.423629],[3.775574,44.423471],[3.776215,44.423188],[3.777082,44.422659],[3.777779,44.422142],[3.77853,44.421473],[3.779437,44.420695],[3.779732,44.420414],[3.780354,44.41992],[3.781727,44.41897],[3.781974,44.41855],[3.782296,44.417816],[3.782747,44.417283],[3.783165,44.416897],[3.783423,44.41654],[3.783659,44.416007],[3.783785,44.415655],[3.784093,44.414444],[3.784463,44.413762],[3.784721,44.413026],[3.784785,44.412336],[3.784581,44.411455],[3.784297,44.410953],[3.783798,44.410516],[3.783358,44.410083],[3.783229,44.409781],[3.783305,44.409218],[3.78353,44.408674],[3.783685,44.408095],[3.783787,44.407863],[3.783975,44.4076],[3.784198,44.407114],[3.784454,44.406744],[3.784989,44.406228],[3.785332,44.405718],[3.785697,44.405118],[3.785708,44.404729],[3.785847,44.40445],[3.785793,44.403856],[3.78567,44.403637],[3.785694,44.40345],[3.785826,44.403274],[3.78577,44.403009],[3.78589,44.402675],[3.785976,44.401997],[3.785931,44.401574],[3.786024,44.401334],[3.786078,44.401116],[3.786512,44.400612],[3.787006,44.400269],[3.787247,44.39997],[3.787393,44.399959],[3.787501,44.400205],[3.78762,44.400282],[3.787703,44.400568],[3.788079,44.400645],[3.788413,44.400441],[3.788747,44.400183],[3.789157,44.400061],[3.789356,44.39991],[3.789329,44.39959],[3.789431,44.399464],[3.78945,44.399061],[3.789671,44.398653],[3.789619,44.398505],[3.789841,44.398231],[3.789927,44.397784],[3.790017,44.397625],[3.79002,44.397484],[3.790119,44.397374],[3.790118,44.39721],[3.790547,44.396662],[3.790504,44.396513],[3.790664,44.396272],[3.790727,44.396116],[3.790895,44.395926],[3.79103,44.395623],[3.791228,44.395447],[3.791724,44.394744],[3.791894,44.39435],[3.792097,44.39394],[3.792094,44.393806],[3.792279,44.393377],[3.792239,44.393262],[3.792284,44.393017],[3.792257,44.392779],[3.792441,44.39249],[3.79255,44.392208],[3.792736,44.392001],[3.793052,44.39194],[3.793642,44.392032],[3.79451,44.392679],[3.795117,44.392806],[3.796265,44.392599],[3.797144,44.392132],[3.797596,44.391778],[3.798282,44.391825],[3.798507,44.391733],[3.798701,44.390966],[3.799817,44.390015],[3.800631,44.389908],[3.801243,44.389801],[3.801865,44.389832],[3.802483,44.389671],[3.802821,44.389479],[3.803206,44.38895],[3.803572,44.387738],[3.803593,44.387408],[3.804134,44.386879],[3.804537,44.386703],[3.805009,44.386726],[3.805857,44.386489],[3.806586,44.386336],[3.807348,44.385906],[3.808613,44.384901],[3.810244,44.383329],[3.810298,44.382993],[3.811178,44.382455],[3.811822,44.381934],[3.811978,44.381894],[3.811994,44.381715],[3.812229,44.38119],[3.8129,44.380124],[3.813796,44.379304],[3.814265,44.379026],[3.814831,44.37848],[3.815572,44.377924],[3.816395,44.377598],[3.816723,44.377341],[3.817095,44.376968],[3.817856,44.376321],[3.818008,44.376104],[3.818358,44.375861],[3.818564,44.375514],[3.818586,44.375198],[3.81885,44.374864],[3.818908,44.374657],[3.81886,44.374235],[3.818935,44.373525],[3.819187,44.373339],[3.819297,44.37292],[3.819428,44.372808],[3.820405,44.372703],[3.82063,44.372729],[3.821263,44.372935],[3.821585,44.37328],[3.821795,44.373698],[3.822068,44.373718],[3.822781,44.373683],[3.82269,44.373171],[3.822652,44.372724],[3.822615,44.372544],[3.822932,44.372057],[3.823194,44.371597],[3.823229,44.371399],[3.823317,44.371278],[3.823763,44.370335],[3.824165,44.369802],[3.824418,44.369572],[3.824953,44.368866],[3.825442,44.368088],[3.825587,44.367985],[3.825849,44.367525],[3.825994,44.367374],[3.826364,44.366849],[3.826439,44.366662],[3.826842,44.366475],[3.827137,44.365857],[3.827293,44.365649],[3.827631,44.364889],[3.827883,44.364656],[3.828264,44.364012],[3.828851,44.363337],[3.829021,44.36303],[3.829283,44.362738],[3.82932,44.3626],[3.829462,44.362525],[3.829792,44.362132],[3.830053,44.361983],[3.830566,44.361493],[3.830747,44.361261],[3.831142,44.360945],[3.831659,44.360656],[3.831862,44.360361],[3.832032,44.360243],[3.832446,44.35978],[3.832675,44.359674],[3.832738,44.359457],[3.833059,44.359133],[3.833247,44.358807],[3.833462,44.358548],[3.833484,44.358335],[3.833631,44.358285],[3.834036,44.3584],[3.834081,44.358314],[3.834298,44.358262],[3.8344,44.357618],[3.83458,44.357409],[3.834766,44.357105],[3.835216,44.35692],[3.835533,44.356521],[3.835812,44.356259],[3.836037,44.356178],[3.836142,44.356033],[3.836278,44.355523],[3.836466,44.355214],[3.83667,44.355075],[3.837019,44.354956],[3.837182,44.354774],[3.837281,44.354458],[3.837424,44.354293],[3.837528,44.353844],[3.837577,44.35361],[3.837695,44.353489],[3.837833,44.353437],[3.837888,44.353211],[3.837971,44.352962],[3.83792,44.352931],[3.838049,44.352608],[3.838193,44.352428],[3.838123,44.351535],[3.838201,44.351174],[3.83802,44.350959],[3.837947,44.350717],[3.837863,44.350581],[3.837773,44.350231],[3.837652,44.350027],[3.837732,44.349755],[3.837665,44.34954],[3.83743,44.34945],[3.837389,44.34934],[3.837568,44.349001],[3.837597,44.34885],[3.8374,44.348838],[3.837534,44.348554],[3.837502,44.348332],[3.837373,44.347902],[3.837396,44.347475],[3.837466,44.347334],[3.83744,44.34712],[3.837802,44.345907],[3.838038,44.345382],[3.838212,44.344494],[3.838134,44.344089],[3.838142,44.343757],[3.838301,44.343107],[3.838287,44.342888],[3.838199,44.342669],[3.837883,44.341288],[3.837888,44.341096],[3.837581,44.340156],[3.837029,44.33919],[3.836449,44.338384],[3.835173,44.337209],[3.834761,44.336873],[3.834491,44.336534],[3.834108,44.336371],[3.833517,44.335801],[3.83329,44.335614],[3.833106,44.335393],[3.832949,44.335023],[3.832726,44.334865],[3.832627,44.334658],[3.832267,44.334389],[3.832147,44.334132],[3.831842,44.334073],[3.83159,44.33394],[3.831102,44.333546],[3.830962,44.333208],[3.830463,44.331746],[3.830082,44.330875],[3.829856,44.330521],[3.828817,44.329785],[3.828054,44.32967],[3.827701,44.329478],[3.826745,44.329317],[3.825909,44.328979],[3.825297,44.329155],[3.824492,44.329048],[3.824106,44.329247],[3.823462,44.329332],[3.820641,44.329962],[3.8199,44.330015],[3.819407,44.329969],[3.818151,44.329985],[3.817497,44.329823],[3.816982,44.329416],[3.816559,44.329063],[3.816385,44.328622],[3.816221,44.328403],[3.816027,44.32759],[3.816242,44.327029],[3.816494,44.326588],[3.816768,44.326277],[3.816709,44.326078],[3.816883,44.325832],[3.817015,44.325533],[3.817058,44.325276],[3.817058,44.32505],[3.817229,44.324693],[3.817497,44.324436],[3.817631,44.323981],[3.817658,44.3234],[3.817545,44.322582],[3.817252,44.321535],[3.817269,44.321364],[3.817174,44.32077],[3.817054,44.320617],[3.817083,44.320525],[3.817121,44.320235],[3.816977,44.319792],[3.81684,44.318422],[3.816639,44.317489],[3.816435,44.316328],[3.816414,44.315984],[3.81628,44.31567],[3.816223,44.315274],[3.816006,44.314342],[3.815993,44.314194],[3.815625,44.313371],[3.815998,44.312586],[3.816162,44.311977],[3.816279,44.311632],[3.816211,44.311196],[3.81608,44.310817],[3.816002,44.31037],[3.815746,44.309451],[3.815704,44.309092],[3.815491,44.308565],[3.815427,44.308307],[3.815266,44.308203],[3.815159,44.308008],[3.815464,44.307167],[3.815706,44.305846],[3.815867,44.30562],[3.815872,44.305413],[3.815778,44.3052],[3.815743,44.304452],[3.816092,44.304153],[3.815935,44.303666],[3.815705,44.303313],[3.815379,44.302407],[3.815045,44.3021],[3.814156,44.301738],[3.813823,44.301313],[3.813093,44.300588],[3.812712,44.300442],[3.811956,44.300413],[3.811629,44.300376],[3.811157,44.300453],[3.810749,44.30035],[3.809644,44.299979],[3.809386,44.299973],[3.809225,44.299529],[3.8087,44.298886],[3.808625,44.298341],[3.80848,44.298159],[3.807691,44.297631],[3.807359,44.29747],[3.806758,44.29727],[3.805937,44.296821],[3.805239,44.297601],[3.804714,44.29735],[3.804006,44.297335],[3.803432,44.297251],[3.802799,44.297159],[3.802369,44.296882],[3.802123,44.29659],[3.801908,44.29623],[3.801361,44.295715],[3.801071,44.295354],[3.800959,44.294977],[3.801061,44.29434],[3.801383,44.293818],[3.801334,44.293246],[3.800857,44.292151],[3.800803,44.291479],[3.800599,44.291084],[3.800664,44.290792],[3.801029,44.290516],[3.803422,44.289456],[3.803491,44.289237],[3.803319,44.288972],[3.803,44.288832],[3.802299,44.288769],[3.80083,44.288785],[3.798357,44.288646],[3.797391,44.288406],[3.79672,44.28812],[3.796445,44.287934],[3.795215,44.287342],[3.794871,44.28711],[3.794559,44.286729],[3.794402,44.286701],[3.794041,44.286749],[3.793942,44.286692],[3.793814,44.286227],[3.793816,44.286045],[3.793749,44.285778],[3.79376,44.285436],[3.793696,44.285331],[3.793525,44.285356],[3.793285,44.285526],[3.793009,44.285674],[3.792526,44.285818],[3.792,44.286],[3.791745,44.285946],[3.79118,44.285676],[3.791034,44.285547],[3.790635,44.28536],[3.790269,44.28511],[3.790063,44.284997],[3.789983,44.284777],[3.789988,44.284357],[3.789414,44.284249],[3.789266,44.284094],[3.789032,44.283689],[3.788714,44.283337],[3.788407,44.282877],[3.788207,44.282444],[3.788009,44.282248],[3.787668,44.28205],[3.787542,44.28191],[3.787536,44.281772],[3.787701,44.28143],[3.787758,44.281157],[3.787923,44.280731],[3.788291,44.280566],[3.788364,44.280362],[3.788096,44.280194],[3.787865,44.280116],[3.78765,44.279744],[3.787521,44.279358],[3.787377,44.27921],[3.787202,44.279102],[3.786963,44.278749],[3.787376,44.278619],[3.787644,44.278431],[3.78771,44.27801],[3.787862,44.277743],[3.7878,44.277486],[3.787974,44.277442],[3.788546,44.277178],[3.788793,44.276806],[3.789104,44.276521],[3.789581,44.276168],[3.789572,44.275986],[3.789704,44.275881],[3.789682,44.275593],[3.789833,44.275255],[3.789978,44.275154],[3.79038,44.275156],[3.790898,44.275259],[3.791009,44.275349],[3.791356,44.275362],[3.791453,44.275285],[3.791732,44.274763],[3.791845,44.274628],[3.791885,44.274426],[3.792139,44.274232],[3.79231,44.274068],[3.792544,44.273912],[3.792885,44.273599],[3.793126,44.27353],[3.793314,44.27343],[3.793401,44.273159],[3.79388,44.272908],[3.794414,44.272385],[3.795155,44.271459],[3.795616,44.270503],[3.795742,44.270322],[3.796158,44.269834],[3.79649,44.269815],[3.797153,44.269425],[3.797842,44.269201],[3.79823,44.268895],[3.798472,44.268738],[3.799022,44.268555],[3.799462,44.268513],[3.799755,44.268434],[3.800138,44.268117],[3.800535,44.267902],[3.801382,44.267084],[3.801782,44.266185],[3.801399,44.266054],[3.800905,44.265693],[3.800626,44.265547],[3.800374,44.265265],[3.800079,44.264779],[3.799709,44.264702],[3.799285,44.264122],[3.798668,44.263546],[3.798515,44.263434],[3.798009,44.263223],[3.797623,44.262801],[3.797086,44.26247],[3.795957,44.262066],[3.796142,44.261574],[3.795191,44.261139],[3.794149,44.261892],[3.793765,44.262004],[3.793382,44.262278],[3.792708,44.262445],[3.791325,44.26309],[3.790357,44.263353],[3.7893,44.263239],[3.788058,44.263693],[3.787134,44.263864],[3.786156,44.263391],[3.784096,44.263504],[3.782432,44.264166],[3.782275,44.264176],[3.781491,44.265006],[3.780912,44.265237],[3.78,44.265467],[3.779774,44.26539],[3.77999,44.264176],[3.779764,44.263961],[3.777768,44.263826],[3.777221,44.263646],[3.775612,44.263615],[3.775124,44.263672],[3.774861,44.263607],[3.774828,44.262824],[3.77528,44.261963],[3.775205,44.261641],[3.774454,44.260657],[3.773219,44.260065],[3.772307,44.258975],[3.772253,44.258144],[3.766423,44.255558],[3.765948,44.254454],[3.765763,44.253173],[3.766289,44.252235],[3.766761,44.251743],[3.76691,44.251382],[3.767447,44.250768],[3.767769,44.24993],[3.767951,44.249238],[3.767683,44.248815],[3.767458,44.248339],[3.767297,44.248377],[3.767018,44.248631],[3.765086,44.249606],[3.764336,44.249761],[3.763424,44.249807],[3.762715,44.249607],[3.761697,44.24883],[3.761525,44.248845],[3.760709,44.249568],[3.760345,44.249683],[3.759905,44.249599],[3.759004,44.248546],[3.758553,44.248131],[3.757995,44.247378],[3.757534,44.246963],[3.757212,44.246679],[3.757148,44.246095],[3.757341,44.245487],[3.757609,44.24518],[3.758274,44.244872],[3.758692,44.244373],[3.758607,44.244227],[3.758242,44.244196],[3.75777,44.244265],[3.756429,44.243659],[3.755978,44.243336],[3.755238,44.243397],[3.754949,44.243266],[3.754873,44.243013],[3.755099,44.242406],[3.754948,44.242198],[3.754433,44.242221],[3.754015,44.242582],[3.753119,44.24287],[3.752244,44.243174],[3.751761,44.243228],[3.750721,44.242997],[3.75026,44.242951],[3.749938,44.242751],[3.748629,44.242443],[3.748167,44.241883],[3.747728,44.24176],[3.747266,44.241753],[3.74644,44.242105],[3.745721,44.242221],[3.744992,44.242405],[3.744252,44.242052],[3.743823,44.242036],[3.743286,44.242329],[3.742686,44.242574],[3.742417,44.242313],[3.742159,44.242336],[3.741783,44.242459],[3.740775,44.242475],[3.740035,44.242613],[3.739263,44.242698],[3.738704,44.242905],[3.737954,44.242836],[3.737599,44.242652],[3.737331,44.242667],[3.73701,44.242898],[3.736763,44.242905],[3.736323,44.242667],[3.735904,44.242659],[3.735325,44.242951],[3.734821,44.24259],[3.733973,44.242375],[3.733652,44.242274],[3.732965,44.242129],[3.731871,44.242651],[3.731635,44.242843],[3.730744,44.243266],[3.73039,44.243546],[3.729864,44.243781],[3.728829,44.243789],[3.727933,44.243858],[3.72716,44.243796],[3.726814,44.243556],[3.726468,44.243408],[3.725819,44.243374],[3.724961,44.24352],[3.724044,44.243627],[3.723738,44.24347],[3.72332,44.243397],[3.722993,44.243259],[3.72244,44.243181],[3.722011,44.242913],[3.721635,44.242859],[3.720906,44.24259],[3.719047,44.242691],[3.718663,44.242417],[3.717862,44.24153],[3.717652,44.240768],[3.717339,44.240469],[3.716154,44.240119],[3.714568,44.239757],[3.713487,44.239769],[3.712929,44.23962],[3.711831,44.239232],[3.71082,44.239231],[3.709942,44.239037],[3.708938,44.238318],[3.707696,44.237921],[3.706508,44.23741],[3.704474,44.237467],[3.703813,44.23741],[3.702978,44.237179],[3.702559,44.237132],[3.702173,44.237287],[3.701171,44.237353],[3.700537,44.236691],[3.699771,44.236444],[3.698371,44.237012],[3.697609,44.23706],[3.697182,44.237277],[3.696647,44.236606],[3.696358,44.236437],[3.695599,44.23625],[3.694819,44.23619],[3.694132,44.236058],[3.693885,44.23608],[3.693681,44.235934],[3.693772,44.235665],[3.693118,44.234965],[3.691492,44.233201],[3.690972,44.232521],[3.690296,44.231452],[3.689363,44.230429],[3.688751,44.229925],[3.688188,44.229126],[3.687142,44.227961],[3.686777,44.227723],[3.686256,44.227666],[3.685822,44.227738],[3.685023,44.228167],[3.684352,44.228357],[3.682963,44.228492],[3.682654,44.228619],[3.682056,44.228999],[3.681225,44.229328],[3.680838,44.229541],[3.680158,44.230314],[3.679273,44.230935],[3.678934,44.231232],[3.678473,44.231959],[3.677824,44.232643],[3.677561,44.232705],[3.676638,44.232874],[3.675909,44.232843],[3.675108,44.232739],[3.673365,44.232239],[3.672581,44.232165],[3.671779,44.232414],[3.671065,44.232502],[3.67035,44.232702],[3.669496,44.232739],[3.668642,44.232989],[3.668066,44.232839],[3.665856,44.233166],[3.665448,44.233396],[3.664976,44.234096],[3.664418,44.234488],[3.663731,44.234704],[3.662986,44.235134],[3.66253,44.235549],[3.662197,44.236234],[3.661865,44.237087],[3.661543,44.23751],[3.660845,44.237955],[3.660019,44.238339],[3.659215,44.238916],[3.658475,44.239731],[3.658249,44.240653],[3.658571,44.241329],[3.658539,44.241791],[3.658389,44.24216],[3.657541,44.242252],[3.655535,44.243904],[3.654644,44.244119],[3.653722,44.244688],[3.653121,44.245226],[3.651565,44.246418],[3.651244,44.246893],[3.650846,44.247471],[3.650074,44.248054],[3.648936,44.248054],[3.648304,44.248116],[3.647788,44.247993],[3.647521,44.247832],[3.647509,44.247639],[3.647842,44.247348],[3.647885,44.247117],[3.647671,44.246748],[3.647198,44.246103],[3.647155,44.24558],[3.64649,44.245449],[3.646201,44.245111],[3.645922,44.244534],[3.645906,44.244223],[3.64576,44.24375],[3.645847,44.243489],[3.645632,44.243197],[3.645836,44.242735],[3.645815,44.242267],[3.645407,44.241859],[3.645139,44.24086],[3.644709,44.24023],[3.644602,44.239876],[3.644462,44.239746],[3.644462,44.239347],[3.643894,44.239208],[3.64281,44.239085],[3.642515,44.23922],[3.642156,44.239308],[3.641427,44.239569],[3.641008,44.240345],[3.64077,44.240612],[3.640633,44.240951],[3.640268,44.241303],[3.64016,44.241614],[3.63986,44.242013],[3.639308,44.24224],[3.639055,44.242254],[3.638803,44.242205],[3.638342,44.242179],[3.637907,44.242194],[3.637451,44.24234],[3.63743,44.242428],[3.637473,44.242494],[3.637907,44.242521],[3.638353,44.242648],[3.638439,44.242728],[3.638355,44.242968],[3.637843,44.243097],[3.637102,44.243028],[3.636405,44.242813],[3.635099,44.242928],[3.634827,44.243016],[3.63463,44.243128],[3.634383,44.243424],[3.633423,44.24356],[3.632977,44.243564],[3.631899,44.243708],[3.631714,44.24386],[3.631389,44.243958],[3.630928,44.243908],[3.630569,44.244041],[3.629609,44.244319],[3.629185,44.244477],[3.628359,44.244928],[3.628122,44.245018],[3.627913,44.245184],[3.627581,44.245396],[3.627109,44.245991],[3.626857,44.246225],[3.626299,44.246936],[3.625972,44.247048],[3.625671,44.247029],[3.625119,44.246929],[3.624947,44.247025],[3.622136,44.245165],[3.621438,44.244081],[3.621331,44.243865],[3.621078,44.243609],[3.62094,44.243197],[3.620653,44.242991],[3.619721,44.243033],[3.618998,44.242675],[3.617651,44.241875],[3.617072,44.241468],[3.616761,44.240952],[3.616686,44.240223],[3.617168,44.238186],[3.617072,44.23654],[3.617458,44.235149],[3.61895,44.231667],[3.618842,44.229657],[3.618553,44.227846],[3.618794,44.226889],[3.618611,44.226816],[3.616935,44.22577],[3.616734,44.225516],[3.6166,44.225182],[3.61617,44.225056],[3.615441,44.22444],[3.61395,44.224202],[3.61366,44.223956],[3.61306,44.223663],[3.612909,44.223431],[3.612867,44.222883],[3.612352,44.221995],[3.611729,44.221065],[3.611552,44.22095],[3.611412,44.220581],[3.610858,44.220143],[3.610551,44.219696],[3.610384,44.219567],[3.60994,44.218892],[3.609309,44.218203],[3.608317,44.216894],[3.608404,44.216583],[3.608319,44.216396],[3.608127,44.216323],[3.607582,44.216263],[3.606944,44.215844],[3.606375,44.214983],[3.605769,44.21389],[3.605705,44.213541],[3.606193,44.211407],[3.606172,44.210184],[3.606064,44.209862],[3.605667,44.208854],[3.605603,44.208415],[3.60571,44.208007],[3.60615,44.207262],[3.606402,44.206366],[3.60659,44.20547],[3.606622,44.204878],[3.60666,44.204516],[3.606611,44.203801],[3.606204,44.202762],[3.606085,44.202201],[3.605946,44.201017],[3.606118,44.200593],[3.606322,44.199955],[3.606348,44.199471],[3.606188,44.199013],[3.606175,44.198629],[3.606216,44.198361],[3.606163,44.198098],[3.606198,44.197486],[3.606396,44.197155],[3.60658,44.196502],[3.606542,44.195433],[3.606697,44.195033],[3.606749,44.194223],[3.606544,44.192782],[3.606402,44.192363],[3.606375,44.191898],[3.606423,44.191449],[3.606434,44.191028],[3.606568,44.190405],[3.606756,44.189883],[3.607078,44.189313],[3.607068,44.189024],[3.60729,44.188634],[3.607502,44.188394],[3.607888,44.187832],[3.608103,44.187447],[3.608258,44.186701],[3.608146,44.186626],[3.607872,44.186678],[3.607534,44.186828],[3.607132,44.186963],[3.606826,44.187136],[3.60673,44.187086],[3.607303,44.186574],[3.608288,44.185191],[3.608457,44.184847],[3.608715,44.184554],[3.60888,44.18414],[3.608808,44.183946],[3.608939,44.183899],[3.609379,44.182894],[3.609583,44.182488],[3.609691,44.182119],[3.609632,44.181285],[3.609411,44.180861],[3.608451,44.18035],[3.607759,44.179867],[3.607287,44.179628],[3.606955,44.17938],[3.606593,44.178815],[3.606097,44.178241],[3.605522,44.177188],[3.605375,44.17697],[3.605292,44.176737],[3.605321,44.176239],[3.60563,44.175641],[3.605678,44.175352],[3.606027,44.174671],[3.606362,44.174456],[3.606649,44.174144],[3.607054,44.173833],[3.607251,44.173734],[3.607448,44.173479],[3.607877,44.173313],[3.608059,44.173075],[3.60858,44.172948],[3.609036,44.172898],[3.609541,44.172509],[3.609658,44.172086],[3.610119,44.170958],[3.610468,44.17045],[3.610882,44.170098],[3.611163,44.169815],[3.611477,44.169492],[3.611831,44.168811],[3.612625,44.167981],[3.61333,44.167461],[3.613563,44.167334],[3.614258,44.16658],[3.614449,44.166256],[3.614688,44.166029],[3.615005,44.165856],[3.615548,44.165644],[3.61609,44.165202],[3.61624,44.164954],[3.616492,44.164702],[3.616714,44.164233],[3.616908,44.163976],[3.617276,44.163308],[3.617404,44.162601],[3.618263,44.16153],[3.618499,44.160238],[3.619411,44.158776],[3.61999,44.158275],[3.620634,44.157675],[3.620752,44.157028],[3.621428,44.156735],[3.622275,44.156658],[3.623472,44.155793],[3.62382,44.15545],[3.624164,44.155366],[3.624786,44.155096],[3.625623,44.155027],[3.626996,44.154327],[3.627876,44.154326],[3.628713,44.153949],[3.63007,44.153121],[3.630408,44.152786],[3.631824,44.152248],[3.63206,44.152009],[3.632902,44.151986],[3.633573,44.152071],[3.634153,44.151878],[3.634614,44.151409],[3.635365,44.150908],[3.636127,44.150623],[3.636717,44.15015],[3.637328,44.1498],[3.637596,44.149884],[3.637414,44.150462],[3.637542,44.150709],[3.638627,44.151332],[3.639029,44.151405],[3.639496,44.151286],[3.640042,44.151024],[3.640895,44.150016],[3.64133,44.149354],[3.641298,44.148484],[3.641448,44.148253],[3.642071,44.147929],[3.643475,44.14736],[3.644141,44.147259],[3.64531,44.147221],[3.64701,44.146517],[3.648593,44.145766],[3.649741,44.145589],[3.650181,44.145374],[3.650224,44.144942],[3.649773,44.144627],[3.64884,44.144303],[3.646748,44.143972],[3.646083,44.143803],[3.645251,44.143345],[3.644119,44.14251],[3.643358,44.14207],[3.642563,44.141947],[3.642177,44.142094],[3.641942,44.142502],[3.641952,44.143225],[3.641834,44.143564],[3.641544,44.143741],[3.640922,44.143637],[3.640332,44.143587],[3.639484,44.143772],[3.638961,44.144095],[3.638701,44.144126],[3.638369,44.143988],[3.637725,44.143403],[3.636835,44.142956],[3.636245,44.142906],[3.635612,44.142725],[3.635182,44.143102],[3.634989,44.143457],[3.634141,44.144288],[3.633841,44.144349],[3.63361,44.144261],[3.633401,44.143657],[3.633122,44.143079],[3.631706,44.14117],[3.630976,44.140901],[3.630907,44.140712],[3.631063,44.140546],[3.63191,44.140461],[3.633546,44.139961],[3.634061,44.138602],[3.633777,44.137967],[3.631309,44.137374],[3.630652,44.136945],[3.629673,44.13667],[3.628699,44.136024],[3.627865,44.135593],[3.627259,44.135364],[3.627103,44.135129],[3.627179,44.134224],[3.62735,44.134163],[3.627736,44.134432],[3.62853,44.134817],[3.628777,44.134771],[3.629244,44.134521],[3.629892,44.134386],[3.630751,44.13444],[3.631867,44.134139],[3.632897,44.134325],[3.633412,44.134217],[3.633916,44.134093],[3.634635,44.133624],[3.634463,44.132885],[3.632985,44.131643],[3.632462,44.131118],[3.63191,44.130759],[3.631765,44.130363],[3.631427,44.129796],[3.630622,44.129184],[3.63,44.128803],[3.629636,44.12841],[3.629196,44.127648],[3.62823,44.126932],[3.627731,44.126293],[3.627275,44.125869],[3.627371,44.125739],[3.628252,44.125715],[3.629282,44.125423],[3.629579,44.125434],[3.630049,44.125723],[3.630751,44.125761],[3.631309,44.125831],[3.63176,44.1254],[3.633948,44.125423],[3.634163,44.125029],[3.63177,44.12399],[3.631298,44.123728],[3.630708,44.12362],[3.628853,44.123032],[3.627699,44.1222],[3.627294,44.121974],[3.627049,44.121741],[3.626975,44.121564],[3.627093,44.120977],[3.627114,44.12032],[3.626862,44.119793],[3.626484,44.119527],[3.626133,44.119507],[3.625226,44.119673],[3.62492,44.119787],[3.624775,44.119742],[3.624555,44.119892],[3.623965,44.120763],[3.623735,44.12082],[3.623397,44.120697],[3.623145,44.120705],[3.622608,44.120624],[3.622133,44.120605],[3.621744,44.120686],[3.62124,44.120901],[3.620843,44.12136],[3.620747,44.121876],[3.620389,44.122444],[3.620181,44.122577],[3.61992,44.122611],[3.619536,44.122269],[3.619099,44.121965],[3.618837,44.121672],[3.618362,44.121254],[3.618143,44.120918],[3.617704,44.120393],[3.616959,44.119885],[3.616117,44.119469],[3.615785,44.119377],[3.614406,44.118379],[3.613794,44.118033],[3.612507,44.117495],[3.611525,44.117224],[3.610286,44.116734],[3.609608,44.116559],[3.608973,44.116562],[3.608081,44.116627],[3.607459,44.116738],[3.607271,44.116664],[3.606965,44.116496],[3.605378,44.116511],[3.604681,44.11658],[3.603645,44.1168],[3.60307,44.117174],[3.602319,44.117459],[3.602126,44.117617],[3.602036,44.117917],[3.602277,44.118345],[3.602224,44.118695],[3.602559,44.118659],[3.602979,44.118699],[3.603532,44.11896],[3.604954,44.118976],[3.60563,44.119766],[3.606493,44.120297],[3.605362,44.120417],[3.604106,44.120798],[3.603361,44.121079],[3.603106,44.121273],[3.602508,44.121837],[3.602384,44.121841],[3.602508,44.121109],[3.602352,44.120894],[3.601317,44.120421],[3.600597,44.120551],[3.599498,44.120549],[3.59901,44.12049],[3.59849,44.120039],[3.598388,44.119454],[3.598312,44.119088],[3.598135,44.119018],[3.597937,44.119313],[3.597631,44.119484],[3.596521,44.119423],[3.596043,44.119307],[3.595512,44.119307],[3.5951,44.119223],[3.594547,44.119192],[3.594241,44.11976],[3.593994,44.12049],[3.593769,44.120748],[3.593897,44.120994],[3.593929,44.121587],[3.592997,44.122496],[3.592704,44.122888],[3.592122,44.123464],[3.591945,44.123493],[3.592014,44.121933],[3.592229,44.12149],[3.592175,44.119954],[3.592047,44.119958],[3.591962,44.120185],[3.591723,44.120278],[3.591661,44.120063],[3.591113,44.119791],[3.590907,44.119451],[3.590734,44.119296],[3.590754,44.11918],[3.590985,44.118926],[3.590969,44.118737],[3.591051,44.118525],[3.59095,44.118329],[3.591049,44.118013],[3.590733,44.117938],[3.590427,44.117917],[3.58978,44.117696],[3.589316,44.117613],[3.588973,44.117669],[3.588602,44.117921],[3.587932,44.118707],[3.587487,44.119365],[3.58708,44.1195],[3.586999,44.119765],[3.586404,44.120089],[3.586337,44.1203],[3.586302,44.120565],[3.585964,44.121067],[3.585497,44.121356],[3.584462,44.121733],[3.584218,44.121364],[3.583861,44.121248],[3.583668,44.121343],[3.583463,44.121503],[3.582943,44.121491],[3.582251,44.121537],[3.581324,44.121734],[3.581034,44.121726],[3.580647,44.121471],[3.579628,44.121217],[3.57899,44.121141],[3.578515,44.120967],[3.578341,44.120698],[3.577944,44.12065],[3.577547,44.120628],[3.577164,44.120668],[3.576018,44.120597],[3.574795,44.120458],[3.57427,44.12019],[3.573961,44.119812],[3.57361,44.119515],[3.573272,44.119334],[3.572612,44.119128],[3.572167,44.119114],[3.571716,44.119169],[3.569913,44.119596],[3.569476,44.119856],[3.569141,44.12012],[3.569004,44.120439],[3.568771,44.120586],[3.568518,44.120582],[3.568078,44.120371],[3.567695,44.120303],[3.566775,44.120374],[3.565466,44.120424],[3.565263,44.120586],[3.56508,44.12104],[3.564887,44.121133],[3.564023,44.121042],[3.563401,44.12061],[3.563154,44.12032],[3.562966,44.119897],[3.562731,44.119812],[3.562178,44.119854],[3.561882,44.119765],[3.56148,44.119431],[3.561088,44.119192],[3.560708,44.118914],[3.56044,44.118839],[3.560072,44.118474],[3.559819,44.118334],[3.559442,44.118402],[3.559002,44.118179],[3.558615,44.118123],[3.55831,44.118048],[3.557988,44.118013],[3.557709,44.117694],[3.556829,44.117547],[3.556399,44.117161],[3.555783,44.117085],[3.55483,44.117161],[3.553785,44.116798],[3.553018,44.116322],[3.552146,44.11661],[3.550027,44.11649],[3.549663,44.116338],[3.549556,44.116138],[3.548595,44.11558],[3.547914,44.115025],[3.547431,44.11477],[3.546079,44.114454],[3.54576,44.113944],[3.545612,44.113603],[3.545296,44.113261],[3.545553,44.112691],[3.545597,44.112059],[3.54543,44.111308],[3.545157,44.110657],[3.543762,44.109718],[3.543462,44.109294],[3.543499,44.108897],[3.543356,44.108785],[3.54325,44.108612],[3.543232,44.108437],[3.543134,44.108259],[3.543078,44.108081],[3.542855,44.107831],[3.542549,44.107301],[3.542281,44.106578],[3.542174,44.106166],[3.542131,44.105846],[3.54198,44.105211],[3.541763,44.104813],[3.541278,44.103598],[3.541172,44.103525],[3.541151,44.103367],[3.541076,44.10332],[3.541004,44.10305],[3.540803,44.102909],[3.538478,44.101724],[3.538156,44.101462],[3.538988,44.100473],[3.539786,44.100342],[3.540414,44.100091],[3.540167,44.099818],[3.539963,44.099051],[3.539953,44.09798],[3.540154,44.097581],[3.539873,44.097094],[3.53975,44.096747],[3.539666,44.096065],[3.539808,44.095808],[3.540742,44.095278],[3.541472,44.094914],[3.541991,44.094532],[3.542329,44.094147],[3.542705,44.0938],[3.544094,44.093662],[3.544674,44.09353],[3.545027,44.093306],[3.545285,44.092656],[3.545636,44.092704],[3.546251,44.092583],[3.54654,44.092444],[3.546959,44.092367]]],"type":"MultiLineString"},"properties":{"geo_point":{"lon":3.725016932114411,"lat":44.33747702614759},"name":"GR7 De La Bastide-Puylaurent (Lozère) à L'Espérou (Gard) (2019)","code_gr":"GR7"}},{"type":"Feature","geometry":{"coordinates":[[[4.560163,46.682701],[4.559262,46.682237],[4.558801,46.68226],[4.555796,46.683299],[4.553242,46.68354],[4.553329,46.681243],[4.553044,46.680485],[4.55276,46.679624],[4.551204,46.678925],[4.550571,46.678341],[4.549628,46.677682],[4.548887,46.67738],[4.54775,46.6773],[4.547546,46.67716],[4.547396,46.676666],[4.54658,46.675457],[4.545432,46.674679],[4.545562,46.674007],[4.545551,46.673404],[4.545636,46.67294],[4.545647,46.672528],[4.54613,46.672219],[4.546334,46.671743],[4.546441,46.671259],[4.546376,46.67018],[4.545743,46.669422],[4.545817,46.669221],[4.546234,46.668623],[4.546703,46.668251],[4.547001,46.667754],[4.547256,46.6675],[4.545947,46.66666],[4.545658,46.666817],[4.544891,46.667013],[4.543673,46.667387],[4.542917,46.667664],[4.542238,46.667839],[4.541549,46.668118],[4.541066,46.668164],[4.540551,46.66777],[4.538759,46.667137],[4.537643,46.666916],[4.536914,46.666697],[4.536313,46.66658],[4.535197,46.665872],[4.53495,46.665497],[4.534961,46.665245],[4.534532,46.665024],[4.534027,46.664865],[4.533685,46.664577],[4.532804,46.664169],[4.532322,46.66397],[4.531764,46.663398],[4.530932,46.662835],[4.530788,46.662787],[4.530326,46.662125],[4.530112,46.661631],[4.529769,46.661343],[4.529511,46.661048],[4.529103,46.660294],[4.528749,46.659865],[4.528245,46.659637],[4.527805,46.65934],[4.527719,46.658989],[4.527355,46.658715],[4.527054,46.658192],[4.526871,46.657516],[4.526571,46.657148],[4.526447,46.656768],[4.526088,46.65605],[4.525606,46.655641],[4.525439,46.655419],[4.525107,46.654659],[4.524816,46.654261],[4.524195,46.653518],[4.523787,46.653373],[4.523127,46.653242],[4.521882,46.653217],[4.520853,46.653112],[4.519211,46.653004],[4.518707,46.653039],[4.518192,46.653127],[4.517591,46.653001],[4.517173,46.652805],[4.516674,46.652242],[4.516213,46.652147],[4.51577,46.651871],[4.515312,46.651766],[4.515075,46.651329],[4.51445,46.65094],[4.513432,46.650846],[4.512516,46.650601],[4.511947,46.650027],[4.51155,46.649785],[4.511288,46.649392],[4.510958,46.649116],[4.510457,46.64885],[4.51029,46.648819],[4.50984,46.648497],[4.509716,46.64814],[4.509137,46.647552],[4.508885,46.647099],[4.508799,46.646668],[4.508501,46.646379],[4.508107,46.646172],[4.507337,46.646007],[4.505703,46.645526],[4.505102,46.645179],[4.504684,46.644868],[4.504668,46.644445],[4.504534,46.644129],[4.503439,46.643035],[4.502715,46.642517],[4.502019,46.642208],[4.501726,46.642108],[4.501085,46.641731],[4.500784,46.641453],[4.500208,46.641236],[4.499522,46.641097],[4.499129,46.640934],[4.498682,46.640823],[4.49663,46.639713],[4.496166,46.639516],[4.495608,46.639081],[4.495071,46.638602],[4.494591,46.638261],[4.493521,46.63764],[4.492966,46.637203],[4.492125,46.636698],[4.490812,46.635853],[4.489417,46.634725],[4.488216,46.634057],[4.486799,46.633556],[4.485211,46.633473],[4.483892,46.634233],[4.483591,46.634754],[4.483216,46.634873],[4.482465,46.634513],[4.481982,46.63419],[4.481676,46.633452],[4.481328,46.632892],[4.481296,46.632511],[4.481054,46.632932],[4.48067,46.633064],[4.479836,46.633248],[4.479638,46.633219],[4.479621,46.633106],[4.480201,46.632729],[4.479948,46.632416],[4.479911,46.63211],[4.479649,46.631934],[4.479407,46.631551],[4.479284,46.631596],[4.479053,46.631379],[4.478624,46.630757],[4.477948,46.630138],[4.477229,46.629936],[4.476676,46.629526],[4.476671,46.628951],[4.476017,46.628378],[4.475191,46.627276],[4.475341,46.626328],[4.475147,46.625666],[4.475233,46.625381],[4.475641,46.624905],[4.478785,46.624141],[4.479074,46.623543],[4.478581,46.622902],[4.477583,46.622421],[4.476414,46.621279],[4.476103,46.620316],[4.474467,46.618959],[4.474013,46.618737],[4.473571,46.618368],[4.473603,46.618038],[4.473367,46.618015],[4.473147,46.617949],[4.472852,46.617912],[4.472326,46.617546],[4.471586,46.616262],[4.471561,46.615897],[4.471366,46.615488],[4.471264,46.614744],[4.470685,46.614407],[4.469622,46.614067],[4.469252,46.61383],[4.468925,46.613697],[4.468378,46.613253],[4.466296,46.612961],[4.465867,46.613018],[4.465363,46.612333],[4.46502,46.612083],[4.465116,46.611763],[4.46562,46.611134],[4.465835,46.610668],[4.46568,46.610473],[4.465412,46.609994],[4.465366,46.609306],[4.465277,46.608813],[4.465776,46.607626],[4.466039,46.607303],[4.46649,46.606998],[4.466812,46.605238],[4.467208,46.603789],[4.466586,46.602526],[4.466061,46.602193],[4.466377,46.602042],[4.466946,46.601582],[4.468485,46.601079],[4.469038,46.600689],[4.469874,46.600354],[4.470521,46.599947],[4.470696,46.599751],[4.472262,46.599685],[4.47208,46.599442],[4.471747,46.599111],[4.471982,46.598596],[4.471816,46.597784],[4.471575,46.596949],[4.472047,46.596847],[4.472187,46.596333],[4.472133,46.595614],[4.471881,46.595098],[4.471983,46.594275],[4.471977,46.593784],[4.472098,46.593532],[4.472475,46.593336],[4.473028,46.593133],[4.473769,46.592622],[4.474051,46.592184],[4.474611,46.59095],[4.475086,46.590566],[4.475303,46.5903],[4.476408,46.589256],[4.477117,46.588134],[4.477602,46.587245],[4.477925,46.586964],[4.478023,46.586658],[4.478393,46.586135],[4.479118,46.585387],[4.47952,46.584621],[4.479868,46.584183],[4.479997,46.583619],[4.480287,46.583346],[4.481338,46.582815],[4.481617,46.582256],[4.481725,46.581645],[4.482304,46.581378],[4.483205,46.58061],[4.484214,46.579872],[4.484096,46.579577],[4.484289,46.579248],[4.48651,46.578548],[4.486166,46.578146],[4.485909,46.577587],[4.485029,46.576797],[4.484353,46.575871],[4.48372,46.575389],[4.483731,46.574992],[4.483474,46.574341],[4.483763,46.573951],[4.484407,46.573524],[4.48386,46.573059],[4.483935,46.572662],[4.484128,46.572433],[4.484439,46.572291],[4.484546,46.572036],[4.485094,46.571836],[4.485415,46.571473],[4.485823,46.57056],[4.485576,46.569217],[4.485823,46.569098],[4.486038,46.568795],[4.485608,46.568466],[4.484965,46.568161],[4.484578,46.568043],[4.484439,46.567764],[4.483592,46.567675],[4.483248,46.567477],[4.483162,46.567301],[4.483376,46.566997],[4.483001,46.566311],[4.482475,46.566216],[4.48152,46.565784],[4.481252,46.565558],[4.4815,46.565108],[4.481563,46.564696],[4.481424,46.564453],[4.480899,46.564074],[4.480727,46.563818],[4.481135,46.563244],[4.481499,46.563057],[4.481542,46.562589],[4.481735,46.562107],[4.481661,46.561435],[4.482207,46.560746],[4.482336,46.560373],[4.482175,46.559709],[4.482315,46.558884],[4.482411,46.558505],[4.482283,46.557436],[4.482733,46.556538],[4.481381,46.555652],[4.481338,46.555077],[4.481091,46.554561],[4.480545,46.554048],[4.47996,46.5537],[4.479332,46.553396],[4.479139,46.553107],[4.478999,46.552209],[4.478946,46.551201],[4.478538,46.549999],[4.478538,46.549363],[4.478098,46.548833],[4.477315,46.548648],[4.477572,46.54842],[4.47783,46.548302],[4.478055,46.548149],[4.47893,46.54787],[4.479514,46.547855],[4.480177,46.547806],[4.480561,46.547853],[4.481134,46.548267],[4.481861,46.548711],[4.482352,46.549096],[4.482417,46.549242],[4.482634,46.549108],[4.482926,46.548752],[4.483431,46.548568],[4.483393,46.548328],[4.483017,46.547917],[4.483119,46.547566],[4.483355,46.547414],[4.484707,46.546914],[4.485565,46.54612],[4.485919,46.545937],[4.486129,46.545701],[4.486837,46.54559],[4.487357,46.545471],[4.487481,46.545006],[4.487816,46.544717],[4.488927,46.543871],[4.489502,46.543439],[4.492947,46.541687],[4.493725,46.541244],[4.494851,46.540781],[4.496594,46.540532],[4.497286,46.540301],[4.4983,46.540168],[4.498976,46.539836],[4.499261,46.539894],[4.499368,46.540165],[4.501036,46.540032],[4.501417,46.539395],[4.501734,46.539001],[4.501959,46.539001],[4.502597,46.539078],[4.503016,46.53896],[4.50315,46.538589],[4.503402,46.538479],[4.50396,46.538506],[4.504942,46.53878],[4.506331,46.538512],[4.506589,46.538157],[4.506841,46.538055],[4.507082,46.538025],[4.507565,46.53791],[4.506546,46.535072],[4.506972,46.53469],[4.507249,46.534471],[4.508643,46.532891],[4.509882,46.531245],[4.510011,46.530914],[4.50999,46.530556],[4.511346,46.52817],[4.511572,46.527583],[4.511754,46.52732],[4.51192,46.526575],[4.512087,46.526021],[4.512549,46.525711],[4.512827,46.525194],[4.512886,46.524481],[4.51286,46.523769],[4.513589,46.523167],[4.515059,46.522263],[4.513106,46.521121],[4.511937,46.520635],[4.511218,46.520123],[4.510564,46.519281],[4.509931,46.518985],[4.508235,46.516071],[4.507216,46.516366],[4.506852,46.516911],[4.506036,46.517348],[4.505263,46.517436],[4.504845,46.517281],[4.504545,46.517039],[4.50374,46.516919],[4.502967,46.517082],[4.502334,46.516997],[4.500854,46.516593],[4.500339,46.516624],[4.500167,46.516854],[4.499379,46.516698],[4.498601,46.51649],[4.497303,46.516514],[4.495457,46.517184],[4.494706,46.516993],[4.493591,46.516787],[4.493129,46.51655],[4.49284,46.516497],[4.492228,46.516514],[4.491434,46.5168],[4.490973,46.516785],[4.490012,46.516878],[4.489267,46.516911],[4.488703,46.516697],[4.487604,46.516173],[4.486038,46.516114],[4.485447,46.51593],[4.484374,46.515175],[4.484128,46.514854],[4.484445,46.514683],[4.484622,46.514541],[4.484423,46.514153],[4.484407,46.513248],[4.48416,46.51264],[4.483688,46.512166],[4.483468,46.511604],[4.483055,46.511316],[4.482707,46.511132],[4.482046,46.510989],[4.481273,46.511005],[4.480976,46.510921],[4.48056,46.51067],[4.477975,46.508276],[4.477782,46.507919],[4.477712,46.507351],[4.476961,46.506714],[4.476896,46.506458],[4.476618,46.506405],[4.476194,46.506495],[4.475979,46.506965],[4.475288,46.507555],[4.475121,46.507599],[4.474826,46.507568],[4.474179,46.50727],[4.473619,46.506958],[4.473203,46.506828],[4.472884,46.506828],[4.472106,46.507421],[4.471714,46.507415],[4.469553,46.506147],[4.469193,46.506001],[4.467799,46.505836],[4.467262,46.505212],[4.466661,46.504633],[4.465814,46.504173],[4.466533,46.503333],[4.466983,46.50301],[4.465717,46.501818],[4.465706,46.50153],[4.465889,46.500979],[4.465567,46.500129],[4.464945,46.49978],[4.46384,46.497432],[4.462928,46.497231],[4.462134,46.497005],[4.461737,46.496412],[4.462238,46.495802],[4.462697,46.495119],[4.463989,46.49356],[4.464193,46.492507],[4.464494,46.492263],[4.464666,46.491855],[4.464504,46.491354],[4.464698,46.49109],[4.466795,46.490449],[4.467476,46.490295],[4.46812,46.490319],[4.469257,46.489313],[4.469376,46.488975],[4.469606,46.488691],[4.470019,46.48837],[4.470194,46.488118],[4.470345,46.487679],[4.470529,46.487424],[4.471371,46.486801],[4.471586,46.486454],[4.469698,46.484043],[4.467509,46.482394],[4.467106,46.482194],[4.466704,46.482216],[4.466017,46.481504],[4.465046,46.481028],[4.462852,46.480168],[4.462472,46.479821],[4.460289,46.478483],[4.460106,46.477671],[4.460202,46.477458],[4.461661,46.475588],[4.462284,46.475277],[4.463231,46.474624],[4.463625,46.474281],[4.46473,46.47351],[4.465653,46.473191],[4.466769,46.472286],[4.467214,46.471724],[4.467841,46.471065],[4.46819,46.470729],[4.468528,46.470208],[4.468603,46.470009],[4.469011,46.469345],[4.469923,46.468789],[4.470792,46.467999],[4.471682,46.467396],[4.472197,46.466831],[4.473517,46.466198],[4.473946,46.466079],[4.474954,46.465456],[4.475684,46.465149],[4.475689,46.464949],[4.476467,46.463611],[4.476672,46.462988],[4.476961,46.462592],[4.477036,46.46109],[4.477353,46.460328],[4.477716,46.459665],[4.477822,46.459326],[4.478227,46.458643],[4.478248,46.458244],[4.478056,46.457758],[4.477707,46.457247],[4.477498,46.456758],[4.477616,46.456192],[4.477519,46.455981],[4.476929,46.455666],[4.476513,46.455344],[4.475969,46.455021],[4.475367,46.4544],[4.475327,46.454131],[4.475362,46.453293],[4.475255,46.453082],[4.475325,46.45291],[4.475209,46.452762],[4.474676,46.452563],[4.474434,46.45231],[4.474096,46.451252],[4.47429,46.450597],[4.474504,46.450327],[4.475394,46.448741],[4.475437,46.447868],[4.47517,46.447261],[4.474579,46.446537],[4.47431,46.446033],[4.474182,46.445264],[4.474418,46.443447],[4.474429,46.442633],[4.474783,46.44151],[4.474698,46.440261],[4.474566,46.439638],[4.474371,46.439363],[4.474413,46.439162],[4.47401,46.438152],[4.473764,46.437855],[4.473571,46.436859],[4.473817,46.435314],[4.474654,46.434597],[4.474236,46.434285],[4.474128,46.434064],[4.47414,46.433769],[4.473807,46.433222],[4.473989,46.432881],[4.473624,46.432786],[4.472809,46.431973],[4.474171,46.430202],[4.474268,46.429221],[4.474547,46.428793],[4.474965,46.428549],[4.476885,46.428066],[4.477637,46.428131],[4.478269,46.428815],[4.478903,46.428932],[4.479868,46.428658],[4.48077,46.428555],[4.481306,46.427911],[4.481864,46.427126],[4.482347,46.426633],[4.482014,46.426145],[4.482003,46.425677],[4.481811,46.425205],[4.481848,46.424865],[4.482915,46.422994],[4.483302,46.4226],[4.483398,46.421589],[4.483227,46.420778],[4.483034,46.420345],[4.482593,46.419775],[4.482594,46.419075],[4.482207,46.418148],[4.480973,46.417032],[4.480479,46.416236],[4.480233,46.415493],[4.480383,46.413601],[4.480396,46.413391],[4.480054,46.413418],[4.47938,46.412983],[4.477819,46.412166],[4.477331,46.411696],[4.476908,46.411211],[4.476618,46.410198],[4.47592,46.409177],[4.475738,46.408608],[4.475448,46.408245],[4.475266,46.407506],[4.474461,46.406256],[4.474365,46.405736],[4.474439,46.405248],[4.474322,46.404591],[4.473861,46.40368],[4.474043,46.403109],[4.474295,46.402736],[4.47444,46.402374],[4.474423,46.40217],[4.474083,46.401861],[4.473614,46.401644],[4.473254,46.401378],[4.472913,46.400804],[4.472294,46.399994],[4.471886,46.399766],[4.471736,46.399515],[4.471548,46.398646],[4.471138,46.397504],[4.470836,46.396911],[4.470835,46.396732],[4.470534,46.396702],[4.469601,46.396354],[4.468512,46.395161],[4.46753,46.39419],[4.466666,46.393708],[4.466248,46.393163],[4.465851,46.392928],[4.465374,46.392571],[4.464682,46.392566],[4.464333,46.392336],[4.463856,46.391851],[4.462858,46.391288],[4.461914,46.390495],[4.461394,46.390252],[4.460911,46.389919],[4.460514,46.389546],[4.460642,46.38875],[4.460556,46.388412],[4.460283,46.388025],[4.460116,46.38763],[4.460514,46.386785],[4.460213,46.38516],[4.459666,46.385247],[4.459124,46.385466],[4.457595,46.386677],[4.456372,46.38786],[4.456362,46.387431],[4.457628,46.385989],[4.458024,46.385523],[4.45796,46.385097],[4.457242,46.383886],[4.456908,46.381238],[4.457305,46.379747],[4.456233,46.376862],[4.455745,46.376775],[4.454892,46.376571],[4.453797,46.376264],[4.453325,46.376083],[4.452563,46.376125],[4.451764,46.376012],[4.451104,46.37618],[4.450225,46.376156],[4.449661,46.376332],[4.448986,46.376366],[4.448508,46.376258],[4.448451,46.376071],[4.447934,46.375669],[4.447811,46.375347],[4.446894,46.374771],[4.446663,46.37458],[4.446824,46.374193],[4.447301,46.373692],[4.448218,46.372829],[4.449436,46.371886],[4.45045,46.370824],[4.450723,46.370404],[4.450975,46.369751],[4.451233,46.369054],[4.451346,46.368478],[4.451389,46.368035],[4.451029,46.366918],[4.45104,46.366032],[4.451276,46.36518],[4.451137,46.364462],[4.450847,46.363704],[4.450343,46.363064],[4.449452,46.362403],[4.448905,46.361786],[4.448465,46.361428],[4.447735,46.361167],[4.447263,46.360951],[4.446802,46.360593],[4.446491,46.360412],[4.445891,46.359678],[4.445707,46.358999],[4.445729,46.358411],[4.445482,46.357429],[4.445429,46.356347],[4.44515,46.355157],[4.443916,46.353073],[4.443691,46.352432],[4.44324,46.351809],[4.442854,46.351504],[4.442929,46.351016],[4.442672,46.349926],[4.442157,46.349676],[4.441792,46.349231],[4.440644,46.348736],[4.43919,46.348383],[4.438839,46.348348],[4.437457,46.348045],[4.436723,46.347986],[4.435752,46.347838],[4.433327,46.347849],[4.432597,46.347933],[4.431556,46.347777],[4.431503,46.347118],[4.431675,46.346571],[4.433101,46.345052],[4.433423,46.344447],[4.434271,46.342996],[4.43456,46.342048],[4.434828,46.340625],[4.434668,46.339993],[4.434914,46.338815],[4.434968,46.338503],[4.434936,46.338072],[4.434979,46.336647],[4.43492,46.335803],[4.434971,46.335461],[4.434904,46.335171],[4.434378,46.334312],[4.434169,46.33363],[4.434303,46.333134],[4.434179,46.332812],[4.434316,46.332496],[4.43441,46.331707],[4.434314,46.331179],[4.434432,46.330615],[4.434282,46.330141],[4.434609,46.329775],[4.434867,46.329356],[4.434926,46.328744],[4.435086,46.328215],[4.434942,46.327671],[4.434491,46.327406],[4.433777,46.327129],[4.432407,46.325918],[4.432195,46.325766],[4.431964,46.325379],[4.431702,46.325141],[4.431648,46.324737],[4.431508,46.324627],[4.431573,46.324328],[4.431793,46.324039],[4.431728,46.323097],[4.431256,46.322837],[4.431062,46.320865],[4.430677,46.320394],[4.430508,46.319888],[4.430285,46.319627],[4.430175,46.319195],[4.430044,46.319119],[4.430022,46.318874],[4.430161,46.31865],[4.430312,46.317347],[4.430457,46.317044],[4.430687,46.316815],[4.432168,46.315777],[4.432173,46.315611],[4.431111,46.314458],[4.430902,46.314037],[4.430897,46.313673],[4.430639,46.312961],[4.430269,46.312379],[4.429743,46.31194],[4.429035,46.311482],[4.429384,46.311536],[4.43028,46.311745],[4.431459,46.312408],[4.431894,46.31277],[4.432214,46.313159],[4.432506,46.313392],[4.433,46.314119],[4.433407,46.314303],[4.434177,46.313981],[4.434652,46.313721],[4.435484,46.313628],[4.436315,46.313383],[4.43727,46.313209],[4.438034,46.313177],[4.438692,46.313219],[4.43948,46.312912],[4.440086,46.312923],[4.440783,46.312809],[4.441765,46.312999],[4.442092,46.313129],[4.442264,46.313349],[4.442409,46.31344],[4.442982,46.313534],[4.443396,46.313496],[4.443879,46.313329],[4.444377,46.312968],[4.444683,46.312492],[4.444804,46.312074],[4.444796,46.311619],[4.444565,46.311089],[4.444511,46.310456],[4.444623,46.310201],[4.444788,46.30993],[4.445279,46.309404],[4.445445,46.309004],[4.44589,46.308422],[4.446129,46.308205],[4.446281,46.308121],[4.44655,46.307678],[4.446759,46.307049],[4.446989,46.306938],[4.447814,46.305953],[4.448659,46.304836],[4.449192,46.304261],[4.449821,46.303367],[4.450232,46.302909],[4.450772,46.302132],[4.451855,46.302486],[4.453669,46.30275],[4.454865,46.303068],[4.456104,46.303356],[4.456855,46.303114],[4.45771,46.302649],[4.458593,46.302059],[4.45958,46.301308],[4.459792,46.300979],[4.459891,46.300717],[4.459735,46.300273],[4.459666,46.299928],[4.459484,46.299547],[4.459259,46.299323],[4.458905,46.299181],[4.458115,46.299028],[4.457938,46.298851],[4.45789,46.298355],[4.45824,46.297823],[4.458389,46.297188],[4.458824,46.29699],[4.459322,46.296505],[4.459865,46.296102],[4.460291,46.295618],[4.460728,46.295223],[4.461924,46.294417],[4.462273,46.294285],[4.462225,46.294106],[4.46239,46.29381],[4.462651,46.293469],[4.462916,46.293247],[4.463829,46.292989],[4.464151,46.292787],[4.464344,46.292467],[4.464752,46.292067],[4.465283,46.29177],[4.466066,46.291489],[4.466519,46.291239],[4.46679,46.290952],[4.466822,46.290688],[4.46606,46.290234],[4.465846,46.28921],[4.465395,46.288879],[4.465546,46.288558],[4.464655,46.287601],[4.464236,46.287272],[4.463775,46.287061],[4.461962,46.28698],[4.462488,46.286602],[4.463046,46.286366],[4.463431,46.285978],[4.463486,46.284845],[4.463829,46.284158],[4.464032,46.284035],[4.46532,46.28377],[4.467294,46.283082],[4.468024,46.282747],[4.469644,46.282275],[4.470127,46.28207],[4.471527,46.280911],[4.472154,46.280493],[4.472208,46.27975],[4.472487,46.279417],[4.472563,46.278659],[4.473056,46.278385],[4.473141,46.278151],[4.472519,46.27726],[4.471768,46.276413],[4.471693,46.276005],[4.471736,46.275488],[4.471521,46.275169],[4.471736,46.274383],[4.472949,46.273388],[4.47268,46.273031],[4.472788,46.272037],[4.472208,46.270933],[4.472278,46.270718],[4.472552,46.270288],[4.472883,46.270134],[4.472519,46.269688],[4.472133,46.269457],[4.471726,46.269071],[4.471597,46.268507],[4.471232,46.267785],[4.471017,46.267271],[4.470518,46.266883],[4.470127,46.26614],[4.469909,46.265936],[4.469878,46.265769],[4.469735,46.265624],[4.469896,46.265302],[4.46985,46.264869],[4.469864,46.26414],[4.470181,46.263355],[4.469826,46.262862],[4.469695,46.262367],[4.469579,46.26152],[4.469322,46.261307],[4.468732,46.26032],[4.468297,46.259981],[4.467122,46.259183],[4.466533,46.258938],[4.466179,46.258727],[4.465706,46.258582],[4.465417,46.258356],[4.46502,46.257384],[4.464751,46.256938],[4.464714,46.256726],[4.464848,46.25592],[4.464698,46.255121],[4.464521,46.254773],[4.463829,46.253979],[4.462713,46.251846],[4.46215,46.251175],[4.461922,46.250989],[4.461425,46.250783],[4.461045,46.250725],[4.460042,46.250801],[4.459677,46.250762],[4.459291,46.250612],[4.458964,46.250237],[4.458653,46.249732],[4.458038,46.249373],[4.457424,46.249103],[4.457885,46.249035],[4.459629,46.249076],[4.460171,46.249058],[4.461629,46.248749],[4.462144,46.248525],[4.463877,46.247505],[4.466014,46.246297],[4.467508,46.245535],[4.469043,46.245008],[4.469901,46.244494],[4.471044,46.243875],[4.47175,46.243613],[4.472466,46.243478],[4.473431,46.242729],[4.472905,46.242249],[4.473774,46.242143],[4.474504,46.241905],[4.47532,46.242249],[4.476617,46.242359],[4.477658,46.241893],[4.478431,46.241637],[4.479182,46.241452],[4.479418,46.24135],[4.479976,46.240524],[4.480062,46.239174],[4.480222,46.238917],[4.481124,46.238283],[4.481531,46.238087],[4.482861,46.237705],[4.484192,46.237104],[4.484868,46.236642],[4.485614,46.236159],[4.486319,46.23543],[4.486595,46.235065],[4.487196,46.234135],[4.487432,46.233582],[4.487722,46.233284],[4.487438,46.233143],[4.487132,46.233054],[4.487116,46.232727],[4.486799,46.231628],[4.486445,46.230991],[4.486391,46.230322],[4.486392,46.229253],[4.486241,46.228978],[4.485823,46.228591],[4.485641,46.228239],[4.485667,46.228062],[4.485887,46.227827],[4.485919,46.227399],[4.485738,46.227092],[4.485115,46.226879],[4.484536,46.226454],[4.484417,46.226009],[4.484053,46.225689],[4.483978,46.225468],[4.483398,46.22502],[4.483173,46.224674],[4.481864,46.223842],[4.481435,46.22353],[4.479675,46.223516],[4.479235,46.216991],[4.477348,46.216871],[4.478292,46.216241],[4.478785,46.215779],[4.479313,46.215522],[4.479895,46.215191],[4.480513,46.214899],[4.481253,46.214245],[4.481789,46.214067],[4.482465,46.21362],[4.483398,46.212379],[4.483529,46.211866],[4.482779,46.211617],[4.482482,46.211682],[4.4822,46.211569],[4.481848,46.210841],[4.481357,46.210213],[4.480133,46.209556],[4.479575,46.209329],[4.478677,46.209072],[4.478567,46.210269],[4.478266,46.209899],[4.477761,46.20947],[4.477298,46.208944],[4.477288,46.208032],[4.477435,46.207498],[4.477309,46.207018],[4.477483,46.206032],[4.477924,46.205453],[4.478171,46.205346],[4.478761,46.205329],[4.479212,46.205206],[4.47953,46.205041],[4.479708,46.204831],[4.479636,46.204266],[4.479072,46.203408],[4.478611,46.203268],[4.478037,46.203191],[4.47778,46.203038],[4.477453,46.202763],[4.477308,46.202518],[4.477327,46.20222],[4.477485,46.201862],[4.478478,46.201105],[4.478439,46.200985],[4.478271,46.200917],[4.477337,46.20099],[4.476751,46.200926],[4.475337,46.200925],[4.474708,46.20093],[4.474325,46.200968],[4.473978,46.200841],[4.474045,46.200625],[4.473828,46.199874],[4.473742,46.199107],[4.473745,46.19846],[4.473962,46.196922],[4.474141,46.196268],[4.474374,46.195963],[4.474671,46.195718],[4.475097,46.195413],[4.474933,46.195145],[4.474713,46.19513],[4.4743,46.194915],[4.473828,46.194515],[4.472562,46.194108],[4.471269,46.193513],[4.47047,46.193066],[4.468979,46.191735],[4.468421,46.191486],[4.467959,46.191098],[4.467637,46.190934],[4.468914,46.190053],[4.469376,46.18959],[4.469923,46.189376],[4.470191,46.189058],[4.470427,46.188523],[4.470427,46.18792],[4.469054,46.186566],[4.468088,46.18509],[4.468314,46.184726],[4.468324,46.184472],[4.468056,46.18414],[4.468083,46.183768],[4.468217,46.1833],[4.467707,46.182739],[4.467713,46.182398],[4.467637,46.182148],[4.467439,46.181889],[4.467128,46.181754],[4.467107,46.181559],[4.466753,46.181259],[4.466441,46.181201],[4.466133,46.180916],[4.465803,46.180705],[4.465958,46.180279],[4.465507,46.180336],[4.464692,46.180047],[4.464478,46.179869],[4.464478,46.179634],[4.464136,46.179409],[4.463638,46.179202],[4.462997,46.178871],[4.462445,46.178864],[4.461233,46.177913],[4.460584,46.177627],[4.460331,46.177389],[4.460202,46.177172],[4.460068,46.176802],[4.459768,46.17657],[4.459808,46.176342],[4.46001,46.176021],[4.460294,46.17588],[4.460294,46.17588],[4.461962,46.175463],[4.464708,46.175195],[4.466125,46.175804],[4.46709,46.176057],[4.467884,46.176503],[4.469021,46.176919],[4.47003,46.176711],[4.471081,46.176384],[4.471553,46.175998],[4.471983,46.175537],[4.472841,46.175047],[4.473098,46.173739],[4.473206,46.172744],[4.473678,46.171793],[4.474085,46.170544],[4.474622,46.169504],[4.474987,46.168345],[4.474879,46.167855],[4.474793,46.167275],[4.474579,46.166889],[4.473678,46.166116],[4.473291,46.165923],[4.472798,46.165195],[4.472133,46.165328],[4.471167,46.165016],[4.470845,46.165581],[4.470416,46.166027],[4.469858,46.166413],[4.469408,46.166993],[4.467863,46.167617],[4.467627,46.167929],[4.467433,46.168434],[4.467391,46.168746],[4.466554,46.169222],[4.46606,46.169207],[4.464644,46.169564],[4.463957,46.169935],[4.463421,46.170351],[4.462369,46.170604],[4.460975,46.170307],[4.460245,46.170024],[4.459773,46.16995],[4.458893,46.169712],[4.457563,46.170173],[4.457155,46.17044],[4.456941,46.170678],[4.45664,46.170752],[4.456345,46.170889],[4.456211,46.170761],[4.455525,46.170492],[4.455195,46.170477],[4.454682,46.170596],[4.452566,46.1707],[4.452252,46.170655],[4.451965,46.170462],[4.4517,46.17035],[4.450289,46.170322],[4.449683,46.170069],[4.448943,46.169893],[4.448551,46.169582],[4.447728,46.1693],[4.447333,46.169197],[4.446727,46.169212],[4.445912,46.16891],[4.445322,46.168842],[4.444876,46.168957],[4.443953,46.168963],[4.443664,46.168915],[4.442999,46.168948],[4.442317,46.168475],[4.441491,46.168137],[4.44103,46.167537],[4.440708,46.167268],[4.439592,46.167394],[4.438637,46.167632],[4.438262,46.167071],[4.437801,46.166168],[4.437768,46.165877],[4.437213,46.164786],[4.436787,46.164095],[4.43632,46.162914],[4.435698,46.161899],[4.435467,46.161362],[4.435,46.160499],[4.434646,46.159635],[4.434327,46.159152],[4.433879,46.158655],[4.433241,46.157734],[4.433198,46.157249],[4.432688,46.156727],[4.43205,46.156182],[4.431739,46.155807],[4.430998,46.155216],[4.430494,46.154922],[4.429727,46.154105],[4.428917,46.153304],[4.428692,46.152971],[4.428306,46.152709],[4.427212,46.151511],[4.426868,46.150538],[4.426278,46.14998],[4.424808,46.148888],[4.425189,46.148453],[4.425516,46.147915],[4.425559,46.147245],[4.425935,46.146757],[4.426139,46.146242],[4.425935,46.145679],[4.425784,46.14501],[4.425473,46.14462],[4.424792,46.144006],[4.424347,46.143437],[4.423531,46.142916],[4.422963,46.142639],[4.422496,46.142653],[4.422115,46.142756],[4.421783,46.142363],[4.421214,46.141988],[4.420441,46.14167],[4.420238,46.141327],[4.419197,46.140762],[4.418612,46.140365],[4.418081,46.140163],[4.417738,46.139743],[4.417333,46.139373],[4.416826,46.138996],[4.416692,46.138716],[4.416836,46.138553],[4.417458,46.138147],[4.417496,46.138021],[4.417303,46.137723],[4.417303,46.136681],[4.417236,46.136332],[4.417255,46.1357],[4.416998,46.135284],[4.416745,46.134827],[4.417424,46.134559],[4.418543,46.134253],[4.421161,46.132832],[4.42263,46.131388],[4.42395,46.12956],[4.424165,46.128974],[4.42542,46.127255],[4.425516,46.126661],[4.427264,46.124572],[4.428241,46.123844],[4.429518,46.121946],[4.430398,46.121233],[4.431053,46.120487],[4.431246,46.119871],[4.431085,46.118981],[4.431202,46.118474],[4.431621,46.117899],[4.431728,46.117378],[4.431527,46.117018],[4.431412,46.116672],[4.43121,46.116394],[4.431009,46.115966],[4.430259,46.115164],[4.430183,46.114279],[4.429958,46.113631],[4.430462,46.112434],[4.430129,46.110858],[4.4297,46.109754],[4.429421,46.109528],[4.429454,46.109287],[4.429357,46.108558],[4.429958,46.107489],[4.430451,46.107095],[4.43087,46.106522],[4.430993,46.10545],[4.430988,46.105003],[4.430967,46.104546],[4.431203,46.104052],[4.431728,46.103546],[4.431905,46.103209],[4.432275,46.102672],[4.432264,46.10239],[4.432125,46.10181],[4.432951,46.101551],[4.433445,46.100635],[4.434013,46.10002],[4.434422,46.098814],[4.435118,46.09779],[4.435424,46.097509],[4.435858,46.096766],[4.436202,46.096203],[4.436261,46.095465],[4.436567,46.094605],[4.437012,46.094229],[4.437086,46.09408],[4.43746,46.09387],[4.437736,46.093649],[4.439351,46.092014],[4.438981,46.091702],[4.43949,46.091202],[4.43997,46.090871],[4.440343,46.09045],[4.440644,46.089692],[4.441213,46.089045],[4.441513,46.088154],[4.442532,46.08664],[4.442735,46.085853],[4.442677,46.085411],[4.442403,46.084976],[4.441963,46.084565],[4.441835,46.084152],[4.441846,46.083599],[4.442146,46.082696],[4.442178,46.081792],[4.442253,46.081282],[4.443251,46.079736],[4.443278,46.079367],[4.443047,46.078045],[4.443037,46.077556],[4.442908,46.077175],[4.443423,46.076328],[4.44397,46.074726],[4.444023,46.073795],[4.444206,46.073334],[4.444195,46.072182],[4.44441,46.069642],[4.444141,46.068942],[4.444431,46.067863],[4.444216,46.066607],[4.44457,46.06613],[4.444495,46.06573],[4.443723,46.06441],[4.442939,46.063657],[4.442709,46.063283],[4.442436,46.062984],[4.442125,46.062467],[4.441491,46.061894],[4.441191,46.061186],[4.441427,46.060689],[4.441202,46.060012],[4.441256,46.059303],[4.441158,46.058552],[4.44088,46.05803],[4.441084,46.057262],[4.440912,46.05689],[4.44059,46.056599],[4.439829,46.056227],[4.439032,46.055571],[4.438418,46.054966],[4.437275,46.0541],[4.436717,46.053741],[4.436063,46.052715],[4.435623,46.052245],[4.435409,46.051656],[4.435425,46.051165],[4.435312,46.050407],[4.435515,46.049857],[4.435376,46.049462],[4.434614,46.048508],[4.434529,46.048106],[4.433863,46.047033],[4.433745,46.04675],[4.432565,46.045841],[4.433187,46.045052],[4.432956,46.044668],[4.432898,46.044336],[4.433048,46.043116],[4.433713,46.042372],[4.433922,46.041809],[4.434368,46.040098],[4.434325,46.039672],[4.434174,46.039066],[4.434088,46.037679],[4.433885,46.037185],[4.433268,46.036754],[4.432662,46.03624],[4.431883,46.035538],[4.431701,46.035575],[4.431235,46.035415],[4.430843,46.035207],[4.429963,46.034898],[4.428563,46.034528],[4.427415,46.034557],[4.426611,46.034373],[4.426139,46.034316],[4.425892,46.034243],[4.425076,46.034118],[4.424229,46.034059],[4.421874,46.034036],[4.421279,46.033961],[4.421067,46.033546],[4.420382,46.032565],[4.420031,46.031942],[4.419636,46.031341],[4.41939,46.030664],[4.419358,46.030161],[4.419691,46.029798],[4.420366,46.029307],[4.421031,46.028369],[4.421557,46.027856],[4.421557,46.027856],[4.422351,46.027408],[4.42293,46.027125],[4.422287,46.02641],[4.421278,46.02565],[4.420441,46.024652],[4.419819,46.024339],[4.418875,46.023549],[4.418553,46.023102],[4.418489,46.02273],[4.418016,46.022163],[4.417931,46.021359],[4.418253,46.020539],[4.418832,46.019928],[4.419733,46.019243],[4.420742,46.018751],[4.421557,46.018721],[4.423595,46.018975],[4.424883,46.01887],[4.425741,46.018572],[4.425741,46.018572],[4.426374,46.018133],[4.426932,46.017842],[4.427147,46.017794],[4.427506,46.017753],[4.427506,46.017753],[4.427898,46.0177],[4.428918,46.017162],[4.42955,46.01668],[4.430172,46.01607],[4.430483,46.015548],[4.430832,46.01532],[4.431205,46.015218],[4.431707,46.015182],[4.432265,46.014977],[4.433402,46.01463],[4.432232,46.01425],[4.431818,46.014],[4.430234,46.013192],[4.429341,46.012827],[4.428048,46.012081],[4.427944,46.011961],[4.427796,46.011863],[4.427651,46.011616],[4.427211,46.011344],[4.426506,46.011202],[4.4258,46.010993],[4.424172,46.010702],[4.423896,46.010538],[4.423582,46.010194],[4.423,46.009723],[4.422706,46.009541],[4.422147,46.008715],[4.421868,46.008351],[4.422008,46.008102],[4.421932,46.007536],[4.421766,46.007345],[4.421611,46.006344],[4.421482,46.006041],[4.421289,46.005812],[4.420581,46.005292],[4.419905,46.004645],[4.419486,46.004117],[4.418875,46.003521],[4.418499,46.002944],[4.418328,46.00236],[4.418285,46.00176],[4.418445,46.001507],[4.418537,46.00122],[4.418735,46.000979],[4.418794,46.000469],[4.41909,46.000167],[4.419294,45.999863],[4.419014,45.998454],[4.419121,45.998111],[4.418682,45.997139],[4.418896,45.996426],[4.418736,45.99542],[4.418156,45.994778],[4.418092,45.99457],[4.418221,45.994153],[4.417572,45.993443],[4.41688,45.992793],[4.416504,45.992312],[4.415775,45.991535],[4.41431,45.990167],[4.413881,45.989944],[4.413803,45.989834],[4.41366,45.989478],[4.412461,45.989139],[4.411456,45.988777],[4.410736,45.988345],[4.410053,45.987794],[4.409715,45.987627],[4.409483,45.987459],[4.40901,45.987184],[4.408664,45.987043],[4.408034,45.986679],[4.407444,45.986526],[4.406843,45.986094],[4.406424,45.985889],[4.405485,45.985675],[4.405448,45.985198],[4.405131,45.984505],[4.405313,45.983958],[4.405346,45.983604],[4.405319,45.982992],[4.405142,45.982709],[4.403629,45.98217],[4.402921,45.981846],[4.402191,45.981344],[4.401505,45.981078],[4.400485,45.980903],[4.401462,45.980079],[4.401762,45.979949],[4.401795,45.979786],[4.401505,45.979452],[4.400689,45.979064],[4.400306,45.978563],[4.400223,45.978225],[4.399971,45.977603],[4.399622,45.977073],[4.399016,45.97643],[4.398683,45.975826],[4.398243,45.975498],[4.397954,45.974834],[4.397589,45.974555],[4.396355,45.972875],[4.396227,45.972753],[4.396055,45.972317],[4.396248,45.971772],[4.396296,45.971373],[4.396173,45.970989],[4.395808,45.970475],[4.395465,45.969894],[4.395089,45.969586],[4.394912,45.968915],[4.394628,45.968475],[4.393598,45.967589],[4.392429,45.967065],[4.391082,45.966656],[4.390755,45.966612],[4.390331,45.966395],[4.389435,45.966103],[4.388786,45.965736],[4.38804,45.965361],[4.387815,45.965178],[4.387418,45.964531],[4.387375,45.964093],[4.387504,45.963187],[4.387257,45.962594],[4.386904,45.962077],[4.386742,45.961413],[4.386216,45.96048],[4.386377,45.959234],[4.387085,45.958275],[4.387933,45.95748],[4.388319,45.956759],[4.388823,45.956281],[4.389424,45.955378],[4.389275,45.954253],[4.389939,45.953117],[4.390025,45.951971],[4.38995,45.95126],[4.3901,45.950407],[4.390079,45.949419],[4.389972,45.948734],[4.389939,45.947607],[4.389666,45.947376],[4.388126,45.946682],[4.387912,45.946383],[4.388084,45.945995],[4.389156,45.945212],[4.390122,45.9443],[4.390325,45.943864],[4.390336,45.943451],[4.390186,45.942877],[4.389778,45.942347],[4.389511,45.941624],[4.389457,45.941396],[4.389532,45.940549],[4.388921,45.939735],[4.388427,45.938906],[4.388255,45.938368],[4.386678,45.936631],[4.386077,45.936088],[4.384108,45.935133],[4.383419,45.93489],[4.382847,45.934535],[4.382236,45.933907],[4.381356,45.932812],[4.381238,45.931945],[4.380648,45.931026],[4.380498,45.930436],[4.379704,45.92935],[4.378546,45.928313],[4.378433,45.927532],[4.378538,45.927275],[4.378331,45.926855],[4.377483,45.926545],[4.377236,45.926163]]],"type":"MultiLineString"},"properties":{"geo_point":{"lon":4.461190694775938,"lat":46.31988276390159},"name":"GR7 De Le Puley (Saône et Loire) à Les Sauvages (Rhône) (2020)","code_gr":"GR7"}},{"type":"Feature","geometry":{"coordinates":[[[4.90737,47.319553],[4.907842,47.319132],[4.908829,47.318623],[4.909354,47.318477],[4.91047,47.31844],[4.910953,47.318228],[4.910599,47.31788],[4.911028,47.317458],[4.911769,47.3178],[4.912241,47.317624],[4.912498,47.31742],[4.912563,47.317289],[4.912884,47.317317],[4.912498,47.316773],[4.91238,47.316369],[4.911983,47.315724],[4.911081,47.315253],[4.911146,47.314533],[4.911125,47.313843],[4.911415,47.313494],[4.911479,47.312565],[4.910996,47.311855],[4.910728,47.311676],[4.909644,47.310081],[4.909537,47.309513],[4.909129,47.308815],[4.909108,47.30814],[4.909247,47.307355],[4.909204,47.306184],[4.909258,47.305857],[4.909242,47.305124],[4.909119,47.304304],[4.90914,47.303694],[4.909333,47.303498],[4.90885,47.303722],[4.908357,47.303739],[4.907949,47.304058],[4.90766,47.304091],[4.907456,47.304212],[4.907058,47.304259],[4.906683,47.304384],[4.905578,47.304901],[4.904977,47.305251],[4.90494,47.304884],[4.904687,47.304263],[4.903185,47.304151],[4.903335,47.303969],[4.902976,47.304026],[4.902509,47.303904],[4.902314,47.303955],[4.901892,47.30389],[4.901557,47.303497],[4.901249,47.303246],[4.901104,47.302834],[4.900878,47.302404],[4.90039,47.301886],[4.900139,47.300087],[4.900268,47.298537],[4.900466,47.297849],[4.900793,47.297264],[4.901222,47.296812],[4.901705,47.295788],[4.901963,47.295632],[4.902247,47.295094],[4.902606,47.294556],[4.902686,47.294141],[4.902976,47.293655],[4.902869,47.293045],[4.903201,47.292554],[4.903735,47.292133],[4.904012,47.291864],[4.904006,47.291628],[4.903775,47.291102],[4.903577,47.290812],[4.903363,47.290653],[4.903263,47.290156],[4.903127,47.289824],[4.903067,47.289303],[4.903062,47.288839],[4.902692,47.287968],[4.902365,47.287634],[4.902021,47.28689],[4.901796,47.286626],[4.901458,47.285609],[4.901295,47.285264],[4.901195,47.284919],[4.900876,47.284658],[4.90068,47.284299],[4.900085,47.283988],[4.899817,47.283619],[4.899409,47.283407],[4.899125,47.283011],[4.899081,47.28259],[4.898886,47.282411],[4.898207,47.282173],[4.897525,47.281503],[4.896812,47.281196],[4.896646,47.281016],[4.896512,47.280731],[4.896078,47.280321],[4.895841,47.279791],[4.895935,47.279423],[4.896114,47.279127],[4.896475,47.278679],[4.896486,47.278461],[4.896678,47.278041],[4.896941,47.277704],[4.896877,47.277096],[4.896807,47.276827],[4.896812,47.276605],[4.897091,47.275963],[4.897091,47.275963],[4.897327,47.275844],[4.897606,47.275072],[4.89825,47.274752],[4.899172,47.274592],[4.899537,47.274461],[4.901318,47.274315],[4.902219,47.274461],[4.902777,47.274505],[4.9034,47.274723],[4.903657,47.274694],[4.904451,47.274344],[4.905116,47.274242],[4.905653,47.274344],[4.906017,47.274257],[4.907734,47.273442],[4.908313,47.273325],[4.908421,47.273427],[4.908313,47.273733],[4.908635,47.273704],[4.909043,47.273951],[4.909301,47.274242],[4.909751,47.275247],[4.910416,47.275495],[4.910974,47.275902],[4.911318,47.276281],[4.91297,47.277198],[4.914429,47.277795],[4.916403,47.278493],[4.916703,47.278712],[4.917068,47.278566],[4.918055,47.278537],[4.919643,47.277809],[4.920072,47.277824],[4.922776,47.278712],[4.922991,47.278537],[4.922819,47.278057],[4.924664,47.277096],[4.925608,47.276863],[4.926681,47.276426],[4.928505,47.275989],[4.930694,47.274898],[4.932024,47.274927],[4.93284,47.274621],[4.934385,47.273325],[4.935264,47.272976],[4.936595,47.272568],[4.941144,47.270544],[4.944813,47.270297],[4.949662,47.268652],[4.951036,47.268346],[4.954254,47.267967],[4.955928,47.267924],[4.957173,47.26753],[4.958245,47.267283],[4.959039,47.266963],[4.960262,47.266773],[4.962129,47.2659],[4.963846,47.265536],[4.964704,47.265244],[4.965434,47.264618],[4.966657,47.264109],[4.967386,47.263919],[4.967901,47.263934],[4.968352,47.26424],[4.968867,47.264283],[4.971142,47.265026],[4.971678,47.265536],[4.972193,47.265725],[4.972493,47.265259],[4.972622,47.264735],[4.972837,47.264225],[4.972858,47.262769],[4.973116,47.262041],[4.973588,47.261735],[4.976635,47.261502],[4.976098,47.260381],[4.975948,47.259274],[4.976055,47.259128],[4.97509,47.256551],[4.975068,47.255997],[4.974682,47.255415],[4.974274,47.255211],[4.97391,47.254774],[4.973738,47.25441],[4.973309,47.254133],[4.972686,47.254147],[4.97215,47.254264],[4.971721,47.253958],[4.970798,47.253594],[4.970412,47.253565],[4.97024,47.253041],[4.970305,47.252516],[4.97024,47.251977],[4.971013,47.250812],[4.971184,47.250098],[4.970283,47.250055],[4.970326,47.249589],[4.969833,47.248496],[4.969639,47.248263],[4.969189,47.247345],[4.96876,47.246938],[4.968652,47.246617],[4.967944,47.247054],[4.967773,47.247418],[4.964704,47.247273],[4.962966,47.247447],[4.962923,47.247579],[4.963288,47.247739],[4.96361,47.248176],[4.96376,47.249268],[4.963631,47.249545],[4.963309,47.249297],[4.961893,47.248889],[4.960885,47.248773],[4.960005,47.248831],[4.959104,47.249064],[4.957151,47.250346],[4.955177,47.251628],[4.95346,47.2524],[4.952151,47.252808],[4.951229,47.252909],[4.950199,47.253259],[4.948568,47.253507],[4.946615,47.253929],[4.944706,47.254177],[4.943568,47.25422],[4.942367,47.254351],[4.940543,47.254424],[4.93932,47.254584],[4.938247,47.255007],[4.937002,47.255167],[4.935114,47.254686],[4.934041,47.254715],[4.932925,47.25457],[4.932046,47.254584],[4.929417,47.254185],[4.928956,47.251583],[4.928742,47.250979],[4.9274,47.24943],[4.927143,47.248773],[4.926918,47.248577],[4.925877,47.246865],[4.925394,47.246429],[4.924847,47.245496],[4.924557,47.244542],[4.92474,47.244295],[4.924648,47.243489],[4.924471,47.24274],[4.924139,47.240311],[4.922004,47.238963],[4.921542,47.238548],[4.92106,47.237929],[4.920373,47.23736],[4.920276,47.237153],[4.920019,47.236878],[4.919914,47.236715],[4.919493,47.236381],[4.918932,47.236097],[4.918087,47.235525],[4.917444,47.235233],[4.916972,47.234864],[4.916285,47.234487],[4.915642,47.234088],[4.915298,47.233924],[4.914247,47.233624],[4.913742,47.233338],[4.912863,47.232561],[4.91017,47.231369],[4.909387,47.231166],[4.908684,47.231123],[4.907412,47.231262],[4.90663,47.231258],[4.906334,47.231067],[4.9062,47.230355],[4.905937,47.229859],[4.905718,47.229747],[4.905723,47.229489],[4.905461,47.228807],[4.905232,47.228459],[4.904709,47.227626],[4.904456,47.226992],[4.904161,47.226053],[4.902896,47.226536],[4.902037,47.226315],[4.900428,47.225643],[4.900144,47.225312],[4.899833,47.225007],[4.899283,47.224839],[4.898309,47.224652],[4.897166,47.224533],[4.896391,47.224321],[4.895655,47.224157],[4.895257,47.224022],[4.89487,47.223749],[4.894307,47.223138],[4.893883,47.222446],[4.893841,47.221998],[4.893637,47.221837],[4.892972,47.221559],[4.892703,47.221279],[4.892178,47.220612],[4.891985,47.220528],[4.891628,47.220482],[4.891416,47.220378],[4.890794,47.219591],[4.8906,47.219104],[4.890627,47.218631],[4.890545,47.218504],[4.890367,47.218363],[4.889109,47.217822],[4.88879,47.217482],[4.888508,47.217291],[4.887827,47.217081],[4.887649,47.216892],[4.887502,47.216813],[4.887285,47.216537],[4.885139,47.21529],[4.884764,47.214984],[4.88419,47.214296],[4.884125,47.213938],[4.884359,47.213503],[4.884448,47.213131],[4.884292,47.212625],[4.884034,47.212333],[4.884067,47.211712],[4.884732,47.210832],[4.884914,47.210264],[4.884764,47.210026],[4.884059,47.209562],[4.883712,47.209233],[4.883576,47.208842],[4.883407,47.208619],[4.883262,47.207722],[4.883305,47.207312],[4.883654,47.206997],[4.884233,47.206734],[4.88464,47.206777],[4.884488,47.206437],[4.884303,47.20609],[4.883868,47.205681],[4.883723,47.20546],[4.883686,47.205194],[4.883192,47.204222],[4.882975,47.203963],[4.882431,47.203645],[4.882326,47.203542],[4.882264,47.203431],[4.882098,47.203276],[4.882079,47.20304],[4.882135,47.202608],[4.882001,47.202247],[4.88182,47.202055],[4.881393,47.20174],[4.880838,47.201145],[4.880767,47.200733],[4.880805,47.200417],[4.881245,47.199596],[4.881545,47.199184],[4.881615,47.198763],[4.881489,47.198594],[4.880751,47.197994],[4.880531,47.197645],[4.880462,47.197317],[4.880548,47.196732],[4.880693,47.196489],[4.88117,47.195881],[4.882122,47.19524],[4.882656,47.19481],[4.883578,47.194296],[4.88382,47.194094],[4.884072,47.193713],[4.884241,47.193106],[4.884383,47.192459],[4.884909,47.192204],[4.885281,47.192442],[4.885724,47.192661],[4.88648,47.192839],[4.886728,47.193058],[4.886813,47.194038],[4.886984,47.194143],[4.88714,47.194133],[4.887403,47.193921],[4.887661,47.193883],[4.887774,47.193987],[4.887725,47.194292],[4.888181,47.194303],[4.888396,47.194192],[4.889356,47.194043],[4.88934,47.193876],[4.888787,47.193829],[4.888626,47.193697],[4.888584,47.19347],[4.889055,47.193007],[4.889206,47.19264],[4.889168,47.191973],[4.889324,47.191541],[4.889659,47.19109],[4.889983,47.190875],[4.891443,47.19057],[4.891816,47.190394],[4.892264,47.190068],[4.892446,47.189616],[4.892596,47.189154],[4.893208,47.188483],[4.893883,47.187957],[4.894704,47.18752],[4.894989,47.187188],[4.895719,47.186982],[4.896126,47.18695],[4.895904,47.186447],[4.895552,47.185418],[4.895202,47.185404],[4.895367,47.185214],[4.895096,47.184718],[4.894624,47.184337],[4.893999,47.183989],[4.893047,47.183585],[4.892781,47.183317],[4.892521,47.183235],[4.891588,47.182252],[4.890386,47.181122],[4.889914,47.180358],[4.889968,47.180049],[4.890252,47.179788],[4.890192,47.17946],[4.890026,47.179143],[4.889796,47.179001],[4.889769,47.179328],[4.889624,47.179334],[4.889495,47.179161],[4.8892,47.178965],[4.889313,47.178665],[4.889061,47.178329],[4.888686,47.178139],[4.888471,47.177706],[4.888241,47.177438],[4.888294,47.177313],[4.888208,47.177117],[4.888122,47.176822],[4.887972,47.176658],[4.887631,47.176173],[4.887584,47.176036],[4.887472,47.175917],[4.887398,47.175631],[4.887189,47.17556],[4.887114,47.175363],[4.886808,47.175143],[4.886757,47.174907],[4.88655,47.174791],[4.88644,47.174456],[4.886468,47.174348],[4.886363,47.174237],[4.88647,47.174002],[4.886428,47.173712],[4.886188,47.173499],[4.886212,47.173309],[4.885987,47.172379],[4.885462,47.171955],[4.885612,47.171708],[4.885477,47.171388],[4.885236,47.171464],[4.885091,47.171466],[4.8847,47.171578],[4.884458,47.171907],[4.884147,47.172194],[4.883887,47.172344],[4.883412,47.172691],[4.883241,47.172694],[4.882986,47.173097],[4.882082,47.17415],[4.881765,47.174375],[4.880746,47.174719],[4.880346,47.175013],[4.879813,47.175756],[4.87956,47.17602],[4.879458,47.176495],[4.87956,47.176874],[4.879126,47.17699],[4.879174,47.177505],[4.87867,47.177796],[4.878343,47.178073],[4.87742,47.178567],[4.877141,47.178616],[4.876881,47.178519],[4.876335,47.178182],[4.875843,47.177918],[4.87558,47.177739],[4.875178,47.177728],[4.874896,47.177646],[4.874336,47.177557],[4.872748,47.177208],[4.872373,47.177215],[4.870591,47.177456],[4.867898,47.17768],[4.865275,47.177827],[4.864299,47.177814],[4.863835,47.177732],[4.863457,47.177537],[4.863314,47.177383],[4.862871,47.177345],[4.860485,47.177379],[4.8588,47.17773],[4.85747,47.177682],[4.856472,47.178272],[4.855775,47.178674],[4.855045,47.178949],[4.85476,47.178981],[4.854674,47.178603],[4.854458,47.178341],[4.854128,47.178007],[4.854155,47.177588],[4.854643,47.177118],[4.854777,47.176953],[4.854622,47.176778],[4.854799,47.176325],[4.854696,47.176167],[4.854487,47.176078],[4.854257,47.17565],[4.854133,47.174846],[4.853843,47.174097],[4.853446,47.17321],[4.853033,47.172381],[4.852234,47.171475],[4.852792,47.170263],[4.852653,47.170052],[4.852192,47.170074],[4.85166,47.168918],[4.851649,47.168667],[4.852524,47.167877],[4.853436,47.167485],[4.853403,47.166441],[4.853087,47.16612],[4.852566,47.165457],[4.853189,47.164362],[4.853205,47.163969],[4.85306,47.16292],[4.852824,47.162254],[4.852854,47.162009],[4.853087,47.161799],[4.853269,47.161392],[4.853135,47.160967],[4.852883,47.160651],[4.852416,47.16023],[4.852293,47.159965],[4.852288,47.159456],[4.851529,47.159413],[4.850814,47.159279],[4.850105,47.159207],[4.849262,47.158685],[4.849136,47.158232],[4.849128,47.157822],[4.849659,47.157818],[4.850196,47.157555],[4.851033,47.157343],[4.851032,47.156794],[4.850555,47.15558],[4.850769,47.155305],[4.850678,47.155128],[4.851284,47.153284],[4.851695,47.152582],[4.852244,47.151742],[4.85221,47.151547],[4.851907,47.151257],[4.851548,47.150806],[4.851515,47.150598],[4.851955,47.14992],[4.851649,47.149436],[4.851429,47.148975],[4.851655,47.148551],[4.852304,47.148025],[4.85243,47.147053],[4.852408,47.146897],[4.852493,47.146734],[4.85261,47.146263],[4.852857,47.145803],[4.852867,47.145441],[4.85276,47.145042],[4.852518,47.144498],[4.851719,47.143701],[4.850689,47.143028],[4.85056,47.142822],[4.850061,47.142449],[4.849659,47.142067],[4.849243,47.141768],[4.848608,47.141421],[4.848125,47.141049],[4.847701,47.140027],[4.84784,47.139885],[4.84769,47.139674],[4.847144,47.139637],[4.846419,47.139872],[4.845754,47.139484],[4.845062,47.139265],[4.844659,47.139422],[4.844338,47.139477],[4.843898,47.139149],[4.843436,47.138958],[4.843394,47.138847],[4.843077,47.138892],[4.842567,47.139101],[4.841264,47.13942],[4.840518,47.139693],[4.838292,47.140033],[4.83642,47.140373],[4.835829,47.140394],[4.834403,47.140701],[4.831759,47.141705],[4.831104,47.141653],[4.830337,47.141502],[4.829596,47.141464],[4.828995,47.141031],[4.828743,47.14095],[4.828521,47.140962],[4.828427,47.141029],[4.828505,47.141657],[4.828485,47.142452],[4.828175,47.143323],[4.827643,47.143692],[4.826849,47.143647],[4.826667,47.143693],[4.826077,47.143637],[4.825851,47.143378],[4.825707,47.143073],[4.825195,47.142713],[4.8248,47.142377],[4.823991,47.142018],[4.823602,47.141966],[4.823396,47.141867],[4.822719,47.141637],[4.822274,47.141591],[4.821882,47.141509],[4.821341,47.141276],[4.820544,47.141121],[4.819967,47.141068],[4.819039,47.140756],[4.818615,47.140696],[4.818065,47.140741],[4.817876,47.140798],[4.817376,47.140851],[4.817113,47.140798],[4.812457,47.141682],[4.812253,47.141635],[4.812007,47.141647],[4.811816,47.141747],[4.811561,47.141832],[4.811019,47.141789],[4.810751,47.141721],[4.810096,47.141729],[4.809507,47.141471],[4.809292,47.141186],[4.809102,47.141053],[4.808498,47.140961],[4.807961,47.141014],[4.806948,47.141004],[4.805596,47.141324],[4.805081,47.141396],[4.803611,47.141323],[4.804501,47.139948],[4.804802,47.139265],[4.806787,47.138389],[4.805724,47.138292],[4.801556,47.137261],[4.801058,47.137251],[4.79565,47.13873],[4.795178,47.138483],[4.794926,47.13823],[4.794564,47.137958],[4.794122,47.137588],[4.793604,47.137383],[4.791959,47.136934],[4.791138,47.136553],[4.789803,47.13584],[4.788923,47.13565],[4.787996,47.135256],[4.786836,47.134923],[4.786246,47.134618],[4.786027,47.134403],[4.785801,47.13436],[4.78527,47.1344],[4.784932,47.134578],[4.784664,47.134831],[4.784471,47.135135],[4.784288,47.135184],[4.784063,47.135124],[4.783521,47.135252],[4.782652,47.135707],[4.782019,47.135821],[4.781667,47.136003],[4.78108,47.136265],[4.780409,47.136315],[4.780812,47.135315],[4.780866,47.134503],[4.781263,47.133907],[4.781306,47.13361],[4.780909,47.133506],[4.780324,47.13345],[4.780061,47.132973],[4.779278,47.1325],[4.778962,47.132658],[4.778656,47.132643],[4.778404,47.132504],[4.778055,47.132484],[4.778023,47.132309],[4.777712,47.132504],[4.777296,47.133072],[4.7768,47.133595],[4.776205,47.133239],[4.775845,47.132964],[4.775331,47.133157],[4.774263,47.13331],[4.773244,47.133404],[4.772805,47.13336],[4.772563,47.133537],[4.770825,47.133528],[4.770085,47.133758],[4.769447,47.133818],[4.769088,47.133746],[4.768005,47.133737],[4.765038,47.133816],[4.764228,47.133764],[4.762845,47.133326],[4.76218,47.133194],[4.761683,47.132648],[4.7613,47.132434],[4.760681,47.13195],[4.762952,47.127767],[4.761388,47.12745],[4.753624,47.125585],[4.753302,47.124932],[4.752932,47.124584],[4.75278,47.124249],[4.752788,47.123914],[4.75348,47.123389],[4.754151,47.122996],[4.752987,47.121754],[4.752677,47.12037],[4.752791,47.120135],[4.754862,47.12045],[4.7569,47.120532],[4.758489,47.120352],[4.759219,47.120606],[4.759659,47.120546],[4.760367,47.120202],[4.761848,47.119799],[4.762331,47.119377],[4.76275,47.119166],[4.76349,47.119015],[4.764874,47.118993],[4.765791,47.118542],[4.767195,47.117385],[4.767764,47.11682],[4.768001,47.116219],[4.768141,47.115547],[4.768302,47.115124],[4.768119,47.114731],[4.76766,47.114431],[4.767079,47.114238],[4.766625,47.114219],[4.76644,47.114118],[4.766004,47.113959],[4.765672,47.113696],[4.765612,47.113565],[4.766061,47.113111],[4.76657,47.112485],[4.766692,47.112031],[4.766717,47.11173],[4.766489,47.111251],[4.76545,47.109998],[4.765407,47.1098],[4.765525,47.109265],[4.765504,47.109036],[4.765386,47.108858],[4.765135,47.10827],[4.765018,47.107836],[4.764814,47.107445],[4.764445,47.107036],[4.764166,47.106458],[4.763764,47.106027],[4.763306,47.105413],[4.763063,47.105154],[4.762761,47.104953],[4.762298,47.104838],[4.761829,47.104606],[4.7608,47.104519],[4.760122,47.104548],[4.759915,47.104438],[4.760014,47.103988],[4.759988,47.103628],[4.759682,47.103231],[4.759592,47.101866],[4.759385,47.101352],[4.759335,47.100869],[4.759059,47.100224],[4.758422,47.099761],[4.75786,47.099239],[4.757081,47.098942],[4.756604,47.098896],[4.756423,47.098601],[4.756045,47.098439],[4.75537,47.097877],[4.754653,47.097388],[4.754239,47.096919],[4.753858,47.096209],[4.7539,47.095871],[4.754244,47.09565],[4.754873,47.095662],[4.75548,47.095563],[4.756694,47.094923],[4.757155,47.094178],[4.757048,47.093683],[4.756673,47.092997],[4.756212,47.092521],[4.755503,47.091286],[4.754881,47.089985],[4.755267,47.089181],[4.754859,47.08795],[4.754542,47.087669],[4.754086,47.087475],[4.754322,47.087457],[4.755052,47.08768],[4.755144,47.087457],[4.755042,47.08646],[4.754859,47.085902],[4.754817,47.084932],[4.75502,47.084232],[4.754859,47.083261],[4.754344,47.082879],[4.753883,47.081848],[4.753926,47.081156],[4.754071,47.080947],[4.754151,47.080643],[4.754301,47.08028],[4.754365,47.07986],[4.754365,47.079194],[4.754537,47.078911],[4.755074,47.078658],[4.755068,47.078547],[4.754494,47.078271],[4.754317,47.078075],[4.753657,47.076611],[4.753684,47.076242],[4.753939,47.075959],[4.755047,47.075421],[4.755771,47.074803],[4.756018,47.07472],[4.756709,47.074356],[4.757161,47.074252],[4.757536,47.073827],[4.757622,47.073451],[4.756554,47.072522],[4.756125,47.07189],[4.755541,47.070613],[4.754715,47.069797],[4.754162,47.069653],[4.754269,47.069104],[4.754127,47.068669],[4.754065,47.067898],[4.754167,47.067614],[4.754199,47.066744],[4.754296,47.066109],[4.754728,47.065273],[4.755038,47.064819],[4.755177,47.064526],[4.755369,47.064342],[4.757024,47.063464],[4.757949,47.063009],[4.758115,47.062728],[4.75811,47.062414],[4.757885,47.062046],[4.757595,47.061277],[4.757681,47.060749],[4.757632,47.060232],[4.757686,47.059474],[4.757789,47.059147],[4.75774,47.05822],[4.75782,47.057264],[4.75862,47.056722],[4.758724,47.056241],[4.758759,47.055577],[4.759183,47.054772],[4.759285,47.054205],[4.759473,47.053711],[4.759875,47.053267],[4.760191,47.052464],[4.759961,47.052432],[4.759328,47.051946],[4.759288,47.051777],[4.759165,47.051582],[4.759171,47.051452],[4.759065,47.051346],[4.758786,47.050919],[4.758416,47.050464],[4.758311,47.050412],[4.758019,47.049892],[4.757935,47.049907],[4.757818,47.050258],[4.757627,47.050679],[4.757488,47.05067],[4.756903,47.05023],[4.756858,47.050078],[4.756533,47.049693],[4.756104,47.049508],[4.753952,47.050323],[4.753733,47.050105],[4.753926,47.049773],[4.754323,47.049636],[4.753625,47.048891],[4.754328,47.04871],[4.754178,47.048436],[4.753829,47.048378],[4.753566,47.048081],[4.753604,47.047791],[4.753412,47.047684],[4.753305,47.047711],[4.753177,47.047643],[4.752998,47.047648],[4.752671,47.047468],[4.752284,47.047019],[4.752285,47.04674],[4.752094,47.046565],[4.751554,47.046393],[4.75112,47.046052],[4.751035,47.045571],[4.750855,47.045471],[4.750502,47.04553],[4.750317,47.045527],[4.750111,47.045589],[4.749849,47.045583],[4.749678,47.045726],[4.748979,47.045917],[4.748132,47.046016],[4.747944,47.044856],[4.747778,47.044074],[4.747961,47.042357],[4.746812,47.039913],[4.742886,47.036118],[4.743251,47.035271],[4.742639,47.03561],[4.741126,47.035743],[4.739667,47.036064],[4.739388,47.035965],[4.738863,47.035388],[4.737832,47.034997],[4.737543,47.034283],[4.736255,47.032557],[4.73618,47.032042],[4.735804,47.031342],[4.735193,47.031258],[4.733756,47.030676],[4.73265,47.029907],[4.732308,47.029441],[4.730526,47.028423],[4.729625,47.028087],[4.728702,47.02749],[4.728101,47.02729],[4.727453,47.026987],[4.726589,47.026684],[4.725688,47.026054],[4.725398,47.025536],[4.725173,47.024732],[4.724786,47.024168],[4.724292,47.023869],[4.723842,47.022808],[4.722286,47.020966],[4.721873,47.02038],[4.721257,47.019648],[4.720851,47.018931],[4.720672,47.018477],[4.720269,47.017921],[4.720854,47.017789],[4.721214,47.017789],[4.721997,47.017544],[4.722887,47.017357],[4.723579,47.017156],[4.723681,47.017227],[4.724121,47.016743],[4.724433,47.016308],[4.724931,47.016173],[4.725205,47.016152],[4.725444,47.016263],[4.725902,47.016338],[4.726331,47.016321],[4.72661,47.016384],[4.727157,47.016273],[4.727259,47.016153],[4.72764,47.015894],[4.727739,47.015429],[4.727853,47.01532],[4.727806,47.015212],[4.728029,47.015078],[4.728101,47.014926],[4.728673,47.014734],[4.728858,47.014755],[4.728812,47.014583],[4.728874,47.01439],[4.729571,47.013985],[4.729475,47.013774],[4.729207,47.013599],[4.728316,47.013156],[4.727549,47.013092],[4.726784,47.013213],[4.726176,47.013444],[4.725355,47.013894],[4.724781,47.014002],[4.72411,47.013985],[4.724261,47.013847],[4.724116,47.013336],[4.723933,47.013049],[4.723954,47.012959],[4.723577,47.012755],[4.723048,47.012343],[4.722614,47.011805],[4.72219,47.01142],[4.721933,47.011273],[4.72101,47.010991],[4.720567,47.010772],[4.72035,47.010567],[4.720205,47.010164],[4.719859,47.010005],[4.719857,47.009908],[4.719553,47.009903],[4.719288,47.00984],[4.719066,47.009916],[4.718874,47.00988],[4.718209,47.009215],[4.717949,47.00885],[4.717582,47.00855],[4.717139,47.008034],[4.716611,47.007563],[4.716332,47.007142],[4.715989,47.006722],[4.715774,47.006378],[4.715377,47.005001],[4.715069,47.004447],[4.714632,47.003894],[4.714495,47.003523],[4.714122,47.002955],[4.714111,47.00264],[4.713886,47.002129],[4.713537,47.001693],[4.713257,47.001199],[4.712977,47.000867],[4.712609,47.000268],[4.711965,47.000473],[4.71129,46.999943],[4.711204,47.000098],[4.710501,46.99946],[4.710287,46.999442],[4.709967,46.999128],[4.709691,46.998771],[4.708961,46.998193],[4.707417,46.998416],[4.707202,46.998361],[4.70666,46.997979],[4.706269,46.998041],[4.70585,46.998409],[4.70534,46.998442],[4.70439,46.998595],[4.703919,46.998791],[4.703752,46.998756],[4.703221,46.998749],[4.702964,46.998846],[4.702578,46.998943],[4.702455,46.999149],[4.70195,46.999196],[4.701697,46.9994],[4.70129,46.999516],[4.700764,46.999352],[4.700485,46.999477],[4.700282,46.999653],[4.699877,46.999891],[4.699665,47.000088],[4.69977,47.000311],[4.699869,47.000721],[4.699976,47.000931],[4.699975,47.001185],[4.700207,47.001359],[4.700515,47.001671],[4.70085,47.00185],[4.701236,47.001956],[4.701746,47.002032],[4.701916,47.002176],[4.702033,47.002412],[4.702207,47.002561],[4.702475,47.002691],[4.703012,47.002786],[4.703398,47.003354],[4.703846,47.003645],[4.70394,47.003768],[4.703999,47.003991],[4.702926,47.003627],[4.702535,47.003596],[4.701446,47.003793],[4.700604,47.002759],[4.699825,47.00215],[4.699107,47.001853],[4.697964,47.000847],[4.697245,46.999647],[4.696967,46.998886],[4.697202,46.998689],[4.697527,46.998021],[4.697615,46.99769],[4.697922,46.997043],[4.698056,46.995987],[4.697739,46.995707],[4.697513,46.995262],[4.697567,46.995116],[4.697331,46.994859],[4.697519,46.994732],[4.69752,46.994587],[4.697339,46.994471],[4.697219,46.994298],[4.696959,46.994183],[4.696525,46.99388],[4.696038,46.993855],[4.69555,46.993684],[4.695245,46.993497],[4.695045,46.993452],[4.694941,46.993311],[4.694482,46.993148],[4.694346,46.992907],[4.693807,46.992337],[4.693356,46.992154],[4.693018,46.99211],[4.692149,46.990972],[4.691587,46.990655],[4.691218,46.990528],[4.690881,46.990522],[4.690115,46.990186],[4.689629,46.990141],[4.689379,46.99007],[4.688478,46.989842],[4.688195,46.989714],[4.68746,46.989498],[4.687054,46.989108],[4.686222,46.988923],[4.685137,46.989002],[4.684197,46.989382],[4.683623,46.989748],[4.682641,46.989968],[4.68068,46.989617],[4.680209,46.989573],[4.679953,46.989441],[4.680725,46.985725],[4.682408,46.983495],[4.683684,46.982899],[4.686077,46.981848],[4.685102,46.981264],[4.684567,46.980651],[4.683595,46.980342],[4.683109,46.980332],[4.682709,46.980201],[4.682551,46.980052],[4.682285,46.980035],[4.682086,46.979912],[4.681624,46.979847],[4.680184,46.979328],[4.679932,46.979117],[4.679529,46.979081],[4.67867,46.978622],[4.678504,46.978361],[4.678215,46.978192],[4.677536,46.978163],[4.677181,46.978245],[4.676606,46.978478],[4.675885,46.978468],[4.675311,46.978716],[4.675015,46.978891],[4.674275,46.979199],[4.672923,46.978971],[4.672795,46.978582],[4.672945,46.97769],[4.672119,46.977581],[4.671314,46.977186],[4.669898,46.977112],[4.669426,46.977126],[4.669276,46.976998],[4.669598,46.976263],[4.670037,46.975725],[4.670295,46.975346],[4.670541,46.975106],[4.671883,46.97428],[4.672451,46.973683],[4.672655,46.973415],[4.672939,46.973255],[4.673223,46.972992],[4.67303,46.972787],[4.673116,46.972494],[4.673717,46.972003],[4.673684,46.971404],[4.673063,46.970178],[4.672526,46.96985],[4.672349,46.96962],[4.672376,46.969354],[4.67303,46.969131],[4.672816,46.968813],[4.671936,46.968343],[4.671078,46.968064],[4.668497,46.968647],[4.668307,46.968615],[4.667832,46.968289],[4.667134,46.968107],[4.66701,46.967915],[4.666754,46.967764],[4.666612,46.967636],[4.666373,46.967589],[4.666167,46.967411],[4.66573,46.96717],[4.665461,46.967098],[4.664997,46.967533],[4.664742,46.967727],[4.664705,46.967807],[4.657817,46.969527],[4.658723,46.971287],[4.658653,46.971415],[4.658771,46.971613],[4.659517,46.972231],[4.659501,46.972443],[4.659407,46.972613],[4.659367,46.972805],[4.659469,46.973131],[4.658949,46.973087],[4.658547,46.972958],[4.657945,46.972959],[4.65756,46.973076],[4.656755,46.972992],[4.656551,46.972827],[4.656229,46.972744],[4.655886,46.972698],[4.655698,46.972537],[4.655867,46.972296],[4.656116,46.972109],[4.656455,46.972118],[4.656283,46.97179],[4.656573,46.971598],[4.656519,46.971453],[4.656208,46.971367],[4.655918,46.971151],[4.655811,46.970826],[4.655467,46.970532],[4.655307,46.97014],[4.655382,46.969455],[4.655457,46.969111],[4.653804,46.969289],[4.653611,46.968391],[4.653343,46.967855],[4.653279,46.967529],[4.653429,46.967374],[4.653182,46.966452],[4.65331,46.966078],[4.653214,46.965669],[4.652924,46.96542],[4.651675,46.964957],[4.651219,46.964844],[4.650629,46.964792],[4.649969,46.96461],[4.649449,46.964509],[4.648204,46.964115],[4.64741,46.963824],[4.646745,46.963181],[4.645479,46.962997],[4.644959,46.962712],[4.644696,46.962464],[4.644079,46.962421],[4.64372,46.962313],[4.642765,46.962228],[4.642442,46.962084],[4.642775,46.961564],[4.642324,46.961094],[4.6424,46.96064],[4.642153,46.960229],[4.642753,46.959885],[4.642271,46.958778],[4.641981,46.958412],[4.641252,46.958018],[4.640844,46.957551],[4.640458,46.957341],[4.640339,46.957021],[4.640071,46.956686],[4.638967,46.955652],[4.638505,46.954906],[4.637947,46.954875],[4.637293,46.953764],[4.637164,46.953793],[4.636842,46.953278],[4.636553,46.953097],[4.636445,46.953264],[4.635845,46.95356],[4.635281,46.953151],[4.634686,46.952845],[4.63438,46.952538],[4.633989,46.952393],[4.634294,46.952291],[4.634557,46.952255],[4.634417,46.951703],[4.634739,46.95155],[4.63445,46.950931],[4.63416,46.949463],[4.633634,46.949149],[4.632851,46.948182],[4.633237,46.947642],[4.633462,46.947077],[4.633398,46.946447],[4.632995,46.945667],[4.632626,46.944395],[4.63262,46.943916],[4.632336,46.942998],[4.632679,46.941986],[4.632454,46.941262],[4.632486,46.941005],[4.632883,46.94022],[4.632894,46.939735],[4.631977,46.939338],[4.630909,46.938794],[4.630845,46.937905],[4.63092,46.937114],[4.631091,46.936307],[4.631365,46.935586],[4.631488,46.935201],[4.631681,46.934842],[4.632505,46.93508],[4.632588,46.935167],[4.63247,46.935488],[4.632486,46.935766],[4.63261,46.936233],[4.632765,46.936575],[4.632942,46.936733],[4.633392,46.936832],[4.634138,46.937167],[4.634879,46.937303],[4.635329,46.937328],[4.635125,46.936705],[4.634943,46.935561],[4.635007,46.934587],[4.635286,46.933364],[4.635689,46.93235],[4.635962,46.9319],[4.63622,46.93213],[4.636627,46.932332],[4.638119,46.932719],[4.639009,46.93301],[4.640066,46.933814],[4.641037,46.934471],[4.641541,46.93466],[4.642625,46.935273],[4.643236,46.935502],[4.644684,46.935856],[4.645221,46.936082],[4.645822,46.936514],[4.646273,46.936749],[4.647077,46.936945],[4.6483,46.937752],[4.649427,46.938827],[4.650103,46.939239],[4.650645,46.939338],[4.651701,46.939437],[4.652227,46.938755],[4.65253,46.938654],[4.652801,46.938465],[4.653955,46.938015],[4.654684,46.937823],[4.65551,46.937402],[4.655907,46.937128],[4.656631,46.936836],[4.657764,46.936273],[4.658589,46.935596],[4.659394,46.93483],[4.659877,46.934551],[4.660145,46.934433],[4.660875,46.933436],[4.66095,46.932917],[4.661969,46.932002],[4.662655,46.931698],[4.663573,46.931059],[4.663996,46.93064],[4.664485,46.929895],[4.664876,46.92953],[4.665188,46.929524],[4.665402,46.928957],[4.666196,46.92751],[4.665402,46.925925],[4.665069,46.925633],[4.664963,46.925127],[4.665188,46.924849],[4.665815,46.924655],[4.666572,46.924505],[4.667044,46.924352],[4.66832,46.924336],[4.668867,46.924453],[4.669812,46.924866],[4.670896,46.925068],[4.671711,46.925071],[4.672827,46.92477],[4.673245,46.924297],[4.673894,46.92398],[4.674258,46.923951],[4.674543,46.924212],[4.675067,46.924474],[4.675493,46.924729],[4.675639,46.924709],[4.675737,46.924564],[4.676029,46.924282],[4.676518,46.923788],[4.676662,46.923723],[4.677097,46.923409],[4.676848,46.92333],[4.676561,46.923299],[4.676223,46.92336],[4.675611,46.923652],[4.675303,46.923607],[4.674914,46.923492],[4.675627,46.923017],[4.676909,46.922683],[4.677404,46.922651],[4.677941,46.922657],[4.679022,46.922777],[4.679209,46.922614],[4.679353,46.9224],[4.679567,46.92225],[4.679659,46.921984],[4.679902,46.92177],[4.680015,46.921379],[4.680181,46.921091],[4.680572,46.920772],[4.681216,46.920416],[4.681372,46.919964],[4.681638,46.919546],[4.681898,46.919271],[4.682316,46.918801],[4.683006,46.918421],[4.683352,46.91829],[4.683668,46.918056],[4.684338,46.917712],[4.684532,46.917221],[4.684135,46.916995],[4.684204,46.916818],[4.68451,46.916737],[4.683942,46.916443],[4.684231,46.916215],[4.684124,46.915823],[4.683834,46.91571],[4.683759,46.915478],[4.684682,46.915234],[4.684703,46.915104],[4.683738,46.914788],[4.68318,46.914516],[4.683834,46.913181],[4.684875,46.91169],[4.686195,46.910375],[4.688437,46.908993],[4.689306,46.908045],[4.689687,46.907792],[4.69009,46.907627],[4.692879,46.90707],[4.693866,46.907435],[4.694595,46.907784],[4.694714,46.907393],[4.695368,46.906601],[4.695507,46.905701],[4.695786,46.905143],[4.695518,46.904713],[4.69482,46.90425],[4.694606,46.903574],[4.693957,46.902775],[4.693394,46.902356],[4.692085,46.901646],[4.692374,46.901436],[4.691741,46.900987],[4.691226,46.90018],[4.69054,46.899485],[4.690089,46.898744],[4.691334,46.898567],[4.693179,46.897781],[4.694016,46.897352],[4.695003,46.896923],[4.695024,46.896507],[4.695378,46.895855],[4.695282,46.895386],[4.695453,46.895085],[4.695465,46.894544],[4.696033,46.894581],[4.696194,46.894015],[4.697143,46.892822],[4.697503,46.892311],[4.696988,46.891125],[4.695859,46.889466],[4.695599,46.889046],[4.695137,46.888763],[4.694477,46.888052],[4.693605,46.887591],[4.693302,46.887511],[4.691935,46.886889],[4.691715,46.886879],[4.691286,46.886975],[4.690508,46.88562],[4.690497,46.885322],[4.690296,46.885047],[4.689671,46.884508],[4.689365,46.884142],[4.689231,46.883743],[4.68889,46.883769],[4.6887,46.883722],[4.687244,46.882188],[4.686801,46.881908],[4.686505,46.881403],[4.686278,46.880909],[4.685955,46.880499],[4.685685,46.880041],[4.687385,46.880607],[4.687253,46.880302],[4.686857,46.879908],[4.686522,46.879631],[4.686546,46.879548],[4.686731,46.879494],[4.686125,46.879272],[4.685443,46.878892],[4.685105,46.879008],[4.684714,46.878589],[4.684414,46.878027],[4.683984,46.87695],[4.683738,46.876498],[4.68362,46.875244],[4.68378,46.874618],[4.683716,46.874195],[4.684157,46.873601],[4.684146,46.872311],[4.68392,46.871926],[4.684328,46.871143],[4.68466,46.870087],[4.684735,46.867984],[4.684242,46.867036],[4.685744,46.866726],[4.686736,46.866614],[4.687622,46.866589],[4.687686,46.866711],[4.687943,46.866644],[4.688019,46.866294],[4.68789,46.865826],[4.687954,46.864895],[4.688748,46.863403],[4.68944,46.862904],[4.690105,46.862585],[4.690792,46.86182],[4.691146,46.861672],[4.69151,46.861683],[4.693196,46.860633],[4.693239,46.860189],[4.693394,46.860065],[4.692369,46.858585],[4.691685,46.85746],[4.691413,46.856927],[4.690958,46.856254],[4.690749,46.855299],[4.690326,46.854237],[4.690079,46.853777],[4.689725,46.852921],[4.688748,46.85138],[4.68848,46.851241],[4.687734,46.851199],[4.686881,46.851201],[4.686741,46.851078],[4.686699,46.850775],[4.686903,46.849732],[4.686817,46.849204],[4.686431,46.848911],[4.686093,46.848234],[4.68663,46.848126],[4.687364,46.84811],[4.687606,46.847999],[4.687815,46.847685],[4.687804,46.847029],[4.68768,46.846809],[4.687836,46.846615],[4.689344,46.845951],[4.689853,46.846142],[4.69047,46.846252],[4.690743,46.846145],[4.691205,46.845519],[4.691215,46.845246],[4.691023,46.844782],[4.691033,46.844341],[4.691179,46.84396],[4.691392,46.843755],[4.691503,46.843567],[4.691822,46.843248],[4.692653,46.843088],[4.692793,46.842735],[4.692594,46.842251],[4.692559,46.841864],[4.692421,46.841506],[4.692406,46.841302],[4.692613,46.840562],[4.692605,46.840236],[4.692702,46.839807],[4.692873,46.839422],[4.694686,46.8377],[4.695486,46.837207],[4.696312,46.837],[4.696902,46.836468],[4.697524,46.836116],[4.698377,46.83457],[4.699456,46.834808],[4.699466,46.834725],[4.698039,46.834182],[4.697371,46.833617],[4.697102,46.833351],[4.696672,46.833123],[4.696843,46.833122],[4.697096,46.832984],[4.697322,46.832942],[4.697591,46.832791],[4.697916,46.832723],[4.698267,46.832671],[4.698865,46.832545],[4.699836,46.832131],[4.700464,46.831894],[4.701183,46.831637],[4.701411,46.831486],[4.70202,46.831291],[4.70263,46.830997],[4.703186,46.830769],[4.703596,46.830574],[4.703877,46.830505],[4.70431,46.830306],[4.704814,46.830014],[4.705265,46.829787],[4.705694,46.82965],[4.706504,46.82948],[4.706601,46.828621],[4.706595,46.82789],[4.706697,46.827733],[4.707094,46.827418],[4.708452,46.82668],[4.708891,46.826276],[4.709165,46.825773],[4.709449,46.825409],[4.709701,46.825293],[4.710179,46.824837],[4.710758,46.824443],[4.711176,46.824284],[4.711649,46.824023],[4.712234,46.823906],[4.712921,46.823814],[4.712781,46.82299],[4.712298,46.821992],[4.712142,46.821246],[4.711858,46.820177],[4.710903,46.818974],[4.710807,46.818501],[4.710131,46.817116],[4.710442,46.816358],[4.710404,46.81617],[4.710689,46.815894],[4.711858,46.815561],[4.712405,46.815779],[4.712878,46.815569],[4.713586,46.81546],[4.71395,46.815306],[4.714079,46.81543],[4.714605,46.815098],[4.71543,46.814828],[4.716353,46.81382],[4.717265,46.813114],[4.717743,46.812638],[4.718328,46.811913],[4.718778,46.812004],[4.719164,46.811868],[4.719872,46.810944],[4.720645,46.811008],[4.72057,46.810795],[4.720248,46.810659],[4.720119,46.810449],[4.72013,46.809907],[4.719921,46.809418],[4.719282,46.808503],[4.719218,46.808079],[4.718886,46.807534],[4.718499,46.806514],[4.718,46.805666],[4.717716,46.805215],[4.717652,46.804832],[4.717158,46.804504],[4.716911,46.804148],[4.716665,46.803542],[4.716638,46.803041],[4.716461,46.802275],[4.716445,46.801681],[4.716319,46.800973],[4.7163,46.800573],[4.715688,46.798983],[4.715538,46.798407],[4.715632,46.797647],[4.715629,46.797272],[4.715414,46.796766],[4.71513,46.796688],[4.713751,46.796943],[4.713596,46.796867],[4.713199,46.796307],[4.712631,46.795982],[4.712438,46.795737],[4.71189,46.795578],[4.7113,46.795277],[4.710807,46.79513],[4.710452,46.795137],[4.709697,46.795495],[4.709251,46.795807],[4.709036,46.795792],[4.708862,46.795502],[4.70857,46.795146],[4.708347,46.794459],[4.707985,46.793772],[4.707781,46.793186],[4.707347,46.792518],[4.706998,46.79179],[4.706558,46.79123],[4.706483,46.790644],[4.706064,46.789783],[4.706087,46.789368],[4.706206,46.788953],[4.706574,46.78838],[4.707368,46.78743],[4.70836,46.786816],[4.708575,46.78658],[4.708897,46.785649],[4.708918,46.784657],[4.708988,46.784283],[4.708559,46.783829],[4.707352,46.783172],[4.706826,46.782739],[4.706585,46.782192],[4.70622,46.782009],[4.706209,46.781829],[4.706397,46.781578],[4.706389,46.781321],[4.706338,46.781123],[4.70644,46.780543],[4.706043,46.779858],[4.705614,46.779403],[4.705582,46.778984],[4.705721,46.778602],[4.705603,46.777763],[4.705914,46.777588],[4.705968,46.777134],[4.706901,46.775971],[4.707035,46.775538],[4.70706,46.775284],[4.70718,46.774807],[4.707534,46.774157],[4.707073,46.773408],[4.706397,46.773391],[4.705946,46.773261],[4.705442,46.773023],[4.704846,46.773116],[4.704444,46.773122],[4.703897,46.772953],[4.702127,46.772282],[4.700502,46.772297],[4.698487,46.772414],[4.69746,46.772502],[4.696934,46.771909],[4.694563,46.772217],[4.69393,46.772026],[4.693737,46.771584],[4.693673,46.771018],[4.69467,46.770725],[4.69438,46.769883],[4.694155,46.769334],[4.694209,46.768225],[4.693887,46.767947],[4.694257,46.767291],[4.694534,46.767023],[4.694917,46.766865],[4.695754,46.766743],[4.696393,46.766768],[4.696784,46.766834],[4.697562,46.766729],[4.697659,46.76655],[4.697455,46.766282],[4.697138,46.766087],[4.694832,46.764552],[4.694241,46.764301],[4.694231,46.763723],[4.694477,46.763246],[4.694391,46.761261],[4.694584,46.760774],[4.694252,46.760372],[4.693534,46.759902],[4.692064,46.759254],[4.689821,46.758951],[4.689327,46.75872],[4.688769,46.758563],[4.687879,46.757637],[4.688126,46.757372],[4.687771,46.756805],[4.68746,46.756195],[4.68731,46.755086],[4.686624,46.754872],[4.68598,46.754909],[4.686055,46.7546],[4.686377,46.753836],[4.686452,46.752824],[4.686299,46.752469],[4.685384,46.751416],[4.686066,46.75116],[4.686146,46.750853],[4.686028,46.750428],[4.685937,46.749882],[4.685475,46.74925],[4.684746,46.748749],[4.684296,46.748963],[4.68319,46.748388],[4.682933,46.748763],[4.680959,46.750095],[4.680487,46.750346],[4.67994,46.750729],[4.679296,46.750713],[4.678931,46.750832],[4.678792,46.750946],[4.677719,46.751042],[4.676431,46.750418],[4.676045,46.75017],[4.675262,46.74925],[4.674554,46.74896],[4.67434,46.748773],[4.67303,46.748559],[4.672237,46.747742],[4.671411,46.747094],[4.670863,46.746132],[4.670568,46.745885],[4.670048,46.745755],[4.667878,46.745834],[4.664238,46.745884],[4.66324,46.745481],[4.663267,46.745382],[4.66287,46.745037],[4.662565,46.744967],[4.661626,46.744992],[4.660921,46.744937],[4.660044,46.744809],[4.659957,46.744136],[4.659772,46.744064],[4.659228,46.744057],[4.658085,46.744004],[4.657675,46.74385],[4.657248,46.743748],[4.655703,46.743541],[4.655467,46.743379],[4.65529,46.742955],[4.654458,46.742189],[4.654169,46.741679],[4.653992,46.741227],[4.653187,46.740499],[4.652619,46.739818],[4.652399,46.73945],[4.652372,46.739084],[4.652753,46.738719],[4.652922,46.738333],[4.653048,46.738168],[4.65267,46.738265],[4.652463,46.738252],[4.651723,46.737803],[4.651294,46.7375],[4.650859,46.737382],[4.650414,46.7374],[4.649223,46.736207],[4.647093,46.734953],[4.646423,46.734648],[4.645983,46.734288],[4.645693,46.733887],[4.645103,46.733222],[4.64495,46.732915],[4.644669,46.732549],[4.644063,46.731522],[4.643966,46.731073],[4.644192,46.730618],[4.644417,46.730016],[4.644599,46.729842],[4.645554,46.729316],[4.645672,46.728823],[4.644685,46.729095],[4.64402,46.729221],[4.643397,46.729499],[4.642721,46.729435],[4.64182,46.729508],[4.640898,46.729729],[4.639594,46.730162],[4.638696,46.730313],[4.638147,46.730467],[4.637819,46.730691],[4.637497,46.731074],[4.636915,46.73114],[4.635818,46.731176],[4.635307,46.731118],[4.634594,46.731332],[4.6343,46.731296],[4.63402,46.731002],[4.633983,46.730352],[4.63376,46.729787],[4.633425,46.728668],[4.633306,46.727867],[4.633023,46.727028],[4.632658,46.726482],[4.632453,46.725864],[4.632247,46.725482],[4.632019,46.725214],[4.631855,46.724932],[4.631585,46.72468],[4.631266,46.724465],[4.631004,46.724062],[4.630496,46.72349],[4.63026,46.723005],[4.630207,46.722543],[4.629299,46.72091],[4.628827,46.720322],[4.62871,46.71999],[4.629203,46.718627],[4.629096,46.718018],[4.627658,46.716255],[4.627057,46.715834],[4.626543,46.715413],[4.626102,46.714766],[4.626038,46.714174],[4.625866,46.713789],[4.624869,46.713303],[4.623109,46.712632],[4.622594,46.712186],[4.623292,46.711024],[4.623313,46.709986],[4.623592,46.709626],[4.622229,46.709641],[4.619729,46.709855],[4.61841,46.709869],[4.616746,46.709957],[4.616082,46.709833],[4.615336,46.709393],[4.614772,46.70899],[4.613582,46.708795],[4.613088,46.709015],[4.612796,46.708966],[4.612278,46.708579],[4.61186,46.708515],[4.610981,46.708561],[4.610154,46.708312],[4.609548,46.708239],[4.606984,46.707343],[4.60627,46.707194],[4.605198,46.707066],[4.605213,46.706736],[4.605031,46.706419],[4.604656,46.706212],[4.603733,46.705921],[4.602359,46.705387],[4.600806,46.704259],[4.60003,46.703611],[4.599597,46.703312],[4.599184,46.703165],[4.598594,46.702834],[4.598052,46.702569],[4.597521,46.702385],[4.596673,46.702267],[4.595375,46.701716],[4.593894,46.70132],[4.592875,46.701115],[4.592296,46.700703],[4.591748,46.700548],[4.591062,46.700171],[4.590354,46.700039],[4.588959,46.700386],[4.588551,46.700269],[4.588342,46.699981],[4.588154,46.699532],[4.587725,46.69934],[4.587071,46.699331],[4.586309,46.699121],[4.585419,46.698985],[4.585097,46.698846],[4.582994,46.69825],[4.580333,46.697132],[4.578697,46.696312],[4.577941,46.696051],[4.575934,46.694477],[4.57506,46.69349],[4.574272,46.692415],[4.573102,46.69159],[4.572276,46.690821],[4.5716,46.690273],[4.571294,46.690232],[4.570988,46.69025],[4.570731,46.690038],[4.570226,46.689757],[4.569154,46.688632],[4.568564,46.688222],[4.567147,46.687667],[4.566439,46.68731],[4.565688,46.686786],[4.565119,46.686526],[4.564701,46.686205],[4.562674,46.685196],[4.56189,46.684639],[4.561557,46.683665],[4.561284,46.683234],[4.560914,46.682884],[4.560195,46.682655]]],"type":"MultiLineString"},"properties":{"geo_point":{"lon":4.76218987192537,"lat":47.02048888807831},"name":"GR7 De Velars-sur-Ouche (Côte d'Or) à Le Puley (Saône et Loire) (2019)","code_gr":"GR7"}},{"type":"Feature","geometry":{"coordinates":[[[3.129226,43.652901],[3.128925,43.652852],[3.128614,43.652558],[3.128604,43.651985],[3.128186,43.651531],[3.128153,43.651146],[3.128308,43.651068],[3.128775,43.650997],[3.128636,43.650517],[3.127895,43.649429],[3.127359,43.648994],[3.127241,43.648635],[3.126994,43.648247],[3.125664,43.646969],[3.125439,43.646549],[3.124988,43.645991],[3.124634,43.645361],[3.124817,43.645107],[3.124398,43.644878],[3.124248,43.644421],[3.123733,43.644219],[3.123411,43.644188],[3.121812,43.644398],[3.121619,43.64447],[3.121158,43.644447],[3.120128,43.644894],[3.118358,43.644909],[3.117167,43.644622],[3.11633,43.644241],[3.116094,43.644032],[3.115343,43.643886],[3.114775,43.643569],[3.114555,43.642951],[3.114227,43.642519],[3.114071,43.64215],[3.113894,43.641921],[3.113647,43.641082],[3.114442,43.640347],[3.114485,43.640027],[3.114838,43.639375],[3.11471,43.638677],[3.11487,43.638108],[3.114989,43.636959],[3.114576,43.636362],[3.114227,43.636013],[3.113508,43.635857],[3.113165,43.635647],[3.112543,43.635422],[3.111797,43.634759],[3.111561,43.634297],[3.111202,43.633811],[3.111137,43.633534],[3.111338,43.63332],[3.11155,43.633208],[3.111671,43.633022],[3.111754,43.632735],[3.112151,43.63229],[3.112875,43.630539],[3.113165,43.630274],[3.113497,43.629707],[3.114002,43.62922],[3.113959,43.628387],[3.114141,43.628117],[3.114098,43.627703],[3.113723,43.627262],[3.113839,43.626943],[3.113172,43.626369],[3.112275,43.626261],[3.111689,43.626585],[3.112172,43.625961],[3.112689,43.625786],[3.113673,43.625055],[3.114345,43.624829],[3.114914,43.624835],[3.115804,43.625154],[3.116609,43.625359],[3.116577,43.624651],[3.117124,43.624674],[3.117102,43.624164],[3.116652,43.62347],[3.115311,43.623332],[3.11368,43.623486],[3.112489,43.62331],[3.111491,43.623386],[3.110965,43.623327],[3.110515,43.623377],[3.109627,43.623236],[3.109061,43.623289],[3.109068,43.623444],[3.109595,43.623392],[3.109926,43.623504],[3.109866,43.623597],[3.10948,43.623543],[3.108496,43.624792],[3.108047,43.624801],[3.106331,43.625592],[3.105687,43.625808],[3.105343,43.626167],[3.104679,43.626421],[3.104088,43.626485],[3.103208,43.626291],[3.101288,43.624679],[3.100741,43.62431],[3.100784,43.624084],[3.100118,43.623446],[3.100001,43.622913],[3.09941,43.622207],[3.099697,43.621682],[3.099716,43.621398],[3.099921,43.620857],[3.099753,43.620789],[3.099528,43.621305],[3.099324,43.621574],[3.098987,43.621844],[3.09867,43.622006],[3.098483,43.621831],[3.098483,43.62133],[3.098128,43.620708],[3.098252,43.620377],[3.098435,43.620038],[3.098799,43.61979],[3.098912,43.619538],[3.098938,43.619324],[3.099604,43.618835],[3.099454,43.618585],[3.099304,43.617989],[3.099422,43.617531],[3.098734,43.61708],[3.098391,43.616497],[3.098123,43.61631],[3.098016,43.615742],[3.097587,43.615565],[3.097233,43.615044],[3.096793,43.614616],[3.096771,43.613955],[3.096557,43.613911],[3.096181,43.61409],[3.09587,43.61409],[3.095387,43.61335],[3.094776,43.612861],[3.094352,43.612811],[3.094024,43.612622],[3.093832,43.611998],[3.093981,43.611782],[3.095214,43.61112],[3.094672,43.61116],[3.096036,43.610362],[3.096522,43.6102],[3.097176,43.6097],[3.097456,43.608847],[3.097699,43.607752],[3.097474,43.606697],[3.097736,43.606183],[3.097755,43.605601],[3.098072,43.604654],[3.098053,43.6041],[3.0974,43.603248],[3.096802,43.601489],[3.096727,43.600826],[3.096391,43.600069],[3.095438,43.600015],[3.095251,43.599595],[3.095438,43.599068],[3.095999,43.5985],[3.096298,43.59854],[3.096391,43.598418],[3.096185,43.598256],[3.096148,43.597539],[3.09697,43.596971],[3.096634,43.596403],[3.095887,43.596105],[3.0957,43.595686],[3.095494,43.59555],[3.095532,43.59509],[3.095401,43.594563],[3.094878,43.593805],[3.094149,43.593264],[3.093626,43.593142],[3.093608,43.592682],[3.093682,43.592249],[3.093197,43.591843],[3.092916,43.591126],[3.092916,43.590788],[3.09258,43.590693],[3.091441,43.590653],[3.08877,43.590978],[3.08834,43.591194],[3.087126,43.591532],[3.086696,43.591749],[3.085687,43.592696],[3.085445,43.593683],[3.085108,43.594049],[3.084529,43.594671],[3.083969,43.595009],[3.082699,43.595388],[3.082194,43.595429],[3.082269,43.594698],[3.082212,43.594666],[3.080495,43.594494],[3.080131,43.594823],[3.079101,43.594754],[3.078779,43.594241],[3.078404,43.594613],[3.078264,43.594197],[3.078065,43.593888],[3.077867,43.593424],[3.077545,43.59304],[3.077491,43.592529],[3.076982,43.593003],[3.076628,43.593448],[3.076316,43.593807],[3.076115,43.593822],[3.0757,43.593968],[3.075612,43.593799],[3.075496,43.593326],[3.075073,43.593003],[3.074796,43.592902],[3.074482,43.592929],[3.074088,43.593146],[3.073683,43.593471],[3.072924,43.59381],[3.072465,43.594118],[3.07209,43.594573],[3.071711,43.594743],[3.070565,43.594977],[3.070035,43.59515],[3.06981,43.595104],[3.069209,43.59537],[3.068554,43.59539],[3.068104,43.595253],[3.067873,43.595012],[3.06775,43.595292],[3.067701,43.596084],[3.067355,43.596503],[3.06678,43.597396],[3.065861,43.598561],[3.065443,43.598754],[3.064853,43.599009],[3.064037,43.599033],[3.06356,43.599249],[3.062809,43.599215],[3.062584,43.599038],[3.062375,43.598423],[3.062163,43.598278],[3.061936,43.598234],[3.061838,43.598106],[3.061259,43.598162],[3.0601,43.598171],[3.059713,43.598071],[3.05863,43.598186],[3.057622,43.59819],[3.055959,43.598357],[3.055562,43.598769],[3.055058,43.59901],[3.054511,43.59901],[3.053598,43.599298],[3.053126,43.599361],[3.052987,43.599018],[3.052289,43.599056],[3.05157,43.599647],[3.051447,43.599968],[3.051131,43.600484],[3.050862,43.601317],[3.0509,43.601778],[3.050637,43.603462],[3.050723,43.603813],[3.050411,43.604043],[3.050037,43.604617],[3.050004,43.605133],[3.049457,43.604595],[3.049135,43.604549],[3.048759,43.60428],[3.048309,43.603761],[3.048051,43.603568],[3.047944,43.60336],[3.047408,43.60281],[3.047107,43.603035],[3.047001,43.602739],[3.046614,43.602466],[3.046196,43.602825],[3.046356,43.603057],[3.046303,43.603379],[3.046292,43.6037],[3.047086,43.604519],[3.046496,43.6044],[3.045905,43.60379],[3.045637,43.603215],[3.045471,43.603448],[3.045458,43.603655],[3.045321,43.604076],[3.046152,43.605286],[3.045868,43.60519],[3.045552,43.605255],[3.045788,43.605323],[3.045798,43.605636],[3.045579,43.605681],[3.045393,43.606116],[3.045337,43.606365],[3.04493,43.606812],[3.0448,43.606664],[3.043588,43.606185],[3.043052,43.606228],[3.043234,43.606582],[3.043481,43.606822],[3.043524,43.607242],[3.042832,43.607794],[3.042016,43.608257],[3.041539,43.60884],[3.041732,43.609474],[3.042097,43.60988],[3.042322,43.610225],[3.042132,43.610736],[3.042157,43.610844],[3.042465,43.610405],[3.042582,43.610149],[3.042687,43.610153],[3.042671,43.610625],[3.042279,43.611773],[3.041625,43.612386],[3.040976,43.61274],[3.040858,43.613942],[3.038481,43.614052],[3.036894,43.614388],[3.036129,43.614059],[3.035021,43.613731],[3.03346,43.613754],[3.031186,43.612069],[3.028981,43.612776],[3.027892,43.613026],[3.027377,43.613038],[3.026873,43.612941],[3.026278,43.613036],[3.026057,43.61322],[3.025059,43.613406],[3.024786,43.613526],[3.024697,43.613789],[3.02455,43.614018],[3.024741,43.614134],[3.024765,43.614263],[3.024362,43.614361],[3.024362,43.614516],[3.024126,43.614526],[3.023665,43.614644],[3.023982,43.614936],[3.023783,43.61521],[3.023445,43.615271],[3.022533,43.615242],[3.021993,43.615296],[3.021348,43.6155],[3.021025,43.615517],[3.020312,43.615757],[3.020049,43.615779],[3.020041,43.615904],[3.020194,43.616317],[3.019765,43.616542],[3.019213,43.616574],[3.018877,43.616465],[3.018533,43.616263],[3.018049,43.616061],[3.017577,43.615726],[3.015586,43.615681],[3.014819,43.615548],[3.013939,43.615567],[3.013355,43.615716],[3.012668,43.615811],[3.011938,43.615658],[3.011509,43.615373],[3.011231,43.614896],[3.010753,43.61459],[3.010214,43.614496],[3.009725,43.614307],[3.00924,43.614231],[3.006321,43.614677],[3.006295,43.614478],[3.007239,43.613671],[3.007159,43.613247],[3.007346,43.613006],[3.007298,43.612793],[3.007428,43.612605],[3.007955,43.612266],[3.008381,43.611862],[3.008349,43.61176],[3.007963,43.611599],[3.008237,43.611191],[3.008355,43.610741],[3.008178,43.610928],[3.008157,43.610721],[3.007641,43.611138],[3.00744,43.610982],[3.007303,43.610959],[3.00732,43.610672],[3.007083,43.61055],[3.006906,43.610602],[3.00667,43.610817],[3.006231,43.610748],[3.006139,43.610593],[3.005351,43.610431],[3.00489,43.609977],[3.004686,43.609959],[3.004559,43.609766],[3.003997,43.609496],[3.003692,43.609246],[3.003505,43.609105],[3.002819,43.608792],[3.002776,43.608356],[3.002443,43.608295],[3.002331,43.607971],[3.002127,43.607862],[3.001982,43.607656],[3.000963,43.607014],[3.00064,43.60657],[3.000338,43.606486],[3.000008,43.606317],[2.999622,43.605919],[2.999365,43.605825],[2.998839,43.605466],[2.998621,43.605376],[2.998404,43.605232],[2.998168,43.605173],[2.997567,43.60492],[2.997353,43.604757],[2.996527,43.604385],[2.995824,43.604194],[2.994257,43.604145],[2.993554,43.604048],[2.992179,43.603926],[2.991698,43.603921],[2.989215,43.603325],[2.988737,43.603007],[2.986978,43.602291],[2.985958,43.602202],[2.985776,43.602001],[2.984371,43.60204],[2.983843,43.601824],[2.983261,43.601515],[2.982488,43.600919],[2.980884,43.599771],[2.980385,43.599317],[2.979223,43.598554],[2.979054,43.598525],[2.978351,43.598106],[2.97833,43.597422],[2.978384,43.597156],[2.977188,43.595887],[2.977423,43.595433],[2.977885,43.59478],[2.97789,43.594586],[2.978196,43.594242],[2.978899,43.591197],[2.979524,43.590703],[2.979253,43.590408],[2.978811,43.590844],[2.978282,43.591052],[2.978003,43.591098],[2.977177,43.59114],[2.97619,43.591802],[2.975826,43.591814],[2.975691,43.591892],[2.975402,43.591925],[2.974878,43.59276],[2.974484,43.593218],[2.974433,43.59344],[2.974082,43.593782],[2.973945,43.594062],[2.973812,43.594122],[2.973561,43.594353],[2.972854,43.594333],[2.972665,43.594966],[2.972598,43.595433],[2.972508,43.595603],[2.972391,43.596375],[2.972574,43.596584],[2.972756,43.596527],[2.972783,43.596798],[2.972882,43.596982],[2.973078,43.597656],[2.973212,43.597743],[2.973365,43.598222],[2.973518,43.598285],[2.973781,43.59815],[2.973964,43.598167],[2.973984,43.598393],[2.974186,43.598682],[2.974217,43.599033],[2.974564,43.599609],[2.974347,43.59995],[2.974421,43.600112],[2.974237,43.600224],[2.974087,43.600892],[2.974098,43.601055],[2.973883,43.602192],[2.973905,43.603726],[2.974098,43.604451],[2.974032,43.604867],[2.974136,43.605131],[2.974138,43.605287],[2.974323,43.605789],[2.974036,43.606266],[2.974006,43.606505],[2.973572,43.607007],[2.973288,43.607562],[2.973307,43.607774],[2.97323,43.60802],[2.97328,43.608287],[2.973196,43.608352],[2.972999,43.608884],[2.973084,43.609011],[2.972671,43.60994],[2.972521,43.610065],[2.972585,43.61031],[2.972419,43.610275],[2.972035,43.610031],[2.97184,43.609812],[2.971606,43.609316],[2.971577,43.609103],[2.970981,43.608883],[2.9709,43.608736],[2.970431,43.608597],[2.970164,43.608603],[2.969769,43.608493],[2.969058,43.607912],[2.968981,43.607669],[2.968765,43.607509],[2.968432,43.606925],[2.968278,43.607155],[2.967971,43.606964],[2.967875,43.607056],[2.967604,43.606744],[2.967504,43.606762],[2.967334,43.606575],[2.967113,43.606686],[2.966974,43.606544],[2.966861,43.606671],[2.966711,43.606568],[2.966636,43.606621],[2.966397,43.606238],[2.966223,43.606064],[2.966212,43.605842],[2.965965,43.6058],[2.965809,43.605563],[2.965418,43.604599],[2.965292,43.604469],[2.965251,43.604385],[2.965064,43.604443],[2.964839,43.604271],[2.964788,43.604511],[2.964672,43.604618],[2.964254,43.604065],[2.964109,43.604149],[2.96398,43.604092],[2.963863,43.604179],[2.963723,43.604126],[2.963567,43.604183],[2.963457,43.604124],[2.963438,43.604002],[2.963288,43.603932],[2.963192,43.603785],[2.963224,43.603645],[2.962607,43.603272],[2.962489,43.603409],[2.962296,43.60337],[2.961979,43.60341],[2.962167,43.603168],[2.961996,43.603105],[2.961545,43.603073],[2.960977,43.603085],[2.960631,43.602997],[2.960242,43.602939],[2.959598,43.602607],[2.959201,43.602299],[2.959024,43.601995],[2.958654,43.601678],[2.958482,43.601478],[2.957822,43.601053],[2.957522,43.600969],[2.957291,43.600811],[2.957264,43.600594],[2.957135,43.600589],[2.957157,43.600455],[2.956786,43.600456],[2.956623,43.600305],[2.956411,43.600282],[2.955995,43.599917],[2.955569,43.599552],[2.954979,43.599567],[2.954748,43.599449],[2.954075,43.599443],[2.953466,43.599483],[2.952586,43.599196],[2.952756,43.599139],[2.952245,43.599109],[2.95249,43.599044],[2.952147,43.598933],[2.951729,43.598648],[2.951208,43.598571],[2.950945,43.598921],[2.950915,43.598757],[2.950821,43.598892],[2.950409,43.59877],[2.9504,43.598449],[2.950231,43.59819],[2.949818,43.597949],[2.949528,43.597843],[2.948955,43.597427],[2.94863,43.597333],[2.947415,43.597053],[2.946616,43.597012],[2.946681,43.596746],[2.946559,43.596837],[2.946593,43.596672],[2.946372,43.596846],[2.946366,43.596725],[2.946239,43.596824],[2.946253,43.596669],[2.946134,43.596752],[2.946239,43.596575],[2.946506,43.596246],[2.946385,43.596283],[2.946541,43.596069],[2.946419,43.596131],[2.9465,43.595976],[2.946299,43.596132],[2.94639,43.595978],[2.946133,43.596104],[2.94639,43.595711],[2.946283,43.595694],[2.945897,43.595857],[2.945977,43.595718],[2.945457,43.595793],[2.944964,43.596109],[2.945195,43.59569],[2.944857,43.595928],[2.944936,43.595714],[2.944582,43.595898],[2.943944,43.596055],[2.943408,43.595917],[2.943218,43.59564],[2.943053,43.595537],[2.942882,43.595321],[2.942669,43.595267],[2.942536,43.595115],[2.941985,43.594785],[2.94167,43.594723],[2.941619,43.594566],[2.941182,43.593957],[2.940946,43.593912],[2.940742,43.593738],[2.940334,43.593544],[2.940071,43.593103],[2.940025,43.592968],[2.939829,43.592647],[2.939841,43.592352],[2.939524,43.591854],[2.939178,43.591583],[2.938928,43.591252],[2.938808,43.590787],[2.938805,43.590632],[2.938647,43.590193],[2.938492,43.589294],[2.939066,43.588825],[2.938941,43.58861],[2.939284,43.587548],[2.939548,43.587414],[2.93955,43.587104],[2.939711,43.586709],[2.93889,43.587129],[2.938239,43.588165],[2.937843,43.588421],[2.937786,43.588181],[2.937361,43.588196],[2.937073,43.587673],[2.937089,43.587422],[2.937191,43.587171],[2.937448,43.586865],[2.93747,43.586643],[2.937121,43.586835],[2.936836,43.586899],[2.936587,43.587105],[2.936192,43.58757],[2.93608,43.587213],[2.935916,43.586584],[2.935946,43.58641],[2.935538,43.586624],[2.935104,43.586414],[2.934468,43.586876],[2.93441,43.587011],[2.934058,43.587127],[2.934047,43.587363],[2.933269,43.587731],[2.933054,43.587931],[2.932513,43.588095],[2.932323,43.588219],[2.932261,43.588366],[2.931952,43.588579],[2.93186,43.588711],[2.931679,43.588831],[2.931531,43.588991],[2.931043,43.589253],[2.930737,43.5892],[2.930448,43.588949],[2.930474,43.589388],[2.930169,43.589112],[2.92982,43.589042],[2.929938,43.589275],[2.929879,43.589313],[2.928645,43.589215],[2.928211,43.589349],[2.927819,43.589627],[2.927548,43.589939],[2.927497,43.590091],[2.926717,43.590772],[2.926389,43.590959],[2.926284,43.591166],[2.925916,43.591415],[2.925821,43.591614],[2.925673,43.591723],[2.925407,43.592741],[2.925286,43.593014],[2.924804,43.593255],[2.923666,43.593625],[2.923417,43.59356],[2.923167,43.593643],[2.922368,43.593735],[2.921543,43.59373],[2.921349,43.59388],[2.920073,43.594021],[2.91966,43.59417],[2.919365,43.594091],[2.918587,43.594078],[2.917498,43.59423],[2.916012,43.594643],[2.915674,43.5946],[2.915261,43.594669],[2.914676,43.594919],[2.914553,43.595048],[2.914493,43.595349],[2.913673,43.594882],[2.913913,43.594667],[2.913584,43.594725],[2.913807,43.594514],[2.913748,43.594278],[2.913286,43.594401],[2.912474,43.594514],[2.911999,43.594422],[2.911849,43.594086],[2.911672,43.593929],[2.911635,43.593704],[2.912144,43.593523],[2.911892,43.593421],[2.912096,43.593086],[2.912472,43.592656],[2.912938,43.592203],[2.913362,43.591496],[2.913786,43.591249],[2.913826,43.591063],[2.913759,43.590698],[2.913475,43.590633],[2.912302,43.590893],[2.911259,43.591099],[2.911141,43.590767],[2.911254,43.590353],[2.911195,43.589774],[2.910969,43.589321],[2.910884,43.589481],[2.910267,43.588634],[2.909714,43.588386],[2.909311,43.588433],[2.908998,43.588405],[2.908583,43.588768],[2.908007,43.589142],[2.907563,43.589359],[2.907437,43.589671],[2.907466,43.589957],[2.907616,43.590217],[2.908099,43.590834],[2.908053,43.591203],[2.907631,43.591267],[2.907442,43.591364],[2.90699,43.591434],[2.906341,43.591887],[2.905869,43.592574],[2.904635,43.593009],[2.904328,43.593048],[2.904106,43.592998],[2.902587,43.593075],[2.9023,43.592869],[2.901333,43.592873],[2.900129,43.593225],[2.898264,43.593523],[2.898674,43.593669],[2.898291,43.593811],[2.897994,43.59386],[2.897979,43.594025],[2.897521,43.594046],[2.897439,43.594211],[2.89738,43.594608],[2.897687,43.594763],[2.898412,43.595442],[2.898599,43.595821],[2.898543,43.596391],[2.898266,43.597064],[2.898263,43.597478],[2.898458,43.597668],[2.899065,43.597881],[2.899887,43.598105],[2.900498,43.598389],[2.901198,43.598924],[2.901318,43.599128],[2.901298,43.599307],[2.9011,43.599512],[2.900881,43.599662],[2.900831,43.599787],[2.900609,43.600006],[2.90016,43.601311],[2.899917,43.601539],[2.899308,43.60156],[2.898061,43.601436],[2.89712,43.601551],[2.896758,43.601456],[2.895933,43.601518],[2.895355,43.601495],[2.894927,43.601636],[2.894294,43.601505],[2.89376,43.6019],[2.89328,43.60231],[2.892647,43.602653],[2.891679,43.602573],[2.890796,43.602547],[2.889927,43.602359],[2.8882,43.602141],[2.886461,43.601868],[2.886331,43.601448],[2.885733,43.601288],[2.885213,43.60144],[2.884278,43.601448],[2.883422,43.601696],[2.882014,43.601571],[2.880577,43.60109],[2.879132,43.601005],[2.876685,43.601359],[2.874241,43.601603],[2.873298,43.601559],[2.871911,43.601157],[2.87096,43.600609],[2.870349,43.600246],[2.869421,43.600087],[2.868049,43.601594],[2.866107,43.60247],[2.865187,43.602692],[2.861916,43.60278],[2.861097,43.603176],[2.859573,43.603317],[2.858081,43.603233],[2.856441,43.602731],[2.854404,43.601941],[2.854211,43.601684],[2.854104,43.601372],[2.852902,43.601051],[2.852378,43.60107],[2.851013,43.601659],[2.851061,43.600907],[2.85075,43.600328],[2.849581,43.598641],[2.849228,43.59867],[2.848297,43.599021],[2.84788,43.599281],[2.847551,43.599646],[2.846696,43.600234],[2.845965,43.600463],[2.845484,43.600479],[2.845012,43.600221],[2.843817,43.599968],[2.843015,43.599903],[2.843276,43.599759],[2.839821,43.598878],[2.839625,43.598212],[2.840315,43.597263],[2.840959,43.595881],[2.84112,43.595214],[2.840936,43.594015],[2.841074,43.593482],[2.841488,43.593316],[2.842523,43.593316],[2.84296,43.592982],[2.842983,43.592433],[2.842339,43.591983],[2.841281,43.59175],[2.840545,43.591866],[2.839901,43.591767],[2.838545,43.592266],[2.837694,43.592316],[2.836843,43.592116],[2.836084,43.592699],[2.83567,43.592283],[2.835739,43.591683],[2.836613,43.590201],[2.836613,43.589651],[2.835463,43.588552],[2.836406,43.587336],[2.836659,43.586769],[2.836728,43.586186],[2.838591,43.584387],[2.837487,43.582888],[2.838108,43.581605],[2.839648,43.580406],[2.840798,43.579623],[2.840752,43.579356],[2.838936,43.579239],[2.838108,43.57749],[2.836705,43.577057],[2.836544,43.577307],[2.837073,43.57754],[2.836774,43.57794],[2.835256,43.578473],[2.835187,43.579006],[2.833968,43.57884],[2.832657,43.579206],[2.832381,43.579573],[2.832979,43.579539],[2.833646,43.579789],[2.833462,43.580089],[2.832266,43.580356],[2.831461,43.580206],[2.830909,43.579856],[2.830863,43.579289],[2.83061,43.579189],[2.829207,43.579306],[2.828771,43.579539],[2.827736,43.580689],[2.826356,43.579306],[2.824792,43.578973],[2.824263,43.57694],[2.823872,43.576557],[2.823458,43.575374],[2.823596,43.574125],[2.822446,43.572375],[2.819985,43.572892],[2.819893,43.572392],[2.819226,43.571842],[2.81833,43.571742],[2.81741,43.571759],[2.816375,43.571559],[2.814144,43.572225],[2.811568,43.572392],[2.810211,43.572342],[2.809567,43.572275],[2.808303,43.572192],[2.8069,43.571659],[2.805658,43.570476],[2.804876,43.569393],[2.804531,43.568143],[2.803082,43.567593],[2.802438,43.568093],[2.801702,43.568293],[2.801127,43.567776],[2.800276,43.567493],[2.799862,43.56626],[2.799816,43.56556],[2.799402,43.564677],[2.798758,43.56441],[2.798183,43.564343],[2.797862,43.563777],[2.797034,43.56331],[2.795838,43.56356],[2.795309,43.563377],[2.794665,43.56326],[2.794803,43.562527],[2.795424,43.56221],[2.795769,43.561694],[2.795447,43.561427],[2.794458,43.561577],[2.793423,43.561511],[2.793331,43.561011],[2.793952,43.560794],[2.795335,43.559506],[2.795171,43.557961],[2.794734,43.557777],[2.793644,43.557923],[2.792595,43.557944],[2.792682,43.557171],[2.79243,43.556955],[2.791832,43.55667],[2.791468,43.556361],[2.790245,43.556325],[2.789421,43.556111],[2.789605,43.555727],[2.790111,43.555261],[2.789766,43.554944],[2.789835,43.554594],[2.790249,43.554394],[2.789513,43.553411],[2.789559,43.551744],[2.788915,43.551811],[2.785742,43.550344],[2.785573,43.550257],[2.785072,43.550052],[2.784713,43.549613],[2.784856,43.549465],[2.785761,43.5492],[2.786387,43.548757],[2.785908,43.548625],[2.786391,43.548323],[2.786135,43.547775],[2.7859,43.547664],[2.785927,43.547524],[2.785632,43.547368],[2.78589,43.547305],[2.785464,43.547142],[2.785627,43.546838],[2.78587,43.54664],[2.785862,43.546463],[2.78617,43.546312],[2.786413,43.546037],[2.786955,43.545777],[2.787164,43.545115],[2.787338,43.544817],[2.787341,43.54467],[2.787046,43.54446],[2.786861,43.544477],[2.786463,43.544386],[2.786322,43.544396],[2.785801,43.54415],[2.78542,43.54409],[2.785216,43.543555],[2.784347,43.543244],[2.784112,43.54288],[2.784117,43.54216],[2.783623,43.541199],[2.782867,43.540318],[2.782684,43.539977],[2.782749,43.539579],[2.782615,43.53947],[2.781591,43.539497],[2.780292,43.538894],[2.780185,43.538702],[2.780185,43.538056],[2.779692,43.53766],[2.779284,43.537202],[2.778897,43.537078],[2.777422,43.537163],[2.77599,43.537303],[2.77422,43.537552],[2.773737,43.537425],[2.77307,43.537592],[2.772035,43.539525],[2.768815,43.540026],[2.764745,43.540226],[2.76371,43.540409],[2.763135,43.540742],[2.762284,43.540959],[2.761686,43.541493],[2.761456,43.541993],[2.760214,43.543176],[2.759317,43.543393],[2.758374,43.543426],[2.758374,43.54371],[2.758742,43.54411],[2.759271,43.54456],[2.757454,43.544777],[2.756696,43.544993],[2.755822,43.544943],[2.754971,43.545177],[2.754511,43.545643],[2.754442,43.54596],[2.754649,43.546443],[2.754189,43.546727],[2.753614,43.546844],[2.753154,43.547594],[2.752211,43.54856],[2.752441,43.547827],[2.752234,43.54761],[2.751406,43.547427],[2.750716,43.547444],[2.749313,43.54711],[2.748462,43.54711],[2.747059,43.546627],[2.745979,43.546744],[2.745404,43.546343],[2.745427,43.545593],[2.7443,43.54531],[2.743679,43.545043],[2.743283,43.54521],[2.74262,43.545623],[2.741655,43.546594],[2.74085,43.546443],[2.739861,43.546744],[2.73924,43.546677],[2.738987,43.54636],[2.739125,43.54591],[2.739424,43.54561],[2.738711,43.544993],[2.739263,43.544993],[2.739538,43.544777],[2.739608,43.544593],[2.739286,43.544276],[2.738893,43.543687],[2.738707,43.543578],[2.738297,43.543043],[2.73671,43.542043],[2.735952,43.542126],[2.734526,43.541643],[2.734457,43.541326],[2.734595,43.540676],[2.734917,43.539609],[2.734641,43.539575],[2.733491,43.540659],[2.732824,43.540759],[2.733675,43.539825],[2.73425,43.538042],[2.734503,43.537592],[2.734043,43.537125],[2.733905,43.536458],[2.733537,43.535808],[2.734342,43.534857],[2.735239,43.534357],[2.735285,43.533957],[2.734411,43.533557],[2.733905,43.53284],[2.733836,43.532223],[2.733859,43.53179],[2.733583,43.531356],[2.733169,43.531539],[2.733744,43.529989],[2.735906,43.527121],[2.734457,43.525754],[2.734405,43.525708],[2.734115,43.52574],[2.732742,43.526592],[2.731373,43.526451],[2.729059,43.526317],[2.727862,43.526191],[2.725988,43.52615],[2.724852,43.525935],[2.724682,43.52593],[2.724018,43.525821],[2.723708,43.525726],[2.72388,43.525203],[2.723805,43.524904],[2.72362,43.524701],[2.723285,43.524559],[2.723116,43.52437],[2.722861,43.524197],[2.722925,43.523385],[2.722925,43.522744],[2.713376,43.521389],[2.713033,43.521031],[2.712464,43.520887],[2.711574,43.520837],[2.710705,43.521062],[2.709975,43.521351],[2.709664,43.520914],[2.709461,43.519608],[2.709128,43.519372],[2.708422,43.519267],[2.706365,43.519178],[2.705962,43.519085],[2.705437,43.518611],[2.705716,43.518409],[2.704633,43.518464],[2.70313,43.518165],[2.702143,43.518261],[2.700877,43.518192],[2.700309,43.517918],[2.699965,43.517072],[2.699214,43.515934],[2.698855,43.515187],[2.698817,43.514814],[2.699027,43.514225],[2.699129,43.514049],[2.699219,43.513451],[2.699385,43.513036],[2.69931,43.512617],[2.697926,43.512076],[2.697101,43.511856],[2.696116,43.512008],[2.69522,43.511994],[2.694519,43.511683],[2.691969,43.511317],[2.690287,43.510784],[2.688979,43.510759],[2.688056,43.510703],[2.687584,43.510877],[2.68561,43.512078],[2.684269,43.512702],[2.683561,43.512683],[2.682756,43.512843],[2.681179,43.513568],[2.679892,43.513577],[2.678357,43.513249],[2.67766,43.513278],[2.676501,43.51357],[2.676104,43.513412],[2.675407,43.512316],[2.675283,43.511744],[2.675289,43.511359],[2.67487,43.510667],[2.674318,43.510144],[2.673723,43.509731],[2.673068,43.50967],[2.672618,43.509382],[2.671824,43.509048],[2.671062,43.508373],[2.670879,43.508067],[2.670826,43.507501],[2.669983,43.507013],[2.669173,43.506417],[2.664914,43.504559],[2.664431,43.503866],[2.664131,43.503556],[2.664206,43.503164],[2.66515,43.502518],[2.665504,43.502055],[2.666083,43.501072],[2.666453,43.500698],[2.66677,43.500565],[2.667178,43.500034],[2.667667,43.49971],[2.666979,43.499702],[2.666357,43.499902],[2.665901,43.499984],[2.665391,43.500288],[2.665183,43.500281],[2.66484,43.499858],[2.664482,43.499583],[2.664259,43.499578],[2.66371,43.499798],[2.663375,43.499994],[2.66276,43.500187],[2.6622,43.500457],[2.66206,43.500417],[2.662017,43.500323],[2.66227,43.499988],[2.662275,43.499568],[2.66213,43.499339],[2.661556,43.499286],[2.661079,43.499191],[2.660317,43.49888],[2.65934,43.498702],[2.658278,43.498727],[2.657629,43.498856],[2.657179,43.499178],[2.656717,43.499354],[2.655773,43.500341],[2.655114,43.500803],[2.654608,43.500886],[2.653344,43.501603],[2.65293,43.502271],[2.652861,43.50192],[2.653022,43.50092],[2.653528,43.500586],[2.653252,43.500202],[2.65316,43.499635],[2.652263,43.498918],[2.652263,43.49815],[2.651504,43.497516],[2.651251,43.498384],[2.650814,43.498934],[2.64971,43.499285],[2.647962,43.499368],[2.646858,43.499301],[2.645547,43.499552],[2.644742,43.500069],[2.643891,43.50102],[2.643593,43.500953],[2.643225,43.500369],[2.643156,43.499418],[2.643248,43.498134],[2.642903,43.496465],[2.642535,43.495831],[2.642604,43.49493],[2.64242,43.494413],[2.642466,43.491727],[2.641684,43.490009],[2.642167,43.490526],[2.643386,43.491293],[2.643455,43.491894],[2.643754,43.492345],[2.644397,43.491427],[2.644259,43.490976],[2.644328,43.490376],[2.64465,43.489775],[2.645133,43.489391],[2.645639,43.48854],[2.645616,43.48809],[2.64511,43.487439],[2.645225,43.487072],[2.646467,43.486421],[2.647387,43.486238],[2.647617,43.486104],[2.647684,43.48604],[2.647833,43.485873],[2.647721,43.485622],[2.647705,43.485405],[2.648065,43.485054],[2.648311,43.484669],[2.648378,43.48431],[2.648183,43.483823],[2.647866,43.483361],[2.647807,43.4831],[2.64815,43.483193],[2.647744,43.482656],[2.647482,43.482422],[2.647365,43.482123],[2.646991,43.481751],[2.646755,43.481426],[2.646595,43.480912],[2.646299,43.480656],[2.646471,43.480415],[2.646139,43.480156],[2.645956,43.480138],[2.645015,43.479574],[2.643794,43.478726],[2.64357,43.478667],[2.642574,43.47793],[2.642401,43.47768],[2.642464,43.477516],[2.643054,43.477054],[2.642445,43.477065],[2.641359,43.477329],[2.640999,43.477497],[2.640978,43.477411],[2.641198,43.47695],[2.640992,43.477058],[2.64042,43.477509],[2.641161,43.476302],[2.640603,43.476421],[2.639177,43.476326],[2.639614,43.475591],[2.639085,43.47479],[2.639062,43.474106],[2.638717,43.473889],[2.638142,43.473589],[2.637636,43.472988],[2.637199,43.472754],[2.636946,43.472337],[2.637314,43.471986],[2.63737,43.471471],[2.63713,43.47113],[2.636529,43.469858],[2.636095,43.469717],[2.634439,43.468949],[2.633795,43.468832],[2.633356,43.468849],[2.632695,43.468798],[2.632347,43.468565],[2.631864,43.468415],[2.631473,43.467997],[2.631243,43.467497],[2.630668,43.467313],[2.630415,43.46713],[2.629817,43.467013],[2.629564,43.466696],[2.62915,43.466562],[2.628871,43.46688],[2.628561,43.467127],[2.62823,43.46763],[2.627885,43.46773],[2.627517,43.467747],[2.62708,43.467981],[2.625608,43.468048],[2.627149,43.467463],[2.627019,43.467388],[2.626459,43.467512],[2.625678,43.467534],[2.625147,43.467359],[2.624627,43.467018],[2.624067,43.465978],[2.622803,43.465811],[2.624619,43.465494],[2.625148,43.465995],[2.625792,43.466128],[2.626091,43.465811],[2.626028,43.465659],[2.625401,43.465193],[2.624573,43.464826],[2.624006,43.464722],[2.623653,43.464576],[2.623354,43.464309],[2.623791,43.464242],[2.623515,43.463624],[2.623736,43.462804],[2.623998,43.46264],[2.624067,43.462189],[2.623492,43.460787],[2.622159,43.460686],[2.620986,43.460419],[2.620595,43.460503],[2.61772,43.460252],[2.615213,43.459518],[2.614431,43.459084],[2.614247,43.45875],[2.614246,43.458459],[2.613235,43.458313],[2.611534,43.457915],[2.611419,43.457248],[2.611718,43.456797],[2.611396,43.456663],[2.610361,43.456864],[2.609165,43.457465],[2.605416,43.456981],[2.604864,43.45673],[2.604197,43.456647],[2.603645,43.456463],[2.602473,43.456947],[2.602886,43.456112],[2.6033,43.455612],[2.602955,43.455311],[2.602955,43.45486],[2.60353,43.454443],[2.603714,43.453976],[2.604266,43.453458],[2.605002,43.453458],[2.60537,43.45274],[2.60445,43.452707],[2.604151,43.452423],[2.604059,43.451922],[2.604174,43.451304],[2.604013,43.450536],[2.604197,43.449852],[2.604979,43.449318],[2.605439,43.449167],[2.605968,43.449134],[2.60606,43.448733],[2.606405,43.448299],[2.606888,43.448032],[2.607946,43.44688],[2.608705,43.446396],[2.609165,43.445895],[2.60974,43.445895],[2.610821,43.446162],[2.611833,43.446145],[2.612615,43.445928],[2.611672,43.445194],[2.611396,43.444208],[2.611649,43.443457],[2.612477,43.442873],[2.612914,43.442956],[2.613258,43.442121],[2.613212,43.44162],[2.612845,43.44132],[2.612799,43.440735],[2.612592,43.440618],[2.612937,43.439516],[2.614132,43.438631],[2.615305,43.437663],[2.615857,43.437613],[2.615404,43.437264],[2.615376,43.437202],[2.61495,43.43721],[2.614653,43.437344],[2.614466,43.437511],[2.613897,43.437734],[2.613554,43.437788],[2.613103,43.437973],[2.612506,43.438002],[2.612229,43.437981],[2.611769,43.437999],[2.611262,43.437942],[2.609558,43.437882],[2.609212,43.437821],[2.608941,43.437698],[2.608659,43.437399],[2.608448,43.437255],[2.608322,43.437065],[2.608303,43.436586],[2.608112,43.436161],[2.60759,43.436676],[2.607313,43.43666],[2.60676,43.435658],[2.606761,43.435051],[2.606859,43.434708],[2.606663,43.434722],[2.60645,43.435162],[2.60512,43.435699],[2.603788,43.435906],[2.603323,43.436328],[2.602778,43.436626],[2.602309,43.436908],[2.601986,43.43689],[2.601492,43.43699],[2.600999,43.437386],[2.600945,43.437594],[2.600178,43.437787],[2.600054,43.437969],[2.599887,43.437964],[2.599929,43.437728],[2.599529,43.437623],[2.598527,43.4376],[2.597872,43.437732],[2.597345,43.437942],[2.596267,43.43864],[2.595784,43.438518],[2.595277,43.438555],[2.594837,43.438414],[2.594952,43.43793],[2.5944,43.437262],[2.594101,43.43656],[2.593802,43.435909],[2.593687,43.435258],[2.593066,43.43444],[2.591618,43.434156],[2.590468,43.433421],[2.590169,43.432653],[2.590146,43.431985],[2.589801,43.431667],[2.588973,43.431434],[2.588329,43.430782],[2.587432,43.430615],[2.586834,43.430732],[2.586604,43.430298],[2.585891,43.430298],[2.585569,43.430816],[2.584925,43.430532],[2.584327,43.429981],[2.583959,43.429997],[2.582556,43.42963],[2.582556,43.428828],[2.582234,43.42836],[2.580579,43.427292],[2.579912,43.427041],[2.578762,43.426674],[2.578325,43.426239],[2.577773,43.425905],[2.577727,43.426206],[2.577244,43.426657],[2.576623,43.426323],[2.575979,43.42639],[2.573909,43.427459],[2.573311,43.428177],[2.572552,43.428711],[2.571472,43.429279],[2.571058,43.429947],[2.571081,43.431116],[2.570621,43.430582],[2.57053,43.430531],[2.569981,43.429398],[2.56976,43.428169],[2.569861,43.427631],[2.569797,43.42652],[2.569711,43.426187],[2.56817,43.425116],[2.567837,43.424523],[2.56729,43.423964],[2.567447,43.422531],[2.567148,43.422481],[2.56589,43.422741],[2.564917,43.422653],[2.564258,43.422355],[2.562661,43.421359],[2.560892,43.420363],[2.560584,43.420334],[2.559737,43.420916],[2.558718,43.421497],[2.556722,43.4228],[2.55582,43.423368],[2.554312,43.424116],[2.55271,43.42453],[2.551912,43.424922],[2.55148,43.4253],[2.55005,43.42569],[2.54892,43.42564],[2.548086,43.425401],[2.54751,43.424679],[2.546003,43.424354],[2.545141,43.424083],[2.543807,43.42419],[2.542576,43.424471],[2.54169,43.424877],[2.541156,43.424866],[2.539872,43.424143],[2.539416,43.424067],[2.538606,43.424146],[2.537933,43.42435],[2.537035,43.424469],[2.535866,43.424351],[2.534656,43.424328],[2.533471,43.424202],[2.532434,43.423874],[2.531048,43.423378],[2.530525,43.423454],[2.529061,43.422846],[2.528316,43.423175],[2.526331,43.423503],[2.525447,43.423514],[2.524519,43.423557],[2.523786,43.423453],[2.523248,43.423532],[2.522602,43.423774],[2.521926,43.424306],[2.520452,43.425769],[2.51931,43.426418],[2.518146,43.42675],[2.517504,43.426719],[2.516239,43.426904],[2.515735,43.427004],[2.514238,43.427596],[2.513377,43.427793],[2.512913,43.427942],[2.511143,43.42827],[2.510833,43.428279],[2.510245,43.428094],[2.509378,43.427921],[2.508539,43.427909],[2.507725,43.428119],[2.506223,43.42813],[2.504117,43.428372],[2.503374,43.428544],[2.502721,43.42885],[2.501413,43.429628],[2.500875,43.430037],[2.498526,43.431335],[2.497976,43.431735],[2.497255,43.432151],[2.496238,43.43301],[2.495109,43.433705],[2.494394,43.433857],[2.493964,43.434107],[2.493748,43.434318],[2.493296,43.434535],[2.493137,43.434927],[2.492716,43.435408],[2.492382,43.435628],[2.491759,43.435711],[2.491331,43.435893],[2.491073,43.435831],[2.490924,43.435622],[2.49072,43.435471],[2.48932,43.435382],[2.487791,43.435488],[2.487469,43.435635],[2.487249,43.435919],[2.487071,43.436046],[2.486486,43.436213],[2.485045,43.436401],[2.484399,43.436664],[2.48386,43.43681],[2.481684,43.436869],[2.481171,43.436928],[2.480492,43.436853],[2.479555,43.436821],[2.479008,43.436675],[2.4786,43.43667],[2.478171,43.436571],[2.477752,43.43655],[2.476058,43.436733],[2.475441,43.436718],[2.475226,43.436804],[2.474785,43.437213],[2.474572,43.437289],[2.474401,43.437259],[2.47401,43.436531],[2.473767,43.436301],[2.473368,43.436087],[2.47259,43.43594],[2.472213,43.435659],[2.471787,43.435471],[2.471498,43.43544],[2.471117,43.435702],[2.470836,43.435699],[2.470705,43.435596],[2.47052,43.435557],[2.470393,43.435482],[2.469897,43.435407],[2.469454,43.435313],[2.469393,43.435184],[2.468709,43.435227],[2.467872,43.435431],[2.467657,43.435696],[2.467441,43.435868],[2.467289,43.43607],[2.466721,43.436289],[2.466368,43.436603],[2.465516,43.437202],[2.46512,43.43755],[2.464546,43.437718],[2.464165,43.43787],[2.463516,43.437415],[2.462016,43.437106],[2.460607,43.437052],[2.460264,43.437148],[2.458805,43.437804],[2.458243,43.438314],[2.457968,43.438313],[2.457629,43.438155],[2.457221,43.438125],[2.457063,43.438312],[2.456809,43.438437],[2.456769,43.43868],[2.456483,43.438963],[2.456441,43.439319],[2.456209,43.439664],[2.456024,43.43984],[2.455838,43.44011],[2.455482,43.440361],[2.45518,43.440803],[2.455069,43.441237],[2.454851,43.44152],[2.454893,43.441924],[2.455053,43.442337],[2.455143,43.442702],[2.455277,43.443075],[2.455037,43.44422],[2.454909,43.444722],[2.45484,43.44491],[2.454787,43.44536],[2.454914,43.445748],[2.454832,43.445888],[2.454802,43.446567],[2.454272,43.447017],[2.453672,43.447468],[2.452866,43.447727],[2.452739,43.447857],[2.452483,43.447944],[2.452167,43.447948],[2.451702,43.447764],[2.45127,43.44772],[2.450326,43.447813],[2.449717,43.447948],[2.448818,43.448067],[2.448354,43.448089],[2.447209,43.448458],[2.446794,43.448827],[2.446066,43.449267],[2.444125,43.449613],[2.443884,43.449702],[2.442816,43.449852],[2.442441,43.449749],[2.441991,43.449894],[2.441385,43.449912],[2.440833,43.450043],[2.440108,43.450358],[2.439914,43.450572],[2.439851,43.451119],[2.440207,43.451516],[2.440702,43.451799],[2.442,43.452129],[2.44268,43.452377],[2.443307,43.452766],[2.44406,43.453709],[2.444579,43.454093],[2.44502,43.454893],[2.445136,43.455359],[2.445102,43.455654],[2.44388,43.456493],[2.442863,43.456931],[2.442489,43.457158],[2.44161,43.457409],[2.440624,43.45784],[2.439452,43.458606],[2.438858,43.45906],[2.437801,43.459751],[2.436962,43.460125],[2.436688,43.460336],[2.436347,43.460473],[2.43607,43.46071],[2.435816,43.461143],[2.435647,43.461654],[2.435551,43.462211],[2.435329,43.462516],[2.435009,43.462829],[2.434842,43.463109],[2.434477,43.4635],[2.433237,43.464448],[2.432271,43.46524],[2.432044,43.465502],[2.431787,43.465629],[2.43167,43.465741],[2.431322,43.465863],[2.431173,43.466082],[2.430943,43.466215],[2.430768,43.466404],[2.429949,43.466862],[2.429697,43.466875],[2.429359,43.467024],[2.42893,43.467143],[2.428496,43.467124],[2.428167,43.466997],[2.427535,43.466891],[2.427274,43.466785],[2.426753,43.466804],[2.426256,43.466995],[2.425015,43.46703],[2.424013,43.467189],[2.42322,43.46722],[2.422593,43.467097],[2.422171,43.467098],[2.422071,43.467326],[2.421896,43.467522],[2.421994,43.46776],[2.422021,43.468037],[2.421808,43.46817],[2.421815,43.46829],[2.42155,43.468599],[2.421033,43.468812],[2.420989,43.468869],[2.421699,43.469406],[2.42209,43.469478],[2.421893,43.469618],[2.421686,43.469712],[2.421235,43.46981],[2.421783,43.469891],[2.422596,43.469798],[2.422866,43.469826],[2.42307,43.469941],[2.422657,43.469879],[2.421949,43.470184],[2.421305,43.470261],[2.420758,43.470261],[2.42035,43.470184],[2.4199,43.470371],[2.419562,43.470409],[2.41923,43.470588],[2.419041,43.470935],[2.417872,43.471736],[2.417158,43.471813],[2.416424,43.472319],[2.415136,43.473467],[2.414557,43.473827],[2.414095,43.47385],[2.412733,43.472832],[2.412432,43.472747],[2.411461,43.472774],[2.410847,43.472451],[2.410442,43.472359],[2.409949,43.47237],[2.409734,43.471992],[2.409434,43.472022],[2.408602,43.472394],[2.408376,43.47325],[2.408363,43.47356],[2.408243,43.473999],[2.407889,43.47454],[2.407782,43.474881],[2.40732,43.475336],[2.406435,43.475883],[2.405695,43.47649],[2.405518,43.476875],[2.405485,43.477222],[2.40571,43.477455],[2.406121,43.477512],[2.406161,43.4776],[2.405609,43.477634],[2.405046,43.477592],[2.404826,43.477382],[2.404756,43.476959],[2.404648,43.476714],[2.404311,43.476493],[2.40386,43.476326],[2.403294,43.476224],[2.402975,43.476123],[2.402031,43.476413],[2.401699,43.476331],[2.401414,43.475949],[2.401264,43.475906],[2.401323,43.475536],[2.401189,43.475494],[2.399461,43.475837],[2.398759,43.475664],[2.397949,43.475418],[2.398324,43.475313],[2.398576,43.475162],[2.39848,43.475058],[2.397884,43.475137],[2.397369,43.475166],[2.396602,43.47538],[2.395298,43.476061],[2.393735,43.476432],[2.393555,43.476417],[2.393748,43.476294],[2.394593,43.476005],[2.394826,43.47588],[2.394691,43.475818],[2.393826,43.476041],[2.393479,43.476082],[2.393148,43.476073],[2.392684,43.475896],[2.392322,43.47577],[2.391941,43.475587],[2.391651,43.475517],[2.391766,43.475426],[2.39216,43.475577],[2.393056,43.475785],[2.392989,43.475718],[2.3923,43.475479],[2.392391,43.475426],[2.393026,43.475601],[2.393185,43.475586],[2.392694,43.475449],[2.392209,43.475223],[2.392245,43.475167],[2.392574,43.475299],[2.392979,43.475368],[2.393137,43.475357],[2.392455,43.475135],[2.391626,43.474545],[2.391388,43.474496],[2.391431,43.474427],[2.391602,43.474428],[2.392488,43.474886],[2.392938,43.474988],[2.39216,43.474552],[2.391747,43.474202],[2.391854,43.474144],[2.392149,43.474413],[2.392525,43.474565],[2.392994,43.474642],[2.393335,43.474598],[2.392541,43.474473],[2.391929,43.473805],[2.391168,43.473742],[2.39046,43.473901],[2.390117,43.4741],[2.389602,43.47474],[2.389467,43.475542],[2.388915,43.476017],[2.38766,43.47628],[2.387096,43.476478],[2.386366,43.477097],[2.386045,43.476844],[2.385514,43.476997],[2.385203,43.47671],[2.384028,43.476201],[2.383615,43.476093],[2.383433,43.476414],[2.383197,43.476517],[2.38302,43.476107],[2.382536,43.475983],[2.381769,43.475969],[2.381109,43.476214],[2.380868,43.476357],[2.380707,43.476715],[2.380809,43.477003],[2.380922,43.477509],[2.380922,43.477509],[2.380536,43.477708],[2.380043,43.477717],[2.379876,43.477629]]],"type":"MultiLineString"},"properties":{"geo_point":{"lon":2.770936412700314,"lat":43.53532092308667},"name":"GR7 De Boussagues (Hérault) à Mazamet (Tarn) (2020)","code_gr":"GR7"}},{"type":"Feature","geometry":{"coordinates":[[[6.834816,47.820374],[6.834419,47.819827],[6.83429,47.819063],[6.834,47.818588],[6.833496,47.818402],[6.832702,47.817951],[6.832423,47.817832],[6.83201,47.817755],[6.831538,47.81754],[6.831452,47.817261],[6.831321,47.817174],[6.83082,47.81727],[6.83061,47.817372],[6.83047,47.817539],[6.830079,47.817533],[6.829902,47.817336],[6.829736,47.817239],[6.829438,47.817037],[6.829355,47.816926],[6.829124,47.816755],[6.828663,47.816619],[6.828497,47.816423],[6.828142,47.816334],[6.827702,47.81618],[6.827284,47.816075],[6.827107,47.815854],[6.826742,47.815583],[6.825927,47.815146],[6.82553,47.815068],[6.825079,47.814894],[6.824224,47.814719],[6.824045,47.814593],[6.82384,47.814507],[6.82344,47.814453],[6.823244,47.814377],[6.822464,47.814383],[6.822349,47.814479],[6.822317,47.814806],[6.822172,47.814988],[6.821646,47.815343],[6.821397,47.815553],[6.821267,47.815713],[6.821105,47.81578],[6.820917,47.815926],[6.82075,47.816007],[6.81948,47.817469],[6.81811,47.81831],[6.817647,47.818445],[6.817328,47.818645],[6.817151,47.818528],[6.816877,47.818491],[6.815836,47.818737],[6.814693,47.818713],[6.814369,47.818621],[6.8139,47.818306],[6.8139,47.818023],[6.813616,47.817535],[6.813334,47.817216],[6.813122,47.817051],[6.811808,47.816553],[6.81089,47.816376],[6.808954,47.815571],[6.808138,47.815163],[6.807398,47.814702],[6.807143,47.814594],[6.807017,47.814594],[6.806862,47.814736],[6.806784,47.815671],[6.806641,47.81662],[6.8064,47.817034],[6.80595,47.817601],[6.805976,47.817822],[6.805569,47.818266],[6.805059,47.818379],[6.804896,47.818546],[6.804753,47.818834],[6.804372,47.81908],[6.80417,47.819371],[6.804117,47.81954],[6.803895,47.819666],[6.803552,47.82014],[6.803504,47.820447],[6.803289,47.820887],[6.80308,47.821079],[6.803139,47.821411],[6.802651,47.822376],[6.802439,47.822475],[6.802179,47.822751],[6.801809,47.823357],[6.801495,47.823706],[6.800998,47.824072],[6.800904,47.82455],[6.800714,47.824802],[6.800695,47.825083],[6.800784,47.825238],[6.80069,47.825663],[6.800455,47.825921],[6.800333,47.826182],[6.799936,47.826402],[6.799813,47.826778],[6.799373,47.827205],[6.799134,47.827633],[6.798992,47.827744],[6.799094,47.828451],[6.799017,47.82858],[6.799059,47.828687],[6.799008,47.829265],[6.799081,47.829749],[6.799207,47.829934],[6.800301,47.830177],[6.801068,47.83062],[6.80109,47.830783],[6.800947,47.831121],[6.80169,47.831255],[6.802135,47.832053],[6.802621,47.832355],[6.803311,47.832601],[6.803634,47.832773],[6.803935,47.833103],[6.805526,47.833749],[6.805907,47.834118],[6.807087,47.835503],[6.806991,47.835686],[6.807331,47.83582],[6.807351,47.835973],[6.807242,47.836183],[6.807356,47.836272],[6.807376,47.83666],[6.807683,47.836797],[6.807393,47.837014],[6.807439,47.837212],[6.807656,47.83733],[6.807865,47.837696],[6.807457,47.83767],[6.807039,47.837526],[6.806191,47.836766],[6.804378,47.835846],[6.80337,47.835827],[6.803231,47.83596],[6.803412,47.836726],[6.803332,47.836927],[6.802859,47.83719],[6.802092,47.837317],[6.800961,47.83737],[6.800781,47.837463],[6.800832,47.837949],[6.800113,47.838335],[6.798957,47.838469],[6.798466,47.838625],[6.798467,47.838815],[6.799057,47.838831],[6.799408,47.838765],[6.799674,47.838751],[6.799982,47.838631],[6.800543,47.838724],[6.800596,47.838843],[6.800134,47.839176],[6.799896,47.839415],[6.799196,47.839731],[6.799,47.839936],[6.799051,47.840228],[6.800355,47.842094],[6.800397,47.842419],[6.801149,47.843207],[6.801363,47.843232],[6.802844,47.844566],[6.803488,47.845551],[6.80368,47.846049],[6.803648,47.846574],[6.803005,47.846868],[6.802383,47.846932],[6.801406,47.846883],[6.800612,47.847166],[6.798317,47.847475],[6.797801,47.847488],[6.797512,47.847755],[6.797758,47.848173],[6.798081,47.848489],[6.798466,47.849346],[6.798531,47.849937],[6.798295,47.850366],[6.797989,47.850674],[6.797618,47.85109],[6.797007,47.85127],[6.796256,47.851254],[6.796449,47.851154],[6.797018,47.851116],[6.797083,47.850998],[6.79704,47.850498],[6.796374,47.849886],[6.794926,47.849297],[6.794089,47.848867],[6.792587,47.848763],[6.792566,47.849471],[6.792104,47.849807],[6.791515,47.849828],[6.79072,47.84937],[6.789991,47.849232],[6.789497,47.849332],[6.788714,47.849981],[6.788392,47.85073],[6.788274,47.850874],[6.788081,47.85145],[6.787716,47.851894],[6.787469,47.852722],[6.786858,47.853032],[6.786815,47.8535],[6.786944,47.854242],[6.78733,47.85451],[6.787555,47.855538],[6.787191,47.855956],[6.786471,47.856084],[6.785425,47.856036],[6.784873,47.856044],[6.784004,47.855946],[6.783625,47.856199],[6.783119,47.85643],[6.782105,47.856972],[6.781643,47.857591],[6.781032,47.85805],[6.780372,47.858142],[6.779583,47.858148],[6.779069,47.858246],[6.778838,47.85857],[6.778489,47.85893],[6.777717,47.859291],[6.777352,47.859836],[6.776397,47.86009],[6.775593,47.859995],[6.774498,47.860349],[6.773661,47.860188],[6.77313,47.860224],[6.772513,47.860383],[6.77187,47.860377],[6.771495,47.860428],[6.771103,47.860332],[6.770367,47.860366],[6.770099,47.860653],[6.769724,47.860763],[6.769509,47.861077],[6.769402,47.861211],[6.769311,47.861495],[6.769038,47.862038],[6.768286,47.862608],[6.766333,47.863256],[6.766398,47.863033],[6.765025,47.86285],[6.763689,47.862967],[6.763311,47.862935],[6.762911,47.863083],[6.761903,47.862991],[6.761065,47.863018],[6.760658,47.862809],[6.760315,47.86247],[6.760143,47.862232],[6.758598,47.861982],[6.757708,47.862041],[6.757042,47.861824],[6.75686,47.86162],[6.756291,47.861441],[6.755567,47.86133],[6.75495,47.861176],[6.754778,47.861007],[6.753775,47.860522],[6.753373,47.860296],[6.752902,47.860126],[6.752396,47.859557],[6.7517,47.859211],[6.751549,47.859303],[6.751013,47.859363],[6.750455,47.859508],[6.750005,47.85967],[6.749192,47.859659],[6.748497,47.859764],[6.747631,47.85971],[6.747237,47.859778],[6.746947,47.860085],[6.746486,47.860838],[6.745283,47.861195],[6.743299,47.861242],[6.740992,47.8619],[6.740466,47.861816],[6.739941,47.861176],[6.739329,47.861324],[6.73883,47.8613],[6.738235,47.861326],[6.737484,47.860949],[6.737167,47.860995],[6.737108,47.861192],[6.737838,47.861715],[6.737612,47.862154],[6.73758,47.862594],[6.737065,47.863162],[6.736851,47.864106],[6.737398,47.865544],[6.737736,47.865616],[6.738219,47.866092],[6.739401,47.866478],[6.73979,47.866698],[6.740024,47.867119],[6.740327,47.867555],[6.74082,47.867763],[6.740959,47.868104],[6.741131,47.868374],[6.741555,47.868532],[6.741625,47.868864],[6.74191,47.869348],[6.742875,47.87021],[6.743703,47.870766],[6.743841,47.87126],[6.742829,47.871167],[6.741449,47.87126],[6.740598,47.871661],[6.740231,47.871668],[6.739324,47.871388],[6.738835,47.871119],[6.738594,47.871044],[6.736899,47.870904],[6.736114,47.87072],[6.735033,47.870713],[6.734848,47.87083],[6.734889,47.871238],[6.734764,47.871531],[6.73493,47.872017],[6.735005,47.872447],[6.734984,47.872848],[6.734866,47.873102],[6.73441,47.87342],[6.73374,47.873402],[6.732859,47.873689],[6.732521,47.873913],[6.731937,47.87442],[6.731749,47.874663],[6.731599,47.874709],[6.731256,47.874648],[6.731073,47.874764],[6.731001,47.874983],[6.730981,47.875267],[6.730886,47.8754],[6.730473,47.875683],[6.730381,47.875835],[6.730086,47.876095],[6.73006,47.876499],[6.730349,47.876945],[6.73037,47.877159],[6.729769,47.877033],[6.729292,47.876797],[6.728445,47.876475],[6.728018,47.87624],[6.727677,47.876138],[6.726734,47.875555],[6.726583,47.875346],[6.726476,47.874935],[6.726143,47.874609],[6.725972,47.874191],[6.725728,47.873987],[6.725226,47.873848],[6.724571,47.873322],[6.723963,47.87327],[6.723451,47.873297],[6.722995,47.873501],[6.721779,47.873559],[6.721186,47.873774],[6.721055,47.874047],[6.720834,47.874259],[6.720752,47.874486],[6.719207,47.87536],[6.718746,47.875702],[6.717568,47.876157],[6.716713,47.876317],[6.716133,47.876355],[6.71587,47.876313],[6.715398,47.876612],[6.715194,47.876792],[6.715055,47.877074],[6.715517,47.877509],[6.716574,47.878138],[6.716734,47.878774],[6.717021,47.879357],[6.717233,47.87994],[6.717174,47.880857],[6.717357,47.881444],[6.71785,47.881593],[6.71844,47.881684],[6.718805,47.882372],[6.718719,47.882598],[6.718531,47.882609],[6.718413,47.882307],[6.718113,47.882273],[6.717689,47.882476],[6.716992,47.882485],[6.717034,47.882124],[6.716777,47.882053],[6.715779,47.882253],[6.715576,47.88267],[6.715189,47.882951],[6.714556,47.883641],[6.71439,47.883606],[6.714352,47.883154],[6.714042,47.883585],[6.714191,47.883982],[6.71409,47.884338],[6.713827,47.884499],[6.712957,47.884507],[6.712174,47.884404],[6.711509,47.884188],[6.711316,47.884166],[6.711059,47.883904],[6.710721,47.883725],[6.710087,47.883517],[6.709484,47.883159],[6.709276,47.88298],[6.708907,47.882808],[6.708744,47.882554],[6.708419,47.882258],[6.708296,47.881983],[6.707636,47.881764],[6.706636,47.881895],[6.706182,47.881918],[6.70597,47.882094],[6.70549,47.882344],[6.70512,47.882454],[6.704503,47.882455],[6.703259,47.882595],[6.701838,47.882901],[6.701304,47.882848],[6.70085,47.882717],[6.700131,47.882831],[6.699037,47.882818],[6.698168,47.882633],[6.697538,47.882671],[6.696854,47.882836],[6.695282,47.883781],[6.693077,47.884801],[6.692648,47.88566],[6.689569,47.886451],[6.689419,47.887435],[6.689966,47.887686],[6.690105,47.887996],[6.689858,47.888256],[6.690255,47.888692],[6.690953,47.888865],[6.691382,47.889163],[6.692128,47.889538],[6.691865,47.889729],[6.691318,47.88994],[6.69099,47.890214],[6.690845,47.890488],[6.690357,47.890801],[6.689971,47.891257],[6.689448,47.890959],[6.68877,47.890972],[6.68782,47.891096],[6.687459,47.891209],[6.686827,47.89108],[6.686178,47.890869],[6.685886,47.890873],[6.685438,47.890938],[6.684754,47.891161],[6.684403,47.891255],[6.683979,47.891825],[6.683695,47.891984],[6.682826,47.892335],[6.681965,47.892373],[6.681575,47.892354],[6.680822,47.891998],[6.680163,47.891863],[6.679773,47.891703],[6.679411,47.891655],[6.678931,47.891701],[6.677885,47.891491],[6.67714,47.89158],[6.676866,47.891476],[6.676391,47.891503],[6.67582,47.891486],[6.6748,47.891623],[6.672763,47.89236],[6.671781,47.892842],[6.671115,47.893062],[6.670117,47.893192],[6.669451,47.893478],[6.66864,47.893761],[6.667515,47.894304],[6.667296,47.894581],[6.667017,47.8954],[6.666191,47.896598],[6.666115,47.897102],[6.666223,47.897921],[6.66596,47.898178],[6.665472,47.898392],[6.663852,47.898549],[6.662189,47.898613],[6.66162,47.89901],[6.661298,47.899486],[6.660687,47.900039],[6.66029,47.90052],[6.659936,47.900786],[6.658853,47.900727],[6.658401,47.901117],[6.658015,47.901365],[6.657061,47.902123],[6.654775,47.902554],[6.65264,47.902737],[6.652371,47.902986],[6.651643,47.903166],[6.650634,47.902801],[6.650156,47.902721],[6.649123,47.902897],[6.648477,47.90313],[6.64763,47.903324],[6.647383,47.903475],[6.647447,47.90377],[6.646868,47.904094],[6.64646,47.904521],[6.645216,47.904225],[6.645232,47.904297],[6.645784,47.904575],[6.645972,47.904849],[6.645862,47.905238],[6.645452,47.905558],[6.6444,47.905864],[6.644218,47.906117],[6.644251,47.907042],[6.644014,47.907468],[6.64396,47.908006],[6.643575,47.908308],[6.642678,47.90861],[6.642276,47.908653],[6.640935,47.909278],[6.640533,47.909428],[6.640401,47.909681],[6.640431,47.910032],[6.640736,47.910308],[6.641123,47.910363],[6.641278,47.9105],[6.641203,47.910666],[6.641271,47.910845],[6.641928,47.91147],[6.641922,47.911624],[6.641702,47.911695],[6.641021,47.911537],[6.640423,47.911597],[6.639986,47.91159],[6.639111,47.911272],[6.638784,47.911207],[6.63792,47.911305],[6.636759,47.91134],[6.636417,47.911405],[6.636199,47.911505],[6.635763,47.912082],[6.635517,47.912221],[6.636109,47.912538],[6.636706,47.912893],[6.637228,47.91324],[6.637544,47.91353],[6.637915,47.913653],[6.638751,47.914131],[6.639449,47.914559],[6.639755,47.915062],[6.640447,47.915765],[6.64108,47.916161],[6.641445,47.916237],[6.641732,47.916423],[6.64225,47.916666],[6.642595,47.916996],[6.64278,47.917326],[6.64329,47.917982],[6.643405,47.918257],[6.643456,47.918619],[6.643244,47.91894],[6.643043,47.919359],[6.642882,47.92003],[6.643233,47.920498],[6.643842,47.921023],[6.644486,47.92146],[6.644706,47.92252],[6.644711,47.922868],[6.64499,47.923239],[6.645146,47.923624],[6.645181,47.924035],[6.645109,47.924385],[6.644959,47.924531],[6.644924,47.924752],[6.644942,47.924966],[6.644851,47.925407],[6.644628,47.925624],[6.644137,47.925687],[6.642233,47.925535],[6.64183,47.925531],[6.641383,47.925661],[6.639916,47.92587],[6.639647,47.926032],[6.639653,47.926212],[6.639808,47.92642],[6.639379,47.926422],[6.638966,47.926874],[6.638161,47.926887],[6.637609,47.927237],[6.637383,47.927537],[6.637389,47.928205],[6.637474,47.928408],[6.637858,47.928407],[6.637861,47.928654],[6.637949,47.928908],[6.638503,47.930052],[6.638587,47.930136],[6.638628,47.930334],[6.638529,47.930514],[6.638419,47.930874],[6.638113,47.931052],[6.636852,47.931158],[6.635758,47.931226],[6.633409,47.931742],[6.632902,47.931945],[6.632384,47.93207],[6.631182,47.933077],[6.63114,47.933742],[6.631327,47.934174],[6.63196,47.934559],[6.632454,47.935088],[6.632456,47.935338],[6.63218,47.93543],[6.631741,47.935352],[6.630936,47.935484],[6.630581,47.935465],[6.629793,47.935592],[6.62902,47.935959],[6.627739,47.935878],[6.627459,47.93583],[6.627025,47.935541],[6.625815,47.935366],[6.624949,47.935144],[6.624305,47.935316],[6.622948,47.9359],[6.622396,47.936064],[6.622465,47.936439],[6.622063,47.936817],[6.621649,47.936946],[6.62169,47.93749],[6.621656,47.938001],[6.621894,47.938703],[6.622229,47.939362],[6.622787,47.939996],[6.623388,47.940223],[6.623678,47.940645],[6.623651,47.940737],[6.623276,47.940724],[6.622337,47.940427],[6.621328,47.940297],[6.620781,47.940306],[6.620306,47.940203],[6.619912,47.940258],[6.619542,47.940173],[6.619285,47.940203],[6.619386,47.940446],[6.61863,47.941478],[6.618302,47.942119],[6.618166,47.942575],[6.617975,47.943001],[6.617948,47.943466],[6.618152,47.943888],[6.618313,47.944337],[6.618187,47.94471],[6.61784,47.945437],[6.617482,47.94592],[6.617106,47.946182],[6.615229,47.946934],[6.614327,47.947098],[6.613608,47.947168],[6.613179,47.947288],[6.61246,47.948279],[6.613083,47.94886],[6.613287,47.949235],[6.613244,47.950227],[6.612911,47.950528],[6.613072,47.950726],[6.613373,47.950759],[6.613995,47.950413],[6.614279,47.950409],[6.614477,47.950563],[6.614574,47.951652],[6.614488,47.952346],[6.614327,47.952706],[6.612739,47.953864],[6.612182,47.954092],[6.61172,47.954449],[6.611399,47.954878],[6.612149,47.955755],[6.612986,47.955942],[6.61392,47.956607],[6.614553,47.957471],[6.613769,47.957371],[6.613152,47.957155],[6.612793,47.95696],[6.612182,47.957139],[6.611806,47.957112],[6.611473,47.957213],[6.61057,47.95722],[6.610192,47.957155],[6.609928,47.95696],[6.609338,47.956902],[6.608979,47.957157],[6.608405,47.957445],[6.609027,47.957508],[6.60928,47.95763],[6.609065,47.95786],[6.608609,47.958603],[6.608523,47.959038],[6.60862,47.959438],[6.608426,47.959775],[6.608415,47.960286],[6.607934,47.960494],[6.60731,47.960554],[6.60627,47.961747],[6.606248,47.962111],[6.606426,47.96256],[6.606281,47.962851],[6.605294,47.963383],[6.604822,47.964401],[6.605304,47.965366],[6.60546,47.96616],[6.605423,47.966524],[6.604714,47.967236],[6.604274,47.967248],[6.603631,47.967117],[6.601893,47.967083],[6.600895,47.967472],[6.600299,47.967902],[6.599468,47.968361],[6.598363,47.969734],[6.597762,47.969985],[6.597558,47.970279],[6.597558,47.970991],[6.597167,47.971318],[6.596565,47.972357],[6.596372,47.972945],[6.596335,47.973756],[6.596721,47.973957],[6.597387,47.974854],[6.597371,47.975822],[6.596692,47.97732],[6.597173,47.978476],[6.597937,47.97895],[6.598617,47.979063],[6.59856,47.978362],[6.598843,47.978267],[6.599919,47.978912],[6.600684,47.980087],[6.601675,47.979139],[6.601165,47.981148],[6.601448,47.981887],[6.602241,47.983593],[6.602298,47.984711],[6.602638,47.985318],[6.603657,47.98636],[6.60394,47.987156],[6.604365,47.987781],[6.604393,47.988388],[6.605356,47.989202],[6.606686,47.989392],[6.607706,47.989941],[6.608498,47.989903],[6.609404,47.990093],[6.610367,47.989809],[6.611386,47.989998],[6.612349,47.990415],[6.613312,47.99068],[6.614048,47.991287],[6.613821,47.992177],[6.614105,47.992537],[6.614727,47.992803],[6.615265,47.995285],[6.615577,47.997369],[6.614727,47.99879],[6.614473,47.998847],[6.614586,47.999377],[6.614331,48.000021],[6.613765,48.000343],[6.613595,48.000173],[6.613425,47.999434],[6.613085,47.999226],[6.612745,47.999358],[6.611245,47.999661],[6.610735,48.000628],[6.610594,48.001442],[6.609659,48.002333],[6.608725,48.003924],[6.608017,48.004833],[6.608329,48.00561],[6.608017,48.006652],[6.607083,48.007788],[6.60612,48.007315],[6.605469,48.007769],[6.604308,48.007978],[6.603345,48.007391],[6.60326,48.00794],[6.602666,48.00883],[6.602666,48.009531],[6.601958,48.009872],[6.600854,48.010175],[6.599863,48.010137],[6.597824,48.010346],[6.596777,48.010762],[6.596324,48.011065],[6.596239,48.011293],[6.595191,48.011804],[6.593549,48.012031],[6.592218,48.012694],[6.591001,48.012675],[6.590604,48.012808],[6.590633,48.013338],[6.590463,48.01349],[6.590097,48.013682],[6.59044,48.013879],[6.590665,48.014183],[6.590675,48.01546],[6.590327,48.015531],[6.590284,48.015682],[6.590091,48.015826],[6.58963,48.016719],[6.589075,48.016766],[6.587801,48.016501],[6.586131,48.016369],[6.586301,48.017032],[6.584375,48.017145],[6.583299,48.017013],[6.582761,48.017088],[6.582422,48.019134],[6.581572,48.019096],[6.581091,48.018982],[6.579222,48.019399],[6.578118,48.019285],[6.577155,48.020024],[6.576391,48.020327],[6.575768,48.020478],[6.576221,48.020876],[6.576023,48.021084],[6.57472,48.021331],[6.574805,48.021956],[6.575966,48.022315],[6.576504,48.023073],[6.57574,48.024058],[6.574296,48.024531],[6.572852,48.02455],[6.572399,48.025232],[6.571747,48.025516],[6.571605,48.025575],[6.569599,48.025551],[6.569341,48.025417],[6.569298,48.024806],[6.568934,48.024166],[6.566209,48.021859],[6.564664,48.021376],[6.564009,48.020977],[6.56358,48.020528],[6.56241,48.02032],[6.561445,48.020294],[6.560307,48.020531],[6.559127,48.020639],[6.557883,48.02091],[6.557078,48.020924],[6.556509,48.021161],[6.554439,48.020773],[6.553077,48.020847],[6.55166,48.020501],[6.550394,48.019894],[6.549181,48.019627],[6.547433,48.019733],[6.546939,48.019662],[6.546554,48.019707],[6.546483,48.02011],[6.546006,48.020239],[6.54554,48.020537],[6.544955,48.020752],[6.544274,48.02137],[6.544099,48.021755],[6.544145,48.022205],[6.544005,48.0226],[6.543823,48.022809],[6.543144,48.022878],[6.543109,48.023228],[6.542675,48.023841],[6.54161,48.024772],[6.541293,48.02503],[6.541087,48.025277],[6.540696,48.025372],[6.540438,48.025505],[6.539365,48.025836],[6.538915,48.026096],[6.538746,48.026285],[6.538448,48.026747],[6.538298,48.027291],[6.537965,48.027581],[6.537675,48.027727],[6.538137,48.028294],[6.537128,48.028719],[6.5365,48.028823],[6.535529,48.028865],[6.535127,48.029608],[6.534795,48.030762],[6.534923,48.031181],[6.535406,48.031581],[6.535191,48.031951],[6.535074,48.032715],[6.534559,48.032858],[6.532884,48.032841],[6.531554,48.032879],[6.530782,48.033],[6.528658,48.032735],[6.527939,48.032772],[6.527488,48.032684],[6.527091,48.032689],[6.526651,48.032894],[6.526168,48.032756],[6.525783,48.032239],[6.524967,48.031451],[6.524989,48.031271],[6.525224,48.03094],[6.524634,48.030796],[6.523883,48.030746],[6.523067,48.030548],[6.521212,48.030842],[6.519935,48.030942],[6.519275,48.031056],[6.518551,48.031113],[6.517918,48.031219],[6.517135,48.031026],[6.51626,48.031134],[6.515525,48.03116],[6.51419,48.031378],[6.512832,48.031513],[6.512097,48.031769],[6.511491,48.032032],[6.511229,48.032034],[6.51088,48.032351],[6.510714,48.032647],[6.510376,48.032957],[6.509802,48.033237],[6.509255,48.03329],[6.508678,48.033231],[6.508101,48.033208],[6.508166,48.033122],[6.507973,48.032533],[6.507565,48.031857],[6.507253,48.031686],[6.50702,48.031756],[6.506658,48.031933],[6.507007,48.03231],[6.506841,48.032488],[6.50643,48.032454],[6.505848,48.032319],[6.505408,48.032363],[6.505086,48.032456],[6.504866,48.032453],[6.504786,48.032186],[6.504953,48.031686],[6.504855,48.031067],[6.504432,48.030753],[6.503933,48.030709],[6.503678,48.030456],[6.502892,48.029994],[6.502093,48.029424],[6.501653,48.028851],[6.501291,48.028876],[6.501015,48.028822],[6.500176,48.028514],[6.499567,48.028325],[6.499368,48.027535],[6.499127,48.026745],[6.498974,48.026624],[6.497437,48.026665],[6.496729,48.026978],[6.496621,48.02728],[6.496632,48.027657],[6.496396,48.027721],[6.496144,48.027627],[6.495586,48.027639],[6.494738,48.026984],[6.494041,48.027118],[6.493408,48.027399],[6.492985,48.027345],[6.492223,48.026837],[6.491888,48.02672],[6.491569,48.026751],[6.491139,48.027124],[6.490323,48.027708],[6.489085,48.029067],[6.488124,48.029498],[6.486982,48.029724],[6.486161,48.029563],[6.483543,48.028759],[6.482845,48.028668],[6.481172,48.028797],[6.480485,48.029126],[6.479734,48.029881],[6.479198,48.030174],[6.47849,48.030396],[6.476966,48.031162],[6.476236,48.031356],[6.476419,48.032141],[6.476065,48.033031],[6.475207,48.034427],[6.475228,48.034885],[6.473512,48.034989],[6.472932,48.034965],[6.470293,48.034437],[6.469923,48.03448],[6.469767,48.034695],[6.469992,48.03569],[6.469885,48.036385],[6.46826,48.037138],[6.467568,48.037361],[6.467251,48.037894],[6.467402,48.037994],[6.467342,48.038144],[6.466913,48.038467],[6.466913,48.038853],[6.466779,48.039137],[6.466323,48.039772],[6.465219,48.040496],[6.465648,48.040886],[6.466344,48.041223],[6.465251,48.041604],[6.462321,48.042354],[6.461281,48.042435],[6.460465,48.04284],[6.459532,48.04361],[6.457772,48.043611],[6.456377,48.043891],[6.45495,48.044334],[6.453803,48.044441],[6.452709,48.044822],[6.451743,48.045023],[6.450262,48.045749],[6.448127,48.046387],[6.447301,48.04683],[6.445219,48.047547],[6.444222,48.047798],[6.443407,48.048558],[6.44316,48.048938],[6.441196,48.049541],[6.44095,48.049758],[6.441003,48.050084],[6.441261,48.050496],[6.441057,48.050697],[6.439983,48.050884],[6.439308,48.051483],[6.438697,48.051909],[6.43817,48.052532],[6.437318,48.053106],[6.436368,48.053937],[6.436304,48.054777],[6.436835,48.055187],[6.438621,48.056041],[6.439206,48.056108],[6.440209,48.056039],[6.440928,48.055926],[6.441829,48.05635],[6.442087,48.057037],[6.442124,48.05752],[6.441555,48.057404],[6.440901,48.057411],[6.440354,48.057598],[6.440376,48.057846],[6.439743,48.058743],[6.439737,48.059769],[6.439544,48.060872],[6.439571,48.061311],[6.439142,48.061877],[6.438887,48.062312],[6.438718,48.062668],[6.437887,48.063297],[6.437623,48.064053],[6.437661,48.065161],[6.437484,48.065299],[6.437167,48.065393],[6.436711,48.065444],[6.436218,48.065758],[6.436122,48.065932],[6.433852,48.06705],[6.433496,48.067471],[6.433053,48.067892],[6.432431,48.068185],[6.431009,48.068317],[6.420125,48.069539],[6.419557,48.070035],[6.41815,48.0704],[6.415339,48.071268],[6.413656,48.071339],[6.411295,48.072044],[6.41049,48.072392],[6.409503,48.073311],[6.408865,48.073386],[6.407572,48.073747],[6.406553,48.07415],[6.406317,48.074359],[6.405566,48.074365],[6.402197,48.073124],[6.399885,48.073152],[6.399418,48.073084],[6.398173,48.072602],[6.397627,48.072575],[6.397122,48.072762],[6.396242,48.073413],[6.395942,48.073763],[6.395288,48.073737],[6.394161,48.072687],[6.39342,48.072315],[6.392734,48.072143],[6.392186,48.072207],[6.391516,48.072448],[6.390982,48.072435],[6.390459,48.072287],[6.388753,48.071104],[6.38738,48.069937],[6.386082,48.069519],[6.385718,48.069153],[6.384666,48.068027],[6.384505,48.06759],[6.383239,48.067865],[6.382713,48.068004],[6.380954,48.06838],[6.380203,48.068588],[6.379001,48.069068],[6.378078,48.069533],[6.377113,48.070027],[6.375814,48.069627],[6.376363,48.070143],[6.376611,48.070458],[6.377107,48.070745],[6.377856,48.071548],[6.376865,48.072134],[6.376157,48.073042],[6.375534,48.074272],[6.375804,48.075917],[6.376072,48.076751],[6.37641,48.07755],[6.376298,48.078711],[6.374495,48.079753],[6.373325,48.0804],[6.371512,48.080521],[6.369023,48.079783],[6.368058,48.079413],[6.36692,48.079114],[6.366255,48.078858],[6.365397,48.078364],[6.365204,48.07822],[6.364002,48.0782],[6.36242,48.078226],[6.360312,48.078352],[6.358477,48.078652],[6.35528,48.078618],[6.353863,48.079059],[6.352351,48.079218],[6.350559,48.079578],[6.348438,48.079834],[6.347957,48.079682],[6.347866,48.079407],[6.34631,48.078331],[6.34483,48.079177],[6.343837,48.079468],[6.343435,48.079631],[6.342941,48.080004],[6.342228,48.080189],[6.341869,48.079361],[6.34167,48.079461],[6.340302,48.080723],[6.339782,48.080994],[6.336467,48.082265],[6.335957,48.082554],[6.334881,48.083493],[6.334417,48.083823],[6.332781,48.081971],[6.331875,48.08182],[6.331422,48.081555],[6.330884,48.081479],[6.329836,48.080912],[6.328647,48.08042],[6.327543,48.080496],[6.326042,48.080136],[6.325504,48.080666],[6.324542,48.080363],[6.324004,48.079853],[6.324315,48.079417],[6.323636,48.079342],[6.322815,48.079588],[6.321908,48.079455],[6.321031,48.079682],[6.319389,48.079644],[6.318058,48.079172],[6.316954,48.07919],[6.316076,48.079096],[6.314632,48.079077],[6.314349,48.078264],[6.313782,48.077942],[6.312905,48.078037],[6.311801,48.078453],[6.309167,48.077129],[6.308856,48.078339],[6.308516,48.07868],[6.30846,48.079096],[6.308007,48.079436],[6.30778,48.080458],[6.306732,48.08076],[6.304864,48.081593],[6.303703,48.081498],[6.30526,48.084108],[6.303731,48.084808],[6.303335,48.084657],[6.303116,48.084631],[6.301871,48.084517],[6.300573,48.084101],[6.299479,48.083312],[6.298374,48.08268],[6.297075,48.082207],[6.296807,48.081499],[6.296561,48.08109],[6.296121,48.080732],[6.295059,48.080222],[6.294126,48.079697],[6.293498,48.079683],[6.292395,48.080081],[6.291303,48.080242],[6.290853,48.080452],[6.290478,48.08035],[6.290478,48.079794],[6.289469,48.079361],[6.289501,48.079033],[6.289673,48.078902],[6.290381,48.078917],[6.290878,48.079013],[6.292003,48.078821],[6.292661,48.0785],[6.29275,48.078103],[6.292537,48.077879],[6.291992,48.077627],[6.290784,48.077549],[6.288495,48.077159],[6.287598,48.076936],[6.287001,48.076699],[6.28665,48.07621],[6.286419,48.075591],[6.286019,48.074995],[6.285007,48.074419],[6.283383,48.074185],[6.282757,48.074265],[6.281356,48.074581],[6.280779,48.074425],[6.280529,48.07409],[6.280496,48.073605],[6.280596,48.073156],[6.280775,48.07288],[6.280792,48.072683],[6.28103,48.072211],[6.280887,48.071839],[6.280266,48.071433],[6.279494,48.071103],[6.278492,48.071006],[6.2772,48.070686],[6.276748,48.068729],[6.275474,48.068066],[6.275587,48.067385],[6.275248,48.067234],[6.275503,48.06678],[6.276578,48.065928],[6.274738,48.065096],[6.273492,48.065228],[6.271567,48.066099],[6.269557,48.067574],[6.268594,48.068066],[6.267178,48.069448],[6.266272,48.069485],[6.265678,48.070886],[6.260411,48.074329],[6.257778,48.073307],[6.254296,48.067707],[6.250728,48.065531],[6.249652,48.066988],[6.24953,48.067103],[6.24823,48.068765],[6.246124,48.070149],[6.245285,48.070816],[6.242854,48.07232],[6.24125,48.073431],[6.240525,48.073853],[6.239436,48.074633],[6.236901,48.07619],[6.234376,48.077861],[6.233053,48.078629],[6.231633,48.079526],[6.229661,48.08035],[6.228193,48.081275],[6.220706,48.084827],[6.219001,48.085629],[6.216872,48.086611],[6.216609,48.086898],[6.217144,48.088267],[6.216645,48.088519],[6.21606,48.088772],[6.215448,48.08899],[6.214825,48.089119],[6.214178,48.089026],[6.21358,48.089072],[6.212737,48.088965],[6.211786,48.088653],[6.211437,48.088764],[6.211228,48.089462],[6.210906,48.089785],[6.210068,48.089921],[6.210068,48.090387],[6.209826,48.090802],[6.209563,48.091404],[6.209026,48.091963],[6.208384,48.092092],[6.207657,48.092113],[6.206213,48.09235],[6.203315,48.09288],[6.20155,48.093001],[6.195108,48.093582],[6.192633,48.093624],[6.191242,48.093602],[6.189537,48.093441],[6.188735,48.093424],[6.188534,48.093562],[6.188401,48.094137],[6.186962,48.094125],[6.185492,48.093849],[6.183728,48.093774],[6.182622,48.093467],[6.182125,48.093485],[6.182098,48.093609],[6.181266,48.093733],[6.180566,48.093725],[6.179695,48.093614],[6.178603,48.093176],[6.177834,48.093176],[6.177709,48.093022],[6.178075,48.092486],[6.17829,48.092329],[6.177278,48.091886],[6.17691,48.091808],[6.175919,48.091641],[6.17561,48.090826],[6.174893,48.089817],[6.17444,48.089552],[6.173859,48.089358],[6.17232,48.089192],[6.171988,48.089012],[6.171861,48.088718],[6.171369,48.088623],[6.170027,48.087639],[6.169429,48.087009],[6.168617,48.086236],[6.168342,48.085621],[6.167913,48.085297],[6.167485,48.085073],[6.167245,48.08488],[6.16635,48.08445],[6.165696,48.084025],[6.164977,48.083615],[6.163918,48.082803],[6.162815,48.082034],[6.161821,48.081474],[6.160596,48.081117],[6.157964,48.080995],[6.156481,48.081273],[6.155699,48.081319],[6.153466,48.082179],[6.1531,48.082307],[6.150761,48.081927],[6.150341,48.081937],[6.14925,48.081542],[6.148201,48.081219],[6.147199,48.080846],[6.145783,48.080429],[6.144151,48.079785],[6.143461,48.079384],[6.143157,48.079336],[6.142024,48.079823],[6.140441,48.080096],[6.13922,48.080879],[6.138804,48.08107],[6.13765,48.08107],[6.13641,48.080891],[6.13519,48.08107],[6.134845,48.081064],[6.133488,48.080768],[6.132807,48.080803],[6.132376,48.080968],[6.132231,48.080396],[6.13237,48.080185],[6.133034,48.079893],[6.13386,48.079667],[6.134851,48.079702],[6.135188,48.079668],[6.135409,48.07954],[6.134845,48.079419],[6.134106,48.079025],[6.132618,48.078565],[6.132041,48.078301],[6.130545,48.07739],[6.123626,48.077663],[6.123066,48.078147],[6.122913,48.07836],[6.122735,48.078695],[6.1222,48.078751],[6.121356,48.078634],[6.121064,48.078429],[6.120845,48.078579],[6.120874,48.078711],[6.120616,48.07886],[6.120161,48.078917],[6.11893,48.079162],[6.118321,48.079264],[6.117706,48.079562],[6.117278,48.079576],[6.116962,48.079372],[6.116593,48.078897],[6.115968,48.078679],[6.115519,48.078664],[6.11552,48.06876],[6.115314,48.068774],[6.113702,48.069646],[6.111511,48.068096],[6.110705,48.067447],[6.109545,48.066633],[6.108789,48.066158],[6.108411,48.066551],[6.102942,48.064069],[6.101681,48.067065],[6.092171,48.073548],[6.081471,48.074294],[6.070771,48.07496],[6.063487,48.080526],[6.063191,48.080878],[6.063051,48.081233],[6.062888,48.081433],[6.062202,48.081451],[6.061907,48.081527],[6.061639,48.081742],[6.060158,48.081785],[6.059313,48.081926],[6.058464,48.081991],[6.057047,48.08244],[6.054791,48.083625],[6.054594,48.083532],[6.054547,48.083395],[6.05353,48.082806],[6.052243,48.081593],[6.050397,48.080599],[6.049464,48.080582],[6.047737,48.080816],[6.047147,48.080767],[6.046544,48.080919],[6.046189,48.080913],[6.045821,48.081159],[6.045821,48.081719],[6.045821,48.081719],[6.046554,48.082607],[6.04715,48.083158],[6.046897,48.083489],[6.046629,48.083625],[6.046232,48.083732]]],"type":"MultiLineString"},"properties":{"geo_point":{"lon":6.483750891437966,"lat":47.99341626818484},"name":"GR7 Du Ballon d'Alsace à Darney (Vosges) (2019)","code_gr":"GR7"}},{"type":"Feature","geometry":{"coordinates":[[[6.046246,48.083763],[6.045956,48.083318],[6.044975,48.082752],[6.044873,48.082781],[6.044949,48.083197],[6.044911,48.083629],[6.044728,48.083825],[6.044407,48.083852],[6.043698,48.083427],[6.043634,48.083098],[6.04281,48.08224],[6.041976,48.081469],[6.041483,48.082388],[6.040399,48.083542],[6.035818,48.081937],[6.03512,48.082015],[6.03202,48.084034],[6.031398,48.083728],[6.030174,48.083398],[6.029112,48.084814],[6.029724,48.084859],[6.028694,48.08546],[6.028168,48.085718],[6.02246,48.087935],[6.019156,48.089589],[6.015208,48.091938],[6.014736,48.091985],[6.013802,48.091853],[6.007569,48.091462],[6.005841,48.093143],[6.004618,48.094521],[6.000252,48.0977],[6.000547,48.099162],[6.000842,48.099686],[6.009511,48.107754],[6.010498,48.109173],[6.010777,48.109917],[6.012021,48.111057],[6.012633,48.11072],[6.013271,48.110727],[6.014725,48.111107],[6.0151,48.11142],[6.015905,48.112432],[6.016087,48.112933],[6.016527,48.11356],[6.016903,48.114029],[6.016989,48.114537],[6.016764,48.114833],[6.016484,48.115627],[6.015916,48.116394],[6.015562,48.116611],[6.014703,48.116806],[6.013555,48.117819],[6.012569,48.118433],[6.011324,48.118884],[6.010852,48.119221],[6.007021,48.122981],[6.006378,48.123962],[6.005648,48.124695],[6.005187,48.124881],[6.003674,48.124778],[6.002923,48.124793],[6.002537,48.124952],[6.001893,48.125847],[6.001582,48.126026],[6.000735,48.126327],[6.000048,48.126935],[5.999168,48.127246],[5.998631,48.127305],[5.998159,48.127457],[5.997575,48.128185],[5.997602,48.129121],[5.996336,48.130409],[5.996443,48.130715],[5.996819,48.13095],[5.996282,48.131861],[5.995595,48.132468],[5.995166,48.133144],[5.995145,48.133648],[5.99537,48.134373],[5.996657,48.135461],[5.99758,48.136077],[5.997966,48.136789],[5.998492,48.137208],[5.998503,48.137646],[5.998916,48.138158],[5.999157,48.138641],[5.998567,48.139329],[5.99787,48.140404],[5.996883,48.142517],[5.99655,48.143985],[5.996368,48.144264],[5.995757,48.144616],[5.995064,48.144743],[5.994619,48.145193],[5.994651,48.146032],[5.994062,48.147168],[5.994008,48.147643],[5.99419,48.148102],[5.993643,48.149323],[5.993219,48.149723],[5.992935,48.149845],[5.992441,48.149615],[5.991722,48.149342],[5.990156,48.148624],[5.989362,48.148429],[5.98845,48.148456],[5.98741,48.148774],[5.986701,48.149323],[5.986205,48.149298],[5.984915,48.149446],[5.982559,48.149583],[5.982254,48.149511],[5.981422,48.149504],[5.979556,48.149058],[5.978118,48.148478],[5.977329,48.14822],[5.976348,48.147848],[5.974943,48.147757],[5.972142,48.14686],[5.970319,48.147012],[5.969696,48.146667],[5.967507,48.146016],[5.966939,48.145689],[5.964664,48.144928],[5.964225,48.144626],[5.963468,48.144384],[5.962958,48.144298],[5.962078,48.143944],[5.961145,48.143447],[5.958152,48.143051],[5.957454,48.142879],[5.957519,48.142181],[5.957229,48.141464],[5.956425,48.140352],[5.956091,48.139772],[5.955373,48.140346],[5.954284,48.141506],[5.953925,48.141743],[5.952165,48.141678],[5.950373,48.141268],[5.943658,48.139612],[5.939194,48.138193],[5.939741,48.13732],[5.937745,48.13805],[5.934613,48.138895],[5.931995,48.139261],[5.930214,48.139623],[5.928648,48.139803],[5.927972,48.140089],[5.925225,48.137818],[5.921813,48.135227],[5.91374,48.129206],[5.90101,48.119818],[5.89071,48.110304],[5.883447,48.103549],[5.867745,48.09552],[5.857151,48.090027],[5.853476,48.086424],[5.849909,48.08285],[5.831563,48.064258],[5.831305,48.063748],[5.827872,48.053127],[5.825189,48.053306],[5.822282,48.05284],[5.820157,48.052696],[5.818441,48.053264],[5.814921,48.053435],[5.812475,48.054182],[5.811478,48.054365],[5.810008,48.054383],[5.807943,48.05581],[5.807415,48.056129],[5.806479,48.05685],[5.805556,48.057338],[5.804349,48.057797],[5.803367,48.058027],[5.802911,48.058012],[5.802261,48.057883],[5.798024,48.060509],[5.797804,48.06044],[5.797004,48.059927],[5.796286,48.059405],[5.795224,48.058996],[5.793153,48.058491],[5.791243,48.057772],[5.790798,48.057473],[5.789827,48.057173],[5.788641,48.058313],[5.788142,48.058607],[5.787391,48.058249],[5.786469,48.058341],[5.785353,48.05781],[5.784752,48.057243],[5.783712,48.056677],[5.782103,48.056074],[5.780879,48.055794],[5.779399,48.055601],[5.777811,48.055437],[5.776577,48.0551],[5.775568,48.054682],[5.774689,48.054163],[5.774646,48.053322],[5.774174,48.052979],[5.772575,48.052326],[5.772371,48.052116],[5.771749,48.050884],[5.771256,48.050352],[5.770044,48.049837],[5.769512,48.049367],[5.768949,48.04874],[5.768272,48.048504],[5.767254,48.047934],[5.76676,48.047756],[5.766197,48.047674],[5.765934,48.047419],[5.765837,48.046917],[5.765612,48.04636],[5.763617,48.044208],[5.762201,48.042873],[5.761739,48.042169],[5.761707,48.041838],[5.762608,48.041156],[5.763477,48.040198],[5.764383,48.039382],[5.764475,48.039204],[5.765634,48.039168],[5.770805,48.038623],[5.772875,48.03819],[5.774828,48.037907],[5.775858,48.037484],[5.776899,48.037276],[5.778057,48.036753],[5.779238,48.03582],[5.779881,48.035194],[5.779302,48.035091],[5.77838,48.034988],[5.776663,48.033905],[5.776958,48.033456],[5.777746,48.031364],[5.776094,48.024507],[5.776116,48.023774],[5.776427,48.022402],[5.778057,48.022366],[5.777585,48.021765],[5.777113,48.021515],[5.776303,48.02137],[5.775131,48.020972],[5.77264,48.019986],[5.771626,48.019309],[5.76897,48.018906],[5.756632,48.014207],[5.755291,48.01357],[5.753607,48.013261],[5.751984,48.012169],[5.750897,48.011351],[5.749315,48.010388],[5.748264,48.009513],[5.74718,48.009107],[5.746161,48.008622],[5.744391,48.008222],[5.742985,48.006916],[5.743082,48.006063],[5.741719,48.004531],[5.740947,48.00322],[5.740753,48.002536],[5.740571,48.001465],[5.739981,48.000031],[5.739217,47.999101],[5.738506,47.998317],[5.738093,47.998003],[5.737272,47.9977],[5.737385,47.997516],[5.737626,47.996303],[5.737052,47.996002],[5.736848,47.995566],[5.736773,47.994782],[5.736564,47.994341],[5.736127,47.993747],[5.735625,47.992981],[5.735153,47.99283],[5.734596,47.992794],[5.73466,47.992329],[5.73489,47.992005],[5.735392,47.991578],[5.735764,47.991452],[5.736387,47.991496],[5.736634,47.991312],[5.736859,47.991193],[5.737449,47.991502],[5.738297,47.991819],[5.738645,47.991442],[5.73923,47.990865],[5.738565,47.990236],[5.737792,47.989218],[5.737127,47.988738],[5.736371,47.98867],[5.735295,47.988428],[5.73467,47.988387],[5.734799,47.987967],[5.734273,47.987416],[5.734305,47.986664],[5.733221,47.985743],[5.733039,47.985319],[5.732985,47.984587],[5.732529,47.983885],[5.731677,47.983039],[5.730486,47.981564],[5.730529,47.981003],[5.72922,47.979847],[5.728362,47.979328],[5.728099,47.979043],[5.728061,47.978642],[5.729112,47.97798],[5.729762,47.977807],[5.730379,47.977584],[5.730625,47.977276],[5.730958,47.977017],[5.73194,47.976751],[5.732943,47.976361],[5.733747,47.975459],[5.733994,47.975063],[5.734821,47.974295],[5.735057,47.973817],[5.735308,47.973576],[5.736387,47.97293],[5.737873,47.972237],[5.738447,47.971931],[5.739476,47.971666],[5.741054,47.970387],[5.742985,47.969136],[5.743398,47.968756],[5.744294,47.967493],[5.744594,47.967401],[5.744605,47.966874],[5.744241,47.966005],[5.744246,47.96536],[5.744884,47.962768],[5.747995,47.957254],[5.748585,47.955116],[5.748114,47.953669],[5.747974,47.953672],[5.747855,47.953132],[5.747577,47.952778],[5.747191,47.9527],[5.746622,47.951523],[5.746579,47.951193],[5.746193,47.951088],[5.745764,47.950839],[5.743961,47.950615],[5.742599,47.950356],[5.742481,47.949932],[5.742534,47.949387],[5.742019,47.949042],[5.740925,47.948753],[5.740078,47.948061],[5.73908,47.946923],[5.737878,47.946432],[5.737084,47.945952],[5.736226,47.945242],[5.734949,47.944616],[5.733919,47.943481],[5.731613,47.941937],[5.730271,47.940811],[5.72789,47.93888],[5.727107,47.938387],[5.72598,47.937851],[5.725121,47.935928],[5.724618,47.935438],[5.724746,47.935352],[5.724081,47.93422],[5.723722,47.933979],[5.721796,47.933235],[5.720583,47.93325],[5.720143,47.933071],[5.719274,47.932284],[5.718266,47.931504],[5.718276,47.931303],[5.718609,47.930943],[5.718148,47.929953],[5.717783,47.929722],[5.717246,47.929569],[5.716978,47.9292],[5.716614,47.928852],[5.716753,47.928499],[5.718781,47.927314],[5.71964,47.926392],[5.720594,47.925838],[5.720894,47.92543],[5.720948,47.92269],[5.720841,47.922196],[5.719714,47.919474],[5.719339,47.918764],[5.719393,47.918572],[5.720755,47.918577],[5.721689,47.918852],[5.723277,47.91906],[5.723662,47.91924],[5.725728,47.921074],[5.726022,47.921168],[5.725556,47.919096],[5.725859,47.918891],[5.724842,47.91389],[5.724802,47.913147],[5.724462,47.912821],[5.723169,47.912342],[5.722976,47.911813],[5.722428,47.911304],[5.72201,47.910561],[5.721243,47.910115],[5.720905,47.909863],[5.720669,47.909487],[5.720497,47.908783],[5.719231,47.908475],[5.717086,47.907833],[5.716163,47.906569],[5.71582,47.906283],[5.714768,47.905657],[5.713722,47.904926],[5.71317,47.904454],[5.712976,47.903861],[5.712917,47.90309],[5.712783,47.902786],[5.714167,47.901861],[5.714071,47.901731],[5.716039,47.900692],[5.715114,47.899898],[5.714646,47.899598],[5.713586,47.898671],[5.712505,47.897788],[5.707398,47.898045],[5.705069,47.898268],[5.703283,47.898204],[5.701556,47.898215],[5.700783,47.898087],[5.699925,47.897995],[5.698589,47.897771],[5.698867,47.897538],[5.69967,47.897434],[5.700049,47.897176],[5.700429,47.896759],[5.70115,47.895229],[5.701581,47.894705],[5.701616,47.893534],[5.701704,47.89255],[5.70211,47.891984],[5.70204,47.891795],[5.701572,47.891433],[5.70173,47.890905],[5.70022,47.890572],[5.698463,47.889995],[5.696343,47.889997],[5.695887,47.889866],[5.694272,47.889058],[5.692995,47.88858],[5.692603,47.888342],[5.691889,47.88768],[5.688614,47.888008],[5.687036,47.888647],[5.686466,47.888779],[5.684105,47.889084],[5.683574,47.889033],[5.68301,47.888749],[5.682011,47.88787],[5.680358,47.886805],[5.679068,47.885129],[5.678378,47.884666],[5.67654,47.883873],[5.675089,47.883115],[5.672253,47.881889],[5.669924,47.881075],[5.668432,47.880708],[5.667627,47.8803],[5.665931,47.879325],[5.663962,47.879373],[5.661983,47.879321],[5.658295,47.878657],[5.654407,47.877375],[5.653241,47.877108],[5.65068,47.876265],[5.64996,47.875537],[5.652217,47.873996],[5.652823,47.873708],[5.652667,47.873254],[5.651266,47.872376],[5.650665,47.873048],[5.649477,47.873862],[5.64816,47.87459],[5.646382,47.875908],[5.646073,47.875815],[5.644505,47.873662],[5.643341,47.874199],[5.643014,47.874492],[5.638207,47.8821],[5.637928,47.883318],[5.637532,47.884579],[5.634769,47.884752],[5.63548,47.887099],[5.632091,47.887779],[5.630912,47.887883],[5.63015,47.888114],[5.629399,47.888582],[5.625665,47.890295],[5.626087,47.890859],[5.626111,47.891106],[5.627004,47.891655],[5.62765,47.891916],[5.628839,47.891972],[5.629331,47.891733],[5.628804,47.892455],[5.629973,47.892071],[5.630455,47.892019],[5.630653,47.892212],[5.630646,47.892701],[5.630497,47.89337],[5.63016,47.893859],[5.630102,47.894147],[5.629003,47.895237],[5.628356,47.896198],[5.627307,47.896846],[5.62589,47.897282],[5.625268,47.897391],[5.624109,47.897147],[5.623294,47.896744],[5.62198,47.896478],[5.620767,47.896353],[5.619974,47.896189],[5.619453,47.895721],[5.618901,47.895681],[5.617404,47.896037],[5.616787,47.896236],[5.615859,47.894593],[5.615516,47.893679],[5.614711,47.892701],[5.61455,47.892758],[5.613434,47.891419],[5.613038,47.89108],[5.611702,47.890559],[5.610881,47.890139],[5.60882,47.889414],[5.608603,47.8894],[5.608322,47.889572],[5.607544,47.890587],[5.604529,47.889323],[5.599701,47.88742],[5.60027,47.886768],[5.595195,47.884693],[5.593672,47.885608],[5.593221,47.885715],[5.593221,47.885474],[5.592995,47.885197],[5.592126,47.884759],[5.591526,47.884392],[5.590517,47.88407],[5.589906,47.883714],[5.589638,47.883693],[5.584359,47.884924],[5.583243,47.882829],[5.582997,47.882777],[5.580873,47.883241],[5.580572,47.883111],[5.579928,47.881802],[5.582492,47.877705],[5.57908,47.872613],[5.574113,47.873561],[5.574241,47.873915],[5.57319,47.874039],[5.573029,47.874519],[5.573069,47.875034],[5.572884,47.875447],[5.572814,47.876131],[5.572514,47.876289],[5.571238,47.876641],[5.569994,47.876686],[5.569457,47.877044],[5.569049,47.876851],[5.569135,47.87588],[5.56892,47.875288],[5.568309,47.874723],[5.567622,47.874317],[5.565734,47.874103],[5.563298,47.874382],[5.562123,47.874824],[5.560949,47.875208],[5.560326,47.875929],[5.559554,47.87647],[5.559415,47.877528],[5.559109,47.878531],[5.558718,47.879505],[5.5567,47.880404],[5.555456,47.881261],[5.55479,47.881886],[5.550188,47.885339],[5.549963,47.885657],[5.549984,47.886981],[5.549865,47.887204],[5.549244,47.88718],[5.548611,47.887005],[5.547699,47.886537],[5.547162,47.886551],[5.544372,47.887816],[5.542012,47.8885],[5.534888,47.892167],[5.533397,47.8927],[5.531445,47.893276],[5.528033,47.894177],[5.526649,47.894361],[5.523667,47.89449],[5.522465,47.894955],[5.520598,47.895203],[5.518538,47.895363],[5.518109,47.894076],[5.518334,47.892606],[5.514847,47.889269],[5.513211,47.888428],[5.5129,47.888309],[5.512785,47.88816],[5.512755,47.887963],[5.51304,47.887416],[5.512852,47.886931],[5.511655,47.886949],[5.511135,47.886899],[5.509912,47.885866],[5.51003,47.885284],[5.509622,47.884283],[5.508351,47.882348],[5.50797,47.882011],[5.505727,47.882485],[5.505294,47.882442],[5.504921,47.882047],[5.504782,47.881256],[5.504195,47.880647],[5.503075,47.880277],[5.502246,47.879828],[5.500452,47.877977],[5.499723,47.87752],[5.4982,47.877029],[5.496669,47.875919],[5.495406,47.875822],[5.494873,47.875331],[5.494585,47.875207],[5.493443,47.874146],[5.489679,47.871104],[5.488827,47.870695],[5.488155,47.87074],[5.487641,47.870626],[5.486239,47.870303],[5.485973,47.870304],[5.484848,47.870681],[5.48393,47.871109],[5.482264,47.871442],[5.480794,47.871826],[5.47971,47.87213],[5.479311,47.872236],[5.478244,47.872634],[5.477124,47.872909],[5.475634,47.873725],[5.474482,47.874256],[5.47335,47.874901],[5.471907,47.875477],[5.471719,47.875689],[5.471381,47.876275],[5.470872,47.876455],[5.470298,47.876492],[5.468616,47.876398],[5.468072,47.876476],[5.466679,47.876934],[5.465654,47.876978],[5.464092,47.876712],[5.462996,47.876746],[5.461835,47.876961],[5.46048,47.877621],[5.45889,47.878159],[5.460048,47.877352],[5.459859,47.876474],[5.460126,47.875552],[5.460791,47.874297],[5.461359,47.873041],[5.4618,47.872608],[5.462067,47.872165],[5.4623,47.870523],[5.459604,47.870437],[5.457437,47.870331],[5.457823,47.869744],[5.458017,47.869315],[5.455624,47.868942],[5.455388,47.86846],[5.455366,47.868198],[5.455281,47.867935],[5.454701,47.867364],[5.453821,47.867184],[5.453264,47.867524],[5.452652,47.868425],[5.452824,47.869137],[5.451965,47.869948],[5.451547,47.870026],[5.450688,47.869769],[5.44983,47.869347],[5.449198,47.869249],[5.448447,47.869324],[5.447953,47.869444],[5.447341,47.869221],[5.447116,47.86874],[5.447684,47.866874],[5.447835,47.866531],[5.448006,47.865776],[5.448017,47.864904],[5.447727,47.864462],[5.446419,47.863307],[5.445914,47.862633],[5.44526,47.861614],[5.444401,47.861642],[5.442888,47.862247],[5.441451,47.862911],[5.439874,47.862706],[5.439332,47.86206],[5.438791,47.861334],[5.438104,47.861059],[5.433919,47.860866],[5.430196,47.860296],[5.429703,47.860533],[5.428469,47.860736],[5.427922,47.860926],[5.426699,47.861635],[5.425154,47.862191],[5.424478,47.862637],[5.423931,47.863385],[5.422547,47.864156],[5.421989,47.864544],[5.421034,47.864766],[5.420713,47.865141],[5.420219,47.865414],[5.419618,47.865529],[5.418266,47.865865],[5.417343,47.866215],[5.416613,47.866572],[5.415681,47.867372],[5.415321,47.868071],[5.414704,47.868898],[5.414221,47.869746],[5.413857,47.871085],[5.41383,47.872051],[5.414017,47.872923],[5.414693,47.873858],[5.414414,47.874217],[5.41478,47.875697],[5.415107,47.876343],[5.416002,47.877256],[5.417193,47.878204],[5.418641,47.878895],[5.419575,47.879664],[5.420175,47.879867],[5.420219,47.880087],[5.419414,47.880457],[5.419393,47.880815],[5.418653,47.881177],[5.418427,47.881479],[5.417515,47.881579],[5.417161,47.881341],[5.416941,47.880958],[5.41701,47.880531],[5.417418,47.880153],[5.417365,47.87982],[5.417139,47.879559],[5.416609,47.879233],[5.415957,47.878984],[5.415894,47.878863],[5.41522,47.878562],[5.414597,47.878471],[5.414403,47.878268],[5.41464,47.877945],[5.414248,47.877676],[5.413943,47.87735],[5.412645,47.876395],[5.412333,47.87644],[5.411625,47.877187],[5.408192,47.876628],[5.408401,47.875826],[5.408407,47.875247],[5.40875,47.874294],[5.409496,47.873776],[5.410142,47.873431],[5.410906,47.873108],[5.410852,47.872546],[5.410692,47.872166],[5.4106,47.871292],[5.410863,47.870576],[5.410498,47.870197],[5.410166,47.870163],[5.409871,47.870618],[5.409243,47.871965],[5.408954,47.872195],[5.409005,47.872402],[5.408916,47.872961],[5.408672,47.873234],[5.408192,47.873463],[5.407781,47.873481],[5.407446,47.873334],[5.406867,47.872782],[5.406175,47.872402],[5.405247,47.872071],[5.403806,47.871895],[5.403553,47.871778],[5.402602,47.87164],[5.401283,47.871608],[5.40069,47.871698],[5.400238,47.87169],[5.400002,47.871769],[5.399292,47.871796],[5.398761,47.871622],[5.397087,47.87148],[5.396251,47.871466],[5.395264,47.871416],[5.394394,47.871557],[5.394121,47.871691],[5.393654,47.871854],[5.392914,47.872223],[5.39242,47.872618],[5.390913,47.873019],[5.390148,47.873392],[5.389395,47.87342],[5.387474,47.87433],[5.387212,47.874504],[5.386568,47.874653],[5.386289,47.874653],[5.386021,47.874582],[5.385956,47.874449],[5.386197,47.87396],[5.385854,47.873562],[5.385785,47.873313],[5.385803,47.872847],[5.385713,47.872461],[5.385784,47.872344],[5.38513,47.871834],[5.384537,47.871597],[5.382635,47.871152],[5.381627,47.87051],[5.379524,47.869674],[5.378733,47.869487],[5.378414,47.869488],[5.376552,47.869028],[5.375924,47.869082],[5.374935,47.8693],[5.374503,47.869316],[5.372465,47.868475],[5.372218,47.86854],[5.372121,47.868418],[5.371134,47.867665],[5.371049,47.867375],[5.370856,47.86728],[5.370502,47.867285],[5.370062,47.86737],[5.367798,47.8681],[5.367143,47.867516],[5.366971,47.867468],[5.366529,47.867521],[5.366365,47.867468],[5.365379,47.86818],[5.362849,47.8699],[5.362873,47.869999],[5.360888,47.871301],[5.359558,47.87192],[5.357643,47.872471],[5.356736,47.87285],[5.356489,47.872373],[5.357626,47.872104],[5.357884,47.871908],[5.355706,47.870547],[5.35164,47.867946],[5.348679,47.866776],[5.346672,47.86631],[5.345997,47.866276],[5.344248,47.866659],[5.343089,47.866479],[5.340729,47.865314],[5.338932,47.864281],[5.338648,47.864011],[5.33765,47.863616],[5.337242,47.863148],[5.336909,47.862961],[5.336909,47.862961],[5.336472,47.862647],[5.336252,47.862579],[5.33615,47.862723],[5.33615,47.862899],[5.335737,47.862974],[5.335533,47.862971],[5.335082,47.863039],[5.334551,47.863039],[5.334358,47.863007],[5.334042,47.862849],[5.334042,47.862849]]],"type":"MultiLineString"},"properties":{"geo_point":{"lon":5.703189655388512,"lat":47.97416648696772},"name":"GR7 De Darney (Vosges) à Langres (Haute-Marne) (2019)","code_gr":"GR7"}},{"type":"Feature","geometry":{"coordinates":[[[5.33236,47.863338],[5.330331,47.863522],[5.330311,47.863933],[5.330088,47.863739],[5.329674,47.864173],[5.329579,47.864327],[5.32912,47.864712],[5.32801,47.86372],[5.32798,47.863441],[5.32806,47.862839],[5.328361,47.862461],[5.32756,47.862309],[5.32747,47.862511],[5.32687,47.862652],[5.325768,47.862691],[5.325049,47.862894],[5.323707,47.86322],[5.322464,47.863257],[5.320988,47.863531],[5.320434,47.863518],[5.320057,47.864375],[5.319895,47.865189],[5.319731,47.865719],[5.319689,47.866437],[5.319215,47.866462],[5.318827,47.866544],[5.318338,47.866962],[5.317961,47.86696],[5.317378,47.86718],[5.317014,47.867177],[5.316674,47.867123],[5.314412,47.867471],[5.31324,47.867698],[5.311862,47.867293],[5.311299,47.867167],[5.310389,47.866393],[5.309655,47.866213],[5.309121,47.865372],[5.308226,47.866218],[5.305242,47.867582],[5.304935,47.866781],[5.304757,47.866134],[5.303955,47.866046],[5.3028,47.865766],[5.30246,47.865708],[5.301781,47.865459],[5.300699,47.865355],[5.300365,47.865263],[5.299601,47.865143],[5.296621,47.864866],[5.295947,47.864791],[5.294865,47.864775],[5.293946,47.864547],[5.293042,47.864429],[5.292579,47.864379],[5.290768,47.864397],[5.290397,47.864318],[5.290043,47.864161],[5.288782,47.863847],[5.288118,47.863552],[5.287732,47.863327],[5.287362,47.863178],[5.286098,47.862878],[5.285021,47.862869],[5.28405,47.862605],[5.283544,47.862403],[5.282629,47.862388],[5.281642,47.862603],[5.280953,47.863043],[5.280816,47.863271],[5.280604,47.863858],[5.276469,47.865309],[5.275799,47.865256],[5.275061,47.865415],[5.274207,47.865396],[5.273631,47.865506],[5.273022,47.865529],[5.272541,47.865609],[5.270992,47.865483],[5.270179,47.865493],[5.269421,47.865696],[5.269226,47.86579],[5.268961,47.866192],[5.26874,47.866371],[5.26862,47.86602],[5.268792,47.865492],[5.268349,47.865261],[5.267883,47.865903],[5.266821,47.865707],[5.265729,47.865727],[5.26567,47.8647],[5.265827,47.864114],[5.265616,47.86384],[5.263643,47.863406],[5.263168,47.863074],[5.263117,47.863238],[5.263161,47.863611],[5.262323,47.863986],[5.262179,47.863941],[5.262115,47.863456],[5.26189,47.863338],[5.26194,47.862659],[5.261086,47.860723],[5.260083,47.8601],[5.258972,47.859492],[5.258623,47.859155],[5.25769,47.857368],[5.256373,47.856488],[5.25568,47.85635],[5.255118,47.856444],[5.25497,47.855933],[5.254879,47.854522],[5.254522,47.854192],[5.25456,47.852261],[5.254368,47.851332],[5.254578,47.850933],[5.254982,47.850434],[5.25567,47.85006],[5.25535,47.849178],[5.25483,47.848381],[5.25436,47.84787],[5.253748,47.847434],[5.252842,47.846569],[5.252343,47.846264],[5.251677,47.845699],[5.250293,47.844723],[5.250084,47.844631],[5.249339,47.844783],[5.247417,47.842988],[5.247272,47.84273],[5.247268,47.842494],[5.246945,47.84215],[5.245849,47.841157],[5.244418,47.840042],[5.243896,47.839726],[5.243374,47.839309],[5.242566,47.838907],[5.241612,47.838741],[5.240412,47.838583],[5.239406,47.838288],[5.238399,47.837654],[5.237696,47.837071],[5.237304,47.836823],[5.236881,47.836503],[5.236503,47.836364],[5.235245,47.836142],[5.234474,47.835917],[5.23489,47.83557],[5.234927,47.835436],[5.234932,47.83518],[5.234855,47.834945],[5.234916,47.834807],[5.235157,47.834855],[5.235343,47.834744],[5.236045,47.834003],[5.236278,47.833858],[5.23744,47.834598],[5.239122,47.835397],[5.241093,47.836182],[5.24229,47.836426],[5.243638,47.836857],[5.244526,47.837226],[5.245166,47.837182],[5.246853,47.836817],[5.247253,47.836479],[5.247739,47.835782],[5.248514,47.834975],[5.248708,47.834627],[5.249298,47.833041],[5.249718,47.832258],[5.250308,47.831481],[5.250727,47.83107],[5.25121,47.830377],[5.25032,47.830357],[5.250669,47.829978],[5.251115,47.829693],[5.251711,47.8286],[5.252428,47.829039],[5.253223,47.829303],[5.253349,47.828853],[5.25338,47.826974],[5.253411,47.826766],[5.252992,47.826705],[5.252629,47.826209],[5.252254,47.82587],[5.251677,47.824906],[5.249005,47.821683],[5.244764,47.820717],[5.2425,47.819295],[5.24124,47.818704],[5.237759,47.817377],[5.237619,47.816952],[5.237265,47.816657],[5.236028,47.816059],[5.236358,47.815562],[5.235948,47.815418],[5.2354,47.815068],[5.234841,47.814653],[5.23459,47.814569],[5.234136,47.81434],[5.233775,47.814249],[5.233589,47.813943],[5.233016,47.813881],[5.232465,47.813549],[5.230901,47.812834],[5.230683,47.812893],[5.230153,47.813175],[5.229844,47.813148],[5.229367,47.812021],[5.228987,47.811593],[5.227962,47.810907],[5.22683,47.810329],[5.225573,47.80949],[5.224446,47.808602],[5.222619,47.808513],[5.22174,47.808798],[5.220149,47.808844],[5.21768,47.808601],[5.215876,47.808102],[5.214845,47.807863],[5.21261,47.80756],[5.21151,47.808261],[5.208486,47.809388],[5.205561,47.809199],[5.204775,47.809239],[5.203934,47.809388],[5.201169,47.810188],[5.199366,47.810211],[5.197801,47.810458],[5.197111,47.810032],[5.195488,47.80926],[5.194351,47.808098],[5.19431,47.807761],[5.19399,47.806689],[5.19413,47.805523],[5.194008,47.80484],[5.194526,47.803701],[5.195089,47.801149],[5.195459,47.80032],[5.19555,47.799709],[5.196319,47.798277],[5.196751,47.794667],[5.195399,47.794695],[5.195464,47.79416],[5.195669,47.793955],[5.195173,47.793505],[5.194623,47.792652],[5.194342,47.792336],[5.193847,47.791889],[5.193322,47.792071],[5.192866,47.792155],[5.192024,47.792152],[5.190641,47.791573],[5.189325,47.791039],[5.188524,47.790772],[5.187456,47.79051],[5.185975,47.790419],[5.183694,47.790154],[5.182013,47.790011],[5.18107,47.790048],[5.17969,47.790247],[5.177108,47.790662],[5.176499,47.790748],[5.17476,47.791316],[5.173126,47.791638],[5.170015,47.791896],[5.168718,47.79183],[5.16795,47.791897],[5.167001,47.792201],[5.166013,47.792838],[5.165359,47.793],[5.164564,47.793112],[5.161909,47.79398],[5.161343,47.793706],[5.160601,47.792686],[5.160437,47.791626],[5.159019,47.791349],[5.158296,47.790895],[5.157905,47.791149],[5.157837,47.790872],[5.157877,47.790386],[5.158007,47.789813],[5.15827,47.789373],[5.158222,47.789005],[5.158056,47.788631],[5.157716,47.788405],[5.156668,47.787642],[5.15572,47.787177],[5.15567,47.786861],[5.153899,47.786883],[5.15254,47.78664],[5.15192,47.786612],[5.151218,47.78672],[5.149732,47.787347],[5.149096,47.78746],[5.148599,47.787414],[5.14677,47.786897],[5.143063,47.786918],[5.141507,47.787209],[5.136551,47.78643],[5.135786,47.7865],[5.134465,47.78681],[5.134207,47.787281],[5.133834,47.787604],[5.133569,47.787682],[5.13339,47.78754],[5.133629,47.786654],[5.133057,47.786366],[5.132421,47.786198],[5.131752,47.786145],[5.131049,47.786317],[5.130612,47.787073],[5.129965,47.787237],[5.128811,47.787187],[5.127421,47.787688],[5.126129,47.787838],[5.125031,47.787989],[5.123816,47.788551],[5.123392,47.788957],[5.12307,47.789719],[5.12313,47.79007],[5.12313,47.79007],[5.127555,47.793278],[5.112902,47.791797],[5.112269,47.791896],[5.11154,47.792197],[5.110788,47.792175],[5.108932,47.791364],[5.104845,47.790848],[5.103619,47.790678],[5.095227,47.789615],[5.095256,47.789385],[5.09543,47.789181],[5.096836,47.788616],[5.097484,47.788474],[5.097951,47.788418],[5.10044,47.788607],[5.101551,47.788532],[5.10279,47.788601],[5.104721,47.788904],[5.105756,47.788912],[5.105958,47.788804],[5.10603,47.788678],[5.106025,47.788364],[5.105869,47.787967],[5.105719,47.787737],[5.105387,47.78737],[5.105006,47.786812],[5.103428,47.785177],[5.103225,47.784716],[5.103171,47.784334],[5.103374,47.783924],[5.104367,47.783397],[5.105089,47.783256],[5.106819,47.783057],[5.1039,47.782671],[5.102226,47.782328],[5.101368,47.782447],[5.101111,47.782969],[5.100816,47.782974],[5.099641,47.78243],[5.098449,47.782219],[5.096785,47.781978],[5.095308,47.781463],[5.093703,47.781043],[5.091674,47.780683],[5.087628,47.780035],[5.087367,47.780037],[5.08549,47.780667],[5.08535,47.78086],[5.085447,47.781659],[5.085415,47.781911],[5.084996,47.782323],[5.083666,47.782429],[5.08292,47.782528],[5.081169,47.782975],[5.079439,47.783494],[5.078457,47.78376],[5.075008,47.784414],[5.074128,47.784845],[5.073356,47.785013],[5.072277,47.785571],[5.071951,47.78558],[5.071951,47.78558],[5.071508,47.785047],[5.071186,47.784974],[5.067946,47.785205],[5.06698,47.785479],[5.066229,47.785508],[5.06374,47.785378],[5.059835,47.785811],[5.059096,47.786093],[5.055964,47.784472],[5.055524,47.78409],[5.055073,47.782358],[5.05459,47.782012],[5.054408,47.781536],[5.054473,47.780804],[5.054376,47.780194],[5.054344,47.779041],[5.05377,47.778043],[5.053443,47.777233],[5.053389,47.7766],[5.053158,47.776578],[5.052809,47.776303],[5.052783,47.775769],[5.052874,47.775228],[5.052949,47.774303],[5.052767,47.773749],[5.052767,47.77305],[5.053389,47.771717],[5.052198,47.771608],[5.052128,47.770492],[5.052541,47.769331],[5.052431,47.768162],[5.052322,47.767742],[5.051689,47.76688],[5.051512,47.766548],[5.051391,47.766162],[5.051249,47.765841],[5.050495,47.765224],[5.05023,47.764953],[5.050152,47.764683],[5.050181,47.764442],[5.050498,47.764052],[5.050857,47.763748],[5.051716,47.763373],[5.052252,47.763099],[5.052633,47.762634],[5.052767,47.762399],[5.052982,47.760935],[5.052831,47.759639],[5.052523,47.758229],[5.052161,47.756941],[5.051661,47.755845],[5.051834,47.755409],[5.05179,47.754128],[5.05149,47.75363],[5.050771,47.753269],[5.050578,47.753067],[5.050299,47.752152],[5.050627,47.751617],[5.051203,47.75158],[5.051716,47.751572],[5.052284,47.751769],[5.052831,47.752089],[5.053465,47.752185],[5.054159,47.752365],[5.054559,47.752397],[5.054736,47.752178],[5.055374,47.751837],[5.055739,47.751478],[5.059086,47.75163],[5.060095,47.749928],[5.060537,47.748882],[5.060722,47.74798],[5.061929,47.745189],[5.064145,47.745095],[5.064748,47.745117],[5.06547,47.745311],[5.067969,47.742116],[5.067637,47.741257],[5.067632,47.741053],[5.067744,47.740762],[5.067895,47.740537],[5.068093,47.740397],[5.069054,47.740111],[5.067651,47.739579],[5.067224,47.739544],[5.067262,47.73941],[5.06871,47.738333],[5.069332,47.737628],[5.069289,47.737216],[5.069042,47.736754],[5.067841,47.735796],[5.066875,47.735306],[5.066564,47.735023],[5.066583,47.734902],[5.066441,47.734644],[5.066918,47.734512],[5.066972,47.734058],[5.067272,47.734073],[5.068141,47.733813],[5.068549,47.733815],[5.070266,47.734162],[5.070682,47.734153],[5.071135,47.734021],[5.071816,47.733681],[5.072326,47.733528],[5.072664,47.733273],[5.072883,47.732932],[5.073018,47.73257],[5.073022,47.732185],[5.072572,47.731258],[5.072111,47.73],[5.072143,47.729595],[5.072379,47.729013],[5.072422,47.728324],[5.073088,47.727641],[5.073007,47.727283],[5.072991,47.726882],[5.073591,47.726254],[5.073613,47.725373],[5.073355,47.724803],[5.073624,47.724192],[5.073387,47.723742],[5.071907,47.72269],[5.070587,47.722025],[5.070587,47.722025],[5.06992,47.72131],[5.069941,47.720704],[5.068246,47.721267],[5.066293,47.721584],[5.064555,47.72157],[5.063118,47.721339],[5.061272,47.720819],[5.061508,47.720199],[5.061272,47.720069],[5.061272,47.717225],[5.060972,47.716315],[5.061187,47.715232],[5.061401,47.714857],[5.061208,47.713991],[5.061232,47.713703],[5.051994,47.712036],[5.051812,47.711784],[5.0517,47.710939],[5.051501,47.710555],[5.050728,47.709783],[5.050235,47.7086],[5.050149,47.708009],[5.050836,47.706894],[5.050841,47.706732],[5.050685,47.706606],[5.050348,47.706548],[5.050095,47.706399],[5.049945,47.706145],[5.050235,47.705161],[5.050224,47.704158],[5.050364,47.703674],[5.050332,47.703436],[5.050117,47.703264],[5.048915,47.703047],[5.047344,47.702404],[5.046802,47.702324],[5.046469,47.702023],[5.045912,47.70195],[5.045739,47.701523],[5.045246,47.701221],[5.045321,47.700947],[5.044999,47.700824],[5.04428,47.700729],[5.043862,47.700422],[5.043122,47.700015],[5.04221,47.699236],[5.040976,47.69806],[5.040118,47.697566],[5.040161,47.697335],[5.042768,47.697625],[5.042145,47.693472],[5.041694,47.693418],[5.038798,47.692851],[5.037693,47.692505],[5.037647,47.690142],[5.037666,47.68775],[5.03676,47.687793],[5.037162,47.687483],[5.037392,47.687176],[5.03743,47.686608],[5.037647,47.686048],[5.037827,47.685803],[5.038382,47.685484],[5.039002,47.685085],[5.039039,47.684524],[5.039474,47.68424],[5.039554,47.683988],[5.039492,47.68378],[5.039248,47.683381],[5.038993,47.683142],[5.038615,47.682957],[5.037575,47.682784],[5.036974,47.682798],[5.035891,47.683165],[5.035042,47.683694],[5.034646,47.683715],[5.034925,47.682738],[5.034756,47.682508],[5.034415,47.682343],[5.03413,47.681991],[5.033991,47.681187],[5.033594,47.680639],[5.032447,47.67958],[5.030816,47.677856],[5.03021,47.677474],[5.030129,47.677344],[5.032125,47.67615],[5.032725,47.675624],[5.032972,47.675336],[5.033058,47.674786],[5.032468,47.674079],[5.03206,47.673336],[5.031524,47.672974],[5.030902,47.672052],[5.030505,47.671614],[5.030365,47.670486],[5.030507,47.67019],[5.030606,47.669619],[5.031126,47.668449],[5.031234,47.66788],[5.031105,47.667583],[5.029678,47.667201],[5.029249,47.666989],[5.029442,47.666566],[5.028992,47.66577],[5.028627,47.665435],[5.028273,47.665245],[5.027994,47.66468],[5.027769,47.664484],[5.027662,47.664108],[5.027833,47.66374],[5.028798,47.663189],[5.029839,47.662346],[5.031996,47.661464],[5.032757,47.660936],[5.033015,47.660503],[5.032725,47.66052],[5.03206,47.660698],[5.031342,47.660927],[5.030247,47.660683],[5.030338,47.660029],[5.030558,47.659728],[5.031588,47.658782],[5.032349,47.658162],[5.032527,47.657808],[5.032489,47.657432],[5.031947,47.656699],[5.031663,47.656406],[5.03088,47.655956],[5.030032,47.65506],[5.029432,47.654301],[5.029346,47.653992],[5.029196,47.652829],[5.028981,47.652267],[5.025575,47.649164],[5.024786,47.648295],[5.023676,47.647411],[5.022777,47.64652],[5.022556,47.646399],[5.022442,47.646219],[5.022469,47.645767],[5.022919,47.644908],[5.023295,47.644412],[5.024067,47.643568],[5.024035,47.643315],[5.023219,47.64375],[5.021187,47.645296],[5.020055,47.646236],[5.019518,47.646222],[5.018831,47.646571],[5.017673,47.647065],[5.015709,47.648097],[5.014754,47.648565],[5.012217,47.650057],[5.011601,47.650471],[5.010988,47.650538],[5.009809,47.650899],[5.009573,47.650819],[5.009192,47.65085],[5.008982,47.650758],[5.008489,47.650312],[5.007534,47.649843],[5.007083,47.649816],[5.007909,47.649627],[5.008521,47.648789],[5.008543,47.648355],[5.008864,47.647017],[5.008972,47.646793],[5.009004,47.646438],[5.009336,47.646265],[5.011225,47.646034],[5.012631,47.645658],[5.014197,47.644821],[5.015505,47.643612],[5.016085,47.642693],[5.016192,47.642087],[5.016015,47.641468],[5.015473,47.640611],[5.015034,47.639853],[5.015103,47.63969],[5.016203,47.639484],[5.016386,47.639181],[5.016665,47.638892],[5.016535,47.638271],[5.016053,47.637475],[5.01602,47.635862],[5.015849,47.635333],[5.015462,47.633661],[5.015409,47.632921],[5.015613,47.632408],[5.015817,47.631997],[5.015624,47.630975],[5.015323,47.630656],[5.014647,47.63015],[5.013783,47.629179],[5.013274,47.628532],[5.012984,47.628372],[5.012164,47.628076],[5.010334,47.627696],[5.008768,47.627274],[5.007143,47.626669],[5.005614,47.626058],[5.004969,47.625887],[5.005501,47.624704],[5.005806,47.624266],[5.010817,47.619951],[5.011568,47.619704],[5.012684,47.619689],[5.01409,47.620195],[5.014797,47.620209],[5.014894,47.620027],[5.014357,47.619421],[5.013928,47.618633],[5.012727,47.618351],[5.012148,47.618113],[5.010753,47.617644],[5.009444,47.617554],[5.008607,47.617129],[5.008178,47.616788],[5.006836,47.616412],[5.00541,47.615628],[5.004798,47.61525],[5.003081,47.613857],[5.002502,47.613274],[5.002282,47.612964],[5.001885,47.612022],[5.001306,47.611249],[5.000667,47.610777],[4.998704,47.609955],[4.997235,47.609535],[4.996065,47.609066],[4.99512,47.608566],[4.995067,47.605918],[4.995099,47.603256],[4.993801,47.601889],[4.993576,47.601507],[4.9936,47.601338],[4.993839,47.600996],[4.994123,47.600732],[4.994037,47.597511],[4.994466,47.597222],[4.995201,47.597045],[4.995946,47.597027],[4.996773,47.596302],[4.997439,47.595505],[4.997717,47.595593],[4.998028,47.595167],[5.000496,47.595915],[5.001643,47.595665],[5.001692,47.595021],[5.001773,47.591787],[5.000443,47.591468],[4.999707,47.59071],[4.999176,47.589839],[4.999085,47.589642],[4.999369,47.589489],[4.999949,47.589355],[5.00049,47.589313],[5.000729,47.58919],[5.000914,47.588981],[5.000893,47.588095],[5.00122,47.587544],[5.001671,47.587291],[5.002566,47.586897],[5.002931,47.586505],[5.003447,47.584778],[5.003768,47.584448],[5.004616,47.583966],[5.004819,47.583447],[5.004852,47.582625],[5.005142,47.582244],[5.005592,47.581876],[5.005345,47.581418],[5.005388,47.580925],[5.005222,47.580783],[5.004761,47.580769],[5.00431,47.580859],[5.003865,47.580858],[5.003213,47.580576],[5.002529,47.580221],[5.001816,47.579898],[5.001113,47.579451],[5.000716,47.579062],[5.00005,47.578818],[4.999702,47.578551],[4.999611,47.578398],[4.999434,47.578238],[4.998811,47.577895],[4.998383,47.577322],[4.997974,47.576962],[4.997524,47.576205],[4.997267,47.575903],[4.996902,47.575713],[4.995593,47.575433],[4.994992,47.575242],[4.993887,47.574963],[4.993195,47.574679],[4.992406,47.574424],[4.992171,47.574216],[4.991333,47.573943],[4.990143,47.573647],[4.989451,47.573279],[4.988823,47.572839],[4.988694,47.572501],[4.988737,47.571262],[4.988265,47.570561],[4.988136,47.570004],[4.989123,47.566463],[4.989263,47.565769],[4.989756,47.564671],[4.989703,47.564154],[4.989403,47.563439],[4.989386,47.562827],[4.989316,47.562172],[4.989016,47.561722],[4.989638,47.560897],[4.989982,47.560034],[4.990121,47.559435],[4.990019,47.558953],[4.990004,47.558267],[4.98982,47.55782],[4.989263,47.557449],[4.990754,47.555699],[4.990893,47.555009],[4.990958,47.553999],[4.991666,47.552918],[4.991998,47.552251],[4.992476,47.551727],[4.992911,47.55119],[4.994019,47.550868],[4.995051,47.550539],[4.996344,47.550305],[4.996875,47.550291],[4.997937,47.550092],[4.99857,47.549879],[4.987975,47.541058],[4.989128,47.540394],[4.987096,47.538804],[4.990646,47.533929],[4.991419,47.534568],[4.992481,47.533995],[4.992642,47.533265],[4.993179,47.532311],[4.992127,47.531938],[4.991226,47.532117],[4.989703,47.533118],[4.988662,47.533068],[4.98731,47.533141],[4.985165,47.532291],[4.985089,47.532138],[4.986077,47.530791],[4.986924,47.530305],[4.987278,47.529802],[4.987042,47.528271],[4.987611,47.527591],[4.990062,47.526146],[4.992213,47.524773],[4.994134,47.522963],[4.994048,47.52265],[4.993168,47.522097],[4.993404,47.521577],[4.994048,47.520837],[4.994123,47.520348],[4.993651,47.519135],[4.99114,47.515202],[4.990389,47.514324],[4.990218,47.513796],[4.989757,47.512947],[4.989354,47.512474],[4.989037,47.512044],[4.98834,47.510926],[4.987922,47.510315],[4.98753,47.509623],[4.987053,47.508945],[4.986892,47.508577],[4.98591,47.507603],[4.985014,47.50657],[4.983062,47.505214],[4.982664,47.504633],[4.981334,47.502881],[4.980894,47.501489],[4.979822,47.499975],[4.978384,47.498517],[4.978449,47.497511],[4.978126,47.496812],[4.977493,47.496124],[4.977215,47.49564],[4.976968,47.494482],[4.976614,47.494235],[4.975101,47.493554],[4.974221,47.493046],[4.974264,47.492269],[4.974135,47.491863],[4.974274,47.491668],[4.975242,47.491817],[4.97856,47.49298],[4.97966,47.493241],[4.978394,47.492638],[4.977171,47.491884],[4.97554,47.490725],[4.975111,47.489848],[4.974543,47.489255],[4.973985,47.488768],[4.973717,47.488296],[4.973577,47.487622],[4.973674,47.487034],[4.9734,47.486292],[4.973255,47.485375],[4.973749,47.484764],[4.973427,47.483925],[4.972965,47.483025],[4.973083,47.48275],[4.974221,47.482263],[4.978502,47.481312],[4.979146,47.480995],[4.980035,47.480987],[4.98146,47.481204],[4.981887,47.481202],[4.982512,47.481368],[4.983179,47.481396],[4.983888,47.481285],[4.983915,47.481137],[4.983308,47.481189],[4.982901,47.481122],[4.98222,47.480772],[4.98164,47.480621],[4.980927,47.480318],[4.97906,47.479181],[4.978647,47.478841],[4.978019,47.478406],[4.977966,47.478166],[4.979349,47.476654],[4.979532,47.476208],[4.979414,47.475489],[4.979135,47.474817],[4.978749,47.474148],[4.978051,47.473245],[4.977332,47.473034],[4.976179,47.472517],[4.975433,47.472117],[4.974392,47.47066],[4.972858,47.470031],[4.971308,47.469504],[4.969887,47.468948],[4.968867,47.468748],[4.966583,47.468159],[4.965209,47.468146],[4.963911,47.468448],[4.961883,47.468259],[4.961534,47.46805],[4.961338,47.46784],[4.961185,47.467841],[4.960788,47.467049],[4.961067,47.46536],[4.961325,47.46488],[4.962623,47.463707],[4.962569,47.463387],[4.961078,47.460585],[4.958806,47.458531],[4.958476,47.458159],[4.958315,47.457358],[4.957822,47.456792],[4.957535,47.456457],[4.957324,47.456006],[4.957452,47.45558],[4.957267,47.455363],[4.956438,47.45512],[4.955768,47.454794],[4.955062,47.454184],[4.954893,47.454125],[4.95368,47.454376],[4.953262,47.454582],[4.953079,47.45476],[4.952905,47.455068],[4.952758,47.455151],[4.952554,47.455127],[4.952501,47.454962],[4.952989,47.4541],[4.954094,47.453564],[4.954748,47.45302],[4.954995,47.451848],[4.954523,47.451549],[4.954287,47.451244],[4.954223,47.450307],[4.954491,47.449329],[4.954502,47.446976],[4.953686,47.445809],[4.953975,47.444225],[4.953407,47.443582],[4.953589,47.442397],[4.953386,47.442051],[4.953466,47.441782],[4.953825,47.44155],[4.954716,47.441216],[4.955778,47.440881],[4.956711,47.441159],[4.957645,47.441189],[4.957634,47.441014],[4.956937,47.440723],[4.956626,47.440178],[4.956546,47.439671],[4.956583,47.439265],[4.95639,47.438634],[4.956572,47.437901],[4.956964,47.437462],[4.957226,47.437249],[4.957543,47.436733],[4.95757,47.436362],[4.957318,47.435791],[4.95713,47.434981],[4.956561,47.43475],[4.956084,47.434836],[4.955553,47.434814],[4.954856,47.434583],[4.954148,47.433753],[4.952935,47.432876],[4.953509,47.432736],[4.953652,47.432647],[4.953817,47.43261],[4.953875,47.432519],[4.954093,47.432429],[4.955607,47.432244],[4.957055,47.431838],[4.958546,47.431642],[4.959072,47.431357],[4.959351,47.431042],[4.959308,47.430432],[4.9589,47.429852],[4.95846,47.428989],[4.958793,47.427231],[4.959141,47.42677],[4.960219,47.425744],[4.9611,47.425243],[4.962216,47.42496],[4.962838,47.424951],[4.963401,47.424802],[4.963985,47.424704],[4.96449,47.424392],[4.965252,47.424037],[4.965992,47.423783],[4.966791,47.42333],[4.967223,47.42295],[4.967623,47.422752],[4.969554,47.421613],[4.970283,47.421439],[4.97229,47.421272],[4.972686,47.421098],[4.973105,47.420566],[4.973417,47.419287],[4.9745,47.418035],[4.975326,47.41761],[4.976335,47.417285],[4.9773,47.416696],[4.977043,47.416177],[4.976624,47.415849],[4.976458,47.415547],[4.97597,47.414933],[4.974854,47.414512],[4.973282,47.41383],[4.97248,47.41355],[4.971721,47.413213],[4.970573,47.412879],[4.96368,47.41082],[4.963774,47.410492],[4.963718,47.410164],[4.963836,47.410065],[4.963964,47.409749],[4.963689,47.409422],[4.963211,47.409036],[4.963193,47.408894],[4.962961,47.408817],[4.962993,47.408666],[4.963492,47.408663],[4.96352,47.408544],[4.963366,47.408501],[4.963154,47.408532],[4.96321,47.408411],[4.962913,47.40842],[4.963487,47.407827],[4.963568,47.407651],[4.963444,47.407482],[4.963824,47.407219],[4.963675,47.407034],[4.962966,47.406805],[4.962398,47.40672],[4.961813,47.406577],[4.961078,47.40634],[4.960708,47.405974],[4.960445,47.405972],[4.960172,47.406117],[4.960183,47.405941],[4.960383,47.405808],[4.960745,47.405755],[4.961331,47.405796],[4.962116,47.405975],[4.962655,47.405998],[4.962956,47.40587],[4.963068,47.40563],[4.963325,47.405325],[4.96376,47.405],[4.963883,47.404736],[4.963615,47.404638],[4.963589,47.404261],[4.962827,47.404202],[4.962682,47.404064],[4.962639,47.403711],[4.962124,47.403438],[4.961899,47.403208],[4.961614,47.403037],[4.961357,47.402617],[4.960984,47.402412],[4.960708,47.40208],[4.960445,47.401918],[4.959997,47.401348],[4.959871,47.40109],[4.959606,47.400912],[4.959405,47.400705],[4.959163,47.400783],[4.955874,47.397195],[4.956132,47.397016],[4.957044,47.397064],[4.957526,47.397213],[4.957559,47.396818],[4.957436,47.396511],[4.95742,47.396154],[4.95772,47.395813],[4.958106,47.395674],[4.958683,47.395775],[4.959285,47.395973],[4.959528,47.395956],[4.959924,47.395608],[4.960236,47.395165],[4.960354,47.394272],[4.960606,47.393983],[4.960462,47.393791],[4.960547,47.393624],[4.960295,47.393603],[4.960091,47.393484],[4.959796,47.393548],[4.959821,47.393322],[4.95977,47.393249],[4.960091,47.393044],[4.96052,47.392853],[4.958525,47.39177],[4.957892,47.39131],[4.957237,47.39117],[4.956529,47.391096],[4.955907,47.391283],[4.954222,47.392088],[4.953418,47.39243],[4.951905,47.392886],[4.950778,47.393505],[4.950424,47.39365],[4.949867,47.394035],[4.94962,47.394422],[4.949303,47.394523],[4.948633,47.394841],[4.947774,47.394882],[4.94683,47.395096],[4.945006,47.394987],[4.944652,47.394775],[4.944808,47.39397],[4.944814,47.393638],[4.94498,47.39331],[4.944831,47.393055],[4.944773,47.392753],[4.944464,47.39246],[4.943531,47.392006],[4.943354,47.391451],[4.942935,47.391015],[4.942399,47.389769],[4.942227,47.38954],[4.942474,47.389202],[4.942785,47.388879],[4.942367,47.387709],[4.942463,47.386765],[4.941584,47.385529],[4.940973,47.386198],[4.94006,47.384869],[4.939439,47.385158],[4.938751,47.383842],[4.938054,47.383422],[4.937306,47.382407],[4.936622,47.381276],[4.936401,47.380827],[4.936191,47.380247],[4.936249,47.380042],[4.936198,47.37992],[4.936884,47.379319],[4.936552,47.379086],[4.936134,47.37903],[4.93593,47.378918],[4.935983,47.378483],[4.93564,47.377857],[4.935544,47.377037],[4.935318,47.376942],[4.935007,47.377065],[4.934685,47.377003],[4.934535,47.376534],[4.934138,47.376108],[4.934771,47.375076],[4.934632,47.373788],[4.934009,47.372895],[4.933768,47.372343],[4.933355,47.371726],[4.932873,47.371393],[4.932529,47.370344],[4.932269,47.369951],[4.932126,47.369478],[4.93152,47.368226],[4.930962,47.367736],[4.93018,47.366743],[4.928913,47.365921],[4.928451,47.365223],[4.926896,47.365671],[4.926134,47.366255],[4.925861,47.366759],[4.92563,47.367794],[4.92548,47.368059],[4.924739,47.368255],[4.923977,47.368552],[4.923624,47.368819],[4.922111,47.367837],[4.922755,47.367483],[4.922792,47.36725],[4.922465,47.366218],[4.922733,47.365272],[4.92357,47.36414],[4.925126,47.362854],[4.925233,47.362461],[4.925544,47.362197],[4.925984,47.361904],[4.926349,47.361753],[4.926735,47.36141],[4.927004,47.360758],[4.927051,47.360075],[4.927288,47.359538],[4.927765,47.359184],[4.927937,47.358864],[4.928773,47.358338],[4.929224,47.35792],[4.929412,47.357644],[4.930037,47.357266],[4.930206,47.357065],[4.930584,47.356889],[4.931445,47.356662],[4.931252,47.35582],[4.93115,47.354976],[4.93137,47.354511],[4.931145,47.354336],[4.93078,47.354431],[4.930153,47.354864],[4.929694,47.355071],[4.929417,47.35514],[4.928929,47.355035],[4.92842,47.355083],[4.927985,47.354947],[4.927722,47.354948],[4.927395,47.35478],[4.927261,47.35459],[4.926875,47.354712],[4.926494,47.354546],[4.926059,47.354424],[4.925786,47.354213],[4.92547,47.354089],[4.927486,47.350578],[4.926885,47.350307],[4.926456,47.34972],[4.92593,47.349648],[4.924772,47.349727],[4.923565,47.349502],[4.922401,47.349423],[4.921403,47.349487],[4.921252,47.349312],[4.922165,47.348347],[4.922529,47.347716],[4.92254,47.3469],[4.922787,47.346155],[4.922755,47.345992],[4.922411,47.345859],[4.920416,47.346059],[4.91944,47.346084],[4.918056,47.346058],[4.917068,47.345912],[4.916747,47.345669],[4.916275,47.345556],[4.915749,47.345298],[4.91562,47.345001],[4.915566,47.344036],[4.915298,47.343437],[4.915276,47.342568],[4.915803,47.342094],[4.916007,47.341846],[4.915909,47.341214],[4.915826,47.340663],[4.915695,47.340265],[4.915561,47.340174],[4.915105,47.340214],[4.915078,47.339605],[4.91503,47.33936],[4.915406,47.336824],[4.915626,47.33627],[4.915975,47.335738],[4.916414,47.335311],[4.916494,47.335025],[4.915934,47.334993],[4.915325,47.33504],[4.915051,47.334908],[4.914407,47.334945],[4.91396,47.334778],[4.913581,47.334764],[4.913219,47.33459],[4.912605,47.334368],[4.912182,47.333938],[4.91183,47.333759],[4.911414,47.333486],[4.909719,47.33297],[4.909279,47.332454],[4.909204,47.332294],[4.908647,47.331733],[4.908839,47.331669],[4.908271,47.330701],[4.907627,47.330169],[4.90731,47.329603],[4.907026,47.329315],[4.90687,47.329029],[4.906683,47.328802],[4.906458,47.328396],[4.906238,47.327521],[4.905911,47.326922],[4.905857,47.326555],[4.905851,47.325789],[4.905868,47.32562],[4.905627,47.324925],[4.90583,47.324203],[4.905996,47.32402],[4.906264,47.323246],[4.906651,47.323018],[4.906788,47.322783],[4.90694,47.32278],[4.907043,47.323137],[4.907208,47.323145],[4.907305,47.322365],[4.907069,47.322025],[4.907477,47.32158],[4.907906,47.321451],[4.908046,47.320869],[4.907877,47.320442],[4.907611,47.320182],[4.907295,47.319561]]],"type":"MultiLineString"},"properties":{"geo_point":{"lon":5.061732303692521,"lat":47.63794223827126},"name":"GR7 De Langres (Haute-Marne) à Velars-sur-Ouche (Côte d'Or) (2019)","code_gr":"GR7"}}]}