{"type":"FeatureCollection","features":[{"type":"Feature","geometry":{"coordinates":[[[4.656447,46.434784],[4.657348,46.434267],[4.658099,46.433675],[4.657605,46.432758],[4.65546,46.431501],[4.654902,46.431161],[4.653893,46.430732],[4.653378,46.42983],[4.651984,46.428129],[4.651941,46.427671],[4.651254,46.425689],[4.650889,46.425156],[4.650975,46.424417],[4.650675,46.423248],[4.651726,46.422272],[4.651769,46.421089],[4.653335,46.419832],[4.6534,46.41961],[4.652928,46.419358],[4.653464,46.418752],[4.653292,46.417997],[4.652606,46.416414],[4.65179,46.414994],[4.651061,46.414151],[4.651125,46.412997],[4.650846,46.412494],[4.650718,46.412006],[4.650503,46.41171],[4.64973,46.409432],[4.650203,46.408751],[4.649859,46.408278],[4.649452,46.407893],[4.649215,46.407345],[4.648336,46.406709],[4.647241,46.405185],[4.64722,46.404771],[4.647005,46.404342],[4.646962,46.403913],[4.646512,46.403365],[4.645997,46.403232],[4.645997,46.403232],[4.645139,46.402122],[4.644216,46.401471],[4.6428,46.400879],[4.642328,46.40048],[4.641941,46.400036],[4.641834,46.399696],[4.641341,46.399104],[4.640461,46.398675],[4.639796,46.398512],[4.635998,46.396884],[4.635998,46.396884],[4.635075,46.396795],[4.634002,46.396336],[4.632006,46.395848],[4.63147,46.395656],[4.630955,46.395582],[4.630183,46.395789],[4.629839,46.396144],[4.628552,46.396662],[4.627286,46.396603],[4.626706,46.397402],[4.625848,46.396943],[4.624968,46.396618],[4.623059,46.395596],[4.621921,46.395508],[4.621342,46.395582],[4.620569,46.3953],[4.618917,46.393584],[4.618037,46.391808],[4.618145,46.391319],[4.617565,46.390757],[4.617115,46.390505],[4.616364,46.389751],[4.618252,46.388433],[4.619046,46.388241],[4.619368,46.387886],[4.620055,46.387664],[4.62087,46.387323],[4.620291,46.386864],[4.620891,46.38642],[4.621256,46.38685],[4.623681,46.388197],[4.625569,46.389055],[4.626191,46.389085],[4.626771,46.388803],[4.627758,46.388803],[4.628831,46.388596],[4.628273,46.387782],[4.626942,46.38716],[4.626663,46.386539],[4.62602,46.386036],[4.625612,46.38534],[4.625548,46.384067],[4.625633,46.38349],[4.625483,46.383075],[4.625505,46.382602],[4.625033,46.382009],[4.624732,46.381462],[4.62441,46.381092],[4.624024,46.380366],[4.62381,46.37973],[4.622994,46.379034],[4.621321,46.379434],[4.620913,46.379271],[4.620655,46.379049],[4.619947,46.378782],[4.618917,46.378057],[4.618123,46.377776],[4.617394,46.377628],[4.616621,46.377198],[4.616063,46.376458],[4.616085,46.374741],[4.61587,46.373808],[4.615806,46.372653],[4.61542,46.372195],[4.615441,46.371647],[4.614926,46.370921],[4.614368,46.370625],[4.614068,46.370063],[4.612909,46.369056],[4.612094,46.368463],[4.611171,46.367901],[4.609819,46.366968],[4.609197,46.366242],[4.60866,46.365813],[4.606515,46.364732],[4.606322,46.364036],[4.605699,46.363074],[4.605528,46.362156],[4.605635,46.360601],[4.6063,46.360527],[4.605892,46.358276],[4.604605,46.356943],[4.603854,46.356602],[4.603253,46.355581],[4.602738,46.354914],[4.602652,46.353552],[4.602159,46.35287],[4.601644,46.35247],[4.601794,46.351582],[4.601279,46.350367],[4.600163,46.349064],[4.59967,46.348783],[4.598962,46.347923],[4.598404,46.347449],[4.597696,46.346753],[4.597245,46.345791],[4.597159,46.345198],[4.595936,46.34385],[4.594949,46.343465],[4.594541,46.342354],[4.594584,46.341998],[4.595056,46.341273],[4.595056,46.339125],[4.594498,46.337732],[4.594627,46.337021],[4.594756,46.335702],[4.594005,46.334473],[4.593318,46.333169],[4.592353,46.332665],[4.592481,46.33108],[4.591945,46.330146],[4.59216,46.329583],[4.591988,46.329109],[4.591473,46.328828],[4.591473,46.327894],[4.591966,46.326101],[4.591559,46.325257],[4.591859,46.323849],[4.592267,46.323167],[4.592739,46.323004],[4.593168,46.322575],[4.593275,46.321878],[4.592889,46.321271],[4.591859,46.32047],[4.590722,46.319848],[4.590636,46.319211],[4.590357,46.319077],[4.59055,46.318544],[4.590915,46.318262],[4.591237,46.317773],[4.591451,46.317106],[4.592052,46.31558],[4.592117,46.31512],[4.592975,46.314231],[4.592481,46.314261],[4.591087,46.313787],[4.589434,46.312586],[4.589434,46.312586],[4.58907,46.312645],[4.587417,46.313535],[4.586602,46.313579],[4.586194,46.313312],[4.586216,46.312749],[4.587997,46.310748],[4.587975,46.309874],[4.588233,46.309518],[4.589864,46.309192],[4.590529,46.309399],[4.590722,46.309785],[4.591065,46.309785],[4.591537,46.309548],[4.591473,46.308836],[4.591687,46.308347],[4.59261,46.308214],[4.593704,46.308362],[4.594563,46.308673],[4.595689,46.308629],[4.596644,46.308258],[4.597395,46.307991],[4.597653,46.307724],[4.59776,46.306909],[4.596172,46.306568],[4.596236,46.305679],[4.596065,46.305442],[4.596129,46.304493],[4.596108,46.303826],[4.596108,46.303826],[4.596387,46.302922],[4.596473,46.302195],[4.595722,46.300891],[4.594541,46.299883],[4.593726,46.299482],[4.592181,46.299349],[4.591172,46.299557],[4.590078,46.298623],[4.589606,46.298074],[4.589005,46.298178],[4.588533,46.298178],[4.58834,46.29843],[4.587589,46.298207],[4.586645,46.298371],[4.585915,46.298015],[4.5854,46.298252],[4.584049,46.298222],[4.583083,46.297703],[4.582504,46.297703],[4.581967,46.297377],[4.581517,46.296769],[4.582053,46.295954],[4.581216,46.295376],[4.580894,46.294931],[4.580293,46.29499],[4.579542,46.294605],[4.578019,46.294501],[4.577719,46.294353],[4.577182,46.294397],[4.575337,46.294249],[4.57495,46.294679],[4.573792,46.294323],[4.574242,46.293567],[4.574779,46.293018],[4.575401,46.29287],[4.576281,46.292826],[4.576538,46.292366],[4.576517,46.291209],[4.576903,46.290735],[4.577547,46.290246],[4.578663,46.289801],[4.579242,46.289326],[4.579435,46.288896],[4.580143,46.287725],[4.579221,46.287636],[4.578684,46.287503],[4.577847,46.287428],[4.577246,46.28639],[4.576774,46.285857],[4.576388,46.285797],[4.576088,46.285382],[4.57568,46.285204],[4.57538,46.284833],[4.575659,46.284492],[4.575144,46.28381],[4.574886,46.283232],[4.574006,46.282446],[4.572869,46.281808],[4.571839,46.281482],[4.572504,46.280711],[4.572461,46.278887],[4.571903,46.278427],[4.571903,46.278086],[4.57244,46.277433],[4.572612,46.276113],[4.572612,46.276113],[4.571539,46.275668],[4.568856,46.275001],[4.567655,46.274986],[4.567269,46.274764],[4.566539,46.272658],[4.566797,46.272124],[4.566861,46.27156],[4.567226,46.270032],[4.567161,46.269261],[4.567741,46.268623],[4.56802,46.267807],[4.567784,46.266917],[4.567805,46.266428],[4.566925,46.265122],[4.567247,46.26395],[4.568063,46.263105],[4.567827,46.262437],[4.567462,46.2622],[4.566539,46.261992],[4.566561,46.261651],[4.56714,46.260761],[4.56714,46.260346],[4.567333,46.259826],[4.567118,46.258387],[4.566732,46.257556],[4.56596,46.257097],[4.565016,46.255746],[4.564908,46.255153],[4.564415,46.254545],[4.5639,46.252378],[4.562763,46.249871],[4.563803,46.247497],[4.563803,46.247497],[4.564597,46.246725],[4.564597,46.246725],[4.564833,46.246072],[4.565563,46.245597],[4.566185,46.245835],[4.568159,46.245449],[4.569253,46.245716],[4.569704,46.245938],[4.570541,46.246027],[4.571485,46.246324],[4.57185,46.246295],[4.572172,46.245805],[4.572215,46.2453],[4.572515,46.244944],[4.575433,46.244054],[4.576528,46.244054],[4.576678,46.243861],[4.575884,46.243015],[4.575326,46.242985],[4.573481,46.242392],[4.572858,46.242288],[4.573674,46.241902],[4.576227,46.241115],[4.576849,46.240819],[4.57597,46.2407],[4.574768,46.24119],[4.574232,46.240923],[4.574146,46.240492],[4.574403,46.240225],[4.574296,46.239899],[4.573545,46.240077],[4.573127,46.239995],[4.572794,46.239795],[4.572773,46.239602],[4.573009,46.239379],[4.574167,46.237657],[4.574167,46.237657],[4.573695,46.237212],[4.57333,46.236574],[4.572408,46.235698],[4.572279,46.234348],[4.570798,46.234051],[4.569532,46.233591],[4.56773,46.232849],[4.567537,46.232329],[4.568309,46.232478],[4.568824,46.232448],[4.569468,46.232819],[4.570305,46.233056],[4.571313,46.233071],[4.572129,46.233279],[4.573245,46.233502],[4.573652,46.233888],[4.574017,46.234555],[4.574446,46.234837],[4.575326,46.235045],[4.576227,46.234867],[4.575111,46.234555],[4.574446,46.233739],[4.574511,46.233116],[4.57479,46.232433],[4.574339,46.23132],[4.572944,46.230414],[4.573438,46.230014],[4.574339,46.22936],[4.57553,46.228796],[4.576002,46.226718],[4.576495,46.225931],[4.576903,46.224848],[4.576989,46.22418],[4.577418,46.223423],[4.577032,46.222487],[4.576774,46.222309],[4.575487,46.219667],[4.574886,46.219384],[4.574457,46.218598],[4.5745,46.218271],[4.574414,46.217633],[4.575465,46.216504],[4.575208,46.214915],[4.575165,46.214396],[4.574908,46.213995],[4.575852,46.213653],[4.577504,46.213208],[4.578641,46.213059],[4.579178,46.212881],[4.580529,46.212896],[4.581838,46.212792],[4.58231,46.212629],[4.582546,46.212406],[4.583555,46.212228],[4.584564,46.211916],[4.584907,46.211649],[4.585379,46.211619],[4.586302,46.211367],[4.586409,46.211218],[4.58716,46.211248],[4.587739,46.211055],[4.588254,46.21104],[4.588812,46.211396],[4.590164,46.211575],[4.590894,46.21199],[4.590979,46.2115],[4.589692,46.210312],[4.59025,46.209689],[4.590808,46.209763],[4.590894,46.209644],[4.591387,46.2096],[4.593104,46.209021],[4.593211,46.208813],[4.593211,46.208813],[4.594563,46.208427],[4.595056,46.208367],[4.595335,46.208471],[4.5957,46.208248],[4.595829,46.207773],[4.595528,46.206927],[4.595593,46.206377],[4.596022,46.206184],[4.596687,46.20507],[4.596923,46.204224],[4.598404,46.204016],[4.599005,46.203125],[4.599391,46.202798],[4.599412,46.202427],[4.600764,46.201239],[4.601815,46.200749],[4.603017,46.199991],[4.603339,46.199486],[4.60336,46.198981],[4.603682,46.198625],[4.603811,46.197764],[4.603704,46.197199],[4.603446,46.19558],[4.60379,46.195298],[4.606515,46.19506],[4.605678,46.194956],[4.605442,46.193917],[4.605463,46.193531],[4.60439,46.192832],[4.603704,46.192847],[4.60276,46.19252],[4.602159,46.191302],[4.601665,46.189728],[4.602459,46.187247],[4.602373,46.186712],[4.602502,46.186059],[4.602459,46.18545],[4.602245,46.185004],[4.602567,46.184306],[4.602266,46.183622],[4.601558,46.182998],[4.601279,46.182582],[4.600678,46.182345],[4.600378,46.18207],[4.599369,46.182114],[4.598726,46.182055],[4.59761,46.182233],[4.596966,46.182085],[4.596172,46.181743],[4.594627,46.181788],[4.594348,46.181669],[4.594048,46.181713],[4.593211,46.181386],[4.592846,46.181386],[4.592074,46.181164],[4.591752,46.181119],[4.591323,46.18103],[4.5907,46.180896],[4.590529,46.180733],[4.58967,46.180673],[4.588297,46.181089],[4.587439,46.181401],[4.587074,46.181386],[4.586731,46.181728],[4.585593,46.182233],[4.58525,46.182634],[4.584714,46.182753],[4.584199,46.183362],[4.583963,46.184046],[4.583576,46.184135],[4.583233,46.18467],[4.583298,46.186036],[4.582654,46.185398],[4.58201,46.185457],[4.581366,46.185427],[4.580894,46.185516],[4.580551,46.185308],[4.580165,46.185115],[4.579521,46.184566],[4.579414,46.184209],[4.578448,46.183377],[4.57774,46.183125],[4.57774,46.182263],[4.577869,46.181669],[4.577719,46.181238],[4.576903,46.180792],[4.57656,46.180406],[4.576388,46.180034],[4.576023,46.179514],[4.575916,46.178489],[4.575444,46.178192],[4.5748,46.178088],[4.574435,46.177717],[4.574478,46.177226],[4.573878,46.177078],[4.57465,46.176662],[4.574478,46.176201],[4.574586,46.175562],[4.574457,46.174998],[4.574478,46.174507],[4.574199,46.173809],[4.574199,46.173378],[4.573813,46.172769],[4.573835,46.172382],[4.573491,46.171372],[4.573513,46.170778],[4.573019,46.16996],[4.573148,46.169708],[4.573169,46.168162],[4.573556,46.165681],[4.574028,46.165517],[4.574521,46.16577],[4.574564,46.165101],[4.574435,46.164833],[4.574929,46.165056],[4.575294,46.165339],[4.575465,46.165012],[4.57538,46.164224],[4.576731,46.164001],[4.577504,46.163734],[4.578362,46.163719],[4.578663,46.163645],[4.578684,46.163793],[4.578942,46.163838],[4.579285,46.163362],[4.580572,46.162307],[4.580572,46.161653],[4.580873,46.161148],[4.581924,46.160821],[4.582568,46.160494],[4.582632,46.159884],[4.582396,46.159453],[4.582546,46.158993],[4.583619,46.158458],[4.584585,46.156867],[4.584306,46.156659],[4.584714,46.156213],[4.584692,46.155723],[4.585357,46.155188],[4.585014,46.154905],[4.584156,46.154682],[4.582268,46.153984],[4.580487,46.152839],[4.579886,46.152408],[4.579349,46.152274],[4.579135,46.152334],[4.578856,46.151992],[4.577676,46.151427],[4.57744,46.15113],[4.576453,46.150803],[4.575766,46.150253],[4.575165,46.150134],[4.57465,46.149747],[4.574049,46.149078],[4.576324,46.149048],[4.577783,46.148573],[4.579178,46.148246],[4.580229,46.1478],[4.579188,46.147569],[4.578523,46.147777],[4.578008,46.147688],[4.578137,46.147391],[4.577751,46.146841],[4.576571,46.146826],[4.576141,46.147019],[4.575562,46.146692],[4.575004,46.14693],[4.574511,46.146975],[4.573996,46.146677],[4.573266,46.146663],[4.57288,46.146484],[4.572215,46.146365],[4.571914,46.146112],[4.571313,46.145904],[4.571077,46.145666],[4.570627,46.145666],[4.570369,46.145771],[4.570047,46.145726],[4.569189,46.14583],[4.568824,46.145964],[4.567987,46.145934],[4.567773,46.145994],[4.567365,46.145904],[4.565649,46.145771],[4.564855,46.145265],[4.564125,46.144968],[4.563846,46.144641],[4.563074,46.144269],[4.56243,46.143511],[4.56228,46.142738],[4.562001,46.142351],[4.561164,46.141771],[4.560885,46.141801],[4.560585,46.141638],[4.56037,46.141667],[4.559233,46.140998],[4.55861,46.140805],[4.557709,46.140597],[4.55728,46.140627],[4.556615,46.140879],[4.554791,46.140017],[4.554104,46.139809],[4.552753,46.138902],[4.551401,46.13746],[4.550929,46.137222],[4.548053,46.135289],[4.547431,46.134991],[4.546959,46.134367],[4.545371,46.133281],[4.543998,46.132478],[4.541873,46.130679],[4.541702,46.130084],[4.541766,46.12946],[4.541573,46.129073],[4.541616,46.128567],[4.541101,46.127363],[4.539835,46.126128],[4.539299,46.125965],[4.538655,46.125474],[4.538569,46.124983],[4.539041,46.124507],[4.539513,46.12421],[4.538977,46.123779],[4.538977,46.123422],[4.539191,46.122172],[4.538848,46.121429],[4.537668,46.120849],[4.537131,46.119689],[4.537131,46.119495],[4.536852,46.119183],[4.536037,46.11893],[4.53535,46.118528],[4.535307,46.118231],[4.534835,46.118127],[4.534513,46.117815],[4.534213,46.116669],[4.535479,46.1142],[4.53638,46.113397],[4.536981,46.112742],[4.537324,46.112192],[4.538462,46.112132],[4.540586,46.110779],[4.541938,46.111091],[4.543161,46.111091],[4.544084,46.111299],[4.54492,46.110794],[4.545242,46.110154],[4.545543,46.109856],[4.546659,46.109737],[4.547088,46.109499],[4.548418,46.10941],[4.549062,46.109217],[4.550027,46.109053],[4.551143,46.108964],[4.551165,46.108607],[4.550242,46.107714],[4.548869,46.10703],[4.547967,46.10523],[4.547495,46.104783],[4.547452,46.10453],[4.547603,46.104307],[4.547023,46.104025],[4.546809,46.103534],[4.546723,46.102849],[4.544835,46.100915],[4.544706,46.100528],[4.543955,46.099278],[4.543397,46.098698],[4.542624,46.097314],[4.542088,46.097017],[4.542517,46.096838],[4.542517,46.096838],[4.543676,46.095172],[4.545049,46.094041],[4.546015,46.093565],[4.546573,46.092821],[4.548354,46.092017],[4.549362,46.091035],[4.550478,46.090335],[4.5508,46.088922],[4.551057,46.088312],[4.551465,46.087969],[4.551765,46.087314],[4.551787,46.086734],[4.551379,46.086035],[4.551315,46.085677],[4.550929,46.085558],[4.550864,46.085112],[4.550285,46.084472],[4.550285,46.084472],[4.549877,46.083832],[4.549405,46.083475],[4.549341,46.082537],[4.549469,46.082254],[4.549276,46.081838],[4.549255,46.080944],[4.548783,46.080215],[4.548697,46.079724],[4.54874,46.079188],[4.548461,46.078518],[4.548289,46.077968],[4.54741,46.076464],[4.546937,46.076033],[4.546315,46.07572],[4.544985,46.074499],[4.544169,46.073651],[4.543933,46.072579],[4.544255,46.072475],[4.544599,46.071954],[4.544405,46.070465],[4.543247,46.069244],[4.54256,46.068113],[4.541552,46.067532],[4.541552,46.067532],[4.540248,46.066029],[4.539411,46.064525],[4.539282,46.063855],[4.538961,46.062872],[4.538918,46.061815],[4.538403,46.060788],[4.537823,46.059999],[4.537158,46.057989],[4.537244,46.057616],[4.537115,46.057244],[4.537652,46.056708],[4.537244,46.056515],[4.535785,46.056202],[4.535399,46.055919],[4.535313,46.055219],[4.535785,46.054579],[4.536514,46.053655],[4.536772,46.052658],[4.53675,46.051943],[4.536536,46.05166],[4.536472,46.051183],[4.536171,46.050662],[4.53615,46.049858],[4.536278,46.049337],[4.53615,46.048756],[4.536579,46.047997],[4.536965,46.047833],[4.537888,46.047267],[4.538682,46.046597],[4.539132,46.045956],[4.539282,46.045569],[4.539948,46.044586],[4.540806,46.043558],[4.541621,46.043126],[4.542608,46.042828],[4.543016,46.042382],[4.544475,46.042084],[4.544904,46.04195],[4.545398,46.041935],[4.546235,46.041741],[4.54675,46.041488],[4.547436,46.041339],[4.547887,46.040982],[4.549346,46.03833],[4.55044,46.03769],[4.551299,46.036796],[4.551299,46.036796],[4.551449,46.0362],[4.551535,46.035336],[4.551621,46.03413],[4.55132,46.033847],[4.551084,46.032968],[4.550848,46.032878],[4.551674,46.032454],[4.552447,46.032156],[4.553262,46.031456],[4.554335,46.029996],[4.555086,46.029489],[4.555344,46.028848],[4.55618,46.027791],[4.556717,46.025988],[4.556738,46.023887],[4.556116,46.023157],[4.555086,46.022502],[4.553434,46.021652],[4.552833,46.021086],[4.552254,46.020758],[4.551309,46.019462],[4.551009,46.019119],[4.55073,46.018419],[4.550451,46.017912],[4.550752,46.017346],[4.550902,46.01675],[4.551202,46.015901],[4.551202,46.015245],[4.550923,46.014634],[4.550644,46.014485],[4.550558,46.014202],[4.551159,46.013561],[4.551116,46.012667],[4.551309,46.012279],[4.551309,46.011057],[4.550923,46.00988],[4.550795,46.00912],[4.55028,46.008718],[4.549958,46.008405],[4.549657,46.008271],[4.549035,46.00766],[4.548262,46.006497],[4.548112,46.005185],[4.548413,46.004485],[4.548649,46.004097],[4.549142,46.003889],[4.550001,46.00292],[4.550001,46.00292],[4.551116,46.002637],[4.551932,46.002532],[4.552554,46.002234],[4.553627,46.001996],[4.554228,46.001608],[4.554507,46.001504],[4.554807,46.000878],[4.555537,46.000565],[4.555301,45.999775],[4.55573,45.999432],[4.555987,45.999059],[4.557082,45.998642],[4.557983,45.997971],[4.559077,45.997435],[4.560257,45.997017],[4.561266,45.996272],[4.56221,45.994915],[4.561995,45.993648],[4.562049,45.993171],[4.56044,45.991859],[4.559238,45.991054],[4.55956,45.990995],[4.560375,45.991039],[4.561041,45.990443],[4.561169,45.989295],[4.561577,45.988893],[4.558981,45.986865],[4.558981,45.986865],[4.558852,45.986209],[4.559496,45.985553],[4.560204,45.985285],[4.559345,45.984435],[4.559152,45.984017],[4.559946,45.983466],[4.559646,45.982884],[4.559302,45.981438],[4.559775,45.980767],[4.560568,45.980334],[4.561148,45.980379],[4.561963,45.979812],[4.561985,45.97932],[4.562607,45.978709],[4.563143,45.978291],[4.563315,45.977635],[4.562543,45.976442],[4.563401,45.974459],[4.563401,45.974459],[4.563401,45.973848],[4.564259,45.972192],[4.564624,45.971014],[4.564667,45.970268],[4.563744,45.969075],[4.563444,45.9683],[4.562671,45.967554],[4.562049,45.966868],[4.560976,45.966495],[4.560332,45.965884],[4.559302,45.965347],[4.558938,45.965302],[4.558423,45.964914],[4.557951,45.964989],[4.557307,45.964362],[4.555376,45.963661],[4.554603,45.963184],[4.554153,45.962975],[4.552994,45.961469],[4.553423,45.960544],[4.553294,45.959783],[4.553208,45.958828],[4.553445,45.958426],[4.553294,45.957993],[4.552779,45.95768],[4.552179,45.957053],[4.551814,45.956859],[4.551428,45.956128],[4.551041,45.955472],[4.550462,45.954786],[4.549947,45.954144],[4.548745,45.954055],[4.548745,45.954055],[4.547887,45.953652],[4.547308,45.952802],[4.546836,45.952817],[4.546085,45.952996],[4.544625,45.95304],[4.542093,45.951951],[4.541686,45.951161],[4.541857,45.950564],[4.540377,45.949132],[4.540119,45.948311],[4.540119,45.948102],[4.539797,45.947849],[4.539797,45.947625],[4.538639,45.947296],[4.538725,45.946849],[4.538424,45.947028],[4.536235,45.945118],[4.535506,45.944745],[4.533854,45.944148],[4.533253,45.944626],[4.531772,45.94473],[4.529519,45.945058],[4.528682,45.945461],[4.527137,45.945864],[4.526515,45.945864],[4.525829,45.946088],[4.524337,45.946879],[4.522985,45.947117],[4.522556,45.947088],[4.522342,45.946909],[4.522213,45.947073],[4.521312,45.947356],[4.520561,45.947804],[4.519938,45.947908],[4.518393,45.948013],[4.51702,45.948251],[4.514552,45.948371],[4.51363,45.948326],[4.512621,45.94858],[4.511441,45.948759],[4.510733,45.948684],[4.510476,45.94849],[4.507944,45.948251],[4.507772,45.94846],[4.507321,45.948684],[4.506828,45.948788],[4.505991,45.948475],[4.504897,45.948744],[4.504618,45.948565],[4.502257,45.948639],[4.501549,45.948744],[4.499575,45.948833],[4.498888,45.948997],[4.497923,45.949042],[4.497408,45.949117],[4.497258,45.948654],[4.496657,45.94852],[4.495133,45.949191],[4.494103,45.949311],[4.493159,45.949296],[4.493116,45.949072],[4.49288,45.948982],[4.491915,45.949639],[4.491507,45.950131],[4.491636,45.950251],[4.491056,45.950564],[4.490305,45.950803],[4.489619,45.951742],[4.489619,45.951742],[4.489061,45.951563],[4.488417,45.951668],[4.488031,45.952115],[4.487924,45.952817],[4.488181,45.953219],[4.488288,45.953861],[4.488374,45.954652],[4.487924,45.95492],[4.487623,45.95498],[4.487087,45.955382],[4.48713,45.955994],[4.486271,45.95671],[4.485713,45.9568],[4.486078,45.956397],[4.485992,45.955323],[4.485842,45.954741],[4.4861,45.954383],[4.485606,45.953339],[4.48537,45.952324],[4.48537,45.952324],[4.485306,45.950698],[4.485113,45.950012],[4.484791,45.94937],[4.484297,45.948744],[4.483224,45.947968],[4.482538,45.946938],[4.48213,45.94655],[4.479941,45.942089],[4.479834,45.941671],[4.478783,45.940075],[4.479705,45.938896],[4.480606,45.937986],[4.480521,45.937628],[4.479362,45.937478],[4.479448,45.93721],[4.480413,45.937001],[4.480499,45.93624],[4.480864,45.935598],[4.481207,45.935165],[4.481293,45.934688],[4.482559,45.933031],[4.482409,45.932643],[4.482023,45.93224],[4.482666,45.931046],[4.48316,45.929852],[4.483847,45.928673],[4.483718,45.928285],[4.484147,45.927002],[4.48404,45.924927],[4.484447,45.924181],[4.48552,45.922882],[4.485992,45.921822],[4.486164,45.921016],[4.486958,45.92024],[4.487988,45.919703],[4.488031,45.918956],[4.48846,45.918732],[4.488653,45.91827],[4.489232,45.918076],[4.489125,45.917941],[4.489705,45.917687],[4.489533,45.91724],[4.489254,45.916971],[4.488825,45.916374],[4.488417,45.915956],[4.487795,45.915568],[4.487602,45.91515],[4.486979,45.914642],[4.487194,45.914538],[4.487559,45.914851],[4.488074,45.914941],[4.488632,45.914463],[4.487065,45.913716],[4.485499,45.913552],[4.484748,45.913209],[4.483932,45.913328],[4.482581,45.913791],[4.481272,45.913925],[4.480649,45.913716],[4.479062,45.912806],[4.479062,45.912627],[4.477796,45.912403],[4.475414,45.912358],[4.475564,45.911955],[4.475221,45.911253],[4.474255,45.911268],[4.473375,45.911402],[4.472581,45.911895],[4.471229,45.911402],[4.469921,45.911746],[4.467989,45.912343],[4.467346,45.91306],[4.4655,45.913328],[4.463011,45.913239],[4.462239,45.91288],[4.460586,45.912507],[4.458999,45.911791],[4.460136,45.911432],[4.460672,45.91091],[4.4602,45.909835],[4.459771,45.909312],[4.460265,45.908596],[4.460071,45.908327],[4.458913,45.908581],[4.458569,45.908864],[4.456982,45.909282],[4.455887,45.908879],[4.455029,45.908655],[4.453763,45.908461],[4.451939,45.907715],[4.451295,45.907103],[4.451102,45.90667],[4.451167,45.905669],[4.450995,45.905326],[4.450523,45.904131],[4.44975,45.902981],[4.449042,45.90231],[4.448377,45.901458],[4.446961,45.900727],[4.445588,45.900234],[4.444407,45.89989],[4.443249,45.899308],[4.442648,45.899368],[4.442669,45.899876],[4.442219,45.899681],[4.442197,45.899502],[4.440352,45.899502],[4.439794,45.899248],[4.439601,45.898965],[4.439107,45.899219],[4.4387,45.8988],[4.438743,45.898532],[4.439,45.898069],[4.438828,45.897695],[4.439236,45.897277],[4.439107,45.897098],[4.439472,45.896993],[4.437884,45.895112],[4.43767,45.893469],[4.436811,45.892752],[4.435266,45.893827],[4.434623,45.893827],[4.433829,45.894096],[4.434172,45.893006],[4.433957,45.892633],[4.432777,45.893066],[4.432627,45.893036],[4.431254,45.893424],[4.430653,45.893305],[4.430202,45.892528],[4.429795,45.892409],[4.42973,45.890661],[4.428829,45.889855],[4.428271,45.888794],[4.427906,45.887943],[4.427434,45.887555],[4.42722,45.887047],[4.426705,45.886614],[4.426555,45.886046],[4.424795,45.885299],[4.424538,45.884866],[4.423958,45.884747],[4.423357,45.884194],[4.423164,45.883537],[4.422156,45.882626],[4.421448,45.882342],[4.421104,45.881968],[4.420053,45.881221],[4.41971,45.881087],[4.419581,45.880893],[4.419109,45.880549],[4.41898,45.879952],[4.41898,45.879952],[4.418132,45.879436],[4.419162,45.878152],[4.419656,45.878002],[4.41972,45.877614],[4.420836,45.87733],[4.421265,45.877076],[4.422059,45.877076],[4.423561,45.876613],[4.424462,45.876344],[4.426394,45.876269],[4.427424,45.87621],[4.429033,45.876673],[4.430235,45.877031],[4.431393,45.877076],[4.433088,45.875911],[4.433646,45.875986],[4.43429,45.875522],[4.433925,45.875313],[4.433603,45.87479],[4.433668,45.874641],[4.433239,45.874447],[4.432616,45.874731],[4.430514,45.874521],[4.430299,45.87376],[4.429655,45.873311],[4.428883,45.872968],[4.428003,45.872759],[4.428046,45.872579],[4.426909,45.872176],[4.426587,45.871862],[4.426243,45.870966],[4.426158,45.869472],[4.427145,45.868142],[4.427381,45.86747],[4.427102,45.866917],[4.427338,45.866409],[4.426994,45.865677],[4.426158,45.864825],[4.426093,45.864287],[4.426308,45.863704],[4.42605,45.86342],[4.425128,45.862897],[4.424527,45.862449],[4.424741,45.861777],[4.424441,45.861284],[4.423883,45.86085],[4.423196,45.860492],[4.422681,45.860417],[4.421888,45.860716],[4.421351,45.860775],[4.420879,45.860297],[4.419613,45.859998],[4.418605,45.859998],[4.41751,45.860088],[4.416781,45.859595],[4.414764,45.858997],[4.414292,45.858564],[4.414206,45.858937],[4.413326,45.859356],[4.413176,45.859117],[4.412425,45.858937],[4.41073,45.857488],[4.41,45.856292],[4.408326,45.854932],[4.408198,45.853528],[4.408026,45.853049],[4.408476,45.851869],[4.408369,45.85136],[4.407854,45.850015],[4.40706,45.849343],[4.405623,45.848655],[4.404936,45.848012],[4.404464,45.84728],[4.402769,45.847011],[4.40043,45.846383],[4.399743,45.846563]]],"type":"MultiLineString"},"properties":{"geo_point":{"lon":4.549060498376334,"lat":46.12454528471711},"name":"GR76 De Cluny (Saône-et-Loire) à Affoux (Rhône) (2019)","code_gr":"GR76"}},{"type":"Feature","geometry":{"coordinates":[[[4.844396,47.138651],[4.844396,47.138096],[4.844568,47.137848],[4.845469,47.137556],[4.845469,47.137556],[4.845464,47.137228],[4.84497,47.137126],[4.843511,47.136075],[4.84349,47.135608],[4.843812,47.134542],[4.843898,47.133929],[4.84437,47.133024],[4.843683,47.131798],[4.844155,47.130776],[4.843683,47.129068],[4.843833,47.128586],[4.84334,47.127769],[4.844091,47.127608],[4.844541,47.126601],[4.845035,47.125915],[4.845185,47.125272],[4.845228,47.123958],[4.844691,47.124002],[4.844649,47.123725],[4.844992,47.122367],[4.846172,47.122104],[4.846408,47.121462],[4.847181,47.120527],[4.847481,47.119885],[4.84806,47.119374],[4.848704,47.11692],[4.849241,47.115665],[4.849262,47.114161],[4.849198,47.113255],[4.849241,47.112598],[4.848854,47.110291],[4.84982,47.10772],[4.849713,47.106377],[4.850571,47.105646],[4.852137,47.105267],[4.853532,47.104653],[4.853704,47.104186],[4.853682,47.103237],[4.853532,47.102725],[4.853232,47.101937],[4.851601,47.100286],[4.850464,47.098636],[4.849219,47.097642],[4.847996,47.096474],[4.846966,47.094896],[4.846902,47.092749],[4.846709,47.090762],[4.847095,47.088819],[4.846794,47.088264],[4.846408,47.087752],[4.846966,47.086014],[4.84703,47.085517],[4.851064,47.080607],[4.851815,47.080154],[4.852502,47.079891],[4.851644,47.079263],[4.850807,47.079395],[4.849391,47.080564],[4.849047,47.081206],[4.847803,47.082083],[4.847073,47.082405],[4.846837,47.083238],[4.846408,47.083953],[4.843683,47.083749],[4.841559,47.082726],[4.84055,47.082814],[4.83952,47.083106],[4.83922,47.083033],[4.838383,47.083267],[4.837868,47.083311],[4.837331,47.083515],[4.836752,47.084333],[4.835701,47.0841],[4.830637,47.083603],[4.830444,47.083457],[4.831023,47.081206],[4.831495,47.080286],[4.831388,47.079278],[4.824993,47.079658],[4.824264,47.078635],[4.82465,47.077919],[4.824736,47.076647],[4.825036,47.075917],[4.824993,47.0739],[4.825358,47.072687],[4.825294,47.072132],[4.825487,47.070641],[4.825873,47.069837],[4.825444,47.069194],[4.825144,47.068478],[4.824285,47.06747],[4.823642,47.067104],[4.822418,47.067177],[4.821818,47.067338],[4.821431,47.067192],[4.819779,47.064093],[4.819522,47.063421],[4.818878,47.063129],[4.81876,47.062917],[4.820369,47.0628],[4.820026,47.06185],[4.818932,47.062186],[4.818653,47.062654],[4.818052,47.062639],[4.817601,47.062727],[4.81743,47.06239],[4.816614,47.062931],[4.815327,47.061309],[4.814146,47.06128],[4.812108,47.060753],[4.812065,47.060329],[4.813395,47.05973],[4.813696,47.059452],[4.814683,47.055067],[4.81449,47.05438],[4.81376,47.053722],[4.812773,47.053298],[4.810756,47.052669],[4.809211,47.052552],[4.807173,47.052801],[4.802988,47.052421],[4.80022,47.051821],[4.797946,47.051178],[4.796401,47.05033],[4.794985,47.049292],[4.794749,47.048678],[4.793611,47.047596],[4.793418,47.046792],[4.792582,47.045827],[4.791594,47.045081],[4.791444,47.043648],[4.791444,47.042215],[4.791616,47.039949],[4.792045,47.039466],[4.793161,47.038589],[4.793097,47.038311],[4.792388,47.03755],[4.792088,47.036688],[4.79286,47.036249],[4.793547,47.035708],[4.793483,47.035518],[4.794341,47.034845],[4.79447,47.034435],[4.792474,47.0329],[4.79168,47.032593],[4.793268,47.027503],[4.793418,47.025894],[4.793226,47.025544],[4.792982,47.0253],[4.793031,47.025034],[4.792002,47.024534],[4.790758,47.024314],[4.790972,47.023831],[4.790822,47.023451],[4.792281,47.021959],[4.792195,47.02155],[4.791702,47.021155],[4.791079,47.021213],[4.790586,47.020847],[4.790135,47.02073],[4.790243,47.020569],[4.790414,47.020423],[4.790607,47.019955],[4.791015,47.019648],[4.791573,47.019589],[4.791938,47.01937],[4.792582,47.019341],[4.793826,47.019077],[4.794255,47.019224],[4.795071,47.019882],[4.795242,47.019589],[4.795221,47.019019],[4.795865,47.018799],[4.79756,47.017102],[4.79786,47.016532],[4.797066,47.015025],[4.797023,47.014586],[4.796895,47.014367],[4.796895,47.014015],[4.797259,47.013957],[4.797259,47.01365],[4.796809,47.013372],[4.795972,47.013021],[4.795671,47.012728],[4.795307,47.012596],[4.794985,47.012113],[4.793697,47.010841],[4.793011,47.010358],[4.79153,47.009773],[4.790264,47.009553],[4.788826,47.009641],[4.787475,47.009816],[4.786359,47.00986],[4.785286,47.010197],[4.784385,47.010519],[4.783205,47.010182],[4.781166,47.010811],[4.778784,47.010855],[4.77784,47.010577],[4.777647,47.010109],[4.777239,47.009831],[4.777261,47.009597],[4.779149,47.008807],[4.779643,47.0085],[4.780436,47.007534],[4.780415,47.006875],[4.779921,47.006334],[4.77784,47.005778],[4.776338,47.005734],[4.774836,47.005207],[4.774471,47.003846],[4.775415,47.003115],[4.776574,47.002076],[4.776767,47.001534],[4.77666,47.000217],[4.776917,46.999134],[4.776467,46.998549],[4.775566,46.998022],[4.774922,46.997817],[4.774493,46.997642],[4.773119,46.99751],[4.772433,46.997627],[4.772218,46.99792],[4.772562,46.999266],[4.772519,46.999983],[4.771982,47.000378],[4.771596,47.000393],[4.771532,47.000612],[4.771167,47.00073],[4.771167,47.000978],[4.770823,47.001242],[4.773227,47.002793],[4.772047,47.003261],[4.770952,47.003188],[4.769922,47.003276],[4.767455,47.003598],[4.767283,47.003773],[4.764794,47.004695],[4.763807,47.004651],[4.76312,47.004812],[4.762369,47.004871],[4.762155,47.004739],[4.760588,47.004929],[4.758893,47.005076],[4.756919,47.005076],[4.753958,47.004593],[4.752885,47.00452],[4.751876,47.004285],[4.750932,47.004154],[4.751833,47.003598],[4.752584,47.003027],[4.752434,47.002573],[4.752606,47.001973],[4.752477,47.00092],[4.75267,47.000173],[4.752735,46.999325],[4.752885,46.998812],[4.753185,46.998373],[4.753293,46.9971],[4.753164,46.996529],[4.752735,46.995461],[4.752756,46.994539],[4.753357,46.994129],[4.754194,46.992753],[4.754365,46.991407],[4.754086,46.990807],[4.753271,46.990221],[4.752263,46.989753],[4.750889,46.98946],[4.750718,46.988816],[4.750503,46.986957],[4.750503,46.986957],[4.749602,46.986811],[4.749001,46.986211],[4.747928,46.986313],[4.746726,46.986269],[4.74692,46.985391],[4.746748,46.984952],[4.746126,46.984849],[4.745954,46.984469],[4.744903,46.983722],[4.744216,46.983166],[4.744323,46.982932],[4.744302,46.982639],[4.74516,46.982346],[4.746984,46.982244],[4.747799,46.981644],[4.747885,46.980311],[4.747585,46.979975],[4.747542,46.979096],[4.748765,46.978408],[4.748057,46.976461],[4.748143,46.975378],[4.747499,46.974675],[4.74737,46.972493],[4.746705,46.971922],[4.745375,46.971424],[4.743615,46.971073],[4.7431,46.97078],[4.742478,46.970766],[4.741899,46.970561],[4.740075,46.968203],[4.739388,46.967661],[4.738551,46.967281],[4.738615,46.964864],[4.737886,46.964469],[4.737006,46.963503],[4.736706,46.963385],[4.736169,46.9628],[4.734968,46.961277],[4.735139,46.960896],[4.734732,46.960749],[4.734689,46.960398],[4.734174,46.960281],[4.734217,46.96012],[4.732951,46.958904],[4.732908,46.957879],[4.732479,46.957029],[4.731685,46.956107],[4.73132,46.955916],[4.731019,46.956004],[4.730676,46.956283],[4.730311,46.956312],[4.730311,46.95681],[4.729904,46.957396],[4.730032,46.957864],[4.729861,46.958289],[4.730032,46.958933],[4.730161,46.959929],[4.730311,46.960251],[4.729324,46.96053],[4.729002,46.960457],[4.728788,46.960764],[4.728359,46.96072],[4.727694,46.960837],[4.726985,46.961086],[4.726191,46.960515],[4.725719,46.959651],[4.725076,46.958846],[4.724689,46.958684],[4.724496,46.958304],[4.724239,46.958187],[4.723831,46.957762],[4.722994,46.957586],[4.722823,46.95782],[4.722479,46.957806],[4.7219,46.957484],[4.721514,46.957689],[4.721085,46.957498],[4.720763,46.957132],[4.720913,46.956488],[4.719926,46.955741],[4.718767,46.955331],[4.717329,46.954349],[4.715956,46.953544],[4.714733,46.952636],[4.713896,46.951713],[4.711879,46.951054],[4.711879,46.951054],[4.710828,46.950834],[4.712008,46.95016],[4.711965,46.949589],[4.714154,46.949794],[4.714626,46.949721],[4.713703,46.94871],[4.71381,46.948505],[4.714862,46.94849],[4.71557,46.948739],[4.716578,46.949032],[4.715398,46.947948],[4.715141,46.947392],[4.715548,46.946645],[4.716857,46.944887],[4.71748,46.943539],[4.718767,46.94222],[4.71881,46.941971],[4.71881,46.941971],[4.720012,46.940111],[4.720012,46.940111],[4.719904,46.939613],[4.719904,46.939613],[4.719239,46.938822],[4.719153,46.938485],[4.718703,46.937884],[4.718617,46.937283],[4.717866,46.935774],[4.71748,46.934719],[4.716578,46.933254],[4.715248,46.931891],[4.714669,46.931554],[4.714111,46.930836],[4.715913,46.931481],[4.717329,46.93132],[4.718274,46.931554],[4.718767,46.931979],[4.720741,46.932653],[4.721428,46.933342],[4.721342,46.932712],[4.720956,46.932302],[4.720591,46.931452],[4.71984,46.930616],[4.718874,46.929957],[4.718681,46.929488],[4.717802,46.928961],[4.719196,46.929415],[4.719604,46.929957],[4.71999,46.930177],[4.721063,46.930382],[4.722501,46.931115],[4.723102,46.931085],[4.723917,46.931115],[4.725333,46.930704],[4.724647,46.928946],[4.723831,46.927363],[4.723681,46.926279],[4.723102,46.925488],[4.723209,46.925165],[4.724732,46.924271],[4.725204,46.923421],[4.725162,46.922938],[4.724582,46.921809],[4.722801,46.920124],[4.722565,46.918673],[4.72278,46.918233],[4.722758,46.917442],[4.722801,46.916548],[4.722179,46.915932],[4.722115,46.915463],[4.722415,46.914891],[4.72308,46.914085],[4.722436,46.913675],[4.722308,46.913103],[4.722351,46.911799],[4.721364,46.910406],[4.720119,46.908779],[4.721707,46.906932],[4.721364,46.906595],[4.720849,46.906463],[4.720849,46.906463],[4.720849,46.906463],[4.720849,46.906463],[4.720741,46.90614],[4.72263,46.905994],[4.723423,46.906038],[4.724089,46.905378],[4.725204,46.90529],[4.726749,46.904718],[4.726749,46.904718],[4.727286,46.903985],[4.725827,46.903677],[4.725955,46.903516],[4.726599,46.903589],[4.72441,46.902417],[4.724003,46.901918],[4.723702,46.901757],[4.723552,46.901302],[4.722801,46.900393],[4.722329,46.899323],[4.721814,46.898605],[4.720891,46.897608],[4.720882,46.897402],[4.720655,46.89706],[4.720321,46.896935],[4.72026,46.896769],[4.720033,46.896261],[4.720108,46.89594],[4.720655,46.895816],[4.721459,46.895598],[4.72202,46.895722],[4.722339,46.895598],[4.722293,46.895276],[4.722324,46.895111],[4.722142,46.894385],[4.722384,46.893804],[4.722111,46.892944],[4.721899,46.892425],[4.722035,46.892083],[4.722369,46.892041],[4.723887,46.891523],[4.724175,46.891388],[4.724463,46.891088],[4.724448,46.890756],[4.72466,46.890486],[4.725024,46.890351],[4.726592,46.889914],[4.726201,46.889536],[4.725948,46.889175],[4.726293,46.889285],[4.726247,46.888813],[4.727443,46.888421],[4.727213,46.887949],[4.727466,46.887383],[4.728225,46.88699],[4.729099,46.886864],[4.729973,46.886597],[4.731031,46.886393],[4.732201,46.885892],[4.732732,46.885384],[4.733127,46.884772],[4.733476,46.884171],[4.734007,46.883891],[4.73425,46.883455],[4.734508,46.882895],[4.734644,46.882781],[4.733248,46.882138],[4.733096,46.881983],[4.732338,46.881796],[4.731822,46.881775],[4.730927,46.881475],[4.730138,46.881018],[4.729212,46.880448],[4.728803,46.879452],[4.728772,46.878954],[4.728454,46.878477],[4.72771,46.878218],[4.727376,46.877865],[4.726754,46.876808],[4.726618,46.876403],[4.726572,46.876082],[4.726314,46.875636],[4.726481,46.875273],[4.726011,46.874536],[4.725859,46.873986],[4.725525,46.873675],[4.725525,46.873561],[4.725996,46.873437],[4.726056,46.872804],[4.726372,46.872833],[4.726342,46.872662],[4.725391,46.872354],[4.72523,46.872203],[4.726452,46.872279],[4.726664,46.872295],[4.727586,46.872251],[4.72808,46.871987],[4.728487,46.872089],[4.728981,46.872383],[4.729453,46.872339],[4.729882,46.872104],[4.730204,46.872207],[4.730354,46.871928],[4.730226,46.871547],[4.730504,46.870989],[4.732908,46.87008],[4.732908,46.87008],[4.732994,46.869302],[4.732886,46.868657],[4.73353,46.868305],[4.734496,46.868143],[4.73426,46.867659],[4.734131,46.866676],[4.733745,46.866089],[4.733573,46.865517],[4.732328,46.863625],[4.73117,46.86248],[4.730311,46.861937],[4.729732,46.860808],[4.729517,46.860309],[4.729153,46.859766],[4.728981,46.859032],[4.727951,46.857932],[4.726943,46.85733],[4.728123,46.856582],[4.726492,46.855261],[4.725376,46.854704],[4.724604,46.854043],[4.724003,46.853633],[4.72396,46.853442],[4.722823,46.852869],[4.722157,46.853192],[4.721449,46.852371],[4.720977,46.851842],[4.720849,46.851417],[4.72205,46.850962],[4.721836,46.850111],[4.721492,46.849524],[4.721385,46.849054],[4.720591,46.847381],[4.721299,46.847131],[4.720999,46.846677],[4.721471,46.845767],[4.721449,46.845546],[4.722544,46.843815],[4.722544,46.843594],[4.723144,46.842905],[4.723767,46.842611],[4.723252,46.84242],[4.721857,46.83991],[4.721406,46.839661],[4.721299,46.839397],[4.719947,46.839573],[4.719046,46.839382],[4.718317,46.838076],[4.717394,46.836872],[4.717351,46.835698],[4.717179,46.835316],[4.717544,46.83467],[4.717351,46.833613],[4.716664,46.832835],[4.715978,46.831411],[4.71587,46.830868],[4.71527,46.830413],[4.715119,46.83009],[4.715312,46.829826],[4.714755,46.829018],[4.709841,46.829062],[4.709412,46.828945],[4.708489,46.829195],[4.707309,46.82915],[4.706965,46.8294],[4.706493,46.829488],[4.706601,46.82871],[4.706622,46.8278],[4.707159,46.827374],[4.708425,46.826713],[4.70894,46.826229],[4.709476,46.825377],[4.709733,46.825289],[4.710635,46.824496],[4.711836,46.823983],[4.712888,46.823821],[4.712845,46.823263],[4.712308,46.821971],[4.711836,46.820121],[4.710914,46.819005],[4.710763,46.818491],[4.710141,46.81714],[4.71042,46.816377],[4.710442,46.816142],[4.710785,46.815877],[4.711901,46.815584],[4.712459,46.815804],[4.712952,46.81554],[4.713574,46.815466],[4.714325,46.815319],[4.71469,46.81507],[4.715548,46.814761],[4.716299,46.81388],[4.717844,46.812588],[4.718274,46.811927],[4.718789,46.812015],[4.719261,46.811795],[4.719861,46.810973],[4.720655,46.811031],[4.720591,46.810826],[4.720076,46.810503],[4.720098,46.809754],[4.719325,46.808505],[4.719218,46.80805],[4.718274,46.806082],[4.717737,46.805259],[4.717716,46.804834],[4.717201,46.80451],[4.716664,46.8036],[4.716321,46.800574],[4.715527,46.798503],[4.715656,46.797357],[4.715441,46.796784],[4.715205,46.796681],[4.713725,46.79696],[4.713188,46.796255],[4.712673,46.796006],[4.71248,46.795727],[4.711815,46.795565],[4.711214,46.795242],[4.710592,46.79511],[4.709691,46.795433],[4.709154,46.795888],[4.708575,46.795154],[4.708382,46.794551],[4.707952,46.793655],[4.707759,46.793097],[4.707287,46.792451],[4.70703,46.79176],[4.706558,46.791187],[4.706493,46.790673],[4.706107,46.789777],[4.70615,46.788998],[4.707416,46.787367],[4.707416,46.787367],[4.708446,46.78678],[4.70894,46.785678],[4.708918,46.78462],[4.709004,46.784297],[4.709004,46.784297],[4.708382,46.783723],[4.707266,46.783136],[4.706794,46.78271],[4.706601,46.782166],[4.70615,46.782004],[4.706472,46.781373],[4.706279,46.781064],[4.70645,46.780476],[4.705571,46.779301],[4.705721,46.778625],[4.705656,46.777743],[4.705978,46.777537],[4.705935,46.777111],[4.707008,46.775818],[4.707137,46.774966],[4.707502,46.774143],[4.707116,46.773481],[4.70585,46.773305],[4.705807,46.773143],[4.705463,46.772967],[4.704455,46.773085],[4.702352,46.77232],[4.701193,46.772276],[4.697481,46.772482],[4.697031,46.771953],[4.694606,46.772188],[4.693919,46.772071],[4.693662,46.771056],[4.69467,46.770718],[4.694134,46.769234],[4.69422,46.76822],[4.693898,46.767941],[4.69437,46.767162],[4.694842,46.766868],[4.695786,46.766721],[4.696966,46.766824],[4.697567,46.766735],[4.697631,46.766515],[4.697309,46.766133],[4.694842,46.764545],[4.694262,46.76431],[4.69422,46.76359],[4.694499,46.763267],[4.694499,46.763281],[4.694413,46.761062],[4.694413,46.761062],[4.694563,46.760753],[4.694134,46.760268],[4.693275,46.759754],[4.692009,46.759224],[4.689907,46.75893],[4.689392,46.758725],[4.688748,46.758533],[4.68789,46.757695],[4.688147,46.757387],[4.687417,46.756078],[4.687332,46.755123],[4.686688,46.754888],[4.686044,46.754902],[4.686345,46.753741],[4.68643,46.752624],[4.685336,46.751374],[4.68613,46.751153],[4.685958,46.749963],[4.685443,46.749169],[4.684778,46.748757],[4.68437,46.748977],[4.683212,46.748419],[4.68289,46.74883],[4.68098,46.750095],[4.679993,46.750712],[4.679221,46.750727],[4.678813,46.750933],[4.677762,46.751021],[4.676238,46.750301],[4.675659,46.749727],[4.67523,46.749242],[4.67465,46.749007],[4.674371,46.748757],[4.673041,46.748551],[4.672204,46.747713],[4.671389,46.747066],[4.670788,46.746052],[4.670552,46.745875],[4.670208,46.743552],[4.67038,46.742773],[4.67008,46.741993],[4.670423,46.741243],[4.671238,46.740685],[4.671539,46.74014],[4.672311,46.739273],[4.672805,46.736508],[4.674414,46.736493],[4.674307,46.735449],[4.674757,46.73517],[4.674371,46.734964],[4.67229,46.731978],[4.671496,46.731317],[4.669693,46.730052],[4.668256,46.728007],[4.667419,46.727066],[4.667526,46.72686],[4.667827,46.726654],[4.667333,46.726639],[4.667054,46.726213],[4.667376,46.72561],[4.667633,46.72461],[4.667397,46.723815],[4.668342,46.723609],[4.669157,46.723124],[4.669951,46.722388],[4.669693,46.721476],[4.668535,46.719785],[4.666925,46.718755],[4.665209,46.717063],[4.665209,46.716357],[4.664994,46.71518],[4.665745,46.714194],[4.666153,46.713915],[4.667161,46.712296],[4.66744,46.711399],[4.66744,46.710781],[4.667054,46.710237],[4.666818,46.709413],[4.666325,46.708648],[4.665853,46.706058],[4.666196,46.705719],[4.663492,46.704866],[4.663514,46.704866],[4.664072,46.704601],[4.664072,46.704601],[4.664656,46.704577],[4.666115,46.704812],[4.667703,46.704341],[4.668046,46.704003],[4.668132,46.703562],[4.669891,46.701958],[4.670192,46.700589],[4.670835,46.699382],[4.670235,46.69844],[4.669312,46.698058],[4.668711,46.69766],[4.667145,46.694805],[4.666308,46.694025],[4.66575,46.69326],[4.665728,46.692495],[4.665428,46.691347],[4.663862,46.689816],[4.662939,46.688344],[4.663497,46.687608],[4.663647,46.687108],[4.664398,46.686298],[4.665128,46.685032],[4.665235,46.684075],[4.664784,46.681308],[4.665793,46.679276],[4.665814,46.678835],[4.666072,46.678334],[4.665986,46.67723],[4.665535,46.676391],[4.665128,46.675493],[4.664248,46.674285],[4.664012,46.673446],[4.663626,46.673196],[4.663411,46.672195],[4.663711,46.671635],[4.665299,46.670398],[4.666093,46.670163],[4.667037,46.669058],[4.667016,46.667866],[4.666351,46.666467],[4.665793,46.665524],[4.666072,46.664611],[4.665578,46.663639],[4.665256,46.662771],[4.665042,46.662285],[4.665342,46.66146],[4.665171,46.660871],[4.664977,46.660385],[4.66502,46.660046],[4.664634,46.659722],[4.66443,46.659376],[4.664259,46.659435],[4.663336,46.658669],[4.662521,46.658213],[4.662134,46.657285],[4.661748,46.656843],[4.661641,46.655959],[4.660825,46.655238],[4.659066,46.65428],[4.6581,46.65403],[4.657285,46.653809],[4.655032,46.653794],[4.654324,46.652586],[4.654281,46.651924],[4.654796,46.650524],[4.654281,46.649272],[4.654152,46.648639],[4.654817,46.648094],[4.656362,46.64721],[4.657113,46.646518],[4.657993,46.645634],[4.658465,46.644883],[4.659366,46.642216],[4.659259,46.641656],[4.658787,46.64092],[4.659023,46.640537],[4.659388,46.640331],[4.659452,46.639933],[4.659173,46.639181],[4.658916,46.638003],[4.659238,46.637428],[4.659195,46.63706],[4.659409,46.636692],[4.659366,46.636146],[4.659989,46.635867],[4.660504,46.635704],[4.660654,46.634614],[4.66134,46.63401],[4.662306,46.632227],[4.66295,46.631638],[4.663679,46.631211],[4.664988,46.62987],[4.66516,46.629428],[4.665932,46.628632],[4.666383,46.627586],[4.666555,46.626024],[4.666469,46.625375],[4.666619,46.624226],[4.666512,46.622546],[4.66604,46.621264],[4.666104,46.619937],[4.666297,46.619584],[4.666319,46.619245],[4.666555,46.618847],[4.666426,46.618228],[4.665868,46.617446],[4.665224,46.61584],[4.664495,46.615191],[4.665053,46.614558],[4.665053,46.614263],[4.664709,46.614307],[4.664795,46.613983],[4.662563,46.613541],[4.662521,46.611595],[4.66295,46.610077],[4.663508,46.609369],[4.663443,46.609192],[4.66413,46.607821],[4.664216,46.607305],[4.664967,46.60676],[4.664967,46.606421],[4.664688,46.605861],[4.665053,46.605551],[4.664302,46.604372],[4.664495,46.603178],[4.662842,46.602662],[4.662113,46.60191],[4.662907,46.600642],[4.663164,46.599905],[4.663143,46.599153],[4.662413,46.598283],[4.662091,46.597708],[4.661855,46.597531],[4.661276,46.596897],[4.660718,46.595968],[4.659195,46.595113],[4.658036,46.594671],[4.657564,46.594272],[4.6581,46.594007],[4.658787,46.593314],[4.658379,46.59184],[4.657864,46.591382],[4.657499,46.590542],[4.656706,46.589436],[4.65604,46.588935],[4.655268,46.586841],[4.655225,46.586516],[4.654796,46.58544],[4.654925,46.584702],[4.654903,46.583331],[4.65471,46.581723],[4.654646,46.580824],[4.654088,46.579437],[4.654002,46.579039],[4.653315,46.578198],[4.652843,46.578095],[4.6525,46.577682],[4.652264,46.57634],[4.650633,46.575293],[4.649689,46.574422],[4.649067,46.573921],[4.645226,46.56982],[4.644003,46.569009],[4.642265,46.56833],[4.641213,46.566973],[4.640784,46.566619],[4.636299,46.560127],[4.636299,46.560127],[4.636578,46.55967],[4.637276,46.559235],[4.638241,46.558895],[4.639679,46.557907],[4.641052,46.55652],[4.642361,46.554557],[4.642983,46.553879],[4.64279,46.553495],[4.643434,46.552846],[4.643412,46.552521],[4.644142,46.551857],[4.645,46.550824],[4.645816,46.550042],[4.646138,46.549585],[4.645193,46.548994],[4.645043,46.547061],[4.644764,46.546633],[4.643885,46.546176],[4.643155,46.545187],[4.642769,46.544833],[4.642039,46.544493],[4.639314,46.54374],[4.638992,46.543386],[4.638413,46.541704],[4.639722,46.540508],[4.640129,46.539682],[4.638735,46.537453],[4.637705,46.536523],[4.637555,46.536184],[4.638048,46.536006],[4.638241,46.535726],[4.639657,46.534811],[4.640215,46.533748],[4.642297,46.531593],[4.642533,46.529969],[4.642189,46.528995],[4.642211,46.528301],[4.641803,46.526913],[4.641095,46.526411],[4.640687,46.52523],[4.640108,46.524005],[4.639979,46.523399],[4.64028,46.522735],[4.640022,46.521391],[4.640301,46.520343],[4.639829,46.519132],[4.639378,46.518379],[4.638992,46.517198],[4.638928,46.514983],[4.63925,46.514333],[4.63925,46.513684],[4.638713,46.513713],[4.638198,46.513521],[4.638627,46.512104],[4.638928,46.51169],[4.639872,46.509372],[4.640602,46.508338],[4.64088,46.507142],[4.641138,46.50534],[4.64146,46.504114],[4.641632,46.502918],[4.641953,46.502474],[4.641567,46.50178],[4.641117,46.500746],[4.64073,46.500215],[4.642812,46.500185],[4.642683,46.498575],[4.642447,46.49729],[4.642597,46.496817],[4.64249,46.496315],[4.642619,46.494247],[4.643284,46.492696],[4.643584,46.491411],[4.644206,46.490583],[4.644357,46.488545],[4.644164,46.488308],[4.644571,46.486949],[4.644893,46.486388],[4.644872,46.485634],[4.645108,46.485132],[4.645215,46.483684],[4.645601,46.482842],[4.645923,46.482384],[4.646374,46.480581],[4.647146,46.479266],[4.647554,46.478793],[4.648004,46.47804],[4.647318,46.47832],[4.647232,46.478217],[4.647361,46.477656],[4.647275,46.477168],[4.647211,46.476178],[4.647361,46.475454],[4.647876,46.474198],[4.648348,46.473089],[4.648927,46.473089],[4.65088,46.473488],[4.651416,46.473814],[4.652403,46.47402],[4.653433,46.474065],[4.653283,46.473754],[4.653304,46.473444],[4.652983,46.47306],[4.653026,46.472617],[4.653541,46.472277],[4.65427,46.471449],[4.654914,46.471183],[4.655815,46.470592],[4.65633,46.470459],[4.656244,46.47003],[4.656781,46.468656],[4.656866,46.467474],[4.656523,46.466513],[4.656201,46.466203],[4.656073,46.465744],[4.656137,46.464931],[4.655944,46.464843],[4.656115,46.464458],[4.655708,46.464222],[4.655665,46.463439],[4.654699,46.462892],[4.653433,46.462877],[4.653176,46.462714],[4.653626,46.462049],[4.653326,46.460882],[4.652918,46.460335],[4.651781,46.458472],[4.651287,46.458073],[4.650408,46.45794],[4.649721,46.457777],[4.649442,46.457452],[4.649764,46.45692],[4.650064,46.45695],[4.650086,46.456802],[4.649592,46.456388],[4.649356,46.455885],[4.649743,46.455723],[4.651566,46.456077],[4.653798,46.45692],[4.654141,46.456861],[4.655279,46.457304],[4.657317,46.457807],[4.658755,46.457792],[4.659935,46.457319],[4.660278,46.456935],[4.660557,46.456344],[4.660879,46.454703],[4.661458,46.453919],[4.662467,46.45287],[4.662681,46.452234],[4.663025,46.451776],[4.663754,46.451258],[4.664398,46.450002],[4.664119,46.449617],[4.663583,46.447636],[4.663475,46.446986],[4.663068,46.446586],[4.663068,46.446586],[4.662757,46.445905],[4.661662,46.444604],[4.661255,46.444323],[4.660375,46.443347],[4.658723,46.442298],[4.657671,46.440242],[4.65765,46.439813],[4.657972,46.439148],[4.658014,46.437684],[4.657843,46.436649],[4.657027,46.435984],[4.656555,46.434845]]],"type":"MultiLineString"},"properties":{"geo_point":{"lon":4.720190913705753,"lat":46.81825291844723},"name":"GR76 De Arcenant (Côte d'Or) à Cluny (Saône-et-Loire) (2019)","code_gr":"GR76"}},{"type":"Feature","geometry":{"coordinates":[[[4.844396,47.138651],[4.844396,47.138096],[4.844568,47.137848],[4.845469,47.137556],[4.845469,47.137556],[4.845464,47.137228],[4.84497,47.137126],[4.843511,47.136075],[4.84349,47.135608],[4.843812,47.134542],[4.843898,47.133929],[4.84437,47.133024],[4.843683,47.131798],[4.844155,47.130776],[4.843683,47.129068],[4.843833,47.128586],[4.84334,47.127769],[4.844091,47.127608],[4.844541,47.126601],[4.845035,47.125915],[4.845185,47.125272],[4.845228,47.123958],[4.844691,47.124002],[4.844649,47.123725],[4.844992,47.122367],[4.846172,47.122104],[4.846408,47.121462],[4.847181,47.120527],[4.847481,47.119885],[4.84806,47.119374],[4.848704,47.11692],[4.849241,47.115665],[4.849262,47.114161],[4.849198,47.113255],[4.849241,47.112598],[4.848854,47.110291],[4.84982,47.10772],[4.849713,47.106377],[4.850571,47.105646],[4.852137,47.105267],[4.853532,47.104653],[4.853704,47.104186],[4.853682,47.103237],[4.853532,47.102725],[4.853232,47.101937],[4.851601,47.100286],[4.850464,47.098636],[4.849219,47.097642],[4.847996,47.096474],[4.846966,47.094896],[4.846902,47.092749],[4.846709,47.090762],[4.847095,47.088819],[4.846794,47.088264],[4.846408,47.087752],[4.846966,47.086014],[4.84703,47.085517],[4.851064,47.080607],[4.851815,47.080154],[4.852502,47.079891],[4.851644,47.079263],[4.850807,47.079395],[4.849391,47.080564],[4.849047,47.081206],[4.847803,47.082083],[4.847073,47.082405],[4.846837,47.083238],[4.846408,47.083953],[4.843683,47.083749],[4.841559,47.082726],[4.84055,47.082814],[4.83952,47.083106],[4.83922,47.083033],[4.838383,47.083267],[4.837868,47.083311],[4.837331,47.083515],[4.836752,47.084333],[4.835701,47.0841],[4.830637,47.083603],[4.830444,47.083457],[4.831023,47.081206],[4.831495,47.080286],[4.831388,47.079278],[4.824993,47.079658],[4.824264,47.078635],[4.82465,47.077919],[4.824736,47.076647],[4.825036,47.075917],[4.824993,47.0739],[4.825358,47.072687],[4.825294,47.072132],[4.825487,47.070641],[4.825873,47.069837],[4.825444,47.069194],[4.825144,47.068478],[4.824285,47.06747],[4.823642,47.067104],[4.822418,47.067177],[4.821818,47.067338],[4.821431,47.067192],[4.819779,47.064093],[4.819522,47.063421],[4.818878,47.063129],[4.81876,47.062917],[4.820369,47.0628],[4.820026,47.06185],[4.818932,47.062186],[4.818653,47.062654],[4.818052,47.062639],[4.817601,47.062727],[4.81743,47.06239],[4.816614,47.062931],[4.815327,47.061309],[4.814146,47.06128],[4.812108,47.060753],[4.812065,47.060329],[4.813395,47.05973],[4.813696,47.059452],[4.814683,47.055067],[4.81449,47.05438],[4.81376,47.053722],[4.812773,47.053298],[4.810756,47.052669],[4.809211,47.052552],[4.807173,47.052801],[4.802988,47.052421],[4.80022,47.051821],[4.797946,47.051178],[4.796401,47.05033],[4.794985,47.049292],[4.794749,47.048678],[4.793611,47.047596],[4.793418,47.046792],[4.792582,47.045827],[4.791594,47.045081],[4.791444,47.043648],[4.791444,47.042215],[4.791616,47.039949],[4.792045,47.039466],[4.793161,47.038589],[4.793097,47.038311],[4.792388,47.03755],[4.792088,47.036688],[4.79286,47.036249],[4.793547,47.035708],[4.793483,47.035518],[4.794341,47.034845],[4.79447,47.034435],[4.792474,47.0329],[4.79168,47.032593],[4.793268,47.027503],[4.793418,47.025894],[4.793226,47.025544],[4.792982,47.0253],[4.793031,47.025034],[4.792002,47.024534],[4.790758,47.024314],[4.790972,47.023831],[4.790822,47.023451],[4.792281,47.021959],[4.792195,47.02155],[4.791702,47.021155],[4.791079,47.021213],[4.790586,47.020847],[4.790135,47.02073],[4.790243,47.020569],[4.790414,47.020423],[4.790607,47.019955],[4.791015,47.019648],[4.791573,47.019589],[4.791938,47.01937],[4.792582,47.019341],[4.793826,47.019077],[4.794255,47.019224],[4.795071,47.019882],[4.795242,47.019589],[4.795221,47.019019],[4.795865,47.018799],[4.79756,47.017102],[4.79786,47.016532],[4.797066,47.015025],[4.797023,47.014586],[4.796895,47.014367],[4.796895,47.014015],[4.797259,47.013957],[4.797259,47.01365],[4.796809,47.013372],[4.795972,47.013021],[4.795671,47.012728],[4.795307,47.012596],[4.794985,47.012113],[4.793697,47.010841],[4.793011,47.010358],[4.79153,47.009773],[4.790264,47.009553],[4.788826,47.009641],[4.787475,47.009816],[4.786359,47.00986],[4.785286,47.010197],[4.784385,47.010519],[4.783205,47.010182],[4.781166,47.010811],[4.778784,47.010855],[4.77784,47.010577],[4.777647,47.010109],[4.777239,47.009831],[4.777261,47.009597],[4.779149,47.008807],[4.779643,47.0085],[4.780436,47.007534],[4.780415,47.006875],[4.779921,47.006334],[4.77784,47.005778],[4.776338,47.005734],[4.774836,47.005207],[4.774471,47.003846],[4.775415,47.003115],[4.776574,47.002076],[4.776767,47.001534],[4.77666,47.000217],[4.776917,46.999134],[4.776467,46.998549],[4.775566,46.998022],[4.774922,46.997817],[4.774493,46.997642],[4.773119,46.99751],[4.772433,46.997627],[4.772218,46.99792],[4.772562,46.999266],[4.772519,46.999983],[4.771982,47.000378],[4.771596,47.000393],[4.771532,47.000612],[4.771167,47.00073],[4.771167,47.000978],[4.770823,47.001242],[4.773227,47.002793],[4.772047,47.003261],[4.770952,47.003188],[4.769922,47.003276],[4.767455,47.003598],[4.767283,47.003773],[4.764794,47.004695],[4.763807,47.004651],[4.76312,47.004812],[4.762369,47.004871],[4.762155,47.004739],[4.760588,47.004929],[4.758893,47.005076],[4.756919,47.005076],[4.753958,47.004593],[4.752885,47.00452],[4.751876,47.004285],[4.750932,47.004154],[4.751833,47.003598],[4.752584,47.003027],[4.752434,47.002573],[4.752606,47.001973],[4.752477,47.00092],[4.75267,47.000173],[4.752735,46.999325],[4.752885,46.998812],[4.753185,46.998373],[4.753293,46.9971],[4.753164,46.996529],[4.752735,46.995461],[4.752756,46.994539],[4.753357,46.994129],[4.754194,46.992753],[4.754365,46.991407],[4.754086,46.990807],[4.753271,46.990221],[4.752263,46.989753],[4.750889,46.98946],[4.750718,46.988816],[4.750503,46.986957],[4.750503,46.986957],[4.749602,46.986811],[4.749001,46.986211],[4.747928,46.986313],[4.746726,46.986269],[4.74692,46.985391],[4.746748,46.984952],[4.746126,46.984849],[4.745954,46.984469],[4.744903,46.983722],[4.744216,46.983166],[4.744323,46.982932],[4.744302,46.982639],[4.74516,46.982346],[4.746984,46.982244],[4.747799,46.981644],[4.747885,46.980311],[4.747585,46.979975],[4.747542,46.979096],[4.748765,46.978408],[4.748057,46.976461],[4.748143,46.975378],[4.747499,46.974675],[4.74737,46.972493],[4.746705,46.971922],[4.745375,46.971424],[4.743615,46.971073],[4.7431,46.97078],[4.742478,46.970766],[4.741899,46.970561],[4.740075,46.968203],[4.739388,46.967661],[4.738551,46.967281],[4.738615,46.964864],[4.737886,46.964469],[4.737006,46.963503],[4.736706,46.963385],[4.736169,46.9628],[4.734968,46.961277],[4.735139,46.960896],[4.734732,46.960749],[4.734689,46.960398],[4.734174,46.960281],[4.734217,46.96012],[4.732951,46.958904],[4.732908,46.957879],[4.732479,46.957029],[4.731685,46.956107],[4.73132,46.955916],[4.731019,46.956004],[4.730676,46.956283],[4.730311,46.956312],[4.730311,46.95681],[4.729904,46.957396],[4.730032,46.957864],[4.729861,46.958289],[4.730032,46.958933],[4.730161,46.959929],[4.730311,46.960251],[4.729324,46.96053],[4.729002,46.960457],[4.728788,46.960764],[4.728359,46.96072],[4.727694,46.960837],[4.726985,46.961086],[4.726191,46.960515],[4.725719,46.959651],[4.725076,46.958846],[4.724689,46.958684],[4.724496,46.958304],[4.724239,46.958187],[4.723831,46.957762],[4.722994,46.957586],[4.722823,46.95782],[4.722479,46.957806],[4.7219,46.957484],[4.721514,46.957689],[4.721085,46.957498],[4.720763,46.957132],[4.720913,46.956488],[4.719926,46.955741],[4.718767,46.955331],[4.717329,46.954349],[4.715956,46.953544],[4.714733,46.952636],[4.713896,46.951713],[4.711879,46.951054],[4.711879,46.951054],[4.710828,46.950834],[4.712008,46.95016],[4.711965,46.949589],[4.714154,46.949794],[4.714626,46.949721],[4.713703,46.94871],[4.71381,46.948505],[4.714862,46.94849],[4.71557,46.948739],[4.716578,46.949032],[4.715398,46.947948],[4.715141,46.947392],[4.715548,46.946645],[4.716857,46.944887],[4.71748,46.943539],[4.718767,46.94222],[4.71881,46.941971],[4.71881,46.941971],[4.720012,46.940111],[4.720012,46.940111],[4.719904,46.939613],[4.719904,46.939613],[4.719239,46.938822],[4.719153,46.938485],[4.718703,46.937884],[4.718617,46.937283],[4.717866,46.935774],[4.71748,46.934719],[4.716578,46.933254],[4.715248,46.931891],[4.714669,46.931554],[4.714111,46.930836],[4.715913,46.931481],[4.717329,46.93132],[4.718274,46.931554],[4.718767,46.931979],[4.720741,46.932653],[4.721428,46.933342],[4.721342,46.932712],[4.720956,46.932302],[4.720591,46.931452],[4.71984,46.930616],[4.718874,46.929957],[4.718681,46.929488],[4.717802,46.928961],[4.719196,46.929415],[4.719604,46.929957],[4.71999,46.930177],[4.721063,46.930382],[4.722501,46.931115],[4.723102,46.931085],[4.723917,46.931115],[4.725333,46.930704],[4.724647,46.928946],[4.723831,46.927363],[4.723681,46.926279],[4.723102,46.925488],[4.723209,46.925165],[4.724732,46.924271],[4.725204,46.923421],[4.725162,46.922938],[4.724582,46.921809],[4.722801,46.920124],[4.722565,46.918673],[4.72278,46.918233],[4.722758,46.917442],[4.722801,46.916548],[4.722179,46.915932],[4.722115,46.915463],[4.722415,46.914891],[4.72308,46.914085],[4.722436,46.913675],[4.722308,46.913103],[4.722351,46.911799],[4.721364,46.910406],[4.720119,46.908779],[4.721707,46.906932],[4.721364,46.906595],[4.720849,46.906463],[4.720849,46.906463],[4.720849,46.906463],[4.720849,46.906463],[4.720741,46.90614],[4.72263,46.905994],[4.723423,46.906038],[4.724089,46.905378],[4.725204,46.90529],[4.726749,46.904718],[4.726749,46.904718],[4.727286,46.903985],[4.725827,46.903677],[4.725955,46.903516],[4.726599,46.903589],[4.72441,46.902417],[4.724003,46.901918],[4.723702,46.901757],[4.723552,46.901302],[4.722801,46.900393],[4.722329,46.899323],[4.721814,46.898605],[4.720891,46.897608],[4.720882,46.897402],[4.720655,46.89706],[4.720321,46.896935],[4.72026,46.896769],[4.720033,46.896261],[4.720108,46.89594],[4.720655,46.895816],[4.721459,46.895598],[4.72202,46.895722],[4.722339,46.895598],[4.722293,46.895276],[4.722324,46.895111],[4.722142,46.894385],[4.722384,46.893804],[4.722111,46.892944],[4.721899,46.892425],[4.722035,46.892083],[4.722369,46.892041],[4.723887,46.891523],[4.724175,46.891388],[4.724463,46.891088],[4.724448,46.890756],[4.72466,46.890486],[4.725024,46.890351],[4.726592,46.889914],[4.726201,46.889536],[4.725948,46.889175],[4.726293,46.889285],[4.726247,46.888813],[4.727443,46.888421],[4.727213,46.887949],[4.727466,46.887383],[4.728225,46.88699],[4.729099,46.886864],[4.729973,46.886597],[4.731031,46.886393],[4.732201,46.885892],[4.732732,46.885384],[4.733127,46.884772],[4.733476,46.884171],[4.734007,46.883891],[4.73425,46.883455],[4.734508,46.882895],[4.734644,46.882781],[4.733248,46.882138],[4.733096,46.881983],[4.732338,46.881796],[4.731822,46.881775],[4.730927,46.881475],[4.730138,46.881018],[4.729212,46.880448],[4.728803,46.879452],[4.728772,46.878954],[4.728454,46.878477],[4.72771,46.878218],[4.727376,46.877865],[4.726754,46.876808],[4.726618,46.876403],[4.726572,46.876082],[4.726314,46.875636],[4.726481,46.875273],[4.726011,46.874536],[4.725859,46.873986],[4.725525,46.873675],[4.725525,46.873561],[4.725996,46.873437],[4.726056,46.872804],[4.726372,46.872833],[4.726342,46.872662],[4.725391,46.872354],[4.72523,46.872203],[4.726452,46.872279],[4.726664,46.872295],[4.727586,46.872251],[4.72808,46.871987],[4.728487,46.872089],[4.728981,46.872383],[4.729453,46.872339],[4.729882,46.872104],[4.730204,46.872207],[4.730354,46.871928],[4.730226,46.871547],[4.730504,46.870989],[4.732908,46.87008],[4.732908,46.87008],[4.732994,46.869302],[4.732886,46.868657],[4.73353,46.868305],[4.734496,46.868143],[4.73426,46.867659],[4.734131,46.866676],[4.733745,46.866089],[4.733573,46.865517],[4.732328,46.863625],[4.73117,46.86248],[4.730311,46.861937],[4.729732,46.860808],[4.729517,46.860309],[4.729153,46.859766],[4.728981,46.859032],[4.727951,46.857932],[4.726943,46.85733],[4.728123,46.856582],[4.726492,46.855261],[4.725376,46.854704],[4.724604,46.854043],[4.724003,46.853633],[4.72396,46.853442],[4.722823,46.852869],[4.722157,46.853192],[4.721449,46.852371],[4.720977,46.851842],[4.720849,46.851417],[4.72205,46.850962],[4.721836,46.850111],[4.721492,46.849524],[4.721385,46.849054],[4.720591,46.847381],[4.721299,46.847131],[4.720999,46.846677],[4.721471,46.845767],[4.721449,46.845546],[4.722544,46.843815],[4.722544,46.843594],[4.723144,46.842905],[4.723767,46.842611],[4.723252,46.84242],[4.721857,46.83991],[4.721406,46.839661],[4.721299,46.839397],[4.719947,46.839573],[4.719046,46.839382],[4.718317,46.838076],[4.717394,46.836872],[4.717351,46.835698],[4.717179,46.835316],[4.717544,46.83467],[4.717351,46.833613],[4.716664,46.832835],[4.715978,46.831411],[4.71587,46.830868],[4.71527,46.830413],[4.715119,46.83009],[4.715312,46.829826],[4.714755,46.829018],[4.709841,46.829062],[4.709412,46.828945],[4.708489,46.829195],[4.707309,46.82915],[4.706965,46.8294],[4.706493,46.829488],[4.706601,46.82871],[4.706622,46.8278],[4.707159,46.827374],[4.708425,46.826713],[4.70894,46.826229],[4.709476,46.825377],[4.709733,46.825289],[4.710635,46.824496],[4.711836,46.823983],[4.712888,46.823821],[4.712845,46.823263],[4.712308,46.821971],[4.711836,46.820121],[4.710914,46.819005],[4.710763,46.818491],[4.710141,46.81714],[4.71042,46.816377],[4.710442,46.816142],[4.710785,46.815877],[4.711901,46.815584],[4.712459,46.815804],[4.712952,46.81554],[4.713574,46.815466],[4.714325,46.815319],[4.71469,46.81507],[4.715548,46.814761],[4.716299,46.81388],[4.717844,46.812588],[4.718274,46.811927],[4.718789,46.812015],[4.719261,46.811795],[4.719861,46.810973],[4.720655,46.811031],[4.720591,46.810826],[4.720076,46.810503],[4.720098,46.809754],[4.719325,46.808505],[4.719218,46.80805],[4.718274,46.806082],[4.717737,46.805259],[4.717716,46.804834],[4.717201,46.80451],[4.716664,46.8036],[4.716321,46.800574],[4.715527,46.798503],[4.715656,46.797357],[4.715441,46.796784],[4.715205,46.796681],[4.713725,46.79696],[4.713188,46.796255],[4.712673,46.796006],[4.71248,46.795727],[4.711815,46.795565],[4.711214,46.795242],[4.710592,46.79511],[4.709691,46.795433],[4.709154,46.795888],[4.708575,46.795154],[4.708382,46.794551],[4.707952,46.793655],[4.707759,46.793097],[4.707287,46.792451],[4.70703,46.79176],[4.706558,46.791187],[4.706493,46.790673],[4.706107,46.789777],[4.70615,46.788998],[4.707416,46.787367],[4.707416,46.787367],[4.708446,46.78678],[4.70894,46.785678],[4.708918,46.78462],[4.709004,46.784297],[4.709004,46.784297],[4.708382,46.783723],[4.707266,46.783136],[4.706794,46.78271],[4.706601,46.782166],[4.70615,46.782004],[4.706472,46.781373],[4.706279,46.781064],[4.70645,46.780476],[4.705571,46.779301],[4.705721,46.778625],[4.705656,46.777743],[4.705978,46.777537],[4.705935,46.777111],[4.707008,46.775818],[4.707137,46.774966],[4.707502,46.774143],[4.707116,46.773481],[4.70585,46.773305],[4.705807,46.773143],[4.705463,46.772967],[4.704455,46.773085],[4.702352,46.77232],[4.701193,46.772276],[4.697481,46.772482],[4.697031,46.771953],[4.694606,46.772188],[4.693919,46.772071],[4.693662,46.771056],[4.69467,46.770718],[4.694134,46.769234],[4.69422,46.76822],[4.693898,46.767941],[4.69437,46.767162],[4.694842,46.766868],[4.695786,46.766721],[4.696966,46.766824],[4.697567,46.766735],[4.697631,46.766515],[4.697309,46.766133],[4.694842,46.764545],[4.694262,46.76431],[4.69422,46.76359],[4.694499,46.763267],[4.694499,46.763281],[4.694413,46.761062],[4.694413,46.761062],[4.694563,46.760753],[4.694134,46.760268],[4.693275,46.759754],[4.692009,46.759224],[4.689907,46.75893],[4.689392,46.758725],[4.688748,46.758533],[4.68789,46.757695],[4.688147,46.757387],[4.687417,46.756078],[4.687332,46.755123],[4.686688,46.754888],[4.686044,46.754902],[4.686345,46.753741],[4.68643,46.752624],[4.685336,46.751374],[4.68613,46.751153],[4.685958,46.749963],[4.685443,46.749169],[4.684778,46.748757],[4.68437,46.748977],[4.683212,46.748419],[4.68289,46.74883],[4.68098,46.750095],[4.679993,46.750712],[4.679221,46.750727],[4.678813,46.750933],[4.677762,46.751021],[4.676238,46.750301],[4.675659,46.749727],[4.67523,46.749242],[4.67465,46.749007],[4.674371,46.748757],[4.673041,46.748551],[4.672204,46.747713],[4.671389,46.747066],[4.670788,46.746052],[4.670552,46.745875],[4.670208,46.743552],[4.67038,46.742773],[4.67008,46.741993],[4.670423,46.741243],[4.671238,46.740685],[4.671539,46.74014],[4.672311,46.739273],[4.672805,46.736508],[4.674414,46.736493],[4.674307,46.735449],[4.674757,46.73517],[4.674371,46.734964],[4.67229,46.731978],[4.671496,46.731317],[4.669693,46.730052],[4.668256,46.728007],[4.667419,46.727066],[4.667526,46.72686],[4.667827,46.726654],[4.667333,46.726639],[4.667054,46.726213],[4.667376,46.72561],[4.667633,46.72461],[4.667397,46.723815],[4.668342,46.723609],[4.669157,46.723124],[4.669951,46.722388],[4.669693,46.721476],[4.668535,46.719785],[4.666925,46.718755],[4.665209,46.717063],[4.665209,46.716357],[4.664994,46.71518],[4.665745,46.714194],[4.666153,46.713915],[4.667161,46.712296],[4.66744,46.711399],[4.66744,46.710781],[4.667054,46.710237],[4.666818,46.709413],[4.666325,46.708648],[4.665853,46.706058],[4.666196,46.705719],[4.663492,46.704866],[4.663514,46.704866],[4.664072,46.704601],[4.664072,46.704601],[4.664656,46.704577],[4.666115,46.704812],[4.667703,46.704341],[4.668046,46.704003],[4.668132,46.703562],[4.669891,46.701958],[4.670192,46.700589],[4.670835,46.699382],[4.670235,46.69844],[4.669312,46.698058],[4.668711,46.69766],[4.667145,46.694805],[4.666308,46.694025],[4.66575,46.69326],[4.665728,46.692495],[4.665428,46.691347],[4.663862,46.689816],[4.662939,46.688344],[4.663497,46.687608],[4.663647,46.687108],[4.664398,46.686298],[4.665128,46.685032],[4.665235,46.684075],[4.664784,46.681308],[4.665793,46.679276],[4.665814,46.678835],[4.666072,46.678334],[4.665986,46.67723],[4.665535,46.676391],[4.665128,46.675493],[4.664248,46.674285],[4.664012,46.673446],[4.663626,46.673196],[4.663411,46.672195],[4.663711,46.671635],[4.665299,46.670398],[4.666093,46.670163],[4.667037,46.669058],[4.667016,46.667866],[4.666351,46.666467],[4.665793,46.665524],[4.666072,46.664611],[4.665578,46.663639],[4.665256,46.662771],[4.665042,46.662285],[4.665342,46.66146],[4.665171,46.660871],[4.664977,46.660385],[4.66502,46.660046],[4.664634,46.659722],[4.66443,46.659376],[4.664259,46.659435],[4.663336,46.658669],[4.662521,46.658213],[4.662134,46.657285],[4.661748,46.656843],[4.661641,46.655959],[4.660825,46.655238],[4.659066,46.65428],[4.6581,46.65403],[4.657285,46.653809],[4.655032,46.653794],[4.654324,46.652586],[4.654281,46.651924],[4.654796,46.650524],[4.654281,46.649272],[4.654152,46.648639],[4.654817,46.648094],[4.656362,46.64721],[4.657113,46.646518],[4.657993,46.645634],[4.658465,46.644883],[4.659366,46.642216],[4.659259,46.641656],[4.658787,46.64092],[4.659023,46.640537],[4.659388,46.640331],[4.659452,46.639933],[4.659173,46.639181],[4.658916,46.638003],[4.659238,46.637428],[4.659195,46.63706],[4.659409,46.636692],[4.659366,46.636146],[4.659989,46.635867],[4.660504,46.635704],[4.660654,46.634614],[4.66134,46.63401],[4.662306,46.632227],[4.66295,46.631638],[4.663679,46.631211],[4.664988,46.62987],[4.66516,46.629428],[4.665932,46.628632],[4.666383,46.627586],[4.666555,46.626024],[4.666469,46.625375],[4.666619,46.624226],[4.666512,46.622546],[4.66604,46.621264],[4.666104,46.619937],[4.666297,46.619584],[4.666319,46.619245],[4.666555,46.618847],[4.666426,46.618228],[4.665868,46.617446],[4.665224,46.61584],[4.664495,46.615191],[4.665053,46.614558],[4.665053,46.614263],[4.664709,46.614307],[4.664795,46.613983],[4.662563,46.613541],[4.662521,46.611595],[4.66295,46.610077],[4.663508,46.609369],[4.663443,46.609192],[4.66413,46.607821],[4.664216,46.607305],[4.664967,46.60676],[4.664967,46.606421],[4.664688,46.605861],[4.665053,46.605551],[4.664302,46.604372],[4.664495,46.603178],[4.662842,46.602662],[4.662113,46.60191],[4.662907,46.600642],[4.663164,46.599905],[4.663143,46.599153],[4.662413,46.598283],[4.662091,46.597708],[4.661855,46.597531],[4.661276,46.596897],[4.660718,46.595968],[4.659195,46.595113],[4.658036,46.594671],[4.657564,46.594272],[4.6581,46.594007],[4.658787,46.593314],[4.658379,46.59184],[4.657864,46.591382],[4.657499,46.590542],[4.656706,46.589436],[4.65604,46.588935],[4.655268,46.586841],[4.655225,46.586516],[4.654796,46.58544],[4.654925,46.584702],[4.654903,46.583331],[4.65471,46.581723],[4.654646,46.580824],[4.654088,46.579437],[4.654002,46.579039],[4.653315,46.578198],[4.652843,46.578095],[4.6525,46.577682],[4.652264,46.57634],[4.650633,46.575293],[4.649689,46.574422],[4.649067,46.573921],[4.645226,46.56982],[4.644003,46.569009],[4.642265,46.56833],[4.641213,46.566973],[4.640784,46.566619],[4.636299,46.560127],[4.636299,46.560127],[4.636578,46.55967],[4.637276,46.559235],[4.638241,46.558895],[4.639679,46.557907],[4.641052,46.55652],[4.642361,46.554557],[4.642983,46.553879],[4.64279,46.553495],[4.643434,46.552846],[4.643412,46.552521],[4.644142,46.551857],[4.645,46.550824],[4.645816,46.550042],[4.646138,46.549585],[4.645193,46.548994],[4.645043,46.547061],[4.644764,46.546633],[4.643885,46.546176],[4.643155,46.545187],[4.642769,46.544833],[4.642039,46.544493],[4.639314,46.54374],[4.638992,46.543386],[4.638413,46.541704],[4.639722,46.540508],[4.640129,46.539682],[4.638735,46.537453],[4.637705,46.536523],[4.637555,46.536184],[4.638048,46.536006],[4.638241,46.535726],[4.639657,46.534811],[4.640215,46.533748],[4.642297,46.531593],[4.642533,46.529969],[4.642189,46.528995],[4.642211,46.528301],[4.641803,46.526913],[4.641095,46.526411],[4.640687,46.52523],[4.640108,46.524005],[4.639979,46.523399],[4.64028,46.522735],[4.640022,46.521391],[4.640301,46.520343],[4.639829,46.519132],[4.639378,46.518379],[4.638992,46.517198],[4.638928,46.514983],[4.63925,46.514333],[4.63925,46.513684],[4.638713,46.513713],[4.638198,46.513521],[4.638627,46.512104],[4.638928,46.51169],[4.639872,46.509372],[4.640602,46.508338],[4.64088,46.507142],[4.641138,46.50534],[4.64146,46.504114],[4.641632,46.502918],[4.641953,46.502474],[4.641567,46.50178],[4.641117,46.500746],[4.64073,46.500215],[4.642812,46.500185],[4.642683,46.498575],[4.642447,46.49729],[4.642597,46.496817],[4.64249,46.496315],[4.642619,46.494247],[4.643284,46.492696],[4.643584,46.491411],[4.644206,46.490583],[4.644357,46.488545],[4.644164,46.488308],[4.644571,46.486949],[4.644893,46.486388],[4.644872,46.485634],[4.645108,46.485132],[4.645215,46.483684],[4.645601,46.482842],[4.645923,46.482384],[4.646374,46.480581],[4.647146,46.479266],[4.647554,46.478793],[4.648004,46.47804],[4.647318,46.47832],[4.647232,46.478217],[4.647361,46.477656],[4.647275,46.477168],[4.647211,46.476178],[4.647361,46.475454],[4.647876,46.474198],[4.648348,46.473089],[4.648927,46.473089],[4.65088,46.473488],[4.651416,46.473814],[4.652403,46.47402],[4.653433,46.474065],[4.653283,46.473754],[4.653304,46.473444],[4.652983,46.47306],[4.653026,46.472617],[4.653541,46.472277],[4.65427,46.471449],[4.654914,46.471183],[4.655815,46.470592],[4.65633,46.470459],[4.656244,46.47003],[4.656781,46.468656],[4.656866,46.467474],[4.656523,46.466513],[4.656201,46.466203],[4.656073,46.465744],[4.656137,46.464931],[4.655944,46.464843],[4.656115,46.464458],[4.655708,46.464222],[4.655665,46.463439],[4.654699,46.462892],[4.653433,46.462877],[4.653176,46.462714],[4.653626,46.462049],[4.653326,46.460882],[4.652918,46.460335],[4.651781,46.458472],[4.651287,46.458073],[4.650408,46.45794],[4.649721,46.457777],[4.649442,46.457452],[4.649764,46.45692],[4.650064,46.45695],[4.650086,46.456802],[4.649592,46.456388],[4.649356,46.455885],[4.649743,46.455723],[4.651566,46.456077],[4.653798,46.45692],[4.654141,46.456861],[4.655279,46.457304],[4.657317,46.457807],[4.658755,46.457792],[4.659935,46.457319],[4.660278,46.456935],[4.660557,46.456344],[4.660879,46.454703],[4.661458,46.453919],[4.662467,46.45287],[4.662681,46.452234],[4.663025,46.451776],[4.663754,46.451258],[4.664398,46.450002],[4.664119,46.449617],[4.663583,46.447636],[4.663475,46.446986],[4.663068,46.446586],[4.663068,46.446586],[4.662757,46.445905],[4.661662,46.444604],[4.661255,46.444323],[4.660375,46.443347],[4.658723,46.442298],[4.657671,46.440242],[4.65765,46.439813],[4.657972,46.439148],[4.658014,46.437684],[4.657843,46.436649],[4.657027,46.435984],[4.656555,46.434845],[4.656447,46.434784],[4.656447,46.434784],[4.657348,46.434267],[4.658099,46.433675],[4.657605,46.432758],[4.65546,46.431501],[4.654902,46.431161],[4.653893,46.430732],[4.653378,46.42983],[4.651984,46.428129],[4.651941,46.427671],[4.651254,46.425689],[4.650889,46.425156],[4.650975,46.424417],[4.650675,46.423248],[4.651726,46.422272],[4.651769,46.421089],[4.653335,46.419832],[4.6534,46.41961],[4.652928,46.419358],[4.653464,46.418752],[4.653292,46.417997],[4.652606,46.416414],[4.65179,46.414994],[4.651061,46.414151],[4.651125,46.412997],[4.650846,46.412494],[4.650718,46.412006],[4.650503,46.41171],[4.64973,46.409432],[4.650203,46.408751],[4.649859,46.408278],[4.649452,46.407893],[4.649215,46.407345],[4.648336,46.406709],[4.647241,46.405185],[4.64722,46.404771],[4.647005,46.404342],[4.646962,46.403913],[4.646512,46.403365],[4.645997,46.403232],[4.645997,46.403232],[4.645139,46.402122],[4.644216,46.401471],[4.6428,46.400879],[4.642328,46.40048],[4.641941,46.400036],[4.641834,46.399696],[4.641341,46.399104],[4.640461,46.398675],[4.639796,46.398512],[4.635998,46.396884],[4.635998,46.396884],[4.635075,46.396795],[4.634002,46.396336],[4.632006,46.395848],[4.63147,46.395656],[4.630955,46.395582],[4.630183,46.395789],[4.629839,46.396144],[4.628552,46.396662],[4.627286,46.396603],[4.626706,46.397402],[4.625848,46.396943],[4.624968,46.396618],[4.623059,46.395596],[4.621921,46.395508],[4.621342,46.395582],[4.620569,46.3953],[4.618917,46.393584],[4.618037,46.391808],[4.618145,46.391319],[4.617565,46.390757],[4.617115,46.390505],[4.616364,46.389751],[4.618252,46.388433],[4.619046,46.388241],[4.619368,46.387886],[4.620055,46.387664],[4.62087,46.387323],[4.620291,46.386864],[4.620891,46.38642],[4.621256,46.38685],[4.623681,46.388197],[4.625569,46.389055],[4.626191,46.389085],[4.626771,46.388803],[4.627758,46.388803],[4.628831,46.388596],[4.628273,46.387782],[4.626942,46.38716],[4.626663,46.386539],[4.62602,46.386036],[4.625612,46.38534],[4.625548,46.384067],[4.625633,46.38349],[4.625483,46.383075],[4.625505,46.382602],[4.625033,46.382009],[4.624732,46.381462],[4.62441,46.381092],[4.624024,46.380366],[4.62381,46.37973],[4.622994,46.379034],[4.621321,46.379434],[4.620913,46.379271],[4.620655,46.379049],[4.619947,46.378782],[4.618917,46.378057],[4.618123,46.377776],[4.617394,46.377628],[4.616621,46.377198],[4.616063,46.376458],[4.616085,46.374741],[4.61587,46.373808],[4.615806,46.372653],[4.61542,46.372195],[4.615441,46.371647],[4.614926,46.370921],[4.614368,46.370625],[4.614068,46.370063],[4.612909,46.369056],[4.612094,46.368463],[4.611171,46.367901],[4.609819,46.366968],[4.609197,46.366242],[4.60866,46.365813],[4.606515,46.364732],[4.606322,46.364036],[4.605699,46.363074],[4.605528,46.362156],[4.605635,46.360601],[4.6063,46.360527],[4.605892,46.358276],[4.604605,46.356943],[4.603854,46.356602],[4.603253,46.355581],[4.602738,46.354914],[4.602652,46.353552],[4.602159,46.35287],[4.601644,46.35247],[4.601794,46.351582],[4.601279,46.350367],[4.600163,46.349064],[4.59967,46.348783],[4.598962,46.347923],[4.598404,46.347449],[4.597696,46.346753],[4.597245,46.345791],[4.597159,46.345198],[4.595936,46.34385],[4.594949,46.343465],[4.594541,46.342354],[4.594584,46.341998],[4.595056,46.341273],[4.595056,46.339125],[4.594498,46.337732],[4.594627,46.337021],[4.594756,46.335702],[4.594005,46.334473],[4.593318,46.333169],[4.592353,46.332665],[4.592481,46.33108],[4.591945,46.330146],[4.59216,46.329583],[4.591988,46.329109],[4.591473,46.328828],[4.591473,46.327894],[4.591966,46.326101],[4.591559,46.325257],[4.591859,46.323849],[4.592267,46.323167],[4.592739,46.323004],[4.593168,46.322575],[4.593275,46.321878],[4.592889,46.321271],[4.591859,46.32047],[4.590722,46.319848],[4.590636,46.319211],[4.590357,46.319077],[4.59055,46.318544],[4.590915,46.318262],[4.591237,46.317773],[4.591451,46.317106],[4.592052,46.31558],[4.592117,46.31512],[4.592975,46.314231],[4.592481,46.314261],[4.591087,46.313787],[4.589434,46.312586],[4.589434,46.312586],[4.58907,46.312645],[4.587417,46.313535],[4.586602,46.313579],[4.586194,46.313312],[4.586216,46.312749],[4.587997,46.310748],[4.587975,46.309874],[4.588233,46.309518],[4.589864,46.309192],[4.590529,46.309399],[4.590722,46.309785],[4.591065,46.309785],[4.591537,46.309548],[4.591473,46.308836],[4.591687,46.308347],[4.59261,46.308214],[4.593704,46.308362],[4.594563,46.308673],[4.595689,46.308629],[4.596644,46.308258],[4.597395,46.307991],[4.597653,46.307724],[4.59776,46.306909],[4.596172,46.306568],[4.596236,46.305679],[4.596065,46.305442],[4.596129,46.304493],[4.596108,46.303826],[4.596108,46.303826],[4.596387,46.302922],[4.596473,46.302195],[4.595722,46.300891],[4.594541,46.299883],[4.593726,46.299482],[4.592181,46.299349],[4.591172,46.299557],[4.590078,46.298623],[4.589606,46.298074],[4.589005,46.298178],[4.588533,46.298178],[4.58834,46.29843],[4.587589,46.298207],[4.586645,46.298371],[4.585915,46.298015],[4.5854,46.298252],[4.584049,46.298222],[4.583083,46.297703],[4.582504,46.297703],[4.581967,46.297377],[4.581517,46.296769],[4.582053,46.295954],[4.581216,46.295376],[4.580894,46.294931],[4.580293,46.29499],[4.579542,46.294605],[4.578019,46.294501],[4.577719,46.294353],[4.577182,46.294397],[4.575337,46.294249],[4.57495,46.294679],[4.573792,46.294323],[4.574242,46.293567],[4.574779,46.293018],[4.575401,46.29287],[4.576281,46.292826],[4.576538,46.292366],[4.576517,46.291209],[4.576903,46.290735],[4.577547,46.290246],[4.578663,46.289801],[4.579242,46.289326],[4.579435,46.288896],[4.580143,46.287725],[4.579221,46.287636],[4.578684,46.287503],[4.577847,46.287428],[4.577246,46.28639],[4.576774,46.285857],[4.576388,46.285797],[4.576088,46.285382],[4.57568,46.285204],[4.57538,46.284833],[4.575659,46.284492],[4.575144,46.28381],[4.574886,46.283232],[4.574006,46.282446],[4.572869,46.281808],[4.571839,46.281482],[4.572504,46.280711],[4.572461,46.278887],[4.571903,46.278427],[4.571903,46.278086],[4.57244,46.277433],[4.572612,46.276113],[4.572612,46.276113],[4.571539,46.275668],[4.568856,46.275001],[4.567655,46.274986],[4.567269,46.274764],[4.566539,46.272658],[4.566797,46.272124],[4.566861,46.27156],[4.567226,46.270032],[4.567161,46.269261],[4.567741,46.268623],[4.56802,46.267807],[4.567784,46.266917],[4.567805,46.266428],[4.566925,46.265122],[4.567247,46.26395],[4.568063,46.263105],[4.567827,46.262437],[4.567462,46.2622],[4.566539,46.261992],[4.566561,46.261651],[4.56714,46.260761],[4.56714,46.260346],[4.567333,46.259826],[4.567118,46.258387],[4.566732,46.257556],[4.56596,46.257097],[4.565016,46.255746],[4.564908,46.255153],[4.564415,46.254545],[4.5639,46.252378],[4.562763,46.249871],[4.563803,46.247497],[4.563803,46.247497],[4.564597,46.246725],[4.564597,46.246725],[4.564833,46.246072],[4.565563,46.245597],[4.566185,46.245835],[4.568159,46.245449],[4.569253,46.245716],[4.569704,46.245938],[4.570541,46.246027],[4.571485,46.246324],[4.57185,46.246295],[4.572172,46.245805],[4.572215,46.2453],[4.572515,46.244944],[4.575433,46.244054],[4.576528,46.244054],[4.576678,46.243861],[4.575884,46.243015],[4.575326,46.242985],[4.573481,46.242392],[4.572858,46.242288],[4.573674,46.241902],[4.576227,46.241115],[4.576849,46.240819],[4.57597,46.2407],[4.574768,46.24119],[4.574232,46.240923],[4.574146,46.240492],[4.574403,46.240225],[4.574296,46.239899],[4.573545,46.240077],[4.573127,46.239995],[4.572794,46.239795],[4.572773,46.239602],[4.573009,46.239379],[4.574167,46.237657],[4.574167,46.237657],[4.573695,46.237212],[4.57333,46.236574],[4.572408,46.235698],[4.572279,46.234348],[4.570798,46.234051],[4.569532,46.233591],[4.56773,46.232849],[4.567537,46.232329],[4.568309,46.232478],[4.568824,46.232448],[4.569468,46.232819],[4.570305,46.233056],[4.571313,46.233071],[4.572129,46.233279],[4.573245,46.233502],[4.573652,46.233888],[4.574017,46.234555],[4.574446,46.234837],[4.575326,46.235045],[4.576227,46.234867],[4.575111,46.234555],[4.574446,46.233739],[4.574511,46.233116],[4.57479,46.232433],[4.574339,46.23132],[4.572944,46.230414],[4.573438,46.230014],[4.574339,46.22936],[4.57553,46.228796],[4.576002,46.226718],[4.576495,46.225931],[4.576903,46.224848],[4.576989,46.22418],[4.577418,46.223423],[4.577032,46.222487],[4.576774,46.222309],[4.575487,46.219667],[4.574886,46.219384],[4.574457,46.218598],[4.5745,46.218271],[4.574414,46.217633],[4.575465,46.216504],[4.575208,46.214915],[4.575165,46.214396],[4.574908,46.213995],[4.575852,46.213653],[4.577504,46.213208],[4.578641,46.213059],[4.579178,46.212881],[4.580529,46.212896],[4.581838,46.212792],[4.58231,46.212629],[4.582546,46.212406],[4.583555,46.212228],[4.584564,46.211916],[4.584907,46.211649],[4.585379,46.211619],[4.586302,46.211367],[4.586409,46.211218],[4.58716,46.211248],[4.587739,46.211055],[4.588254,46.21104],[4.588812,46.211396],[4.590164,46.211575],[4.590894,46.21199],[4.590979,46.2115],[4.589692,46.210312],[4.59025,46.209689],[4.590808,46.209763],[4.590894,46.209644],[4.591387,46.2096],[4.593104,46.209021],[4.593211,46.208813],[4.593211,46.208813],[4.594563,46.208427],[4.595056,46.208367],[4.595335,46.208471],[4.5957,46.208248],[4.595829,46.207773],[4.595528,46.206927],[4.595593,46.206377],[4.596022,46.206184],[4.596687,46.20507],[4.596923,46.204224],[4.598404,46.204016],[4.599005,46.203125],[4.599391,46.202798],[4.599412,46.202427],[4.600764,46.201239],[4.601815,46.200749],[4.603017,46.199991],[4.603339,46.199486],[4.60336,46.198981],[4.603682,46.198625],[4.603811,46.197764],[4.603704,46.197199],[4.603446,46.19558],[4.60379,46.195298],[4.606515,46.19506],[4.605678,46.194956],[4.605442,46.193917],[4.605463,46.193531],[4.60439,46.192832],[4.603704,46.192847],[4.60276,46.19252],[4.602159,46.191302],[4.601665,46.189728],[4.602459,46.187247],[4.602373,46.186712],[4.602502,46.186059],[4.602459,46.18545],[4.602245,46.185004],[4.602567,46.184306],[4.602266,46.183622],[4.601558,46.182998],[4.601279,46.182582],[4.600678,46.182345],[4.600378,46.18207],[4.599369,46.182114],[4.598726,46.182055],[4.59761,46.182233],[4.596966,46.182085],[4.596172,46.181743],[4.594627,46.181788],[4.594348,46.181669],[4.594048,46.181713],[4.593211,46.181386],[4.592846,46.181386],[4.592074,46.181164],[4.591752,46.181119],[4.591323,46.18103],[4.5907,46.180896],[4.590529,46.180733],[4.58967,46.180673],[4.588297,46.181089],[4.587439,46.181401],[4.587074,46.181386],[4.586731,46.181728],[4.585593,46.182233],[4.58525,46.182634],[4.584714,46.182753],[4.584199,46.183362],[4.583963,46.184046],[4.583576,46.184135],[4.583233,46.18467],[4.583298,46.186036],[4.582654,46.185398],[4.58201,46.185457],[4.581366,46.185427],[4.580894,46.185516],[4.580551,46.185308],[4.580165,46.185115],[4.579521,46.184566],[4.579414,46.184209],[4.578448,46.183377],[4.57774,46.183125],[4.57774,46.182263],[4.577869,46.181669],[4.577719,46.181238],[4.576903,46.180792],[4.57656,46.180406],[4.576388,46.180034],[4.576023,46.179514],[4.575916,46.178489],[4.575444,46.178192],[4.5748,46.178088],[4.574435,46.177717],[4.574478,46.177226],[4.573878,46.177078],[4.57465,46.176662],[4.574478,46.176201],[4.574586,46.175562],[4.574457,46.174998],[4.574478,46.174507],[4.574199,46.173809],[4.574199,46.173378],[4.573813,46.172769],[4.573835,46.172382],[4.573491,46.171372],[4.573513,46.170778],[4.573019,46.16996],[4.573148,46.169708],[4.573169,46.168162],[4.573556,46.165681],[4.574028,46.165517],[4.574521,46.16577],[4.574564,46.165101],[4.574435,46.164833],[4.574929,46.165056],[4.575294,46.165339],[4.575465,46.165012],[4.57538,46.164224],[4.576731,46.164001],[4.577504,46.163734],[4.578362,46.163719],[4.578663,46.163645],[4.578684,46.163793],[4.578942,46.163838],[4.579285,46.163362],[4.580572,46.162307],[4.580572,46.161653],[4.580873,46.161148],[4.581924,46.160821],[4.582568,46.160494],[4.582632,46.159884],[4.582396,46.159453],[4.582546,46.158993],[4.583619,46.158458],[4.584585,46.156867],[4.584306,46.156659],[4.584714,46.156213],[4.584692,46.155723],[4.585357,46.155188],[4.585014,46.154905],[4.584156,46.154682],[4.582268,46.153984],[4.580487,46.152839],[4.579886,46.152408],[4.579349,46.152274],[4.579135,46.152334],[4.578856,46.151992],[4.577676,46.151427],[4.57744,46.15113],[4.576453,46.150803],[4.575766,46.150253],[4.575165,46.150134],[4.57465,46.149747],[4.574049,46.149078],[4.576324,46.149048],[4.577783,46.148573],[4.579178,46.148246],[4.580229,46.1478],[4.579188,46.147569],[4.578523,46.147777],[4.578008,46.147688],[4.578137,46.147391],[4.577751,46.146841],[4.576571,46.146826],[4.576141,46.147019],[4.575562,46.146692],[4.575004,46.14693],[4.574511,46.146975],[4.573996,46.146677],[4.573266,46.146663],[4.57288,46.146484],[4.572215,46.146365],[4.571914,46.146112],[4.571313,46.145904],[4.571077,46.145666],[4.570627,46.145666],[4.570369,46.145771],[4.570047,46.145726],[4.569189,46.14583],[4.568824,46.145964],[4.567987,46.145934],[4.567773,46.145994],[4.567365,46.145904],[4.565649,46.145771],[4.564855,46.145265],[4.564125,46.144968],[4.563846,46.144641],[4.563074,46.144269],[4.56243,46.143511],[4.56228,46.142738],[4.562001,46.142351],[4.561164,46.141771],[4.560885,46.141801],[4.560585,46.141638],[4.56037,46.141667],[4.559233,46.140998],[4.55861,46.140805],[4.557709,46.140597],[4.55728,46.140627],[4.556615,46.140879],[4.554791,46.140017],[4.554104,46.139809],[4.552753,46.138902],[4.551401,46.13746],[4.550929,46.137222],[4.548053,46.135289],[4.547431,46.134991],[4.546959,46.134367],[4.545371,46.133281],[4.543998,46.132478],[4.541873,46.130679],[4.541702,46.130084],[4.541766,46.12946],[4.541573,46.129073],[4.541616,46.128567],[4.541101,46.127363],[4.539835,46.126128],[4.539299,46.125965],[4.538655,46.125474],[4.538569,46.124983],[4.539041,46.124507],[4.539513,46.12421],[4.538977,46.123779],[4.538977,46.123422],[4.539191,46.122172],[4.538848,46.121429],[4.537668,46.120849],[4.537131,46.119689],[4.537131,46.119495],[4.536852,46.119183],[4.536037,46.11893],[4.53535,46.118528],[4.535307,46.118231],[4.534835,46.118127],[4.534513,46.117815],[4.534213,46.116669],[4.535479,46.1142],[4.53638,46.113397],[4.536981,46.112742],[4.537324,46.112192],[4.538462,46.112132],[4.540586,46.110779],[4.541938,46.111091],[4.543161,46.111091],[4.544084,46.111299],[4.54492,46.110794],[4.545242,46.110154],[4.545543,46.109856],[4.546659,46.109737],[4.547088,46.109499],[4.548418,46.10941],[4.549062,46.109217],[4.550027,46.109053],[4.551143,46.108964],[4.551165,46.108607],[4.550242,46.107714],[4.548869,46.10703],[4.547967,46.10523],[4.547495,46.104783],[4.547452,46.10453],[4.547603,46.104307],[4.547023,46.104025],[4.546809,46.103534],[4.546723,46.102849],[4.544835,46.100915],[4.544706,46.100528],[4.543955,46.099278],[4.543397,46.098698],[4.542624,46.097314],[4.542088,46.097017],[4.542517,46.096838],[4.542517,46.096838],[4.543676,46.095172],[4.545049,46.094041],[4.546015,46.093565],[4.546573,46.092821],[4.548354,46.092017],[4.549362,46.091035],[4.550478,46.090335],[4.5508,46.088922],[4.551057,46.088312],[4.551465,46.087969],[4.551765,46.087314],[4.551787,46.086734],[4.551379,46.086035],[4.551315,46.085677],[4.550929,46.085558],[4.550864,46.085112],[4.550285,46.084472],[4.550285,46.084472],[4.549877,46.083832],[4.549405,46.083475],[4.549341,46.082537],[4.549469,46.082254],[4.549276,46.081838],[4.549255,46.080944],[4.548783,46.080215],[4.548697,46.079724],[4.54874,46.079188],[4.548461,46.078518],[4.548289,46.077968],[4.54741,46.076464],[4.546937,46.076033],[4.546315,46.07572],[4.544985,46.074499],[4.544169,46.073651],[4.543933,46.072579],[4.544255,46.072475],[4.544599,46.071954],[4.544405,46.070465],[4.543247,46.069244],[4.54256,46.068113],[4.541552,46.067532],[4.541552,46.067532],[4.540248,46.066029],[4.539411,46.064525],[4.539282,46.063855],[4.538961,46.062872],[4.538918,46.061815],[4.538403,46.060788],[4.537823,46.059999],[4.537158,46.057989],[4.537244,46.057616],[4.537115,46.057244],[4.537652,46.056708],[4.537244,46.056515],[4.535785,46.056202],[4.535399,46.055919],[4.535313,46.055219],[4.535785,46.054579],[4.536514,46.053655],[4.536772,46.052658],[4.53675,46.051943],[4.536536,46.05166],[4.536472,46.051183],[4.536171,46.050662],[4.53615,46.049858],[4.536278,46.049337],[4.53615,46.048756],[4.536579,46.047997],[4.536965,46.047833],[4.537888,46.047267],[4.538682,46.046597],[4.539132,46.045956],[4.539282,46.045569],[4.539948,46.044586],[4.540806,46.043558],[4.541621,46.043126],[4.542608,46.042828],[4.543016,46.042382],[4.544475,46.042084],[4.544904,46.04195],[4.545398,46.041935],[4.546235,46.041741],[4.54675,46.041488],[4.547436,46.041339],[4.547887,46.040982],[4.549346,46.03833],[4.55044,46.03769],[4.551299,46.036796],[4.551299,46.036796],[4.551449,46.0362],[4.551535,46.035336],[4.551621,46.03413],[4.55132,46.033847],[4.551084,46.032968],[4.550848,46.032878],[4.551674,46.032454],[4.552447,46.032156],[4.553262,46.031456],[4.554335,46.029996],[4.555086,46.029489],[4.555344,46.028848],[4.55618,46.027791],[4.556717,46.025988],[4.556738,46.023887],[4.556116,46.023157],[4.555086,46.022502],[4.553434,46.021652],[4.552833,46.021086],[4.552254,46.020758],[4.551309,46.019462],[4.551009,46.019119],[4.55073,46.018419],[4.550451,46.017912],[4.550752,46.017346],[4.550902,46.01675],[4.551202,46.015901],[4.551202,46.015245],[4.550923,46.014634],[4.550644,46.014485],[4.550558,46.014202],[4.551159,46.013561],[4.551116,46.012667],[4.551309,46.012279],[4.551309,46.011057],[4.550923,46.00988],[4.550795,46.00912],[4.55028,46.008718],[4.549958,46.008405],[4.549657,46.008271],[4.549035,46.00766],[4.548262,46.006497],[4.548112,46.005185],[4.548413,46.004485],[4.548649,46.004097],[4.549142,46.003889],[4.550001,46.00292],[4.550001,46.00292],[4.551116,46.002637],[4.551932,46.002532],[4.552554,46.002234],[4.553627,46.001996],[4.554228,46.001608],[4.554507,46.001504],[4.554807,46.000878],[4.555537,46.000565],[4.555301,45.999775],[4.55573,45.999432],[4.555987,45.999059],[4.557082,45.998642],[4.557983,45.997971],[4.559077,45.997435],[4.560257,45.997017],[4.561266,45.996272],[4.56221,45.994915],[4.561995,45.993648],[4.562049,45.993171],[4.56044,45.991859],[4.559238,45.991054],[4.55956,45.990995],[4.560375,45.991039],[4.561041,45.990443],[4.561169,45.989295],[4.561577,45.988893],[4.558981,45.986865],[4.558981,45.986865],[4.558852,45.986209],[4.559496,45.985553],[4.560204,45.985285],[4.559345,45.984435],[4.559152,45.984017],[4.559946,45.983466],[4.559646,45.982884],[4.559302,45.981438],[4.559775,45.980767],[4.560568,45.980334],[4.561148,45.980379],[4.561963,45.979812],[4.561985,45.97932],[4.562607,45.978709],[4.563143,45.978291],[4.563315,45.977635],[4.562543,45.976442],[4.563401,45.974459],[4.563401,45.974459],[4.563401,45.973848],[4.564259,45.972192],[4.564624,45.971014],[4.564667,45.970268],[4.563744,45.969075],[4.563444,45.9683],[4.562671,45.967554],[4.562049,45.966868],[4.560976,45.966495],[4.560332,45.965884],[4.559302,45.965347],[4.558938,45.965302],[4.558423,45.964914],[4.557951,45.964989],[4.557307,45.964362],[4.555376,45.963661],[4.554603,45.963184],[4.554153,45.962975],[4.552994,45.961469],[4.553423,45.960544],[4.553294,45.959783],[4.553208,45.958828],[4.553445,45.958426],[4.553294,45.957993],[4.552779,45.95768],[4.552179,45.957053],[4.551814,45.956859],[4.551428,45.956128],[4.551041,45.955472],[4.550462,45.954786],[4.549947,45.954144],[4.548745,45.954055],[4.548745,45.954055],[4.547887,45.953652],[4.547308,45.952802],[4.546836,45.952817],[4.546085,45.952996],[4.544625,45.95304],[4.542093,45.951951],[4.541686,45.951161],[4.541857,45.950564],[4.540377,45.949132],[4.540119,45.948311],[4.540119,45.948102],[4.539797,45.947849],[4.539797,45.947625],[4.538639,45.947296],[4.538725,45.946849],[4.538424,45.947028],[4.536235,45.945118],[4.535506,45.944745],[4.533854,45.944148],[4.533253,45.944626],[4.531772,45.94473],[4.529519,45.945058],[4.528682,45.945461],[4.527137,45.945864],[4.526515,45.945864],[4.525829,45.946088],[4.524337,45.946879],[4.522985,45.947117],[4.522556,45.947088],[4.522342,45.946909],[4.522213,45.947073],[4.521312,45.947356],[4.520561,45.947804],[4.519938,45.947908],[4.518393,45.948013],[4.51702,45.948251],[4.514552,45.948371],[4.51363,45.948326],[4.512621,45.94858],[4.511441,45.948759],[4.510733,45.948684],[4.510476,45.94849],[4.507944,45.948251],[4.507772,45.94846],[4.507321,45.948684],[4.506828,45.948788],[4.505991,45.948475],[4.504897,45.948744],[4.504618,45.948565],[4.502257,45.948639],[4.501549,45.948744],[4.499575,45.948833],[4.498888,45.948997],[4.497923,45.949042],[4.497408,45.949117],[4.497258,45.948654],[4.496657,45.94852],[4.495133,45.949191],[4.494103,45.949311],[4.493159,45.949296],[4.493116,45.949072],[4.49288,45.948982],[4.491915,45.949639],[4.491507,45.950131],[4.491636,45.950251],[4.491056,45.950564],[4.490305,45.950803],[4.489619,45.951742],[4.489619,45.951742],[4.489061,45.951563],[4.488417,45.951668],[4.488031,45.952115],[4.487924,45.952817],[4.488181,45.953219],[4.488288,45.953861],[4.488374,45.954652],[4.487924,45.95492],[4.487623,45.95498],[4.487087,45.955382],[4.48713,45.955994],[4.486271,45.95671],[4.485713,45.9568],[4.486078,45.956397],[4.485992,45.955323],[4.485842,45.954741],[4.4861,45.954383],[4.485606,45.953339],[4.48537,45.952324],[4.48537,45.952324],[4.485306,45.950698],[4.485113,45.950012],[4.484791,45.94937],[4.484297,45.948744],[4.483224,45.947968],[4.482538,45.946938],[4.48213,45.94655],[4.479941,45.942089],[4.479834,45.941671],[4.478783,45.940075],[4.479705,45.938896],[4.480606,45.937986],[4.480521,45.937628],[4.479362,45.937478],[4.479448,45.93721],[4.480413,45.937001],[4.480499,45.93624],[4.480864,45.935598],[4.481207,45.935165],[4.481293,45.934688],[4.482559,45.933031],[4.482409,45.932643],[4.482023,45.93224],[4.482666,45.931046],[4.48316,45.929852],[4.483847,45.928673],[4.483718,45.928285],[4.484147,45.927002],[4.48404,45.924927],[4.484447,45.924181],[4.48552,45.922882],[4.485992,45.921822],[4.486164,45.921016],[4.486958,45.92024],[4.487988,45.919703],[4.488031,45.918956],[4.48846,45.918732],[4.488653,45.91827],[4.489232,45.918076],[4.489125,45.917941],[4.489705,45.917687],[4.489533,45.91724],[4.489254,45.916971],[4.488825,45.916374],[4.488417,45.915956],[4.487795,45.915568],[4.487602,45.91515],[4.486979,45.914642],[4.487194,45.914538],[4.487559,45.914851],[4.488074,45.914941],[4.488632,45.914463],[4.487065,45.913716],[4.485499,45.913552],[4.484748,45.913209],[4.483932,45.913328],[4.482581,45.913791],[4.481272,45.913925],[4.480649,45.913716],[4.479062,45.912806],[4.479062,45.912627],[4.477796,45.912403],[4.475414,45.912358],[4.475564,45.911955],[4.475221,45.911253],[4.474255,45.911268],[4.473375,45.911402],[4.472581,45.911895],[4.471229,45.911402],[4.469921,45.911746],[4.467989,45.912343],[4.467346,45.91306],[4.4655,45.913328],[4.463011,45.913239],[4.462239,45.91288],[4.460586,45.912507],[4.458999,45.911791],[4.460136,45.911432],[4.460672,45.91091],[4.4602,45.909835],[4.459771,45.909312],[4.460265,45.908596],[4.460071,45.908327],[4.458913,45.908581],[4.458569,45.908864],[4.456982,45.909282],[4.455887,45.908879],[4.455029,45.908655],[4.453763,45.908461],[4.451939,45.907715],[4.451295,45.907103],[4.451102,45.90667],[4.451167,45.905669],[4.450995,45.905326],[4.450523,45.904131],[4.44975,45.902981],[4.449042,45.90231],[4.448377,45.901458],[4.446961,45.900727],[4.445588,45.900234],[4.444407,45.89989],[4.443249,45.899308],[4.442648,45.899368],[4.442669,45.899876],[4.442219,45.899681],[4.442197,45.899502],[4.440352,45.899502],[4.439794,45.899248],[4.439601,45.898965],[4.439107,45.899219],[4.4387,45.8988],[4.438743,45.898532],[4.439,45.898069],[4.438828,45.897695],[4.439236,45.897277],[4.439107,45.897098],[4.439472,45.896993],[4.437884,45.895112],[4.43767,45.893469],[4.436811,45.892752],[4.435266,45.893827],[4.434623,45.893827],[4.433829,45.894096],[4.434172,45.893006],[4.433957,45.892633],[4.432777,45.893066],[4.432627,45.893036],[4.431254,45.893424],[4.430653,45.893305],[4.430202,45.892528],[4.429795,45.892409],[4.42973,45.890661],[4.428829,45.889855],[4.428271,45.888794],[4.427906,45.887943],[4.427434,45.887555],[4.42722,45.887047],[4.426705,45.886614],[4.426555,45.886046],[4.424795,45.885299],[4.424538,45.884866],[4.423958,45.884747],[4.423357,45.884194],[4.423164,45.883537],[4.422156,45.882626],[4.421448,45.882342],[4.421104,45.881968],[4.420053,45.881221],[4.41971,45.881087],[4.419581,45.880893],[4.419109,45.880549],[4.41898,45.879952],[4.41898,45.879952],[4.418132,45.879436],[4.419162,45.878152],[4.419656,45.878002],[4.41972,45.877614],[4.420836,45.87733],[4.421265,45.877076],[4.422059,45.877076],[4.423561,45.876613],[4.424462,45.876344],[4.426394,45.876269],[4.427424,45.87621],[4.429033,45.876673],[4.430235,45.877031],[4.431393,45.877076],[4.433088,45.875911],[4.433646,45.875986],[4.43429,45.875522],[4.433925,45.875313],[4.433603,45.87479],[4.433668,45.874641],[4.433239,45.874447],[4.432616,45.874731],[4.430514,45.874521],[4.430299,45.87376],[4.429655,45.873311],[4.428883,45.872968],[4.428003,45.872759],[4.428046,45.872579],[4.426909,45.872176],[4.426587,45.871862],[4.426243,45.870966],[4.426158,45.869472],[4.427145,45.868142],[4.427381,45.86747],[4.427102,45.866917],[4.427338,45.866409],[4.426994,45.865677],[4.426158,45.864825],[4.426093,45.864287],[4.426308,45.863704],[4.42605,45.86342],[4.425128,45.862897],[4.424527,45.862449],[4.424741,45.861777],[4.424441,45.861284],[4.423883,45.86085],[4.423196,45.860492],[4.422681,45.860417],[4.421888,45.860716],[4.421351,45.860775],[4.420879,45.860297],[4.419613,45.859998],[4.418605,45.859998],[4.41751,45.860088],[4.416781,45.859595],[4.414764,45.858997],[4.414292,45.858564],[4.414206,45.858937],[4.413326,45.859356],[4.413176,45.859117],[4.412425,45.858937],[4.41073,45.857488],[4.41,45.856292],[4.408326,45.854932],[4.408198,45.853528],[4.408026,45.853049],[4.408476,45.851869],[4.408369,45.85136],[4.407854,45.850015],[4.40706,45.849343],[4.405623,45.848655],[4.404936,45.848012],[4.404464,45.84728],[4.402769,45.847011],[4.40043,45.846383],[4.399743,45.846563],[4.399357,45.847026],[4.398069,45.846994],[4.396436,45.847603],[4.395815,45.848147],[4.395079,45.848291],[4.393515,45.848163],[4.391906,45.847827],[4.390848,45.84749]]],"type":"MultiLineString"},"properties":{"geo_point":{"lon":4.63521688462062,"lat":46.47519869963727},"name":"GR76 De Arcenant (Côte-d'Or) à Affoux (Rhône) (2020)","code_gr":"GR76"}}]}