{"type":"FeatureCollection","features":[{"type":"Feature","geometry":{"coordinates":[[[1.442901,43.603843],[1.442408,43.603734],[1.442,43.603097],[1.441507,43.602817],[1.440777,43.602196],[1.439768,43.60159],[1.439683,43.601248],[1.439082,43.600828],[1.439082,43.600828],[1.438309,43.601481],[1.435563,43.60305],[1.432215,43.604744],[1.431164,43.604666],[1.430885,43.604185],[1.430585,43.603936],[1.430048,43.603874],[1.428932,43.604216],[1.428031,43.604262],[1.427881,43.602227],[1.427645,43.602025],[1.42743,43.602304],[1.426078,43.602817],[1.419706,43.604185],[1.417903,43.604806],[1.416101,43.605614],[1.41065,43.608784],[1.408891,43.608022],[1.407496,43.608566],[1.405586,43.609949],[1.405136,43.610493],[1.404578,43.61085],[1.403677,43.611207],[1.40269,43.612031],[1.402239,43.612823],[1.401595,43.61332],[1.401617,43.613615],[1.400158,43.614252],[1.399643,43.614796],[1.399235,43.616645],[1.399171,43.617825],[1.399407,43.617872],[1.399514,43.618058],[1.399814,43.61812],[1.399793,43.619037],[1.400866,43.619053],[1.40093,43.618788],[1.40108,43.618478],[1.401341,43.618699],[1.40068,43.621163],[1.40068,43.621801],[1.40034,43.622612],[1.4002,43.622207],[1.40028,43.621786],[1.40002,43.62138],[1.39996,43.620946],[1.399519,43.620699],[1.398278,43.620888],[1.397297,43.620786],[1.397337,43.62054],[1.397137,43.620221],[1.396937,43.619351],[1.397077,43.617916],[1.396496,43.617656],[1.395295,43.616453],[1.394935,43.616003],[1.394334,43.614902],[1.392732,43.612959],[1.392312,43.611669],[1.39049,43.608393],[1.389429,43.608451],[1.388288,43.608219],[1.386506,43.608828],[1.385885,43.608842],[1.385204,43.608524],[1.385365,43.608393],[1.385485,43.608074],[1.386085,43.60777],[1.386085,43.60674],[1.385745,43.606335],[1.384804,43.606262],[1.383523,43.606523],[1.382121,43.607103],[1.38132,43.607654],[1.3806,43.607929],[1.380139,43.6079],[1.380079,43.607538],[1.380139,43.60703],[1.380019,43.60674],[1.380319,43.606451],[1.38042,43.605624],[1.379959,43.605189],[1.379398,43.604261],[1.379338,43.603943],[1.378698,43.603189],[1.378618,43.602159],[1.378237,43.60184],[1.376596,43.60171],[1.375975,43.601797],[1.375414,43.601449],[1.375514,43.601144],[1.375875,43.600898],[1.376816,43.600956],[1.377917,43.59955],[1.377637,43.598941],[1.376876,43.598883],[1.376275,43.59868],[1.376015,43.598375],[1.376015,43.597926],[1.376395,43.59752],[1.376876,43.597099],[1.375595,43.596055],[1.375054,43.595968],[1.372792,43.595968],[1.371971,43.59562],[1.37131,43.595548],[1.37093,43.595635],[1.370189,43.595954],[1.369829,43.595838],[1.368607,43.594547],[1.367806,43.594214],[1.366986,43.593982],[1.366785,43.593764],[1.366625,43.59243],[1.366305,43.59201],[1.366345,43.591502],[1.366765,43.591038],[1.367246,43.589951],[1.367186,43.589516],[1.366222,43.588873],[1.365984,43.588816],[1.365667,43.588538],[1.365257,43.588548],[1.364954,43.588452],[1.364782,43.588271],[1.364267,43.588003],[1.363118,43.586845],[1.362272,43.586214],[1.362048,43.586606],[1.361731,43.586137],[1.361321,43.585936],[1.360479,43.584948],[1.359858,43.584629],[1.359438,43.584324],[1.358417,43.583889],[1.357996,43.583498],[1.357496,43.583396],[1.356975,43.583585],[1.356295,43.584368],[1.355934,43.58431],[1.355233,43.584556],[1.354613,43.584629],[1.354413,43.584875],[1.354192,43.584571],[1.353672,43.584585],[1.353311,43.583947],[1.352731,43.583991],[1.352391,43.583831],[1.35193,43.583788],[1.35141,43.583396],[1.350789,43.583121],[1.350849,43.58241],[1.351049,43.582236],[1.350629,43.582004],[1.350529,43.581786],[1.350669,43.58154],[1.350248,43.581264],[1.350068,43.580931],[1.350008,43.580525],[1.349748,43.580089],[1.349327,43.579712],[1.348386,43.578741],[1.347646,43.578218],[1.346665,43.577841],[1.345724,43.577754],[1.344002,43.578073],[1.343621,43.578001],[1.343508,43.577765],[1.343638,43.577311],[1.343601,43.577304],[1.343386,43.577771],[1.343041,43.577947],[1.342499,43.576816],[1.341598,43.576069],[1.340504,43.576132],[1.34016,43.576287],[1.339796,43.576132],[1.339753,43.575634],[1.339002,43.576101],[1.337864,43.576256],[1.336255,43.576178],[1.335547,43.576085],[1.33353,43.575106],[1.332586,43.574904],[1.331642,43.574406],[1.331277,43.574313],[1.330526,43.574002],[1.329925,43.573427],[1.329195,43.573007],[1.327736,43.571561],[1.327114,43.571157],[1.326535,43.571157],[1.323938,43.571732],[1.322629,43.571686],[1.321492,43.571919],[1.321127,43.571841],[1.320012,43.571157],[1.318896,43.569525],[1.317523,43.569089],[1.316085,43.56884],[1.315978,43.568654],[1.316085,43.568452],[1.314003,43.567239],[1.313424,43.566757],[1.312673,43.566679],[1.311836,43.56598],[1.312029,43.565544],[1.311901,43.564907],[1.311364,43.56444],[1.310945,43.56432],[1.311228,43.564012],[1.31086,43.56394],[1.310195,43.563684],[1.309543,43.563714],[1.308411,43.563571],[1.30805,43.563563],[1.306624,43.563879],[1.306307,43.564061],[1.30562,43.564175],[1.304986,43.56451],[1.304959,43.564874],[1.304537,43.565467],[1.304273,43.565573],[1.304498,43.56584],[1.304262,43.566197],[1.304111,43.566089],[1.303768,43.566089],[1.303661,43.56626],[1.302567,43.566275],[1.301343,43.566104],[1.3007,43.565902],[1.300077,43.565591],[1.298039,43.565125],[1.296751,43.564487],[1.29643,43.564238],[1.294649,43.566446],[1.292374,43.565467],[1.2901,43.567628],[1.288404,43.566975],[1.286623,43.565311],[1.285937,43.565482],[1.285808,43.565653],[1.284971,43.565715],[1.284435,43.565327],[1.284177,43.565389],[1.283855,43.5657],[1.282847,43.565094],[1.280766,43.564223],[1.280229,43.564907],[1.279929,43.564783],[1.279349,43.565498],[1.279392,43.565964],[1.278985,43.566415],[1.27774,43.566913],[1.277225,43.566648],[1.276023,43.566229],[1.275551,43.566617],[1.275444,43.566788],[1.274951,43.567255],[1.273899,43.566804],[1.273599,43.567255],[1.272976,43.567612],[1.272891,43.567892],[1.272418,43.568156],[1.271818,43.567737],[1.271689,43.567441],[1.271024,43.566913],[1.269908,43.56755],[1.26626,43.567845],[1.263685,43.567519],[1.262805,43.567566],[1.261647,43.567674],[1.260145,43.567597],[1.259308,43.567721],[1.25802,43.567597],[1.256776,43.567814],[1.254673,43.567503],[1.252162,43.567037],[1.251433,43.566773],[1.249008,43.56598],[1.248171,43.565233],[1.248322,43.564643],[1.248279,43.563476],[1.246862,43.563088],[1.245403,43.563508],[1.243687,43.562979],[1.24373,43.563756],[1.241863,43.563212],[1.23843,43.562963],[1.235833,43.562746],[1.233301,43.563197],[1.232829,43.561828],[1.231692,43.560864],[1.230147,43.561471],[1.228645,43.560367],[1.226177,43.559683],[1.224396,43.558812],[1.222229,43.557397],[1.220684,43.556402],[1.219332,43.555344],[1.218431,43.55494],[1.216671,43.554411],[1.215105,43.553805],[1.214569,43.553525],[1.213088,43.553058],[1.213024,43.553354],[1.213217,43.554535],[1.212187,43.555562],[1.212208,43.555982],[1.210535,43.556573],[1.209698,43.557101],[1.208603,43.556728],[1.207423,43.556215],[1.206844,43.555811],[1.206222,43.555111],[1.204784,43.554318],[1.201994,43.553711],[1.20002,43.553416],[1.19693,43.5534],[1.196008,43.553245],[1.195493,43.552732],[1.194892,43.552607],[1.192961,43.552716],[1.189184,43.552654],[1.186695,43.552592],[1.185408,43.552452],[1.18382,43.552918],[1.179924,43.553076],[1.179287,43.553589],[1.178791,43.553619],[1.178551,43.553209],[1.178756,43.552716],[1.178691,43.552358],[1.179464,43.551736],[1.179421,43.551301],[1.176116,43.550352],[1.174035,43.549948],[1.173048,43.549963],[1.17131,43.550461],[1.169615,43.550679],[1.168842,43.550741],[1.166611,43.551239],[1.16468,43.551285],[1.157513,43.551845],[1.155517,43.551814],[1.151977,43.551612],[1.150196,43.549388],[1.149359,43.547491],[1.148822,43.546449],[1.149874,43.546029],[1.151183,43.545749],[1.150625,43.545546],[1.14996,43.545049],[1.148758,43.544551],[1.147685,43.543913],[1.146612,43.542809],[1.145689,43.542218],[1.143737,43.540756],[1.144016,43.540569],[1.143544,43.539387],[1.143436,43.53808],[1.141741,43.53822],[1.141999,43.536929],[1.141934,43.534705],[1.140282,43.534581],[1.137514,43.534223],[1.136463,43.534114],[1.135261,43.534083],[1.134081,43.534176],[1.132751,43.534145],[1.130111,43.533709],[1.129618,43.533709],[1.125798,43.533072],[1.123695,43.532885],[1.121721,43.532807],[1.119962,43.532589],[1.118052,43.532185],[1.115885,43.530769],[1.109533,43.528218],[1.10949,43.527844],[1.10904,43.527736],[1.108053,43.527098],[1.106873,43.526724],[1.107023,43.525806],[1.106851,43.524733],[1.108203,43.523504],[1.108267,43.522259],[1.108847,43.521901],[1.109233,43.521076],[1.108654,43.521045],[1.108611,43.520719],[1.108181,43.520703],[1.106679,43.520345],[1.10477,43.519785],[1.103461,43.518867],[1.10271,43.518525],[1.100392,43.518229],[1.099802,43.517836],[1.099083,43.5177],[1.095457,43.517918],[1.091659,43.517871],[1.090415,43.517964],[1.087024,43.518509],[1.085715,43.518602],[1.084621,43.517684],[1.083312,43.517793],[1.083419,43.517124],[1.081574,43.515973],[1.081488,43.515257],[1.082003,43.514883],[1.08181,43.513965],[1.083055,43.513856],[1.083012,43.513405],[1.082411,43.511974],[1.081831,43.509873],[1.0799,43.510122],[1.08063,43.508456],[1.080501,43.507678],[1.079986,43.506916],[1.086316,43.506122],[1.08696,43.506013],[1.08814,43.506029],[1.08844,43.505702],[1.090028,43.505266],[1.090264,43.505422],[1.091166,43.505297],[1.090908,43.50455],[1.094298,43.503149],[1.095178,43.503087],[1.096337,43.502558],[1.096723,43.502729],[1.097195,43.502729],[1.098483,43.502247],[1.099105,43.5022],[1.102087,43.502449],[1.103976,43.502745],[1.105907,43.50234],[1.107323,43.502449],[1.108267,43.502371],[1.109426,43.502122],[1.110671,43.501826],[1.112988,43.501764],[1.114941,43.501235],[1.115906,43.501126],[1.11728,43.501235],[1.119704,43.500752],[1.121893,43.499678],[1.12258,43.499647],[1.124082,43.499336],[1.125755,43.499087],[1.128652,43.498745],[1.12951,43.498885],[1.130133,43.498791],[1.130669,43.498838],[1.131721,43.498651],[1.132171,43.498309],[1.133137,43.498153],[1.133952,43.497842],[1.13745,43.498324],[1.138265,43.496098],[1.139896,43.496098],[1.141334,43.495351],[1.142857,43.495367],[1.144466,43.494775],[1.145625,43.49448],[1.146247,43.494417],[1.146934,43.493608],[1.146097,43.493234],[1.146591,43.492612],[1.145046,43.491818],[1.145089,43.491553],[1.144187,43.491102],[1.144531,43.490245],[1.143866,43.489732],[1.143587,43.487568],[1.14393,43.486883],[1.142128,43.486883],[1.141291,43.487179],[1.140432,43.486867],[1.140475,43.485606],[1.140325,43.483894],[1.138587,43.484065],[1.138072,43.483411],[1.137364,43.481698],[1.135948,43.478927],[1.135068,43.47793],[1.13481,43.477167],[1.133394,43.475299],[1.132514,43.47533],[1.132708,43.474209],[1.131849,43.473555],[1.131399,43.472745],[1.131356,43.471842],[1.130841,43.470892],[1.130605,43.470082],[1.130347,43.46974],[1.130025,43.469101],[1.130004,43.468245],[1.129854,43.467497],[1.129425,43.4665],[1.130304,43.466236],[1.13112,43.465831],[1.133931,43.464974],[1.135626,43.464398],[1.136999,43.464554],[1.137922,43.464756],[1.138093,43.464632],[1.137986,43.463884],[1.13657,43.462155],[1.136463,43.461392],[1.13657,43.46024],[1.135991,43.458682],[1.135497,43.458106],[1.13481,43.457498],[1.13421,43.456642],[1.134017,43.455847],[1.132514,43.456922],[1.131957,43.457093],[1.12951,43.456797],[1.128051,43.456782],[1.126313,43.456377],[1.124468,43.456875],[1.123395,43.456938],[1.122236,43.45686],[1.122751,43.457327],[1.120691,43.457187],[1.119361,43.457934],[1.117816,43.458386],[1.116314,43.4589],[1.115541,43.458729],[1.114705,43.458791],[1.115413,43.457514],[1.116464,43.456112],[1.117473,43.454959],[1.116743,43.45443],[1.117022,43.4539],[1.117151,43.453433],[1.118631,43.45186],[1.118503,43.451657],[1.119661,43.451128],[1.121464,43.450037],[1.1217,43.449648],[1.124489,43.448417],[1.124661,43.448105],[1.125112,43.44795],[1.12524,43.447669],[1.12494,43.447217],[1.124403,43.44675],[1.125197,43.445161],[1.125004,43.444772],[1.124918,43.443884],[1.12258,43.443977],[1.120048,43.443743],[1.116765,43.442777],[1.115263,43.441921],[1.112752,43.440861],[1.111679,43.440674],[1.109254,43.440456],[1.107559,43.440144],[1.104405,43.439848],[1.09726,43.439241],[1.097367,43.438306],[1.097195,43.438103],[1.097174,43.436031],[1.096466,43.435626],[1.095393,43.43533],[1.094534,43.435299],[1.093612,43.435205],[1.090822,43.434286],[1.087325,43.433367],[1.086617,43.433367],[1.084406,43.433616],[1.082711,43.433351],[1.080437,43.433398],[1.079063,43.433367],[1.077561,43.433522],[1.075523,43.433226],[1.075931,43.432821],[1.077025,43.432089],[1.077862,43.430531],[1.078548,43.429861],[1.080329,43.429783],[1.082368,43.429798],[1.083183,43.429923],[1.084836,43.430406],[1.088097,43.430546],[1.089621,43.430905],[1.091144,43.431029],[1.092947,43.431466],[1.094534,43.432182],[1.096079,43.432369],[1.097753,43.432463],[1.098847,43.432354],[1.100028,43.432042],[1.101637,43.43145],[1.10462,43.429409],[1.107409,43.428411],[1.110091,43.426526],[1.111207,43.426011],[1.117108,43.423424],[1.119425,43.422801],[1.119275,43.421009],[1.119554,43.420588],[1.120412,43.420479],[1.120219,43.417907],[1.119747,43.41772],[1.119382,43.416676],[1.119361,43.416411],[1.118739,43.415351],[1.118395,43.414541],[1.118073,43.41373],[1.117215,43.413637],[1.115777,43.413683],[1.114726,43.414057],[1.113567,43.414042],[1.112494,43.413902],[1.110885,43.413543],[1.109877,43.41345],[1.109362,43.412795],[1.107709,43.412545],[1.105971,43.412109],[1.10492,43.411704],[1.104534,43.411283],[1.104448,43.411002],[1.104147,43.410846],[1.104233,43.410691],[1.103075,43.410301],[1.101508,43.409272],[1.100821,43.408493],[1.101508,43.407183],[1.101315,43.400495],[1.099834,43.397658],[1.099277,43.397252],[1.099255,43.396863],[1.099555,43.396613],[1.099062,43.396083],[1.098118,43.395615],[1.097453,43.39482],[1.096637,43.39415],[1.09623,43.393541],[1.093676,43.393697],[1.092732,43.392544],[1.092281,43.391842],[1.091144,43.39192],[1.0902,43.391733],[1.088955,43.390314],[1.087625,43.390267],[1.085479,43.388022],[1.085007,43.387959],[1.084363,43.388178],[1.083655,43.388193],[1.082819,43.387663],[1.082218,43.387507],[1.081638,43.387554],[1.080136,43.386057],[1.079192,43.384669],[1.079493,43.384123],[1.077025,43.384357],[1.074965,43.383905],[1.073506,43.383983],[1.071939,43.384279],[1.069922,43.384092],[1.068227,43.384029],[1.066575,43.383499],[1.065073,43.383219],[1.063163,43.382953],[1.061382,43.382361],[1.060803,43.382236],[1.059623,43.381877],[1.057713,43.382049],[1.056833,43.381955],[1.056876,43.381254],[1.057456,43.38102],[1.057477,43.379928],[1.059365,43.378119],[1.059086,43.377854],[1.058872,43.377167],[1.059709,43.376497],[1.05988,43.376107],[1.059859,43.375733],[1.060266,43.375514],[1.060159,43.37422],[1.059837,43.373798],[1.059022,43.37372],[1.058185,43.37344],[1.057134,43.373377],[1.056039,43.373253],[1.053786,43.373393],[1.052392,43.373206],[1.051641,43.373237],[1.050439,43.373175],[1.049302,43.372831],[1.048658,43.372208],[1.047349,43.371818],[1.046855,43.371521],[1.046169,43.370617],[1.046212,43.369961],[1.047306,43.368807],[1.047907,43.367512],[1.048357,43.366795],[1.04825,43.366327],[1.047413,43.364892],[1.047907,43.363004],[1.048615,43.361772],[1.048658,43.361085],[1.048357,43.360648],[1.047692,43.360321],[1.047049,43.360071],[1.046963,43.359556],[1.047027,43.358714],[1.046813,43.357045],[1.046276,43.356358],[1.045632,43.355172],[1.044753,43.354533],[1.043637,43.353846],[1.043208,43.3533],[1.042135,43.352629],[1.040375,43.35135],[1.040075,43.350819],[1.039174,43.350367],[1.038873,43.350039],[1.03971,43.348978],[1.03898,43.348884],[1.036985,43.347995],[1.037221,43.347308],[1.036706,43.346559],[1.035869,43.345467],[1.037157,43.343126],[1.035204,43.342362],[1.03441,43.342237],[1.033015,43.341581],[1.025741,43.337524],[1.02278,43.335292],[1.022522,43.334746],[1.02205,43.334652],[1.021535,43.335074],[1.019797,43.334637],[1.020312,43.333965],[1.019969,43.333325],[1.016772,43.333091],[1.016343,43.332639],[1.016471,43.331874],[1.016321,43.331437],[1.014819,43.330641],[1.013596,43.329018],[1.013167,43.328846],[1.012352,43.328908],[1.012459,43.327535],[1.011794,43.326598],[1.011086,43.326114],[1.010935,43.325693],[1.010399,43.325802],[1.009154,43.325786],[1.007974,43.325911],[1.006,43.325771],[1.005335,43.325865],[1.003468,43.326348],[1.002846,43.326645],[1.001859,43.32691],[1.001601,43.327816],[1.001108,43.328721],[0.999069,43.328971],[0.997589,43.328955],[0.997095,43.328752],[0.996194,43.32883],[0.995164,43.329064],[0.993812,43.329127],[0.991752,43.327379],[0.991087,43.32755],[0.989907,43.327394],[0.98877,43.327706],[0.987353,43.328409],[0.98525,43.328815],[0.984414,43.327925],[0.983491,43.327394],[0.981431,43.326551],[0.980573,43.326348],[0.980251,43.325427],[0.975187,43.32563],[0.973685,43.32318],[0.972612,43.322945],[0.969779,43.32332],[0.966368,43.323851],[0.965145,43.323866],[0.964115,43.323757],[0.963471,43.323773],[0.963192,43.323585],[0.963042,43.323866],[0.963342,43.32524],[0.962913,43.325646],[0.962377,43.324663],[0.962269,43.323539],[0.961583,43.32357],[0.961475,43.323835],[0.961432,43.324397],[0.95875,43.325271],[0.959008,43.325911],[0.95772,43.32691],[0.956755,43.327504],[0.956283,43.32805],[0.955918,43.32869],[0.955553,43.328534],[0.952914,43.326801],[0.952334,43.326614],[0.951669,43.326598],[0.950339,43.324725],[0.947335,43.325053],[0.946691,43.324959],[0.946348,43.324569],[0.946369,43.324147],[0.946884,43.323585],[0.946777,43.323023],[0.947056,43.322415],[0.946884,43.322149],[0.945339,43.321743],[0.945103,43.321619],[0.94418,43.321962],[0.943365,43.3219],[0.940726,43.322555],[0.940104,43.322992],[0.939631,43.323695],[0.938988,43.323991],[0.939052,43.324772],[0.940104,43.32574],[0.941176,43.326817],[0.940039,43.32933],[0.93858,43.328549],[0.937958,43.328393],[0.937572,43.328019],[0.937443,43.327722],[0.935619,43.327066],[0.934567,43.326739],[0.933666,43.326598],[0.932529,43.326551],[0.931005,43.326286],[0.929782,43.326364],[0.929482,43.326083],[0.92886,43.325818],[0.929203,43.325318],[0.929224,43.32446],[0.928452,43.32204],[0.927958,43.321743],[0.927508,43.321946],[0.926478,43.321962],[0.924869,43.322805],[0.923173,43.323148],[0.920384,43.323742],[0.918603,43.323617],[0.916779,43.323601],[0.914719,43.323398],[0.913045,43.323383],[0.911565,43.323008],[0.910535,43.322212],[0.909591,43.322212],[0.908453,43.3219],[0.904055,43.321338],[0.902059,43.320666],[0.901608,43.320151],[0.901051,43.320354],[0.899398,43.320573],[0.898089,43.320214],[0.896823,43.320011],[0.895236,43.319246],[0.894334,43.318996],[0.894399,43.318621],[0.892124,43.316966],[0.892425,43.315421],[0.893283,43.315155],[0.893562,43.315327],[0.89457,43.315202],[0.895343,43.314968],[0.895216,43.314376],[0.894441,43.314376],[0.894142,43.314417],[0.894188,43.314097],[0.89374,43.314111],[0.892619,43.314247],[0.892227,43.314172],[0.891995,43.314141],[0.891438,43.314422],[0.890214,43.31464],[0.890021,43.315171],[0.889485,43.315452],[0.888991,43.316045],[0.888133,43.316576],[0.888047,43.317044],[0.887725,43.317263],[0.887017,43.317325],[0.886416,43.317903],[0.885923,43.31756],[0.885365,43.317419],[0.883863,43.316717],[0.882297,43.316436],[0.881824,43.316654],[0.88043,43.316279],[0.880151,43.315546],[0.878413,43.313922],[0.877469,43.314016],[0.877233,43.313766],[0.876095,43.311767],[0.876052,43.311408],[0.875022,43.309691],[0.873456,43.308426],[0.872662,43.307864],[0.872233,43.307708],[0.870667,43.306334],[0.869787,43.305631],[0.868413,43.306021],[0.868092,43.305537],[0.867598,43.30535],[0.866976,43.30549],[0.866654,43.305287],[0.86586,43.305272],[0.865645,43.305069],[0.865881,43.30485],[0.866697,43.304616],[0.866718,43.304319],[0.866504,43.304101],[0.865881,43.303945],[0.865216,43.303476],[0.865023,43.302852],[0.864336,43.30218],[0.863843,43.302133],[0.862491,43.302633],[0.862191,43.302602],[0.862191,43.302336],[0.862942,43.301571],[0.862641,43.301024],[0.861611,43.300478],[0.861182,43.300353],[0.860388,43.300259],[0.860023,43.299994],[0.859594,43.299369],[0.858843,43.29901],[0.857985,43.298947],[0.857663,43.298807],[0.857062,43.298182],[0.855088,43.297776],[0.854552,43.297417],[0.853972,43.296589],[0.853307,43.29609],[0.852706,43.295402],[0.851076,43.294668],[0.850325,43.294075],[0.84996,43.294215],[0.84893,43.294153],[0.847192,43.293622],[0.845861,43.292997],[0.845261,43.292279],[0.843995,43.291654],[0.843115,43.291607],[0.842557,43.291545],[0.841463,43.291638],[0.841355,43.29117],[0.840755,43.290889],[0.839553,43.289952],[0.839059,43.289358],[0.838351,43.288905],[0.837386,43.288733],[0.836484,43.287984],[0.835626,43.287499],[0.83569,43.287109],[0.83627,43.28725],[0.836957,43.287609],[0.837901,43.287827],[0.83848,43.287859],[0.838802,43.287437],[0.83833,43.287375],[0.838909,43.286625],[0.839059,43.286031],[0.840755,43.285375],[0.84305,43.284188],[0.843952,43.284016],[0.845261,43.283454],[0.84775,43.283782],[0.851762,43.278892],[0.851698,43.278549],[0.850818,43.278049],[0.850775,43.277362],[0.851376,43.27369],[0.851719,43.272862],[0.852084,43.272628],[0.852149,43.271878],[0.852814,43.270206],[0.854123,43.2693],[0.854766,43.268925],[0.855796,43.267894],[0.854959,43.266863],[0.854487,43.266581],[0.854187,43.266144],[0.854187,43.265409],[0.853801,43.264566],[0.854852,43.264003],[0.855582,43.263425],[0.853372,43.261503],[0.851655,43.2603],[0.852191,43.258768],[0.853543,43.253768],[0.854294,43.252939],[0.854273,43.252752],[0.852985,43.252298],[0.852942,43.251939],[0.853972,43.251517],[0.854037,43.251126],[0.853651,43.250845],[0.852363,43.250298],[0.851655,43.248266],[0.851741,43.247829],[0.852213,43.24725],[0.854101,43.247078],[0.859487,43.247016],[0.860796,43.247203],[0.862448,43.247766],[0.864272,43.248047],[0.865817,43.248594],[0.867684,43.249407],[0.867705,43.246922],[0.868113,43.246438],[0.868478,43.245359],[0.869014,43.244421],[0.868628,43.244593],[0.86704,43.244312],[0.866675,43.244281],[0.86513,43.243749],[0.863972,43.243733],[0.8635,43.24328],[0.86307,43.243014],[0.863435,43.242749],[0.862749,43.242405],[0.861783,43.241873],[0.861247,43.24228],[0.859959,43.241389],[0.859208,43.24117],[0.857985,43.241248],[0.858006,43.240951],[0.858264,43.240717],[0.85865,43.24056],[0.859144,43.240076],[0.861311,43.240341],[0.861804,43.240185],[0.862319,43.239857],[0.864508,43.239247],[0.865946,43.239232],[0.866997,43.239497],[0.868092,43.239685],[0.870538,43.240717],[0.87425,43.24006],[0.875301,43.240154],[0.876503,43.240451],[0.877597,43.240904],[0.878799,43.241154],[0.878584,43.242655],[0.879679,43.243202],[0.88088,43.243671],[0.881588,43.243843],[0.882361,43.24439],[0.882812,43.245406],[0.883219,43.245672],[0.884528,43.245437],[0.885322,43.245437],[0.887082,43.245609],[0.888476,43.24514],[0.888541,43.244499],[0.889421,43.243812],[0.890236,43.24339],[0.890279,43.243046],[0.890601,43.242874],[0.891824,43.241576],[0.89236,43.241248],[0.89309,43.24056],[0.893111,43.239935],[0.892489,43.239794],[0.891759,43.239763],[0.89088,43.239466],[0.889699,43.239404],[0.889742,43.238497],[0.889206,43.238247],[0.888648,43.23784],[0.888133,43.237809],[0.88779,43.23795],[0.887747,43.238122],[0.887125,43.238122],[0.886738,43.238466],[0.886159,43.23759],[0.885601,43.237215],[0.88515,43.237059],[0.884335,43.236543],[0.884163,43.235824],[0.88455,43.235527],[0.885344,43.23548],[0.886481,43.235152],[0.887854,43.235746],[0.888777,43.235871],[0.889463,43.235714],[0.889699,43.235527],[0.890365,43.235495],[0.890515,43.23573],[0.890815,43.235746],[0.891266,43.236011],[0.891631,43.236058],[0.892146,43.236215],[0.892339,43.235574],[0.89206,43.234855],[0.891759,43.233729],[0.891674,43.233135],[0.890558,43.23129],[0.890086,43.230805],[0.889935,43.230399],[0.889292,43.229867],[0.88897,43.229414],[0.888498,43.229039],[0.887725,43.228695],[0.887275,43.228273],[0.886867,43.227444],[0.886288,43.226803],[0.886481,43.22563],[0.886137,43.225224],[0.885494,43.225083],[0.884957,43.224473],[0.884485,43.223332],[0.884185,43.221706],[0.884206,43.220205],[0.884013,43.219485],[0.884335,43.218375],[0.88382,43.218219],[0.883369,43.21789],[0.881631,43.217202]]],"type":"MultiLineString"},"properties":{"geo_point":{"lon":1.096550591880821,"lat":43.43565441684255},"name":"GR86 De Toulouse à Aurignac (Haute-Garonne) (2019)","code_gr":"GR86"}},{"type":"Feature","geometry":{"coordinates":[[[0.88146,43.217343],[0.880859,43.218547],[0.880129,43.219235],[0.879228,43.220048],[0.877554,43.219157],[0.877726,43.218766],[0.87779,43.218391],[0.876954,43.218015],[0.875881,43.21728],[0.875044,43.217718],[0.87455,43.21764],[0.873907,43.218047],[0.873649,43.2185],[0.872211,43.219188],[0.871267,43.219923],[0.870516,43.220142],[0.869207,43.220861],[0.869186,43.221252],[0.867898,43.221893],[0.866976,43.222253],[0.866504,43.222628],[0.865774,43.222785],[0.865388,43.222816],[0.865332,43.223069],[0.864978,43.223203],[0.864525,43.223276],[0.864114,43.223482],[0.863251,43.223678],[0.865045,43.223848],[0.86571,43.22402],[0.866396,43.224411],[0.866933,43.224645],[0.86674,43.225255],[0.867684,43.225255],[0.868757,43.225021],[0.869057,43.225067],[0.87013,43.225005],[0.870817,43.225302],[0.866783,43.228789],[0.86674,43.229867],[0.867641,43.230164],[0.867611,43.230331],[0.867767,43.230579],[0.867753,43.230754],[0.867922,43.230888],[0.868064,43.231425],[0.867852,43.231693],[0.868135,43.232043],[0.868107,43.232188],[0.868262,43.232332],[0.868262,43.232528],[0.868149,43.232693],[0.868276,43.233209],[0.868503,43.233467],[0.868404,43.233828],[0.868022,43.234426],[0.868036,43.23455],[0.867767,43.234808],[0.86662,43.235055],[0.866578,43.235241],[0.866337,43.235416],[0.866266,43.23555],[0.865615,43.235695],[0.865431,43.235437],[0.865119,43.235344],[0.86502,43.235158],[0.865233,43.234901],[0.865247,43.234735],[0.865289,43.234591],[0.86519,43.234457],[0.865261,43.234086],[0.865374,43.233807],[0.86502,43.233292],[0.865034,43.232858],[0.864978,43.232662],[0.864964,43.232497],[0.864808,43.232404],[0.864567,43.232425],[0.864157,43.232539],[0.86369,43.232353],[0.862939,43.23225],[0.861722,43.232425],[0.861053,43.234745],[0.860431,43.234855],[0.860109,43.235136],[0.859509,43.23523],[0.859294,43.235073],[0.859036,43.235073],[0.859036,43.234729],[0.857899,43.234776],[0.856655,43.235026],[0.855732,43.235339],[0.855346,43.235777],[0.855753,43.236793],[0.853887,43.237106],[0.852578,43.236934],[0.851312,43.236684],[0.850604,43.23673],[0.849938,43.236918],[0.848458,43.236934],[0.845604,43.237793],[0.845132,43.23784],[0.84275,43.238403],[0.840282,43.239341],[0.839424,43.239951],[0.838909,43.240498],[0.838287,43.241436],[0.836935,43.242436],[0.836849,43.242921],[0.836442,43.242702],[0.835476,43.242561],[0.834832,43.242186],[0.833287,43.241623],[0.832644,43.241092],[0.831056,43.239169],[0.830691,43.238982],[0.829725,43.23895],[0.829575,43.23881],[0.82921,43.238278],[0.827966,43.237575],[0.825391,43.236887],[0.82391,43.236215],[0.822344,43.236183],[0.821335,43.235652],[0.820756,43.23548],[0.819962,43.235511],[0.821271,43.237965],[0.821099,43.238387],[0.820477,43.238966],[0.821486,43.241295],[0.821486,43.241873],[0.820863,43.242671],[0.820262,43.242936],[0.820241,43.243327],[0.820305,43.244109],[0.819898,43.245297],[0.820305,43.245922],[0.82022,43.246672],[0.820413,43.247125],[0.820627,43.247344],[0.820777,43.248016],[0.820584,43.24861],[0.821185,43.24997],[0.810649,43.248782],[0.809984,43.248641],[0.808504,43.248938],[0.80668,43.245875],[0.806036,43.245734],[0.80477,43.245656],[0.80359,43.246359],[0.802882,43.246406],[0.801723,43.246625],[0.801294,43.247375],[0.800607,43.247375],[0.799277,43.247641],[0.798311,43.24811],[0.796595,43.247328],[0.795865,43.248094],[0.7952,43.24836],[0.793869,43.248344],[0.793076,43.248235],[0.791488,43.247532],[0.791616,43.247094],[0.789535,43.246094],[0.780351,43.241873],[0.780694,43.24242],[0.780952,43.243593],[0.781424,43.244828],[0.781274,43.245906],[0.781381,43.246813],[0.781295,43.247282],[0.779986,43.248594],[0.779879,43.249063],[0.780845,43.250095],[0.781209,43.250908],[0.781488,43.252345],[0.778913,43.252361],[0.777283,43.252595],[0.776081,43.252564],[0.775287,43.252267],[0.774386,43.252408],[0.773034,43.253158],[0.769515,43.256065],[0.767305,43.2583],[0.766146,43.259815],[0.765224,43.261347],[0.764194,43.2618],[0.760953,43.263081],[0.75913,43.263691],[0.757456,43.264363],[0.757434,43.263878],[0.756812,43.263863],[0.754924,43.263269],[0.753829,43.263019],[0.752649,43.262581],[0.750568,43.262534],[0.749002,43.262331],[0.749173,43.262972],[0.748272,43.264488],[0.747092,43.262706],[0.747006,43.262253],[0.745654,43.261722],[0.743701,43.261206],[0.743616,43.2608],[0.738981,43.260237],[0.73808,43.259909],[0.737329,43.259425],[0.736749,43.259862],[0.736535,43.26019],[0.736234,43.260972],[0.735719,43.261362],[0.734968,43.261816],[0.734067,43.262253],[0.733616,43.262675],[0.732844,43.262941],[0.731986,43.263003],[0.73132,43.263191],[0.729904,43.263347],[0.728853,43.26355],[0.72808,43.263409],[0.726514,43.263284],[0.725784,43.262925],[0.724883,43.262878],[0.723038,43.262456],[0.722737,43.262659],[0.722136,43.261862],[0.721214,43.261659],[0.72057,43.261691],[0.719583,43.261831],[0.719755,43.260753],[0.718875,43.259487],[0.718875,43.258956],[0.720849,43.258815],[0.721793,43.258284],[0.72293,43.258331],[0.724003,43.25794],[0.724883,43.257674],[0.726428,43.256971],[0.727007,43.256612],[0.727479,43.256112],[0.728316,43.255815],[0.729539,43.254627],[0.730698,43.253799],[0.729883,43.252236],[0.729368,43.251033],[0.727952,43.248907],[0.727866,43.24775],[0.726922,43.245531],[0.726321,43.244437],[0.726213,43.243952],[0.726621,43.243155],[0.72293,43.24178],[0.722845,43.241092],[0.722415,43.241201],[0.718639,43.241232],[0.718853,43.240279],[0.714583,43.239841],[0.714562,43.241107],[0.714583,43.241483],[0.714326,43.242811],[0.714047,43.242936],[0.713403,43.242858],[0.710227,43.24464],[0.709112,43.245484],[0.709047,43.246156],[0.708683,43.247141],[0.708275,43.247485],[0.70761,43.247547],[0.706923,43.247485],[0.705636,43.247688],[0.705442,43.247594],[0.705121,43.247907],[0.704627,43.247563],[0.704005,43.248172],[0.704477,43.248469],[0.704541,43.248907],[0.703919,43.248766],[0.702975,43.248344],[0.702438,43.247829],[0.702224,43.247422],[0.702589,43.24711],[0.702481,43.246688],[0.701988,43.246438],[0.700336,43.246234],[0.699284,43.244828],[0.69819,43.244171],[0.697739,43.243499],[0.697675,43.24303],[0.697246,43.242483],[0.696881,43.241811],[0.695937,43.240904],[0.694757,43.240435],[0.693748,43.239904],[0.693362,43.239435],[0.691946,43.239107],[0.690894,43.238731],[0.690036,43.238653],[0.688405,43.239013],[0.687697,43.239044],[0.686731,43.238794],[0.685937,43.238794],[0.685337,43.238669],[0.685143,43.239122],[0.684028,43.239107],[0.681753,43.239576],[0.681345,43.2387],[0.680745,43.23795],[0.679822,43.237793],[0.679243,43.237825],[0.678749,43.238028],[0.677955,43.238622],[0.676925,43.239497],[0.67626,43.239919],[0.675187,43.240248],[0.674136,43.240388],[0.671475,43.240451],[0.670424,43.240279],[0.669823,43.240248],[0.66963,43.239873],[0.668492,43.239873],[0.668299,43.239153],[0.667462,43.238434],[0.666089,43.237809],[0.665596,43.237465],[0.664887,43.236621],[0.6639,43.235777],[0.663257,43.23537],[0.66287,43.234604],[0.662334,43.234432],[0.661218,43.23426],[0.659652,43.233807],[0.658622,43.233322],[0.657098,43.233135],[0.656154,43.233291],[0.655811,43.233135],[0.655253,43.232228],[0.655274,43.232041],[0.655746,43.231587],[0.655768,43.231212],[0.655403,43.230837],[0.654802,43.23054],[0.654352,43.230915],[0.653901,43.230962],[0.653515,43.230868],[0.653172,43.230352],[0.653021,43.229305],[0.653064,43.228773],[0.652099,43.228804],[0.651734,43.228679],[0.650811,43.227585],[0.650318,43.226959],[0.64903,43.226068],[0.648236,43.22513],[0.647571,43.224254],[0.647035,43.224145],[0.646176,43.224129],[0.645511,43.223879],[0.645082,43.223238],[0.644331,43.221346],[0.643537,43.220298],[0.647206,43.217015],[0.649588,43.215466],[0.650146,43.214716],[0.650468,43.215169],[0.651476,43.215326],[0.652549,43.215185],[0.653086,43.215216],[0.654008,43.214747],[0.654287,43.214262],[0.655639,43.21384],[0.658,43.213652],[0.658686,43.213402],[0.659974,43.21323],[0.660639,43.212996],[0.661712,43.212214],[0.662549,43.211917],[0.663085,43.211291],[0.664179,43.210603],[0.664737,43.210493],[0.665381,43.209774],[0.666218,43.209508],[0.667226,43.209477],[0.667849,43.208851],[0.668342,43.209023],[0.669179,43.20968],[0.670037,43.208851],[0.670831,43.209008],[0.673149,43.207162],[0.674994,43.206928],[0.677569,43.205848],[0.679028,43.20577],[0.678449,43.205254],[0.677419,43.205035],[0.676067,43.203987],[0.67553,43.203784],[0.672784,43.203565],[0.671861,43.203236],[0.671153,43.202532],[0.66963,43.201719],[0.668685,43.201406],[0.667613,43.200687],[0.666475,43.199686],[0.665596,43.199154],[0.665188,43.198778],[0.664308,43.19845],[0.661218,43.196416],[0.660403,43.196072],[0.659351,43.194883],[0.658214,43.194117],[0.65697,43.193069],[0.657621,43.192659],[0.65608,43.192156],[0.654493,43.190898],[0.65378,43.189842],[0.654079,43.189524],[0.653826,43.189289],[0.653941,43.189021],[0.655505,43.187947],[0.655413,43.187595],[0.65355,43.187226],[0.653274,43.186824],[0.653435,43.186405],[0.65286,43.18612],[0.652377,43.186069],[0.652127,43.18612],[0.651808,43.185468],[0.651247,43.18508],[0.64982,43.184538],[0.650077,43.183822],[0.649939,43.183319],[0.649111,43.183084],[0.646858,43.183286],[0.645915,43.182967],[0.639797,43.17916],[0.63982,43.178137],[0.639107,43.176947],[0.639314,43.176662],[0.638004,43.176477],[0.637613,43.175806],[0.634278,43.17542],[0.633703,43.175068],[0.63391,43.174733],[0.63575,43.174196],[0.635819,43.173978],[0.63299,43.17163],[0.634163,43.17059],[0.634278,43.170053],[0.633841,43.168376],[0.632852,43.168695],[0.631679,43.168829],[0.63161,43.168644],[0.632369,43.168393],[0.632875,43.168041],[0.632898,43.167638],[0.632553,43.16747],[0.630943,43.167537],[0.629333,43.167453],[0.628459,43.167755],[0.628161,43.168007],[0.628023,43.168611],[0.627517,43.169047],[0.627011,43.169164],[0.624619,43.169148],[0.623331,43.168678],[0.62202,43.168393],[0.621054,43.16794],[0.62018,43.167806],[0.619605,43.168007],[0.619421,43.168443],[0.619513,43.169617],[0.619352,43.170406],[0.61857,43.170557],[0.61795,43.170473],[0.617352,43.169969],[0.614983,43.169567],[0.613488,43.169735],[0.613074,43.169617],[0.612499,43.168846],[0.611211,43.167755],[0.61151,43.166934],[0.61197,43.166414],[0.612614,43.165759],[0.612844,43.164334],[0.61266,43.163713],[0.612085,43.163512],[0.612016,43.163277],[0.61174,43.163143],[0.611717,43.162908],[0.611303,43.16274],[0.611326,43.162555],[0.614454,43.162421],[0.61473,43.162119],[0.614776,43.161415],[0.6145,43.161046],[0.61243,43.160006],[0.614477,43.1592],[0.614937,43.158898],[0.614753,43.158664],[0.610153,43.157791],[0.608911,43.157674],[0.607991,43.156852],[0.607348,43.156483],[0.607325,43.156164],[0.607118,43.156013],[0.606865,43.155191],[0.606658,43.154973],[0.606612,43.154771],[0.607922,43.154285],[0.608681,43.153798],[0.609279,43.153664],[0.609831,43.152792],[0.610751,43.15306],[0.612108,43.153211],[0.61266,43.151718],[0.611901,43.151215],[0.612338,43.150829],[0.613879,43.150845],[0.614661,43.150761],[0.615351,43.150409],[0.615466,43.150074],[0.615351,43.149923],[0.615535,43.149788],[0.616064,43.149788],[0.616731,43.149235],[0.616915,43.14806],[0.618823,43.146365],[0.621054,43.146315],[0.621284,43.145359],[0.621606,43.144687],[0.621698,43.1441],[0.62156,43.143664],[0.621997,43.143312],[0.622572,43.141701],[0.622963,43.1416],[0.624504,43.141852],[0.628781,43.141097],[0.631104,43.1391],[0.631311,43.138529],[0.634899,43.137472],[0.636026,43.134686],[0.637406,43.134149],[0.637383,43.133964],[0.636417,43.133461],[0.636141,43.130272],[0.63667,43.129231],[0.640165,43.12903],[0.640119,43.128493],[0.640303,43.128308],[0.639015,43.12767],[0.638992,43.126848],[0.638303,43.126495],[0.638877,43.125639],[0.639797,43.124649],[0.640694,43.122903],[0.640671,43.122383],[0.641154,43.12198],[0.642051,43.121594],[0.642097,43.121326],[0.641614,43.120822],[0.640786,43.120855],[0.639222,43.121208],[0.637866,43.121409],[0.635405,43.121124],[0.633749,43.12109],[0.634002,43.119966],[0.632277,43.11968],[0.630276,43.119546],[0.629609,43.119445],[0.62839,43.119412],[0.627494,43.119294],[0.62662,43.119345],[0.625861,43.119261],[0.625309,43.119059],[0.624389,43.118942],[0.62294,43.119328],[0.62248,43.120335],[0.621882,43.120167],[0.621146,43.120234],[0.620916,43.120134],[0.620801,43.119848],[0.621192,43.119429],[0.621813,43.118992],[0.621215,43.11911],[0.620801,43.119328],[0.61995,43.119311],[0.619099,43.119513],[0.618639,43.119412],[0.617306,43.119563],[0.616524,43.119496],[0.61588,43.119412],[0.614822,43.119429],[0.613856,43.119395],[0.612798,43.119613],[0.610935,43.119311],[0.609578,43.119244],[0.606336,43.120117],[0.605324,43.120604],[0.602633,43.121561],[0.600126,43.122887],[0.599942,43.121947],[0.598493,43.12198],[0.593848,43.121812],[0.594285,43.120503],[0.586627,43.121527],[0.585799,43.121376],[0.584902,43.121309],[0.584212,43.120537],[0.584971,43.119429],[0.585684,43.118841],[0.586489,43.118405],[0.586719,43.117263],[0.587225,43.116474],[0.588259,43.116021],[0.589294,43.115836],[0.589547,43.115903],[0.58957,43.115668],[0.588949,43.115735],[0.58842,43.115668],[0.589754,43.115097],[0.590053,43.114812],[0.591548,43.114258],[0.592008,43.114006],[0.592123,43.113469],[0.59187,43.113167],[0.591272,43.110934],[0.589915,43.110917],[0.58957,43.110682],[0.588995,43.109708],[0.588236,43.10996],[0.58665,43.111051],[0.585753,43.111958],[0.585155,43.112243],[0.584051,43.112344],[0.58274,43.112898],[0.580348,43.113503],[0.578945,43.114107],[0.578393,43.114191],[0.577657,43.114527],[0.576967,43.114594],[0.576623,43.114896],[0.576209,43.114946],[0.575519,43.114812],[0.575404,43.114527],[0.574921,43.114124],[0.57453,43.113486],[0.575174,43.113352],[0.575611,43.113083],[0.576784,43.112697],[0.577335,43.112092],[0.577657,43.111555],[0.579405,43.10996],[0.579911,43.109557],[0.581245,43.108802],[0.582717,43.108013],[0.58504,43.107106],[0.586213,43.106552],[0.587845,43.106199],[0.588466,43.105897],[0.589225,43.10583],[0.590559,43.105931],[0.591548,43.105796],[0.593618,43.10489],[0.593066,43.104671],[0.592813,43.104436],[0.591525,43.104604],[0.591203,43.104],[0.591111,43.103378],[0.590881,43.102522],[0.59026,43.101699],[0.589915,43.100742],[0.590007,43.099785],[0.590352,43.098425],[0.590743,43.097451],[0.592353,43.097115],[0.59256,43.096712],[0.59325,43.096561],[0.593319,43.096057],[0.593549,43.095688],[0.59325,43.094965],[0.593549,43.09473],[0.593043,43.09426],[0.592997,43.0929],[0.594055,43.091556],[0.594055,43.091153],[0.593871,43.090918],[0.59325,43.089709],[0.592491,43.088852],[0.591456,43.088147],[0.591042,43.087945],[0.590559,43.087408],[0.590099,43.086686],[0.586857,43.085258],[0.585937,43.085023],[0.58504,43.084788],[0.584166,43.084888],[0.583131,43.085258],[0.582257,43.085678],[0.581176,43.085779],[0.579267,43.085208],[0.577105,43.085208],[0.575772,43.085241],[0.575312,43.084301],[0.574162,43.084368],[0.574714,43.083898],[0.575105,43.08341],[0.575197,43.08247],[0.574208,43.082487],[0.57269,43.082167],[0.570551,43.081512],[0.56993,43.080924],[0.569677,43.080337],[0.569447,43.078942],[0.570804,43.078724],[0.571793,43.078791],[0.578232,43.077447],[0.578439,43.07691],[0.577588,43.076355],[0.577151,43.075986],[0.574852,43.076137],[0.571379,43.075784],[0.570574,43.075532],[0.569861,43.075129],[0.569125,43.074961],[0.568596,43.074491],[0.567492,43.074289],[0.567055,43.074037],[0.566871,43.074037],[0.566756,43.074239],[0.566159,43.074239],[0.56586,43.074323],[0.564641,43.074172],[0.563422,43.073483],[0.562755,43.072861],[0.562456,43.072273],[0.562364,43.071148],[0.562134,43.069568],[0.562364,43.069316],[0.562847,43.06893],[0.562916,43.068712],[0.563353,43.068712],[0.564135,43.068275],[0.562916,43.068191],[0.561582,43.066359],[0.561582,43.06604],[0.560685,43.065284],[0.559903,43.064763],[0.559811,43.06441],[0.560041,43.064209],[0.560984,43.063806],[0.561582,43.06315],[0.56264,43.062428],[0.562985,43.061941],[0.563031,43.061504],[0.563307,43.061453],[0.563606,43.060563],[0.562801,43.061168],[0.562088,43.060025],[0.562042,43.05905],[0.561536,43.05821],[0.559857,43.056732],[0.560317,43.055891],[0.560685,43.055706],[0.561168,43.055286],[0.56149,43.054648],[0.562134,43.053824],[0.562502,43.052984],[0.562594,43.051774],[0.562364,43.050682],[0.561513,43.050144],[0.561053,43.0488],[0.561352,43.048497],[0.561237,43.048228],[0.560639,43.047875],[0.56057,43.047455],[0.561076,43.046884],[0.562318,43.045589],[0.563353,43.045119],[0.56402,43.044968],[0.56494,43.046161],[0.566619,43.046195],[0.566802,43.04522],[0.567308,43.04401],[0.568113,43.043253],[0.568826,43.041959],[0.569033,43.041236],[0.569148,43.040648],[0.569516,43.04011],[0.570827,43.039522],[0.571609,43.039455],[0.572897,43.039539],[0.573656,43.039186],[0.574461,43.038917],[0.575657,43.038665],[0.576531,43.038379],[0.577864,43.038261],[0.580969,43.038429],[0.581935,43.03811],[0.584718,43.037522],[0.587041,43.037353],[0.587845,43.037471],[0.589317,43.03811],[0.590559,43.03811],[0.5921,43.038009],[0.592836,43.038076],[0.593319,43.035773],[0.59302,43.034899],[0.593526,43.034059],[0.593664,43.033134],[0.591456,43.033773],[0.590582,43.032832],[0.59026,43.032294],[0.590237,43.031689],[0.589685,43.030663],[0.58773,43.030764],[0.586949,43.030697],[0.584718,43.030747],[0.584442,43.030982],[0.583338,43.03142],[0.581452,43.031957],[0.580256,43.03226],[0.580539,43.033326],[0.578636,43.033647],[0.577661,43.033338],[0.576408,43.033421],[0.573758,43.033374],[0.572945,43.031781],[0.572262,43.03064],[0.573449,43.030295],[0.573937,43.029998],[0.57314,43.029154],[0.572164,43.02844],[0.572294,43.028274],[0.572717,43.028131],[0.57288,43.027929],[0.573449,43.027715],[0.573367,43.027585],[0.57366,43.027252],[0.573676,43.026586],[0.574002,43.026455],[0.574143,43.026447],[0.574154,43.026581],[0.574733,43.026683],[0.574701,43.026918],[0.575194,43.026941],[0.575699,43.02731],[0.576181,43.027404],[0.576289,43.027255],[0.576857,43.027475],[0.577104,43.027734],[0.577437,43.027945],[0.577716,43.028275],[0.578531,43.028102],[0.579121,43.028102],[0.58249,43.028808],[0.584056,43.029169],[0.58485,43.029184],[0.588241,43.028604],[0.589163,43.028384],[0.590086,43.027961],[0.591223,43.0276],[0.591717,43.027788],[0.593584,43.029137],[0.594656,43.029639],[0.594828,43.030471],[0.595107,43.030361],[0.595279,43.029435],[0.595815,43.02909],[0.596416,43.028855],[0.596309,43.028165],[0.59633,43.026926],[0.596073,43.025734],[0.598712,43.025216],[0.599377,43.025184],[0.603154,43.023788],[0.604184,43.023898],[0.604913,43.024149],[0.60487,43.024651],[0.605085,43.024902],[0.606952,43.02589],[0.609891,43.027898],[0.611994,43.028526],[0.614483,43.028228],[0.617015,43.029028],[0.616071,43.030016],[0.615106,43.029749],[0.614269,43.030894],[0.614355,43.031161],[0.613647,43.03229],[0.613732,43.032776],[0.614333,43.033043],[0.614934,43.033012],[0.61547,43.032855],[0.616071,43.032808],[0.616286,43.032698],[0.61723,43.032698],[0.618432,43.032949],[0.618539,43.032651],[0.619226,43.032808],[0.621285,43.032776],[0.621822,43.032604],[0.621221,43.033372],[0.62077,43.03367],[0.619955,43.034376],[0.617144,43.035443],[0.615535,43.03549],[0.615706,43.036133],[0.613818,43.038877],[0.614398,43.039097],[0.615299,43.039426],[0.616307,43.039395],[0.618496,43.039881],[0.619376,43.040211],[0.619912,43.040414],[0.620277,43.040336],[0.620835,43.039411],[0.622208,43.039348],[0.622251,43.039505],[0.62253,43.039395],[0.622723,43.039944],[0.623474,43.040916],[0.62474,43.041371],[0.625556,43.041434],[0.626242,43.041387],[0.627294,43.041449],[0.627809,43.041622],[0.62856,43.041246],[0.629096,43.040806],[0.630383,43.039975],[0.631027,43.039238],[0.631328,43.039144],[0.63225,43.03847],[0.632958,43.038234],[0.63416,43.038266],[0.634654,43.038407],[0.635383,43.038924],[0.636907,43.03952],[0.63946,43.040352],[0.640512,43.040603],[0.643988,43.04101],[0.646563,43.041026],[0.648322,43.041324],[0.650854,43.042187],[0.654073,43.04308],[0.655768,43.043394],[0.656691,43.043692],[0.65727,43.04399],[0.657914,43.043457],[0.658965,43.043755],[0.659652,43.043567],[0.661819,43.043723],[0.662549,43.043865],[0.664201,43.043457],[0.664694,43.043065],[0.665123,43.042892],[0.666046,43.041308],[0.666454,43.040289],[0.666668,43.040211],[0.666003,43.038564],[0.666175,43.038031],[0.665638,43.037733],[0.665596,43.037246],[0.665188,43.03698],[0.665038,43.036682],[0.663986,43.036133],[0.663557,43.035302],[0.665188,43.034643],[0.66596,43.034549],[0.666754,43.03469],[0.667248,43.033827],[0.667892,43.033529],[0.668063,43.033639],[0.668836,43.033498],[0.669222,43.033529],[0.670295,43.033263],[0.670853,43.033357],[0.671475,43.033294],[0.672569,43.03367],[0.673685,43.033921],[0.674887,43.034564],[0.675144,43.035004],[0.675037,43.035474],[0.674651,43.035882],[0.674715,43.036164],[0.674479,43.036666],[0.675831,43.037137],[0.676131,43.037513],[0.677483,43.038156],[0.677934,43.038815],[0.678749,43.039128],[0.68023,43.039426],[0.680916,43.039897],[0.680616,43.04065],[0.680466,43.041199],[0.680702,43.041575],[0.682139,43.04319],[0.682397,43.043865],[0.682912,43.044006],[0.683513,43.04399],[0.684114,43.044084],[0.685143,43.043927],[0.685637,43.044162],[0.686131,43.044147],[0.686989,43.044335],[0.688899,43.043723],[0.690379,43.043049],[0.690744,43.04272],[0.691195,43.041716],[0.691473,43.040508],[0.69083,43.03847],[0.690873,43.037764],[0.690722,43.036117],[0.692396,43.035913],[0.692589,43.035145],[0.693791,43.034047],[0.695336,43.033827],[0.698383,43.034298],[0.698833,43.034329],[0.698984,43.033655],[0.698705,43.032839],[0.700357,43.031349],[0.701408,43.0308],[0.701795,43.030486],[0.702696,43.03011],[0.703125,43.029796],[0.703382,43.028824],[0.703855,43.027898],[0.704584,43.02702],[0.705764,43.025796],[0.706344,43.02509],[0.706773,43.024212],[0.707095,43.023945],[0.706751,43.023428],[0.707159,43.022329],[0.707824,43.021231],[0.708039,43.020525],[0.70821,43.019647],[0.708103,43.018156],[0.707717,43.016619],[0.706923,43.015882],[0.705807,43.015395],[0.704691,43.014501],[0.703876,43.014375],[0.703254,43.014391],[0.702503,43.014015],[0.701859,43.013685],[0.701365,43.012963],[0.698812,43.012053],[0.696537,43.011394],[0.694821,43.011112],[0.694134,43.010735],[0.691302,43.009119],[0.69098,43.009041],[0.689757,43.008115],[0.689392,43.006766],[0.688941,43.006781],[0.687096,43.006154],[0.686538,43.005228],[0.686216,43.004286],[0.684714,43.003047],[0.684092,43.002795],[0.683169,43.002905],[0.681796,43.002387],[0.680938,43.002011],[0.680037,43.001791],[0.677912,43.001038],[0.677183,43.000661],[0.676496,43.000551],[0.676153,43.000457],[0.674565,43.000473],[0.674071,43.000347],[0.67332,43.00041],[0.672762,42.999657],[0.672612,42.999061],[0.672977,42.997993],[0.673535,42.997099],[0.674586,42.996126],[0.673857,42.995325],[0.673664,42.99429],[0.673749,42.993599],[0.673964,42.993112],[0.674222,42.992846],[0.674286,42.992249],[0.673792,42.992375],[0.673985,42.992124],[0.674372,42.992061],[0.674136,42.990413],[0.672462,42.989628],[0.672033,42.988953],[0.672333,42.986944],[0.671947,42.986536],[0.671303,42.986128],[0.67096,42.985437],[0.669994,42.984872],[0.669844,42.984558],[0.669587,42.984448],[0.670831,42.983805],[0.671453,42.984433],[0.671883,42.984652],[0.672269,42.984605],[0.672784,42.984464],[0.674522,42.984338],[0.675037,42.984354],[0.676324,42.98415],[0.675724,42.983632],[0.674951,42.983145],[0.675015,42.982674],[0.675015,42.982376],[0.675273,42.982109],[0.674736,42.981937],[0.673985,42.98123],[0.67347,42.980524],[0.672913,42.980351],[0.67229,42.97977],[0.67199,42.979346],[0.671368,42.978593],[0.670617,42.978169],[0.670252,42.977635],[0.670166,42.977306],[0.670145,42.976709],[0.66978,42.976317],[0.669651,42.975532],[0.669136,42.974935],[0.668685,42.974668],[0.668235,42.974056],[0.667334,42.973601],[0.666604,42.973145],[0.665982,42.973208],[0.665746,42.97291],[0.665574,42.971921],[0.666068,42.971999],[0.666819,42.971355],[0.666196,42.970822],[0.666218,42.97057],[0.666561,42.970523],[0.667462,42.971255],[0.667675,42.971141],[0.667307,42.970457],[0.666486,42.969442],[0.665622,42.969007],[0.665027,42.967878],[0.664674,42.966821],[0.665013,42.966469],[0.664737,42.965279],[0.664887,42.964023],[0.665209,42.96239],[0.664737,42.96151],[0.664201,42.960835],[0.664179,42.960364],[0.664501,42.959909],[0.664523,42.958967],[0.664136,42.957883],[0.663064,42.955198],[0.662935,42.954192],[0.663021,42.953549],[0.663407,42.953125],[0.663257,42.952402],[0.663385,42.951774],[0.66448,42.950941],[0.665123,42.950282],[0.665574,42.949936],[0.665467,42.948978],[0.66448,42.948648],[0.66375,42.948601],[0.663772,42.948334],[0.662999,42.948256],[0.662634,42.947989],[0.662034,42.948177],[0.662034,42.947423],[0.662527,42.94747],[0.663428,42.947376],[0.66433,42.947298],[0.665231,42.947392],[0.666025,42.947345],[0.667076,42.947565],[0.667977,42.947455],[0.669501,42.947376],[0.670402,42.947125],[0.671089,42.947156],[0.671861,42.946936],[0.672526,42.946936],[0.672569,42.946795],[0.67111,42.946324],[0.670531,42.945931],[0.670273,42.945381],[0.670059,42.945224],[0.669715,42.944863],[0.670316,42.944957],[0.671325,42.945397],[0.673943,42.945224],[0.674779,42.944832],[0.675251,42.94447],[0.675509,42.944015],[0.674779,42.944345],[0.675337,42.943811],[0.675831,42.943057],[0.675917,42.941455],[0.677075,42.940842],[0.678256,42.939884],[0.679092,42.939083],[0.679328,42.938627],[0.6795,42.938171],[0.679994,42.937936],[0.682011,42.93737],[0.683706,42.936836],[0.685444,42.936302],[0.686495,42.936224],[0.687697,42.935218],[0.687203,42.934888],[0.68862,42.9347],[0.687847,42.93426],[0.687568,42.933946],[0.687053,42.933741],[0.687439,42.9336],[0.687611,42.933082],[0.687096,42.93283],[0.688298,42.9325],[0.688877,42.932563],[0.689499,42.932547],[0.690379,42.932877],[0.690916,42.932406],[0.691817,42.932092],[0.694005,42.932406],[0.694714,42.932437],[0.6951,42.932736],[0.696173,42.932752],[0.696559,42.932924],[0.696859,42.932956],[0.697546,42.933537],[0.698597,42.934385],[0.69952,42.934543],[0.700185,42.934448],[0.700529,42.934715],[0.700486,42.935045],[0.700936,42.935658],[0.700958,42.935878],[0.701494,42.936145],[0.701838,42.936098],[0.70246,42.936255],[0.703018,42.936616],[0.703533,42.93704],[0.704155,42.937245],[0.704198,42.937496],[0.704734,42.937952],[0.705206,42.938077],[0.705872,42.938014],[0.706494,42.938203],[0.706794,42.938564],[0.706944,42.93836],[0.706515,42.937527],[0.706494,42.937229],[0.706451,42.936978],[0.706687,42.936522],[0.706022,42.935925],[0.705721,42.934794],[0.705614,42.933804],[0.705764,42.933097],[0.706022,42.932657],[0.706666,42.93228],[0.70688,42.931558],[0.706923,42.931008],[0.708511,42.930395],[0.709026,42.930285],[0.709562,42.929688],[0.710549,42.929437],[0.711086,42.929044],[0.711687,42.9284],[0.712609,42.927913],[0.713532,42.927049],[0.713854,42.926561],[0.714905,42.925792],[0.716,42.924252],[0.716622,42.923105],[0.71718,42.922728],[0.717995,42.922743],[0.718446,42.922508],[0.718553,42.922162],[0.717931,42.920779],[0.717158,42.920512],[0.716171,42.919255],[0.715356,42.918611],[0.715442,42.918454],[0.71558,42.918498],[0.715897,42.918265],[0.716019,42.918259],[0.716318,42.918046],[0.716448,42.918033],[0.7163,42.917699],[0.716364,42.917416],[0.71527,42.916458],[0.714519,42.916489],[0.71394,42.915704],[0.71336,42.915326],[0.712867,42.914509],[0.712245,42.914305],[0.71173,42.914022],[0.711515,42.913708],[0.711021,42.913441],[0.710313,42.913236],[0.70982,42.913535],[0.709198,42.913488],[0.708725,42.913786],[0.708146,42.913582],[0.705872,42.913221],[0.705442,42.912938],[0.705078,42.912466],[0.702739,42.912073],[0.703146,42.911948],[0.703833,42.911948],[0.704455,42.911539],[0.706429,42.911413],[0.705807,42.911162],[0.703726,42.910942],[0.702975,42.910628],[0.70188,42.910439],[0.701387,42.910455],[0.700657,42.910738],[0.701151,42.91025],[0.70158,42.910062],[0.701602,42.909685],[0.700743,42.909276],[0.700636,42.90904],[0.699992,42.908977],[0.699069,42.909166],[0.697803,42.909292],[0.695336,42.911413],[0.691688,42.912545],[0.690873,42.912026],[0.690486,42.911209],[0.690465,42.910973],[0.690293,42.910989],[0.689886,42.91047],[0.689714,42.910109],[0.689049,42.90981],[0.688319,42.909622],[0.68789,42.909009],[0.687504,42.90805],[0.686924,42.908034],[0.686774,42.90816],[0.686131,42.908192],[0.68583,42.90783],[0.68583,42.9075],[0.685465,42.907091],[0.684435,42.906211],[0.6845,42.90541],[0.684435,42.903791],[0.685101,42.903021],[0.684907,42.901574],[0.684006,42.900553],[0.682783,42.900427],[0.681453,42.900144],[0.681281,42.899971],[0.680659,42.90016],[0.679758,42.900176],[0.678728,42.900411],[0.678105,42.900301],[0.677505,42.899908],[0.677226,42.900144],[0.677226,42.900474],[0.675616,42.900946],[0.6742,42.901056],[0.671861,42.90115],[0.671067,42.902219],[0.67066,42.902455],[0.669029,42.903099],[0.667613,42.903303],[0.667076,42.904247],[0.666153,42.904624],[0.665574,42.905315],[0.665059,42.905378],[0.664673,42.905567],[0.664673,42.905693],[0.665081,42.905944],[0.664372,42.906054],[0.664952,42.906321],[0.664201,42.90629],[0.664008,42.906038],[0.663707,42.906148],[0.663707,42.906416],[0.66345,42.906337],[0.663407,42.905205],[0.662978,42.905347],[0.66227,42.906195],[0.661669,42.906526],[0.661819,42.905787],[0.661454,42.90607],[0.660446,42.906117],[0.659437,42.905834],[0.658364,42.90607],[0.658193,42.90596],[0.658407,42.905677],[0.65933,42.905237],[0.660746,42.905127],[0.660982,42.904891],[0.661261,42.904011],[0.661025,42.903634],[0.660317,42.903854],[0.659845,42.903854],[0.659952,42.903618],[0.660532,42.903209],[0.660424,42.903068],[0.659716,42.902879],[0.659115,42.902596],[0.657806,42.90225],[0.657527,42.903319],[0.656433,42.903916],[0.654609,42.905064],[0.652506,42.90552],[0.651305,42.905818],[0.649974,42.905913],[0.64903,42.905818],[0.646756,42.904812],[0.644395,42.903555],[0.643837,42.903209],[0.642421,42.902612],[0.641949,42.902706],[0.641541,42.90203],[0.641263,42.901952],[0.641799,42.901323],[0.641735,42.901166],[0.641026,42.90126],[0.640619,42.901496],[0.641005,42.900144],[0.640833,42.899185],[0.64019,42.897865],[0.639246,42.896639],[0.63828,42.895633],[0.638108,42.89491],[0.638173,42.894422],[0.638473,42.894108],[0.637722,42.893998],[0.637143,42.893495],[0.636671,42.892677],[0.635769,42.89307],[0.634203,42.893102],[0.633473,42.893149],[0.63298,42.893259],[0.631886,42.893102],[0.631092,42.892441],[0.631027,42.892127],[0.629804,42.892457],[0.629375,42.89241],[0.629096,42.892599],[0.62856,42.892426],[0.628302,42.891986],[0.627551,42.891498],[0.626564,42.890728],[0.625427,42.889643],[0.624654,42.889187],[0.624697,42.88859],[0.624268,42.888448],[0.62341,42.88793],[0.623345,42.887065],[0.622594,42.885901],[0.621908,42.885162],[0.621135,42.884628],[0.621221,42.884188],[0.621886,42.883386],[0.621221,42.882128],[0.6212,42.881452],[0.619977,42.88087],[0.61974,42.88054],[0.620599,42.879864],[0.620341,42.879691],[0.620749,42.878967],[0.618968,42.87804],[0.618625,42.877175],[0.618281,42.876735],[0.617788,42.87642],[0.617788,42.876074],[0.617359,42.87587],[0.617101,42.875524],[0.616393,42.875225],[0.616586,42.874627],[0.616286,42.874203],[0.616264,42.873731],[0.615664,42.873134],[0.615406,42.872678],[0.615127,42.872583],[0.61502,42.872111],[0.615191,42.871687],[0.614955,42.870602],[0.615063,42.870067],[0.616415,42.869784],[0.617423,42.869312],[0.618196,42.868573],[0.618211,42.869201],[0.618771,42.868849],[0.619592,42.868555],[0.619452,42.867513],[0.619953,42.86722],[0.620293,42.866486],[0.620713,42.866325],[0.621174,42.866383],[0.622255,42.866134],[0.623656,42.865107],[0.622956,42.864754],[0.621795,42.864887],[0.620613,42.8643],[0.619152,42.863757],[0.619592,42.862715],[0.619752,42.862421],[0.620233,42.862157],[0.620533,42.861673],[0.621214,42.861614],[0.621654,42.861394],[0.621034,42.861262],[0.620073,42.860675],[0.618491,42.860601],[0.617931,42.85997],[0.618671,42.859471],[0.619232,42.858884],[0.619792,42.85771],[0.619592,42.857035],[0.620133,42.856962],[0.620153,42.856654],[0.620093,42.856478],[0.620473,42.855832],[0.620513,42.855318],[0.621274,42.853689],[0.621294,42.853425],[0.621614,42.853146],[0.621574,42.852896],[0.620273,42.853131],[0.619272,42.853674],[0.618091,42.85388],[0.61707,42.853865],[0.616489,42.853439],[0.615908,42.853205],[0.615268,42.852808],[0.614127,42.852456],[0.613826,42.852119],[0.613526,42.851972],[0.613786,42.851781],[0.614567,42.851957],[0.615168,42.851531],[0.615348,42.851898],[0.615588,42.851649],[0.616249,42.851429],[0.616509,42.850974],[0.61785,42.850343],[0.618151,42.850504],[0.618391,42.850445],[0.618231,42.850181],[0.618651,42.849521],[0.618711,42.849036],[0.618711,42.848611],[0.619132,42.847363],[0.619672,42.846834],[0.620253,42.846497],[0.621134,42.84613],[0.621274,42.845337],[0.621214,42.844809],[0.620733,42.844398],[0.620673,42.844045],[0.620834,42.843796],[0.620713,42.842886],[0.620373,42.842005],[0.620213,42.841447],[0.620053,42.841154],[0.620113,42.840977],[0.621414,42.840596],[0.622315,42.840948],[0.622916,42.840889],[0.624317,42.840053],[0.623596,42.840097],[0.623036,42.839979],[0.622575,42.838878],[0.622275,42.838687],[0.621374,42.838408],[0.620313,42.837909],[0.619552,42.837381],[0.618251,42.836823],[0.617891,42.836338],[0.61775,42.835913],[0.61769,42.835061],[0.618651,42.834929],[0.619112,42.834562],[0.619873,42.834444],[0.619612,42.83374],[0.619252,42.833255],[0.618992,42.833299],[0.618852,42.832653],[0.619032,42.832316],[0.619032,42.831537],[0.619112,42.831126],[0.618731,42.830245],[0.61773,42.83001],[0.61757,42.82957],[0.61719,42.829687],[0.616044,42.829244],[0.616704,42.828983],[0.616255,42.829012],[0.616308,42.828905],[0.616004,42.828944],[0.616176,42.828702],[0.615714,42.828808],[0.615833,42.828585],[0.615635,42.828653],[0.61574,42.828469],[0.615106,42.828556],[0.615265,42.828353],[0.614895,42.828382],[0.615621,42.828188],[0.615348,42.828087],[0.615428,42.82794],[0.614947,42.827925],[0.615768,42.827764],[0.616329,42.827397],[0.61703,42.827147],[0.61693,42.826839],[0.616449,42.826457],[0.615948,42.826486],[0.616269,42.825811],[0.614347,42.825429],[0.613206,42.825033],[0.612425,42.824416],[0.611904,42.823829],[0.611063,42.822625],[0.611324,42.820995],[0.611584,42.819967],[0.611184,42.819409],[0.611464,42.818733],[0.611844,42.818248],[0.612545,42.818146],[0.613826,42.817573],[0.614607,42.817015],[0.614387,42.816383],[0.614487,42.816031],[0.614767,42.816134],[0.615028,42.816046],[0.615208,42.815488],[0.614967,42.815164],[0.614767,42.81465],[0.614327,42.814107],[0.614267,42.813373],[0.613646,42.812447],[0.613266,42.811801],[0.613146,42.811302],[0.612004,42.810685],[0.611944,42.811816],[0.611904,42.812506],[0.611704,42.813167],[0.611384,42.812756],[0.610563,42.812389],[0.610183,42.811228],[0.609882,42.810847],[0.609622,42.810009],[0.608821,42.809495],[0.608741,42.808981],[0.609001,42.808761],[0.609181,42.808232],[0.608861,42.807777],[0.608401,42.807542],[0.60812,42.807292],[0.607079,42.807101],[0.605217,42.806998],[0.604316,42.806484],[0.603936,42.805941],[0.603656,42.805823],[0.602274,42.805647],[0.601053,42.805397],[0.601373,42.804971],[0.601874,42.804722],[0.602795,42.804634],[0.602955,42.803532],[0.603636,42.802107],[0.603335,42.801182],[0.602655,42.800623],[0.602154,42.79986],[0.601934,42.798141],[0.601233,42.797024],[0.600813,42.796466],[0.600052,42.795893],[0.598651,42.795188],[0.597489,42.794468],[0.596528,42.794409],[0.596488,42.79416],[0.594546,42.793895],[0.593385,42.793616],[0.593005,42.793704],[0.591223,42.791809],[0.591083,42.791295]]],"type":"MultiLineString"},"properties":{"geo_point":{"lon":0.6651304351157915,"lat":43.069318741188084},"name":"GR86 De Aurignac à Bagnères-de-Luchon (Haute-Garonne) (2019)","code_gr":"GR86"}},{"type":"Feature","geometry":{"coordinates":[[[1.442901,43.603843],[1.442408,43.603734],[1.442,43.603097],[1.441507,43.602817],[1.440777,43.602196],[1.439768,43.60159],[1.439683,43.601248],[1.439082,43.600828],[1.439082,43.600828],[1.438309,43.601481],[1.435563,43.60305],[1.432215,43.604744],[1.431164,43.604666],[1.430885,43.604185],[1.430585,43.603936],[1.430048,43.603874],[1.428932,43.604216],[1.428031,43.604262],[1.427881,43.602227],[1.427645,43.602025],[1.42743,43.602304],[1.426078,43.602817],[1.419706,43.604185],[1.417903,43.604806],[1.416101,43.605614],[1.41065,43.608784],[1.408891,43.608022],[1.407496,43.608566],[1.405586,43.609949],[1.405136,43.610493],[1.404578,43.61085],[1.403677,43.611207],[1.40269,43.612031],[1.402239,43.612823],[1.401595,43.61332],[1.401617,43.613615],[1.400158,43.614252],[1.399643,43.614796],[1.399235,43.616645],[1.399171,43.617825],[1.399407,43.617872],[1.399514,43.618058],[1.399814,43.61812],[1.399793,43.619037],[1.400866,43.619053],[1.40093,43.618788],[1.40108,43.618478],[1.401341,43.618699],[1.40068,43.621163],[1.40068,43.621801],[1.40034,43.622612],[1.4002,43.622207],[1.40028,43.621786],[1.40002,43.62138],[1.39996,43.620946],[1.399519,43.620699],[1.398278,43.620888],[1.397297,43.620786],[1.397337,43.62054],[1.397137,43.620221],[1.396937,43.619351],[1.397077,43.617916],[1.396496,43.617656],[1.395295,43.616453],[1.394935,43.616003],[1.394334,43.614902],[1.392732,43.612959],[1.392312,43.611669],[1.39049,43.608393],[1.389429,43.608451],[1.388288,43.608219],[1.386506,43.608828],[1.385885,43.608842],[1.385204,43.608524],[1.385365,43.608393],[1.385485,43.608074],[1.386085,43.60777],[1.386085,43.60674],[1.385745,43.606335],[1.384804,43.606262],[1.383523,43.606523],[1.382121,43.607103],[1.38132,43.607654],[1.3806,43.607929],[1.380139,43.6079],[1.380079,43.607538],[1.380139,43.60703],[1.380019,43.60674],[1.380319,43.606451],[1.38042,43.605624],[1.379959,43.605189],[1.379398,43.604261],[1.379338,43.603943],[1.378698,43.603189],[1.378618,43.602159],[1.378237,43.60184],[1.376596,43.60171],[1.375975,43.601797],[1.375414,43.601449],[1.375514,43.601144],[1.375875,43.600898],[1.376816,43.600956],[1.377917,43.59955],[1.377637,43.598941],[1.376876,43.598883],[1.376275,43.59868],[1.376015,43.598375],[1.376015,43.597926],[1.376395,43.59752],[1.376876,43.597099],[1.375595,43.596055],[1.375054,43.595968],[1.372792,43.595968],[1.371971,43.59562],[1.37131,43.595548],[1.37093,43.595635],[1.370189,43.595954],[1.369829,43.595838],[1.368607,43.594547],[1.367806,43.594214],[1.366986,43.593982],[1.366785,43.593764],[1.366625,43.59243],[1.366305,43.59201],[1.366345,43.591502],[1.366765,43.591038],[1.367246,43.589951],[1.367186,43.589516],[1.366222,43.588873],[1.365984,43.588816],[1.365667,43.588538],[1.365257,43.588548],[1.364954,43.588452],[1.364782,43.588271],[1.364267,43.588003],[1.363118,43.586845],[1.362272,43.586214],[1.362048,43.586606],[1.361731,43.586137],[1.361321,43.585936],[1.360479,43.584948],[1.359858,43.584629],[1.359438,43.584324],[1.358417,43.583889],[1.357996,43.583498],[1.357496,43.583396],[1.356975,43.583585],[1.356295,43.584368],[1.355934,43.58431],[1.355233,43.584556],[1.354613,43.584629],[1.354413,43.584875],[1.354192,43.584571],[1.353672,43.584585],[1.353311,43.583947],[1.352731,43.583991],[1.352391,43.583831],[1.35193,43.583788],[1.35141,43.583396],[1.350789,43.583121],[1.350849,43.58241],[1.351049,43.582236],[1.350629,43.582004],[1.350529,43.581786],[1.350669,43.58154],[1.350248,43.581264],[1.350068,43.580931],[1.350008,43.580525],[1.349748,43.580089],[1.349327,43.579712],[1.348386,43.578741],[1.347646,43.578218],[1.346665,43.577841],[1.345724,43.577754],[1.344002,43.578073],[1.343621,43.578001],[1.343508,43.577765],[1.343638,43.577311],[1.343601,43.577304],[1.343386,43.577771],[1.343041,43.577947],[1.342499,43.576816],[1.341598,43.576069],[1.340504,43.576132],[1.34016,43.576287],[1.339796,43.576132],[1.339753,43.575634],[1.339002,43.576101],[1.337864,43.576256],[1.336255,43.576178],[1.335547,43.576085],[1.33353,43.575106],[1.332586,43.574904],[1.331642,43.574406],[1.331277,43.574313],[1.330526,43.574002],[1.329925,43.573427],[1.329195,43.573007],[1.327736,43.571561],[1.327114,43.571157],[1.326535,43.571157],[1.323938,43.571732],[1.322629,43.571686],[1.321492,43.571919],[1.321127,43.571841],[1.320012,43.571157],[1.318896,43.569525],[1.317523,43.569089],[1.316085,43.56884],[1.315978,43.568654],[1.316085,43.568452],[1.314003,43.567239],[1.313424,43.566757],[1.312673,43.566679],[1.311836,43.56598],[1.312029,43.565544],[1.311901,43.564907],[1.311364,43.56444],[1.310945,43.56432],[1.311228,43.564012],[1.31086,43.56394],[1.310195,43.563684],[1.309543,43.563714],[1.308411,43.563571],[1.30805,43.563563],[1.306624,43.563879],[1.306307,43.564061],[1.30562,43.564175],[1.304986,43.56451],[1.304959,43.564874],[1.304537,43.565467],[1.304273,43.565573],[1.304498,43.56584],[1.304262,43.566197],[1.304111,43.566089],[1.303768,43.566089],[1.303661,43.56626],[1.302567,43.566275],[1.301343,43.566104],[1.3007,43.565902],[1.300077,43.565591],[1.298039,43.565125],[1.296751,43.564487],[1.29643,43.564238],[1.294649,43.566446],[1.292374,43.565467],[1.2901,43.567628],[1.288404,43.566975],[1.286623,43.565311],[1.285937,43.565482],[1.285808,43.565653],[1.284971,43.565715],[1.284435,43.565327],[1.284177,43.565389],[1.283855,43.5657],[1.282847,43.565094],[1.280766,43.564223],[1.280229,43.564907],[1.279929,43.564783],[1.279349,43.565498],[1.279392,43.565964],[1.278985,43.566415],[1.27774,43.566913],[1.277225,43.566648],[1.276023,43.566229],[1.275551,43.566617],[1.275444,43.566788],[1.274951,43.567255],[1.273899,43.566804],[1.273599,43.567255],[1.272976,43.567612],[1.272891,43.567892],[1.272418,43.568156],[1.271818,43.567737],[1.271689,43.567441],[1.271024,43.566913],[1.269908,43.56755],[1.26626,43.567845],[1.263685,43.567519],[1.262805,43.567566],[1.261647,43.567674],[1.260145,43.567597],[1.259308,43.567721],[1.25802,43.567597],[1.256776,43.567814],[1.254673,43.567503],[1.252162,43.567037],[1.251433,43.566773],[1.249008,43.56598],[1.248171,43.565233],[1.248322,43.564643],[1.248279,43.563476],[1.246862,43.563088],[1.245403,43.563508],[1.243687,43.562979],[1.24373,43.563756],[1.241863,43.563212],[1.23843,43.562963],[1.235833,43.562746],[1.233301,43.563197],[1.232829,43.561828],[1.231692,43.560864],[1.230147,43.561471],[1.228645,43.560367],[1.226177,43.559683],[1.224396,43.558812],[1.222229,43.557397],[1.220684,43.556402],[1.219332,43.555344],[1.218431,43.55494],[1.216671,43.554411],[1.215105,43.553805],[1.214569,43.553525],[1.213088,43.553058],[1.213024,43.553354],[1.213217,43.554535],[1.212187,43.555562],[1.212208,43.555982],[1.210535,43.556573],[1.209698,43.557101],[1.208603,43.556728],[1.207423,43.556215],[1.206844,43.555811],[1.206222,43.555111],[1.204784,43.554318],[1.201994,43.553711],[1.20002,43.553416],[1.19693,43.5534],[1.196008,43.553245],[1.195493,43.552732],[1.194892,43.552607],[1.192961,43.552716],[1.189184,43.552654],[1.186695,43.552592],[1.185408,43.552452],[1.18382,43.552918],[1.179924,43.553076],[1.179287,43.553589],[1.178791,43.553619],[1.178551,43.553209],[1.178756,43.552716],[1.178691,43.552358],[1.179464,43.551736],[1.179421,43.551301],[1.176116,43.550352],[1.174035,43.549948],[1.173048,43.549963],[1.17131,43.550461],[1.169615,43.550679],[1.168842,43.550741],[1.166611,43.551239],[1.16468,43.551285],[1.157513,43.551845],[1.155517,43.551814],[1.151977,43.551612],[1.150196,43.549388],[1.149359,43.547491],[1.148822,43.546449],[1.149874,43.546029],[1.151183,43.545749],[1.150625,43.545546],[1.14996,43.545049],[1.148758,43.544551],[1.147685,43.543913],[1.146612,43.542809],[1.145689,43.542218],[1.143737,43.540756],[1.144016,43.540569],[1.143544,43.539387],[1.143436,43.53808],[1.141741,43.53822],[1.141999,43.536929],[1.141934,43.534705],[1.140282,43.534581],[1.137514,43.534223],[1.136463,43.534114],[1.135261,43.534083],[1.134081,43.534176],[1.132751,43.534145],[1.130111,43.533709],[1.129618,43.533709],[1.125798,43.533072],[1.123695,43.532885],[1.121721,43.532807],[1.119962,43.532589],[1.118052,43.532185],[1.115885,43.530769],[1.109533,43.528218],[1.10949,43.527844],[1.10904,43.527736],[1.108053,43.527098],[1.106873,43.526724],[1.107023,43.525806],[1.106851,43.524733],[1.108203,43.523504],[1.108267,43.522259],[1.108847,43.521901],[1.109233,43.521076],[1.108654,43.521045],[1.108611,43.520719],[1.108181,43.520703],[1.106679,43.520345],[1.10477,43.519785],[1.103461,43.518867],[1.10271,43.518525],[1.100392,43.518229],[1.099802,43.517836],[1.099083,43.5177],[1.095457,43.517918],[1.091659,43.517871],[1.090415,43.517964],[1.087024,43.518509],[1.085715,43.518602],[1.084621,43.517684],[1.083312,43.517793],[1.083419,43.517124],[1.081574,43.515973],[1.081488,43.515257],[1.082003,43.514883],[1.08181,43.513965],[1.083055,43.513856],[1.083012,43.513405],[1.082411,43.511974],[1.081831,43.509873],[1.0799,43.510122],[1.08063,43.508456],[1.080501,43.507678],[1.079986,43.506916],[1.086316,43.506122],[1.08696,43.506013],[1.08814,43.506029],[1.08844,43.505702],[1.090028,43.505266],[1.090264,43.505422],[1.091166,43.505297],[1.090908,43.50455],[1.094298,43.503149],[1.095178,43.503087],[1.096337,43.502558],[1.096723,43.502729],[1.097195,43.502729],[1.098483,43.502247],[1.099105,43.5022],[1.102087,43.502449],[1.103976,43.502745],[1.105907,43.50234],[1.107323,43.502449],[1.108267,43.502371],[1.109426,43.502122],[1.110671,43.501826],[1.112988,43.501764],[1.114941,43.501235],[1.115906,43.501126],[1.11728,43.501235],[1.119704,43.500752],[1.121893,43.499678],[1.12258,43.499647],[1.124082,43.499336],[1.125755,43.499087],[1.128652,43.498745],[1.12951,43.498885],[1.130133,43.498791],[1.130669,43.498838],[1.131721,43.498651],[1.132171,43.498309],[1.133137,43.498153],[1.133952,43.497842],[1.13745,43.498324],[1.138265,43.496098],[1.139896,43.496098],[1.141334,43.495351],[1.142857,43.495367],[1.144466,43.494775],[1.145625,43.49448],[1.146247,43.494417],[1.146934,43.493608],[1.146097,43.493234],[1.146591,43.492612],[1.145046,43.491818],[1.145089,43.491553],[1.144187,43.491102],[1.144531,43.490245],[1.143866,43.489732],[1.143587,43.487568],[1.14393,43.486883],[1.142128,43.486883],[1.141291,43.487179],[1.140432,43.486867],[1.140475,43.485606],[1.140325,43.483894],[1.138587,43.484065],[1.138072,43.483411],[1.137364,43.481698],[1.135948,43.478927],[1.135068,43.47793],[1.13481,43.477167],[1.133394,43.475299],[1.132514,43.47533],[1.132708,43.474209],[1.131849,43.473555],[1.131399,43.472745],[1.131356,43.471842],[1.130841,43.470892],[1.130605,43.470082],[1.130347,43.46974],[1.130025,43.469101],[1.130004,43.468245],[1.129854,43.467497],[1.129425,43.4665],[1.130304,43.466236],[1.13112,43.465831],[1.133931,43.464974],[1.135626,43.464398],[1.136999,43.464554],[1.137922,43.464756],[1.138093,43.464632],[1.137986,43.463884],[1.13657,43.462155],[1.136463,43.461392],[1.13657,43.46024],[1.135991,43.458682],[1.135497,43.458106],[1.13481,43.457498],[1.13421,43.456642],[1.134017,43.455847],[1.132514,43.456922],[1.131957,43.457093],[1.12951,43.456797],[1.128051,43.456782],[1.126313,43.456377],[1.124468,43.456875],[1.123395,43.456938],[1.122236,43.45686],[1.122751,43.457327],[1.120691,43.457187],[1.119361,43.457934],[1.117816,43.458386],[1.116314,43.4589],[1.115541,43.458729],[1.114705,43.458791],[1.115413,43.457514],[1.116464,43.456112],[1.117473,43.454959],[1.116743,43.45443],[1.117022,43.4539],[1.117151,43.453433],[1.118631,43.45186],[1.118503,43.451657],[1.119661,43.451128],[1.121464,43.450037],[1.1217,43.449648],[1.124489,43.448417],[1.124661,43.448105],[1.125112,43.44795],[1.12524,43.447669],[1.12494,43.447217],[1.124403,43.44675],[1.125197,43.445161],[1.125004,43.444772],[1.124918,43.443884],[1.12258,43.443977],[1.120048,43.443743],[1.116765,43.442777],[1.115263,43.441921],[1.112752,43.440861],[1.111679,43.440674],[1.109254,43.440456],[1.107559,43.440144],[1.104405,43.439848],[1.09726,43.439241],[1.097367,43.438306],[1.097195,43.438103],[1.097174,43.436031],[1.096466,43.435626],[1.095393,43.43533],[1.094534,43.435299],[1.093612,43.435205],[1.090822,43.434286],[1.087325,43.433367],[1.086617,43.433367],[1.084406,43.433616],[1.082711,43.433351],[1.080437,43.433398],[1.079063,43.433367],[1.077561,43.433522],[1.075523,43.433226],[1.075931,43.432821],[1.077025,43.432089],[1.077862,43.430531],[1.078548,43.429861],[1.080329,43.429783],[1.082368,43.429798],[1.083183,43.429923],[1.084836,43.430406],[1.088097,43.430546],[1.089621,43.430905],[1.091144,43.431029],[1.092947,43.431466],[1.094534,43.432182],[1.096079,43.432369],[1.097753,43.432463],[1.098847,43.432354],[1.100028,43.432042],[1.101637,43.43145],[1.10462,43.429409],[1.107409,43.428411],[1.110091,43.426526],[1.111207,43.426011],[1.117108,43.423424],[1.119425,43.422801],[1.119275,43.421009],[1.119554,43.420588],[1.120412,43.420479],[1.120219,43.417907],[1.119747,43.41772],[1.119382,43.416676],[1.119361,43.416411],[1.118739,43.415351],[1.118395,43.414541],[1.118073,43.41373],[1.117215,43.413637],[1.115777,43.413683],[1.114726,43.414057],[1.113567,43.414042],[1.112494,43.413902],[1.110885,43.413543],[1.109877,43.41345],[1.109362,43.412795],[1.107709,43.412545],[1.105971,43.412109],[1.10492,43.411704],[1.104534,43.411283],[1.104448,43.411002],[1.104147,43.410846],[1.104233,43.410691],[1.103075,43.410301],[1.101508,43.409272],[1.100821,43.408493],[1.101508,43.407183],[1.101315,43.400495],[1.099834,43.397658],[1.099277,43.397252],[1.099255,43.396863],[1.099555,43.396613],[1.099062,43.396083],[1.098118,43.395615],[1.097453,43.39482],[1.096637,43.39415],[1.09623,43.393541],[1.093676,43.393697],[1.092732,43.392544],[1.092281,43.391842],[1.091144,43.39192],[1.0902,43.391733],[1.088955,43.390314],[1.087625,43.390267],[1.085479,43.388022],[1.085007,43.387959],[1.084363,43.388178],[1.083655,43.388193],[1.082819,43.387663],[1.082218,43.387507],[1.081638,43.387554],[1.080136,43.386057],[1.079192,43.384669],[1.079493,43.384123],[1.077025,43.384357],[1.074965,43.383905],[1.073506,43.383983],[1.071939,43.384279],[1.069922,43.384092],[1.068227,43.384029],[1.066575,43.383499],[1.065073,43.383219],[1.063163,43.382953],[1.061382,43.382361],[1.060803,43.382236],[1.059623,43.381877],[1.057713,43.382049],[1.056833,43.381955],[1.056876,43.381254],[1.057456,43.38102],[1.057477,43.379928],[1.059365,43.378119],[1.059086,43.377854],[1.058872,43.377167],[1.059709,43.376497],[1.05988,43.376107],[1.059859,43.375733],[1.060266,43.375514],[1.060159,43.37422],[1.059837,43.373798],[1.059022,43.37372],[1.058185,43.37344],[1.057134,43.373377],[1.056039,43.373253],[1.053786,43.373393],[1.052392,43.373206],[1.051641,43.373237],[1.050439,43.373175],[1.049302,43.372831],[1.048658,43.372208],[1.047349,43.371818],[1.046855,43.371521],[1.046169,43.370617],[1.046212,43.369961],[1.047306,43.368807],[1.047907,43.367512],[1.048357,43.366795],[1.04825,43.366327],[1.047413,43.364892],[1.047907,43.363004],[1.048615,43.361772],[1.048658,43.361085],[1.048357,43.360648],[1.047692,43.360321],[1.047049,43.360071],[1.046963,43.359556],[1.047027,43.358714],[1.046813,43.357045],[1.046276,43.356358],[1.045632,43.355172],[1.044753,43.354533],[1.043637,43.353846],[1.043208,43.3533],[1.042135,43.352629],[1.040375,43.35135],[1.040075,43.350819],[1.039174,43.350367],[1.038873,43.350039],[1.03971,43.348978],[1.03898,43.348884],[1.036985,43.347995],[1.037221,43.347308],[1.036706,43.346559],[1.035869,43.345467],[1.037157,43.343126],[1.035204,43.342362],[1.03441,43.342237],[1.033015,43.341581],[1.025741,43.337524],[1.02278,43.335292],[1.022522,43.334746],[1.02205,43.334652],[1.021535,43.335074],[1.019797,43.334637],[1.020312,43.333965],[1.019969,43.333325],[1.016772,43.333091],[1.016343,43.332639],[1.016471,43.331874],[1.016321,43.331437],[1.014819,43.330641],[1.013596,43.329018],[1.013167,43.328846],[1.012352,43.328908],[1.012459,43.327535],[1.011794,43.326598],[1.011086,43.326114],[1.010935,43.325693],[1.010399,43.325802],[1.009154,43.325786],[1.007974,43.325911],[1.006,43.325771],[1.005335,43.325865],[1.003468,43.326348],[1.002846,43.326645],[1.001859,43.32691],[1.001601,43.327816],[1.001108,43.328721],[0.999069,43.328971],[0.997589,43.328955],[0.997095,43.328752],[0.996194,43.32883],[0.995164,43.329064],[0.993812,43.329127],[0.991752,43.327379],[0.991087,43.32755],[0.989907,43.327394],[0.98877,43.327706],[0.987353,43.328409],[0.98525,43.328815],[0.984414,43.327925],[0.983491,43.327394],[0.981431,43.326551],[0.980573,43.326348],[0.980251,43.325427],[0.975187,43.32563],[0.973685,43.32318],[0.972612,43.322945],[0.969779,43.32332],[0.966368,43.323851],[0.965145,43.323866],[0.964115,43.323757],[0.963471,43.323773],[0.963192,43.323585],[0.963042,43.323866],[0.963342,43.32524],[0.962913,43.325646],[0.962377,43.324663],[0.962269,43.323539],[0.961583,43.32357],[0.961475,43.323835],[0.961432,43.324397],[0.95875,43.325271],[0.959008,43.325911],[0.95772,43.32691],[0.956755,43.327504],[0.956283,43.32805],[0.955918,43.32869],[0.955553,43.328534],[0.952914,43.326801],[0.952334,43.326614],[0.951669,43.326598],[0.950339,43.324725],[0.947335,43.325053],[0.946691,43.324959],[0.946348,43.324569],[0.946369,43.324147],[0.946884,43.323585],[0.946777,43.323023],[0.947056,43.322415],[0.946884,43.322149],[0.945339,43.321743],[0.945103,43.321619],[0.94418,43.321962],[0.943365,43.3219],[0.940726,43.322555],[0.940104,43.322992],[0.939631,43.323695],[0.938988,43.323991],[0.939052,43.324772],[0.940104,43.32574],[0.941176,43.326817],[0.940039,43.32933],[0.93858,43.328549],[0.937958,43.328393],[0.937572,43.328019],[0.937443,43.327722],[0.935619,43.327066],[0.934567,43.326739],[0.933666,43.326598],[0.932529,43.326551],[0.931005,43.326286],[0.929782,43.326364],[0.929482,43.326083],[0.92886,43.325818],[0.929203,43.325318],[0.929224,43.32446],[0.928452,43.32204],[0.927958,43.321743],[0.927508,43.321946],[0.926478,43.321962],[0.924869,43.322805],[0.923173,43.323148],[0.920384,43.323742],[0.918603,43.323617],[0.916779,43.323601],[0.914719,43.323398],[0.913045,43.323383],[0.911565,43.323008],[0.910535,43.322212],[0.909591,43.322212],[0.908453,43.3219],[0.904055,43.321338],[0.902059,43.320666],[0.901608,43.320151],[0.901051,43.320354],[0.899398,43.320573],[0.898089,43.320214],[0.896823,43.320011],[0.895236,43.319246],[0.894334,43.318996],[0.894399,43.318621],[0.892124,43.316966],[0.892425,43.315421],[0.893283,43.315155],[0.893562,43.315327],[0.89457,43.315202],[0.895343,43.314968],[0.895216,43.314376],[0.894441,43.314376],[0.894142,43.314417],[0.894188,43.314097],[0.89374,43.314111],[0.892619,43.314247],[0.892227,43.314172],[0.891995,43.314141],[0.891438,43.314422],[0.890214,43.31464],[0.890021,43.315171],[0.889485,43.315452],[0.888991,43.316045],[0.888133,43.316576],[0.888047,43.317044],[0.887725,43.317263],[0.887017,43.317325],[0.886416,43.317903],[0.885923,43.31756],[0.885365,43.317419],[0.883863,43.316717],[0.882297,43.316436],[0.881824,43.316654],[0.88043,43.316279],[0.880151,43.315546],[0.878413,43.313922],[0.877469,43.314016],[0.877233,43.313766],[0.876095,43.311767],[0.876052,43.311408],[0.875022,43.309691],[0.873456,43.308426],[0.872662,43.307864],[0.872233,43.307708],[0.870667,43.306334],[0.869787,43.305631],[0.868413,43.306021],[0.868092,43.305537],[0.867598,43.30535],[0.866976,43.30549],[0.866654,43.305287],[0.86586,43.305272],[0.865645,43.305069],[0.865881,43.30485],[0.866697,43.304616],[0.866718,43.304319],[0.866504,43.304101],[0.865881,43.303945],[0.865216,43.303476],[0.865023,43.302852],[0.864336,43.30218],[0.863843,43.302133],[0.862491,43.302633],[0.862191,43.302602],[0.862191,43.302336],[0.862942,43.301571],[0.862641,43.301024],[0.861611,43.300478],[0.861182,43.300353],[0.860388,43.300259],[0.860023,43.299994],[0.859594,43.299369],[0.858843,43.29901],[0.857985,43.298947],[0.857663,43.298807],[0.857062,43.298182],[0.855088,43.297776],[0.854552,43.297417],[0.853972,43.296589],[0.853307,43.29609],[0.852706,43.295402],[0.851076,43.294668],[0.850325,43.294075],[0.84996,43.294215],[0.84893,43.294153],[0.847192,43.293622],[0.845861,43.292997],[0.845261,43.292279],[0.843995,43.291654],[0.843115,43.291607],[0.842557,43.291545],[0.841463,43.291638],[0.841355,43.29117],[0.840755,43.290889],[0.839553,43.289952],[0.839059,43.289358],[0.838351,43.288905],[0.837386,43.288733],[0.836484,43.287984],[0.835626,43.287499],[0.83569,43.287109],[0.83627,43.28725],[0.836957,43.287609],[0.837901,43.287827],[0.83848,43.287859],[0.838802,43.287437],[0.83833,43.287375],[0.838909,43.286625],[0.839059,43.286031],[0.840755,43.285375],[0.84305,43.284188],[0.843952,43.284016],[0.845261,43.283454],[0.84775,43.283782],[0.851762,43.278892],[0.851698,43.278549],[0.850818,43.278049],[0.850775,43.277362],[0.851376,43.27369],[0.851719,43.272862],[0.852084,43.272628],[0.852149,43.271878],[0.852814,43.270206],[0.854123,43.2693],[0.854766,43.268925],[0.855796,43.267894],[0.854959,43.266863],[0.854487,43.266581],[0.854187,43.266144],[0.854187,43.265409],[0.853801,43.264566],[0.854852,43.264003],[0.855582,43.263425],[0.853372,43.261503],[0.851655,43.2603],[0.852191,43.258768],[0.853543,43.253768],[0.854294,43.252939],[0.854273,43.252752],[0.852985,43.252298],[0.852942,43.251939],[0.853972,43.251517],[0.854037,43.251126],[0.853651,43.250845],[0.852363,43.250298],[0.851655,43.248266],[0.851741,43.247829],[0.852213,43.24725],[0.854101,43.247078],[0.859487,43.247016],[0.860796,43.247203],[0.862448,43.247766],[0.864272,43.248047],[0.865817,43.248594],[0.867684,43.249407],[0.867705,43.246922],[0.868113,43.246438],[0.868478,43.245359],[0.869014,43.244421],[0.868628,43.244593],[0.86704,43.244312],[0.866675,43.244281],[0.86513,43.243749],[0.863972,43.243733],[0.8635,43.24328],[0.86307,43.243014],[0.863435,43.242749],[0.862749,43.242405],[0.861783,43.241873],[0.861247,43.24228],[0.859959,43.241389],[0.859208,43.24117],[0.857985,43.241248],[0.858006,43.240951],[0.858264,43.240717],[0.85865,43.24056],[0.859144,43.240076],[0.861311,43.240341],[0.861804,43.240185],[0.862319,43.239857],[0.864508,43.239247],[0.865946,43.239232],[0.866997,43.239497],[0.868092,43.239685],[0.870538,43.240717],[0.87425,43.24006],[0.875301,43.240154],[0.876503,43.240451],[0.877597,43.240904],[0.878799,43.241154],[0.878584,43.242655],[0.879679,43.243202],[0.88088,43.243671],[0.881588,43.243843],[0.882361,43.24439],[0.882812,43.245406],[0.883219,43.245672],[0.884528,43.245437],[0.885322,43.245437],[0.887082,43.245609],[0.888476,43.24514],[0.888541,43.244499],[0.889421,43.243812],[0.890236,43.24339],[0.890279,43.243046],[0.890601,43.242874],[0.891824,43.241576],[0.89236,43.241248],[0.89309,43.24056],[0.893111,43.239935],[0.892489,43.239794],[0.891759,43.239763],[0.89088,43.239466],[0.889699,43.239404],[0.889742,43.238497],[0.889206,43.238247],[0.888648,43.23784],[0.888133,43.237809],[0.88779,43.23795],[0.887747,43.238122],[0.887125,43.238122],[0.886738,43.238466],[0.886159,43.23759],[0.885601,43.237215],[0.88515,43.237059],[0.884335,43.236543],[0.884163,43.235824],[0.88455,43.235527],[0.885344,43.23548],[0.886481,43.235152],[0.887854,43.235746],[0.888777,43.235871],[0.889463,43.235714],[0.889699,43.235527],[0.890365,43.235495],[0.890515,43.23573],[0.890815,43.235746],[0.891266,43.236011],[0.891631,43.236058],[0.892146,43.236215],[0.892339,43.235574],[0.89206,43.234855],[0.891759,43.233729],[0.891674,43.233135],[0.890558,43.23129],[0.890086,43.230805],[0.889935,43.230399],[0.889292,43.229867],[0.88897,43.229414],[0.888498,43.229039],[0.887725,43.228695],[0.887275,43.228273],[0.886867,43.227444],[0.886288,43.226803],[0.886481,43.22563],[0.886137,43.225224],[0.885494,43.225083],[0.884957,43.224473],[0.884485,43.223332],[0.884185,43.221706],[0.884206,43.220205],[0.884013,43.219485],[0.884335,43.218375],[0.88382,43.218219],[0.883369,43.21789],[0.881631,43.217202],[0.88146,43.217343],[0.88146,43.217343],[0.880859,43.218547],[0.880129,43.219235],[0.879228,43.220048],[0.877554,43.219157],[0.877726,43.218766],[0.87779,43.218391],[0.876954,43.218015],[0.875881,43.21728],[0.875044,43.217718],[0.87455,43.21764],[0.873907,43.218047],[0.873649,43.2185],[0.872211,43.219188],[0.871267,43.219923],[0.870516,43.220142],[0.869207,43.220861],[0.869186,43.221252],[0.867898,43.221893],[0.866976,43.222253],[0.866504,43.222628],[0.865774,43.222785],[0.865388,43.222816],[0.865332,43.223069],[0.864978,43.223203],[0.864525,43.223276],[0.864114,43.223482],[0.863251,43.223678],[0.865045,43.223848],[0.86571,43.22402],[0.866396,43.224411],[0.866933,43.224645],[0.86674,43.225255],[0.867684,43.225255],[0.868757,43.225021],[0.869057,43.225067],[0.87013,43.225005],[0.870817,43.225302],[0.866783,43.228789],[0.86674,43.229867],[0.867641,43.230164],[0.867611,43.230331],[0.867767,43.230579],[0.867753,43.230754],[0.867922,43.230888],[0.868064,43.231425],[0.867852,43.231693],[0.868135,43.232043],[0.868107,43.232188],[0.868262,43.232332],[0.868262,43.232528],[0.868149,43.232693],[0.868276,43.233209],[0.868503,43.233467],[0.868404,43.233828],[0.868022,43.234426],[0.868036,43.23455],[0.867767,43.234808],[0.86662,43.235055],[0.866578,43.235241],[0.866337,43.235416],[0.866266,43.23555],[0.865615,43.235695],[0.865431,43.235437],[0.865119,43.235344],[0.86502,43.235158],[0.865233,43.234901],[0.865247,43.234735],[0.865289,43.234591],[0.86519,43.234457],[0.865261,43.234086],[0.865374,43.233807],[0.86502,43.233292],[0.865034,43.232858],[0.864978,43.232662],[0.864964,43.232497],[0.864808,43.232404],[0.864567,43.232425],[0.864157,43.232539],[0.86369,43.232353],[0.862939,43.23225],[0.861722,43.232425],[0.861053,43.234745],[0.860431,43.234855],[0.860109,43.235136],[0.859509,43.23523],[0.859294,43.235073],[0.859036,43.235073],[0.859036,43.234729],[0.857899,43.234776],[0.856655,43.235026],[0.855732,43.235339],[0.855346,43.235777],[0.855753,43.236793],[0.853887,43.237106],[0.852578,43.236934],[0.851312,43.236684],[0.850604,43.23673],[0.849938,43.236918],[0.848458,43.236934],[0.845604,43.237793],[0.845132,43.23784],[0.84275,43.238403],[0.840282,43.239341],[0.839424,43.239951],[0.838909,43.240498],[0.838287,43.241436],[0.836935,43.242436],[0.836849,43.242921],[0.836442,43.242702],[0.835476,43.242561],[0.834832,43.242186],[0.833287,43.241623],[0.832644,43.241092],[0.831056,43.239169],[0.830691,43.238982],[0.829725,43.23895],[0.829575,43.23881],[0.82921,43.238278],[0.827966,43.237575],[0.825391,43.236887],[0.82391,43.236215],[0.822344,43.236183],[0.821335,43.235652],[0.820756,43.23548],[0.819962,43.235511],[0.821271,43.237965],[0.821099,43.238387],[0.820477,43.238966],[0.821486,43.241295],[0.821486,43.241873],[0.820863,43.242671],[0.820262,43.242936],[0.820241,43.243327],[0.820305,43.244109],[0.819898,43.245297],[0.820305,43.245922],[0.82022,43.246672],[0.820413,43.247125],[0.820627,43.247344],[0.820777,43.248016],[0.820584,43.24861],[0.821185,43.24997],[0.810649,43.248782],[0.809984,43.248641],[0.808504,43.248938],[0.80668,43.245875],[0.806036,43.245734],[0.80477,43.245656],[0.80359,43.246359],[0.802882,43.246406],[0.801723,43.246625],[0.801294,43.247375],[0.800607,43.247375],[0.799277,43.247641],[0.798311,43.24811],[0.796595,43.247328],[0.795865,43.248094],[0.7952,43.24836],[0.793869,43.248344],[0.793076,43.248235],[0.791488,43.247532],[0.791616,43.247094],[0.789535,43.246094],[0.780351,43.241873],[0.780694,43.24242],[0.780952,43.243593],[0.781424,43.244828],[0.781274,43.245906],[0.781381,43.246813],[0.781295,43.247282],[0.779986,43.248594],[0.779879,43.249063],[0.780845,43.250095],[0.781209,43.250908],[0.781488,43.252345],[0.778913,43.252361],[0.777283,43.252595],[0.776081,43.252564],[0.775287,43.252267],[0.774386,43.252408],[0.773034,43.253158],[0.769515,43.256065],[0.767305,43.2583],[0.766146,43.259815],[0.765224,43.261347],[0.764194,43.2618],[0.760953,43.263081],[0.75913,43.263691],[0.757456,43.264363],[0.757434,43.263878],[0.756812,43.263863],[0.754924,43.263269],[0.753829,43.263019],[0.752649,43.262581],[0.750568,43.262534],[0.749002,43.262331],[0.749173,43.262972],[0.748272,43.264488],[0.747092,43.262706],[0.747006,43.262253],[0.745654,43.261722],[0.743701,43.261206],[0.743616,43.2608],[0.738981,43.260237],[0.73808,43.259909],[0.737329,43.259425],[0.736749,43.259862],[0.736535,43.26019],[0.736234,43.260972],[0.735719,43.261362],[0.734968,43.261816],[0.734067,43.262253],[0.733616,43.262675],[0.732844,43.262941],[0.731986,43.263003],[0.73132,43.263191],[0.729904,43.263347],[0.728853,43.26355],[0.72808,43.263409],[0.726514,43.263284],[0.725784,43.262925],[0.724883,43.262878],[0.723038,43.262456],[0.722737,43.262659],[0.722136,43.261862],[0.721214,43.261659],[0.72057,43.261691],[0.719583,43.261831],[0.719755,43.260753],[0.718875,43.259487],[0.718875,43.258956],[0.720849,43.258815],[0.721793,43.258284],[0.72293,43.258331],[0.724003,43.25794],[0.724883,43.257674],[0.726428,43.256971],[0.727007,43.256612],[0.727479,43.256112],[0.728316,43.255815],[0.729539,43.254627],[0.730698,43.253799],[0.729883,43.252236],[0.729368,43.251033],[0.727952,43.248907],[0.727866,43.24775],[0.726922,43.245531],[0.726321,43.244437],[0.726213,43.243952],[0.726621,43.243155],[0.72293,43.24178],[0.722845,43.241092],[0.722415,43.241201],[0.718639,43.241232],[0.718853,43.240279],[0.714583,43.239841],[0.714562,43.241107],[0.714583,43.241483],[0.714326,43.242811],[0.714047,43.242936],[0.713403,43.242858],[0.710227,43.24464],[0.709112,43.245484],[0.709047,43.246156],[0.708683,43.247141],[0.708275,43.247485],[0.70761,43.247547],[0.706923,43.247485],[0.705636,43.247688],[0.705442,43.247594],[0.705121,43.247907],[0.704627,43.247563],[0.704005,43.248172],[0.704477,43.248469],[0.704541,43.248907],[0.703919,43.248766],[0.702975,43.248344],[0.702438,43.247829],[0.702224,43.247422],[0.702589,43.24711],[0.702481,43.246688],[0.701988,43.246438],[0.700336,43.246234],[0.699284,43.244828],[0.69819,43.244171],[0.697739,43.243499],[0.697675,43.24303],[0.697246,43.242483],[0.696881,43.241811],[0.695937,43.240904],[0.694757,43.240435],[0.693748,43.239904],[0.693362,43.239435],[0.691946,43.239107],[0.690894,43.238731],[0.690036,43.238653],[0.688405,43.239013],[0.687697,43.239044],[0.686731,43.238794],[0.685937,43.238794],[0.685337,43.238669],[0.685143,43.239122],[0.684028,43.239107],[0.681753,43.239576],[0.681345,43.2387],[0.680745,43.23795],[0.679822,43.237793],[0.679243,43.237825],[0.678749,43.238028],[0.677955,43.238622],[0.676925,43.239497],[0.67626,43.239919],[0.675187,43.240248],[0.674136,43.240388],[0.671475,43.240451],[0.670424,43.240279],[0.669823,43.240248],[0.66963,43.239873],[0.668492,43.239873],[0.668299,43.239153],[0.667462,43.238434],[0.666089,43.237809],[0.665596,43.237465],[0.664887,43.236621],[0.6639,43.235777],[0.663257,43.23537],[0.66287,43.234604],[0.662334,43.234432],[0.661218,43.23426],[0.659652,43.233807],[0.658622,43.233322],[0.657098,43.233135],[0.656154,43.233291],[0.655811,43.233135],[0.655253,43.232228],[0.655274,43.232041],[0.655746,43.231587],[0.655768,43.231212],[0.655403,43.230837],[0.654802,43.23054],[0.654352,43.230915],[0.653901,43.230962],[0.653515,43.230868],[0.653172,43.230352],[0.653021,43.229305],[0.653064,43.228773],[0.652099,43.228804],[0.651734,43.228679],[0.650811,43.227585],[0.650318,43.226959],[0.64903,43.226068],[0.648236,43.22513],[0.647571,43.224254],[0.647035,43.224145],[0.646176,43.224129],[0.645511,43.223879],[0.645082,43.223238],[0.644331,43.221346],[0.643537,43.220298],[0.647206,43.217015],[0.649588,43.215466],[0.650146,43.214716],[0.650468,43.215169],[0.651476,43.215326],[0.652549,43.215185],[0.653086,43.215216],[0.654008,43.214747],[0.654287,43.214262],[0.655639,43.21384],[0.658,43.213652],[0.658686,43.213402],[0.659974,43.21323],[0.660639,43.212996],[0.661712,43.212214],[0.662549,43.211917],[0.663085,43.211291],[0.664179,43.210603],[0.664737,43.210493],[0.665381,43.209774],[0.666218,43.209508],[0.667226,43.209477],[0.667849,43.208851],[0.668342,43.209023],[0.669179,43.20968],[0.670037,43.208851],[0.670831,43.209008],[0.673149,43.207162],[0.674994,43.206928],[0.677569,43.205848],[0.679028,43.20577],[0.678449,43.205254],[0.677419,43.205035],[0.676067,43.203987],[0.67553,43.203784],[0.672784,43.203565],[0.671861,43.203236],[0.671153,43.202532],[0.66963,43.201719],[0.668685,43.201406],[0.667613,43.200687],[0.666475,43.199686],[0.665596,43.199154],[0.665188,43.198778],[0.664308,43.19845],[0.661218,43.196416],[0.660403,43.196072],[0.659351,43.194883],[0.658214,43.194117],[0.65697,43.193069],[0.657621,43.192659],[0.65608,43.192156],[0.654493,43.190898],[0.65378,43.189842],[0.654079,43.189524],[0.653826,43.189289],[0.653941,43.189021],[0.655505,43.187947],[0.655413,43.187595],[0.65355,43.187226],[0.653274,43.186824],[0.653435,43.186405],[0.65286,43.18612],[0.652377,43.186069],[0.652127,43.18612],[0.651808,43.185468],[0.651247,43.18508],[0.64982,43.184538],[0.650077,43.183822],[0.649939,43.183319],[0.649111,43.183084],[0.646858,43.183286],[0.645915,43.182967],[0.639797,43.17916],[0.63982,43.178137],[0.639107,43.176947],[0.639314,43.176662],[0.638004,43.176477],[0.637613,43.175806],[0.634278,43.17542],[0.633703,43.175068],[0.63391,43.174733],[0.63575,43.174196],[0.635819,43.173978],[0.63299,43.17163],[0.634163,43.17059],[0.634278,43.170053],[0.633841,43.168376],[0.632852,43.168695],[0.631679,43.168829],[0.63161,43.168644],[0.632369,43.168393],[0.632875,43.168041],[0.632898,43.167638],[0.632553,43.16747],[0.630943,43.167537],[0.629333,43.167453],[0.628459,43.167755],[0.628161,43.168007],[0.628023,43.168611],[0.627517,43.169047],[0.627011,43.169164],[0.624619,43.169148],[0.623331,43.168678],[0.62202,43.168393],[0.621054,43.16794],[0.62018,43.167806],[0.619605,43.168007],[0.619421,43.168443],[0.619513,43.169617],[0.619352,43.170406],[0.61857,43.170557],[0.61795,43.170473],[0.617352,43.169969],[0.614983,43.169567],[0.613488,43.169735],[0.613074,43.169617],[0.612499,43.168846],[0.611211,43.167755],[0.61151,43.166934],[0.61197,43.166414],[0.612614,43.165759],[0.612844,43.164334],[0.61266,43.163713],[0.612085,43.163512],[0.612016,43.163277],[0.61174,43.163143],[0.611717,43.162908],[0.611303,43.16274],[0.611326,43.162555],[0.614454,43.162421],[0.61473,43.162119],[0.614776,43.161415],[0.6145,43.161046],[0.61243,43.160006],[0.614477,43.1592],[0.614937,43.158898],[0.614753,43.158664],[0.610153,43.157791],[0.608911,43.157674],[0.607991,43.156852],[0.607348,43.156483],[0.607325,43.156164],[0.607118,43.156013],[0.606865,43.155191],[0.606658,43.154973],[0.606612,43.154771],[0.607922,43.154285],[0.608681,43.153798],[0.609279,43.153664],[0.609831,43.152792],[0.610751,43.15306],[0.612108,43.153211],[0.61266,43.151718],[0.611901,43.151215],[0.612338,43.150829],[0.613879,43.150845],[0.614661,43.150761],[0.615351,43.150409],[0.615466,43.150074],[0.615351,43.149923],[0.615535,43.149788],[0.616064,43.149788],[0.616731,43.149235],[0.616915,43.14806],[0.618823,43.146365],[0.621054,43.146315],[0.621284,43.145359],[0.621606,43.144687],[0.621698,43.1441],[0.62156,43.143664],[0.621997,43.143312],[0.622572,43.141701],[0.622963,43.1416],[0.624504,43.141852],[0.628781,43.141097],[0.631104,43.1391],[0.631311,43.138529],[0.634899,43.137472],[0.636026,43.134686],[0.637406,43.134149],[0.637383,43.133964],[0.636417,43.133461],[0.636141,43.130272],[0.63667,43.129231],[0.640165,43.12903],[0.640119,43.128493],[0.640303,43.128308],[0.639015,43.12767],[0.638992,43.126848],[0.638303,43.126495],[0.638877,43.125639],[0.639797,43.124649],[0.640694,43.122903],[0.640671,43.122383],[0.641154,43.12198],[0.642051,43.121594],[0.642097,43.121326],[0.641614,43.120822],[0.640786,43.120855],[0.639222,43.121208],[0.637866,43.121409],[0.635405,43.121124],[0.633749,43.12109],[0.634002,43.119966],[0.632277,43.11968],[0.630276,43.119546],[0.629609,43.119445],[0.62839,43.119412],[0.627494,43.119294],[0.62662,43.119345],[0.625861,43.119261],[0.625309,43.119059],[0.624389,43.118942],[0.62294,43.119328],[0.62248,43.120335],[0.621882,43.120167],[0.621146,43.120234],[0.620916,43.120134],[0.620801,43.119848],[0.621192,43.119429],[0.621813,43.118992],[0.621215,43.11911],[0.620801,43.119328],[0.61995,43.119311],[0.619099,43.119513],[0.618639,43.119412],[0.617306,43.119563],[0.616524,43.119496],[0.61588,43.119412],[0.614822,43.119429],[0.613856,43.119395],[0.612798,43.119613],[0.610935,43.119311],[0.609578,43.119244],[0.606336,43.120117],[0.605324,43.120604],[0.602633,43.121561],[0.600126,43.122887],[0.599942,43.121947],[0.598493,43.12198],[0.593848,43.121812],[0.594285,43.120503],[0.586627,43.121527],[0.585799,43.121376],[0.584902,43.121309],[0.584212,43.120537],[0.584971,43.119429],[0.585684,43.118841],[0.586489,43.118405],[0.586719,43.117263],[0.587225,43.116474],[0.588259,43.116021],[0.589294,43.115836],[0.589547,43.115903],[0.58957,43.115668],[0.588949,43.115735],[0.58842,43.115668],[0.589754,43.115097],[0.590053,43.114812],[0.591548,43.114258],[0.592008,43.114006],[0.592123,43.113469],[0.59187,43.113167],[0.591272,43.110934],[0.589915,43.110917],[0.58957,43.110682],[0.588995,43.109708],[0.588236,43.10996],[0.58665,43.111051],[0.585753,43.111958],[0.585155,43.112243],[0.584051,43.112344],[0.58274,43.112898],[0.580348,43.113503],[0.578945,43.114107],[0.578393,43.114191],[0.577657,43.114527],[0.576967,43.114594],[0.576623,43.114896],[0.576209,43.114946],[0.575519,43.114812],[0.575404,43.114527],[0.574921,43.114124],[0.57453,43.113486],[0.575174,43.113352],[0.575611,43.113083],[0.576784,43.112697],[0.577335,43.112092],[0.577657,43.111555],[0.579405,43.10996],[0.579911,43.109557],[0.581245,43.108802],[0.582717,43.108013],[0.58504,43.107106],[0.586213,43.106552],[0.587845,43.106199],[0.588466,43.105897],[0.589225,43.10583],[0.590559,43.105931],[0.591548,43.105796],[0.593618,43.10489],[0.593066,43.104671],[0.592813,43.104436],[0.591525,43.104604],[0.591203,43.104],[0.591111,43.103378],[0.590881,43.102522],[0.59026,43.101699],[0.589915,43.100742],[0.590007,43.099785],[0.590352,43.098425],[0.590743,43.097451],[0.592353,43.097115],[0.59256,43.096712],[0.59325,43.096561],[0.593319,43.096057],[0.593549,43.095688],[0.59325,43.094965],[0.593549,43.09473],[0.593043,43.09426],[0.592997,43.0929],[0.594055,43.091556],[0.594055,43.091153],[0.593871,43.090918],[0.59325,43.089709],[0.592491,43.088852],[0.591456,43.088147],[0.591042,43.087945],[0.590559,43.087408],[0.590099,43.086686],[0.586857,43.085258],[0.585937,43.085023],[0.58504,43.084788],[0.584166,43.084888],[0.583131,43.085258],[0.582257,43.085678],[0.581176,43.085779],[0.579267,43.085208],[0.577105,43.085208],[0.575772,43.085241],[0.575312,43.084301],[0.574162,43.084368],[0.574714,43.083898],[0.575105,43.08341],[0.575197,43.08247],[0.574208,43.082487],[0.57269,43.082167],[0.570551,43.081512],[0.56993,43.080924],[0.569677,43.080337],[0.569447,43.078942],[0.570804,43.078724],[0.571793,43.078791],[0.578232,43.077447],[0.578439,43.07691],[0.577588,43.076355],[0.577151,43.075986],[0.574852,43.076137],[0.571379,43.075784],[0.570574,43.075532],[0.569861,43.075129],[0.569125,43.074961],[0.568596,43.074491],[0.567492,43.074289],[0.567055,43.074037],[0.566871,43.074037],[0.566756,43.074239],[0.566159,43.074239],[0.56586,43.074323],[0.564641,43.074172],[0.563422,43.073483],[0.562755,43.072861],[0.562456,43.072273],[0.562364,43.071148],[0.562134,43.069568],[0.562364,43.069316],[0.562847,43.06893],[0.562916,43.068712],[0.563353,43.068712],[0.564135,43.068275],[0.562916,43.068191],[0.561582,43.066359],[0.561582,43.06604],[0.560685,43.065284],[0.559903,43.064763],[0.559811,43.06441],[0.560041,43.064209],[0.560984,43.063806],[0.561582,43.06315],[0.56264,43.062428],[0.562985,43.061941],[0.563031,43.061504],[0.563307,43.061453],[0.563606,43.060563],[0.562801,43.061168],[0.562088,43.060025],[0.562042,43.05905],[0.561536,43.05821],[0.559857,43.056732],[0.560317,43.055891],[0.560685,43.055706],[0.561168,43.055286],[0.56149,43.054648],[0.562134,43.053824],[0.562502,43.052984],[0.562594,43.051774],[0.562364,43.050682],[0.561513,43.050144],[0.561053,43.0488],[0.561352,43.048497],[0.561237,43.048228],[0.560639,43.047875],[0.56057,43.047455],[0.561076,43.046884],[0.562318,43.045589],[0.563353,43.045119],[0.56402,43.044968],[0.56494,43.046161],[0.566619,43.046195],[0.566802,43.04522],[0.567308,43.04401],[0.568113,43.043253],[0.568826,43.041959],[0.569033,43.041236],[0.569148,43.040648],[0.569516,43.04011],[0.570827,43.039522],[0.571609,43.039455],[0.572897,43.039539],[0.573656,43.039186],[0.574461,43.038917],[0.575657,43.038665],[0.576531,43.038379],[0.577864,43.038261],[0.580969,43.038429],[0.581935,43.03811],[0.584718,43.037522],[0.587041,43.037353],[0.587845,43.037471],[0.589317,43.03811],[0.590559,43.03811],[0.5921,43.038009],[0.592836,43.038076],[0.593319,43.035773],[0.59302,43.034899],[0.593526,43.034059],[0.593664,43.033134],[0.591456,43.033773],[0.590582,43.032832],[0.59026,43.032294],[0.590237,43.031689],[0.589685,43.030663],[0.58773,43.030764],[0.586949,43.030697],[0.584718,43.030747],[0.584442,43.030982],[0.583338,43.03142],[0.581452,43.031957],[0.580256,43.03226],[0.580539,43.033326],[0.578636,43.033647],[0.577661,43.033338],[0.576408,43.033421],[0.573758,43.033374],[0.572945,43.031781],[0.572262,43.03064],[0.573449,43.030295],[0.573937,43.029998],[0.57314,43.029154],[0.572164,43.02844],[0.572294,43.028274],[0.572717,43.028131],[0.57288,43.027929],[0.573449,43.027715],[0.573367,43.027585],[0.57366,43.027252],[0.573676,43.026586],[0.574002,43.026455],[0.574143,43.026447],[0.574154,43.026581],[0.574733,43.026683],[0.574701,43.026918],[0.575194,43.026941],[0.575699,43.02731],[0.576181,43.027404],[0.576289,43.027255],[0.576857,43.027475],[0.577104,43.027734],[0.577437,43.027945],[0.577716,43.028275],[0.578531,43.028102],[0.579121,43.028102],[0.58249,43.028808],[0.584056,43.029169],[0.58485,43.029184],[0.588241,43.028604],[0.589163,43.028384],[0.590086,43.027961],[0.591223,43.0276],[0.591717,43.027788],[0.593584,43.029137],[0.594656,43.029639],[0.594828,43.030471],[0.595107,43.030361],[0.595279,43.029435],[0.595815,43.02909],[0.596416,43.028855],[0.596309,43.028165],[0.59633,43.026926],[0.596073,43.025734],[0.598712,43.025216],[0.599377,43.025184],[0.603154,43.023788],[0.604184,43.023898],[0.604913,43.024149],[0.60487,43.024651],[0.605085,43.024902],[0.606952,43.02589],[0.609891,43.027898],[0.611994,43.028526],[0.614483,43.028228],[0.617015,43.029028],[0.616071,43.030016],[0.615106,43.029749],[0.614269,43.030894],[0.614355,43.031161],[0.613647,43.03229],[0.613732,43.032776],[0.614333,43.033043],[0.614934,43.033012],[0.61547,43.032855],[0.616071,43.032808],[0.616286,43.032698],[0.61723,43.032698],[0.618432,43.032949],[0.618539,43.032651],[0.619226,43.032808],[0.621285,43.032776],[0.621822,43.032604],[0.621221,43.033372],[0.62077,43.03367],[0.619955,43.034376],[0.617144,43.035443],[0.615535,43.03549],[0.615706,43.036133],[0.613818,43.038877],[0.614398,43.039097],[0.615299,43.039426],[0.616307,43.039395],[0.618496,43.039881],[0.619376,43.040211],[0.619912,43.040414],[0.620277,43.040336],[0.620835,43.039411],[0.622208,43.039348],[0.622251,43.039505],[0.62253,43.039395],[0.622723,43.039944],[0.623474,43.040916],[0.62474,43.041371],[0.625556,43.041434],[0.626242,43.041387],[0.627294,43.041449],[0.627809,43.041622],[0.62856,43.041246],[0.629096,43.040806],[0.630383,43.039975],[0.631027,43.039238],[0.631328,43.039144],[0.63225,43.03847],[0.632958,43.038234],[0.63416,43.038266],[0.634654,43.038407],[0.635383,43.038924],[0.636907,43.03952],[0.63946,43.040352],[0.640512,43.040603],[0.643988,43.04101],[0.646563,43.041026],[0.648322,43.041324],[0.650854,43.042187],[0.654073,43.04308],[0.655768,43.043394],[0.656691,43.043692],[0.65727,43.04399],[0.657914,43.043457],[0.658965,43.043755],[0.659652,43.043567],[0.661819,43.043723],[0.662549,43.043865],[0.664201,43.043457],[0.664694,43.043065],[0.665123,43.042892],[0.666046,43.041308],[0.666454,43.040289],[0.666668,43.040211],[0.666003,43.038564],[0.666175,43.038031],[0.665638,43.037733],[0.665596,43.037246],[0.665188,43.03698],[0.665038,43.036682],[0.663986,43.036133],[0.663557,43.035302],[0.665188,43.034643],[0.66596,43.034549],[0.666754,43.03469],[0.667248,43.033827],[0.667892,43.033529],[0.668063,43.033639],[0.668836,43.033498],[0.669222,43.033529],[0.670295,43.033263],[0.670853,43.033357],[0.671475,43.033294],[0.672569,43.03367],[0.673685,43.033921],[0.674887,43.034564],[0.675144,43.035004],[0.675037,43.035474],[0.674651,43.035882],[0.674715,43.036164],[0.674479,43.036666],[0.675831,43.037137],[0.676131,43.037513],[0.677483,43.038156],[0.677934,43.038815],[0.678749,43.039128],[0.68023,43.039426],[0.680916,43.039897],[0.680616,43.04065],[0.680466,43.041199],[0.680702,43.041575],[0.682139,43.04319],[0.682397,43.043865],[0.682912,43.044006],[0.683513,43.04399],[0.684114,43.044084],[0.685143,43.043927],[0.685637,43.044162],[0.686131,43.044147],[0.686989,43.044335],[0.688899,43.043723],[0.690379,43.043049],[0.690744,43.04272],[0.691195,43.041716],[0.691473,43.040508],[0.69083,43.03847],[0.690873,43.037764],[0.690722,43.036117],[0.692396,43.035913],[0.692589,43.035145],[0.693791,43.034047],[0.695336,43.033827],[0.698383,43.034298],[0.698833,43.034329],[0.698984,43.033655],[0.698705,43.032839],[0.700357,43.031349],[0.701408,43.0308],[0.701795,43.030486],[0.702696,43.03011],[0.703125,43.029796],[0.703382,43.028824],[0.703855,43.027898],[0.704584,43.02702],[0.705764,43.025796],[0.706344,43.02509],[0.706773,43.024212],[0.707095,43.023945],[0.706751,43.023428],[0.707159,43.022329],[0.707824,43.021231],[0.708039,43.020525],[0.70821,43.019647],[0.708103,43.018156],[0.707717,43.016619],[0.706923,43.015882],[0.705807,43.015395],[0.704691,43.014501],[0.703876,43.014375],[0.703254,43.014391],[0.702503,43.014015],[0.701859,43.013685],[0.701365,43.012963],[0.698812,43.012053],[0.696537,43.011394],[0.694821,43.011112],[0.694134,43.010735],[0.691302,43.009119],[0.69098,43.009041],[0.689757,43.008115],[0.689392,43.006766],[0.688941,43.006781],[0.687096,43.006154],[0.686538,43.005228],[0.686216,43.004286],[0.684714,43.003047],[0.684092,43.002795],[0.683169,43.002905],[0.681796,43.002387],[0.680938,43.002011],[0.680037,43.001791],[0.677912,43.001038],[0.677183,43.000661],[0.676496,43.000551],[0.676153,43.000457],[0.674565,43.000473],[0.674071,43.000347],[0.67332,43.00041],[0.672762,42.999657],[0.672612,42.999061],[0.672977,42.997993],[0.673535,42.997099],[0.674586,42.996126],[0.673857,42.995325],[0.673664,42.99429],[0.673749,42.993599],[0.673964,42.993112],[0.674222,42.992846],[0.674286,42.992249],[0.673792,42.992375],[0.673985,42.992124],[0.674372,42.992061],[0.674136,42.990413],[0.672462,42.989628],[0.672033,42.988953],[0.672333,42.986944],[0.671947,42.986536],[0.671303,42.986128],[0.67096,42.985437],[0.669994,42.984872],[0.669844,42.984558],[0.669587,42.984448],[0.670831,42.983805],[0.671453,42.984433],[0.671883,42.984652],[0.672269,42.984605],[0.672784,42.984464],[0.674522,42.984338],[0.675037,42.984354],[0.676324,42.98415],[0.675724,42.983632],[0.674951,42.983145],[0.675015,42.982674],[0.675015,42.982376],[0.675273,42.982109],[0.674736,42.981937],[0.673985,42.98123],[0.67347,42.980524],[0.672913,42.980351],[0.67229,42.97977],[0.67199,42.979346],[0.671368,42.978593],[0.670617,42.978169],[0.670252,42.977635],[0.670166,42.977306],[0.670145,42.976709],[0.66978,42.976317],[0.669651,42.975532],[0.669136,42.974935],[0.668685,42.974668],[0.668235,42.974056],[0.667334,42.973601],[0.666604,42.973145],[0.665982,42.973208],[0.665746,42.97291],[0.665574,42.971921],[0.666068,42.971999],[0.666819,42.971355],[0.666196,42.970822],[0.666218,42.97057],[0.666561,42.970523],[0.667462,42.971255],[0.667675,42.971141],[0.667307,42.970457],[0.666486,42.969442],[0.665622,42.969007],[0.665027,42.967878],[0.664674,42.966821],[0.665013,42.966469],[0.664737,42.965279],[0.664887,42.964023],[0.665209,42.96239],[0.664737,42.96151],[0.664201,42.960835],[0.664179,42.960364],[0.664501,42.959909],[0.664523,42.958967],[0.664136,42.957883],[0.663064,42.955198],[0.662935,42.954192],[0.663021,42.953549],[0.663407,42.953125],[0.663257,42.952402],[0.663385,42.951774],[0.66448,42.950941],[0.665123,42.950282],[0.665574,42.949936],[0.665467,42.948978],[0.66448,42.948648],[0.66375,42.948601],[0.663772,42.948334],[0.662999,42.948256],[0.662634,42.947989],[0.662034,42.948177],[0.662034,42.947423],[0.662527,42.94747],[0.663428,42.947376],[0.66433,42.947298],[0.665231,42.947392],[0.666025,42.947345],[0.667076,42.947565],[0.667977,42.947455],[0.669501,42.947376],[0.670402,42.947125],[0.671089,42.947156],[0.671861,42.946936],[0.672526,42.946936],[0.672569,42.946795],[0.67111,42.946324],[0.670531,42.945931],[0.670273,42.945381],[0.670059,42.945224],[0.669715,42.944863],[0.670316,42.944957],[0.671325,42.945397],[0.673943,42.945224],[0.674779,42.944832],[0.675251,42.94447],[0.675509,42.944015],[0.674779,42.944345],[0.675337,42.943811],[0.675831,42.943057],[0.675917,42.941455],[0.677075,42.940842],[0.678256,42.939884],[0.679092,42.939083],[0.679328,42.938627],[0.6795,42.938171],[0.679994,42.937936],[0.682011,42.93737],[0.683706,42.936836],[0.685444,42.936302],[0.686495,42.936224],[0.687697,42.935218],[0.687203,42.934888],[0.68862,42.9347],[0.687847,42.93426],[0.687568,42.933946],[0.687053,42.933741],[0.687439,42.9336],[0.687611,42.933082],[0.687096,42.93283],[0.688298,42.9325],[0.688877,42.932563],[0.689499,42.932547],[0.690379,42.932877],[0.690916,42.932406],[0.691817,42.932092],[0.694005,42.932406],[0.694714,42.932437],[0.6951,42.932736],[0.696173,42.932752],[0.696559,42.932924],[0.696859,42.932956],[0.697546,42.933537],[0.698597,42.934385],[0.69952,42.934543],[0.700185,42.934448],[0.700529,42.934715],[0.700486,42.935045],[0.700936,42.935658],[0.700958,42.935878],[0.701494,42.936145],[0.701838,42.936098],[0.70246,42.936255],[0.703018,42.936616],[0.703533,42.93704],[0.704155,42.937245],[0.704198,42.937496],[0.704734,42.937952],[0.705206,42.938077],[0.705872,42.938014],[0.706494,42.938203],[0.706794,42.938564],[0.706944,42.93836],[0.706515,42.937527],[0.706494,42.937229],[0.706451,42.936978],[0.706687,42.936522],[0.706022,42.935925],[0.705721,42.934794],[0.705614,42.933804],[0.705764,42.933097],[0.706022,42.932657],[0.706666,42.93228],[0.70688,42.931558],[0.706923,42.931008],[0.708511,42.930395],[0.709026,42.930285],[0.709562,42.929688],[0.710549,42.929437],[0.711086,42.929044],[0.711687,42.9284],[0.712609,42.927913],[0.713532,42.927049],[0.713854,42.926561],[0.714905,42.925792],[0.716,42.924252],[0.716622,42.923105],[0.71718,42.922728],[0.717995,42.922743],[0.718446,42.922508],[0.718553,42.922162],[0.717931,42.920779],[0.717158,42.920512],[0.716171,42.919255],[0.715356,42.918611],[0.715442,42.918454],[0.71558,42.918498],[0.715897,42.918265],[0.716019,42.918259],[0.716318,42.918046],[0.716448,42.918033],[0.7163,42.917699],[0.716364,42.917416],[0.71527,42.916458],[0.714519,42.916489],[0.71394,42.915704],[0.71336,42.915326],[0.712867,42.914509],[0.712245,42.914305],[0.71173,42.914022],[0.711515,42.913708],[0.711021,42.913441],[0.710313,42.913236],[0.70982,42.913535],[0.709198,42.913488],[0.708725,42.913786],[0.708146,42.913582],[0.705872,42.913221],[0.705442,42.912938],[0.705078,42.912466],[0.702739,42.912073],[0.703146,42.911948],[0.703833,42.911948],[0.704455,42.911539],[0.706429,42.911413],[0.705807,42.911162],[0.703726,42.910942],[0.702975,42.910628],[0.70188,42.910439],[0.701387,42.910455],[0.700657,42.910738],[0.701151,42.91025],[0.70158,42.910062],[0.701602,42.909685],[0.700743,42.909276],[0.700636,42.90904],[0.699992,42.908977],[0.699069,42.909166],[0.697803,42.909292],[0.695336,42.911413],[0.691688,42.912545],[0.690873,42.912026],[0.690486,42.911209],[0.690465,42.910973],[0.690293,42.910989],[0.689886,42.91047],[0.689714,42.910109],[0.689049,42.90981],[0.688319,42.909622],[0.68789,42.909009],[0.687504,42.90805],[0.686924,42.908034],[0.686774,42.90816],[0.686131,42.908192],[0.68583,42.90783],[0.68583,42.9075],[0.685465,42.907091],[0.684435,42.906211],[0.6845,42.90541],[0.684435,42.903791],[0.685101,42.903021],[0.684907,42.901574],[0.684006,42.900553],[0.682783,42.900427],[0.681453,42.900144],[0.681281,42.899971],[0.680659,42.90016],[0.679758,42.900176],[0.678728,42.900411],[0.678105,42.900301],[0.677505,42.899908],[0.677226,42.900144],[0.677226,42.900474],[0.675616,42.900946],[0.6742,42.901056],[0.671861,42.90115],[0.671067,42.902219],[0.67066,42.902455],[0.669029,42.903099],[0.667613,42.903303],[0.667076,42.904247],[0.666153,42.904624],[0.665574,42.905315],[0.665059,42.905378],[0.664673,42.905567],[0.664673,42.905693],[0.665081,42.905944],[0.664372,42.906054],[0.664952,42.906321],[0.664201,42.90629],[0.664008,42.906038],[0.663707,42.906148],[0.663707,42.906416],[0.66345,42.906337],[0.663407,42.905205],[0.662978,42.905347],[0.66227,42.906195],[0.661669,42.906526],[0.661819,42.905787],[0.661454,42.90607],[0.660446,42.906117],[0.659437,42.905834],[0.658364,42.90607],[0.658193,42.90596],[0.658407,42.905677],[0.65933,42.905237],[0.660746,42.905127],[0.660982,42.904891],[0.661261,42.904011],[0.661025,42.903634],[0.660317,42.903854],[0.659845,42.903854],[0.659952,42.903618],[0.660532,42.903209],[0.660424,42.903068],[0.659716,42.902879],[0.659115,42.902596],[0.657806,42.90225],[0.657527,42.903319],[0.656433,42.903916],[0.654609,42.905064],[0.652506,42.90552],[0.651305,42.905818],[0.649974,42.905913],[0.64903,42.905818],[0.646756,42.904812],[0.644395,42.903555],[0.643837,42.903209],[0.642421,42.902612],[0.641949,42.902706],[0.641541,42.90203],[0.641263,42.901952],[0.641799,42.901323],[0.641735,42.901166],[0.641026,42.90126],[0.640619,42.901496],[0.641005,42.900144],[0.640833,42.899185],[0.64019,42.897865],[0.639246,42.896639],[0.63828,42.895633],[0.638108,42.89491],[0.638173,42.894422],[0.638473,42.894108],[0.637722,42.893998],[0.637143,42.893495],[0.636671,42.892677],[0.635769,42.89307],[0.634203,42.893102],[0.633473,42.893149],[0.63298,42.893259],[0.631886,42.893102],[0.631092,42.892441],[0.631027,42.892127],[0.629804,42.892457],[0.629375,42.89241],[0.629096,42.892599],[0.62856,42.892426],[0.628302,42.891986],[0.627551,42.891498],[0.626564,42.890728],[0.625427,42.889643],[0.624654,42.889187],[0.624697,42.88859],[0.624268,42.888448],[0.62341,42.88793],[0.623345,42.887065],[0.622594,42.885901],[0.621908,42.885162],[0.621135,42.884628],[0.621221,42.884188],[0.621886,42.883386],[0.621221,42.882128],[0.6212,42.881452],[0.619977,42.88087],[0.61974,42.88054],[0.620599,42.879864],[0.620341,42.879691],[0.620749,42.878967],[0.618968,42.87804],[0.618625,42.877175],[0.618281,42.876735],[0.617788,42.87642],[0.617788,42.876074],[0.617359,42.87587],[0.617101,42.875524],[0.616393,42.875225],[0.616586,42.874627],[0.616286,42.874203],[0.616264,42.873731],[0.615664,42.873134],[0.615406,42.872678],[0.615127,42.872583],[0.61502,42.872111],[0.615191,42.871687],[0.614955,42.870602],[0.615063,42.870067],[0.616415,42.869784],[0.617423,42.869312],[0.618196,42.868573],[0.618211,42.869201],[0.618771,42.868849],[0.619592,42.868555],[0.619452,42.867513],[0.619953,42.86722],[0.620293,42.866486],[0.620713,42.866325],[0.621174,42.866383],[0.622255,42.866134],[0.623656,42.865107],[0.622956,42.864754],[0.621795,42.864887],[0.620613,42.8643],[0.619152,42.863757],[0.619592,42.862715],[0.619752,42.862421],[0.620233,42.862157],[0.620533,42.861673],[0.621214,42.861614],[0.621654,42.861394],[0.621034,42.861262],[0.620073,42.860675],[0.618491,42.860601],[0.617931,42.85997],[0.618671,42.859471],[0.619232,42.858884],[0.619792,42.85771],[0.619592,42.857035],[0.620133,42.856962],[0.620153,42.856654],[0.620093,42.856478],[0.620473,42.855832],[0.620513,42.855318],[0.621274,42.853689],[0.621294,42.853425],[0.621614,42.853146],[0.621574,42.852896],[0.620273,42.853131],[0.619272,42.853674],[0.618091,42.85388],[0.61707,42.853865],[0.616489,42.853439],[0.615908,42.853205],[0.615268,42.852808],[0.614127,42.852456],[0.613826,42.852119],[0.613526,42.851972],[0.613786,42.851781],[0.614567,42.851957],[0.615168,42.851531],[0.615348,42.851898],[0.615588,42.851649],[0.616249,42.851429],[0.616509,42.850974],[0.61785,42.850343],[0.618151,42.850504],[0.618391,42.850445],[0.618231,42.850181],[0.618651,42.849521],[0.618711,42.849036],[0.618711,42.848611],[0.619132,42.847363],[0.619672,42.846834],[0.620253,42.846497],[0.621134,42.84613],[0.621274,42.845337],[0.621214,42.844809],[0.620733,42.844398],[0.620673,42.844045],[0.620834,42.843796],[0.620713,42.842886],[0.620373,42.842005],[0.620213,42.841447],[0.620053,42.841154],[0.620113,42.840977],[0.621414,42.840596],[0.622315,42.840948],[0.622916,42.840889],[0.624317,42.840053],[0.623596,42.840097],[0.623036,42.839979],[0.622575,42.838878],[0.622275,42.838687],[0.621374,42.838408],[0.620313,42.837909],[0.619552,42.837381],[0.618251,42.836823],[0.617891,42.836338],[0.61775,42.835913],[0.61769,42.835061],[0.618651,42.834929],[0.619112,42.834562],[0.619873,42.834444],[0.619612,42.83374],[0.619252,42.833255],[0.618992,42.833299],[0.618852,42.832653],[0.619032,42.832316],[0.619032,42.831537],[0.619112,42.831126],[0.618731,42.830245],[0.61773,42.83001],[0.61757,42.82957],[0.61719,42.829687],[0.616044,42.829244],[0.616704,42.828983],[0.616255,42.829012],[0.616308,42.828905],[0.616004,42.828944],[0.616176,42.828702],[0.615714,42.828808],[0.615833,42.828585],[0.615635,42.828653],[0.61574,42.828469],[0.615106,42.828556],[0.615265,42.828353],[0.614895,42.828382],[0.615621,42.828188],[0.615348,42.828087],[0.615428,42.82794],[0.614947,42.827925],[0.615768,42.827764],[0.616329,42.827397],[0.61703,42.827147],[0.61693,42.826839],[0.616449,42.826457],[0.615948,42.826486],[0.616269,42.825811],[0.614347,42.825429],[0.613206,42.825033],[0.612425,42.824416],[0.611904,42.823829],[0.611063,42.822625],[0.611324,42.820995],[0.611584,42.819967],[0.611184,42.819409],[0.611464,42.818733],[0.611844,42.818248],[0.612545,42.818146],[0.613826,42.817573],[0.614607,42.817015],[0.614387,42.816383],[0.614487,42.816031],[0.614767,42.816134],[0.615028,42.816046],[0.615208,42.815488],[0.614967,42.815164],[0.614767,42.81465],[0.614327,42.814107],[0.614267,42.813373],[0.613646,42.812447],[0.613266,42.811801],[0.613146,42.811302],[0.612004,42.810685],[0.611944,42.811816],[0.611904,42.812506],[0.611704,42.813167],[0.611384,42.812756],[0.610563,42.812389],[0.610183,42.811228],[0.609882,42.810847],[0.609622,42.810009],[0.608821,42.809495],[0.608741,42.808981],[0.609001,42.808761],[0.609181,42.808232],[0.608861,42.807777],[0.608401,42.807542],[0.60812,42.807292],[0.607079,42.807101],[0.605217,42.806998],[0.604316,42.806484],[0.603936,42.805941],[0.603656,42.805823],[0.602274,42.805647],[0.601053,42.805397],[0.601373,42.804971],[0.601874,42.804722],[0.602795,42.804634],[0.602955,42.803532],[0.603636,42.802107],[0.603335,42.801182],[0.602655,42.800623],[0.602154,42.79986],[0.601934,42.798141],[0.601233,42.797024],[0.600813,42.796466],[0.600052,42.795893],[0.598651,42.795188],[0.597489,42.794468],[0.596528,42.794409],[0.596488,42.79416],[0.594546,42.793895],[0.593385,42.793616],[0.593005,42.793704],[0.591223,42.791809],[0.591083,42.791295]]],"type":"MultiLineString"},"properties":{"geo_point":{"lon":0.8581319094243662,"lat":43.23320124605056},"name":"GR86 De Toulouse à Bagnères-de-Luchon (Haute-Garonne) (2020)","code_gr":"GR86"}}]}