{"type":"FeatureCollection","features":[{"type":"Feature","geometry":{"coordinates":[[[5.630829,45.170942],[5.630829,45.170942],[5.631687,45.171305],[5.63452,45.171002],[5.633811,45.16955],[5.633661,45.168295],[5.633039,45.16657],[5.632395,45.164906],[5.631837,45.164391],[5.631558,45.163862],[5.631065,45.163378],[5.630679,45.162409],[5.631151,45.161819],[5.631172,45.160049],[5.631666,45.159535],[5.632181,45.159414],[5.63261,45.159156],[5.632674,45.15899],[5.633018,45.159081],[5.633232,45.159595],[5.633704,45.160276],[5.634133,45.159731],[5.635035,45.159686],[5.636258,45.159792],[5.636236,45.15955],[5.635828,45.159141],[5.636086,45.158854],[5.635335,45.15781],[5.635292,45.157537],[5.63467,45.157235],[5.634262,45.156614],[5.634155,45.155782],[5.633854,45.154678],[5.633876,45.153739],[5.633704,45.153013],[5.633339,45.152604],[5.633382,45.15206],[5.633726,45.150788],[5.63364,45.150062],[5.633811,45.149336],[5.634112,45.148927],[5.634241,45.148534],[5.634498,45.148413],[5.634605,45.147989],[5.635099,45.14758],[5.635485,45.146975],[5.635614,45.146536],[5.635936,45.146718],[5.636301,45.146203],[5.636386,45.146506],[5.63673,45.146702],[5.637331,45.14808],[5.637331,45.148428],[5.637931,45.148791],[5.638253,45.1487],[5.638661,45.14867],[5.639026,45.148821],[5.639197,45.148836],[5.639262,45.148534],[5.638833,45.147837],[5.638232,45.147111],[5.637996,45.146566],[5.637888,45.145794],[5.638124,45.145204],[5.638103,45.144599],[5.637674,45.144024],[5.636558,45.142177],[5.636043,45.140876],[5.635421,45.140331],[5.635335,45.139983],[5.634906,45.139877],[5.634434,45.139105],[5.63379,45.138514],[5.633554,45.138091],[5.632653,45.137258],[5.631644,45.136698],[5.631301,45.136335],[5.630314,45.135124],[5.629413,45.135033],[5.627138,45.135487],[5.626044,45.135608],[5.624799,45.13473],[5.623877,45.133822],[5.623254,45.133852],[5.622138,45.133217],[5.621645,45.132747],[5.621473,45.132384],[5.619585,45.131173],[5.619585,45.131173],[5.618877,45.131551],[5.618383,45.131445],[5.618405,45.131188],[5.618813,45.130794],[5.618813,45.130794],[5.618963,45.13031],[5.619735,45.129493],[5.6201,45.128751],[5.619606,45.127979],[5.619606,45.127358],[5.620658,45.126283],[5.620594,45.125723],[5.620872,45.125087],[5.621259,45.124497],[5.621151,45.123513],[5.620744,45.123134],[5.619542,45.121135],[5.618448,45.120742],[5.618577,45.121257],[5.618147,45.122241],[5.61789,45.123028],[5.617504,45.123073],[5.617074,45.122907],[5.616645,45.122831],[5.61568,45.12221],[5.615422,45.121499],[5.614886,45.121257],[5.614392,45.120787],[5.614264,45.120363],[5.613727,45.1205],[5.611903,45.120076],[5.610358,45.11891],[5.610165,45.118168],[5.609929,45.117002],[5.609521,45.116578],[5.607719,45.115836],[5.606796,45.114791],[5.605938,45.113368],[5.606496,45.112323],[5.606174,45.111369],[5.606238,45.110809],[5.60611,45.110369],[5.606281,45.109521],[5.606453,45.108052],[5.606346,45.106553],[5.606131,45.104963],[5.606088,45.104402],[5.605938,45.104039],[5.605809,45.103463],[5.605444,45.102752],[5.60538,45.101873],[5.605037,45.100843],[5.604672,45.09995],[5.604522,45.098965],[5.604307,45.098026],[5.604221,45.097223],[5.603642,45.095784],[5.602784,45.094466],[5.60184,45.094118],[5.601689,45.093815],[5.601389,45.093618],[5.600895,45.092891],[5.600895,45.091846],[5.601325,45.091346],[5.601539,45.090997],[5.602247,45.090755],[5.602655,45.090149],[5.602397,45.089573],[5.602612,45.089407],[5.60229,45.089164],[5.602955,45.088437],[5.604007,45.08821],[5.604028,45.08821],[5.604994,45.087649],[5.605659,45.086953],[5.605659,45.086953],[5.605037,45.08618],[5.605037,45.085589],[5.604865,45.085377],[5.604865,45.08518],[5.604565,45.085271],[5.604007,45.085089],[5.603899,45.084907],[5.603427,45.084983],[5.602848,45.084165],[5.602269,45.083438],[5.602183,45.08315],[5.602376,45.082907],[5.60214,45.08271],[5.602183,45.082074],[5.601625,45.080271],[5.60184,45.07965],[5.601668,45.078892],[5.60111,45.078089],[5.600831,45.077953],[5.600595,45.077574],[5.600659,45.077241],[5.60023,45.076968],[5.600016,45.07665],[5.600413,45.0764],[5.60052,45.076127],[5.600477,45.075718],[5.600649,45.075551],[5.600434,45.074884],[5.600048,45.074475],[5.599747,45.074581],[5.599426,45.074506],[5.598739,45.074657],[5.598245,45.074248],[5.597516,45.074187],[5.597087,45.073975],[5.597087,45.073687],[5.5967,45.073672],[5.596336,45.073233],[5.595499,45.073309],[5.594834,45.072748],[5.59346,45.072066],[5.594083,45.071157],[5.594018,45.070596],[5.593417,45.070657],[5.592774,45.070581],[5.591722,45.070702],[5.591229,45.070611],[5.590692,45.07052],[5.590156,45.068929],[5.589705,45.068111],[5.588589,45.067883],[5.588246,45.067671],[5.587023,45.067398],[5.585006,45.066171],[5.584706,45.065716],[5.584148,45.064201],[5.584126,45.063791],[5.585113,45.063534],[5.585671,45.063246],[5.586251,45.062715],[5.587044,45.062321],[5.587388,45.061927],[5.587817,45.061745],[5.588203,45.061018],[5.588289,45.060609],[5.588611,45.060275],[5.589405,45.05982],[5.58977,45.059426],[5.590156,45.05885],[5.590821,45.058062],[5.590714,45.057365],[5.590091,45.057304],[5.589555,45.057547],[5.588997,45.057607],[5.588761,45.057456],[5.589233,45.056819],[5.589748,45.056213],[5.589877,45.055834],[5.590349,45.055364],[5.590864,45.055288],[5.590692,45.05494],[5.590907,45.054682],[5.590349,45.054167],[5.59022,45.053878],[5.589791,45.053484],[5.588761,45.053166],[5.58801,45.052711],[5.587602,45.052772],[5.587216,45.052984],[5.586293,45.053045],[5.585886,45.053166],[5.585671,45.05353],[5.585285,45.053151],[5.585092,45.053227],[5.585092,45.053606],[5.584899,45.054151],[5.584062,45.05453],[5.583847,45.054652],[5.583332,45.054773],[5.583289,45.055106],[5.582624,45.055561],[5.581766,45.056789],[5.580564,45.057865],[5.579642,45.058471],[5.578268,45.059214],[5.577002,45.059457],[5.576273,45.059396],[5.576273,45.059396],[5.575479,45.059502],[5.573741,45.059593],[5.573333,45.059472],[5.572754,45.059608],[5.572131,45.059548],[5.570415,45.06026],[5.569878,45.06076],[5.568612,45.061442],[5.568398,45.061382],[5.567818,45.061624],[5.567432,45.061927],[5.567303,45.061715],[5.567668,45.061184],[5.568484,45.060487],[5.568805,45.060139],[5.56975,45.05976],[5.570307,45.059396],[5.570694,45.059214],[5.570844,45.05882],[5.571123,45.058623],[5.571337,45.058289],[5.572174,45.058062],[5.573054,45.058199],[5.573912,45.058441],[5.574642,45.058441],[5.575371,45.058653],[5.575844,45.058577],[5.575951,45.058214],[5.576401,45.057865],[5.576766,45.057759],[5.576766,45.05694],[5.576766,45.05694],[5.576401,45.056562],[5.576208,45.057153],[5.575972,45.056895],[5.575608,45.056865],[5.574449,45.056395],[5.573118,45.056167],[5.571616,45.055546],[5.570973,45.055576],[5.570136,45.055925],[5.569514,45.055849],[5.568698,45.055955],[5.568248,45.055849],[5.569041,45.055394],[5.569771,45.054591],[5.569814,45.053727],[5.570265,45.05309],[5.570544,45.052226],[5.570586,45.051589],[5.569556,45.051499],[5.567239,45.051847],[5.565801,45.051968],[5.565372,45.052075],[5.563377,45.052181],[5.561295,45.052423],[5.559922,45.051938],[5.558999,45.051832],[5.558398,45.051499],[5.557347,45.051362],[5.556789,45.050968],[5.555845,45.050589],[5.555523,45.050316],[5.554493,45.049801],[5.554021,45.049664],[5.553249,45.049088],[5.55224,45.048421],[5.552927,45.048254],[5.554364,45.048118],[5.555287,45.048224],[5.555523,45.047769],[5.555223,45.047421],[5.554515,45.047011],[5.554472,45.046799],[5.554944,45.046693],[5.555351,45.04642],[5.555394,45.045935],[5.555781,45.045632],[5.557111,45.045389],[5.558248,45.044874],[5.558484,45.044676],[5.557798,45.044206],[5.556854,45.043918],[5.555008,45.042948],[5.55445,45.042721],[5.552691,45.041841],[5.552068,45.041402],[5.551725,45.041356],[5.551317,45.041493],[5.550824,45.04128],[5.550416,45.041386],[5.549429,45.042296],[5.548313,45.042796],[5.548077,45.042114],[5.548185,45.04175],[5.547605,45.041629],[5.546811,45.041705],[5.546318,45.042296],[5.545717,45.042539],[5.544837,45.042569],[5.541876,45.041887],[5.541533,45.041462],[5.540138,45.041402],[5.539623,45.041205],[5.538936,45.04122],[5.538314,45.040264],[5.537263,45.039188],[5.536597,45.038642],[5.535675,45.037763],[5.534988,45.036989],[5.533915,45.036368],[5.533486,45.034745],[5.532864,45.033987],[5.532113,45.033547],[5.531212,45.033365],[5.531469,45.032774],[5.530782,45.032349],[5.530375,45.031788],[5.52986,45.031758],[5.529431,45.031485],[5.528959,45.031075],[5.527457,45.030909],[5.52765,45.03062],[5.527778,45.029665],[5.527821,45.029316],[5.527263,45.029013],[5.526405,45.027967],[5.525053,45.027951],[5.524431,45.027678],[5.522285,45.026905],[5.521813,45.026511],[5.521706,45.026314],[5.521448,45.026086],[5.52132,45.025889],[5.521019,45.025768],[5.52059,45.026162],[5.520011,45.025798],[5.519496,45.025237],[5.518831,45.024964],[5.518573,45.024645],[5.517715,45.024236],[5.517457,45.023159],[5.517157,45.022719],[5.517157,45.022294],[5.516771,45.021673],[5.516556,45.021233],[5.516256,45.020945],[5.515741,45.020808],[5.515397,45.020232],[5.515376,45.019033],[5.514732,45.018412],[5.514239,45.017304],[5.513402,45.016652],[5.513166,45.016076],[5.512779,45.01553],[5.512737,45.015166],[5.512222,45.015075],[5.51205,45.014589],[5.511127,45.013588],[5.510762,45.013436],[5.510591,45.013178],[5.510119,45.012799],[5.510076,45.011692],[5.509217,45.010433],[5.509389,45.009356],[5.509883,45.008961],[5.51072,45.008005],[5.510398,45.007656],[5.510677,45.007216],[5.511106,45.006943],[5.511513,45.006276],[5.511084,45.00576],[5.510805,45.00491],[5.510162,45.004607],[5.509797,45.003666],[5.510419,45.003333],[5.510183,45.002908],[5.509904,45.002756],[5.50969,45.002286],[5.509604,45.001906],[5.509217,45.0018],[5.508767,45.001831],[5.508402,45.001618],[5.507737,45.000799],[5.507436,44.999767],[5.507694,44.998963],[5.50793,44.998584],[5.507565,44.998174],[5.507394,44.99787],[5.507007,44.997673],[5.506922,44.99737],[5.507136,44.996763],[5.507372,44.996338],[5.507436,44.995701],[5.506986,44.995503],[5.506814,44.994836],[5.506385,44.994214],[5.506621,44.993682],[5.506192,44.993045],[5.505527,44.992817],[5.505419,44.992408],[5.504711,44.991816],[5.50381,44.990556],[5.503832,44.99004],[5.504003,44.989388],[5.503617,44.988659],[5.503875,44.987931],[5.503832,44.987385],[5.504325,44.986626],[5.504969,44.98614],[5.505806,44.985639],[5.505999,44.98523],[5.505892,44.984668],[5.50602,44.984213],[5.506836,44.983773],[5.507308,44.983059],[5.506943,44.982604],[5.506922,44.981845],[5.507072,44.981663],[5.506814,44.981177],[5.506707,44.980509],[5.506128,44.980221],[5.505613,44.979978],[5.505162,44.979508],[5.505012,44.979113],[5.503531,44.978263],[5.502995,44.977519],[5.502995,44.977307],[5.502222,44.976639],[5.502008,44.976183],[5.502136,44.975743],[5.501879,44.975394],[5.50145,44.975151],[5.50087,44.974726],[5.499325,44.973831],[5.498939,44.97374],[5.498574,44.973588],[5.498038,44.973527],[5.497609,44.973223],[5.496708,44.973208],[5.496236,44.972905],[5.494927,44.97289],[5.493425,44.972495],[5.492953,44.972434],[5.492352,44.972525],[5.491923,44.972798],[5.491236,44.97292],[5.490442,44.972935],[5.488704,44.972631],[5.488489,44.97248],[5.487996,44.972495],[5.486773,44.972297],[5.486172,44.972297],[5.485593,44.972024],[5.484584,44.972055],[5.483876,44.971827],[5.483554,44.971888],[5.48276,44.971781],[5.482031,44.971751],[5.481494,44.971614],[5.481194,44.971508],[5.480958,44.971417],[5.481129,44.971113],[5.481108,44.970643],[5.480893,44.97037],[5.480958,44.969823],[5.480529,44.969444],[5.480335,44.968958],[5.480271,44.967743],[5.480121,44.967318],[5.4804,44.966028],[5.479305,44.96416],[5.479198,44.963538],[5.47864,44.962688],[5.477803,44.96205],[5.477117,44.961913],[5.476452,44.961928],[5.475851,44.961579],[5.475658,44.961124],[5.475293,44.960714],[5.475379,44.959697],[5.475507,44.959499],[5.475507,44.959211],[5.475722,44.958588],[5.476173,44.95792],[5.47613,44.957556],[5.476216,44.957404],[5.47613,44.957115],[5.476301,44.956781],[5.476516,44.956675],[5.476752,44.956159],[5.47701,44.955992],[5.477074,44.955551],[5.47658,44.955111],[5.476409,44.954169],[5.476537,44.953942],[5.476323,44.953684],[5.476709,44.952696],[5.476988,44.952211],[5.476881,44.951709],[5.476022,44.951041],[5.475636,44.950965],[5.475572,44.950525],[5.475379,44.950358],[5.4751,44.950009],[5.475057,44.949325],[5.475507,44.949052],[5.475615,44.948794],[5.476001,44.948581],[5.476344,44.947958],[5.476151,44.947746],[5.476773,44.946911],[5.477031,44.946759],[5.477203,44.94647],[5.47761,44.946106],[5.478125,44.945984],[5.478276,44.945787],[5.478683,44.945711],[5.478769,44.945513],[5.478576,44.945179],[5.478726,44.944982],[5.47922,44.9448],[5.479413,44.944511],[5.479391,44.944162],[5.479799,44.943812],[5.480142,44.943645],[5.48085,44.94363],[5.481644,44.94325],[5.482138,44.943159],[5.482803,44.942901],[5.483211,44.942916],[5.48364,44.942825],[5.484176,44.943023],[5.48467,44.942749],[5.485528,44.942506],[5.486408,44.942157],[5.486902,44.941792],[5.488082,44.941139],[5.48864,44.94117],[5.488768,44.940927],[5.490206,44.94038],[5.490742,44.939924],[5.491558,44.939712],[5.492202,44.939317],[5.493704,44.939043],[5.494369,44.938633],[5.494884,44.938512],[5.496536,44.937889],[5.497909,44.937296],[5.498231,44.937099],[5.498939,44.936917],[5.500591,44.936233],[5.500956,44.935975],[5.501686,44.935808],[5.501858,44.935534],[5.501621,44.935413],[5.501707,44.9352],[5.501493,44.935064],[5.501321,44.934714],[5.500978,44.934669],[5.500828,44.934426],[5.500441,44.934334],[5.500141,44.933727],[5.500291,44.933438],[5.500098,44.933104],[5.500184,44.932861],[5.49984,44.932071],[5.499411,44.931874],[5.498939,44.931479],[5.498446,44.931327],[5.498231,44.930795],[5.497823,44.930704],[5.497459,44.930172],[5.497223,44.930035],[5.496643,44.929352],[5.495785,44.928759],[5.495678,44.928243],[5.495849,44.927741],[5.495656,44.927453],[5.495678,44.927012],[5.495935,44.926678],[5.495828,44.92604],[5.495678,44.925766],[5.495742,44.925326],[5.496407,44.924901],[5.496772,44.924794],[5.496858,44.924384],[5.497201,44.924354],[5.498231,44.924019],[5.498682,44.92411],[5.499004,44.924065],[5.499283,44.923852],[5.499733,44.923807],[5.499862,44.923427],[5.500677,44.923336],[5.500806,44.923169],[5.501729,44.922865],[5.502029,44.922546],[5.502051,44.921892],[5.502008,44.921725],[5.502136,44.921209],[5.501943,44.920905],[5.501965,44.92051],[5.501858,44.920358],[5.501943,44.920099],[5.501815,44.919431],[5.501621,44.918945],[5.501514,44.918671],[5.500785,44.918276],[5.500613,44.917927],[5.500141,44.917425],[5.500441,44.91738],[5.500227,44.917091],[5.499368,44.916574],[5.499604,44.916377],[5.499111,44.916164],[5.499476,44.915632],[5.49984,44.915541],[5.500205,44.915571],[5.500742,44.915207],[5.501214,44.91507],[5.5013,44.914796],[5.5013,44.914599],[5.500892,44.914341],[5.500763,44.913885],[5.501278,44.913535],[5.501621,44.913049],[5.501621,44.912593],[5.502072,44.911955],[5.5019,44.911317],[5.502051,44.910846],[5.502394,44.910359],[5.503338,44.910344],[5.504089,44.909934],[5.504819,44.909721],[5.504947,44.908779],[5.504518,44.908004],[5.50439,44.907259],[5.50469,44.907061],[5.504668,44.906362],[5.505012,44.905542],[5.504947,44.905223],[5.504862,44.904508],[5.504947,44.904067],[5.505248,44.903764],[5.505248,44.903764],[5.505226,44.903186],[5.504711,44.902669],[5.504668,44.902152],[5.50454,44.901879],[5.504518,44.901514],[5.504862,44.90121],[5.505162,44.901089],[5.504926,44.900511],[5.505033,44.900329],[5.504776,44.899857],[5.505677,44.898216],[5.505613,44.897836],[5.506106,44.897137],[5.505956,44.896498],[5.505634,44.896346],[5.505398,44.895905],[5.505119,44.895677],[5.505291,44.895328],[5.505462,44.895085],[5.50572,44.894431],[5.505934,44.894157],[5.505913,44.893519],[5.505677,44.893306],[5.505656,44.893109],[5.505355,44.892804],[5.505462,44.892303],[5.505055,44.89174],[5.505012,44.891178],[5.505012,44.891178],[5.505956,44.890707],[5.506385,44.890327],[5.506879,44.890129],[5.507587,44.889749],[5.508638,44.889126],[5.509561,44.888487],[5.509303,44.888305],[5.508896,44.887712],[5.508402,44.88718],[5.50823,44.886876],[5.50763,44.886526],[5.507608,44.886161],[5.507458,44.885811],[5.507436,44.884884],[5.507329,44.88423],[5.508445,44.883622],[5.508788,44.883349],[5.509389,44.883166],[5.509411,44.882953],[5.510162,44.882284],[5.510483,44.882239],[5.510827,44.881737],[5.510741,44.881174],[5.510805,44.88084],[5.510462,44.88049],[5.510398,44.88008],[5.510441,44.879806],[5.51014,44.879639],[5.509797,44.879213],[5.509496,44.878924],[5.509389,44.87865],[5.508831,44.878073],[5.508745,44.877206],[5.508402,44.876856],[5.508252,44.876567],[5.50866,44.876446],[5.508252,44.875913],[5.507909,44.875533],[5.507758,44.874955],[5.508402,44.874515],[5.508402,44.87421],[5.508295,44.874028],[5.508402,44.873876],[5.508316,44.873572],[5.508016,44.873465],[5.508359,44.873328],[5.508295,44.873146],[5.508102,44.873024],[5.508016,44.872842],[5.507758,44.872644],[5.507887,44.872401],[5.507823,44.871717],[5.507994,44.871428],[5.507715,44.871017],[5.507093,44.870758],[5.506643,44.87015],[5.505999,44.869816],[5.505505,44.869375],[5.505226,44.868918],[5.505269,44.868569],[5.504797,44.868188],[5.504368,44.86758],[5.503982,44.867352],[5.503703,44.867093],[5.503467,44.866941],[5.503274,44.866592],[5.50278,44.866166],[5.501836,44.865968],[5.501428,44.865725],[5.500999,44.865451],[5.500613,44.865284],[5.500162,44.865405],[5.499776,44.865299],[5.498982,44.865238],[5.498639,44.865086],[5.498253,44.86504],[5.497974,44.864751],[5.498081,44.864569],[5.497823,44.864341],[5.497609,44.864052],[5.497566,44.863793],[5.496901,44.863596],[5.496193,44.863352],[5.495527,44.862166],[5.494927,44.861177],[5.495635,44.860189],[5.495613,44.859717],[5.495871,44.859246],[5.495892,44.858804],[5.496171,44.858059],[5.496214,44.857527],[5.495914,44.85701],[5.495764,44.856675],[5.494948,44.856036],[5.49497,44.855732],[5.493639,44.855291],[5.492631,44.854987],[5.49203,44.854698],[5.491601,44.854713],[5.491214,44.854241],[5.490635,44.853952],[5.490227,44.852735],[5.490185,44.851929],[5.489455,44.851214],[5.48791,44.850377],[5.487352,44.84986],[5.486708,44.848826],[5.485829,44.847898],[5.485485,44.84738],[5.485378,44.847],[5.485142,44.846605],[5.485314,44.84595],[5.485185,44.845601],[5.485292,44.845129],[5.48497,44.844825],[5.484756,44.844338],[5.484176,44.84341],[5.484155,44.842923],[5.48364,44.84236],[5.483511,44.84058],[5.483232,44.840078],[5.482095,44.838434],[5.481923,44.837643],[5.481988,44.837035],[5.481559,44.836228],[5.481387,44.835513],[5.481709,44.834524],[5.481709,44.8339],[5.482116,44.833276],[5.48173,44.833078],[5.481559,44.83212],[5.481172,44.83183],[5.481258,44.83148],[5.481923,44.831115],[5.482481,44.831024],[5.482996,44.83078],[5.484327,44.830461],[5.485056,44.830324],[5.485464,44.829913],[5.485464,44.829913],[5.485957,44.829807],[5.486279,44.82932],[5.486365,44.828787],[5.486623,44.828102],[5.486451,44.827737],[5.486022,44.827455],[5.486344,44.826984],[5.486215,44.826177],[5.486043,44.825903],[5.486065,44.825538],[5.485807,44.825279],[5.485249,44.824366],[5.485378,44.824001],[5.485399,44.823559],[5.485893,44.823422],[5.486215,44.822981],[5.48658,44.822677],[5.486236,44.822281],[5.486258,44.82187],[5.484927,44.821824],[5.484627,44.821642],[5.485013,44.821018],[5.484863,44.820774],[5.484584,44.820652],[5.484369,44.820104],[5.484069,44.820028],[5.484048,44.819709],[5.483554,44.819359],[5.482503,44.819191],[5.480571,44.818187],[5.480099,44.817654],[5.479799,44.817334],[5.479692,44.81706],[5.479091,44.816664],[5.478919,44.816299],[5.478168,44.815705],[5.477739,44.815279],[5.477761,44.814366],[5.47761,44.813894],[5.477288,44.813772],[5.477353,44.8133],[5.477353,44.8133],[5.477052,44.812874],[5.477095,44.812661],[5.476559,44.812204],[5.476666,44.811809],[5.475915,44.811382],[5.475937,44.810895],[5.476108,44.810454],[5.476087,44.809099],[5.475829,44.808338],[5.475894,44.808079],[5.475679,44.807881],[5.475808,44.807226],[5.476044,44.806617],[5.476366,44.806374],[5.476151,44.806085],[5.476258,44.804943],[5.476495,44.804577],[5.475958,44.803877],[5.476237,44.803192],[5.476194,44.802887],[5.476495,44.802492],[5.476602,44.802141],[5.477074,44.80138],[5.476967,44.800893],[5.476967,44.800893],[5.47716,44.800573],[5.477181,44.80001],[5.477031,44.799629],[5.477396,44.799294],[5.47731,44.798883],[5.477525,44.798472],[5.477396,44.79803],[5.477525,44.797711],[5.477546,44.797132],[5.477696,44.796995],[5.477718,44.796767],[5.477954,44.796599],[5.478018,44.796203],[5.477718,44.796005],[5.47716,44.795929],[5.477031,44.795686],[5.476773,44.795549],[5.477138,44.795244],[5.476623,44.795031],[5.47701,44.794574],[5.477632,44.794528],[5.478512,44.794285],[5.479391,44.793858],[5.479713,44.793889],[5.479992,44.793706],[5.479992,44.793447],[5.480271,44.793234],[5.480293,44.792853],[5.480421,44.792594],[5.479863,44.791864],[5.478855,44.791391],[5.477353,44.790463],[5.476645,44.789853],[5.476602,44.789199],[5.476731,44.788879],[5.47658,44.788696],[5.476044,44.788529],[5.4754,44.788468],[5.474606,44.788224],[5.473984,44.788468],[5.473598,44.788376],[5.473641,44.788056],[5.473426,44.787767],[5.472117,44.787919],[5.47128,44.787478],[5.471001,44.787036],[5.470851,44.786701],[5.469435,44.785559],[5.470165,44.784843],[5.470508,44.784264],[5.470658,44.782955],[5.468662,44.78166],[5.46819,44.781112],[5.466409,44.780061],[5.464242,44.779086],[5.463835,44.778644],[5.463835,44.777334],[5.463212,44.776375],[5.463191,44.775933],[5.463727,44.775506],[5.464307,44.774958],[5.464757,44.774836],[5.464972,44.774303],[5.464864,44.7738],[5.464864,44.7738],[5.465272,44.773191],[5.465465,44.772551],[5.465337,44.77211],[5.465036,44.771774],[5.463727,44.771409],[5.462654,44.77118],[5.461882,44.770921],[5.461195,44.770815],[5.460788,44.770449],[5.461388,44.769886],[5.461496,44.768971],[5.461345,44.768728],[5.461324,44.767585],[5.461024,44.766854],[5.460745,44.766534],[5.461174,44.766077],[5.461109,44.765315],[5.460852,44.765132],[5.460873,44.764812],[5.46156,44.764279],[5.461345,44.763944],[5.46141,44.763578],[5.461517,44.763472],[5.461796,44.763426],[5.461667,44.763258],[5.461324,44.763182],[5.461088,44.762984],[5.460079,44.762756],[5.459736,44.762344],[5.459951,44.761781],[5.460273,44.761278],[5.460637,44.761125],[5.460573,44.760897],[5.460659,44.760577],[5.460358,44.760044],[5.460659,44.75948],[5.460895,44.759236],[5.460873,44.758871],[5.46141,44.758474],[5.461496,44.757834],[5.461345,44.757423],[5.461345,44.757027],[5.462075,44.756006],[5.462182,44.755716],[5.462526,44.755214],[5.462504,44.754787],[5.462332,44.75433],[5.462418,44.753873],[5.462118,44.753583],[5.462011,44.753172],[5.462139,44.752562],[5.462011,44.752181],[5.462139,44.751587],[5.462354,44.750947],[5.462418,44.750642],[5.462976,44.750414],[5.463362,44.749956],[5.463234,44.749621],[5.463427,44.749118],[5.463405,44.748707],[5.463598,44.748478],[5.46362,44.748112],[5.464242,44.747503],[5.463899,44.746802],[5.464307,44.746154],[5.464307,44.746154],[5.465487,44.745727],[5.466603,44.74524],[5.466603,44.74524],[5.46701,44.744798],[5.46701,44.744798],[5.467654,44.743365],[5.467654,44.743365],[5.468028,44.743018],[5.4682,44.742988],[5.468501,44.742836],[5.468779,44.742851],[5.469294,44.742729],[5.469681,44.742439],[5.469767,44.742195],[5.470088,44.742058],[5.470432,44.742104],[5.471097,44.741525],[5.471655,44.740351],[5.472062,44.740046],[5.472427,44.739574],[5.47335,44.739239],[5.474423,44.738598],[5.475388,44.73808],[5.476204,44.737501],[5.476848,44.736983],[5.478736,44.735931],[5.479422,44.735428],[5.480045,44.734559],[5.480066,44.732867],[5.479895,44.732486],[5.47998,44.73209],[5.479744,44.731206],[5.480753,44.730992],[5.481203,44.730794],[5.482577,44.72959],[5.482856,44.729041],[5.482899,44.728629],[5.483242,44.728233],[5.484465,44.728538],[5.485538,44.728553],[5.485795,44.729285],[5.486096,44.729346],[5.487469,44.728492],[5.487641,44.728203],[5.488521,44.727654],[5.489229,44.727898],[5.489615,44.727898],[5.48998,44.727745],[5.490087,44.727425],[5.489787,44.726952],[5.489787,44.725687],[5.489915,44.724559],[5.488928,44.723476],[5.489143,44.722059],[5.4894,44.721251],[5.489036,44.721342],[5.488993,44.721037],[5.488413,44.720763],[5.488177,44.720259],[5.487898,44.720854],[5.487383,44.721037],[5.486933,44.720778],[5.48616,44.721403],[5.485774,44.721891],[5.485152,44.721723],[5.485731,44.721113],[5.485431,44.721052],[5.485495,44.720702],[5.485216,44.720625],[5.484808,44.720778],[5.484723,44.720046],[5.485001,44.719802],[5.485023,44.719497],[5.484658,44.719375],[5.484272,44.718979],[5.483671,44.718781],[5.483693,44.718613],[5.483499,44.718293],[5.483886,44.718171],[5.485516,44.717972],[5.485903,44.717744],[5.485645,44.717561],[5.485752,44.717454],[5.485431,44.717347],[5.485667,44.716997],[5.485474,44.71689],[5.485989,44.716631],[5.48601,44.716478],[5.485752,44.716295],[5.486375,44.715944],[5.486804,44.715365],[5.487684,44.714481],[5.487576,44.7123],[5.486782,44.711629],[5.486675,44.711477],[5.486847,44.711339],[5.486504,44.711187],[5.48674,44.71108],[5.485559,44.710668],[5.484787,44.709906],[5.484894,44.709799],[5.486246,44.709769],[5.485559,44.709205],[5.484873,44.708549],[5.484079,44.708335],[5.484551,44.708183],[5.485345,44.708183],[5.485645,44.708061],[5.486439,44.708183],[5.48734,44.707985],[5.487319,44.707481],[5.487126,44.706719],[5.487297,44.706368],[5.487555,44.706078],[5.487018,44.705712],[5.48616,44.704523],[5.485216,44.704004],[5.484444,44.703379],[5.484036,44.703211],[5.483478,44.703333],[5.482791,44.703226],[5.482384,44.702921],[5.483049,44.702921],[5.483414,44.702723],[5.483414,44.702723],[5.4838,44.701854],[5.483693,44.700786],[5.48307,44.700542],[5.483156,44.699429],[5.483392,44.699718],[5.483521,44.699322],[5.483285,44.698849],[5.484358,44.699474],[5.484594,44.699566],[5.484444,44.699047],[5.484594,44.698803],[5.48468,44.698529],[5.485044,44.698407],[5.484358,44.698163],[5.485066,44.698025],[5.485323,44.697751],[5.484873,44.697598],[5.484787,44.697385],[5.484368,44.697034],[5.484304,44.696683],[5.484154,44.696393],[5.484926,44.695936],[5.485248,44.694532],[5.485055,44.694258],[5.485484,44.694288],[5.485291,44.694029],[5.485398,44.693373],[5.485248,44.693068],[5.48557,44.692672],[5.484969,44.692458],[5.486107,44.692382],[5.486707,44.692443],[5.487566,44.692366],[5.488531,44.692427],[5.48939,44.691985],[5.490012,44.691772],[5.490484,44.690902],[5.491042,44.690216],[5.492007,44.689819],[5.492222,44.689392],[5.492415,44.6884],[5.492887,44.687241],[5.492909,44.686753],[5.492909,44.686753],[5.493402,44.686219],[5.493509,44.685517],[5.493209,44.684724],[5.492115,44.683762],[5.491321,44.683167],[5.490913,44.682664],[5.490956,44.682313],[5.490505,44.681718],[5.490377,44.680894],[5.490634,44.680665],[5.49057,44.680269],[5.490827,44.68007],[5.490935,44.679643],[5.49087,44.679216],[5.490913,44.678697],[5.491557,44.678224],[5.491557,44.67769],[5.491707,44.677354],[5.491707,44.676866],[5.491063,44.676271],[5.490999,44.675905],[5.490977,44.675462],[5.491492,44.675356],[5.491557,44.675127],[5.491836,44.675035],[5.491793,44.674822],[5.492007,44.674837],[5.492029,44.674364],[5.492158,44.674074],[5.492329,44.673875],[5.492265,44.673647],[5.492694,44.673036],[5.493166,44.672578],[5.493424,44.672563],[5.493552,44.672426],[5.494303,44.67235],[5.494733,44.67206],[5.49499,44.672014],[5.495248,44.672258],[5.495505,44.671846],[5.495784,44.671678],[5.496084,44.671068],[5.496621,44.670885],[5.496792,44.670564],[5.495569,44.668702],[5.495398,44.668031],[5.495419,44.6671],[5.496106,44.666413],[5.495891,44.667176],[5.496277,44.667558],[5.496449,44.667558],[5.496792,44.667039],[5.497543,44.666398],[5.498123,44.665986],[5.499603,44.665727],[5.499239,44.665543],[5.498638,44.665376],[5.499861,44.665269],[5.49926,44.665025],[5.498895,44.664719],[5.498681,44.664262],[5.499346,44.664475],[5.499968,44.664567],[5.499475,44.6642],[5.500312,44.664353],[5.500483,44.664262],[5.500011,44.664109],[5.500698,44.663987],[5.500848,44.663605],[5.501363,44.663605],[5.50147,44.662934],[5.501899,44.66214],[5.502565,44.661499],[5.503058,44.661041],[5.503938,44.661041],[5.504925,44.660477],[5.505697,44.660873],[5.506298,44.661285],[5.50662,44.661148],[5.507478,44.660141],[5.508573,44.658202],[5.508594,44.657607],[5.509045,44.65721],[5.509216,44.656661],[5.509216,44.656661],[5.509431,44.656432],[5.50986,44.655363],[5.510096,44.655165],[5.510032,44.654631],[5.510525,44.654448],[5.510611,44.65399],[5.511191,44.653059],[5.511405,44.652875],[5.511448,44.652646],[5.511899,44.652265],[5.512521,44.651379],[5.513143,44.650754],[5.514173,44.649853],[5.514366,44.649258],[5.514624,44.649135],[5.514667,44.648861],[5.515053,44.648433],[5.515461,44.646952],[5.516061,44.646235],[5.516233,44.645548],[5.516212,44.644861],[5.516448,44.644525],[5.51692,44.644143],[5.516984,44.64367],[5.516984,44.64367],[5.518497,44.642762],[5.519677,44.642548],[5.521093,44.642426],[5.521308,44.642701],[5.522016,44.641846],[5.522231,44.641128],[5.522703,44.640243],[5.523539,44.639617],[5.523561,44.639067],[5.523196,44.638609],[5.523089,44.638044],[5.522531,44.637616],[5.521845,44.636992],[5.522305,44.636793],[5.522886,44.636764],[5.523346,44.636465],[5.523547,44.636237],[5.523506,44.635867],[5.522706,44.635681],[5.522586,44.635496],[5.521985,44.63524],[5.521997,44.635065],[5.521829,44.634913],[5.52195,44.6346],[5.522025,44.634022],[5.52224,44.633769],[5.522454,44.633636],[5.522557,44.63343],[5.522772,44.633204],[5.522744,44.632772],[5.521919,44.632633],[5.521721,44.632352],[5.521767,44.632071],[5.521873,44.631834],[5.521919,44.63137],[5.522116,44.631024],[5.522116,44.630743],[5.522116,44.630311],[5.52201,44.630214],[5.521934,44.629696],[5.521828,44.629361],[5.522131,44.629048],[5.522434,44.628908],[5.522454,44.628619],[5.522454,44.628619],[5.522668,44.628145],[5.522615,44.62758],[5.522776,44.627298],[5.52304,44.627169],[5.52304,44.627169],[5.522587,44.626574],[5.522047,44.625656],[5.520025,44.624763],[5.51816,44.624217],[5.517689,44.623485],[5.514709,44.621624],[5.516208,44.620297],[5.515615,44.619987],[5.514971,44.618746],[5.51443,44.618312],[5.514378,44.618002],[5.514204,44.617927],[5.514029,44.617605],[5.513838,44.617568],[5.513541,44.61732],[5.51314,44.616612],[5.51328,44.616501],[5.512914,44.616327],[5.51253,44.615806],[5.513193,44.615359],[5.513437,44.615],[5.513367,44.614404],[5.512862,44.61397],[5.512356,44.61397],[5.511398,44.612952],[5.510422,44.612791],[5.509724,44.612419],[5.510369,44.612456],[5.51152,44.612307],[5.512304,44.61232],[5.512949,44.612555],[5.513489,44.612692],[5.513541,44.61258],[5.512217,44.611885],[5.512095,44.611228],[5.512879,44.61062],[5.513594,44.610521],[5.514012,44.610334],[5.514186,44.610347],[5.514831,44.610111],[5.515337,44.610037],[5.5164,44.610074],[5.517271,44.609962],[5.517846,44.609987],[5.517899,44.609888],[5.517341,44.609553],[5.516783,44.609491],[5.515772,44.609162],[5.514955,44.608965],[5.51499,44.6089],[5.515358,44.608908],[5.516002,44.60885],[5.517094,44.608859],[5.517198,44.608826],[5.517184,44.608473],[5.516888,44.608002],[5.517655,44.608014],[5.518944,44.607853],[5.520321,44.607915],[5.521332,44.607443],[5.521698,44.607381],[5.521838,44.607183],[5.521524,44.607009],[5.520652,44.606885],[5.51938,44.606302],[5.518857,44.605694],[5.518578,44.605222],[5.518003,44.604726],[5.517463,44.604316],[5.517881,44.604019],[5.51809,44.603795],[5.518753,44.603659],[5.519084,44.603522],[5.519763,44.60341],[5.52013,44.603262],[5.520774,44.60279],[5.521838,44.60217],[5.521925,44.601847],[5.522291,44.601611],[5.522988,44.601351],[5.522692,44.601189],[5.523145,44.601053],[5.523476,44.60073],[5.523685,44.600469],[5.524156,44.600147],[5.524591,44.5997],[5.525358,44.599365],[5.525794,44.59908],[5.526317,44.598869],[5.526979,44.598869],[5.527641,44.598682],[5.528461,44.598658],[5.528443,44.598124],[5.528147,44.597938],[5.528269,44.597665],[5.52853,44.597578],[5.528861,44.59723],[5.529088,44.59723],[5.529489,44.596647],[5.529663,44.596597],[5.529698,44.596262],[5.530395,44.595456],[5.530674,44.594922],[5.531023,44.594723],[5.531668,44.594587],[5.532469,44.594277],[5.5328,44.593929],[5.533498,44.593731],[5.534334,44.593296],[5.535066,44.5928],[5.535676,44.592676],[5.536652,44.592216],[5.537315,44.59167],[5.537663,44.591633],[5.538029,44.591645],[5.538203,44.591422],[5.537977,44.591037],[5.537994,44.590677],[5.538308,44.590441],[5.538604,44.590144],[5.539453,44.58978],[5.54007,44.589168],[5.540948,44.58809],[5.541788,44.586853],[5.542367,44.586228],[5.542965,44.586095],[5.543806,44.585163],[5.544198,44.584897],[5.544665,44.584445],[5.545468,44.583886],[5.545879,44.583753],[5.545767,44.583434],[5.545991,44.582928],[5.546402,44.582476],[5.546832,44.581891],[5.547037,44.581757],[5.547019,44.581585],[5.547299,44.581225],[5.547934,44.581066],[5.547878,44.580507],[5.5487,44.580294],[5.548999,44.580188],[5.549503,44.580281],[5.549822,44.580148],[5.549785,44.58006],[5.5505,44.579735],[5.550758,44.579507],[5.551214,44.579384],[5.551757,44.579042],[5.552434,44.578313],[5.552884,44.577992],[5.552996,44.57758],[5.553575,44.576968],[5.554846,44.576049],[5.555593,44.575584],[5.55606,44.575091],[5.556156,44.574872],[5.556095,44.574582],[5.55623,44.574442],[5.556008,44.574336],[5.556095,44.574222],[5.556329,44.574213],[5.55697,44.574292],[5.557869,44.574012],[5.557943,44.573827],[5.557845,44.573616],[5.558042,44.573248],[5.558731,44.573122],[5.558376,44.57263],[5.558301,44.572124],[5.557423,44.570873],[5.557311,44.570288],[5.560132,44.570354],[5.562486,44.569968],[5.564316,44.569489],[5.565829,44.568757],[5.567641,44.568238],[5.5688,44.567453],[5.570219,44.566961],[5.57162,44.566694],[5.571938,44.566189],[5.57233,44.565829],[5.572554,44.56543],[5.57304,44.565244],[5.57332,44.564951],[5.574572,44.564485],[5.575281,44.564086],[5.575618,44.56374],[5.576328,44.56362],[5.577131,44.563221],[5.57756,44.563274],[5.57827,44.562955],[5.578625,44.562742],[5.579597,44.562728],[5.580213,44.562209],[5.581035,44.561398],[5.582006,44.561437],[5.582604,44.561052],[5.583351,44.560839],[5.584379,44.560346],[5.585511,44.560226],[5.586575,44.560462],[5.587024,44.560359],[5.586839,44.560142],[5.587037,44.560208],[5.586931,44.559973],[5.587156,44.560123],[5.58746,44.560133],[5.587301,44.56001],[5.587579,44.560058],[5.587486,44.559888],[5.587116,44.559549],[5.587195,44.558712],[5.587367,44.558862],[5.587499,44.55874],[5.587605,44.559098],[5.587922,44.559182],[5.588199,44.559427],[5.588424,44.559436],[5.587948,44.558759],[5.588582,44.558138],[5.588648,44.557912],[5.588754,44.557799],[5.588622,44.55761],[5.588767,44.55746],[5.588824,44.557644],[5.589133,44.557924],[5.589189,44.557784],[5.589058,44.557624],[5.589161,44.557271],[5.589179,44.556626],[5.588965,44.55634],[5.589114,44.55616],[5.589282,44.556107],[5.58931,44.555874],[5.589553,44.555601],[5.589712,44.555534],[5.589749,44.555435],[5.589553,44.555228],[5.589338,44.554603],[5.589077,44.55427],[5.589058,44.55411],[5.589142,44.55405],[5.589432,44.55421],[5.589843,44.554536],[5.589908,44.554463],[5.589796,44.554077],[5.589833,44.553864],[5.590076,44.55421],[5.590403,44.554476],[5.590618,44.554563],[5.590618,44.553924],[5.590721,44.553704],[5.590889,44.553564],[5.591047,44.553132],[5.590973,44.552866],[5.591075,44.552786],[5.591333,44.55294],[5.591719,44.552512],[5.59247,44.552252],[5.593221,44.552191],[5.5935,44.551824],[5.593929,44.551503],[5.594165,44.550815],[5.59468,44.550647],[5.595753,44.550035],[5.596333,44.54953],[5.598114,44.549469],[5.598024,44.549048],[5.598161,44.548732],[5.598368,44.548421],[5.598483,44.546831],[5.598966,44.546323],[5.599909,44.544831],[5.601289,44.544356],[5.60191,44.54375],[5.602899,44.541848],[5.602853,44.541389],[5.602393,44.540848],[5.602232,44.540455],[5.601565,44.540176],[5.601657,44.539914],[5.601726,44.538636],[5.602071,44.538111],[5.602163,44.537832],[5.602324,44.537439],[5.60214,44.536865],[5.602209,44.53639],[5.602163,44.536127],[5.602439,44.535291],[5.602807,44.534849],[5.60283,44.534505],[5.601519,44.533685],[5.601381,44.53298],[5.601036,44.532882],[5.600898,44.532209],[5.600944,44.531783],[5.600668,44.531226],[5.600392,44.530865],[5.600369,44.530439],[5.599909,44.530029],[5.598989,44.52975],[5.597931,44.52934],[5.597919,44.529134],[5.598511,44.529004],[5.598769,44.528885],[5.598769,44.528701],[5.598557,44.528853],[5.597904,44.528918],[5.597267,44.529047],[5.596827,44.529469],[5.596766,44.528864],[5.595917,44.528106],[5.595355,44.52752],[5.595309,44.527176],[5.594896,44.526766],[5.594551,44.526619],[5.594528,44.526258],[5.59416,44.526045],[5.59393,44.525717],[5.593516,44.525586],[5.593056,44.525668],[5.592711,44.525307],[5.592389,44.525241],[5.591975,44.524897],[5.590871,44.524553],[5.590158,44.523881],[5.59002,44.523569],[5.589422,44.523274],[5.588824,44.523192],[5.588594,44.522831],[5.587812,44.522356],[5.58565,44.522061],[5.585213,44.521421],[5.584754,44.520175],[5.583949,44.519109],[5.582385,44.518929],[5.582132,44.51865],[5.582569,44.517846],[5.583121,44.51742],[5.583305,44.516715],[5.583466,44.516453],[5.583558,44.516092],[5.583167,44.515731],[5.582937,44.515124],[5.582316,44.514681],[5.58181,44.513993],[5.582385,44.513779],[5.582431,44.513484],[5.581925,44.512861],[5.58204,44.512533],[5.581764,44.511992],[5.58066,44.511697],[5.579395,44.510942],[5.579257,44.510286],[5.578889,44.509729],[5.578613,44.509581],[5.578429,44.509089],[5.577601,44.508171],[5.57675,44.507433],[5.576428,44.506793],[5.576497,44.506416],[5.576221,44.506498],[5.576474,44.505858],[5.575784,44.506219],[5.574703,44.505596],[5.575324,44.504792],[5.574336,44.503988],[5.573784,44.503808],[5.572151,44.50366],[5.571691,44.503857]]],"type":"MultiLineString"},"properties":{"geo_point":{"lon":5.532541727870996,"lat":44.841970161787415},"name":"GR91 De St-Nizier-du-Moucherotte (Isère) à Valdrôme (Drôme) (2020)","code_gr":"GR91"}},{"type":"Feature","geometry":{"coordinates":[[[5.571691,44.503857],[5.57061,44.503447],[5.569621,44.503234],[5.569644,44.502709],[5.568333,44.502545],[5.567781,44.502348],[5.567459,44.502086],[5.566723,44.50161],[5.566378,44.501233],[5.565872,44.50097],[5.565596,44.500495],[5.565274,44.499264],[5.564377,44.497903],[5.563826,44.497575],[5.56286,44.497411],[5.562331,44.497115],[5.561687,44.496361],[5.561296,44.496066],[5.561158,44.495639],[5.561135,44.494999],[5.561388,44.494425],[5.56125,44.494048],[5.561296,44.493785],[5.56102,44.493392],[5.561181,44.492489],[5.561365,44.492178],[5.561158,44.491915],[5.561388,44.491751],[5.561388,44.491456],[5.561779,44.490767],[5.562354,44.490603],[5.562124,44.49016],[5.562423,44.489405],[5.563067,44.489126],[5.563136,44.488798],[5.562745,44.488503],[5.562929,44.488093],[5.562998,44.487748],[5.563757,44.487502],[5.564492,44.487486],[5.564653,44.487272],[5.563895,44.486665],[5.563665,44.486337],[5.563274,44.48614],[5.563067,44.485845],[5.56263,44.485648],[5.562492,44.485353],[5.562193,44.485385],[5.561595,44.485221],[5.560744,44.485566],[5.560412,44.485548],[5.560078,44.485321],[5.559881,44.485689],[5.560093,44.486425],[5.559957,44.486382],[5.559866,44.486219],[5.559396,44.485841],[5.559122,44.485213],[5.558758,44.484996],[5.558364,44.484812],[5.558288,44.484585],[5.558455,44.484455],[5.558834,44.484336],[5.558925,44.483849],[5.559062,44.483492],[5.558804,44.483123],[5.55891,44.482885],[5.559479,44.482563],[5.559663,44.482219],[5.560192,44.48212],[5.560491,44.481825],[5.561365,44.481546],[5.561595,44.481103],[5.561894,44.480775],[5.562216,44.479971],[5.562331,44.478986],[5.562837,44.478412],[5.563619,44.476935],[5.563826,44.477083],[5.563826,44.477657],[5.56401,44.477542],[5.564079,44.477083],[5.564929,44.475196],[5.566102,44.473998],[5.566976,44.47321],[5.567896,44.47211],[5.569023,44.471027],[5.569782,44.469403],[5.569759,44.468024],[5.569621,44.467646],[5.569874,44.465628],[5.569483,44.465529],[5.569253,44.464709],[5.568788,44.46488],[5.568605,44.464761],[5.568317,44.464804],[5.568378,44.464415],[5.568105,44.464415],[5.567756,44.464729],[5.567528,44.464285],[5.567361,44.464068],[5.567346,44.463841],[5.566921,44.463516],[5.566648,44.46344],[5.566163,44.463115],[5.565965,44.462877],[5.565616,44.462747],[5.565616,44.462606],[5.565965,44.46253],[5.56595,44.462379],[5.565267,44.462227],[5.5646,44.46227],[5.564676,44.462054],[5.564433,44.462076],[5.564934,44.461372],[5.565389,44.461123],[5.565251,44.460933],[5.564148,44.461327],[5.563021,44.461656],[5.563136,44.461393],[5.56355,44.46118],[5.564102,44.460835],[5.564722,44.460572],[5.563803,44.460671],[5.56286,44.460999],[5.562308,44.46095],[5.561848,44.460769],[5.561526,44.460474],[5.56148,44.460195],[5.561158,44.460129],[5.56033,44.459292],[5.559663,44.459243],[5.559065,44.45939],[5.55803,44.458849],[5.557915,44.458586],[5.557455,44.458307],[5.55711,44.458274],[5.556765,44.45857],[5.555546,44.458619],[5.555316,44.458406],[5.554603,44.458176],[5.554258,44.457913],[5.553339,44.457519],[5.553063,44.457257],[5.552557,44.457191],[5.550464,44.456091],[5.549935,44.455894],[5.54867,44.455336],[5.548371,44.455008],[5.547221,44.454942],[5.54637,44.454646],[5.54591,44.454285],[5.545657,44.453842],[5.545197,44.453629],[5.544783,44.453399],[5.544231,44.453579],[5.544277,44.45335],[5.545128,44.453038],[5.544714,44.452512],[5.543909,44.451889],[5.543565,44.451166],[5.543381,44.450559],[5.543082,44.450198],[5.540046,44.451166],[5.537539,44.45138],[5.53701,44.450247],[5.536343,44.450181],[5.53379,44.449475],[5.533262,44.449114],[5.532802,44.449016],[5.531468,44.448392],[5.529628,44.447735],[5.528846,44.447751],[5.528478,44.447489],[5.528225,44.447439],[5.528317,44.447242],[5.528984,44.447095],[5.529007,44.446947],[5.527696,44.446323],[5.52732,44.446068],[5.527092,44.4461],[5.527138,44.446263],[5.527563,44.446534],[5.527897,44.44675],[5.52773,44.446859],[5.527366,44.446729],[5.526334,44.44661],[5.526334,44.44674],[5.526789,44.446891],[5.525909,44.447454],[5.525317,44.447563],[5.524847,44.447704],[5.524316,44.447682],[5.524194,44.447519],[5.52427,44.447119],[5.523921,44.446794],[5.523845,44.446599],[5.523512,44.446317],[5.522844,44.446241],[5.52207,44.44596],[5.522101,44.445061],[5.522359,44.444432],[5.522404,44.444042],[5.522586,44.443696],[5.522662,44.442916],[5.523466,44.440868],[5.523997,44.439915],[5.524134,44.439178],[5.524528,44.438669],[5.524346,44.438322],[5.524338,44.436816],[5.523809,44.436389],[5.524476,44.436291],[5.524131,44.43611],[5.523901,44.435831],[5.52443,44.435683],[5.525051,44.435847],[5.525143,44.43565],[5.524729,44.435272],[5.525028,44.43501],[5.525649,44.434895],[5.525442,44.434714],[5.524936,44.43455],[5.525097,44.433877],[5.525051,44.433565],[5.524476,44.4334],[5.524407,44.43322],[5.524683,44.432202],[5.524407,44.431594],[5.524476,44.431233],[5.524131,44.4312],[5.523993,44.43097],[5.523464,44.43074],[5.522844,44.430839],[5.521648,44.430362],[5.521142,44.430362],[5.519739,44.430609],[5.519302,44.43051],[5.518957,44.430247],[5.518819,44.4301],[5.518152,44.430198],[5.51737,44.430214],[5.51645,44.430707],[5.515231,44.431085],[5.515254,44.430658],[5.51553,44.430297],[5.516105,44.429886],[5.51645,44.429311],[5.517278,44.428786],[5.517554,44.428457],[5.518359,44.428145],[5.51921,44.427636],[5.520521,44.426519],[5.521648,44.426158],[5.522085,44.425912],[5.522637,44.42578],[5.522154,44.425583],[5.520751,44.42537],[5.519785,44.424926],[5.52025,44.424389],[5.520204,44.424226],[5.520204,44.423847],[5.520037,44.423771],[5.520113,44.423457],[5.519901,44.423403],[5.520052,44.423273],[5.51987,44.423154],[5.518842,44.423103],[5.518014,44.423119],[5.516795,44.422939],[5.515461,44.423136],[5.514334,44.422413],[5.513736,44.422298],[5.513345,44.422117],[5.512242,44.422315],[5.51169,44.421773],[5.510954,44.42146],[5.510402,44.421001],[5.510264,44.420771],[5.50962,44.420114],[5.509137,44.420163],[5.50916,44.420327],[5.508079,44.420459],[5.507711,44.42059],[5.506883,44.420574],[5.506837,44.420311],[5.50594,44.420376],[5.505273,44.420278],[5.504583,44.420409],[5.503824,44.420442],[5.501962,44.42013],[5.501088,44.420179],[5.500352,44.420146],[5.4998,44.420278],[5.499524,44.419982],[5.498167,44.420146],[5.497339,44.420196],[5.495982,44.420491],[5.495062,44.420935],[5.494441,44.421411],[5.493429,44.421313],[5.492716,44.42146],[5.492555,44.42128],[5.492509,44.420081],[5.492555,44.419243],[5.492302,44.418685],[5.490877,44.417929],[5.490624,44.417913],[5.489543,44.417683],[5.489566,44.417288],[5.488807,44.416566],[5.487703,44.416138],[5.487473,44.415859],[5.487496,44.415301],[5.487358,44.414972],[5.48699,44.414972],[5.486392,44.415481],[5.485357,44.415876],[5.484989,44.415596],[5.48446,44.415449],[5.484529,44.414693],[5.484,44.4142],[5.483609,44.413987],[5.482114,44.412837],[5.480873,44.412557],[5.480091,44.412294],[5.478274,44.411309],[5.477492,44.410816],[5.477193,44.410405],[5.476733,44.410225],[5.476848,44.410093],[5.477745,44.410257],[5.478872,44.410356],[5.479355,44.410668],[5.480735,44.410816],[5.481517,44.410685],[5.482045,44.410849],[5.481195,44.410257],[5.480643,44.409995],[5.48016,44.409748],[5.47924,44.409765],[5.478504,44.40914],[5.478297,44.408647],[5.476917,44.408401],[5.476963,44.408155],[5.477262,44.408122],[5.47878,44.408171],[5.479309,44.408335],[5.479355,44.408204],[5.478274,44.407678],[5.477285,44.407119],[5.476986,44.406265],[5.476802,44.406019],[5.476894,44.405444],[5.476986,44.405247],[5.477009,44.404524],[5.476733,44.404326],[5.476434,44.403587],[5.47625,44.403341],[5.475974,44.402437],[5.475537,44.401665],[5.4751,44.401188],[5.474525,44.401254],[5.474272,44.401172],[5.474111,44.400728],[5.474042,44.400087],[5.474134,44.399644],[5.473973,44.399562],[5.473674,44.399824],[5.47349,44.399775],[5.473674,44.399479],[5.474525,44.399085],[5.4747,44.399134],[5.475011,44.399494],[5.475183,44.399502],[5.475236,44.399372],[5.474914,44.398942],[5.474786,44.398628],[5.474517,44.398567],[5.474142,44.398559],[5.473745,44.398344],[5.473734,44.398184],[5.473809,44.397954],[5.473852,44.397578],[5.474035,44.397409],[5.474281,44.397409],[5.47455,44.39757],[5.474732,44.397586],[5.474753,44.397463],[5.474432,44.397179],[5.474195,44.396819],[5.473917,44.396742],[5.473369,44.396827],[5.473198,44.396773],[5.473101,44.396451],[5.473166,44.39619],[5.473152,44.395114],[5.472761,44.393859],[5.471997,44.393557],[5.471168,44.39293],[5.47133,44.392279],[5.471493,44.391535],[5.471346,44.390873],[5.471184,44.390315],[5.470875,44.389885],[5.471054,44.389536],[5.470436,44.389281],[5.469086,44.389083],[5.467346,44.387491],[5.466809,44.386643],[5.46624,44.386434],[5.466322,44.386143],[5.466159,44.385725],[5.46546,44.384993],[5.465492,44.38476],[5.465346,44.38447],[5.465281,44.383691],[5.46424,44.381785],[5.463915,44.381099],[5.463996,44.380657],[5.463541,44.380332],[5.463394,44.379983],[5.463671,44.379425],[5.46372,44.379007],[5.464029,44.378403],[5.463915,44.377914],[5.464142,44.377426],[5.463964,44.376473],[5.464029,44.376078],[5.464321,44.375299],[5.464045,44.374869],[5.462549,44.374183],[5.462337,44.37337],[5.462142,44.373149],[5.461898,44.371835],[5.462419,44.371428],[5.463508,44.370859],[5.464939,44.370208],[5.463346,44.368615],[5.461573,44.368197],[5.460695,44.367557],[5.459963,44.367313],[5.460695,44.367174],[5.46141,44.367197],[5.46211,44.366906],[5.462305,44.366569],[5.462272,44.366162],[5.461963,44.365465],[5.461784,44.364779],[5.461183,44.364058],[5.463736,44.363349],[5.463899,44.36314],[5.463752,44.363035],[5.463281,44.362965],[5.463541,44.362186],[5.462955,44.361768],[5.462858,44.361082],[5.462614,44.360873],[5.462093,44.360861],[5.461557,44.360628],[5.461492,44.360419],[5.461036,44.360338],[5.460727,44.359605],[5.460581,44.358733],[5.46063,44.358431],[5.4605,44.357954],[5.460126,44.357768],[5.459443,44.356989],[5.458825,44.356966],[5.457768,44.357233],[5.457329,44.357571],[5.456207,44.357699],[5.455426,44.358071],[5.454727,44.358582],[5.454125,44.35885],[5.453068,44.35907],[5.452548,44.359268],[5.452288,44.35957],[5.451979,44.359652],[5.450775,44.359443],[5.451052,44.359047],[5.451149,44.358582],[5.451783,44.358373],[5.451914,44.358175],[5.451816,44.357292],[5.451572,44.356978],[5.451426,44.356489],[5.451686,44.355489],[5.451995,44.355013],[5.451962,44.354641],[5.452027,44.354327],[5.452044,44.354071],[5.452239,44.353641],[5.452206,44.353257],[5.451832,44.352943],[5.451426,44.352327],[5.451019,44.351768],[5.450434,44.351594],[5.449848,44.351199],[5.449116,44.350908],[5.44832,44.350408],[5.44819,44.350001],[5.44736,44.349396],[5.446759,44.349396],[5.446417,44.349222],[5.446206,44.34878],[5.446222,44.348059],[5.445848,44.34785],[5.445393,44.347757],[5.444986,44.347384],[5.444514,44.346001],[5.443929,44.345605],[5.443896,44.345186],[5.443278,44.344896],[5.442449,44.344117],[5.442465,44.343512],[5.441896,44.342232],[5.441847,44.341697],[5.441538,44.341302],[5.441197,44.340976],[5.441473,44.34022],[5.441213,44.340116],[5.440904,44.340151],[5.440368,44.339662],[5.44001,44.339174],[5.439311,44.339337],[5.438693,44.33915],[5.438514,44.33872],[5.438237,44.338708],[5.437668,44.338336],[5.437278,44.33829],[5.437766,44.337383],[5.43801,44.336882],[5.438563,44.33672],[5.439018,44.33651],[5.439164,44.336336],[5.439571,44.336499],[5.440075,44.336452],[5.440709,44.336301],[5.44149,44.336359],[5.44188,44.335905],[5.441603,44.335824],[5.441538,44.335661],[5.441118,44.335475],[5.440893,44.335445],[5.439842,44.335084],[5.439777,44.334831],[5.439488,44.3346],[5.439584,44.334332],[5.439423,44.33427],[5.439037,44.334393],[5.438662,44.334224],[5.438619,44.33381],[5.438093,44.333472],[5.437503,44.33348],[5.437127,44.333549],[5.436484,44.333963],[5.436623,44.333756],[5.436838,44.333603],[5.436977,44.333442],[5.437299,44.333311],[5.437428,44.333119],[5.437353,44.332766],[5.437793,44.332436],[5.438093,44.332083],[5.438265,44.33183],[5.438308,44.331446],[5.438243,44.331063],[5.438205,44.330648],[5.437684,44.330613],[5.437343,44.330275],[5.436969,44.330287],[5.436725,44.330206],[5.436302,44.330252],[5.436286,44.330066],[5.435668,44.329624],[5.435619,44.329438],[5.435278,44.329426],[5.434985,44.328763],[5.435733,44.327856],[5.435343,44.326914],[5.43531,44.326378],[5.435391,44.326006],[5.434432,44.325145],[5.434367,44.324854],[5.434123,44.324843],[5.434188,44.324575],[5.43396,44.324529],[5.434025,44.324133],[5.433879,44.324203],[5.433538,44.323365],[5.433277,44.323586],[5.433017,44.322935],[5.433131,44.32247],[5.433749,44.322528],[5.434156,44.322318],[5.434074,44.321946],[5.434172,44.321434],[5.432968,44.321039],[5.432513,44.320538],[5.430334,44.32005],[5.430155,44.320119],[5.428301,44.320061],[5.428025,44.320143],[5.427765,44.320061],[5.426756,44.319957],[5.425553,44.319968],[5.424951,44.320492],[5.424577,44.320631],[5.423683,44.320748],[5.423341,44.32098],[5.423146,44.321248],[5.422772,44.321155],[5.422593,44.320945],[5.422138,44.321097],[5.421439,44.32112],[5.421195,44.321039],[5.421032,44.321108],[5.420642,44.32098],[5.420154,44.320934],[5.418999,44.32034],[5.417861,44.32005],[5.417373,44.319863],[5.415893,44.319863],[5.416658,44.319096],[5.417536,44.318781],[5.417991,44.318398],[5.418512,44.318083],[5.418495,44.317199],[5.418918,44.316943],[5.419113,44.316931],[5.41939,44.317106],[5.419617,44.317118],[5.419829,44.316792],[5.420073,44.316164],[5.419731,44.315884],[5.419764,44.315186],[5.42017,44.315105],[5.420365,44.315012],[5.419878,44.314779],[5.419276,44.314837],[5.418967,44.314767],[5.418804,44.314535],[5.418349,44.314372],[5.417942,44.314023],[5.417731,44.313685],[5.417178,44.313208],[5.417016,44.312754],[5.416804,44.312417],[5.416576,44.311928],[5.416235,44.311719],[5.416056,44.311346],[5.416137,44.310951],[5.416349,44.310753],[5.417081,44.310718],[5.417178,44.310497],[5.417194,44.310241],[5.41729,44.310146],[5.417236,44.310038],[5.417386,44.310015],[5.417408,44.309869],[5.417526,44.309785],[5.417579,44.309678],[5.417794,44.309539],[5.417773,44.309409],[5.417365,44.309294],[5.417805,44.30894],[5.417805,44.308879],[5.418309,44.308564],[5.418821,44.308507],[5.420333,44.307995],[5.420983,44.307902],[5.422349,44.307413],[5.423146,44.306924],[5.424545,44.306377],[5.425472,44.305691],[5.425683,44.30519],[5.426301,44.304981],[5.426366,44.304737],[5.42674,44.304225],[5.427,44.303538],[5.427,44.303317],[5.427374,44.302781],[5.428204,44.302374],[5.428366,44.302223],[5.427846,44.302037],[5.427878,44.30185],[5.427521,44.301175],[5.427049,44.300698],[5.426073,44.29936],[5.425293,44.297789],[5.42487,44.29666],[5.42435,44.295915],[5.42422,44.295088],[5.424236,44.294425],[5.423992,44.293854],[5.423114,44.293075],[5.422756,44.291864],[5.422414,44.291713],[5.422236,44.291212],[5.423081,44.290467],[5.422171,44.289501],[5.422317,44.289373],[5.422138,44.289117],[5.420252,44.28992],[5.416582,44.288782],[5.416201,44.288838],[5.416254,44.288719],[5.416346,44.288661],[5.41656,44.288565],[5.416313,44.288139],[5.416324,44.287972],[5.416778,44.287763],[5.416968,44.28759],[5.417422,44.287046],[5.417416,44.28696],[5.417663,44.286404],[5.417755,44.285816],[5.417692,44.285721],[5.417857,44.28542],[5.418958,44.285005],[5.419619,44.284517],[5.419879,44.283715],[5.419739,44.28188],[5.419219,44.280203],[5.419699,44.279572],[5.420039,44.278626],[5.419899,44.278655],[5.419619,44.278985],[5.418598,44.279429],[5.417937,44.279486],[5.417237,44.279343],[5.416796,44.278526],[5.416396,44.27811],[5.415515,44.277781],[5.414494,44.277594],[5.413813,44.277666],[5.413553,44.277594],[5.413052,44.277121],[5.411491,44.277193],[5.41067,44.277021],[5.409929,44.276519],[5.409849,44.276075],[5.409929,44.275745],[5.409949,44.2752],[5.409709,44.275],[5.409308,44.275],[5.409028,44.274842],[5.409048,44.27467],[5.408447,44.274684],[5.407987,44.274584],[5.407907,44.273882],[5.407687,44.273652],[5.407747,44.273366],[5.407927,44.273093],[5.408467,44.272692],[5.408027,44.272563],[5.406786,44.271889],[5.407106,44.271201],[5.406005,44.271617],[5.406125,44.271402],[5.406065,44.271],[5.405765,44.271287],[5.405384,44.271359],[5.404764,44.270886],[5.404263,44.2709],[5.403883,44.270742],[5.403062,44.271115],[5.403242,44.270498],[5.402822,44.270513],[5.402201,44.270312],[5.402161,44.270068],[5.402541,44.269839],[5.402722,44.269524],[5.403042,44.269352],[5.403122,44.269151],[5.402581,44.268678],[5.402982,44.26799],[5.403022,44.267445],[5.403482,44.267015],[5.403703,44.266341],[5.403302,44.265839],[5.403302,44.265538],[5.403042,44.265165],[5.403803,44.264807],[5.403422,44.264692],[5.402982,44.264663],[5.402782,44.264506],[5.402962,44.264162],[5.403362,44.263861],[5.403407,44.263398],[5.403696,44.263097],[5.403827,44.262736],[5.403472,44.262294],[5.403566,44.261826],[5.40337,44.261471],[5.403005,44.261405],[5.402809,44.26115],[5.40251,44.26097],[5.401679,44.260796],[5.401193,44.260829],[5.399531,44.260535],[5.398896,44.260568],[5.397728,44.260221],[5.397267,44.259995],[5.396501,44.259947],[5.396197,44.260014],[5.395906,44.259985],[5.396012,44.259683],[5.396435,44.259285],[5.396686,44.258954],[5.397399,44.258566],[5.397716,44.258273],[5.398324,44.257478],[5.398231,44.257081],[5.398588,44.256608],[5.398667,44.25622],[5.398324,44.255936],[5.398376,44.255785],[5.398165,44.255775],[5.397967,44.25569],[5.397703,44.255331],[5.397874,44.255132],[5.397941,44.254962],[5.397835,44.254725],[5.39732,44.25447],[5.396937,44.254177],[5.396844,44.254025],[5.396567,44.253883],[5.396276,44.253382],[5.397069,44.252729],[5.396461,44.253032],[5.395906,44.25324],[5.395827,44.253439],[5.395893,44.254129],[5.395748,44.254366],[5.395299,44.254432],[5.393767,44.254271],[5.393011,44.254452],[5.392401,44.254389],[5.392828,44.254277],[5.393072,44.254027],[5.393507,44.254015],[5.393682,44.25384],[5.394039,44.253803],[5.394466,44.253678],[5.394823,44.253665],[5.394867,44.253297],[5.395137,44.253147],[5.395355,44.252923],[5.395634,44.252785],[5.395817,44.252548],[5.396154,44.252415],[5.396143,44.2523],[5.395848,44.252369],[5.39558,44.252319],[5.395601,44.25207],[5.395489,44.251831],[5.3957,44.251579],[5.395982,44.251434],[5.396178,44.251224],[5.39627,44.250833],[5.396672,44.250627],[5.396833,44.250467],[5.396948,44.250257],[5.397368,44.249993],[5.397856,44.249931],[5.397908,44.249832],[5.397851,44.249651],[5.398581,44.249227],[5.39919,44.24905],[5.399639,44.248844],[5.400009,44.248552],[5.400237,44.24804],[5.400379,44.247895],[5.400268,44.24774],[5.400292,44.247617],[5.400391,44.247453],[5.400292,44.247391],[5.400046,44.247462],[5.399762,44.247608],[5.399602,44.247749],[5.399436,44.247793],[5.399251,44.247815],[5.398838,44.247992],[5.398327,44.24804],[5.396996,44.248354],[5.39662,44.248416],[5.396293,44.248407],[5.39617,44.248345],[5.396065,44.248274],[5.395954,44.248283],[5.395757,44.248402],[5.395221,44.248283],[5.394944,44.248283],[5.394543,44.248345],[5.394204,44.248332],[5.39365,44.24853],[5.393514,44.248619],[5.393409,44.248579],[5.393391,44.248345],[5.392929,44.248129],[5.39291,44.248032],[5.39299,44.247921],[5.393304,44.247749],[5.393502,44.247533],[5.393691,44.247153],[5.393903,44.247072],[5.394087,44.246904],[5.394045,44.246788],[5.394066,44.246661],[5.393776,44.24657],[5.393018,44.24622],[5.392225,44.245946],[5.392152,44.24581],[5.392361,44.245518],[5.393354,44.244861],[5.393493,44.244626],[5.393595,44.244542],[5.393627,44.244338],[5.393777,44.24425],[5.393836,44.244081],[5.393558,44.244015],[5.393434,44.243923],[5.393037,44.243842],[5.392935,44.243762],[5.392823,44.24352],[5.392769,44.243285],[5.392383,44.243032],[5.39219,44.242955],[5.39168,44.242597],[5.391455,44.242536],[5.391154,44.242305],[5.39109,44.242125],[5.391106,44.241806],[5.39094,44.24136],[5.390419,44.241102],[5.3905,44.240853],[5.390521,44.240676],[5.390596,44.24058],[5.390586,44.240422],[5.390167,44.24008],[5.389684,44.239619],[5.389411,44.239573],[5.389048,44.239548],[5.388795,44.239857],[5.388496,44.240088],[5.388393,44.240248],[5.38818,44.240438],[5.387829,44.24092],[5.387686,44.241014],[5.387611,44.240829],[5.387714,44.240627],[5.387674,44.24031],[5.387553,44.240141],[5.387467,44.239832],[5.386984,44.239968],[5.3868,44.239915],[5.386806,44.239482],[5.386846,44.23926],[5.3868,44.239202],[5.386536,44.23933],[5.386156,44.239391],[5.38626,44.239062],[5.386191,44.238901],[5.385995,44.238782],[5.385955,44.238947],[5.385524,44.239],[5.38534,44.23898],[5.384782,44.238724],[5.384581,44.238576],[5.384242,44.238456],[5.384069,44.238312],[5.383891,44.238028],[5.383598,44.237942],[5.383115,44.237558],[5.382471,44.237324],[5.381919,44.237052],[5.381425,44.236899],[5.380643,44.236858],[5.380167,44.236788],[5.37984,44.236788],[5.379495,44.236589],[5.379064,44.236245],[5.378614,44.236024],[5.378059,44.235865],[5.377363,44.235402],[5.377117,44.235154],[5.377067,44.234995],[5.376858,44.234995],[5.376784,44.234942],[5.376691,44.234819],[5.376242,44.234629],[5.375126,44.233812],[5.374504,44.233256],[5.374011,44.23307],[5.373508,44.232839],[5.373177,44.23214],[5.37241,44.231147],[5.371782,44.230148],[5.370946,44.229498],[5.370248,44.228805],[5.369708,44.228505],[5.369394,44.228462],[5.368941,44.228299],[5.368201,44.228037],[5.367904,44.227887],[5.367538,44.227918],[5.367399,44.2279],[5.367207,44.22775],[5.366911,44.227587],[5.366693,44.2275],[5.366458,44.2273],[5.36624,44.22725],[5.366074,44.227044],[5.365891,44.226851],[5.365882,44.226732],[5.366022,44.226626],[5.366048,44.226513],[5.365925,44.226339],[5.365722,44.226205],[5.36525,44.225647],[5.364933,44.225532],[5.36437,44.225505],[5.364016,44.225551],[5.363651,44.225374],[5.363013,44.225293],[5.362728,44.225136],[5.362471,44.224855],[5.361988,44.224532],[5.361763,44.224463],[5.361242,44.224098],[5.3604,44.223614],[5.359188,44.223221],[5.358388,44.22331],[5.357795,44.223834],[5.357046,44.224197],[5.356802,44.224471],[5.355791,44.224609],[5.355408,44.224621],[5.355094,44.224821],[5.354676,44.224858],[5.354658,44.225008],[5.35539,44.225296],[5.354745,44.225483],[5.354728,44.226145],[5.354641,44.226769],[5.35471,44.227157],[5.354484,44.227419],[5.353682,44.227681],[5.353525,44.228381],[5.353107,44.228455],[5.352427,44.228643],[5.352096,44.22848],[5.351869,44.228118],[5.352236,44.227806],[5.352671,44.227431],[5.352514,44.227119],[5.352954,44.226856],[5.353181,44.226802],[5.35328,44.226666],[5.3529,44.22641],[5.352749,44.226372],[5.35202,44.22553],[5.352066,44.225356],[5.35196,44.225127],[5.351421,44.224986],[5.351186,44.224991],[5.351034,44.224883],[5.35067,44.224828],[5.350162,44.224845],[5.3496,44.224665],[5.349411,44.224725],[5.349031,44.224453],[5.348925,44.224247],[5.348925,44.224143],[5.348606,44.224007],[5.348409,44.224062],[5.348007,44.223904],[5.347939,44.223746],[5.346974,44.223479],[5.346854,44.22335],[5.346173,44.223099],[5.345813,44.222848],[5.345352,44.22264],[5.344932,44.222583],[5.344611,44.222655],[5.344061,44.222999],[5.34367,44.223149],[5.34361,44.223056],[5.343931,44.222898],[5.344031,44.222712],[5.344001,44.222446],[5.344121,44.22226],[5.344441,44.222145],[5.344331,44.222088],[5.343991,44.222145],[5.34345,44.22259],[5.341999,44.222773],[5.339996,44.22273],[5.339237,44.222534],[5.338782,44.222599],[5.338251,44.222512],[5.337644,44.222588],[5.3364,44.222523],[5.33505,44.222654],[5.334503,44.222697],[5.334683,44.222569],[5.335328,44.222442],[5.335851,44.222275],[5.336308,44.221819],[5.336775,44.221619],[5.337164,44.221543],[5.337464,44.221421],[5.336953,44.221076],[5.336983,44.220409],[5.336763,44.220359],[5.336693,44.22023],[5.336763,44.219914],[5.336973,44.219663],[5.336593,44.218745],[5.336673,44.218451],[5.336563,44.218393],[5.336413,44.218372],[5.336703,44.217984],[5.337664,44.21779],[5.337744,44.21764],[5.337834,44.217159],[5.338055,44.216327],[5.338135,44.216205],[5.338015,44.215997],[5.338025,44.215789],[5.337954,44.215538],[5.337944,44.2152],[5.337985,44.214971],[5.337894,44.214641],[5.337914,44.214325],[5.337884,44.214067],[5.338111,44.213541],[5.338423,44.21351],[5.338466,44.213405],[5.338288,44.213224],[5.338018,44.213097],[5.337868,44.212742],[5.337971,44.212535],[5.338298,44.212414],[5.338326,44.212274],[5.337924,44.212053],[5.337943,44.211812],[5.338064,44.211604],[5.338214,44.211457],[5.338195,44.211129],[5.336953,44.210306],[5.336691,44.209944],[5.336691,44.209623],[5.336869,44.208772],[5.336327,44.20825],[5.336178,44.207869],[5.336215,44.207099],[5.336122,44.206904],[5.336,44.206844],[5.335888,44.206543],[5.336038,44.206161],[5.335869,44.206074],[5.335206,44.206295],[5.333441,44.206637],[5.335393,44.205532],[5.336299,44.205103],[5.336775,44.204782],[5.336944,44.204528],[5.336936,44.204321],[5.336995,44.204027],[5.336711,44.203833],[5.336692,44.203379],[5.336454,44.203005],[5.336051,44.202238],[5.336071,44.201613],[5.336038,44.201419],[5.336127,44.201196],[5.336127,44.200859],[5.336461,44.199837],[5.336415,44.199358],[5.336628,44.198792],[5.337143,44.198205],[5.337296,44.197898],[5.337017,44.197682],[5.337188,44.19739],[5.337124,44.197036],[5.337188,44.196713],[5.337038,44.196374],[5.336716,44.196159],[5.336244,44.195267],[5.335944,44.195451],[5.33516,44.196051],[5.334946,44.195998],[5.334352,44.196331],[5.33476,44.196578],[5.334989,44.196813],[5.33493,44.196917],[5.334502,44.196916],[5.33373,44.197008],[5.333215,44.197962],[5.332807,44.198301],[5.332764,44.198747],[5.333022,44.199054],[5.332335,44.1997],[5.332356,44.20007],[5.331799,44.200147],[5.331305,44.200316],[5.330811,44.20067],[5.329417,44.201316],[5.328001,44.2017],[5.326563,44.202193],[5.324911,44.203269],[5.324117,44.204192],[5.323323,44.204285],[5.322829,44.204684],[5.321606,44.205054],[5.321284,44.205407],[5.321456,44.205884],[5.321284,44.206238],[5.320018,44.206807],[5.319096,44.206899],[5.318473,44.206776],[5.316242,44.207069],[5.315062,44.207638],[5.313602,44.207945],[5.312851,44.208314],[5.311907,44.208468],[5.310384,44.208576],[5.309568,44.208668],[5.309139,44.208637],[5.308131,44.208653],[5.307873,44.208499],[5.308045,44.208268],[5.307959,44.207745],[5.307616,44.208007],[5.306993,44.208637],[5.305706,44.209268],[5.305706,44.209268],[5.304655,44.209837],[5.303667,44.21016],[5.302874,44.210068],[5.30268,44.20953],[5.301887,44.20956],[5.301457,44.209283],[5.301522,44.209053],[5.301457,44.208714],[5.301801,44.208376],[5.301865,44.207176],[5.302058,44.206699],[5.302015,44.20633],[5.302015,44.205992],[5.301779,44.205761],[5.300084,44.205561],[5.298904,44.205346],[5.298196,44.205131],[5.297187,44.205684],[5.296329,44.205853],[5.296865,44.205392],[5.296865,44.205392],[5.295793,44.205469],[5.294634,44.2055],[5.294205,44.205669],[5.293904,44.206069],[5.293454,44.2063],[5.293325,44.206576],[5.293003,44.206699],[5.292402,44.206515],[5.292059,44.206315],[5.291115,44.206038],[5.289935,44.206084],[5.288025,44.20653],[5.287467,44.20673],[5.287016,44.207022],[5.286416,44.207146],[5.286115,44.207592],[5.285772,44.207576],[5.285471,44.207699],[5.284592,44.20773],[5.28324,44.208191],[5.281094,44.208837],[5.280858,44.209099],[5.280343,44.209176],[5.279098,44.209822],[5.278841,44.210422],[5.278004,44.210837],[5.276588,44.211621],[5.275322,44.211821],[5.274507,44.212544],[5.273949,44.212775],[5.273176,44.212806],[5.273434,44.212636],[5.27294,44.211867],[5.272511,44.211391],[5.27176,44.210222],[5.271352,44.210191],[5.270601,44.210499],[5.270408,44.210868],[5.269829,44.211098],[5.269142,44.210975],[5.267554,44.211129],[5.266524,44.211021],[5.265838,44.211021],[5.264765,44.211591],[5.263949,44.21176],[5.263177,44.211406],[5.262254,44.21156],[5.260688,44.211344],[5.26013,44.211406],[5.259744,44.211221],[5.25895,44.211191],[5.258714,44.211391],[5.257297,44.211421],[5.256632,44.211637],[5.256117,44.211898],[5.255795,44.212713],[5.255366,44.213021],[5.255774,44.213267],[5.255345,44.213821],[5.255559,44.213898],[5.255581,44.214359],[5.255044,44.214543],[5.254723,44.214405],[5.254165,44.214543],[5.253993,44.214451],[5.252984,44.214513],[5.252856,44.214097],[5.25365,44.213667],[5.253006,44.213713],[5.25101,44.214159],[5.250667,44.214374],[5.249508,44.214436],[5.247234,44.214743],[5.246976,44.21462],[5.245539,44.214943],[5.245088,44.215282],[5.244852,44.215066],[5.242856,44.215282],[5.241891,44.214989],[5.241033,44.215251],[5.240282,44.215651],[5.239209,44.215928],[5.238489,44.21614],[5.23811,44.216445],[5.237921,44.21642],[5.238028,44.215881],[5.237685,44.215005],[5.23672,44.214713],[5.234831,44.214897],[5.233801,44.214759],[5.232085,44.215097],[5.231205,44.214913],[5.23054,44.214328],[5.230154,44.214221],[5.229402,44.215097],[5.22878,44.215666],[5.228201,44.216558],[5.228244,44.217112],[5.227536,44.217235],[5.22657,44.217112],[5.225991,44.216743],[5.22554,44.216789],[5.224596,44.216727],[5.223888,44.216943],[5.22363,44.21725],[5.224081,44.218019],[5.223502,44.217619],[5.222708,44.217312],[5.222343,44.217035],[5.222343,44.216404],[5.221592,44.217143],[5.221184,44.216481],[5.22097,44.215712],[5.221034,44.21502],[5.219468,44.215974],[5.219425,44.214974],[5.217429,44.215405],[5.217493,44.215666],[5.21773,44.215989],[5.216936,44.215912],[5.216549,44.21602],[5.216077,44.215851],[5.215734,44.215559],[5.215262,44.215512],[5.215047,44.215405],[5.214468,44.215374],[5.213824,44.215174],[5.213879,44.214944],[5.213591,44.214759],[5.212771,44.214563],[5.21052,44.213205],[5.209447,44.213021],[5.208267,44.212436],[5.207108,44.21216],[5.205606,44.212436],[5.204683,44.212421],[5.202255,44.213691],[5.201722,44.214097],[5.200842,44.214236],[5.199555,44.214205],[5.199018,44.214605],[5.199018,44.214605],[5.198675,44.214636],[5.198299,44.214153],[5.196851,44.213621],[5.196744,44.213221],[5.196529,44.212729],[5.196744,44.212252],[5.196744,44.211837],[5.197216,44.21116],[5.197001,44.210714],[5.197087,44.210145],[5.196722,44.208807],[5.197152,44.207792],[5.197216,44.206915],[5.197323,44.206669],[5.196787,44.206576],[5.196315,44.206807],[5.195864,44.206699],[5.195521,44.206823],[5.194877,44.206084],[5.194598,44.205192],[5.193869,44.205192],[5.193633,44.205284],[5.193418,44.205161],[5.193268,44.20533],[5.193246,44.205131],[5.192903,44.205207],[5.192967,44.2051],[5.192367,44.204977],[5.192216,44.204546],[5.191894,44.204361],[5.191701,44.203961],[5.191337,44.203808],[5.191229,44.203269],[5.191036,44.202762],[5.191122,44.202346],[5.18992,44.202362],[5.189148,44.202654],[5.188375,44.202362],[5.187646,44.201316],[5.187603,44.20087],[5.186978,44.201001],[5.185961,44.200957],[5.18535,44.200823],[5.184642,44.1999],[5.183569,44.19987],[5.183183,44.199377],[5.183118,44.198685],[5.182217,44.198639],[5.181209,44.198439],[5.180672,44.197947],[5.180136,44.197239],[5.179063,44.196901],[5.177432,44.196793],[5.176638,44.196562],[5.176016,44.196116],[5.174042,44.197131],[5.171703,44.198085],[5.169969,44.198009],[5.168831,44.198172],[5.168285,44.198205],[5.165584,44.19888],[5.164947,44.198945],[5.164522,44.199151],[5.164173,44.199141],[5.162913,44.198695],[5.162625,44.198477],[5.162079,44.198183],[5.161366,44.197411],[5.160759,44.197259],[5.160213,44.196889],[5.159848,44.196367],[5.159424,44.197291],[5.159378,44.197998],[5.159636,44.19839],[5.159939,44.198542],[5.159302,44.198597],[5.157891,44.197737],[5.157451,44.197161],[5.15689,44.197052],[5.156541,44.196845],[5.156161,44.197019],[5.154447,44.196563],[5.15431,44.196236],[5.154599,44.195605],[5.155039,44.195366],[5.155524,44.194811],[5.156389,44.194604],[5.15777,44.194637],[5.158619,44.194115],[5.159591,44.193941],[5.159579,44.193331],[5.159665,44.192639],[5.159322,44.192347],[5.158893,44.191285],[5.15812,44.190116],[5.15827,44.189454],[5.157798,44.189223],[5.158036,44.18861],[5.157943,44.188095],[5.157578,44.187633],[5.157074,44.187311],[5.156495,44.187251],[5.155738,44.187285],[5.153485,44.186408],[5.152497,44.186119],[5.151815,44.186072],[5.151227,44.185945],[5.150592,44.185851],[5.149644,44.185623],[5.148765,44.185085],[5.148014,44.184361],[5.147043,44.182784],[5.146258,44.181236],[5.145791,44.18054],[5.144876,44.179944],[5.144344,44.179499],[5.143157,44.17918],[5.14252,44.178883],[5.141541,44.178517],[5.13943,44.177329],[5.138711,44.176608],[5.137667,44.175992],[5.135205,44.175576],[5.134744,44.175289],[5.134664,44.174901],[5.133223,44.174183],[5.133463,44.173867],[5.133503,44.173609],[5.133743,44.173221],[5.134984,44.173092],[5.135445,44.173149],[5.136965,44.172863],[5.137955,44.171865],[5.138553,44.17151],[5.13916,44.171309],[5.139645,44.170847],[5.140495,44.170572],[5.141028,44.17015],[5.141598,44.169849],[5.142263,44.169303],[5.141877,44.167641],[5.142563,44.16684],[5.142542,44.165824],[5.142134,44.164901],[5.14207,44.164608],[5.141641,44.16407],[5.140934,44.16343],[5.141147,44.163192],[5.141355,44.163182],[5.141472,44.163362],[5.141886,44.16356],[5.142415,44.16356],[5.142759,44.163378],[5.143081,44.163164],[5.143998,44.163377],[5.144222,44.16333],[5.144698,44.162928],[5.145267,44.162577],[5.145268,44.162378],[5.145436,44.162398],[5.14539,44.162217],[5.14566,44.162264],[5.145803,44.162607],[5.146404,44.162884],[5.147348,44.162423],[5.148294,44.162499],[5.150245,44.162222],[5.150889,44.162484],[5.151876,44.162423],[5.152824,44.162063],[5.152974,44.161916],[5.154188,44.16138],[5.153609,44.160978],[5.153249,44.160391],[5.152906,44.16016],[5.152693,44.15941],[5.153198,44.158894],[5.154,44.158744],[5.155159,44.159359],[5.156476,44.159712],[5.156999,44.159457],[5.157233,44.159155],[5.157214,44.15884],[5.156233,44.157795],[5.156065,44.1575],[5.15599,44.157205],[5.155701,44.156817],[5.155757,44.156415],[5.155972,44.155805],[5.155944,44.155497],[5.155533,44.154894],[5.154907,44.154572],[5.154739,44.154384],[5.154431,44.154264],[5.153814,44.153855],[5.153758,44.153567],[5.15388,44.153118],[5.153712,44.152863],[5.153441,44.152763],[5.153048,44.152783],[5.152899,44.152555],[5.152357,44.152267],[5.151974,44.152166],[5.151787,44.152019],[5.151918,44.151677],[5.15218,44.151416],[5.152675,44.151342],[5.152871,44.151067],[5.151685,44.149734],[5.151059,44.148695],[5.151162,44.148387],[5.151703,44.148413],[5.15246,44.148313],[5.152656,44.148031],[5.152619,44.147582],[5.153151,44.147495],[5.153618,44.147039],[5.153964,44.146905],[5.154085,44.14655],[5.15387,44.146021],[5.154207,44.14527],[5.1543,44.144573],[5.154748,44.144412],[5.155481,44.144425],[5.15606,44.144256],[5.156803,44.144332],[5.159839,44.144265],[5.161342,44.144151],[5.16151,44.144241],[5.161789,44.144225],[5.162146,44.1446],[5.162519,44.144395],[5.16327,44.144364],[5.163763,44.144764],[5.164472,44.144564],[5.165502,44.144903],[5.166102,44.144872],[5.166479,44.144962],[5.167665,44.144781],[5.167964,44.144855],[5.168142,44.145069],[5.169021,44.145118],[5.169407,44.144764],[5.170281,44.144593],[5.170587,44.144764],[5.171531,44.144549],[5.171789,44.144595],[5.172175,44.144379],[5.17314,44.144364],[5.173505,44.144087],[5.173334,44.143779],[5.175203,44.143722],[5.175558,44.143789],[5.176016,44.143686],[5.176702,44.143779],[5.177211,44.143662],[5.177136,44.143474],[5.177303,44.142978],[5.17681,44.142485],[5.17681,44.142485],[5.177732,44.142639],[5.178276,44.142643],[5.178855,44.143125],[5.179359,44.143152],[5.179789,44.143266],[5.183032,44.143394],[5.184459,44.143487],[5.185436,44.143486],[5.185897,44.143393],[5.186959,44.143378],[5.187839,44.143271],[5.188504,44.142947],[5.188654,44.142639],[5.189091,44.142817],[5.189661,44.142851],[5.189988,44.142596],[5.190362,44.142549],[5.190539,44.142133],[5.190735,44.141912],[5.191277,44.141805],[5.191662,44.141899],[5.191758,44.141868],[5.192259,44.142023],[5.193332,44.142054],[5.195628,44.141099],[5.196899,44.140367],[5.196986,44.140129],[5.197858,44.139654],[5.198206,44.139316],[5.198642,44.138503],[5.199025,44.138478],[5.199635,44.138234],[5.20028,44.138203],[5.200577,44.138072],[5.200908,44.13784],[5.201396,44.137759],[5.202895,44.137352],[5.20401,44.136721],[5.204254,44.136652],[5.204498,44.136458],[5.204899,44.136302],[5.20557,44.136346],[5.205797,44.136214],[5.206476,44.136133],[5.206816,44.13597],[5.207313,44.135839],[5.207479,44.135683],[5.20828,44.135326],[5.208594,44.135038],[5.20964,44.134551],[5.20984,44.134413],[5.210119,44.134332],[5.210346,44.134157],[5.212707,44.133312],[5.213195,44.133162],[5.213587,44.132974],[5.214023,44.132968],[5.214476,44.132824],[5.21459,44.13263],[5.216071,44.132793],[5.216324,44.132655],[5.217413,44.13228],[5.21777,44.132305],[5.21811,44.132136],[5.218354,44.131874],[5.219435,44.131486],[5.220393,44.130854],[5.22211,44.129747],[5.222258,44.129603],[5.222659,44.129453],[5.223051,44.129065],[5.223844,44.129115],[5.224899,44.128565],[5.224812,44.128358],[5.225422,44.128039],[5.22645,44.127689],[5.22713,44.12727],[5.227622,44.127131],[5.228179,44.126885],[5.22903,44.126632],[5.229295,44.12613],[5.229239,44.125938],[5.228951,44.125737],[5.22848,44.125591],[5.228489,44.125425],[5.228716,44.124862],[5.230964,44.123435],[5.231226,44.123179],[5.231566,44.123004],[5.231932,44.122678],[5.232385,44.122478],[5.232733,44.122228],[5.233012,44.121871],[5.233753,44.12124],[5.234084,44.121071],[5.234642,44.120476],[5.236428,44.119256],[5.237439,44.1187],[5.237605,44.118487],[5.238222,44.118259],[5.239382,44.117398],[5.239879,44.117129],[5.240324,44.116823],[5.240472,44.116635],[5.241761,44.11661],[5.242624,44.116679],[5.243121,44.116554],[5.24367,44.116247],[5.244045,44.115853],[5.244785,44.115659],[5.244507,44.115246],[5.24421,44.115108],[5.24394,44.114921],[5.242947,44.115008],[5.242502,44.114902],[5.241979,44.114577],[5.241988,44.114107],[5.242145,44.113619],[5.242006,44.113269],[5.241657,44.112969],[5.244019,44.110028],[5.242868,44.10949],[5.24221,44.109063],[5.241643,44.108797],[5.240805,44.10816],[5.239646,44.107523],[5.242111,44.106196],[5.243541,44.105152],[5.246055,44.104798],[5.246675,44.104626],[5.246962,44.104709],[5.247204,44.10461],[5.246778,44.10437],[5.246399,44.104345],[5.245866,44.104127],[5.245273,44.103977],[5.24496,44.103814],[5.244228,44.103063],[5.243775,44.102406],[5.243371,44.101666],[5.243307,44.10125],[5.242463,44.100126],[5.24271,44.099956],[5.242774,44.099821],[5.242781,44.098727],[5.242711,44.098708],[5.242711,44.098601],[5.242607,44.098551],[5.242646,44.098373],[5.242565,44.096801],[5.242592,44.096543],[5.24278,44.096188],[5.242964,44.095918],[5.242964,44.095471],[5.24308,44.09469],[5.243182,44.09353],[5.243306,44.093083],[5.243644,44.093018],[5.244142,44.092987],[5.24499,44.093052],[5.245805,44.09316],[5.246599,44.093149],[5.247114,44.093064],[5.247661,44.092929],[5.247393,44.092802],[5.247361,44.092686],[5.247994,44.091631],[5.24845,44.09059],[5.24889,44.090294],[5.249367,44.090197],[5.249523,44.090043],[5.249544,44.089781],[5.249496,44.089619],[5.249287,44.08933],[5.249276,44.089153],[5.249464,44.088907],[5.249786,44.088602],[5.249856,44.088433],[5.249587,44.087454],[5.249539,44.087007],[5.249008,44.08582],[5.248654,44.085512],[5.248193,44.085246],[5.247586,44.08505],[5.246969,44.084764],[5.246932,44.084664],[5.247018,44.084364],[5.247383,44.084356],[5.24801,44.08446],[5.248423,44.084456],[5.248847,44.084395],[5.249115,44.084298],[5.249319,44.084175],[5.24926,44.084113],[5.24926,44.084036],[5.249534,44.083743],[5.249866,44.083555],[5.250236,44.08342],[5.250628,44.083212],[5.251052,44.082892],[5.25117,44.08273],[5.251647,44.082356],[5.251819,44.082163],[5.251658,44.08199],[5.250971,44.08177],[5.250757,44.081655],[5.250617,44.081447],[5.249957,44.081135],[5.249668,44.080907],[5.249442,44.080653],[5.249021,44.080552],[5.248986,44.08025],[5.248917,44.080172],[5.248998,44.079999],[5.248998,44.079759],[5.249159,44.079722],[5.249532,44.079854],[5.249734,44.079982],[5.249849,44.079883],[5.249682,44.079639],[5.249366,44.079383],[5.248969,44.079185],[5.248871,44.078879],[5.249084,44.078623],[5.249504,44.078351],[5.249659,44.077871],[5.249561,44.07764],[5.24959,44.077376],[5.249607,44.077244],[5.249498,44.076983],[5.249412,44.076917],[5.24852,44.075546],[5.248618,44.075372],[5.248676,44.07503],[5.24867,44.074827],[5.248814,44.074042],[5.249058,44.073522],[5.24921,44.072894],[5.249383,44.072679],[5.24936,44.071275],[5.249279,44.070775],[5.249187,44.069069],[5.249446,44.068858],[5.249544,44.068569],[5.24955,44.068168],[5.250066,44.067433],[5.250259,44.067387],[5.250367,44.067171],[5.250152,44.06677],[5.25036,44.066185],[5.250585,44.065731],[5.250763,44.065603],[5.250763,44.065396],[5.25097,44.065004],[5.251441,44.064471],[5.251366,44.064413],[5.250337,44.064306],[5.250521,44.064153],[5.250901,44.064037],[5.251573,44.063983],[5.252126,44.063486],[5.252373,44.063112],[5.252545,44.063145],[5.253603,44.063802],[5.254483,44.06419],[5.254701,44.064241],[5.255044,44.063995],[5.254851,44.063794],[5.254959,44.063486],[5.254894,44.062668],[5.254776,44.062517],[5.254333,44.062447],[5.253695,44.062604],[5.253402,44.062599],[5.253027,44.062483],[5.252748,44.062067],[5.252183,44.061806],[5.251654,44.061805],[5.25144,44.061635],[5.251533,44.061463],[5.251688,44.061315],[5.251907,44.0611],[5.252137,44.060939],[5.251855,44.060558],[5.251769,44.060352],[5.251763,44.060137],[5.251355,44.059947],[5.250667,44.060063],[5.250355,44.059856],[5.250107,44.059443],[5.249916,44.059292],[5.249711,44.058893],[5.249423,44.058757],[5.248822,44.058413],[5.248411,44.057939],[5.247445,44.057042],[5.244398,44.055361],[5.244013,44.054658],[5.241006,44.053303],[5.242208,44.052489],[5.243133,44.052076],[5.24326,44.051894],[5.243369,44.050919],[5.243288,44.050072],[5.243058,44.04977],[5.243076,44.04901],[5.242955,44.048129],[5.243035,44.0476],[5.242783,44.047014],[5.242909,44.046728],[5.243392,44.046423],[5.243426,44.046212],[5.243421,44.045778],[5.243513,44.045385],[5.243812,44.044902],[5.243835,44.044683],[5.243955,44.044497],[5.244191,44.04434],[5.245008,44.043356],[5.245542,44.042666],[5.245956,44.042224],[5.246129,44.04179],[5.246083,44.041335],[5.246186,44.040839],[5.246646,44.039893],[5.245519,44.039145],[5.244312,44.038483],[5.244122,44.038492],[5.244249,44.037752],[5.244398,44.03752],[5.24499,44.037128],[5.245243,44.036723],[5.245318,44.036194],[5.245134,44.035946],[5.244985,44.035528],[5.24495,44.035231],[5.244835,44.034974],[5.244927,44.034689],[5.245289,44.035069],[5.245542,44.035003],[5.245519,44.034673],[5.245422,44.034507],[5.245255,44.033862],[5.245169,44.033404],[5.244916,44.032689],[5.245048,44.032139],[5.244979,44.031606],[5.244726,44.030973],[5.244197,44.03032],[5.243748,44.030014],[5.243536,44.029725],[5.243139,44.029696],[5.242921,44.029344],[5.242346,44.029063],[5.242029,44.028857],[5.241598,44.028435],[5.241334,44.028018],[5.240994,44.027633],[5.240707,44.02693],[5.240483,44.026645],[5.240471,44.026199],[5.239678,44.025748],[5.239425,44.025231],[5.239166,44.024834],[5.239045,44.0244],[5.23812,44.023813],[5.236918,44.02359],[5.236964,44.023367],[5.237102,44.023081],[5.237085,44.022738],[5.236792,44.022594],[5.236613,44.022635],[5.236596,44.022416],[5.236826,44.022085],[5.237315,44.021816],[5.23751,44.02175],[5.237769,44.021436],[5.237252,44.021498],[5.236866,44.021312],[5.236268,44.021192],[5.235843,44.021275],[5.235607,44.02077],[5.235205,44.020436],[5.234745,44.020407],[5.234049,44.020134],[5.233629,44.019948],[5.233279,44.019981],[5.23306,44.020159],[5.232813,44.020431],[5.23248,44.020398],[5.232152,44.020249],[5.231985,44.020022],[5.231795,44.018815],[5.231519,44.018455],[5.231169,44.018219],[5.230939,44.01793],[5.230732,44.017872],[5.230599,44.017417],[5.22838,44.015462],[5.227472,44.014854],[5.227085,44.014526],[5.226034,44.014225],[5.225304,44.014151],[5.224434,44.014091],[5.224408,44.013886],[5.224013,44.013891],[5.224112,44.013452],[5.224284,44.012916],[5.22429,44.0123],[5.224481,44.011795],[5.223958,44.011693],[5.223348,44.011662],[5.223341,44.011006],[5.223391,44.010461],[5.223317,44.01019],[5.223051,44.009989],[5.222898,44.009698],[5.222257,44.009495],[5.222078,44.009397],[5.221973,44.00926],[5.221875,44.008426],[5.222183,44.007833],[5.22201,44.007629],[5.22214,44.007354],[5.222097,44.007017],[5.221813,44.006339],[5.221511,44.00598],[5.220784,44.005351],[5.220679,44.00512],[5.220433,44.005035],[5.21994,44.00451],[5.219596,44.003939],[5.218621,44.003387],[5.218588,44.003183],[5.218395,44.003198],[5.21795,44.003613],[5.217734,44.003724],[5.217124,44.003742],[5.216785,44.003692],[5.215906,44.004279],[5.21582,44.004603],[5.21524,44.004603],[5.215648,44.003985],[5.215047,44.003985],[5.2144,44.003879],[5.214129,44.003693],[5.214055,44.003387],[5.213695,44.003553],[5.213088,44.00403],[5.212213,44.00422],[5.212071,44.003923],[5.211757,44.003454],[5.211313,44.003086],[5.210561,44.002926],[5.209914,44.002709],[5.209415,44.002638],[5.20878,44.002408],[5.208361,44.002483],[5.207868,44.002456],[5.207493,44.002261],[5.206572,44.002195],[5.206014,44.002066],[5.20537,44.00201],[5.20488,44.001911],[5.203782,44.001979],[5.203224,44.001902],[5.202473,44.001979],[5.201829,44.001886],[5.201805,44.00161],[5.20223,44.001601],[5.201829,44.001176],[5.202051,44.001109],[5.202113,44.000918],[5.202051,44.000617],[5.20207,44.000182],[5.201679,43.999725],[5.201486,43.999664],[5.20117,43.999314],[5.200899,43.999234],[5.200573,43.999402],[5.199463,43.999225],[5.199276,43.998861],[5.198954,43.998722],[5.198654,43.998506],[5.198496,43.998148],[5.198225,43.998095],[5.197978,43.997939],[5.197109,43.996715],[5.19653,43.995688],[5.196074,43.995107],[5.194977,43.994149],[5.194848,43.994105],[5.194035,43.993542],[5.193036,43.993334],[5.192586,43.993014],[5.191391,43.992855],[5.190467,43.992819],[5.190214,43.992726],[5.189887,43.992305],[5.189912,43.991862],[5.189364,43.991467],[5.18916,43.991361],[5.188828,43.991139],[5.187871,43.990818],[5.187312,43.990239],[5.187004,43.990146],[5.186917,43.989703],[5.185974,43.989361],[5.184865,43.9889],[5.18407,43.988399],[5.182062,43.987721],[5.181476,43.98765],[5.180626,43.98738],[5.180281,43.987366],[5.179886,43.987278],[5.179486,43.987317],[5.179091,43.987451],[5.178395,43.987437],[5.177529,43.98719],[5.176134,43.987221],[5.175622,43.986918],[5.173838,43.986913],[5.173237,43.986789],[5.172966,43.986573],[5.174069,43.985708],[5.174433,43.984799],[5.173176,43.984014],[5.172436,43.982915],[5.172301,43.98256],[5.172196,43.982108],[5.172036,43.981917],[5.171925,43.981709],[5.17142,43.981358],[5.171185,43.981132],[5.170865,43.980711],[5.171013,43.980547],[5.170729,43.980343],[5.170501,43.980356],[5.170354,43.980099],[5.169904,43.979895],[5.169713,43.979669],[5.169066,43.979558],[5.168585,43.979341],[5.16795,43.97939],[5.167377,43.979235],[5.166743,43.979359],[5.166447,43.979305],[5.165997,43.978685],[5.165541,43.97845],[5.164715,43.97845],[5.164037,43.978396],[5.163569,43.978237],[5.162386,43.978246],[5.161708,43.978614],[5.161301,43.978729],[5.160956,43.978676],[5.160685,43.978516],[5.160476,43.978303],[5.15994,43.978033],[5.159607,43.977975],[5.159299,43.978055],[5.15875,43.978379],[5.158602,43.978627],[5.158565,43.97892],[5.158313,43.979248],[5.158257,43.979478],[5.158023,43.979567],[5.15766,43.979447],[5.157228,43.979368],[5.156723,43.979438],[5.156575,43.979616],[5.156421,43.979691],[5.15607,43.979948],[5.156101,43.980219],[5.15591,43.980481],[5.155404,43.980844],[5.154517,43.981651],[5.154369,43.982427],[5.154178,43.98248],[5.154271,43.982347],[5.154135,43.981749],[5.154289,43.980933],[5.154307,43.980587],[5.154246,43.980139],[5.154492,43.979971],[5.154504,43.979779],[5.154118,43.979224],[5.153925,43.978668],[5.153776,43.97839],[5.153728,43.978185],[5.153453,43.977911],[5.153451,43.977758],[5.152487,43.977046],[5.152198,43.976853],[5.151881,43.9768],[5.151339,43.975186],[5.151059,43.974877],[5.151171,43.974434],[5.150573,43.97481],[5.150125,43.974877],[5.14835,43.974245],[5.147454,43.974272],[5.147323,43.97438],[5.14751,43.973856],[5.14835,43.973842],[5.148948,43.973748],[5.149322,43.973318],[5.149509,43.972256],[5.149882,43.972],[5.149863,43.971799],[5.14807,43.971691],[5.14652,43.972014],[5.146482,43.970522],[5.145679,43.970199],[5.145081,43.969836],[5.144147,43.969634],[5.143101,43.968908],[5.142989,43.968626],[5.14213,43.968169],[5.141551,43.967779],[5.141084,43.967739],[5.140636,43.967954],[5.140112,43.968034],[5.139589,43.968397],[5.139104,43.969312],[5.139235,43.968357],[5.139141,43.967564],[5.139327,43.96723],[5.13934,43.966724],[5.139426,43.966538],[5.13934,43.96613],[5.139451,43.965811],[5.139919,43.965616],[5.140202,43.96558],[5.141201,43.965119],[5.141447,43.964595],[5.141719,43.964377],[5.141756,43.96392],[5.142167,43.963436],[5.142335,43.962845],[5.142802,43.962643],[5.143037,43.962431],[5.143012,43.962298],[5.143086,43.962138],[5.142778,43.962165],[5.142803,43.961783],[5.142655,43.9615],[5.142803,43.961056],[5.14284,43.960834],[5.142569,43.960062],[5.142137,43.959867],[5.1421,43.959459],[5.142236,43.958945],[5.142729,43.958572],[5.142963,43.95859],[5.143555,43.958075],[5.14369,43.957676],[5.143739,43.957454],[5.143912,43.957277],[5.143776,43.957011],[5.143801,43.95678],[5.143715,43.956514],[5.143739,43.956194],[5.14321,43.95536],[5.143111,43.955041],[5.142988,43.95481],[5.142963,43.954606],[5.142643,43.954447],[5.142495,43.954127],[5.142728,43.953997],[5.142821,43.953782],[5.143979,43.953217],[5.144614,43.952706],[5.14553,43.953015],[5.145997,43.953015],[5.146987,43.952719],[5.145137,43.951576],[5.143662,43.950823],[5.142186,43.950487],[5.141472,43.950667],[5.141361,43.950782],[5.141028,43.950986],[5.140831,43.950951],[5.14056,43.951066],[5.14035,43.951084],[5.139857,43.951421],[5.139796,43.951634],[5.139327,43.951865],[5.138773,43.951954],[5.138514,43.951927],[5.138231,43.951989],[5.137331,43.951962],[5.136591,43.952095],[5.135297,43.952131],[5.134644,43.951874],[5.134496,43.951749],[5.134164,43.95167],[5.133917,43.951448],[5.133091,43.951235],[5.132524,43.950871],[5.132007,43.950463],[5.131933,43.950135],[5.131563,43.949682],[5.131292,43.949638],[5.131206,43.949398],[5.131058,43.949238],[5.130972,43.948884],[5.130676,43.948493],[5.130392,43.948307],[5.130084,43.948289],[5.12969,43.948191],[5.129012,43.948174],[5.128864,43.947845],[5.128913,43.94765],[5.129246,43.947251],[5.12932,43.946887],[5.129604,43.946568],[5.129641,43.946452],[5.130109,43.946142],[5.13054,43.946026],[5.130639,43.945485],[5.130429,43.945352],[5.130257,43.944829],[5.130417,43.94466],[5.130466,43.944101],[5.13091,43.943844],[5.131329,43.943968],[5.131389,43.943762],[5.131277,43.943157],[5.131501,43.942444],[5.130567,43.94165],[5.129932,43.941274],[5.129838,43.940857],[5.129577,43.940278],[5.129409,43.939068],[5.129428,43.938463],[5.129166,43.937871],[5.128923,43.936647],[5.129222,43.9367],[5.129334,43.936485],[5.129147,43.936122],[5.129353,43.935355],[5.128213,43.934454],[5.127858,43.933889],[5.127821,43.933566],[5.127877,43.933257],[5.127616,43.932544],[5.128157,43.932651],[5.128624,43.932436],[5.129241,43.93253],[5.130305,43.933055],[5.130548,43.933324],[5.130959,43.933351],[5.131389,43.933445],[5.131333,43.933163],[5.13109,43.933001],[5.130735,43.932826],[5.130324,43.932396],[5.130286,43.932225],[5.130441,43.932336],[5.130538,43.932477],[5.130798,43.932518],[5.130888,43.932295],[5.130782,43.932161],[5.130823,43.931891],[5.131034,43.931768],[5.13179,43.931698],[5.131652,43.931616],[5.131465,43.931622],[5.131343,43.931581],[5.131416,43.931481],[5.131303,43.931434],[5.131595,43.931241],[5.131677,43.931077],[5.131327,43.931054],[5.131376,43.930855],[5.131286,43.930784],[5.131034,43.930843],[5.130929,43.930814],[5.131172,43.93058],[5.1314,43.930275],[5.131408,43.930158],[5.130912,43.930263],[5.131116,43.929801],[5.130628,43.92952],[5.13079,43.929326],[5.130872,43.929069],[5.130701,43.928688],[5.130433,43.928413],[5.130278,43.92805],[5.130018,43.927663],[5.129782,43.927511],[5.129254,43.927558],[5.129148,43.9274],[5.128993,43.926949],[5.128823,43.926691],[5.128758,43.926451],[5.128749,43.926211],[5.128621,43.925332],[5.128359,43.924604],[5.128394,43.924215],[5.127906,43.92321],[5.128011,43.922482],[5.127662,43.922269],[5.127523,43.922005],[5.128278,43.921883]]],"type":"MultiLineString"},"properties":{"geo_point":{"lon":5.317896534538976,"lat":44.21396676338783},"name":"GR91 De Valdrôme (Drôme) à Fontaine-de-Vaucluse (Vaucluse) (2020)","code_gr":"GR91"}},{"type":"Feature","geometry":{"coordinates":[[[5.630829,45.170942],[5.630829,45.170942],[5.631687,45.171305],[5.63452,45.171002],[5.633811,45.16955],[5.633661,45.168295],[5.633039,45.16657],[5.632395,45.164906],[5.631837,45.164391],[5.631558,45.163862],[5.631065,45.163378],[5.630679,45.162409],[5.631151,45.161819],[5.631172,45.160049],[5.631666,45.159535],[5.632181,45.159414],[5.63261,45.159156],[5.632674,45.15899],[5.633018,45.159081],[5.633232,45.159595],[5.633704,45.160276],[5.634133,45.159731],[5.635035,45.159686],[5.636258,45.159792],[5.636236,45.15955],[5.635828,45.159141],[5.636086,45.158854],[5.635335,45.15781],[5.635292,45.157537],[5.63467,45.157235],[5.634262,45.156614],[5.634155,45.155782],[5.633854,45.154678],[5.633876,45.153739],[5.633704,45.153013],[5.633339,45.152604],[5.633382,45.15206],[5.633726,45.150788],[5.63364,45.150062],[5.633811,45.149336],[5.634112,45.148927],[5.634241,45.148534],[5.634498,45.148413],[5.634605,45.147989],[5.635099,45.14758],[5.635485,45.146975],[5.635614,45.146536],[5.635936,45.146718],[5.636301,45.146203],[5.636386,45.146506],[5.63673,45.146702],[5.637331,45.14808],[5.637331,45.148428],[5.637931,45.148791],[5.638253,45.1487],[5.638661,45.14867],[5.639026,45.148821],[5.639197,45.148836],[5.639262,45.148534],[5.638833,45.147837],[5.638232,45.147111],[5.637996,45.146566],[5.637888,45.145794],[5.638124,45.145204],[5.638103,45.144599],[5.637674,45.144024],[5.636558,45.142177],[5.636043,45.140876],[5.635421,45.140331],[5.635335,45.139983],[5.634906,45.139877],[5.634434,45.139105],[5.63379,45.138514],[5.633554,45.138091],[5.632653,45.137258],[5.631644,45.136698],[5.631301,45.136335],[5.630314,45.135124],[5.629413,45.135033],[5.627138,45.135487],[5.626044,45.135608],[5.624799,45.13473],[5.623877,45.133822],[5.623254,45.133852],[5.622138,45.133217],[5.621645,45.132747],[5.621473,45.132384],[5.619585,45.131173],[5.619585,45.131173],[5.618877,45.131551],[5.618383,45.131445],[5.618405,45.131188],[5.618813,45.130794],[5.618813,45.130794],[5.618963,45.13031],[5.619735,45.129493],[5.6201,45.128751],[5.619606,45.127979],[5.619606,45.127358],[5.620658,45.126283],[5.620594,45.125723],[5.620872,45.125087],[5.621259,45.124497],[5.621151,45.123513],[5.620744,45.123134],[5.619542,45.121135],[5.618448,45.120742],[5.618577,45.121257],[5.618147,45.122241],[5.61789,45.123028],[5.617504,45.123073],[5.617074,45.122907],[5.616645,45.122831],[5.61568,45.12221],[5.615422,45.121499],[5.614886,45.121257],[5.614392,45.120787],[5.614264,45.120363],[5.613727,45.1205],[5.611903,45.120076],[5.610358,45.11891],[5.610165,45.118168],[5.609929,45.117002],[5.609521,45.116578],[5.607719,45.115836],[5.606796,45.114791],[5.605938,45.113368],[5.606496,45.112323],[5.606174,45.111369],[5.606238,45.110809],[5.60611,45.110369],[5.606281,45.109521],[5.606453,45.108052],[5.606346,45.106553],[5.606131,45.104963],[5.606088,45.104402],[5.605938,45.104039],[5.605809,45.103463],[5.605444,45.102752],[5.60538,45.101873],[5.605037,45.100843],[5.604672,45.09995],[5.604522,45.098965],[5.604307,45.098026],[5.604221,45.097223],[5.603642,45.095784],[5.602784,45.094466],[5.60184,45.094118],[5.601689,45.093815],[5.601389,45.093618],[5.600895,45.092891],[5.600895,45.091846],[5.601325,45.091346],[5.601539,45.090997],[5.602247,45.090755],[5.602655,45.090149],[5.602397,45.089573],[5.602612,45.089407],[5.60229,45.089164],[5.602955,45.088437],[5.604007,45.08821],[5.604028,45.08821],[5.604994,45.087649],[5.605659,45.086953],[5.605659,45.086953],[5.605037,45.08618],[5.605037,45.085589],[5.604865,45.085377],[5.604865,45.08518],[5.604565,45.085271],[5.604007,45.085089],[5.603899,45.084907],[5.603427,45.084983],[5.602848,45.084165],[5.602269,45.083438],[5.602183,45.08315],[5.602376,45.082907],[5.60214,45.08271],[5.602183,45.082074],[5.601625,45.080271],[5.60184,45.07965],[5.601668,45.078892],[5.60111,45.078089],[5.600831,45.077953],[5.600595,45.077574],[5.600659,45.077241],[5.60023,45.076968],[5.600016,45.07665],[5.600413,45.0764],[5.60052,45.076127],[5.600477,45.075718],[5.600649,45.075551],[5.600434,45.074884],[5.600048,45.074475],[5.599747,45.074581],[5.599426,45.074506],[5.598739,45.074657],[5.598245,45.074248],[5.597516,45.074187],[5.597087,45.073975],[5.597087,45.073687],[5.5967,45.073672],[5.596336,45.073233],[5.595499,45.073309],[5.594834,45.072748],[5.59346,45.072066],[5.594083,45.071157],[5.594018,45.070596],[5.593417,45.070657],[5.592774,45.070581],[5.591722,45.070702],[5.591229,45.070611],[5.590692,45.07052],[5.590156,45.068929],[5.589705,45.068111],[5.588589,45.067883],[5.588246,45.067671],[5.587023,45.067398],[5.585006,45.066171],[5.584706,45.065716],[5.584148,45.064201],[5.584126,45.063791],[5.585113,45.063534],[5.585671,45.063246],[5.586251,45.062715],[5.587044,45.062321],[5.587388,45.061927],[5.587817,45.061745],[5.588203,45.061018],[5.588289,45.060609],[5.588611,45.060275],[5.589405,45.05982],[5.58977,45.059426],[5.590156,45.05885],[5.590821,45.058062],[5.590714,45.057365],[5.590091,45.057304],[5.589555,45.057547],[5.588997,45.057607],[5.588761,45.057456],[5.589233,45.056819],[5.589748,45.056213],[5.589877,45.055834],[5.590349,45.055364],[5.590864,45.055288],[5.590692,45.05494],[5.590907,45.054682],[5.590349,45.054167],[5.59022,45.053878],[5.589791,45.053484],[5.588761,45.053166],[5.58801,45.052711],[5.587602,45.052772],[5.587216,45.052984],[5.586293,45.053045],[5.585886,45.053166],[5.585671,45.05353],[5.585285,45.053151],[5.585092,45.053227],[5.585092,45.053606],[5.584899,45.054151],[5.584062,45.05453],[5.583847,45.054652],[5.583332,45.054773],[5.583289,45.055106],[5.582624,45.055561],[5.581766,45.056789],[5.580564,45.057865],[5.579642,45.058471],[5.578268,45.059214],[5.577002,45.059457],[5.576273,45.059396],[5.576273,45.059396],[5.575479,45.059502],[5.573741,45.059593],[5.573333,45.059472],[5.572754,45.059608],[5.572131,45.059548],[5.570415,45.06026],[5.569878,45.06076],[5.568612,45.061442],[5.568398,45.061382],[5.567818,45.061624],[5.567432,45.061927],[5.567303,45.061715],[5.567668,45.061184],[5.568484,45.060487],[5.568805,45.060139],[5.56975,45.05976],[5.570307,45.059396],[5.570694,45.059214],[5.570844,45.05882],[5.571123,45.058623],[5.571337,45.058289],[5.572174,45.058062],[5.573054,45.058199],[5.573912,45.058441],[5.574642,45.058441],[5.575371,45.058653],[5.575844,45.058577],[5.575951,45.058214],[5.576401,45.057865],[5.576766,45.057759],[5.576766,45.05694],[5.576766,45.05694],[5.576401,45.056562],[5.576208,45.057153],[5.575972,45.056895],[5.575608,45.056865],[5.574449,45.056395],[5.573118,45.056167],[5.571616,45.055546],[5.570973,45.055576],[5.570136,45.055925],[5.569514,45.055849],[5.568698,45.055955],[5.568248,45.055849],[5.569041,45.055394],[5.569771,45.054591],[5.569814,45.053727],[5.570265,45.05309],[5.570544,45.052226],[5.570586,45.051589],[5.569556,45.051499],[5.567239,45.051847],[5.565801,45.051968],[5.565372,45.052075],[5.563377,45.052181],[5.561295,45.052423],[5.559922,45.051938],[5.558999,45.051832],[5.558398,45.051499],[5.557347,45.051362],[5.556789,45.050968],[5.555845,45.050589],[5.555523,45.050316],[5.554493,45.049801],[5.554021,45.049664],[5.553249,45.049088],[5.55224,45.048421],[5.552927,45.048254],[5.554364,45.048118],[5.555287,45.048224],[5.555523,45.047769],[5.555223,45.047421],[5.554515,45.047011],[5.554472,45.046799],[5.554944,45.046693],[5.555351,45.04642],[5.555394,45.045935],[5.555781,45.045632],[5.557111,45.045389],[5.558248,45.044874],[5.558484,45.044676],[5.557798,45.044206],[5.556854,45.043918],[5.555008,45.042948],[5.55445,45.042721],[5.552691,45.041841],[5.552068,45.041402],[5.551725,45.041356],[5.551317,45.041493],[5.550824,45.04128],[5.550416,45.041386],[5.549429,45.042296],[5.548313,45.042796],[5.548077,45.042114],[5.548185,45.04175],[5.547605,45.041629],[5.546811,45.041705],[5.546318,45.042296],[5.545717,45.042539],[5.544837,45.042569],[5.541876,45.041887],[5.541533,45.041462],[5.540138,45.041402],[5.539623,45.041205],[5.538936,45.04122],[5.538314,45.040264],[5.537263,45.039188],[5.536597,45.038642],[5.535675,45.037763],[5.534988,45.036989],[5.533915,45.036368],[5.533486,45.034745],[5.532864,45.033987],[5.532113,45.033547],[5.531212,45.033365],[5.531469,45.032774],[5.530782,45.032349],[5.530375,45.031788],[5.52986,45.031758],[5.529431,45.031485],[5.528959,45.031075],[5.527457,45.030909],[5.52765,45.03062],[5.527778,45.029665],[5.527821,45.029316],[5.527263,45.029013],[5.526405,45.027967],[5.525053,45.027951],[5.524431,45.027678],[5.522285,45.026905],[5.521813,45.026511],[5.521706,45.026314],[5.521448,45.026086],[5.52132,45.025889],[5.521019,45.025768],[5.52059,45.026162],[5.520011,45.025798],[5.519496,45.025237],[5.518831,45.024964],[5.518573,45.024645],[5.517715,45.024236],[5.517457,45.023159],[5.517157,45.022719],[5.517157,45.022294],[5.516771,45.021673],[5.516556,45.021233],[5.516256,45.020945],[5.515741,45.020808],[5.515397,45.020232],[5.515376,45.019033],[5.514732,45.018412],[5.514239,45.017304],[5.513402,45.016652],[5.513166,45.016076],[5.512779,45.01553],[5.512737,45.015166],[5.512222,45.015075],[5.51205,45.014589],[5.511127,45.013588],[5.510762,45.013436],[5.510591,45.013178],[5.510119,45.012799],[5.510076,45.011692],[5.509217,45.010433],[5.509389,45.009356],[5.509883,45.008961],[5.51072,45.008005],[5.510398,45.007656],[5.510677,45.007216],[5.511106,45.006943],[5.511513,45.006276],[5.511084,45.00576],[5.510805,45.00491],[5.510162,45.004607],[5.509797,45.003666],[5.510419,45.003333],[5.510183,45.002908],[5.509904,45.002756],[5.50969,45.002286],[5.509604,45.001906],[5.509217,45.0018],[5.508767,45.001831],[5.508402,45.001618],[5.507737,45.000799],[5.507436,44.999767],[5.507694,44.998963],[5.50793,44.998584],[5.507565,44.998174],[5.507394,44.99787],[5.507007,44.997673],[5.506922,44.99737],[5.507136,44.996763],[5.507372,44.996338],[5.507436,44.995701],[5.506986,44.995503],[5.506814,44.994836],[5.506385,44.994214],[5.506621,44.993682],[5.506192,44.993045],[5.505527,44.992817],[5.505419,44.992408],[5.504711,44.991816],[5.50381,44.990556],[5.503832,44.99004],[5.504003,44.989388],[5.503617,44.988659],[5.503875,44.987931],[5.503832,44.987385],[5.504325,44.986626],[5.504969,44.98614],[5.505806,44.985639],[5.505999,44.98523],[5.505892,44.984668],[5.50602,44.984213],[5.506836,44.983773],[5.507308,44.983059],[5.506943,44.982604],[5.506922,44.981845],[5.507072,44.981663],[5.506814,44.981177],[5.506707,44.980509],[5.506128,44.980221],[5.505613,44.979978],[5.505162,44.979508],[5.505012,44.979113],[5.503531,44.978263],[5.502995,44.977519],[5.502995,44.977307],[5.502222,44.976639],[5.502008,44.976183],[5.502136,44.975743],[5.501879,44.975394],[5.50145,44.975151],[5.50087,44.974726],[5.499325,44.973831],[5.498939,44.97374],[5.498574,44.973588],[5.498038,44.973527],[5.497609,44.973223],[5.496708,44.973208],[5.496236,44.972905],[5.494927,44.97289],[5.493425,44.972495],[5.492953,44.972434],[5.492352,44.972525],[5.491923,44.972798],[5.491236,44.97292],[5.490442,44.972935],[5.488704,44.972631],[5.488489,44.97248],[5.487996,44.972495],[5.486773,44.972297],[5.486172,44.972297],[5.485593,44.972024],[5.484584,44.972055],[5.483876,44.971827],[5.483554,44.971888],[5.48276,44.971781],[5.482031,44.971751],[5.481494,44.971614],[5.481194,44.971508],[5.480958,44.971417],[5.481129,44.971113],[5.481108,44.970643],[5.480893,44.97037],[5.480958,44.969823],[5.480529,44.969444],[5.480335,44.968958],[5.480271,44.967743],[5.480121,44.967318],[5.4804,44.966028],[5.479305,44.96416],[5.479198,44.963538],[5.47864,44.962688],[5.477803,44.96205],[5.477117,44.961913],[5.476452,44.961928],[5.475851,44.961579],[5.475658,44.961124],[5.475293,44.960714],[5.475379,44.959697],[5.475507,44.959499],[5.475507,44.959211],[5.475722,44.958588],[5.476173,44.95792],[5.47613,44.957556],[5.476216,44.957404],[5.47613,44.957115],[5.476301,44.956781],[5.476516,44.956675],[5.476752,44.956159],[5.47701,44.955992],[5.477074,44.955551],[5.47658,44.955111],[5.476409,44.954169],[5.476537,44.953942],[5.476323,44.953684],[5.476709,44.952696],[5.476988,44.952211],[5.476881,44.951709],[5.476022,44.951041],[5.475636,44.950965],[5.475572,44.950525],[5.475379,44.950358],[5.4751,44.950009],[5.475057,44.949325],[5.475507,44.949052],[5.475615,44.948794],[5.476001,44.948581],[5.476344,44.947958],[5.476151,44.947746],[5.476773,44.946911],[5.477031,44.946759],[5.477203,44.94647],[5.47761,44.946106],[5.478125,44.945984],[5.478276,44.945787],[5.478683,44.945711],[5.478769,44.945513],[5.478576,44.945179],[5.478726,44.944982],[5.47922,44.9448],[5.479413,44.944511],[5.479391,44.944162],[5.479799,44.943812],[5.480142,44.943645],[5.48085,44.94363],[5.481644,44.94325],[5.482138,44.943159],[5.482803,44.942901],[5.483211,44.942916],[5.48364,44.942825],[5.484176,44.943023],[5.48467,44.942749],[5.485528,44.942506],[5.486408,44.942157],[5.486902,44.941792],[5.488082,44.941139],[5.48864,44.94117],[5.488768,44.940927],[5.490206,44.94038],[5.490742,44.939924],[5.491558,44.939712],[5.492202,44.939317],[5.493704,44.939043],[5.494369,44.938633],[5.494884,44.938512],[5.496536,44.937889],[5.497909,44.937296],[5.498231,44.937099],[5.498939,44.936917],[5.500591,44.936233],[5.500956,44.935975],[5.501686,44.935808],[5.501858,44.935534],[5.501621,44.935413],[5.501707,44.9352],[5.501493,44.935064],[5.501321,44.934714],[5.500978,44.934669],[5.500828,44.934426],[5.500441,44.934334],[5.500141,44.933727],[5.500291,44.933438],[5.500098,44.933104],[5.500184,44.932861],[5.49984,44.932071],[5.499411,44.931874],[5.498939,44.931479],[5.498446,44.931327],[5.498231,44.930795],[5.497823,44.930704],[5.497459,44.930172],[5.497223,44.930035],[5.496643,44.929352],[5.495785,44.928759],[5.495678,44.928243],[5.495849,44.927741],[5.495656,44.927453],[5.495678,44.927012],[5.495935,44.926678],[5.495828,44.92604],[5.495678,44.925766],[5.495742,44.925326],[5.496407,44.924901],[5.496772,44.924794],[5.496858,44.924384],[5.497201,44.924354],[5.498231,44.924019],[5.498682,44.92411],[5.499004,44.924065],[5.499283,44.923852],[5.499733,44.923807],[5.499862,44.923427],[5.500677,44.923336],[5.500806,44.923169],[5.501729,44.922865],[5.502029,44.922546],[5.502051,44.921892],[5.502008,44.921725],[5.502136,44.921209],[5.501943,44.920905],[5.501965,44.92051],[5.501858,44.920358],[5.501943,44.920099],[5.501815,44.919431],[5.501621,44.918945],[5.501514,44.918671],[5.500785,44.918276],[5.500613,44.917927],[5.500141,44.917425],[5.500441,44.91738],[5.500227,44.917091],[5.499368,44.916574],[5.499604,44.916377],[5.499111,44.916164],[5.499476,44.915632],[5.49984,44.915541],[5.500205,44.915571],[5.500742,44.915207],[5.501214,44.91507],[5.5013,44.914796],[5.5013,44.914599],[5.500892,44.914341],[5.500763,44.913885],[5.501278,44.913535],[5.501621,44.913049],[5.501621,44.912593],[5.502072,44.911955],[5.5019,44.911317],[5.502051,44.910846],[5.502394,44.910359],[5.503338,44.910344],[5.504089,44.909934],[5.504819,44.909721],[5.504947,44.908779],[5.504518,44.908004],[5.50439,44.907259],[5.50469,44.907061],[5.504668,44.906362],[5.505012,44.905542],[5.504947,44.905223],[5.504862,44.904508],[5.504947,44.904067],[5.505248,44.903764],[5.505248,44.903764],[5.505226,44.903186],[5.504711,44.902669],[5.504668,44.902152],[5.50454,44.901879],[5.504518,44.901514],[5.504862,44.90121],[5.505162,44.901089],[5.504926,44.900511],[5.505033,44.900329],[5.504776,44.899857],[5.505677,44.898216],[5.505613,44.897836],[5.506106,44.897137],[5.505956,44.896498],[5.505634,44.896346],[5.505398,44.895905],[5.505119,44.895677],[5.505291,44.895328],[5.505462,44.895085],[5.50572,44.894431],[5.505934,44.894157],[5.505913,44.893519],[5.505677,44.893306],[5.505656,44.893109],[5.505355,44.892804],[5.505462,44.892303],[5.505055,44.89174],[5.505012,44.891178],[5.505012,44.891178],[5.505956,44.890707],[5.506385,44.890327],[5.506879,44.890129],[5.507587,44.889749],[5.508638,44.889126],[5.509561,44.888487],[5.509303,44.888305],[5.508896,44.887712],[5.508402,44.88718],[5.50823,44.886876],[5.50763,44.886526],[5.507608,44.886161],[5.507458,44.885811],[5.507436,44.884884],[5.507329,44.88423],[5.508445,44.883622],[5.508788,44.883349],[5.509389,44.883166],[5.509411,44.882953],[5.510162,44.882284],[5.510483,44.882239],[5.510827,44.881737],[5.510741,44.881174],[5.510805,44.88084],[5.510462,44.88049],[5.510398,44.88008],[5.510441,44.879806],[5.51014,44.879639],[5.509797,44.879213],[5.509496,44.878924],[5.509389,44.87865],[5.508831,44.878073],[5.508745,44.877206],[5.508402,44.876856],[5.508252,44.876567],[5.50866,44.876446],[5.508252,44.875913],[5.507909,44.875533],[5.507758,44.874955],[5.508402,44.874515],[5.508402,44.87421],[5.508295,44.874028],[5.508402,44.873876],[5.508316,44.873572],[5.508016,44.873465],[5.508359,44.873328],[5.508295,44.873146],[5.508102,44.873024],[5.508016,44.872842],[5.507758,44.872644],[5.507887,44.872401],[5.507823,44.871717],[5.507994,44.871428],[5.507715,44.871017],[5.507093,44.870758],[5.506643,44.87015],[5.505999,44.869816],[5.505505,44.869375],[5.505226,44.868918],[5.505269,44.868569],[5.504797,44.868188],[5.504368,44.86758],[5.503982,44.867352],[5.503703,44.867093],[5.503467,44.866941],[5.503274,44.866592],[5.50278,44.866166],[5.501836,44.865968],[5.501428,44.865725],[5.500999,44.865451],[5.500613,44.865284],[5.500162,44.865405],[5.499776,44.865299],[5.498982,44.865238],[5.498639,44.865086],[5.498253,44.86504],[5.497974,44.864751],[5.498081,44.864569],[5.497823,44.864341],[5.497609,44.864052],[5.497566,44.863793],[5.496901,44.863596],[5.496193,44.863352],[5.495527,44.862166],[5.494927,44.861177],[5.495635,44.860189],[5.495613,44.859717],[5.495871,44.859246],[5.495892,44.858804],[5.496171,44.858059],[5.496214,44.857527],[5.495914,44.85701],[5.495764,44.856675],[5.494948,44.856036],[5.49497,44.855732],[5.493639,44.855291],[5.492631,44.854987],[5.49203,44.854698],[5.491601,44.854713],[5.491214,44.854241],[5.490635,44.853952],[5.490227,44.852735],[5.490185,44.851929],[5.489455,44.851214],[5.48791,44.850377],[5.487352,44.84986],[5.486708,44.848826],[5.485829,44.847898],[5.485485,44.84738],[5.485378,44.847],[5.485142,44.846605],[5.485314,44.84595],[5.485185,44.845601],[5.485292,44.845129],[5.48497,44.844825],[5.484756,44.844338],[5.484176,44.84341],[5.484155,44.842923],[5.48364,44.84236],[5.483511,44.84058],[5.483232,44.840078],[5.482095,44.838434],[5.481923,44.837643],[5.481988,44.837035],[5.481559,44.836228],[5.481387,44.835513],[5.481709,44.834524],[5.481709,44.8339],[5.482116,44.833276],[5.48173,44.833078],[5.481559,44.83212],[5.481172,44.83183],[5.481258,44.83148],[5.481923,44.831115],[5.482481,44.831024],[5.482996,44.83078],[5.484327,44.830461],[5.485056,44.830324],[5.485464,44.829913],[5.485464,44.829913],[5.485957,44.829807],[5.486279,44.82932],[5.486365,44.828787],[5.486623,44.828102],[5.486451,44.827737],[5.486022,44.827455],[5.486344,44.826984],[5.486215,44.826177],[5.486043,44.825903],[5.486065,44.825538],[5.485807,44.825279],[5.485249,44.824366],[5.485378,44.824001],[5.485399,44.823559],[5.485893,44.823422],[5.486215,44.822981],[5.48658,44.822677],[5.486236,44.822281],[5.486258,44.82187],[5.484927,44.821824],[5.484627,44.821642],[5.485013,44.821018],[5.484863,44.820774],[5.484584,44.820652],[5.484369,44.820104],[5.484069,44.820028],[5.484048,44.819709],[5.483554,44.819359],[5.482503,44.819191],[5.480571,44.818187],[5.480099,44.817654],[5.479799,44.817334],[5.479692,44.81706],[5.479091,44.816664],[5.478919,44.816299],[5.478168,44.815705],[5.477739,44.815279],[5.477761,44.814366],[5.47761,44.813894],[5.477288,44.813772],[5.477353,44.8133],[5.477353,44.8133],[5.477052,44.812874],[5.477095,44.812661],[5.476559,44.812204],[5.476666,44.811809],[5.475915,44.811382],[5.475937,44.810895],[5.476108,44.810454],[5.476087,44.809099],[5.475829,44.808338],[5.475894,44.808079],[5.475679,44.807881],[5.475808,44.807226],[5.476044,44.806617],[5.476366,44.806374],[5.476151,44.806085],[5.476258,44.804943],[5.476495,44.804577],[5.475958,44.803877],[5.476237,44.803192],[5.476194,44.802887],[5.476495,44.802492],[5.476602,44.802141],[5.477074,44.80138],[5.476967,44.800893],[5.476967,44.800893],[5.47716,44.800573],[5.477181,44.80001],[5.477031,44.799629],[5.477396,44.799294],[5.47731,44.798883],[5.477525,44.798472],[5.477396,44.79803],[5.477525,44.797711],[5.477546,44.797132],[5.477696,44.796995],[5.477718,44.796767],[5.477954,44.796599],[5.478018,44.796203],[5.477718,44.796005],[5.47716,44.795929],[5.477031,44.795686],[5.476773,44.795549],[5.477138,44.795244],[5.476623,44.795031],[5.47701,44.794574],[5.477632,44.794528],[5.478512,44.794285],[5.479391,44.793858],[5.479713,44.793889],[5.479992,44.793706],[5.479992,44.793447],[5.480271,44.793234],[5.480293,44.792853],[5.480421,44.792594],[5.479863,44.791864],[5.478855,44.791391],[5.477353,44.790463],[5.476645,44.789853],[5.476602,44.789199],[5.476731,44.788879],[5.47658,44.788696],[5.476044,44.788529],[5.4754,44.788468],[5.474606,44.788224],[5.473984,44.788468],[5.473598,44.788376],[5.473641,44.788056],[5.473426,44.787767],[5.472117,44.787919],[5.47128,44.787478],[5.471001,44.787036],[5.470851,44.786701],[5.469435,44.785559],[5.470165,44.784843],[5.470508,44.784264],[5.470658,44.782955],[5.468662,44.78166],[5.46819,44.781112],[5.466409,44.780061],[5.464242,44.779086],[5.463835,44.778644],[5.463835,44.777334],[5.463212,44.776375],[5.463191,44.775933],[5.463727,44.775506],[5.464307,44.774958],[5.464757,44.774836],[5.464972,44.774303],[5.464864,44.7738],[5.464864,44.7738],[5.465272,44.773191],[5.465465,44.772551],[5.465337,44.77211],[5.465036,44.771774],[5.463727,44.771409],[5.462654,44.77118],[5.461882,44.770921],[5.461195,44.770815],[5.460788,44.770449],[5.461388,44.769886],[5.461496,44.768971],[5.461345,44.768728],[5.461324,44.767585],[5.461024,44.766854],[5.460745,44.766534],[5.461174,44.766077],[5.461109,44.765315],[5.460852,44.765132],[5.460873,44.764812],[5.46156,44.764279],[5.461345,44.763944],[5.46141,44.763578],[5.461517,44.763472],[5.461796,44.763426],[5.461667,44.763258],[5.461324,44.763182],[5.461088,44.762984],[5.460079,44.762756],[5.459736,44.762344],[5.459951,44.761781],[5.460273,44.761278],[5.460637,44.761125],[5.460573,44.760897],[5.460659,44.760577],[5.460358,44.760044],[5.460659,44.75948],[5.460895,44.759236],[5.460873,44.758871],[5.46141,44.758474],[5.461496,44.757834],[5.461345,44.757423],[5.461345,44.757027],[5.462075,44.756006],[5.462182,44.755716],[5.462526,44.755214],[5.462504,44.754787],[5.462332,44.75433],[5.462418,44.753873],[5.462118,44.753583],[5.462011,44.753172],[5.462139,44.752562],[5.462011,44.752181],[5.462139,44.751587],[5.462354,44.750947],[5.462418,44.750642],[5.462976,44.750414],[5.463362,44.749956],[5.463234,44.749621],[5.463427,44.749118],[5.463405,44.748707],[5.463598,44.748478],[5.46362,44.748112],[5.464242,44.747503],[5.463899,44.746802],[5.464307,44.746154],[5.464307,44.746154],[5.465487,44.745727],[5.466603,44.74524],[5.466603,44.74524],[5.46701,44.744798],[5.46701,44.744798],[5.467654,44.743365],[5.467654,44.743365],[5.468028,44.743018],[5.4682,44.742988],[5.468501,44.742836],[5.468779,44.742851],[5.469294,44.742729],[5.469681,44.742439],[5.469767,44.742195],[5.470088,44.742058],[5.470432,44.742104],[5.471097,44.741525],[5.471655,44.740351],[5.472062,44.740046],[5.472427,44.739574],[5.47335,44.739239],[5.474423,44.738598],[5.475388,44.73808],[5.476204,44.737501],[5.476848,44.736983],[5.478736,44.735931],[5.479422,44.735428],[5.480045,44.734559],[5.480066,44.732867],[5.479895,44.732486],[5.47998,44.73209],[5.479744,44.731206],[5.480753,44.730992],[5.481203,44.730794],[5.482577,44.72959],[5.482856,44.729041],[5.482899,44.728629],[5.483242,44.728233],[5.484465,44.728538],[5.485538,44.728553],[5.485795,44.729285],[5.486096,44.729346],[5.487469,44.728492],[5.487641,44.728203],[5.488521,44.727654],[5.489229,44.727898],[5.489615,44.727898],[5.48998,44.727745],[5.490087,44.727425],[5.489787,44.726952],[5.489787,44.725687],[5.489915,44.724559],[5.488928,44.723476],[5.489143,44.722059],[5.4894,44.721251],[5.489036,44.721342],[5.488993,44.721037],[5.488413,44.720763],[5.488177,44.720259],[5.487898,44.720854],[5.487383,44.721037],[5.486933,44.720778],[5.48616,44.721403],[5.485774,44.721891],[5.485152,44.721723],[5.485731,44.721113],[5.485431,44.721052],[5.485495,44.720702],[5.485216,44.720625],[5.484808,44.720778],[5.484723,44.720046],[5.485001,44.719802],[5.485023,44.719497],[5.484658,44.719375],[5.484272,44.718979],[5.483671,44.718781],[5.483693,44.718613],[5.483499,44.718293],[5.483886,44.718171],[5.485516,44.717972],[5.485903,44.717744],[5.485645,44.717561],[5.485752,44.717454],[5.485431,44.717347],[5.485667,44.716997],[5.485474,44.71689],[5.485989,44.716631],[5.48601,44.716478],[5.485752,44.716295],[5.486375,44.715944],[5.486804,44.715365],[5.487684,44.714481],[5.487576,44.7123],[5.486782,44.711629],[5.486675,44.711477],[5.486847,44.711339],[5.486504,44.711187],[5.48674,44.71108],[5.485559,44.710668],[5.484787,44.709906],[5.484894,44.709799],[5.486246,44.709769],[5.485559,44.709205],[5.484873,44.708549],[5.484079,44.708335],[5.484551,44.708183],[5.485345,44.708183],[5.485645,44.708061],[5.486439,44.708183],[5.48734,44.707985],[5.487319,44.707481],[5.487126,44.706719],[5.487297,44.706368],[5.487555,44.706078],[5.487018,44.705712],[5.48616,44.704523],[5.485216,44.704004],[5.484444,44.703379],[5.484036,44.703211],[5.483478,44.703333],[5.482791,44.703226],[5.482384,44.702921],[5.483049,44.702921],[5.483414,44.702723],[5.483414,44.702723],[5.4838,44.701854],[5.483693,44.700786],[5.48307,44.700542],[5.483156,44.699429],[5.483392,44.699718],[5.483521,44.699322],[5.483285,44.698849],[5.484358,44.699474],[5.484594,44.699566],[5.484444,44.699047],[5.484594,44.698803],[5.48468,44.698529],[5.485044,44.698407],[5.484358,44.698163],[5.485066,44.698025],[5.485323,44.697751],[5.484873,44.697598],[5.484787,44.697385],[5.484368,44.697034],[5.484304,44.696683],[5.484154,44.696393],[5.484926,44.695936],[5.485248,44.694532],[5.485055,44.694258],[5.485484,44.694288],[5.485291,44.694029],[5.485398,44.693373],[5.485248,44.693068],[5.48557,44.692672],[5.484969,44.692458],[5.486107,44.692382],[5.486707,44.692443],[5.487566,44.692366],[5.488531,44.692427],[5.48939,44.691985],[5.490012,44.691772],[5.490484,44.690902],[5.491042,44.690216],[5.492007,44.689819],[5.492222,44.689392],[5.492415,44.6884],[5.492887,44.687241],[5.492909,44.686753],[5.492909,44.686753],[5.493402,44.686219],[5.493509,44.685517],[5.493209,44.684724],[5.492115,44.683762],[5.491321,44.683167],[5.490913,44.682664],[5.490956,44.682313],[5.490505,44.681718],[5.490377,44.680894],[5.490634,44.680665],[5.49057,44.680269],[5.490827,44.68007],[5.490935,44.679643],[5.49087,44.679216],[5.490913,44.678697],[5.491557,44.678224],[5.491557,44.67769],[5.491707,44.677354],[5.491707,44.676866],[5.491063,44.676271],[5.490999,44.675905],[5.490977,44.675462],[5.491492,44.675356],[5.491557,44.675127],[5.491836,44.675035],[5.491793,44.674822],[5.492007,44.674837],[5.492029,44.674364],[5.492158,44.674074],[5.492329,44.673875],[5.492265,44.673647],[5.492694,44.673036],[5.493166,44.672578],[5.493424,44.672563],[5.493552,44.672426],[5.494303,44.67235],[5.494733,44.67206],[5.49499,44.672014],[5.495248,44.672258],[5.495505,44.671846],[5.495784,44.671678],[5.496084,44.671068],[5.496621,44.670885],[5.496792,44.670564],[5.495569,44.668702],[5.495398,44.668031],[5.495419,44.6671],[5.496106,44.666413],[5.495891,44.667176],[5.496277,44.667558],[5.496449,44.667558],[5.496792,44.667039],[5.497543,44.666398],[5.498123,44.665986],[5.499603,44.665727],[5.499239,44.665543],[5.498638,44.665376],[5.499861,44.665269],[5.49926,44.665025],[5.498895,44.664719],[5.498681,44.664262],[5.499346,44.664475],[5.499968,44.664567],[5.499475,44.6642],[5.500312,44.664353],[5.500483,44.664262],[5.500011,44.664109],[5.500698,44.663987],[5.500848,44.663605],[5.501363,44.663605],[5.50147,44.662934],[5.501899,44.66214],[5.502565,44.661499],[5.503058,44.661041],[5.503938,44.661041],[5.504925,44.660477],[5.505697,44.660873],[5.506298,44.661285],[5.50662,44.661148],[5.507478,44.660141],[5.508573,44.658202],[5.508594,44.657607],[5.509045,44.65721],[5.509216,44.656661],[5.509216,44.656661],[5.509431,44.656432],[5.50986,44.655363],[5.510096,44.655165],[5.510032,44.654631],[5.510525,44.654448],[5.510611,44.65399],[5.511191,44.653059],[5.511405,44.652875],[5.511448,44.652646],[5.511899,44.652265],[5.512521,44.651379],[5.513143,44.650754],[5.514173,44.649853],[5.514366,44.649258],[5.514624,44.649135],[5.514667,44.648861],[5.515053,44.648433],[5.515461,44.646952],[5.516061,44.646235],[5.516233,44.645548],[5.516212,44.644861],[5.516448,44.644525],[5.51692,44.644143],[5.516984,44.64367],[5.516984,44.64367],[5.518497,44.642762],[5.519677,44.642548],[5.521093,44.642426],[5.521308,44.642701],[5.522016,44.641846],[5.522231,44.641128],[5.522703,44.640243],[5.523539,44.639617],[5.523561,44.639067],[5.523196,44.638609],[5.523089,44.638044],[5.522531,44.637616],[5.521845,44.636992],[5.522305,44.636793],[5.522886,44.636764],[5.523346,44.636465],[5.523547,44.636237],[5.523506,44.635867],[5.522706,44.635681],[5.522586,44.635496],[5.521985,44.63524],[5.521997,44.635065],[5.521829,44.634913],[5.52195,44.6346],[5.522025,44.634022],[5.52224,44.633769],[5.522454,44.633636],[5.522557,44.63343],[5.522772,44.633204],[5.522744,44.632772],[5.521919,44.632633],[5.521721,44.632352],[5.521767,44.632071],[5.521873,44.631834],[5.521919,44.63137],[5.522116,44.631024],[5.522116,44.630743],[5.522116,44.630311],[5.52201,44.630214],[5.521934,44.629696],[5.521828,44.629361],[5.522131,44.629048],[5.522434,44.628908],[5.522454,44.628619],[5.522454,44.628619],[5.522668,44.628145],[5.522615,44.62758],[5.522776,44.627298],[5.52304,44.627169],[5.52304,44.627169],[5.522587,44.626574],[5.522047,44.625656],[5.520025,44.624763],[5.51816,44.624217],[5.517689,44.623485],[5.514709,44.621624],[5.516208,44.620297],[5.515615,44.619987],[5.514971,44.618746],[5.51443,44.618312],[5.514378,44.618002],[5.514204,44.617927],[5.514029,44.617605],[5.513838,44.617568],[5.513541,44.61732],[5.51314,44.616612],[5.51328,44.616501],[5.512914,44.616327],[5.51253,44.615806],[5.513193,44.615359],[5.513437,44.615],[5.513367,44.614404],[5.512862,44.61397],[5.512356,44.61397],[5.511398,44.612952],[5.510422,44.612791],[5.509724,44.612419],[5.510369,44.612456],[5.51152,44.612307],[5.512304,44.61232],[5.512949,44.612555],[5.513489,44.612692],[5.513541,44.61258],[5.512217,44.611885],[5.512095,44.611228],[5.512879,44.61062],[5.513594,44.610521],[5.514012,44.610334],[5.514186,44.610347],[5.514831,44.610111],[5.515337,44.610037],[5.5164,44.610074],[5.517271,44.609962],[5.517846,44.609987],[5.517899,44.609888],[5.517341,44.609553],[5.516783,44.609491],[5.515772,44.609162],[5.514955,44.608965],[5.51499,44.6089],[5.515358,44.608908],[5.516002,44.60885],[5.517094,44.608859],[5.517198,44.608826],[5.517184,44.608473],[5.516888,44.608002],[5.517655,44.608014],[5.518944,44.607853],[5.520321,44.607915],[5.521332,44.607443],[5.521698,44.607381],[5.521838,44.607183],[5.521524,44.607009],[5.520652,44.606885],[5.51938,44.606302],[5.518857,44.605694],[5.518578,44.605222],[5.518003,44.604726],[5.517463,44.604316],[5.517881,44.604019],[5.51809,44.603795],[5.518753,44.603659],[5.519084,44.603522],[5.519763,44.60341],[5.52013,44.603262],[5.520774,44.60279],[5.521838,44.60217],[5.521925,44.601847],[5.522291,44.601611],[5.522988,44.601351],[5.522692,44.601189],[5.523145,44.601053],[5.523476,44.60073],[5.523685,44.600469],[5.524156,44.600147],[5.524591,44.5997],[5.525358,44.599365],[5.525794,44.59908],[5.526317,44.598869],[5.526979,44.598869],[5.527641,44.598682],[5.528461,44.598658],[5.528443,44.598124],[5.528147,44.597938],[5.528269,44.597665],[5.52853,44.597578],[5.528861,44.59723],[5.529088,44.59723],[5.529489,44.596647],[5.529663,44.596597],[5.529698,44.596262],[5.530395,44.595456],[5.530674,44.594922],[5.531023,44.594723],[5.531668,44.594587],[5.532469,44.594277],[5.5328,44.593929],[5.533498,44.593731],[5.534334,44.593296],[5.535066,44.5928],[5.535676,44.592676],[5.536652,44.592216],[5.537315,44.59167],[5.537663,44.591633],[5.538029,44.591645],[5.538203,44.591422],[5.537977,44.591037],[5.537994,44.590677],[5.538308,44.590441],[5.538604,44.590144],[5.539453,44.58978],[5.54007,44.589168],[5.540948,44.58809],[5.541788,44.586853],[5.542367,44.586228],[5.542965,44.586095],[5.543806,44.585163],[5.544198,44.584897],[5.544665,44.584445],[5.545468,44.583886],[5.545879,44.583753],[5.545767,44.583434],[5.545991,44.582928],[5.546402,44.582476],[5.546832,44.581891],[5.547037,44.581757],[5.547019,44.581585],[5.547299,44.581225],[5.547934,44.581066],[5.547878,44.580507],[5.5487,44.580294],[5.548999,44.580188],[5.549503,44.580281],[5.549822,44.580148],[5.549785,44.58006],[5.5505,44.579735],[5.550758,44.579507],[5.551214,44.579384],[5.551757,44.579042],[5.552434,44.578313],[5.552884,44.577992],[5.552996,44.57758],[5.553575,44.576968],[5.554846,44.576049],[5.555593,44.575584],[5.55606,44.575091],[5.556156,44.574872],[5.556095,44.574582],[5.55623,44.574442],[5.556008,44.574336],[5.556095,44.574222],[5.556329,44.574213],[5.55697,44.574292],[5.557869,44.574012],[5.557943,44.573827],[5.557845,44.573616],[5.558042,44.573248],[5.558731,44.573122],[5.558376,44.57263],[5.558301,44.572124],[5.557423,44.570873],[5.557311,44.570288],[5.560132,44.570354],[5.562486,44.569968],[5.564316,44.569489],[5.565829,44.568757],[5.567641,44.568238],[5.5688,44.567453],[5.570219,44.566961],[5.57162,44.566694],[5.571938,44.566189],[5.57233,44.565829],[5.572554,44.56543],[5.57304,44.565244],[5.57332,44.564951],[5.574572,44.564485],[5.575281,44.564086],[5.575618,44.56374],[5.576328,44.56362],[5.577131,44.563221],[5.57756,44.563274],[5.57827,44.562955],[5.578625,44.562742],[5.579597,44.562728],[5.580213,44.562209],[5.581035,44.561398],[5.582006,44.561437],[5.582604,44.561052],[5.583351,44.560839],[5.584379,44.560346],[5.585511,44.560226],[5.586575,44.560462],[5.587024,44.560359],[5.586839,44.560142],[5.587037,44.560208],[5.586931,44.559973],[5.587156,44.560123],[5.58746,44.560133],[5.587301,44.56001],[5.587579,44.560058],[5.587486,44.559888],[5.587116,44.559549],[5.587195,44.558712],[5.587367,44.558862],[5.587499,44.55874],[5.587605,44.559098],[5.587922,44.559182],[5.588199,44.559427],[5.588424,44.559436],[5.587948,44.558759],[5.588582,44.558138],[5.588648,44.557912],[5.588754,44.557799],[5.588622,44.55761],[5.588767,44.55746],[5.588824,44.557644],[5.589133,44.557924],[5.589189,44.557784],[5.589058,44.557624],[5.589161,44.557271],[5.589179,44.556626],[5.588965,44.55634],[5.589114,44.55616],[5.589282,44.556107],[5.58931,44.555874],[5.589553,44.555601],[5.589712,44.555534],[5.589749,44.555435],[5.589553,44.555228],[5.589338,44.554603],[5.589077,44.55427],[5.589058,44.55411],[5.589142,44.55405],[5.589432,44.55421],[5.589843,44.554536],[5.589908,44.554463],[5.589796,44.554077],[5.589833,44.553864],[5.590076,44.55421],[5.590403,44.554476],[5.590618,44.554563],[5.590618,44.553924],[5.590721,44.553704],[5.590889,44.553564],[5.591047,44.553132],[5.590973,44.552866],[5.591075,44.552786],[5.591333,44.55294],[5.591719,44.552512],[5.59247,44.552252],[5.593221,44.552191],[5.5935,44.551824],[5.593929,44.551503],[5.594165,44.550815],[5.59468,44.550647],[5.595753,44.550035],[5.596333,44.54953],[5.598114,44.549469],[5.598024,44.549048],[5.598161,44.548732],[5.598368,44.548421],[5.598483,44.546831],[5.598966,44.546323],[5.599909,44.544831],[5.601289,44.544356],[5.60191,44.54375],[5.602899,44.541848],[5.602853,44.541389],[5.602393,44.540848],[5.602232,44.540455],[5.601565,44.540176],[5.601657,44.539914],[5.601726,44.538636],[5.602071,44.538111],[5.602163,44.537832],[5.602324,44.537439],[5.60214,44.536865],[5.602209,44.53639],[5.602163,44.536127],[5.602439,44.535291],[5.602807,44.534849],[5.60283,44.534505],[5.601519,44.533685],[5.601381,44.53298],[5.601036,44.532882],[5.600898,44.532209],[5.600944,44.531783],[5.600668,44.531226],[5.600392,44.530865],[5.600369,44.530439],[5.599909,44.530029],[5.598989,44.52975],[5.597931,44.52934],[5.597919,44.529134],[5.598511,44.529004],[5.598769,44.528885],[5.598769,44.528701],[5.598557,44.528853],[5.597904,44.528918],[5.597267,44.529047],[5.596827,44.529469],[5.596766,44.528864],[5.595917,44.528106],[5.595355,44.52752],[5.595309,44.527176],[5.594896,44.526766],[5.594551,44.526619],[5.594528,44.526258],[5.59416,44.526045],[5.59393,44.525717],[5.593516,44.525586],[5.593056,44.525668],[5.592711,44.525307],[5.592389,44.525241],[5.591975,44.524897],[5.590871,44.524553],[5.590158,44.523881],[5.59002,44.523569],[5.589422,44.523274],[5.588824,44.523192],[5.588594,44.522831],[5.587812,44.522356],[5.58565,44.522061],[5.585213,44.521421],[5.584754,44.520175],[5.583949,44.519109],[5.582385,44.518929],[5.582132,44.51865],[5.582569,44.517846],[5.583121,44.51742],[5.583305,44.516715],[5.583466,44.516453],[5.583558,44.516092],[5.583167,44.515731],[5.582937,44.515124],[5.582316,44.514681],[5.58181,44.513993],[5.582385,44.513779],[5.582431,44.513484],[5.581925,44.512861],[5.58204,44.512533],[5.581764,44.511992],[5.58066,44.511697],[5.579395,44.510942],[5.579257,44.510286],[5.578889,44.509729],[5.578613,44.509581],[5.578429,44.509089],[5.577601,44.508171],[5.57675,44.507433],[5.576428,44.506793],[5.576497,44.506416],[5.576221,44.506498],[5.576474,44.505858],[5.575784,44.506219],[5.574703,44.505596],[5.575324,44.504792],[5.574336,44.503988],[5.573784,44.503808],[5.572151,44.50366],[5.571691,44.503857],[5.57061,44.503447],[5.569621,44.503234],[5.569644,44.502709],[5.568333,44.502545],[5.567781,44.502348],[5.567459,44.502086],[5.566723,44.50161],[5.566378,44.501233],[5.565872,44.50097],[5.565596,44.500495],[5.565274,44.499264],[5.564377,44.497903],[5.563826,44.497575],[5.56286,44.497411],[5.562331,44.497115],[5.561687,44.496361],[5.561296,44.496066],[5.561158,44.495639],[5.561135,44.494999],[5.561388,44.494425],[5.56125,44.494048],[5.561296,44.493785],[5.56102,44.493392],[5.561181,44.492489],[5.561365,44.492178],[5.561158,44.491915],[5.561388,44.491751],[5.561388,44.491456],[5.561779,44.490767],[5.562354,44.490603],[5.562124,44.49016],[5.562423,44.489405],[5.563067,44.489126],[5.563136,44.488798],[5.562745,44.488503],[5.562929,44.488093],[5.562998,44.487748],[5.563757,44.487502],[5.564492,44.487486],[5.564653,44.487272],[5.563895,44.486665],[5.563665,44.486337],[5.563274,44.48614],[5.563067,44.485845],[5.56263,44.485648],[5.562492,44.485353],[5.562193,44.485385],[5.561595,44.485221],[5.560744,44.485566],[5.560412,44.485548],[5.560078,44.485321],[5.559881,44.485689],[5.560093,44.486425],[5.559957,44.486382],[5.559866,44.486219],[5.559396,44.485841],[5.559122,44.485213],[5.558758,44.484996],[5.558364,44.484812],[5.558288,44.484585],[5.558455,44.484455],[5.558834,44.484336],[5.558925,44.483849],[5.559062,44.483492],[5.558804,44.483123],[5.55891,44.482885],[5.559479,44.482563],[5.559663,44.482219],[5.560192,44.48212],[5.560491,44.481825],[5.561365,44.481546],[5.561595,44.481103],[5.561894,44.480775],[5.562216,44.479971],[5.562331,44.478986],[5.562837,44.478412],[5.563619,44.476935],[5.563826,44.477083],[5.563826,44.477657],[5.56401,44.477542],[5.564079,44.477083],[5.564929,44.475196],[5.566102,44.473998],[5.566976,44.47321],[5.567896,44.47211],[5.569023,44.471027],[5.569782,44.469403],[5.569759,44.468024],[5.569621,44.467646],[5.569874,44.465628],[5.569483,44.465529],[5.569253,44.464709],[5.568788,44.46488],[5.568605,44.464761],[5.568317,44.464804],[5.568378,44.464415],[5.568105,44.464415],[5.567756,44.464729],[5.567528,44.464285],[5.567361,44.464068],[5.567346,44.463841],[5.566921,44.463516],[5.566648,44.46344],[5.566163,44.463115],[5.565965,44.462877],[5.565616,44.462747],[5.565616,44.462606],[5.565965,44.46253],[5.56595,44.462379],[5.565267,44.462227],[5.5646,44.46227],[5.564676,44.462054],[5.564433,44.462076],[5.564934,44.461372],[5.565389,44.461123],[5.565251,44.460933],[5.564148,44.461327],[5.563021,44.461656],[5.563136,44.461393],[5.56355,44.46118],[5.564102,44.460835],[5.564722,44.460572],[5.563803,44.460671],[5.56286,44.460999],[5.562308,44.46095],[5.561848,44.460769],[5.561526,44.460474],[5.56148,44.460195],[5.561158,44.460129],[5.56033,44.459292],[5.559663,44.459243],[5.559065,44.45939],[5.55803,44.458849],[5.557915,44.458586],[5.557455,44.458307],[5.55711,44.458274],[5.556765,44.45857],[5.555546,44.458619],[5.555316,44.458406],[5.554603,44.458176],[5.554258,44.457913],[5.553339,44.457519],[5.553063,44.457257],[5.552557,44.457191],[5.550464,44.456091],[5.549935,44.455894],[5.54867,44.455336],[5.548371,44.455008],[5.547221,44.454942],[5.54637,44.454646],[5.54591,44.454285],[5.545657,44.453842],[5.545197,44.453629],[5.544783,44.453399],[5.544231,44.453579],[5.544277,44.45335],[5.545128,44.453038],[5.544714,44.452512],[5.543909,44.451889],[5.543565,44.451166],[5.543381,44.450559],[5.543082,44.450198],[5.540046,44.451166],[5.537539,44.45138],[5.53701,44.450247],[5.536343,44.450181],[5.53379,44.449475],[5.533262,44.449114],[5.532802,44.449016],[5.531468,44.448392],[5.529628,44.447735],[5.528846,44.447751],[5.528478,44.447489],[5.528225,44.447439],[5.528317,44.447242],[5.528984,44.447095],[5.529007,44.446947],[5.527696,44.446323],[5.52732,44.446068],[5.527092,44.4461],[5.527138,44.446263],[5.527563,44.446534],[5.527897,44.44675],[5.52773,44.446859],[5.527366,44.446729],[5.526334,44.44661],[5.526334,44.44674],[5.526789,44.446891],[5.525909,44.447454],[5.525317,44.447563],[5.524847,44.447704],[5.524316,44.447682],[5.524194,44.447519],[5.52427,44.447119],[5.523921,44.446794],[5.523845,44.446599],[5.523512,44.446317],[5.522844,44.446241],[5.52207,44.44596],[5.522101,44.445061],[5.522359,44.444432],[5.522404,44.444042],[5.522586,44.443696],[5.522662,44.442916],[5.523466,44.440868],[5.523997,44.439915],[5.524134,44.439178],[5.524528,44.438669],[5.524346,44.438322],[5.524338,44.436816],[5.523809,44.436389],[5.524476,44.436291],[5.524131,44.43611],[5.523901,44.435831],[5.52443,44.435683],[5.525051,44.435847],[5.525143,44.43565],[5.524729,44.435272],[5.525028,44.43501],[5.525649,44.434895],[5.525442,44.434714],[5.524936,44.43455],[5.525097,44.433877],[5.525051,44.433565],[5.524476,44.4334],[5.524407,44.43322],[5.524683,44.432202],[5.524407,44.431594],[5.524476,44.431233],[5.524131,44.4312],[5.523993,44.43097],[5.523464,44.43074],[5.522844,44.430839],[5.521648,44.430362],[5.521142,44.430362],[5.519739,44.430609],[5.519302,44.43051],[5.518957,44.430247],[5.518819,44.4301],[5.518152,44.430198],[5.51737,44.430214],[5.51645,44.430707],[5.515231,44.431085],[5.515254,44.430658],[5.51553,44.430297],[5.516105,44.429886],[5.51645,44.429311],[5.517278,44.428786],[5.517554,44.428457],[5.518359,44.428145],[5.51921,44.427636],[5.520521,44.426519],[5.521648,44.426158],[5.522085,44.425912],[5.522637,44.42578],[5.522154,44.425583],[5.520751,44.42537],[5.519785,44.424926],[5.52025,44.424389],[5.520204,44.424226],[5.520204,44.423847],[5.520037,44.423771],[5.520113,44.423457],[5.519901,44.423403],[5.520052,44.423273],[5.51987,44.423154],[5.518842,44.423103],[5.518014,44.423119],[5.516795,44.422939],[5.515461,44.423136],[5.514334,44.422413],[5.513736,44.422298],[5.513345,44.422117],[5.512242,44.422315],[5.51169,44.421773],[5.510954,44.42146],[5.510402,44.421001],[5.510264,44.420771],[5.50962,44.420114],[5.509137,44.420163],[5.50916,44.420327],[5.508079,44.420459],[5.507711,44.42059],[5.506883,44.420574],[5.506837,44.420311],[5.50594,44.420376],[5.505273,44.420278],[5.504583,44.420409],[5.503824,44.420442],[5.501962,44.42013],[5.501088,44.420179],[5.500352,44.420146],[5.4998,44.420278],[5.499524,44.419982],[5.498167,44.420146],[5.497339,44.420196],[5.495982,44.420491],[5.495062,44.420935],[5.494441,44.421411],[5.493429,44.421313],[5.492716,44.42146],[5.492555,44.42128],[5.492509,44.420081],[5.492555,44.419243],[5.492302,44.418685],[5.490877,44.417929],[5.490624,44.417913],[5.489543,44.417683],[5.489566,44.417288],[5.488807,44.416566],[5.487703,44.416138],[5.487473,44.415859],[5.487496,44.415301],[5.487358,44.414972],[5.48699,44.414972],[5.486392,44.415481],[5.485357,44.415876],[5.484989,44.415596],[5.48446,44.415449],[5.484529,44.414693],[5.484,44.4142],[5.483609,44.413987],[5.482114,44.412837],[5.480873,44.412557],[5.480091,44.412294],[5.478274,44.411309],[5.477492,44.410816],[5.477193,44.410405],[5.476733,44.410225],[5.476848,44.410093],[5.477745,44.410257],[5.478872,44.410356],[5.479355,44.410668],[5.480735,44.410816],[5.481517,44.410685],[5.482045,44.410849],[5.481195,44.410257],[5.480643,44.409995],[5.48016,44.409748],[5.47924,44.409765],[5.478504,44.40914],[5.478297,44.408647],[5.476917,44.408401],[5.476963,44.408155],[5.477262,44.408122],[5.47878,44.408171],[5.479309,44.408335],[5.479355,44.408204],[5.478274,44.407678],[5.477285,44.407119],[5.476986,44.406265],[5.476802,44.406019],[5.476894,44.405444],[5.476986,44.405247],[5.477009,44.404524],[5.476733,44.404326],[5.476434,44.403587],[5.47625,44.403341],[5.475974,44.402437],[5.475537,44.401665],[5.4751,44.401188],[5.474525,44.401254],[5.474272,44.401172],[5.474111,44.400728],[5.474042,44.400087],[5.474134,44.399644],[5.473973,44.399562],[5.473674,44.399824],[5.47349,44.399775],[5.473674,44.399479],[5.474525,44.399085],[5.4747,44.399134],[5.475011,44.399494],[5.475183,44.399502],[5.475236,44.399372],[5.474914,44.398942],[5.474786,44.398628],[5.474517,44.398567],[5.474142,44.398559],[5.473745,44.398344],[5.473734,44.398184],[5.473809,44.397954],[5.473852,44.397578],[5.474035,44.397409],[5.474281,44.397409],[5.47455,44.39757],[5.474732,44.397586],[5.474753,44.397463],[5.474432,44.397179],[5.474195,44.396819],[5.473917,44.396742],[5.473369,44.396827],[5.473198,44.396773],[5.473101,44.396451],[5.473166,44.39619],[5.473152,44.395114],[5.472761,44.393859],[5.471997,44.393557],[5.471168,44.39293],[5.47133,44.392279],[5.471493,44.391535],[5.471346,44.390873],[5.471184,44.390315],[5.470875,44.389885],[5.471054,44.389536],[5.470436,44.389281],[5.469086,44.389083],[5.467346,44.387491],[5.466809,44.386643],[5.46624,44.386434],[5.466322,44.386143],[5.466159,44.385725],[5.46546,44.384993],[5.465492,44.38476],[5.465346,44.38447],[5.465281,44.383691],[5.46424,44.381785],[5.463915,44.381099],[5.463996,44.380657],[5.463541,44.380332],[5.463394,44.379983],[5.463671,44.379425],[5.46372,44.379007],[5.464029,44.378403],[5.463915,44.377914],[5.464142,44.377426],[5.463964,44.376473],[5.464029,44.376078],[5.464321,44.375299],[5.464045,44.374869],[5.462549,44.374183],[5.462337,44.37337],[5.462142,44.373149],[5.461898,44.371835],[5.462419,44.371428],[5.463508,44.370859],[5.464939,44.370208],[5.463346,44.368615],[5.461573,44.368197],[5.460695,44.367557],[5.459963,44.367313],[5.460695,44.367174],[5.46141,44.367197],[5.46211,44.366906],[5.462305,44.366569],[5.462272,44.366162],[5.461963,44.365465],[5.461784,44.364779],[5.461183,44.364058],[5.463736,44.363349],[5.463899,44.36314],[5.463752,44.363035],[5.463281,44.362965],[5.463541,44.362186],[5.462955,44.361768],[5.462858,44.361082],[5.462614,44.360873],[5.462093,44.360861],[5.461557,44.360628],[5.461492,44.360419],[5.461036,44.360338],[5.460727,44.359605],[5.460581,44.358733],[5.46063,44.358431],[5.4605,44.357954],[5.460126,44.357768],[5.459443,44.356989],[5.458825,44.356966],[5.457768,44.357233],[5.457329,44.357571],[5.456207,44.357699],[5.455426,44.358071],[5.454727,44.358582],[5.454125,44.35885],[5.453068,44.35907],[5.452548,44.359268],[5.452288,44.35957],[5.451979,44.359652],[5.450775,44.359443],[5.451052,44.359047],[5.451149,44.358582],[5.451783,44.358373],[5.451914,44.358175],[5.451816,44.357292],[5.451572,44.356978],[5.451426,44.356489],[5.451686,44.355489],[5.451995,44.355013],[5.451962,44.354641],[5.452027,44.354327],[5.452044,44.354071],[5.452239,44.353641],[5.452206,44.353257],[5.451832,44.352943],[5.451426,44.352327],[5.451019,44.351768],[5.450434,44.351594],[5.449848,44.351199],[5.449116,44.350908],[5.44832,44.350408],[5.44819,44.350001],[5.44736,44.349396],[5.446759,44.349396],[5.446417,44.349222],[5.446206,44.34878],[5.446222,44.348059],[5.445848,44.34785],[5.445393,44.347757],[5.444986,44.347384],[5.444514,44.346001],[5.443929,44.345605],[5.443896,44.345186],[5.443278,44.344896],[5.442449,44.344117],[5.442465,44.343512],[5.441896,44.342232],[5.441847,44.341697],[5.441538,44.341302],[5.441197,44.340976],[5.441473,44.34022],[5.441213,44.340116],[5.440904,44.340151],[5.440368,44.339662],[5.44001,44.339174],[5.439311,44.339337],[5.438693,44.33915],[5.438514,44.33872],[5.438237,44.338708],[5.437668,44.338336],[5.437278,44.33829],[5.437766,44.337383],[5.43801,44.336882],[5.438563,44.33672],[5.439018,44.33651],[5.439164,44.336336],[5.439571,44.336499],[5.440075,44.336452],[5.440709,44.336301],[5.44149,44.336359],[5.44188,44.335905],[5.441603,44.335824],[5.441538,44.335661],[5.441118,44.335475],[5.440893,44.335445],[5.439842,44.335084],[5.439777,44.334831],[5.439488,44.3346],[5.439584,44.334332],[5.439423,44.33427],[5.439037,44.334393],[5.438662,44.334224],[5.438619,44.33381],[5.438093,44.333472],[5.437503,44.33348],[5.437127,44.333549],[5.436484,44.333963],[5.436623,44.333756],[5.436838,44.333603],[5.436977,44.333442],[5.437299,44.333311],[5.437428,44.333119],[5.437353,44.332766],[5.437793,44.332436],[5.438093,44.332083],[5.438265,44.33183],[5.438308,44.331446],[5.438243,44.331063],[5.438205,44.330648],[5.437684,44.330613],[5.437343,44.330275],[5.436969,44.330287],[5.436725,44.330206],[5.436302,44.330252],[5.436286,44.330066],[5.435668,44.329624],[5.435619,44.329438],[5.435278,44.329426],[5.434985,44.328763],[5.435733,44.327856],[5.435343,44.326914],[5.43531,44.326378],[5.435391,44.326006],[5.434432,44.325145],[5.434367,44.324854],[5.434123,44.324843],[5.434188,44.324575],[5.43396,44.324529],[5.434025,44.324133],[5.433879,44.324203],[5.433538,44.323365],[5.433277,44.323586],[5.433017,44.322935],[5.433131,44.32247],[5.433749,44.322528],[5.434156,44.322318],[5.434074,44.321946],[5.434172,44.321434],[5.432968,44.321039],[5.432513,44.320538],[5.430334,44.32005],[5.430155,44.320119],[5.428301,44.320061],[5.428025,44.320143],[5.427765,44.320061],[5.426756,44.319957],[5.425553,44.319968],[5.424951,44.320492],[5.424577,44.320631],[5.423683,44.320748],[5.423341,44.32098],[5.423146,44.321248],[5.422772,44.321155],[5.422593,44.320945],[5.422138,44.321097],[5.421439,44.32112],[5.421195,44.321039],[5.421032,44.321108],[5.420642,44.32098],[5.420154,44.320934],[5.418999,44.32034],[5.417861,44.32005],[5.417373,44.319863],[5.415893,44.319863],[5.416658,44.319096],[5.417536,44.318781],[5.417991,44.318398],[5.418512,44.318083],[5.418495,44.317199],[5.418918,44.316943],[5.419113,44.316931],[5.41939,44.317106],[5.419617,44.317118],[5.419829,44.316792],[5.420073,44.316164],[5.419731,44.315884],[5.419764,44.315186],[5.42017,44.315105],[5.420365,44.315012],[5.419878,44.314779],[5.419276,44.314837],[5.418967,44.314767],[5.418804,44.314535],[5.418349,44.314372],[5.417942,44.314023],[5.417731,44.313685],[5.417178,44.313208],[5.417016,44.312754],[5.416804,44.312417],[5.416576,44.311928],[5.416235,44.311719],[5.416056,44.311346],[5.416137,44.310951],[5.416349,44.310753],[5.417081,44.310718],[5.417178,44.310497],[5.417194,44.310241],[5.41729,44.310146],[5.417236,44.310038],[5.417386,44.310015],[5.417408,44.309869],[5.417526,44.309785],[5.417579,44.309678],[5.417794,44.309539],[5.417773,44.309409],[5.417365,44.309294],[5.417805,44.30894],[5.417805,44.308879],[5.418309,44.308564],[5.418821,44.308507],[5.420333,44.307995],[5.420983,44.307902],[5.422349,44.307413],[5.423146,44.306924],[5.424545,44.306377],[5.425472,44.305691],[5.425683,44.30519],[5.426301,44.304981],[5.426366,44.304737],[5.42674,44.304225],[5.427,44.303538],[5.427,44.303317],[5.427374,44.302781],[5.428204,44.302374],[5.428366,44.302223],[5.427846,44.302037],[5.427878,44.30185],[5.427521,44.301175],[5.427049,44.300698],[5.426073,44.29936],[5.425293,44.297789],[5.42487,44.29666],[5.42435,44.295915],[5.42422,44.295088],[5.424236,44.294425],[5.423992,44.293854],[5.423114,44.293075],[5.422756,44.291864],[5.422414,44.291713],[5.422236,44.291212],[5.423081,44.290467],[5.422171,44.289501],[5.422317,44.289373],[5.422138,44.289117],[5.420252,44.28992],[5.416582,44.288782],[5.416201,44.288838],[5.416254,44.288719],[5.416346,44.288661],[5.41656,44.288565],[5.416313,44.288139],[5.416324,44.287972],[5.416778,44.287763],[5.416968,44.28759],[5.417422,44.287046],[5.417416,44.28696],[5.417663,44.286404],[5.417755,44.285816],[5.417692,44.285721],[5.417857,44.28542],[5.418958,44.285005],[5.419619,44.284517],[5.419879,44.283715],[5.419739,44.28188],[5.419219,44.280203],[5.419699,44.279572],[5.420039,44.278626],[5.419899,44.278655],[5.419619,44.278985],[5.418598,44.279429],[5.417937,44.279486],[5.417237,44.279343],[5.416796,44.278526],[5.416396,44.27811],[5.415515,44.277781],[5.414494,44.277594],[5.413813,44.277666],[5.413553,44.277594],[5.413052,44.277121],[5.411491,44.277193],[5.41067,44.277021],[5.409929,44.276519],[5.409849,44.276075],[5.409929,44.275745],[5.409949,44.2752],[5.409709,44.275],[5.409308,44.275],[5.409028,44.274842],[5.409048,44.27467],[5.408447,44.274684],[5.407987,44.274584],[5.407907,44.273882],[5.407687,44.273652],[5.407747,44.273366],[5.407927,44.273093],[5.408467,44.272692],[5.408027,44.272563],[5.406786,44.271889],[5.407106,44.271201],[5.406005,44.271617],[5.406125,44.271402],[5.406065,44.271],[5.405765,44.271287],[5.405384,44.271359],[5.404764,44.270886],[5.404263,44.2709],[5.403883,44.270742],[5.403062,44.271115],[5.403242,44.270498],[5.402822,44.270513],[5.402201,44.270312],[5.402161,44.270068],[5.402541,44.269839],[5.402722,44.269524],[5.403042,44.269352],[5.403122,44.269151],[5.402581,44.268678],[5.402982,44.26799],[5.403022,44.267445],[5.403482,44.267015],[5.403703,44.266341],[5.403302,44.265839],[5.403302,44.265538],[5.403042,44.265165],[5.403803,44.264807],[5.403422,44.264692],[5.402982,44.264663],[5.402782,44.264506],[5.402962,44.264162],[5.403362,44.263861],[5.403407,44.263398],[5.403696,44.263097],[5.403827,44.262736],[5.403472,44.262294],[5.403566,44.261826],[5.40337,44.261471],[5.403005,44.261405],[5.402809,44.26115],[5.40251,44.26097],[5.401679,44.260796],[5.401193,44.260829],[5.399531,44.260535],[5.398896,44.260568],[5.397728,44.260221],[5.397267,44.259995],[5.396501,44.259947],[5.396197,44.260014],[5.395906,44.259985],[5.396012,44.259683],[5.396435,44.259285],[5.396686,44.258954],[5.397399,44.258566],[5.397716,44.258273],[5.398324,44.257478],[5.398231,44.257081],[5.398588,44.256608],[5.398667,44.25622],[5.398324,44.255936],[5.398376,44.255785],[5.398165,44.255775],[5.397967,44.25569],[5.397703,44.255331],[5.397874,44.255132],[5.397941,44.254962],[5.397835,44.254725],[5.39732,44.25447],[5.396937,44.254177],[5.396844,44.254025],[5.396567,44.253883],[5.396276,44.253382],[5.397069,44.252729],[5.396461,44.253032],[5.395906,44.25324],[5.395827,44.253439],[5.395893,44.254129],[5.395748,44.254366],[5.395299,44.254432],[5.393767,44.254271],[5.393011,44.254452],[5.392401,44.254389],[5.392828,44.254277],[5.393072,44.254027],[5.393507,44.254015],[5.393682,44.25384],[5.394039,44.253803],[5.394466,44.253678],[5.394823,44.253665],[5.394867,44.253297],[5.395137,44.253147],[5.395355,44.252923],[5.395634,44.252785],[5.395817,44.252548],[5.396154,44.252415],[5.396143,44.2523],[5.395848,44.252369],[5.39558,44.252319],[5.395601,44.25207],[5.395489,44.251831],[5.3957,44.251579],[5.395982,44.251434],[5.396178,44.251224],[5.39627,44.250833],[5.396672,44.250627],[5.396833,44.250467],[5.396948,44.250257],[5.397368,44.249993],[5.397856,44.249931],[5.397908,44.249832],[5.397851,44.249651],[5.398581,44.249227],[5.39919,44.24905],[5.399639,44.248844],[5.400009,44.248552],[5.400237,44.24804],[5.400379,44.247895],[5.400268,44.24774],[5.400292,44.247617],[5.400391,44.247453],[5.400292,44.247391],[5.400046,44.247462],[5.399762,44.247608],[5.399602,44.247749],[5.399436,44.247793],[5.399251,44.247815],[5.398838,44.247992],[5.398327,44.24804],[5.396996,44.248354],[5.39662,44.248416],[5.396293,44.248407],[5.39617,44.248345],[5.396065,44.248274],[5.395954,44.248283],[5.395757,44.248402],[5.395221,44.248283],[5.394944,44.248283],[5.394543,44.248345],[5.394204,44.248332],[5.39365,44.24853],[5.393514,44.248619],[5.393409,44.248579],[5.393391,44.248345],[5.392929,44.248129],[5.39291,44.248032],[5.39299,44.247921],[5.393304,44.247749],[5.393502,44.247533],[5.393691,44.247153],[5.393903,44.247072],[5.394087,44.246904],[5.394045,44.246788],[5.394066,44.246661],[5.393776,44.24657],[5.393018,44.24622],[5.392225,44.245946],[5.392152,44.24581],[5.392361,44.245518],[5.393354,44.244861],[5.393493,44.244626],[5.393595,44.244542],[5.393627,44.244338],[5.393777,44.24425],[5.393836,44.244081],[5.393558,44.244015],[5.393434,44.243923],[5.393037,44.243842],[5.392935,44.243762],[5.392823,44.24352],[5.392769,44.243285],[5.392383,44.243032],[5.39219,44.242955],[5.39168,44.242597],[5.391455,44.242536],[5.391154,44.242305],[5.39109,44.242125],[5.391106,44.241806],[5.39094,44.24136],[5.390419,44.241102],[5.3905,44.240853],[5.390521,44.240676],[5.390596,44.24058],[5.390586,44.240422],[5.390167,44.24008],[5.389684,44.239619],[5.389411,44.239573],[5.389048,44.239548],[5.388795,44.239857],[5.388496,44.240088],[5.388393,44.240248],[5.38818,44.240438],[5.387829,44.24092],[5.387686,44.241014],[5.387611,44.240829],[5.387714,44.240627],[5.387674,44.24031],[5.387553,44.240141],[5.387467,44.239832],[5.386984,44.239968],[5.3868,44.239915],[5.386806,44.239482],[5.386846,44.23926],[5.3868,44.239202],[5.386536,44.23933],[5.386156,44.239391],[5.38626,44.239062],[5.386191,44.238901],[5.385995,44.238782],[5.385955,44.238947],[5.385524,44.239],[5.38534,44.23898],[5.384782,44.238724],[5.384581,44.238576],[5.384242,44.238456],[5.384069,44.238312],[5.383891,44.238028],[5.383598,44.237942],[5.383115,44.237558],[5.382471,44.237324],[5.381919,44.237052],[5.381425,44.236899],[5.380643,44.236858],[5.380167,44.236788],[5.37984,44.236788],[5.379495,44.236589],[5.379064,44.236245],[5.378614,44.236024],[5.378059,44.235865],[5.377363,44.235402],[5.377117,44.235154],[5.377067,44.234995],[5.376858,44.234995],[5.376784,44.234942],[5.376691,44.234819],[5.376242,44.234629],[5.375126,44.233812],[5.374504,44.233256],[5.374011,44.23307],[5.373508,44.232839],[5.373177,44.23214],[5.37241,44.231147],[5.371782,44.230148],[5.370946,44.229498],[5.370248,44.228805],[5.369708,44.228505],[5.369394,44.228462],[5.368941,44.228299],[5.368201,44.228037],[5.367904,44.227887],[5.367538,44.227918],[5.367399,44.2279],[5.367207,44.22775],[5.366911,44.227587],[5.366693,44.2275],[5.366458,44.2273],[5.36624,44.22725],[5.366074,44.227044],[5.365891,44.226851],[5.365882,44.226732],[5.366022,44.226626],[5.366048,44.226513],[5.365925,44.226339],[5.365722,44.226205],[5.36525,44.225647],[5.364933,44.225532],[5.36437,44.225505],[5.364016,44.225551],[5.363651,44.225374],[5.363013,44.225293],[5.362728,44.225136],[5.362471,44.224855],[5.361988,44.224532],[5.361763,44.224463],[5.361242,44.224098],[5.3604,44.223614],[5.359188,44.223221],[5.358388,44.22331],[5.357795,44.223834],[5.357046,44.224197],[5.356802,44.224471],[5.355791,44.224609],[5.355408,44.224621],[5.355094,44.224821],[5.354676,44.224858],[5.354658,44.225008],[5.35539,44.225296],[5.354745,44.225483],[5.354728,44.226145],[5.354641,44.226769],[5.35471,44.227157],[5.354484,44.227419],[5.353682,44.227681],[5.353525,44.228381],[5.353107,44.228455],[5.352427,44.228643],[5.352096,44.22848],[5.351869,44.228118],[5.352236,44.227806],[5.352671,44.227431],[5.352514,44.227119],[5.352954,44.226856],[5.353181,44.226802],[5.35328,44.226666],[5.3529,44.22641],[5.352749,44.226372],[5.35202,44.22553],[5.352066,44.225356],[5.35196,44.225127],[5.351421,44.224986],[5.351186,44.224991],[5.351034,44.224883],[5.35067,44.224828],[5.350162,44.224845],[5.3496,44.224665],[5.349411,44.224725],[5.349031,44.224453],[5.348925,44.224247],[5.348925,44.224143],[5.348606,44.224007],[5.348409,44.224062],[5.348007,44.223904],[5.347939,44.223746],[5.346974,44.223479],[5.346854,44.22335],[5.346173,44.223099],[5.345813,44.222848],[5.345352,44.22264],[5.344932,44.222583],[5.344611,44.222655],[5.344061,44.222999],[5.34367,44.223149],[5.34361,44.223056],[5.343931,44.222898],[5.344031,44.222712],[5.344001,44.222446],[5.344121,44.22226],[5.344441,44.222145],[5.344331,44.222088],[5.343991,44.222145],[5.34345,44.22259],[5.341999,44.222773],[5.339996,44.22273],[5.339237,44.222534],[5.338782,44.222599],[5.338251,44.222512],[5.337644,44.222588],[5.3364,44.222523],[5.33505,44.222654],[5.334503,44.222697],[5.334683,44.222569],[5.335328,44.222442],[5.335851,44.222275],[5.336308,44.221819],[5.336775,44.221619],[5.337164,44.221543],[5.337464,44.221421],[5.336953,44.221076],[5.336983,44.220409],[5.336763,44.220359],[5.336693,44.22023],[5.336763,44.219914],[5.336973,44.219663],[5.336593,44.218745],[5.336673,44.218451],[5.336563,44.218393],[5.336413,44.218372],[5.336703,44.217984],[5.337664,44.21779],[5.337744,44.21764],[5.337834,44.217159],[5.338055,44.216327],[5.338135,44.216205],[5.338015,44.215997],[5.338025,44.215789],[5.337954,44.215538],[5.337944,44.2152],[5.337985,44.214971],[5.337894,44.214641],[5.337914,44.214325],[5.337884,44.214067],[5.338111,44.213541],[5.338423,44.21351],[5.338466,44.213405],[5.338288,44.213224],[5.338018,44.213097],[5.337868,44.212742],[5.337971,44.212535],[5.338298,44.212414],[5.338326,44.212274],[5.337924,44.212053],[5.337943,44.211812],[5.338064,44.211604],[5.338214,44.211457],[5.338195,44.211129],[5.336953,44.210306],[5.336691,44.209944],[5.336691,44.209623],[5.336869,44.208772],[5.336327,44.20825],[5.336178,44.207869],[5.336215,44.207099],[5.336122,44.206904],[5.336,44.206844],[5.335888,44.206543],[5.336038,44.206161],[5.335869,44.206074],[5.335206,44.206295],[5.333441,44.206637],[5.335393,44.205532],[5.336299,44.205103],[5.336775,44.204782],[5.336944,44.204528],[5.336936,44.204321],[5.336995,44.204027],[5.336711,44.203833],[5.336692,44.203379],[5.336454,44.203005],[5.336051,44.202238],[5.336071,44.201613],[5.336038,44.201419],[5.336127,44.201196],[5.336127,44.200859],[5.336461,44.199837],[5.336415,44.199358],[5.336628,44.198792],[5.337143,44.198205],[5.337296,44.197898],[5.337017,44.197682],[5.337188,44.19739],[5.337124,44.197036],[5.337188,44.196713],[5.337038,44.196374],[5.336716,44.196159],[5.336244,44.195267],[5.335944,44.195451],[5.33516,44.196051],[5.334946,44.195998],[5.334352,44.196331],[5.33476,44.196578],[5.334989,44.196813],[5.33493,44.196917],[5.334502,44.196916],[5.33373,44.197008],[5.333215,44.197962],[5.332807,44.198301],[5.332764,44.198747],[5.333022,44.199054],[5.332335,44.1997],[5.332356,44.20007],[5.331799,44.200147],[5.331305,44.200316],[5.330811,44.20067],[5.329417,44.201316],[5.328001,44.2017],[5.326563,44.202193],[5.324911,44.203269],[5.324117,44.204192],[5.323323,44.204285],[5.322829,44.204684],[5.321606,44.205054],[5.321284,44.205407],[5.321456,44.205884],[5.321284,44.206238],[5.320018,44.206807],[5.319096,44.206899],[5.318473,44.206776],[5.316242,44.207069],[5.315062,44.207638],[5.313602,44.207945],[5.312851,44.208314],[5.311907,44.208468],[5.310384,44.208576],[5.309568,44.208668],[5.309139,44.208637],[5.308131,44.208653],[5.307873,44.208499],[5.308045,44.208268],[5.307959,44.207745],[5.307616,44.208007],[5.306993,44.208637],[5.305706,44.209268],[5.305706,44.209268],[5.304655,44.209837],[5.303667,44.21016],[5.302874,44.210068],[5.30268,44.20953],[5.301887,44.20956],[5.301457,44.209283],[5.301522,44.209053],[5.301457,44.208714],[5.301801,44.208376],[5.301865,44.207176],[5.302058,44.206699],[5.302015,44.20633],[5.302015,44.205992],[5.301779,44.205761],[5.300084,44.205561],[5.298904,44.205346],[5.298196,44.205131],[5.297187,44.205684],[5.296329,44.205853],[5.296865,44.205392],[5.296865,44.205392],[5.295793,44.205469],[5.294634,44.2055],[5.294205,44.205669],[5.293904,44.206069],[5.293454,44.2063],[5.293325,44.206576],[5.293003,44.206699],[5.292402,44.206515],[5.292059,44.206315],[5.291115,44.206038],[5.289935,44.206084],[5.288025,44.20653],[5.287467,44.20673],[5.287016,44.207022],[5.286416,44.207146],[5.286115,44.207592],[5.285772,44.207576],[5.285471,44.207699],[5.284592,44.20773],[5.28324,44.208191],[5.281094,44.208837],[5.280858,44.209099],[5.280343,44.209176],[5.279098,44.209822],[5.278841,44.210422],[5.278004,44.210837],[5.276588,44.211621],[5.275322,44.211821],[5.274507,44.212544],[5.273949,44.212775],[5.273176,44.212806],[5.273434,44.212636],[5.27294,44.211867],[5.272511,44.211391],[5.27176,44.210222],[5.271352,44.210191],[5.270601,44.210499],[5.270408,44.210868],[5.269829,44.211098],[5.269142,44.210975],[5.267554,44.211129],[5.266524,44.211021],[5.265838,44.211021],[5.264765,44.211591],[5.263949,44.21176],[5.263177,44.211406],[5.262254,44.21156],[5.260688,44.211344],[5.26013,44.211406],[5.259744,44.211221],[5.25895,44.211191],[5.258714,44.211391],[5.257297,44.211421],[5.256632,44.211637],[5.256117,44.211898],[5.255795,44.212713],[5.255366,44.213021],[5.255774,44.213267],[5.255345,44.213821],[5.255559,44.213898],[5.255581,44.214359],[5.255044,44.214543],[5.254723,44.214405],[5.254165,44.214543],[5.253993,44.214451],[5.252984,44.214513],[5.252856,44.214097],[5.25365,44.213667],[5.253006,44.213713],[5.25101,44.214159],[5.250667,44.214374],[5.249508,44.214436],[5.247234,44.214743],[5.246976,44.21462],[5.245539,44.214943],[5.245088,44.215282],[5.244852,44.215066],[5.242856,44.215282],[5.241891,44.214989],[5.241033,44.215251],[5.240282,44.215651],[5.239209,44.215928],[5.238489,44.21614],[5.23811,44.216445],[5.237921,44.21642],[5.238028,44.215881],[5.237685,44.215005],[5.23672,44.214713],[5.234831,44.214897],[5.233801,44.214759],[5.232085,44.215097],[5.231205,44.214913],[5.23054,44.214328],[5.230154,44.214221],[5.229402,44.215097],[5.22878,44.215666],[5.228201,44.216558],[5.228244,44.217112],[5.227536,44.217235],[5.22657,44.217112],[5.225991,44.216743],[5.22554,44.216789],[5.224596,44.216727],[5.223888,44.216943],[5.22363,44.21725],[5.224081,44.218019],[5.223502,44.217619],[5.222708,44.217312],[5.222343,44.217035],[5.222343,44.216404],[5.221592,44.217143],[5.221184,44.216481],[5.22097,44.215712],[5.221034,44.21502],[5.219468,44.215974],[5.219425,44.214974],[5.217429,44.215405],[5.217493,44.215666],[5.21773,44.215989],[5.216936,44.215912],[5.216549,44.21602],[5.216077,44.215851],[5.215734,44.215559],[5.215262,44.215512],[5.215047,44.215405],[5.214468,44.215374],[5.213824,44.215174],[5.213879,44.214944],[5.213591,44.214759],[5.212771,44.214563],[5.21052,44.213205],[5.209447,44.213021],[5.208267,44.212436],[5.207108,44.21216],[5.205606,44.212436],[5.204683,44.212421],[5.202255,44.213691],[5.201722,44.214097],[5.200842,44.214236],[5.199555,44.214205],[5.199018,44.214605],[5.199018,44.214605],[5.198675,44.214636],[5.198299,44.214153],[5.196851,44.213621],[5.196744,44.213221],[5.196529,44.212729],[5.196744,44.212252],[5.196744,44.211837],[5.197216,44.21116],[5.197001,44.210714],[5.197087,44.210145],[5.196722,44.208807],[5.197152,44.207792],[5.197216,44.206915],[5.197323,44.206669],[5.196787,44.206576],[5.196315,44.206807],[5.195864,44.206699],[5.195521,44.206823],[5.194877,44.206084],[5.194598,44.205192],[5.193869,44.205192],[5.193633,44.205284],[5.193418,44.205161],[5.193268,44.20533],[5.193246,44.205131],[5.192903,44.205207],[5.192967,44.2051],[5.192367,44.204977],[5.192216,44.204546],[5.191894,44.204361],[5.191701,44.203961],[5.191337,44.203808],[5.191229,44.203269],[5.191036,44.202762],[5.191122,44.202346],[5.18992,44.202362],[5.189148,44.202654],[5.188375,44.202362],[5.187646,44.201316],[5.187603,44.20087],[5.186978,44.201001],[5.185961,44.200957],[5.18535,44.200823],[5.184642,44.1999],[5.183569,44.19987],[5.183183,44.199377],[5.183118,44.198685],[5.182217,44.198639],[5.181209,44.198439],[5.180672,44.197947],[5.180136,44.197239],[5.179063,44.196901],[5.177432,44.196793],[5.176638,44.196562],[5.176016,44.196116],[5.174042,44.197131],[5.171703,44.198085],[5.169969,44.198009],[5.168831,44.198172],[5.168285,44.198205],[5.165584,44.19888],[5.164947,44.198945],[5.164522,44.199151],[5.164173,44.199141],[5.162913,44.198695],[5.162625,44.198477],[5.162079,44.198183],[5.161366,44.197411],[5.160759,44.197259],[5.160213,44.196889],[5.159848,44.196367],[5.159424,44.197291],[5.159378,44.197998],[5.159636,44.19839],[5.159939,44.198542],[5.159302,44.198597],[5.157891,44.197737],[5.157451,44.197161],[5.15689,44.197052],[5.156541,44.196845],[5.156161,44.197019],[5.154447,44.196563],[5.15431,44.196236],[5.154599,44.195605],[5.155039,44.195366],[5.155524,44.194811],[5.156389,44.194604],[5.15777,44.194637],[5.158619,44.194115],[5.159591,44.193941],[5.159579,44.193331],[5.159665,44.192639],[5.159322,44.192347],[5.158893,44.191285],[5.15812,44.190116],[5.15827,44.189454],[5.157798,44.189223],[5.158036,44.18861],[5.157943,44.188095],[5.157578,44.187633],[5.157074,44.187311],[5.156495,44.187251],[5.155738,44.187285],[5.153485,44.186408],[5.152497,44.186119],[5.151815,44.186072],[5.151227,44.185945],[5.150592,44.185851],[5.149644,44.185623],[5.148765,44.185085],[5.148014,44.184361],[5.147043,44.182784],[5.146258,44.181236],[5.145791,44.18054],[5.144876,44.179944],[5.144344,44.179499],[5.143157,44.17918],[5.14252,44.178883],[5.141541,44.178517],[5.13943,44.177329],[5.138711,44.176608],[5.137667,44.175992],[5.135205,44.175576],[5.134744,44.175289],[5.134664,44.174901],[5.133223,44.174183],[5.133463,44.173867],[5.133503,44.173609],[5.133743,44.173221],[5.134984,44.173092],[5.135445,44.173149],[5.136965,44.172863],[5.137955,44.171865],[5.138553,44.17151],[5.13916,44.171309],[5.139645,44.170847],[5.140495,44.170572],[5.141028,44.17015],[5.141598,44.169849],[5.142263,44.169303],[5.141877,44.167641],[5.142563,44.16684],[5.142542,44.165824],[5.142134,44.164901],[5.14207,44.164608],[5.141641,44.16407],[5.140934,44.16343],[5.141147,44.163192],[5.141355,44.163182],[5.141472,44.163362],[5.141886,44.16356],[5.142415,44.16356],[5.142759,44.163378],[5.143081,44.163164],[5.143998,44.163377],[5.144222,44.16333],[5.144698,44.162928],[5.145267,44.162577],[5.145268,44.162378],[5.145436,44.162398],[5.14539,44.162217],[5.14566,44.162264],[5.145803,44.162607],[5.146404,44.162884],[5.147348,44.162423],[5.148294,44.162499],[5.150245,44.162222],[5.150889,44.162484],[5.151876,44.162423],[5.152824,44.162063],[5.152974,44.161916],[5.154188,44.16138],[5.153609,44.160978],[5.153249,44.160391],[5.152906,44.16016],[5.152693,44.15941],[5.153198,44.158894],[5.154,44.158744],[5.155159,44.159359],[5.156476,44.159712],[5.156999,44.159457],[5.157233,44.159155],[5.157214,44.15884],[5.156233,44.157795],[5.156065,44.1575],[5.15599,44.157205],[5.155701,44.156817],[5.155757,44.156415],[5.155972,44.155805],[5.155944,44.155497],[5.155533,44.154894],[5.154907,44.154572],[5.154739,44.154384],[5.154431,44.154264],[5.153814,44.153855],[5.153758,44.153567],[5.15388,44.153118],[5.153712,44.152863],[5.153441,44.152763],[5.153048,44.152783],[5.152899,44.152555],[5.152357,44.152267],[5.151974,44.152166],[5.151787,44.152019],[5.151918,44.151677],[5.15218,44.151416],[5.152675,44.151342],[5.152871,44.151067],[5.151685,44.149734],[5.151059,44.148695],[5.151162,44.148387],[5.151703,44.148413],[5.15246,44.148313],[5.152656,44.148031],[5.152619,44.147582],[5.153151,44.147495],[5.153618,44.147039],[5.153964,44.146905],[5.154085,44.14655],[5.15387,44.146021],[5.154207,44.14527],[5.1543,44.144573],[5.154748,44.144412],[5.155481,44.144425],[5.15606,44.144256],[5.156803,44.144332],[5.159839,44.144265],[5.161342,44.144151],[5.16151,44.144241],[5.161789,44.144225],[5.162146,44.1446],[5.162519,44.144395],[5.16327,44.144364],[5.163763,44.144764],[5.164472,44.144564],[5.165502,44.144903],[5.166102,44.144872],[5.166479,44.144962],[5.167665,44.144781],[5.167964,44.144855],[5.168142,44.145069],[5.169021,44.145118],[5.169407,44.144764],[5.170281,44.144593],[5.170587,44.144764],[5.171531,44.144549],[5.171789,44.144595],[5.172175,44.144379],[5.17314,44.144364],[5.173505,44.144087],[5.173334,44.143779],[5.175203,44.143722],[5.175558,44.143789],[5.176016,44.143686],[5.176702,44.143779],[5.177211,44.143662],[5.177136,44.143474],[5.177303,44.142978],[5.17681,44.142485],[5.17681,44.142485],[5.177732,44.142639],[5.178276,44.142643],[5.178855,44.143125],[5.179359,44.143152],[5.179789,44.143266],[5.183032,44.143394],[5.184459,44.143487],[5.185436,44.143486],[5.185897,44.143393],[5.186959,44.143378],[5.187839,44.143271],[5.188504,44.142947],[5.188654,44.142639],[5.189091,44.142817],[5.189661,44.142851],[5.189988,44.142596],[5.190362,44.142549],[5.190539,44.142133],[5.190735,44.141912],[5.191277,44.141805],[5.191662,44.141899],[5.191758,44.141868],[5.192259,44.142023],[5.193332,44.142054],[5.195628,44.141099],[5.196899,44.140367],[5.196986,44.140129],[5.197858,44.139654],[5.198206,44.139316],[5.198642,44.138503],[5.199025,44.138478],[5.199635,44.138234],[5.20028,44.138203],[5.200577,44.138072],[5.200908,44.13784],[5.201396,44.137759],[5.202895,44.137352],[5.20401,44.136721],[5.204254,44.136652],[5.204498,44.136458],[5.204899,44.136302],[5.20557,44.136346],[5.205797,44.136214],[5.206476,44.136133],[5.206816,44.13597],[5.207313,44.135839],[5.207479,44.135683],[5.20828,44.135326],[5.208594,44.135038],[5.20964,44.134551],[5.20984,44.134413],[5.210119,44.134332],[5.210346,44.134157],[5.212707,44.133312],[5.213195,44.133162],[5.213587,44.132974],[5.214023,44.132968],[5.214476,44.132824],[5.21459,44.13263],[5.216071,44.132793],[5.216324,44.132655],[5.217413,44.13228],[5.21777,44.132305],[5.21811,44.132136],[5.218354,44.131874],[5.219435,44.131486],[5.220393,44.130854],[5.22211,44.129747],[5.222258,44.129603],[5.222659,44.129453],[5.223051,44.129065],[5.223844,44.129115],[5.224899,44.128565],[5.224812,44.128358],[5.225422,44.128039],[5.22645,44.127689],[5.22713,44.12727],[5.227622,44.127131],[5.228179,44.126885],[5.22903,44.126632],[5.229295,44.12613],[5.229239,44.125938],[5.228951,44.125737],[5.22848,44.125591],[5.228489,44.125425],[5.228716,44.124862],[5.230964,44.123435],[5.231226,44.123179],[5.231566,44.123004],[5.231932,44.122678],[5.232385,44.122478],[5.232733,44.122228],[5.233012,44.121871],[5.233753,44.12124],[5.234084,44.121071],[5.234642,44.120476],[5.236428,44.119256],[5.237439,44.1187],[5.237605,44.118487],[5.238222,44.118259],[5.239382,44.117398],[5.239879,44.117129],[5.240324,44.116823],[5.240472,44.116635],[5.241761,44.11661],[5.242624,44.116679],[5.243121,44.116554],[5.24367,44.116247],[5.244045,44.115853],[5.244785,44.115659],[5.244507,44.115246],[5.24421,44.115108],[5.24394,44.114921],[5.242947,44.115008],[5.242502,44.114902],[5.241979,44.114577],[5.241988,44.114107],[5.242145,44.113619],[5.242006,44.113269],[5.241657,44.112969],[5.244019,44.110028],[5.242868,44.10949],[5.24221,44.109063],[5.241643,44.108797],[5.240805,44.10816],[5.239646,44.107523],[5.242111,44.106196],[5.243541,44.105152],[5.246055,44.104798],[5.246675,44.104626],[5.246962,44.104709],[5.247204,44.10461],[5.246778,44.10437],[5.246399,44.104345],[5.245866,44.104127],[5.245273,44.103977],[5.24496,44.103814],[5.244228,44.103063],[5.243775,44.102406],[5.243371,44.101666],[5.243307,44.10125],[5.242463,44.100126],[5.24271,44.099956],[5.242774,44.099821],[5.242781,44.098727],[5.242711,44.098708],[5.242711,44.098601],[5.242607,44.098551],[5.242646,44.098373],[5.242565,44.096801],[5.242592,44.096543],[5.24278,44.096188],[5.242964,44.095918],[5.242964,44.095471],[5.24308,44.09469],[5.243182,44.09353],[5.243306,44.093083],[5.243644,44.093018],[5.244142,44.092987],[5.24499,44.093052],[5.245805,44.09316],[5.246599,44.093149],[5.247114,44.093064],[5.247661,44.092929],[5.247393,44.092802],[5.247361,44.092686],[5.247994,44.091631],[5.24845,44.09059],[5.24889,44.090294],[5.249367,44.090197],[5.249523,44.090043],[5.249544,44.089781],[5.249496,44.089619],[5.249287,44.08933],[5.249276,44.089153],[5.249464,44.088907],[5.249786,44.088602],[5.249856,44.088433],[5.249587,44.087454],[5.249539,44.087007],[5.249008,44.08582],[5.248654,44.085512],[5.248193,44.085246],[5.247586,44.08505],[5.246969,44.084764],[5.246932,44.084664],[5.247018,44.084364],[5.247383,44.084356],[5.24801,44.08446],[5.248423,44.084456],[5.248847,44.084395],[5.249115,44.084298],[5.249319,44.084175],[5.24926,44.084113],[5.24926,44.084036],[5.249534,44.083743],[5.249866,44.083555],[5.250236,44.08342],[5.250628,44.083212],[5.251052,44.082892],[5.25117,44.08273],[5.251647,44.082356],[5.251819,44.082163],[5.251658,44.08199],[5.250971,44.08177],[5.250757,44.081655],[5.250617,44.081447],[5.249957,44.081135],[5.249668,44.080907],[5.249442,44.080653],[5.249021,44.080552],[5.248986,44.08025],[5.248917,44.080172],[5.248998,44.079999],[5.248998,44.079759],[5.249159,44.079722],[5.249532,44.079854],[5.249734,44.079982],[5.249849,44.079883],[5.249682,44.079639],[5.249366,44.079383],[5.248969,44.079185],[5.248871,44.078879],[5.249084,44.078623],[5.249504,44.078351],[5.249659,44.077871],[5.249561,44.07764],[5.24959,44.077376],[5.249607,44.077244],[5.249498,44.076983],[5.249412,44.076917],[5.24852,44.075546],[5.248618,44.075372],[5.248676,44.07503],[5.24867,44.074827],[5.248814,44.074042],[5.249058,44.073522],[5.24921,44.072894],[5.249383,44.072679],[5.24936,44.071275],[5.249279,44.070775],[5.249187,44.069069],[5.249446,44.068858],[5.249544,44.068569],[5.24955,44.068168],[5.250066,44.067433],[5.250259,44.067387],[5.250367,44.067171],[5.250152,44.06677],[5.25036,44.066185],[5.250585,44.065731],[5.250763,44.065603],[5.250763,44.065396],[5.25097,44.065004],[5.251441,44.064471],[5.251366,44.064413],[5.250337,44.064306],[5.250521,44.064153],[5.250901,44.064037],[5.251573,44.063983],[5.252126,44.063486],[5.252373,44.063112],[5.252545,44.063145],[5.253603,44.063802],[5.254483,44.06419],[5.254701,44.064241],[5.255044,44.063995],[5.254851,44.063794],[5.254959,44.063486],[5.254894,44.062668],[5.254776,44.062517],[5.254333,44.062447],[5.253695,44.062604],[5.253402,44.062599],[5.253027,44.062483],[5.252748,44.062067],[5.252183,44.061806],[5.251654,44.061805],[5.25144,44.061635],[5.251533,44.061463],[5.251688,44.061315],[5.251907,44.0611],[5.252137,44.060939],[5.251855,44.060558],[5.251769,44.060352],[5.251763,44.060137],[5.251355,44.059947],[5.250667,44.060063],[5.250355,44.059856],[5.250107,44.059443],[5.249916,44.059292],[5.249711,44.058893],[5.249423,44.058757],[5.248822,44.058413],[5.248411,44.057939],[5.247445,44.057042],[5.244398,44.055361],[5.244013,44.054658],[5.241006,44.053303],[5.242208,44.052489],[5.243133,44.052076],[5.24326,44.051894],[5.243369,44.050919],[5.243288,44.050072],[5.243058,44.04977],[5.243076,44.04901],[5.242955,44.048129],[5.243035,44.0476],[5.242783,44.047014],[5.242909,44.046728],[5.243392,44.046423],[5.243426,44.046212],[5.243421,44.045778],[5.243513,44.045385],[5.243812,44.044902],[5.243835,44.044683],[5.243955,44.044497],[5.244191,44.04434],[5.245008,44.043356],[5.245542,44.042666],[5.245956,44.042224],[5.246129,44.04179],[5.246083,44.041335],[5.246186,44.040839],[5.246646,44.039893],[5.245519,44.039145],[5.244312,44.038483],[5.244122,44.038492],[5.244249,44.037752],[5.244398,44.03752],[5.24499,44.037128],[5.245243,44.036723],[5.245318,44.036194],[5.245134,44.035946],[5.244985,44.035528],[5.24495,44.035231],[5.244835,44.034974],[5.244927,44.034689],[5.245289,44.035069],[5.245542,44.035003],[5.245519,44.034673],[5.245422,44.034507],[5.245255,44.033862],[5.245169,44.033404],[5.244916,44.032689],[5.245048,44.032139],[5.244979,44.031606],[5.244726,44.030973],[5.244197,44.03032],[5.243748,44.030014],[5.243536,44.029725],[5.243139,44.029696],[5.242921,44.029344],[5.242346,44.029063],[5.242029,44.028857],[5.241598,44.028435],[5.241334,44.028018],[5.240994,44.027633],[5.240707,44.02693],[5.240483,44.026645],[5.240471,44.026199],[5.239678,44.025748],[5.239425,44.025231],[5.239166,44.024834],[5.239045,44.0244],[5.23812,44.023813],[5.236918,44.02359],[5.236964,44.023367],[5.237102,44.023081],[5.237085,44.022738],[5.236792,44.022594],[5.236613,44.022635],[5.236596,44.022416],[5.236826,44.022085],[5.237315,44.021816],[5.23751,44.02175],[5.237769,44.021436],[5.237252,44.021498],[5.236866,44.021312],[5.236268,44.021192],[5.235843,44.021275],[5.235607,44.02077],[5.235205,44.020436],[5.234745,44.020407],[5.234049,44.020134],[5.233629,44.019948],[5.233279,44.019981],[5.23306,44.020159],[5.232813,44.020431],[5.23248,44.020398],[5.232152,44.020249],[5.231985,44.020022],[5.231795,44.018815],[5.231519,44.018455],[5.231169,44.018219],[5.230939,44.01793],[5.230732,44.017872],[5.230599,44.017417],[5.22838,44.015462],[5.227472,44.014854],[5.227085,44.014526],[5.226034,44.014225],[5.225304,44.014151],[5.224434,44.014091],[5.224408,44.013886],[5.224013,44.013891],[5.224112,44.013452],[5.224284,44.012916],[5.22429,44.0123],[5.224481,44.011795],[5.223958,44.011693],[5.223348,44.011662],[5.223341,44.011006],[5.223391,44.010461],[5.223317,44.01019],[5.223051,44.009989],[5.222898,44.009698],[5.222257,44.009495],[5.222078,44.009397],[5.221973,44.00926],[5.221875,44.008426],[5.222183,44.007833],[5.22201,44.007629],[5.22214,44.007354],[5.222097,44.007017],[5.221813,44.006339],[5.221511,44.00598],[5.220784,44.005351],[5.220679,44.00512],[5.220433,44.005035],[5.21994,44.00451],[5.219596,44.003939],[5.218621,44.003387],[5.218588,44.003183],[5.218395,44.003198],[5.21795,44.003613],[5.217734,44.003724],[5.217124,44.003742],[5.216785,44.003692],[5.215906,44.004279],[5.21582,44.004603],[5.21524,44.004603],[5.215648,44.003985],[5.215047,44.003985],[5.2144,44.003879],[5.214129,44.003693],[5.214055,44.003387],[5.213695,44.003553],[5.213088,44.00403],[5.212213,44.00422],[5.212071,44.003923],[5.211757,44.003454],[5.211313,44.003086],[5.210561,44.002926],[5.209914,44.002709],[5.209415,44.002638],[5.20878,44.002408],[5.208361,44.002483],[5.207868,44.002456],[5.207493,44.002261],[5.206572,44.002195],[5.206014,44.002066],[5.20537,44.00201],[5.20488,44.001911],[5.203782,44.001979],[5.203224,44.001902],[5.202473,44.001979],[5.201829,44.001886],[5.201805,44.00161],[5.20223,44.001601],[5.201829,44.001176],[5.202051,44.001109],[5.202113,44.000918],[5.202051,44.000617],[5.20207,44.000182],[5.201679,43.999725],[5.201486,43.999664],[5.20117,43.999314],[5.200899,43.999234],[5.200573,43.999402],[5.199463,43.999225],[5.199276,43.998861],[5.198954,43.998722],[5.198654,43.998506],[5.198496,43.998148],[5.198225,43.998095],[5.197978,43.997939],[5.197109,43.996715],[5.19653,43.995688],[5.196074,43.995107],[5.194977,43.994149],[5.194848,43.994105],[5.194035,43.993542],[5.193036,43.993334],[5.192586,43.993014],[5.191391,43.992855],[5.190467,43.992819],[5.190214,43.992726],[5.189887,43.992305],[5.189912,43.991862],[5.189364,43.991467],[5.18916,43.991361],[5.188828,43.991139],[5.187871,43.990818],[5.187312,43.990239],[5.187004,43.990146],[5.186917,43.989703],[5.185974,43.989361],[5.184865,43.9889],[5.18407,43.988399],[5.182062,43.987721],[5.181476,43.98765],[5.180626,43.98738],[5.180281,43.987366],[5.179886,43.987278],[5.179486,43.987317],[5.179091,43.987451],[5.178395,43.987437],[5.177529,43.98719],[5.176134,43.987221],[5.175622,43.986918],[5.173838,43.986913],[5.173237,43.986789],[5.172966,43.986573],[5.174069,43.985708],[5.174433,43.984799],[5.173176,43.984014],[5.172436,43.982915],[5.172301,43.98256],[5.172196,43.982108],[5.172036,43.981917],[5.171925,43.981709],[5.17142,43.981358],[5.171185,43.981132],[5.170865,43.980711],[5.171013,43.980547],[5.170729,43.980343],[5.170501,43.980356],[5.170354,43.980099],[5.169904,43.979895],[5.169713,43.979669],[5.169066,43.979558],[5.168585,43.979341],[5.16795,43.97939],[5.167377,43.979235],[5.166743,43.979359],[5.166447,43.979305],[5.165997,43.978685],[5.165541,43.97845],[5.164715,43.97845],[5.164037,43.978396],[5.163569,43.978237],[5.162386,43.978246],[5.161708,43.978614],[5.161301,43.978729],[5.160956,43.978676],[5.160685,43.978516],[5.160476,43.978303],[5.15994,43.978033],[5.159607,43.977975],[5.159299,43.978055],[5.15875,43.978379],[5.158602,43.978627],[5.158565,43.97892],[5.158313,43.979248],[5.158257,43.979478],[5.158023,43.979567],[5.15766,43.979447],[5.157228,43.979368],[5.156723,43.979438],[5.156575,43.979616],[5.156421,43.979691],[5.15607,43.979948],[5.156101,43.980219],[5.15591,43.980481],[5.155404,43.980844],[5.154517,43.981651],[5.154369,43.982427],[5.154178,43.98248],[5.154271,43.982347],[5.154135,43.981749],[5.154289,43.980933],[5.154307,43.980587],[5.154246,43.980139],[5.154492,43.979971],[5.154504,43.979779],[5.154118,43.979224],[5.153925,43.978668],[5.153776,43.97839],[5.153728,43.978185],[5.153453,43.977911],[5.153451,43.977758],[5.152487,43.977046],[5.152198,43.976853],[5.151881,43.9768],[5.151339,43.975186],[5.151059,43.974877],[5.151171,43.974434],[5.150573,43.97481],[5.150125,43.974877],[5.14835,43.974245],[5.147454,43.974272],[5.147323,43.97438],[5.14751,43.973856],[5.14835,43.973842],[5.148948,43.973748],[5.149322,43.973318],[5.149509,43.972256],[5.149882,43.972],[5.149863,43.971799],[5.14807,43.971691],[5.14652,43.972014],[5.146482,43.970522],[5.145679,43.970199],[5.145081,43.969836],[5.144147,43.969634],[5.143101,43.968908],[5.142989,43.968626],[5.14213,43.968169],[5.141551,43.967779],[5.141084,43.967739],[5.140636,43.967954],[5.140112,43.968034],[5.139589,43.968397],[5.139104,43.969312],[5.139235,43.968357],[5.139141,43.967564],[5.139327,43.96723],[5.13934,43.966724],[5.139426,43.966538],[5.13934,43.96613],[5.139451,43.965811],[5.139919,43.965616],[5.140202,43.96558],[5.141201,43.965119],[5.141447,43.964595],[5.141719,43.964377],[5.141756,43.96392],[5.142167,43.963436],[5.142335,43.962845],[5.142802,43.962643],[5.143037,43.962431],[5.143012,43.962298],[5.143086,43.962138],[5.142778,43.962165],[5.142803,43.961783],[5.142655,43.9615],[5.142803,43.961056],[5.14284,43.960834],[5.142569,43.960062],[5.142137,43.959867],[5.1421,43.959459],[5.142236,43.958945],[5.142729,43.958572],[5.142963,43.95859],[5.143555,43.958075],[5.14369,43.957676],[5.143739,43.957454],[5.143912,43.957277],[5.143776,43.957011],[5.143801,43.95678],[5.143715,43.956514],[5.143739,43.956194],[5.14321,43.95536],[5.143111,43.955041],[5.142988,43.95481],[5.142963,43.954606],[5.142643,43.954447],[5.142495,43.954127],[5.142728,43.953997],[5.142821,43.953782],[5.143979,43.953217],[5.144614,43.952706],[5.14553,43.953015],[5.145997,43.953015],[5.146987,43.952719],[5.145137,43.951576],[5.143662,43.950823],[5.142186,43.950487],[5.141472,43.950667],[5.141361,43.950782],[5.141028,43.950986],[5.140831,43.950951],[5.14056,43.951066],[5.14035,43.951084],[5.139857,43.951421],[5.139796,43.951634],[5.139327,43.951865],[5.138773,43.951954],[5.138514,43.951927],[5.138231,43.951989],[5.137331,43.951962],[5.136591,43.952095],[5.135297,43.952131],[5.134644,43.951874],[5.134496,43.951749],[5.134164,43.95167],[5.133917,43.951448],[5.133091,43.951235],[5.132524,43.950871],[5.132007,43.950463],[5.131933,43.950135],[5.131563,43.949682],[5.131292,43.949638],[5.131206,43.949398],[5.131058,43.949238],[5.130972,43.948884],[5.130676,43.948493],[5.130392,43.948307],[5.130084,43.948289],[5.12969,43.948191],[5.129012,43.948174],[5.128864,43.947845],[5.128913,43.94765],[5.129246,43.947251],[5.12932,43.946887],[5.129604,43.946568],[5.129641,43.946452],[5.130109,43.946142],[5.13054,43.946026],[5.130639,43.945485],[5.130429,43.945352],[5.130257,43.944829],[5.130417,43.94466],[5.130466,43.944101],[5.13091,43.943844],[5.131329,43.943968],[5.131389,43.943762],[5.131277,43.943157],[5.131501,43.942444],[5.130567,43.94165],[5.129932,43.941274],[5.129838,43.940857],[5.129577,43.940278],[5.129409,43.939068],[5.129428,43.938463],[5.129166,43.937871],[5.128923,43.936647],[5.129222,43.9367],[5.129334,43.936485],[5.129147,43.936122],[5.129353,43.935355],[5.128213,43.934454],[5.127858,43.933889],[5.127821,43.933566],[5.127877,43.933257],[5.127616,43.932544],[5.128157,43.932651],[5.128624,43.932436],[5.129241,43.93253],[5.130305,43.933055],[5.130548,43.933324],[5.130959,43.933351],[5.131389,43.933445],[5.131333,43.933163],[5.13109,43.933001],[5.130735,43.932826],[5.130324,43.932396],[5.130286,43.932225],[5.130441,43.932336],[5.130538,43.932477],[5.130798,43.932518],[5.130888,43.932295],[5.130782,43.932161],[5.130823,43.931891],[5.131034,43.931768],[5.13179,43.931698],[5.131652,43.931616],[5.131465,43.931622],[5.131343,43.931581],[5.131416,43.931481],[5.131303,43.931434],[5.131595,43.931241],[5.131677,43.931077],[5.131327,43.931054],[5.131376,43.930855],[5.131286,43.930784],[5.131034,43.930843],[5.130929,43.930814],[5.131172,43.93058],[5.1314,43.930275],[5.131408,43.930158],[5.130912,43.930263],[5.131116,43.929801],[5.130628,43.92952],[5.13079,43.929326],[5.130872,43.929069],[5.130701,43.928688],[5.130433,43.928413],[5.130278,43.92805],[5.130018,43.927663],[5.129782,43.927511],[5.129254,43.927558],[5.129148,43.9274],[5.128993,43.926949],[5.128823,43.926691],[5.128758,43.926451],[5.128749,43.926211],[5.128621,43.925332],[5.128359,43.924604],[5.128394,43.924215],[5.127906,43.92321],[5.128011,43.922482],[5.127662,43.922269],[5.127523,43.922005],[5.128278,43.921883]]],"type":"MultiLineString"},"properties":{"geo_point":{"lon":5.4123693589927075,"lat":44.490372928801506},"name":"GR91 Traversée des Hauts Plateaux du Vercors (2020)","code_gr":"GR91"}}]}