{"type":"FeatureCollection","features":[{"type":"Feature","geometry":{"coordinates":[[[55.455572,-20.896797],[55.455572,-20.896797],[55.455572,-20.896797],[55.455401,-20.897278],[55.455089,-20.897228],[55.455004,-20.897338],[55.454961,-20.897719],[55.454671,-20.898431],[55.454381,-20.898832],[55.454006,-20.899042],[55.453877,-20.899233],[55.453845,-20.899052],[55.453577,-20.899413],[55.453598,-20.899172],[55.453705,-20.898842],[55.453373,-20.899212],[55.45318,-20.899613],[55.453115,-20.900165],[55.452748,-20.900822],[55.452673,-20.900361],[55.452426,-20.900081],[55.451873,-20.89987],[55.452351,-20.900306],[55.451546,-20.900176],[55.451873,-20.900466],[55.45197,-20.900722],[55.451804,-20.900697],[55.451498,-20.900943],[55.451514,-20.901038],[55.451417,-20.901053],[55.451058,-20.90224],[55.45027,-20.902105],[55.449701,-20.902967],[55.449535,-20.903112],[55.449417,-20.903674],[55.449551,-20.90421],[55.449567,-20.905062],[55.449363,-20.905518],[55.449116,-20.905678],[55.449175,-20.905884],[55.448966,-20.906019],[55.448875,-20.90624],[55.448762,-20.906325],[55.44873,-20.90648],[55.448607,-20.906605],[55.448875,-20.9066],[55.448837,-20.906756],[55.448521,-20.906981],[55.448451,-20.907101],[55.448826,-20.907086],[55.449003,-20.907147],[55.448987,-20.907312],[55.448907,-20.907437],[55.448397,-20.907562],[55.447968,-20.908505],[55.447839,-20.90857],[55.447507,-20.909201],[55.447298,-20.909031],[55.447142,-20.90879],[55.447003,-20.909321],[55.44689,-20.909116],[55.446724,-20.909597],[55.446531,-20.909742],[55.44638,-20.910138],[55.446305,-20.910714],[55.446182,-20.910564],[55.446032,-20.911221],[55.445222,-20.911707],[55.445002,-20.912123],[55.444712,-20.912318],[55.44432,-20.912864],[55.444245,-20.912759],[55.444192,-20.912834],[55.444331,-20.913325],[55.443977,-20.913606],[55.443693,-20.914322],[55.443864,-20.914633],[55.443843,-20.914819],[55.443634,-20.914598],[55.442985,-20.916332],[55.442883,-20.916673],[55.44306,-20.916612],[55.442711,-20.917033],[55.442888,-20.917018],[55.442561,-20.917414],[55.442781,-20.917354],[55.442716,-20.917519],[55.442529,-20.917605],[55.442427,-20.91791],[55.44262,-20.91781],[55.442593,-20.918216],[55.442845,-20.918326],[55.443119,-20.918737],[55.443006,-20.919008],[55.442802,-20.919258],[55.443231,-20.919168],[55.443398,-20.919003],[55.443484,-20.919018],[55.443484,-20.919363],[55.443741,-20.919023],[55.443945,-20.918912],[55.444664,-20.918351],[55.443956,-20.919058],[55.44365,-20.919504],[55.443172,-20.920075],[55.442931,-20.92026],[55.442679,-20.920361],[55.442411,-20.920551],[55.442185,-20.920761],[55.441794,-20.920957],[55.441638,-20.921182],[55.441445,-20.921323],[55.441129,-20.921683],[55.440812,-20.921824],[55.440651,-20.921839],[55.440351,-20.922074],[55.440206,-20.922109],[55.439793,-20.922325],[55.439385,-20.92245],[55.439176,-20.9226],[55.438833,-20.922545],[55.438607,-20.92259],[55.438489,-20.922455],[55.43857,-20.92235],[55.438409,-20.922169],[55.438173,-20.922089],[55.437969,-20.922049],[55.437872,-20.921914],[55.437787,-20.922079],[55.437599,-20.922179],[55.437416,-20.922124],[55.43717,-20.921964],[55.437009,-20.921979],[55.43674,-20.922099],[55.43659,-20.922084],[55.436301,-20.921949],[55.436054,-20.921944],[55.435775,-20.921844],[55.435099,-20.922184],[55.435281,-20.922535],[55.435254,-20.922691],[55.434777,-20.922966],[55.434675,-20.923111],[55.434879,-20.923497],[55.434879,-20.923748],[55.434579,-20.924119],[55.434482,-20.924319],[55.434042,-20.924384],[55.433833,-20.924519],[55.433779,-20.924705],[55.433774,-20.92495],[55.433656,-20.925296],[55.43379,-20.925532],[55.433763,-20.925692],[55.433597,-20.925917],[55.433634,-20.926694],[55.433533,-20.926839],[55.433291,-20.927015],[55.433323,-20.92717],[55.433592,-20.927526],[55.433656,-20.927796],[55.433484,-20.928117],[55.433549,-20.928844],[55.433699,-20.929099],[55.433763,-20.92944],[55.433693,-20.929791],[55.433597,-20.929786],[55.43357,-20.92939],[55.433441,-20.929254],[55.433302,-20.929264],[55.433259,-20.9294],[55.433393,-20.92959],[55.43349,-20.930181],[55.43357,-20.930267],[55.433801,-20.930322],[55.433854,-20.930452],[55.433715,-20.930707],[55.433779,-20.930813],[55.434015,-20.930948],[55.434031,-20.931093],[55.434005,-20.931309],[55.434069,-20.931439],[55.434294,-20.931464],[55.434498,-20.931414],[55.434568,-20.931459],[55.434514,-20.931539],[55.434225,-20.931589],[55.433924,-20.931679],[55.433833,-20.931629],[55.433801,-20.931479],[55.433667,-20.931424],[55.433538,-20.931484],[55.433554,-20.931559],[55.433726,-20.931835],[55.433988,-20.93193],[55.433919,-20.932155],[55.433978,-20.932321],[55.434069,-20.932351],[55.434278,-20.932231],[55.434391,-20.932256],[55.434353,-20.932371],[55.434117,-20.932667],[55.433849,-20.932652],[55.433817,-20.932722],[55.433924,-20.932872],[55.434139,-20.932932],[55.434123,-20.933027],[55.433951,-20.933077],[55.433806,-20.932937],[55.433608,-20.932952],[55.433522,-20.933092],[55.433516,-20.933433],[55.433586,-20.933619],[55.433801,-20.933979],[55.433849,-20.934245],[55.433543,-20.93446],[55.433452,-20.934591],[55.433355,-20.934846],[55.433205,-20.935061],[55.433141,-20.935277],[55.433237,-20.935628],[55.433071,-20.936389],[55.432824,-20.936875],[55.432637,-20.937091],[55.432626,-20.937201],[55.432921,-20.937537],[55.432991,-20.937737],[55.432996,-20.938023],[55.433114,-20.938248],[55.433071,-20.938964],[55.432921,-20.939],[55.432159,-20.938308],[55.431966,-20.938348],[55.431564,-20.938719],[55.431403,-20.938729],[55.431226,-20.938629],[55.431135,-20.938684],[55.431124,-20.939145],[55.431038,-20.939235],[55.430882,-20.939245],[55.43063,-20.93905],[55.430437,-20.939165],[55.430346,-20.939115],[55.430266,-20.938894],[55.430131,-20.938819],[55.429895,-20.938829],[55.429724,-20.939025],[55.429563,-20.939185],[55.429541,-20.939335],[55.429616,-20.939455],[55.429912,-20.939706],[55.429912,-20.939856],[55.429869,-20.940027],[55.429922,-20.940152],[55.430067,-20.940242],[55.430271,-20.940252],[55.430668,-20.940583],[55.431022,-20.940558],[55.431349,-20.940693],[55.43188,-20.941074],[55.431912,-20.941384],[55.432057,-20.94172],[55.432143,-20.942116],[55.432186,-20.942251],[55.432127,-20.942321],[55.431794,-20.942291],[55.431435,-20.942296],[55.431263,-20.942391],[55.431242,-20.942522],[55.431338,-20.942832],[55.431086,-20.943238],[55.430641,-20.943418],[55.430705,-20.943484],[55.430925,-20.943524],[55.431188,-20.943458],[55.431451,-20.943243],[55.431542,-20.943233],[55.431558,-20.943313],[55.431414,-20.943519],[55.431376,-20.943684],[55.43144,-20.94417],[55.431419,-20.944385],[55.431049,-20.945242],[55.431065,-20.945382],[55.431194,-20.945713],[55.431483,-20.945973],[55.431784,-20.946169],[55.432304,-20.946785],[55.432497,-20.946965],[55.432814,-20.947226],[55.433109,-20.947597],[55.433098,-20.947837],[55.432851,-20.948053],[55.432883,-20.948148],[55.434353,-20.948534],[55.434605,-20.948649],[55.43497,-20.948554],[55.435206,-20.948604],[55.435834,-20.949566],[55.435904,-20.949766],[55.435973,-20.950092],[55.43651,-20.951244],[55.436537,-20.951514],[55.436531,-20.951775],[55.436644,-20.95193],[55.437554,-20.952071],[55.437625,-20.95217],[55.436974,-20.952415],[55.436939,-20.952501],[55.437062,-20.952561],[55.437148,-20.952892],[55.437406,-20.953223],[55.437395,-20.953578],[55.437459,-20.953643],[55.437481,-20.953799],[55.437626,-20.953824],[55.437615,-20.953999],[55.437792,-20.954129],[55.437862,-20.9543],[55.438012,-20.954295],[55.437947,-20.954475],[55.438071,-20.954525],[55.438119,-20.95468],[55.438044,-20.954816],[55.438157,-20.954891],[55.438194,-20.955016],[55.438387,-20.955116],[55.438312,-20.955267],[55.438334,-20.955437],[55.438253,-20.955542],[55.43836,-20.955768],[55.438216,-20.956008],[55.438237,-20.956178],[55.438141,-20.956259],[55.4382,-20.956354],[55.438312,-20.956434],[55.438382,-20.956594],[55.438264,-20.956714],[55.438318,-20.956885],[55.438275,-20.956975],[55.438205,-20.95698],[55.438071,-20.957125],[55.438377,-20.957351],[55.438242,-20.957486],[55.438495,-20.957536],[55.43865,-20.957676],[55.438607,-20.957781],[55.438511,-20.957907],[55.438629,-20.958107],[55.43909,-20.958393],[55.439187,-20.958578],[55.439122,-20.958768],[55.439326,-20.958808],[55.439348,-20.958944],[55.439256,-20.959099],[55.439423,-20.959284],[55.439433,-20.959585],[55.439702,-20.959605],[55.440007,-20.9597],[55.439989,-20.959876],[55.440166,-20.960037],[55.440069,-20.960212],[55.440219,-20.960302],[55.440176,-20.960483],[55.440032,-20.960523],[55.439924,-20.960673],[55.440042,-20.960838],[55.440284,-20.961004],[55.440278,-20.961099],[55.440219,-20.961194],[55.440273,-20.961354],[55.440241,-20.961525],[55.440246,-20.96174],[55.440171,-20.961755],[55.440091,-20.961875],[55.440085,-20.96198],[55.439994,-20.962146],[55.440042,-20.962346],[55.439994,-20.962481],[55.440123,-20.962466],[55.440155,-20.962136],[55.440423,-20.962391],[55.44045,-20.962557],[55.44031,-20.962662],[55.440278,-20.962832],[55.440337,-20.963032],[55.440278,-20.963153],[55.440091,-20.963143],[55.439806,-20.963428],[55.439817,-20.963578],[55.439683,-20.963689],[55.439806,-20.963884],[55.439812,-20.964009],[55.439688,-20.964109],[55.439785,-20.96425],[55.439774,-20.96433],[55.439892,-20.96441],[55.439908,-20.964535],[55.439881,-20.964761],[55.439742,-20.964831],[55.43971,-20.965011],[55.439559,-20.965071],[55.439538,-20.965216],[55.439699,-20.965352],[55.439962,-20.965267],[55.440209,-20.965442],[55.440241,-20.965818],[55.440112,-20.965898],[55.440176,-20.966053],[55.440048,-20.966779],[55.440144,-20.96695],[55.440117,-20.967335],[55.439999,-20.967661],[55.440198,-20.967826],[55.4403,-20.968027],[55.440514,-20.968292],[55.440498,-20.968528],[55.440407,-20.968783],[55.440439,-20.968973],[55.440192,-20.96964],[55.439994,-20.97003],[55.440058,-20.970361],[55.440402,-20.970937],[55.44074,-20.971438],[55.440992,-20.971658],[55.441013,-20.971854],[55.441061,-20.971949],[55.441024,-20.972149],[55.441233,-20.972209],[55.441496,-20.972505],[55.441662,-20.97258],[55.441678,-20.972906],[55.442386,-20.973537],[55.442569,-20.973607],[55.442462,-20.973687],[55.44259,-20.973917],[55.442939,-20.974118],[55.44318,-20.974749],[55.443266,-20.975125],[55.44325,-20.975225],[55.443309,-20.975355],[55.443315,-20.97559],[55.443374,-20.975731],[55.443309,-20.975946],[55.443438,-20.976277],[55.443427,-20.976492],[55.443583,-20.976998],[55.443819,-20.977253],[55.444425,-20.97809],[55.444774,-20.978591],[55.444999,-20.978991],[55.445358,-20.979287],[55.445761,-20.980033],[55.446066,-20.980379],[55.44612,-20.980614],[55.446109,-20.98116],[55.446088,-20.981937],[55.446227,-20.982477],[55.446673,-20.983139],[55.446683,-20.983314],[55.446603,-20.983715],[55.446737,-20.984135],[55.446689,-20.984566],[55.446866,-20.985067],[55.447,-20.985212],[55.446978,-20.985297],[55.446587,-20.985207],[55.446431,-20.985302],[55.445959,-20.985207],[55.445578,-20.985332],[55.444951,-20.985312],[55.444758,-20.985418],[55.44457,-20.985433],[55.444463,-20.985357],[55.444023,-20.985553],[55.443749,-20.985888],[55.443717,-20.986119],[55.443486,-20.986354],[55.443422,-20.9866],[55.443593,-20.986735],[55.444108,-20.986875],[55.444275,-20.987716],[55.444194,-20.988267],[55.444033,-20.988603],[55.443867,-20.988698],[55.44384,-20.988919],[55.443652,-20.988959],[55.443175,-20.989164],[55.442542,-20.98952],[55.442451,-20.990511],[55.442054,-20.990757],[55.441823,-20.990717],[55.441399,-20.990797],[55.441163,-20.990757],[55.441045,-20.990381],[55.441185,-20.989975],[55.441051,-20.989484],[55.440718,-20.989394],[55.44067,-20.989279],[55.440681,-20.989069],[55.440359,-20.988763],[55.440166,-20.988728],[55.439989,-20.988508],[55.439458,-20.988097],[55.439227,-20.988067],[55.438975,-20.988092],[55.43869,-20.987957],[55.438251,-20.987927],[55.437821,-20.987852],[55.437312,-20.987792],[55.437011,-20.987601],[55.436754,-20.987511],[55.436325,-20.987556],[55.436073,-20.987506],[55.435938,-20.987601],[55.435434,-20.987636],[55.435069,-20.987611],[55.434941,-20.987546],[55.434705,-20.987646],[55.434463,-20.987581],[55.4342,-20.987747],[55.433868,-20.987681],[55.43375,-20.987716],[55.433374,-20.987641],[55.432929,-20.987867],[55.432151,-20.987411],[55.431921,-20.987341],[55.430655,-20.987521],[55.430177,-20.987446],[55.429549,-20.987231],[55.429287,-20.987226],[55.428573,-20.987045],[55.428353,-20.986905],[55.428219,-20.986735],[55.427817,-20.98662],[55.427586,-20.986484],[55.427447,-20.986369],[55.427146,-20.986339],[55.426975,-20.986194],[55.426819,-20.986144],[55.426851,-20.986339],[55.426325,-20.986354],[55.425928,-20.986509],[55.425698,-20.986565],[55.425558,-20.986554],[55.425403,-20.986595],[55.424925,-20.986389],[55.424679,-20.986339],[55.424249,-20.986259],[55.423751,-20.985943],[55.423289,-20.985673],[55.423085,-20.985488],[55.422839,-20.985327],[55.42264,-20.985177],[55.422211,-20.984962],[55.421841,-20.984726],[55.421342,-20.984481],[55.421256,-20.984346],[55.420655,-20.983925],[55.420349,-20.98379],[55.419775,-20.983309],[55.419556,-20.983119],[55.419368,-20.983038],[55.418928,-20.983124],[55.418601,-20.982968],[55.418429,-20.982988],[55.418247,-20.983058],[55.417935,-20.982943],[55.417474,-20.982898],[55.417007,-20.983038],[55.416573,-20.983089],[55.415629,-20.982903],[55.415527,-20.982818],[55.41535,-20.982863],[55.414856,-20.982758],[55.414272,-20.982798],[55.413767,-20.982673],[55.413553,-20.982723],[55.413381,-20.982633],[55.413252,-20.982643],[55.413065,-20.982563],[55.412877,-20.982573],[55.412603,-20.982513],[55.412421,-20.982728],[55.412217,-20.982818],[55.411723,-20.982838],[55.411557,-20.982888],[55.411396,-20.982963],[55.411021,-20.982998],[55.410763,-20.982938],[55.410511,-20.982993],[55.409615,-20.983048],[55.409363,-20.982983],[55.409191,-20.983003],[55.409031,-20.982968],[55.408945,-20.983053],[55.408816,-20.983094],[55.40865,-20.983199],[55.40843,-20.983254],[55.408221,-20.983354],[55.408043,-20.983289],[55.407807,-20.983068],[55.407598,-20.982983],[55.407416,-20.982978],[55.407233,-20.983089],[55.407089,-20.983094],[55.406922,-20.983048],[55.406579,-20.983089],[55.406241,-20.983329],[55.405925,-20.983319],[55.405748,-20.983354],[55.405485,-20.983339],[55.405136,-20.983354],[55.404964,-20.983264],[55.404659,-20.983239],[55.404229,-20.983013],[55.403999,-20.982918],[55.403736,-20.982903],[55.403543,-20.982998],[55.403307,-20.983199],[55.402792,-20.983464],[55.402363,-20.98386],[55.402228,-20.983935],[55.401874,-20.984306],[55.401472,-20.984531],[55.401386,-20.984651],[55.401166,-20.984706],[55.40085,-20.984962],[55.400056,-20.985423],[55.399654,-20.985718],[55.399385,-20.985833],[55.399026,-20.986069],[55.398656,-20.986229],[55.39828,-20.986479],[55.398028,-20.98656],[55.397685,-20.986605],[55.396735,-20.98699],[55.396531,-20.987085],[55.396188,-20.98714],[55.395915,-20.987231],[55.395555,-20.987411],[55.39556,-20.987306],[55.395475,-20.987291],[55.395346,-20.987481],[55.395228,-20.987581],[55.395099,-20.987536],[55.395131,-20.987616],[55.395062,-20.987611],[55.395056,-20.987726],[55.394901,-20.987747],[55.394836,-20.987611],[55.394708,-20.987541],[55.394321,-20.987661],[55.393812,-20.987661],[55.393576,-20.987797],[55.39334,-20.987862],[55.393216,-20.987937],[55.393061,-20.987977],[55.392862,-20.988112],[55.392723,-20.988312],[55.392379,-20.988573],[55.392192,-20.988768],[55.391811,-20.988914],[55.391612,-20.988959],[55.391451,-20.989084],[55.391264,-20.989334],[55.391113,-20.989369],[55.390893,-20.98954],[55.390829,-20.98969],[55.390513,-20.989855],[55.390298,-20.99003],[55.389831,-20.990226],[55.389762,-20.990406],[55.389574,-20.990576],[55.38966,-20.990676],[55.389542,-20.990717],[55.389279,-20.990646],[55.389129,-20.990641],[55.389043,-20.990666],[55.388801,-20.990556],[55.388372,-20.990406],[55.388276,-20.990311],[55.388082,-20.990306],[55.38782,-20.990171],[55.387525,-20.990136],[55.387289,-20.990121],[55.386833,-20.98985],[55.386806,-20.989665],[55.386736,-20.9896],[55.38665,-20.989419],[55.386511,-20.989334],[55.386597,-20.989269],[55.386736,-20.989244],[55.386639,-20.989169],[55.386827,-20.989024],[55.387546,-20.988578],[55.387573,-20.988498],[55.387471,-20.988463],[55.386205,-20.988793],[55.385958,-20.988753],[55.385872,-20.988658],[55.385695,-20.988087],[55.385626,-20.988032],[55.385432,-20.988042],[55.385336,-20.988132],[55.385239,-20.988368],[55.385095,-20.988463],[55.384982,-20.988428],[55.384912,-20.988343],[55.385534,-20.987391],[55.385668,-20.987351],[55.386114,-20.987571],[55.386355,-20.987591],[55.38643,-20.987511],[55.386301,-20.98693],[55.38621,-20.986695],[55.38613,-20.986539],[55.386141,-20.986429],[55.386854,-20.985923],[55.387004,-20.985918],[55.387283,-20.986029],[55.387428,-20.985984],[55.387525,-20.985853],[55.387508,-20.985713],[55.387369,-20.985628],[55.387101,-20.985458],[55.386849,-20.985237],[55.386564,-20.984726],[55.386452,-20.984646],[55.386339,-20.984686],[55.386291,-20.984801],[55.386189,-20.985252],[55.386076,-20.985423],[55.385942,-20.985508],[55.385803,-20.985498],[55.385722,-20.985408],[55.385357,-20.984601],[55.385078,-20.984376],[55.384794,-20.984225],[55.384515,-20.98421],[55.384435,-20.984165],[55.384161,-20.984231],[55.384011,-20.984356],[55.384016,-20.984501],[55.384183,-20.984751],[55.384199,-20.985147],[55.384113,-20.985453],[55.383947,-20.985853],[55.383904,-20.98661],[55.383807,-20.98677],[55.38311,-20.987],[55.382707,-20.98703],[55.382074,-20.986725],[55.381726,-20.986369],[55.380717,-20.986169],[55.380261,-20.986024],[55.379601,-20.985668],[55.379564,-20.985558],[55.379735,-20.985367],[55.379698,-20.985212],[55.379564,-20.985162],[55.379338,-20.985147],[55.379129,-20.984972],[55.378781,-20.984832],[55.378636,-20.984626],[55.378298,-20.984045],[55.377531,-20.983484],[55.377568,-20.983434],[55.37826,-20.983279],[55.378282,-20.983219],[55.377836,-20.982863],[55.37767,-20.982503],[55.377606,-20.982528],[55.377466,-20.982718],[55.37708,-20.982753],[55.37701,-20.982678],[55.377112,-20.982548],[55.377112,-20.982548],[55.376619,-20.982142],[55.376275,-20.982002],[55.376152,-20.982002],[55.375996,-20.982222],[55.375905,-20.982292],[55.375787,-20.982307],[55.375481,-20.982202],[55.374875,-20.982037],[55.374414,-20.981861],[55.37406,-20.981646],[55.373974,-20.982007],[55.373722,-20.982538],[55.374033,-20.982668],[55.374189,-20.982837],[55.374378,-20.982922],[55.374234,-20.983071],[55.37453,-20.983078],[55.375251,-20.983617],[55.375304,-20.983999],[55.375471,-20.984254],[55.375812,-20.984495],[55.37601,-20.98487],[55.376017,-20.984998],[55.376154,-20.985104],[55.376222,-20.98531],[55.376275,-20.985671],[55.376154,-20.986075],[55.376017,-20.986223],[55.376002,-20.986344],[55.375941,-20.986429],[55.375752,-20.986315],[55.375729,-20.986507],[55.375668,-20.986677],[55.376025,-20.987066],[55.37604,-20.987229],[55.376123,-20.987399],[55.376123,-20.987541],[55.375979,-20.98747],[55.376032,-20.98764],[55.375843,-20.987527],[55.376146,-20.988348],[55.375888,-20.988263],[55.376078,-20.988922],[55.37582,-20.988709],[55.375858,-20.988929],[55.375698,-20.988752],[55.375676,-20.989092],[55.375441,-20.989127],[55.375403,-20.989333],[55.375592,-20.989489],[55.376078,-20.989524],[55.376412,-20.989878],[55.376738,-20.98997],[55.376912,-20.989906],[55.377041,-20.989991],[55.377201,-20.990615],[55.377534,-20.990693],[55.377694,-20.990905],[55.377663,-20.991075],[55.37777,-20.991217],[55.37758,-20.99138],[55.377542,-20.991706],[55.377595,-20.992067],[55.377557,-20.992421],[55.377428,-20.992591],[55.377459,-20.992895],[55.377807,-20.993009],[55.378354,-20.993682],[55.378376,-20.993937],[55.378521,-20.994092],[55.378361,-20.994107],[55.37849,-20.994227],[55.378877,-20.994248],[55.379067,-20.994156],[55.379241,-20.99417],[55.379423,-20.994064],[55.379712,-20.9941],[55.379977,-20.993958],[55.380311,-20.994015],[55.380493,-20.993922],[55.381206,-20.994213],[55.381434,-20.994418],[55.381768,-20.994567],[55.381578,-20.994617],[55.381646,-20.994666],[55.38157,-20.99473],[55.381684,-20.994751],[55.381548,-20.994829],[55.381775,-20.994942],[55.381775,-20.995027],[55.382041,-20.995034],[55.382086,-20.994907],[55.382223,-20.994879],[55.382291,-20.995027],[55.382557,-20.994921],[55.382617,-20.994822],[55.382875,-20.994829],[55.382997,-20.994787],[55.383368,-20.99478],[55.383505,-20.994879],[55.383763,-20.994475],[55.383922,-20.99451],[55.384089,-20.994709],[55.384385,-20.994787],[55.384188,-20.994822],[55.384256,-20.9949],[55.384408,-20.994942],[55.384476,-20.995091],[55.3844,-20.995275],[55.38459,-20.995282],[55.384749,-20.995495],[55.384863,-20.995523],[55.384772,-20.995884],[55.384916,-20.996175],[55.385128,-20.996302],[55.385295,-20.996338],[55.385417,-20.996571],[55.38575,-20.99672],[55.386266,-20.997343],[55.386524,-20.997266],[55.386562,-20.997386],[55.386752,-20.997407],[55.386851,-20.997237],[55.386979,-20.997258],[55.38704,-20.997428],[55.38723,-20.997528],[55.387412,-20.997549],[55.387488,-20.997797],[55.387715,-20.99791],[55.387844,-20.997832],[55.387882,-20.99796],[55.387784,-20.997981],[55.387708,-20.998038],[55.387837,-20.998108],[55.387966,-20.998066],[55.388019,-20.998144],[55.387905,-20.998215],[55.38808,-20.998427],[55.388208,-20.998463],[55.388277,-20.998555],[55.388421,-20.998526],[55.388853,-20.998795],[55.388869,-20.998937],[55.38896,-20.999015],[55.389104,-20.99922],[55.389278,-20.999242],[55.389483,-20.999589],[55.389544,-20.999914],[55.389475,-21.00041],[55.3894,-21.000623],[55.389445,-21.000779],[55.389437,-21.000948],[55.389521,-21.001048],[55.389783,-21.001054],[55.389901,-21.001179],[55.390046,-21.001174],[55.390143,-21.001229],[55.390454,-21.001249],[55.390717,-21.001369],[55.391532,-21.002151],[55.392514,-21.003192],[55.39305,-21.003593],[55.393447,-21.004024],[55.393834,-21.004289],[55.393952,-21.004234],[55.394145,-21.004404],[55.39423,-21.004569],[55.394375,-21.004559],[55.394547,-21.004665],[55.394654,-21.00464],[55.39467,-21.004725],[55.394762,-21.00486],[55.394874,-21.00491],[55.39488,-21.005045],[55.395014,-21.005145],[55.395073,-21.005301],[55.395244,-21.005381],[55.395266,-21.005481],[55.395346,-21.005536],[55.395405,-21.005646],[55.395395,-21.005726],[55.395513,-21.005826],[55.395598,-21.006022],[55.395604,-21.006122],[55.395802,-21.006342],[55.395872,-21.006668],[55.39599,-21.006828],[55.396044,-21.006983],[55.396194,-21.007058],[55.396376,-21.007023],[55.396494,-21.007314],[55.396677,-21.007534],[55.39709,-21.007784],[55.397691,-21.007975],[55.398168,-21.008065],[55.398334,-21.008295],[55.398307,-21.008456],[55.398581,-21.008631],[55.398726,-21.008791],[55.399037,-21.008961],[55.399246,-21.009227],[55.399944,-21.010659],[55.400212,-21.010939],[55.400147,-21.011305],[55.400271,-21.01155],[55.400153,-21.011911],[55.400158,-21.012216],[55.400078,-21.012342],[55.400147,-21.012472],[55.400271,-21.012692],[55.400217,-21.013008],[55.400255,-21.013278],[55.4004,-21.013443],[55.400544,-21.013488],[55.400646,-21.013463],[55.400689,-21.013543],[55.400802,-21.013423],[55.400797,-21.013293],[55.40092,-21.013198],[55.401118,-21.013183],[55.401097,-21.013038],[55.401226,-21.012963],[55.401193,-21.013188],[55.401279,-21.013408],[55.40136,-21.013448],[55.401376,-21.013568],[55.401719,-21.013789],[55.401655,-21.013969],[55.401987,-21.014305],[55.402282,-21.014535],[55.402492,-21.0147],[55.402642,-21.015011],[55.402889,-21.015186],[55.403017,-21.015406],[55.403473,-21.015712],[55.40357,-21.015917],[55.403731,-21.015947],[55.40379,-21.016037],[55.403924,-21.016077],[55.404031,-21.016007],[55.404267,-21.015992],[55.404316,-21.016062],[55.404434,-21.016097],[55.40453,-21.016258],[55.404621,-21.016363],[55.404536,-21.016573],[55.404562,-21.016663],[55.404519,-21.016803],[55.404573,-21.016888],[55.404552,-21.016969],[55.40467,-21.016964],[55.404664,-21.017109],[55.404713,-21.017204],[55.404643,-21.017374],[55.404707,-21.017434],[55.404723,-21.01788],[55.404659,-21.017995],[55.404627,-21.01818],[55.404809,-21.01819],[55.404739,-21.018321],[55.404793,-21.018471],[55.404782,-21.018671],[55.404857,-21.018806],[55.405051,-21.018851],[55.405571,-21.019252],[55.406032,-21.019432],[55.406317,-21.019567],[55.406654,-21.019843],[55.406805,-21.019908],[55.406901,-21.020018],[55.407019,-21.020043],[55.407357,-21.020218],[55.407706,-21.020889],[55.40799,-21.02094],[55.408146,-21.021085],[55.40806,-21.021145],[55.408114,-21.02136],[55.408119,-21.021641],[55.40806,-21.021776],[55.408087,-21.021986],[55.40829,-21.021812],[55.408373,-21.021656],[55.408404,-21.021522],[55.408753,-21.02177],[55.408973,-21.022265],[55.409079,-21.022131],[55.409162,-21.021741],[55.409291,-21.021571],[55.40939,-21.021522],[55.409443,-21.021401],[55.409382,-21.02121],[55.409564,-21.021515],[55.409595,-21.02172],[55.409708,-21.021713],[55.409731,-21.021408],[55.409822,-21.021224],[55.409815,-21.021047],[55.410095,-21.021302],[55.410384,-21.021323],[55.41068,-21.021543],[55.411104,-21.021989],[55.411127,-21.022343],[55.411279,-21.022584],[55.411264,-21.02286],[55.411362,-21.023158],[55.411362,-21.023377],[55.411514,-21.02359],[55.41184,-21.023632],[55.411848,-21.02371],[55.412083,-21.02383],[55.412113,-21.024007],[55.412273,-21.024],[55.412576,-21.024418],[55.412606,-21.024588],[55.41277,-21.024675],[55.412856,-21.024745],[55.413006,-21.024765],[55.413022,-21.02486],[55.413108,-21.02488],[55.413151,-21.024945],[55.413258,-21.024925],[55.413344,-21.025046],[55.413473,-21.0249],[55.413553,-21.025016],[55.413913,-21.025096],[55.41425,-21.025246],[55.41425,-21.025381],[55.41461,-21.025366],[55.414706,-21.025506],[55.414883,-21.025476],[55.415189,-21.025747],[55.415527,-21.025792],[55.415624,-21.025747],[55.415602,-21.025626],[55.415876,-21.025747],[55.416139,-21.025581],[55.416337,-21.025646],[55.416552,-21.025546],[55.416675,-21.025421],[55.416884,-21.025431],[55.417029,-21.025336],[55.417174,-21.025381],[55.417276,-21.025516],[55.417426,-21.025496],[55.417619,-21.025586],[55.418204,-21.025541],[55.41829,-21.025571],[55.418392,-21.025531],[55.41829,-21.025436],[55.418435,-21.025416],[55.418381,-21.025346],[55.41851,-21.025326],[55.418789,-21.025436],[55.418778,-21.025516],[55.418848,-21.025601],[55.418853,-21.025691],[55.419003,-21.025641],[55.419121,-21.025536],[55.419154,-21.025691],[55.419272,-21.025546],[55.419352,-21.025341],[55.41939,-21.025566],[55.419234,-21.025822],[55.419239,-21.025887],[55.419486,-21.025742],[55.419556,-21.026072],[55.419749,-21.026072],[55.420119,-21.025717],[55.420312,-21.025631],[55.420441,-21.025456],[55.42094,-21.025005],[55.421219,-21.024395],[55.421584,-21.023989],[55.421423,-21.023664],[55.421562,-21.023448],[55.421707,-21.023013],[55.421627,-21.022417],[55.421637,-21.022026],[55.421483,-21.021563],[55.421467,-21.021206],[55.421678,-21.02088],[55.4218,-21.020591],[55.42202,-21.020295],[55.422125,-21.019969],[55.422296,-21.019772],[55.422751,-21.019726],[55.423508,-21.020144],[55.424304,-21.019825],[55.425035,-21.019465],[55.424868,-21.019959],[55.42488,-21.0202],[55.424771,-21.020624],[55.42473,-21.020914],[55.424575,-21.021225],[55.42442,-21.021456],[55.424529,-21.021633],[55.424539,-21.021781],[55.424475,-21.021991],[55.424287,-21.022061],[55.423923,-21.021991],[55.423794,-21.022176],[55.423627,-21.022221],[55.423676,-21.022387],[55.423869,-21.022542],[55.423901,-21.022652],[55.423826,-21.022737],[55.423837,-21.022937],[55.424083,-21.023133],[55.424239,-21.023158],[55.424459,-21.023288],[55.424325,-21.023083],[55.424228,-21.022953],[55.424357,-21.022832],[55.424652,-21.022842],[55.424899,-21.022722],[55.425087,-21.022742],[55.425242,-21.022947],[55.425092,-21.023008],[55.425178,-21.023268],[55.425151,-21.023573],[55.425301,-21.023438],[55.425591,-21.023598],[55.425752,-21.023894],[55.425714,-21.023929],[55.425618,-21.023894],[55.425693,-21.024064],[55.425795,-21.024109],[55.425966,-21.024365],[55.426181,-21.02438],[55.426605,-21.024214],[55.426862,-21.023999],[55.427045,-21.024079],[55.427243,-21.024014],[55.427506,-21.024169],[55.427629,-21.024425],[55.427817,-21.02448],[55.427978,-21.02467],[55.427876,-21.024765],[55.427989,-21.02483],[55.428005,-21.025131],[55.42808,-21.025236],[55.428107,-21.025381],[55.4283,-21.025571],[55.428386,-21.025596],[55.428418,-21.025732],[55.428354,-21.025862],[55.428359,-21.026668],[55.428327,-21.026803],[55.428439,-21.026938],[55.428416,-21.027279],[55.42864,-21.027274],[55.428951,-21.027735],[55.429271,-21.028641],[55.429426,-21.028801],[55.42962,-21.028871],[55.429711,-21.028986],[55.429625,-21.029086],[55.42978,-21.029252],[55.430043,-21.029372],[55.430033,-21.029542],[55.430086,-21.029682],[55.429904,-21.029707],[55.4297,-21.029827],[55.429292,-21.029938],[55.429088,-21.029943],[55.428869,-21.029923],[55.428697,-21.030083],[55.428692,-21.030213],[55.428788,-21.030408],[55.428777,-21.030523],[55.428632,-21.030604],[55.428606,-21.030729],[55.428327,-21.030824],[55.428268,-21.030954],[55.428101,-21.031079],[55.427962,-21.031274],[55.427999,-21.03146],[55.428134,-21.031685],[55.428118,-21.03185],[55.428064,-21.03192],[55.428048,-21.032406],[55.428177,-21.032581],[55.428708,-21.032932],[55.428756,-21.033127],[55.428697,-21.033242],[55.428772,-21.033382],[55.429083,-21.033417],[55.429394,-21.033793],[55.429421,-21.034033],[55.429289,-21.034268],[55.429587,-21.034539],[55.429705,-21.034594],[55.429754,-21.034744],[55.429475,-21.03503],[55.428692,-21.03538],[55.428155,-21.03541],[55.427881,-21.035265],[55.427849,-21.03539],[55.427747,-21.03533],[55.427624,-21.03504],[55.427603,-21.03526],[55.427549,-21.03518],[55.427517,-21.035385],[55.427474,-21.03533],[55.427409,-21.035611],[55.427302,-21.03529],[55.427248,-21.035505],[55.427147,-21.035475],[55.427061,-21.035671],[55.427045,-21.03554],[55.426927,-21.035691],[55.427184,-21.036081],[55.42705,-21.036091],[55.4269,-21.036136],[55.426878,-21.036221],[55.426723,-21.036161],[55.426835,-21.036312],[55.42676,-21.036322],[55.426803,-21.036427],[55.426519,-21.036281],[55.426669,-21.036477],[55.426814,-21.036507],[55.4269,-21.036472],[55.426975,-21.036542],[55.426873,-21.036597],[55.427157,-21.036792],[55.42698,-21.036777],[55.426406,-21.036517],[55.426267,-21.036342],[55.426149,-21.036286],[55.425832,-21.035996],[55.426154,-21.036477],[55.426353,-21.036607],[55.426583,-21.036812],[55.426948,-21.037363],[55.427222,-21.037538],[55.427286,-21.037723],[55.427559,-21.038007],[55.42787,-21.038007],[55.428037,-21.037907],[55.428197,-21.037971],[55.42825,-21.038085],[55.428409,-21.038162],[55.428354,-21.038436],[55.428575,-21.038838],[55.428815,-21.038968],[55.428875,-21.039127],[55.428825,-21.039174],[55.428615,-21.039174],[55.428495,-21.039249],[55.428654,-21.039476],[55.428547,-21.039541],[55.428482,-21.039706],[55.428273,-21.039746],[55.428209,-21.039591],[55.427951,-21.039626],[55.427887,-21.039676],[55.427667,-21.039626],[55.427479,-21.039526],[55.427286,-21.039576],[55.426803,-21.039941],[55.426524,-21.040072],[55.42616,-21.040482],[55.425881,-21.040868],[55.425784,-21.040803],[55.425682,-21.040838],[55.425575,-21.040712],[55.425505,-21.040687],[55.425382,-21.040502],[55.425301,-21.040487],[55.42513,-21.040387],[55.425017,-21.040437],[55.424985,-21.040547],[55.425049,-21.040662],[55.424995,-21.040743],[55.425028,-21.041048],[55.424738,-21.041163],[55.424641,-21.041043],[55.424539,-21.041148],[55.42455,-21.041293],[55.424389,-21.041323],[55.424384,-21.041388],[55.424277,-21.041398],[55.424325,-21.041559],[55.424207,-21.041774],[55.424271,-21.042099],[55.424346,-21.042255],[55.424287,-21.04248],[55.424298,-21.042835],[55.4244,-21.043011],[55.424438,-21.043176],[55.424647,-21.043346],[55.424652,-21.043421],[55.424808,-21.043441],[55.424674,-21.043541],[55.424786,-21.043536],[55.424738,-21.043631],[55.424883,-21.043606],[55.424808,-21.043737],[55.424872,-21.043862],[55.424904,-21.044027],[55.424883,-21.044127],[55.424953,-21.044432],[55.424899,-21.044563],[55.424861,-21.044713],[55.424786,-21.044793],[55.424706,-21.044803],[55.424663,-21.044628],[55.424523,-21.044483],[55.42448,-21.044603],[55.4244,-21.044478],[55.424352,-21.044638],[55.424293,-21.044523],[55.42425,-21.044663],[55.424175,-21.044598],[55.424073,-21.044668],[55.424035,-21.044588],[55.423987,-21.044703],[55.423874,-21.044693],[55.423874,-21.044778],[55.423767,-21.044813],[55.423756,-21.044733],[55.423391,-21.044578],[55.423316,-21.044432],[55.423193,-21.044362],[55.423016,-21.044478],[55.422748,-21.044347],[55.422624,-21.044177],[55.422614,-21.044297],[55.422522,-21.044262],[55.422539,-21.044372],[55.42249,-21.044437],[55.422399,-21.044312],[55.422254,-21.044402],[55.421986,-21.044297],[55.421841,-21.044382],[55.421745,-21.044282],[55.421691,-21.044092],[55.421562,-21.044057],[55.421396,-21.044132],[55.421364,-21.044057],[55.421433,-21.043957],[55.421332,-21.043832],[55.421321,-21.043732],[55.421187,-21.043676],[55.421112,-21.043737],[55.42102,-21.043685],[55.420694,-21.043841],[55.420185,-21.043678],[55.420011,-21.043678],[55.419745,-21.043551],[55.419556,-21.043409],[55.419366,-21.043501],[55.419304,-21.043406],[55.419255,-21.043476],[55.419154,-21.043386],[55.419127,-21.043496],[55.419052,-21.043446],[55.418971,-21.043546],[55.418842,-21.043912],[55.418821,-21.044167],[55.418762,-21.044377],[55.41866,-21.044437],[55.418526,-21.044668],[55.41844,-21.044688],[55.418386,-21.044588],[55.418285,-21.044603],[55.418199,-21.044488],[55.418027,-21.044548],[55.417995,-21.044427],[55.417898,-21.044437],[55.417861,-21.044397],[55.417619,-21.044387],[55.417576,-21.044297],[55.417324,-21.044282],[55.417163,-21.044257],[55.417035,-21.044377],[55.416884,-21.044322],[55.416697,-21.044287],[55.416579,-21.044092],[55.416273,-21.043987],[55.416101,-21.043757],[55.416139,-21.043301],[55.415994,-21.043171],[55.415962,-21.042996],[55.415844,-21.04274],[55.415554,-21.04244],[55.415409,-21.042154],[55.415179,-21.041964],[55.414835,-21.041889],[55.414755,-21.041709],[55.414524,-21.041644],[55.414374,-21.041699],[55.414272,-21.041699],[55.41424,-21.041824],[55.414025,-21.041764],[55.413687,-21.041804],[55.413682,-21.041564],[55.413569,-21.041464],[55.41343,-21.041328],[55.413328,-21.041353],[55.413038,-21.041153],[55.412588,-21.041083],[55.412271,-21.040738],[55.412019,-21.040527],[55.411879,-21.040337],[55.411879,-21.039987],[55.41181,-21.03994],[55.411886,-21.039869],[55.411332,-21.039579],[55.41134,-21.039423],[55.411188,-21.039232],[55.411233,-21.039069],[55.411051,-21.038948],[55.41093,-21.03897],[55.410543,-21.038708],[55.410533,-21.038535],[55.410399,-21.038424],[55.410222,-21.038469],[55.409921,-21.038404],[55.409777,-21.038434],[55.409471,-21.038655],[55.409331,-21.038685],[55.40924,-21.038795],[55.409106,-21.03881],[55.408891,-21.038765],[55.408763,-21.03875],[55.408612,-21.038645],[55.408671,-21.03856],[55.40858,-21.03855],[55.408634,-21.038414],[55.408446,-21.038474],[55.408339,-21.038419],[55.408081,-21.038439],[55.407926,-21.038474],[55.40784,-21.038515],[55.407615,-21.03856],[55.407679,-21.038409],[55.40747,-21.038635],[55.407518,-21.038459],[55.407438,-21.038489],[55.407448,-21.038409],[55.407245,-21.038705],[55.407293,-21.03884],[55.4071,-21.038745],[55.407196,-21.03852],[55.4071,-21.038469],[55.407014,-21.03852],[55.406982,-21.0386],[55.406907,-21.0386],[55.40688,-21.03871],[55.406762,-21.03864],[55.406778,-21.038825],[55.406435,-21.03862],[55.406268,-21.03867],[55.406236,-21.038515],[55.406241,-21.038299],[55.406,-21.038224],[55.405807,-21.038104],[55.405539,-21.038044],[55.405222,-21.037919],[55.405169,-21.037703],[55.405335,-21.037423],[55.405329,-21.036016],[55.405147,-21.035681],[55.405051,-21.034859],[55.40467,-21.034309],[55.404739,-21.034119],[55.404679,-21.034013],[55.404284,-21.034126],[55.404072,-21.03453],[55.40387,-21.034379],[55.403479,-21.034464],[55.403275,-21.034384],[55.403425,-21.034329],[55.403216,-21.034264],[55.403135,-21.034179],[55.402915,-21.034149],[55.402803,-21.034058],[55.402588,-21.034159],[55.402395,-21.034058],[55.402116,-21.034078],[55.401955,-21.033938],[55.40173,-21.033843],[55.401612,-21.033548],[55.401424,-21.033357],[55.401403,-21.033202],[55.401108,-21.033237],[55.401016,-21.033007],[55.401006,-21.032812],[55.400877,-21.032646],[55.400909,-21.032822],[55.400748,-21.032717],[55.400673,-21.032837],[55.400856,-21.033072],[55.40063,-21.033027],[55.400512,-21.032947],[55.400518,-21.033037],[55.400357,-21.032922],[55.400276,-21.032947],[55.400319,-21.033132],[55.400206,-21.033097],[55.400303,-21.033272],[55.400432,-21.033352],[55.400362,-21.033392],[55.400448,-21.033488],[55.400383,-21.033683],[55.400518,-21.033708],[55.400587,-21.033883],[55.400496,-21.033853],[55.400501,-21.033933],[55.400448,-21.034033],[55.400464,-21.034229],[55.400351,-21.034364],[55.400373,-21.034449],[55.400239,-21.034704],[55.400164,-21.034689],[55.40018,-21.034554],[55.400121,-21.034354],[55.400013,-21.034339],[55.399868,-21.034284],[55.399868,-21.034164],[55.399815,-21.034128],[55.399724,-21.034179],[55.399691,-21.034113],[55.399557,-21.034113],[55.399525,-21.033988],[55.399649,-21.033843],[55.399434,-21.033843],[55.399439,-21.033643],[55.399359,-21.033483],[55.3993,-21.033528],[55.39916,-21.033513],[55.399112,-21.033362],[55.399032,-21.033327],[55.398994,-21.033207],[55.398951,-21.033247],[55.398871,-21.033227],[55.39886,-21.033347],[55.398924,-21.033478],[55.398839,-21.033538],[55.398784,-21.033618],[55.398661,-21.033743],[55.39864,-21.033948],[55.398758,-21.034324],[55.398591,-21.034379],[55.398532,-21.034464],[55.398425,-21.034519],[55.398393,-21.034679],[55.398307,-21.034799],[55.39827,-21.034984],[55.39798,-21.03515],[55.397894,-21.035295],[55.397749,-21.035335],[55.397604,-21.035485],[55.397465,-21.03546],[55.397347,-21.035555],[55.397256,-21.03553],[55.397256,-21.035345],[55.397089,-21.03526],[55.397266,-21.03513],[55.397148,-21.034959],[55.397068,-21.034704],[55.396998,-21.034819],[55.396875,-21.034734],[55.396757,-21.034779],[55.396687,-21.034854],[55.396505,-21.034894],[55.39643,-21.034954],[55.396279,-21.034874],[55.396177,-21.034894],[55.396113,-21.034995],[55.39592,-21.03503],[55.395947,-21.03517],[55.395823,-21.035255],[55.395882,-21.035405],[55.395727,-21.03546],[55.395636,-21.03557],[55.395448,-21.035615],[55.395485,-21.035821],[55.395389,-21.035876],[55.395271,-21.035851],[55.395174,-21.035976],[55.39518,-21.036111],[55.395341,-21.036266],[55.39541,-21.036532],[55.395308,-21.036757],[55.395223,-21.036677],[55.395131,-21.036747],[55.395029,-21.036727],[55.394852,-21.036877],[55.394734,-21.036782],[55.394193,-21.036797],[55.393887,-21.036907],[55.393758,-21.036767],[55.393704,-21.036782],[55.39356,-21.036977],[55.393399,-21.036957],[55.393163,-21.037508],[55.392964,-21.037633],[55.392905,-21.037888],[55.39298,-21.038109],[55.392894,-21.038294],[55.392428,-21.038614],[55.392444,-21.03882],[55.392573,-21.039085],[55.392589,-21.039245],[55.392454,-21.039586],[55.392508,-21.039856],[55.392664,-21.040482],[55.392465,-21.040697],[55.392551,-21.040913],[55.392438,-21.041208],[55.392299,-21.041338],[55.392224,-21.041508],[55.391972,-21.041764],[55.391934,-21.041889],[55.391661,-21.042064],[55.39151,-21.042455],[55.391628,-21.04297],[55.391569,-21.043286],[55.391355,-21.043501],[55.391242,-21.043386],[55.391113,-21.043131],[55.391044,-21.043386],[55.39077,-21.043641],[55.390566,-21.043776],[55.390507,-21.044002],[55.39047,-21.044452],[55.390395,-21.044638],[55.390443,-21.044833],[55.390427,-21.045013],[55.390588,-21.045103],[55.390555,-21.045203],[55.390427,-21.045313],[55.390432,-21.045394],[55.390695,-21.045323],[55.390974,-21.045384],[55.390947,-21.045449],[55.390743,-21.045459],[55.39062,-21.045599],[55.390797,-21.045584],[55.39099,-21.045589],[55.390802,-21.045654],[55.390765,-21.045734],[55.391119,-21.045659],[55.391033,-21.045759],[55.39091,-21.045884],[55.391113,-21.045814],[55.391339,-21.045664],[55.391167,-21.045984],[55.39143,-21.045794],[55.391478,-21.045839],[55.391285,-21.046024],[55.39151,-21.045934],[55.391366,-21.046165],[55.391521,-21.046104],[55.391376,-21.046305],[55.391441,-21.04658],[55.391382,-21.04682],[55.391274,-21.046986],[55.391269,-21.047266],[55.391446,-21.047652],[55.391553,-21.047576],[55.391585,-21.047832],[55.39158,-21.048067],[55.391661,-21.048297],[55.39165,-21.048898],[55.391489,-21.049299],[55.391269,-21.049474],[55.391231,-21.049674],[55.391714,-21.051201],[55.391741,-21.051511],[55.391655,-21.051757],[55.391435,-21.052097],[55.391087,-21.053379],[55.391113,-21.053524],[55.391092,-21.053724],[55.391135,-21.053955],[55.391215,-21.05408],[55.391264,-21.05437],[55.391479,-21.054581],[55.391688,-21.05453],[55.391747,-21.054606],[55.391623,-21.054771],[55.391736,-21.054856],[55.391731,-21.054951],[55.392138,-21.055221],[55.392138,-21.055316],[55.392208,-21.055357],[55.392154,-21.055437],[55.392192,-21.055512],[55.392042,-21.055647],[55.392138,-21.055902],[55.392342,-21.055997],[55.392568,-21.056168],[55.39283,-21.056483],[55.392927,-21.056538],[55.393029,-21.056643],[55.393147,-21.056688],[55.393211,-21.056823],[55.393367,-21.056913],[55.393372,-21.056999],[55.393512,-21.057034],[55.393624,-21.057299],[55.393909,-21.057289],[55.393887,-21.057234],[55.393801,-21.057214],[55.393742,-21.057089],[55.393952,-21.057144],[55.393946,-21.057004],[55.394043,-21.057059],[55.394204,-21.056948],[55.394048,-21.056933],[55.393823,-21.056813],[55.393935,-21.056728],[55.393968,-21.056803],[55.394048,-21.056753],[55.394112,-21.056793],[55.394247,-21.056698],[55.3943,-21.056773],[55.39437,-21.056713],[55.394375,-21.056773],[55.394456,-21.056688],[55.394547,-21.056783],[55.394547,-21.056643],[55.395041,-21.056898],[55.395174,-21.057209],[55.395142,-21.057594],[55.395078,-21.058025],[55.395185,-21.058305],[55.395174,-21.058615],[55.395244,-21.058776],[55.395346,-21.058981],[55.395389,-21.059321],[55.395491,-21.059717],[55.395459,-21.059982],[55.39548,-21.060147],[55.395405,-21.060282],[55.395459,-21.060423],[55.395609,-21.060618],[55.395748,-21.060728],[55.395754,-21.060848],[55.395888,-21.060958],[55.396145,-21.061058],[55.396312,-21.061178],[55.396719,-21.061244],[55.396751,-21.061379],[55.396912,-21.061544],[55.397181,-21.061654],[55.397181,-21.061584],[55.39739,-21.061644],[55.397476,-21.061719],[55.397545,-21.061684],[55.397658,-21.06229],[55.397867,-21.062395],[55.398023,-21.062435],[55.398173,-21.06262],[55.398189,-21.062906],[55.398243,-21.063006],[55.398125,-21.063151],[55.398109,-21.063586],[55.397878,-21.063932],[55.397953,-21.064452],[55.397862,-21.064578],[55.397932,-21.064978],[55.397755,-21.065213],[55.397536,-21.065607],[55.397677,-21.065791],[55.397696,-21.06605],[55.397499,-21.066395],[55.397542,-21.066504],[55.397973,-21.06678],[55.398109,-21.067073],[55.398244,-21.067125],[55.398565,-21.067361],[55.398577,-21.067533],[55.398805,-21.06778],[55.399058,-21.067941],[55.399082,-21.068056],[55.398971,-21.068453],[55.399095,-21.068649],[55.399015,-21.068723],[55.39899,-21.068884],[55.39928,-21.068879],[55.39944,-21.068919],[55.399649,-21.068902],[55.399772,-21.069022],[55.400056,-21.069517],[55.400247,-21.069534],[55.400389,-21.069701],[55.40037,-21.069891],[55.400216,-21.070115],[55.400302,-21.070167],[55.400327,-21.070069],[55.400481,-21.070103],[55.400641,-21.07004],[55.400703,-21.069925],[55.400758,-21.070121],[55.401079,-21.070184],[55.401227,-21.070057],[55.401381,-21.070046],[55.401461,-21.069988],[55.401652,-21.069994],[55.401849,-21.06985],[55.402133,-21.069822],[55.402391,-21.069471],[55.402533,-21.069413],[55.402601,-21.069252],[55.402942,-21.069013],[55.403097,-21.069013],[55.403269,-21.068878],[55.403285,-21.068692],[55.403376,-21.068607],[55.403602,-21.068587],[55.403795,-21.068412],[55.404101,-21.068307],[55.404283,-21.068247],[55.404396,-21.068337],[55.404423,-21.068237],[55.404685,-21.068207],[55.405023,-21.068122],[55.405426,-21.068072],[55.405544,-21.068007],[55.405613,-21.067911],[55.405855,-21.067666],[55.406166,-21.067521],[55.406445,-21.067471],[55.406622,-21.067721],[55.406885,-21.067681],[55.407099,-21.067701],[55.407282,-21.067561],[55.407432,-21.067551],[55.407791,-21.067811],[55.408102,-21.067962],[55.408296,-21.067967],[55.408639,-21.067826],[55.408746,-21.067851],[55.409036,-21.067791],[55.409036,-21.067541],[55.409181,-21.067301],[55.409299,-21.067461],[55.409309,-21.067606],[55.409572,-21.067896],[55.409701,-21.067856],[55.409776,-21.068002],[55.409905,-21.068087],[55.409916,-21.067917],[55.410157,-21.068102],[55.410474,-21.068277],[55.410543,-21.068422],[55.410651,-21.068267],[55.410865,-21.068477],[55.411101,-21.068367],[55.411391,-21.068447],[55.411466,-21.068407],[55.411525,-21.068507],[55.411638,-21.068452],[55.411622,-21.068337],[55.411997,-21.068362],[55.412153,-21.068522],[55.412292,-21.068547],[55.412437,-21.068627],[55.412448,-21.068527],[55.412834,-21.068662],[55.412791,-21.068547],[55.412936,-21.068507],[55.412995,-21.068347],[55.413311,-21.068267],[55.413499,-21.068307],[55.413617,-21.068157],[55.413681,-21.068357],[55.413875,-21.068287],[55.413982,-21.068092],[55.414052,-21.068172],[55.414159,-21.068077],[55.414298,-21.068052],[55.414497,-21.067856],[55.41469,-21.067731],[55.414797,-21.067461],[55.414867,-21.067441],[55.414921,-21.067486],[55.41498,-21.067416],[55.415119,-21.067381],[55.415237,-21.067466],[55.415291,-21.067351],[55.415452,-21.067471],[55.415559,-21.067406],[55.415645,-21.067486],[55.415725,-21.067436],[55.415725,-21.067636],[55.415795,-21.067681],[55.415876,-21.067491],[55.415924,-21.067581],[55.416079,-21.067386],[55.416171,-21.067371],[55.416203,-21.067286],[55.416332,-21.067406],[55.416289,-21.067161],[55.416433,-21.067371],[55.41646,-21.067156],[55.416417,-21.067015],[55.416519,-21.06696],[55.416637,-21.06693],[55.416433,-21.066875],[55.416396,-21.06678],[55.416498,-21.06663],[55.416648,-21.066565],[55.416814,-21.06651],[55.416825,-21.06642],[55.416777,-21.066295],[55.41682,-21.06626],[55.416911,-21.06628],[55.416943,-21.066019],[55.417018,-21.066004],[55.417066,-21.065864],[55.416927,-21.065624],[55.417158,-21.065629],[55.417131,-21.065389],[55.417045,-21.065078],[55.417083,-21.064948],[55.416981,-21.064663],[55.416981,-21.064412],[55.417099,-21.064337],[55.417174,-21.064377],[55.417211,-21.064227],[55.417297,-21.064392],[55.417345,-21.064237],[55.417388,-21.064352],[55.417437,-21.064252],[55.417474,-21.064397],[55.417565,-21.064217],[55.417683,-21.064533],[55.417576,-21.064723],[55.41764,-21.065313],[55.417624,-21.065564],[55.417699,-21.066109],[55.417689,-21.066495],[55.417807,-21.06649],[55.417807,-21.066665],[55.417903,-21.06684],[55.417887,-21.067],[55.417935,-21.067176],[55.417903,-21.067431],[55.418107,-21.067576],[55.418091,-21.067766],[55.417903,-21.068027],[55.418188,-21.068072],[55.418059,-21.068202],[55.418096,-21.068507],[55.417834,-21.068747],[55.417909,-21.069088],[55.418032,-21.068888],[55.418075,-21.068958],[55.418155,-21.068803],[55.418247,-21.069008],[55.418257,-21.068788],[55.418386,-21.068527],[55.418676,-21.068297],[55.418359,-21.068898],[55.418397,-21.069013],[55.418552,-21.068858],[55.418633,-21.068923],[55.418708,-21.068908],[55.418756,-21.069028],[55.418821,-21.068873],[55.418912,-21.068808],[55.418923,-21.068968],[55.419159,-21.068582],[55.419239,-21.068697],[55.419357,-21.068617],[55.41926,-21.068833],[55.419325,-21.068823],[55.419287,-21.068958],[55.419319,-21.069048],[55.419228,-21.069138],[55.419293,-21.069213],[55.419438,-21.069143],[55.41962,-21.068943],[55.419792,-21.068923],[55.41991,-21.069038],[55.419947,-21.069178],[55.42014,-21.069288],[55.420355,-21.069203],[55.420376,-21.069288],[55.420435,-21.069253],[55.420548,-21.069093],[55.420773,-21.069033],[55.420736,-21.068948],[55.420623,-21.068823],[55.420628,-21.068547],[55.420698,-21.068712],[55.42072,-21.068848],[55.420832,-21.068998],[55.420832,-21.068677],[55.420966,-21.068973],[55.420977,-21.068808],[55.421031,-21.068968],[55.421052,-21.068732],[55.4211,-21.068943],[55.421127,-21.068858],[55.421208,-21.069053],[55.421251,-21.068687],[55.421315,-21.068798],[55.421294,-21.068672],[55.421428,-21.068978],[55.421385,-21.068437],[55.421508,-21.068522],[55.421562,-21.068417],[55.421648,-21.068722],[55.421792,-21.068848],[55.421803,-21.068652],[55.421868,-21.068737],[55.421911,-21.068522],[55.421975,-21.068672],[55.422055,-21.068772],[55.422066,-21.068607],[55.422163,-21.068647],[55.422163,-21.068502],[55.422345,-21.068697],[55.422361,-21.068397],[55.422484,-21.068527],[55.422501,-21.068327],[55.422737,-21.068532],[55.422662,-21.068207],[55.422828,-21.068442],[55.422747,-21.068107],[55.422812,-21.067917],[55.422924,-21.067937],[55.422908,-21.068097],[55.423091,-21.068322],[55.423332,-21.068382],[55.423552,-21.068587],[55.423847,-21.068697],[55.423933,-21.068818],[55.423815,-21.068873],[55.423627,-21.068868],[55.423756,-21.069058],[55.423751,-21.069173],[55.423622,-21.069248],[55.423509,-21.069418],[55.423343,-21.069323],[55.423278,-21.069328],[55.423418,-21.069518],[55.423407,-21.069689],[55.423214,-21.069939],[55.423198,-21.070069],[55.42323,-21.070234],[55.423085,-21.070224],[55.423091,-21.070369],[55.42301,-21.070424],[55.422983,-21.070575],[55.422833,-21.07069],[55.422817,-21.070825],[55.422833,-21.070915],[55.422753,-21.071115],[55.422898,-21.071075],[55.422892,-21.07119],[55.422951,-21.07121],[55.422763,-21.071305],[55.422672,-21.071496],[55.422704,-21.071626],[55.422667,-21.072236],[55.422645,-21.072417],[55.422951,-21.072952],[55.422919,-21.073077],[55.423021,-21.073163],[55.423101,-21.073533],[55.423305,-21.073813],[55.423273,-21.073998],[55.423134,-21.074284],[55.422967,-21.074334],[55.422876,-21.074479],[55.422635,-21.074509],[55.422828,-21.074594],[55.422914,-21.074764],[55.422903,-21.07506],[55.422951,-21.07521],[55.422876,-21.075916],[55.423016,-21.076076],[55.423214,-21.076221],[55.423134,-21.076446],[55.423117,-21.076752],[55.423117,-21.077027],[55.423117,-21.077027],[55.423005,-21.077417],[55.423477,-21.077532],[55.423777,-21.078058],[55.423863,-21.078288],[55.424024,-21.078388],[55.42433,-21.078444],[55.424239,-21.078674],[55.424089,-21.078894],[55.424223,-21.079009],[55.424368,-21.079219],[55.42462,-21.079234],[55.424652,-21.079375],[55.424775,-21.079405],[55.424872,-21.07949],[55.424995,-21.0795],[55.425253,-21.079375],[55.425457,-21.079435],[55.425655,-21.079705],[55.425934,-21.07988],[55.425956,-21.080055],[55.426111,-21.08],[55.426154,-21.07995],[55.426444,-21.07988],[55.426272,-21.080035],[55.426487,-21.08003],[55.426632,-21.080135],[55.426728,-21.080281],[55.426841,-21.080291],[55.426712,-21.080546],[55.426626,-21.080871],[55.426578,-21.081182],[55.426487,-21.081322],[55.426379,-21.081427],[55.426369,-21.081542],[55.426776,-21.081697],[55.426959,-21.081707],[55.427324,-21.082128],[55.427442,-21.082012],[55.427517,-21.082002],[55.42756,-21.082178],[55.427667,-21.082383],[55.42764,-21.082538],[55.427662,-21.082728],[55.427286,-21.082868],[55.427152,-21.082758],[55.427071,-21.082873],[55.426986,-21.082903],[55.426991,-21.083119],[55.426927,-21.083214],[55.427071,-21.083354],[55.426884,-21.083439],[55.427034,-21.083519],[55.427007,-21.083574],[55.427098,-21.083729],[55.427007,-21.083829],[55.427071,-21.083944],[55.426986,-21.08405],[55.427045,-21.084205],[55.427307,-21.0844],[55.427377,-21.08454],[55.427189,-21.084525],[55.427248,-21.08459],[55.427366,-21.08462],[55.427426,-21.08471],[55.427286,-21.084655],[55.427179,-21.084655],[55.427297,-21.08478],[55.427055,-21.084795],[55.427104,-21.08485],[55.427029,-21.084921],[55.426991,-21.085031],[55.426814,-21.085121],[55.426889,-21.085241],[55.426894,-21.085406],[55.427215,-21.085569],[55.427272,-21.085736],[55.427646,-21.086077],[55.427923,-21.086108],[55.428164,-21.086487],[55.428257,-21.086835],[55.428874,-21.087071],[55.429388,-21.087315],[55.429724,-21.087402],[55.429929,-21.08755],[55.430079,-21.087829],[55.430639,-21.087907],[55.431079,-21.087668],[55.431041,-21.087784],[55.431159,-21.087723],[55.431165,-21.087824],[55.431261,-21.087768],[55.431561,-21.087874],[55.431594,-21.088019],[55.431336,-21.087959],[55.431325,-21.088074],[55.431245,-21.088239],[55.431277,-21.088424],[55.431433,-21.088544],[55.431803,-21.08881],[55.431883,-21.089085],[55.431771,-21.089325],[55.432152,-21.089325],[55.432586,-21.08957],[55.432699,-21.089715],[55.432897,-21.08971],[55.432988,-21.089841],[55.433074,-21.089856],[55.433085,-21.089931],[55.433139,-21.089866],[55.433182,-21.089941],[55.433214,-21.089901],[55.433283,-21.090021],[55.433342,-21.089886],[55.433444,-21.089881],[55.433766,-21.089771],[55.433772,-21.089921],[55.434088,-21.090211],[55.434185,-21.090246],[55.434201,-21.090316],[55.434356,-21.090356],[55.43434,-21.090496],[55.434233,-21.090671],[55.434458,-21.090606],[55.434421,-21.090727],[55.434705,-21.090737],[55.434914,-21.090641],[55.435349,-21.090516],[55.435569,-21.090556],[55.435708,-21.090696],[55.435853,-21.090742],[55.435944,-21.090822],[55.436116,-21.090827],[55.43632,-21.090782],[55.436454,-21.090847],[55.436497,-21.090977],[55.436642,-21.090927],[55.436636,-21.091077],[55.436695,-21.091157],[55.436631,-21.091462],[55.436679,-21.091462],[55.436604,-21.091572],[55.436609,-21.091682],[55.436459,-21.091758],[55.43677,-21.091838],[55.436507,-21.091988],[55.436706,-21.092208],[55.436743,-21.092353],[55.43691,-21.092493],[55.437183,-21.092573],[55.437339,-21.092759],[55.437301,-21.093034],[55.437457,-21.093159],[55.437623,-21.093169],[55.438004,-21.092849],[55.438181,-21.092874],[55.438256,-21.092693],[55.438541,-21.092578],[55.43853,-21.092764],[55.438728,-21.092884],[55.438809,-21.093094],[55.438766,-21.093209],[55.438632,-21.093289],[55.438541,-21.093484],[55.438417,-21.093549],[55.438476,-21.093815],[55.438406,-21.09391],[55.438476,-21.09407],[55.438305,-21.09426],[55.438101,-21.09471],[55.438015,-21.095111],[55.437967,-21.095947],[55.437832,-21.096277],[55.437849,-21.096412],[55.437763,-21.096547],[55.437731,-21.096657],[55.437731,-21.096778],[55.437629,-21.096903],[55.437471,-21.097479],[55.437534,-21.097656],[55.437437,-21.098042],[55.437414,-21.098224],[55.437306,-21.098519],[55.437127,-21.098579],[55.437127,-21.09867],[55.436932,-21.098686],[55.436818,-21.098769],[55.436639,-21.098822],[55.436476,-21.099027],[55.43646,-21.099171],[55.4362,-21.099383],[55.435989,-21.099672],[55.435932,-21.099937],[55.435802,-21.100263],[55.436054,-21.100787],[55.435972,-21.101105],[55.43598,-21.102145],[55.43572,-21.102342],[55.435688,-21.102516],[55.435419,-21.102721],[55.435314,-21.1031],[55.435184,-21.103283],[55.434883,-21.103343],[55.434566,-21.103449],[55.434094,-21.103503],[55.433696,-21.103578],[55.433322,-21.104102],[55.433159,-21.104428],[55.432948,-21.10461],[55.432842,-21.105073],[55.432696,-21.105255],[55.432696,-21.105414],[55.432565,-21.105687],[55.432596,-21.105922],[55.432481,-21.106217],[55.432521,-21.106431],[55.432486,-21.106774],[55.432435,-21.106946],[55.43217,-21.107198],[55.43232,-21.1073],[55.432147,-21.107364],[55.432348,-21.107418],[55.432285,-21.107584],[55.432377,-21.107557],[55.432412,-21.107638],[55.432348,-21.107788],[55.432492,-21.107831],[55.432435,-21.107938],[55.432515,-21.107949],[55.432458,-21.108174],[55.432619,-21.10811],[55.43255,-21.108271],[55.432624,-21.108287],[55.432596,-21.108394],[55.432774,-21.108357],[55.43282,-21.108523],[55.432981,-21.108512],[55.433125,-21.108582],[55.433153,-21.108711],[55.43328,-21.108695],[55.433211,-21.108909],[55.433107,-21.10892],[55.433182,-21.109022],[55.433033,-21.108995],[55.433067,-21.109075],[55.432969,-21.109167],[55.433096,-21.109327],[55.432992,-21.109612],[55.432975,-21.109858],[55.432716,-21.109799],[55.432918,-21.109982],[55.432573,-21.109853],[55.432578,-21.109901],[55.432406,-21.109821],[55.432452,-21.109955],[55.432354,-21.109982],[55.432331,-21.110068],[55.432021,-21.110245],[55.431917,-21.110363],[55.431544,-21.1104],[55.431601,-21.110448],[55.43148,-21.110561],[55.431664,-21.110663],[55.431521,-21.110781],[55.431475,-21.110931],[55.431624,-21.110974],[55.431538,-21.111146],[55.431693,-21.111124],[55.431607,-21.111339],[55.431774,-21.111317],[55.431728,-21.111473],[55.431779,-21.11151],[55.43167,-21.111682],[55.431814,-21.111655],[55.431705,-21.111827],[55.431808,-21.111827],[55.431756,-21.111897],[55.431808,-21.111886],[55.431705,-21.112052],[55.431935,-21.11195],[55.431906,-21.112052],[55.431687,-21.112331],[55.431958,-21.112288],[55.431624,-21.112556],[55.431883,-21.112508],[55.431722,-21.112658],[55.431848,-21.112631],[55.431825,-21.11276],[55.432159,-21.112546],[55.43213,-21.112706],[55.432366,-21.112503],[55.432394,-21.112658],[55.432601,-21.11261],[55.432699,-21.112487],[55.432785,-21.112647],[55.432699,-21.112819],[55.432918,-21.112857],[55.432837,-21.112948],[55.433458,-21.113077],[55.433636,-21.113339],[55.4337,-21.113152],[55.433751,-21.113082],[55.43378,-21.112937],[55.433907,-21.112926],[55.434217,-21.113018],[55.434056,-21.113093],[55.4342,-21.113195],[55.434355,-21.113098],[55.434591,-21.113141],[55.434453,-21.113243],[55.434861,-21.113162],[55.43512,-21.113152],[55.435097,-21.113243],[55.435206,-21.113178],[55.435131,-21.113361],[55.435275,-21.113227],[55.435252,-21.113329],[55.435344,-21.11327],[55.435309,-21.113404],[55.435574,-21.113366],[55.435948,-21.11342],[55.436281,-21.113296],[55.436327,-21.113463],[55.436488,-21.113624],[55.436747,-21.113715],[55.436931,-21.113688],[55.437115,-21.113785],[55.437443,-21.113838],[55.437966,-21.113586],[55.438362,-21.113538],[55.438656,-21.113656],[55.438765,-21.11387],[55.439098,-21.113699],[55.439466,-21.113575],[55.439662,-21.113414],[55.439921,-21.11335],[55.44003,-21.113425],[55.440064,-21.113248],[55.440185,-21.113259],[55.440288,-21.113125],[55.440237,-21.11298],[55.440357,-21.113007],[55.440346,-21.1129],[55.440432,-21.112851],[55.440398,-21.112739],[55.440472,-21.112658],[55.440444,-21.11253],[55.440518,-21.112369],[55.440426,-21.111923],[55.44026,-21.111795],[55.440242,-21.11172],[55.440444,-21.111586],[55.44049,-21.111478],[55.440605,-21.1115],[55.440783,-21.111435],[55.44141,-21.111634],[55.442071,-21.111468],[55.442456,-21.111612],[55.442674,-21.111972],[55.442789,-21.112133],[55.443215,-21.112294],[55.443399,-21.112519],[55.444008,-21.113093],[55.444049,-21.113259],[55.444279,-21.113366],[55.444903,-21.113778],[55.445176,-21.113733],[55.445359,-21.113788],[55.445579,-21.113773],[55.446099,-21.113923],[55.446362,-21.113818],[55.446528,-21.113583],[55.446791,-21.113523],[55.446952,-21.113243],[55.44715,-21.112942],[55.447167,-21.112817],[55.447145,-21.112567],[55.447317,-21.112762],[55.447427,-21.112818],[55.447593,-21.112477],[55.448065,-21.112683],[55.448242,-21.112978],[55.448591,-21.113173],[55.4488,-21.113333],[55.449031,-21.113478],[55.449192,-21.113698],[55.449465,-21.113924],[55.4496,-21.114074],[55.449659,-21.114219],[55.449723,-21.114279],[55.449675,-21.114349],[55.449943,-21.114474],[55.450442,-21.114594],[55.449793,-21.114774],[55.449621,-21.11493],[55.449707,-21.11496],[55.449541,-21.11513],[55.449669,-21.115115],[55.449728,-21.1152],[55.449659,-21.115385],[55.449734,-21.11543],[55.449895,-21.11532],[55.449916,-21.115375],[55.449809,-21.11553],[55.449964,-21.11548],[55.449932,-21.11558],[55.450023,-21.11554],[55.449937,-21.11568],[55.44997,-21.11574],[55.450141,-21.1157],[55.450152,-21.115785],[55.44997,-21.115975],[55.450259,-21.115835],[55.450147,-21.116025],[55.450292,-21.115975],[55.450249,-21.11607],[55.45034,-21.11604],[55.450329,-21.116095],[55.450426,-21.11606],[55.45041,-21.116111],[55.450506,-21.116045],[55.450495,-21.116136],[55.450597,-21.116085],[55.450522,-21.116246],[55.450603,-21.116221],[55.450587,-21.116321],[55.450243,-21.116676],[55.449986,-21.116836],[55.449916,-21.116976],[55.449978,-21.117095],[55.449822,-21.117385],[55.449999,-21.11727],[55.449967,-21.117541],[55.450085,-21.117421],[55.450064,-21.117626],[55.450171,-21.117511],[55.450123,-21.117736],[55.449876,-21.117966],[55.449779,-21.118201],[55.449978,-21.118211],[55.449661,-21.118421],[55.449844,-21.118436],[55.449693,-21.118591],[55.449854,-21.118617],[55.44972,-21.118707],[55.449844,-21.118722],[55.449763,-21.118822],[55.450021,-21.118787],[55.45031,-21.118606],[55.450348,-21.118647],[55.450085,-21.118857],[55.449956,-21.118877],[55.449446,-21.119425],[55.449212,-21.11959],[55.448965,-21.119669],[55.448717,-21.119874],[55.44837,-21.119953],[55.448512,-21.120296],[55.448823,-21.120316],[55.449318,-21.120712],[55.449382,-21.120871],[55.449262,-21.120943],[55.449234,-21.121174],[55.449368,-21.121115],[55.449333,-21.121445],[55.449757,-21.121947],[55.449842,-21.121914],[55.44997,-21.122086],[55.449715,-21.122132],[55.449679,-21.122284],[55.449814,-21.122561],[55.449821,-21.122746],[55.450118,-21.123043],[55.450232,-21.1234],[55.450147,-21.123736],[55.449814,-21.123941],[55.449956,-21.124053],[55.450232,-21.124106],[55.450288,-21.124245],[55.450175,-21.124172],[55.450168,-21.124324],[55.45009,-21.12441],[55.450111,-21.124773],[55.449977,-21.124879],[55.449743,-21.124912],[55.449835,-21.12505],[55.449793,-21.125162],[55.449934,-21.125202],[55.450182,-21.125209],[55.450253,-21.125374],[55.450401,-21.125413],[55.450394,-21.125585],[55.450437,-21.125948],[55.450713,-21.125869],[55.450713,-21.126014],[55.450777,-21.126041],[55.450699,-21.126153],[55.45077,-21.126166],[55.450748,-21.126351],[55.450883,-21.126397],[55.450946,-21.126549],[55.45118,-21.126714],[55.450925,-21.126939],[55.450982,-21.127051],[55.450833,-21.127315],[55.450883,-21.127546],[55.451102,-21.127685],[55.451152,-21.12787],[55.451265,-21.127889],[55.451435,-21.127711],[55.451768,-21.127784],[55.451789,-21.127863],[55.451902,-21.127843],[55.451803,-21.128028],[55.451959,-21.128035],[55.452114,-21.128101],[55.452235,-21.127975],[55.452221,-21.128153],[55.452327,-21.128127],[55.45239,-21.127916],[55.452475,-21.12814],[55.452539,-21.128087],[55.452468,-21.128338],[55.452546,-21.128385],[55.452645,-21.128385],[55.452815,-21.128556],[55.452865,-21.128477],[55.45302,-21.12853],[55.45303,-21.12867],[55.453094,-21.12872],[55.453067,-21.12883],[55.453244,-21.128895],[55.453239,-21.129015],[55.453309,-21.12898],[55.45332,-21.129065],[55.453464,-21.12898],[55.453432,-21.129095],[55.453572,-21.128985],[55.453572,-21.129095],[55.453674,-21.129055],[55.453641,-21.129235],[55.453818,-21.129341],[55.453829,-21.12911],[55.453915,-21.129125],[55.453947,-21.129015],[55.454387,-21.12897],[55.454682,-21.12902],[55.454757,-21.129105],[55.454789,-21.12901],[55.454956,-21.128995],[55.454704,-21.128825],[55.454886,-21.128625],[55.455084,-21.128665],[55.455111,-21.12858],[55.45524,-21.128575],[55.45524,-21.12851],[55.455412,-21.128565],[55.455578,-21.12852],[55.455717,-21.12858],[55.455776,-21.12853],[55.455734,-21.12841],[55.455857,-21.12833],[55.45597,-21.128325],[55.456082,-21.128495],[55.456184,-21.128435],[55.456238,-21.12845],[55.456291,-21.128385],[55.456377,-21.12844],[55.45642,-21.128375],[55.456544,-21.128405],[55.456576,-21.128345],[55.456903,-21.128485],[55.457139,-21.12848],[55.457327,-21.12838],[55.457391,-21.12849],[55.457284,-21.12863],[55.457037,-21.12869],[55.456967,-21.12919],[55.457112,-21.129286],[55.457252,-21.129426],[55.457461,-21.129531],[55.457767,-21.129556],[55.458105,-21.129476],[55.458298,-21.129456],[55.458459,-21.129361],[55.458738,-21.129311],[55.459188,-21.129386],[55.459381,-21.129546],[55.459558,-21.129596],[55.459741,-21.129586],[55.45988,-21.129721],[55.460283,-21.129661],[55.460599,-21.129796],[55.460824,-21.129851],[55.460803,-21.129776],[55.461017,-21.129871],[55.461082,-21.130001],[55.461377,-21.130021],[55.461892,-21.129846],[55.462128,-21.129711],[55.462176,-21.129766],[55.462198,-21.129931],[55.462267,-21.129896],[55.462584,-21.130146],[55.462638,-21.130076],[55.462562,-21.129961],[55.46275,-21.129966],[55.462487,-21.129711],[55.462525,-21.129646],[55.462627,-21.129751],[55.462734,-21.129741],[55.463045,-21.129521],[55.463142,-21.129546],[55.463254,-21.129731],[55.463507,-21.129731],[55.463732,-21.129786],[55.463662,-21.129951],[55.463732,-21.130071],[55.464011,-21.130011],[55.46437,-21.130036],[55.464451,-21.130201],[55.464853,-21.130206],[55.465314,-21.130056],[55.465776,-21.129951],[55.466076,-21.129826],[55.466318,-21.129681],[55.466473,-21.129701],[55.466548,-21.130106],[55.466639,-21.130316],[55.466779,-21.130371],[55.467047,-21.130276],[55.467696,-21.130266],[55.467954,-21.130336],[55.46812,-21.130602],[55.468184,-21.130566],[55.46812,-21.130411],[55.468174,-21.130361],[55.468297,-21.130461],[55.468383,-21.130476],[55.468351,-21.130321],[55.468394,-21.130241],[55.468233,-21.130136],[55.468259,-21.130061],[55.46856,-21.129911],[55.468227,-21.129691],[55.468614,-21.129711],[55.468951,-21.129596],[55.469365,-21.129816],[55.469729,-21.129946],[55.469858,-21.129921],[55.470223,-21.129671],[55.470588,-21.129651],[55.471081,-21.129756],[55.471081,-21.129966],[55.471038,-21.130176],[55.471108,-21.130577],[55.471033,-21.130862],[55.470715,-21.131075],[55.470289,-21.131343],[55.470565,-21.131274],[55.470835,-21.131295],[55.470996,-21.131311],[55.470887,-21.131386],[55.470674,-21.13137],[55.471019,-21.131547],[55.47091,-21.131601],[55.470738,-21.131553],[55.470956,-21.13174],[55.471307,-21.131767],[55.471232,-21.131864],[55.471088,-21.131874],[55.471272,-21.131901],[55.471404,-21.13181],[55.471519,-21.131579],[55.471611,-21.131596],[55.471854,-21.131762],[55.471982,-21.131822],[55.47209,-21.131872],[55.472224,-21.131822],[55.472192,-21.131582],[55.47195,-21.131347],[55.472288,-21.131132],[55.472476,-21.130937],[55.472685,-21.130652],[55.472835,-21.130531],[55.473114,-21.130411],[55.4732,-21.130306],[55.473152,-21.130096],[55.473291,-21.130091],[55.473404,-21.129896],[55.47371,-21.129586],[55.473884,-21.129189],[55.474016,-21.129152],[55.474141,-21.12917],[55.474148,-21.129035],[55.473904,-21.128801],[55.47358,-21.128388],[55.472398,-21.128],[55.472114,-21.128012],[55.472049,-21.127873],[55.472488,-21.127464],[55.472765,-21.127099],[55.473448,-21.126842],[55.473404,-21.126645],[55.473389,-21.126398],[55.473245,-21.126567],[55.472919,-21.126674],[55.472645,-21.126645],[55.472312,-21.126787],[55.472099,-21.126978],[55.471894,-21.127063],[55.472365,-21.126419],[55.472661,-21.126107],[55.472069,-21.126249],[55.472319,-21.125725],[55.472289,-21.12557],[55.472577,-21.125442],[55.47279,-21.125258],[55.472873,-21.125088],[55.472919,-21.125124],[55.473214,-21.124727],[55.472888,-21.124685],[55.473207,-21.124381],[55.473108,-21.124296],[55.473237,-21.124027],[55.473028,-21.124031],[55.473098,-21.123941],[55.473334,-21.123941],[55.473527,-21.123846],[55.473656,-21.123796],[55.473812,-21.123586],[55.473785,-21.123281],[55.473822,-21.123231],[55.473962,-21.123396],[55.473967,-21.122911],[55.474098,-21.122898],[55.474326,-21.123239],[55.474716,-21.12314],[55.475415,-21.123148],[55.475882,-21.123396],[55.475931,-21.123376],[55.476231,-21.123486],[55.476521,-21.123471],[55.476805,-21.123721],[55.476971,-21.123941],[55.477223,-21.124082],[55.477701,-21.124487],[55.477808,-21.124612],[55.478237,-21.124682],[55.478264,-21.124767],[55.478484,-21.124817],[55.478548,-21.124947],[55.478715,-21.125027],[55.478752,-21.125155],[55.479132,-21.125305],[55.479218,-21.12524],[55.479114,-21.12508],[55.479166,-21.125058],[55.479293,-21.125133],[55.47954,-21.125042],[55.479672,-21.12486],[55.479735,-21.124881],[55.479937,-21.124688],[55.480023,-21.124431],[55.47996,-21.124318],[55.479977,-21.12412],[55.480069,-21.124028],[55.480264,-21.124141],[55.480448,-21.124066],[55.480621,-21.124103],[55.48077,-21.124227],[55.480868,-21.124184],[55.480966,-21.124377],[55.481052,-21.12435],[55.481213,-21.124592],[55.481299,-21.124592],[55.481454,-21.124865],[55.481466,-21.124763],[55.481558,-21.124801],[55.481587,-21.124726],[55.481759,-21.124913],[55.481742,-21.124747],[55.481822,-21.124833],[55.481845,-21.124779],[55.481978,-21.124967],[55.481966,-21.124811],[55.482064,-21.124838],[55.48211,-21.125015],[55.482248,-21.125053],[55.482207,-21.124852],[55.481949,-21.124602],[55.481703,-21.124452],[55.481547,-21.124011],[55.481515,-21.123831],[55.481418,-21.123551],[55.481327,-21.123096],[55.481429,-21.123001],[55.481579,-21.123006],[55.481713,-21.123116],[55.482067,-21.123251],[55.482218,-21.123416],[55.482518,-21.123351],[55.483237,-21.123471],[55.482937,-21.123151],[55.482872,-21.122981],[55.482652,-21.122816],[55.482486,-21.12256],[55.482674,-21.122645],[55.482818,-21.12265],[55.482915,-21.12272],[55.483409,-21.122831],[55.483553,-21.122715],[55.483666,-21.122445],[55.483779,-21.12222],[55.483827,-21.12197],[55.48357,-21.12177],[55.483811,-21.121805],[55.48358,-21.121615],[55.483924,-21.121665],[55.483865,-21.121504],[55.484068,-21.121595],[55.483983,-21.121359],[55.484476,-21.121429],[55.48438,-21.121339],[55.484567,-21.121314],[55.484422,-21.121224],[55.484691,-21.121169],[55.484487,-21.121069],[55.484616,-21.120999],[55.484331,-21.120939],[55.484181,-21.120834],[55.484412,-21.120854],[55.484251,-21.120724],[55.484498,-21.120784],[55.484406,-21.120669],[55.484642,-21.120704],[55.484562,-21.120649],[55.484744,-21.120609],[55.48461,-21.120489],[55.484439,-21.120409],[55.484455,-21.120078],[55.484433,-21.119913],[55.484594,-21.120073],[55.484648,-21.119963],[55.484626,-21.119853],[55.484793,-21.119648],[55.484943,-21.119558],[55.485029,-21.119553],[55.48512,-21.119618],[55.485281,-21.119488],[55.485275,-21.119383],[55.485404,-21.119308],[55.485452,-21.119443],[55.485544,-21.119493],[55.485608,-21.119423],[55.485608,-21.119338],[55.485758,-21.119443],[55.485951,-21.119463],[55.486053,-21.119348],[55.486042,-21.119143],[55.485957,-21.119012],[55.48608,-21.118817],[55.48623,-21.118992],[55.486214,-21.119118],[55.4863,-21.119133],[55.486332,-21.119017],[55.486498,-21.119098],[55.48638,-21.118952],[55.486531,-21.118917],[55.48637,-21.118777],[55.486423,-21.118587],[55.486343,-21.118372],[55.486402,-21.118242],[55.486295,-21.118147],[55.486488,-21.118132],[55.486729,-21.118067],[55.486847,-21.118087],[55.486944,-21.118012],[55.48711,-21.117917],[55.487035,-21.117877],[55.486777,-21.117892],[55.486826,-21.117801],[55.486659,-21.117706],[55.486863,-21.117681],[55.486697,-21.117576],[55.486815,-21.117536],[55.486735,-21.117466],[55.486922,-21.117421],[55.486858,-21.117346],[55.486954,-21.117326],[55.487105,-21.117381],[55.487131,-21.117271],[55.487062,-21.117221],[55.487217,-21.117046],[55.487523,-21.116931],[55.487539,-21.116816],[55.487614,-21.116711],[55.487598,-21.116605],[55.487453,-21.11655],[55.487335,-21.1164],[55.487131,-21.116375],[55.487099,-21.11622],[55.487115,-21.116135],[55.487046,-21.116105],[55.487314,-21.116015],[55.487427,-21.11577],[55.487818,-21.11564],[55.488242,-21.115605],[55.48784,-21.115324],[55.487904,-21.115079],[55.487888,-21.114899],[55.487909,-21.114684],[55.487807,-21.114123],[55.487829,-21.113783],[55.487861,-21.113635],[55.488247,-21.113125],[55.488574,-21.112875],[55.488698,-21.112855],[55.488735,-21.112965],[55.488842,-21.11297],[55.488966,-21.113125],[55.489078,-21.113135],[55.489282,-21.11309],[55.489411,-21.11315],[55.489561,-21.11343],[55.490028,-21.1136],[55.490382,-21.113785],[55.490527,-21.113745],[55.490757,-21.11362],[55.490999,-21.11358],[55.490956,-21.11345],[55.491203,-21.11352],[55.491133,-21.113285],[55.491321,-21.113435],[55.491348,-21.1133],[55.491492,-21.113525],[55.491503,-21.11338],[55.491648,-21.11364],[55.49168,-21.11343],[55.491551,-21.113225],[55.491787,-21.113315],[55.49168,-21.113125],[55.491868,-21.113215],[55.491814,-21.113025],[55.492104,-21.113275],[55.492125,-21.11313],[55.492292,-21.113295],[55.492254,-21.11308],[55.49241,-21.113175],[55.492426,-21.11304],[55.492683,-21.113375],[55.492689,-21.113195],[55.492791,-21.11323],[55.492774,-21.11307],[55.492946,-21.113215],[55.493059,-21.113355],[55.49315,-21.11337],[55.492984,-21.112935],[55.493263,-21.11316],[55.493198,-21.11289],[55.493424,-21.11307],[55.493402,-21.112925],[55.493611,-21.113095],[55.493488,-21.112689],[55.493611,-21.11284],[55.493649,-21.112749],[55.493896,-21.113075],[55.493906,-21.11277],[55.494099,-21.113195],[55.494207,-21.11291],[55.494341,-21.11321],[55.494395,-21.11302],[55.494475,-21.113005],[55.494389,-21.112805],[55.494577,-21.11303],[55.494518,-21.112825],[55.494749,-21.11289],[55.494647,-21.112664],[55.494754,-21.112684],[55.494684,-21.112484],[55.494958,-21.112629],[55.494813,-21.112129],[55.495022,-21.112279],[55.494952,-21.112079],[55.495156,-21.112129],[55.495054,-21.111924],[55.495247,-21.111984],[55.495167,-21.111794],[55.495274,-21.111734],[55.494947,-21.111578],[55.495258,-21.111413],[55.495194,-21.111253],[55.49528,-21.111228],[55.495274,-21.111163],[55.495403,-21.111133],[55.495634,-21.111228],[55.495923,-21.111258],[55.496336,-21.111378],[55.496422,-21.111368],[55.496776,-21.111704],[55.496975,-21.111794],[55.497055,-21.111869],[55.497179,-21.111849],[55.49727,-21.111989],[55.497436,-21.112179],[55.497377,-21.112274],[55.497484,-21.112364],[55.497855,-21.112414],[55.498364,-21.112614],[55.498407,-21.112795],[55.498284,-21.11285],[55.498364,-21.113005],[55.498321,-21.113165],[55.498128,-21.113295],[55.498193,-21.113475],[55.498477,-21.113635],[55.49845,-21.113735],[55.49867,-21.114016],[55.498852,-21.114166],[55.499072,-21.114486],[55.499437,-21.114741],[55.499684,-21.115061],[55.500269,-21.115542],[55.500451,-21.115862],[55.500725,-21.116217],[55.500993,-21.116523],[55.501223,-21.116838],[55.501315,-21.117013],[55.501465,-21.117123],[55.501529,-21.117303],[55.501781,-21.117473],[55.501883,-21.117629],[55.502076,-21.117744],[55.502259,-21.117964],[55.502232,-21.118064],[55.502296,-21.118339],[55.502473,-21.118569],[55.502527,-21.118705],[55.502463,-21.1188],[55.502715,-21.11893],[55.502822,-21.119035],[55.502994,-21.1191],[55.503112,-21.11961],[55.50316,-21.11972],[55.503176,-21.1199],[55.503316,-21.120181],[55.503439,-21.120231],[55.503552,-21.120196],[55.503594,-21.120381],[55.503906,-21.120986],[55.503986,-21.121222],[55.504168,-21.121417],[55.504174,-21.121612],[55.504276,-21.121877],[55.504442,-21.122102],[55.504319,-21.122252],[55.504464,-21.122438],[55.504592,-21.122533],[55.504823,-21.122778],[55.504979,-21.122878],[55.505048,-21.123103],[55.505,-21.123283],[55.505043,-21.123513],[55.505005,-21.123679],[55.505048,-21.123879],[55.505231,-21.124084],[55.505064,-21.124219],[55.505054,-21.124594],[55.504962,-21.124664],[55.504796,-21.124644],[55.504646,-21.124739],[55.504571,-21.124849],[55.504447,-21.124915],[55.504517,-21.125165],[55.504742,-21.125325],[55.504775,-21.125475],[55.504882,-21.12559],[55.504909,-21.125785],[55.50508,-21.125915],[55.505343,-21.126005],[55.505451,-21.1261],[55.505477,-21.126286],[55.505724,-21.126651],[55.505864,-21.127226],[55.507178,-21.128082],[55.507215,-21.128202],[55.50743,-21.128177],[55.507548,-21.128357],[55.507704,-21.128417],[55.508095,-21.128697],[55.508412,-21.128963],[55.509045,-21.129383],[55.509619,-21.129853],[55.509715,-21.129813],[55.509994,-21.130108],[55.510064,-21.130329],[55.510359,-21.130484],[55.510574,-21.130529],[55.511164,-21.130934],[55.511368,-21.131019],[55.511507,-21.131204],[55.511877,-21.131469],[55.512199,-21.13151],[55.512253,-21.13169],[55.512467,-21.13204],[55.512655,-21.132045],[55.513041,-21.132265],[55.513932,-21.133066],[55.514345,-21.133401],[55.514962,-21.134141],[55.515241,-21.134131],[55.515402,-21.134096],[55.515777,-21.134176],[55.515992,-21.134171],[55.516185,-21.134211],[55.51634,-21.134181],[55.516764,-21.134337],[55.517258,-21.134101],[55.517397,-21.134101],[55.517537,-21.134071],[55.518003,-21.134036],[55.518465,-21.133951],[55.518443,-21.134071],[55.51854,-21.134096],[55.518647,-21.134041],[55.518937,-21.133991],[55.518942,-21.134036],[55.519092,-21.134001],[55.519065,-21.134166],[55.519205,-21.134111],[55.519232,-21.134166],[55.519318,-21.134171],[55.519312,-21.134247],[55.520777,-21.134151],[55.520975,-21.134211],[55.520852,-21.134377],[55.521195,-21.134367],[55.521356,-21.134537],[55.521437,-21.134697],[55.521603,-21.134717],[55.521876,-21.134717],[55.52207,-21.134787],[55.522209,-21.134767],[55.522386,-21.134622],[55.522654,-21.134747],[55.523105,-21.134627],[55.523293,-21.134392],[55.523593,-21.134427],[55.52392,-21.134156],[55.524242,-21.134191],[55.524521,-21.134161],[55.524634,-21.134106],[55.524945,-21.134106],[55.525176,-21.134181],[55.526018,-21.133966],[55.52657,-21.133916],[55.526747,-21.133836],[55.527563,-21.133711],[55.528416,-21.133751],[55.528662,-21.133849],[55.528662,-21.133849],[55.528944,-21.13388],[55.529116,-21.134035],[55.529679,-21.13408],[55.529872,-21.134175],[55.530028,-21.13409],[55.530232,-21.13418],[55.53036,-21.134325],[55.530591,-21.134376],[55.530763,-21.134516],[55.531042,-21.134636],[55.531261,-21.134806],[55.531567,-21.134851],[55.531637,-21.134996],[55.531691,-21.135021],[55.531626,-21.135241],[55.531755,-21.135516],[55.531862,-21.135566],[55.531996,-21.135481],[55.532109,-21.135631],[55.532334,-21.135681],[55.532635,-21.135611],[55.532828,-21.135721],[55.532887,-21.135842],[55.533101,-21.135872],[55.533171,-21.135987],[55.533118,-21.136162],[55.53338,-21.136252],[55.533611,-21.136232],[55.533793,-21.136307],[55.533906,-21.136442],[55.534164,-21.136572],[55.534201,-21.136702],[55.534373,-21.136932],[55.534614,-21.137067],[55.534722,-21.137092],[55.53522,-21.137318],[55.535483,-21.137318],[55.535639,-21.137288],[55.535762,-21.137383],[55.535864,-21.137303],[55.536004,-21.137428],[55.536004,-21.137628],[55.536116,-21.137828],[55.536358,-21.137898],[55.536449,-21.137838],[55.536669,-21.137833],[55.537232,-21.137608],[55.537495,-21.137243],[55.537892,-21.137112],[55.538026,-21.137022],[55.538133,-21.137062],[55.538117,-21.137258],[55.538284,-21.137343],[55.538536,-21.137583],[55.538584,-21.137533],[55.538557,-21.137388],[55.538632,-21.137328],[55.538798,-21.137443],[55.538858,-21.137703],[55.538976,-21.137793],[55.539099,-21.137833],[55.539356,-21.138453],[55.539512,-21.138468],[55.539635,-21.138553],[55.539635,-21.138729],[55.539871,-21.139009],[55.539775,-21.139049],[55.539496,-21.139324],[55.53948,-21.139524],[55.539727,-21.139874],[55.539904,-21.140064],[55.539737,-21.14021],[55.539517,-21.14013],[55.539469,-21.140175],[55.539614,-21.140395],[55.539646,-21.14076],[55.539753,-21.14092],[55.539887,-21.14106],[55.540043,-21.141345],[55.540317,-21.141696],[55.540263,-21.141826],[55.540327,-21.141966],[55.540435,-21.142121],[55.540376,-21.142201],[55.540435,-21.142386],[55.54029,-21.142551],[55.540242,-21.142876],[55.540172,-21.142986],[55.540408,-21.143482],[55.540397,-21.143602],[55.540515,-21.143867],[55.540263,-21.144187],[55.540322,-21.144377],[55.540542,-21.144527],[55.540816,-21.144838],[55.540987,-21.144893],[55.541111,-21.145023],[55.541186,-21.145198],[55.541341,-21.145333],[55.541443,-21.145758],[55.541701,-21.146189],[55.541856,-21.146379],[55.542216,-21.147139],[55.542489,-21.147239],[55.542548,-21.147334],[55.542511,-21.147589],[55.542704,-21.147684],[55.54279,-21.14784],[55.543036,-21.148055],[55.543337,-21.148435],[55.543331,-21.14872],[55.543653,-21.1488],[55.54382,-21.14928],[55.543922,-21.149361],[55.543884,-21.149501],[55.543675,-21.149586],[55.543659,-21.149666],[55.543916,-21.149836],[55.544141,-21.149776],[55.544608,-21.149971],[55.544769,-21.150011],[55.545096,-21.150936],[55.545348,-21.150901],[55.545542,-21.151012],[55.545574,-21.151122],[55.545542,-21.151247],[55.545702,-21.151402],[55.545944,-21.151577],[55.546078,-21.151752],[55.546523,-21.151717],[55.54669,-21.151797],[55.547001,-21.151842],[55.547135,-21.151827],[55.547408,-21.152017],[55.547585,-21.152247],[55.547875,-21.152407],[55.5481,-21.152362],[55.548524,-21.152492],[55.548862,-21.152472],[55.549184,-21.152517],[55.549474,-21.152793],[55.55016,-21.153273],[55.55037,-21.153173],[55.550697,-21.153143],[55.550879,-21.153163],[55.551126,-21.153113],[55.551528,-21.153163],[55.551791,-21.153083],[55.552092,-21.153178],[55.552789,-21.153203],[55.552993,-21.153248],[55.553213,-21.153123],[55.553749,-21.152978],[55.554168,-21.153143],[55.554409,-21.153083],[55.554629,-21.152908],[55.554988,-21.152973],[55.555509,-21.152698],[55.556201,-21.152597],[55.556453,-21.152377],[55.556635,-21.152367],[55.556812,-21.152212],[55.557188,-21.151992],[55.557311,-21.151827],[55.557429,-21.151772],[55.55759,-21.151742],[55.558019,-21.151507],[55.558175,-21.151562],[55.558341,-21.152272],[55.558577,-21.152993],[55.558792,-21.153188],[55.55906,-21.153393],[55.559355,-21.153413],[55.559623,-21.153533],[55.559843,-21.153738],[55.560031,-21.154779],[55.560176,-21.154874],[55.560685,-21.155344],[55.560964,-21.155669],[55.561528,-21.155932],[55.56102,-21.156449],[55.560921,-21.156611],[55.560806,-21.156699],[55.560672,-21.156719],[55.560629,-21.156904],[55.560511,-21.156894],[55.560377,-21.157024],[55.560324,-21.157224],[55.560093,-21.157309],[55.559916,-21.157459],[55.559739,-21.157454],[55.559632,-21.157354],[55.559208,-21.157299],[55.558811,-21.157519],[55.55873,-21.157754],[55.55858,-21.157924],[55.558183,-21.157969],[55.55784,-21.158224],[55.557497,-21.158094],[55.557384,-21.158214],[55.557422,-21.158477],[55.557847,-21.15874],[55.557899,-21.158895],[55.558003,-21.159051],[55.558066,-21.159485],[55.558198,-21.159689],[55.558175,-21.159866],[55.557819,-21.160059],[55.557221,-21.160193],[55.557123,-21.160262],[55.55687,-21.160273],[55.556565,-21.16053],[55.556634,-21.16075],[55.555269,-21.161665],[55.554245,-21.162499],[55.553757,-21.165032],[55.553294,-21.1656],[55.55322,-21.165752],[55.55292,-21.166055],[55.55283,-21.166237],[55.55218,-21.166889],[55.552471,-21.167117],[55.55695,-21.178526],[55.557943,-21.179972],[55.557891,-21.180639],[55.558449,-21.181987],[55.558379,-21.182166],[55.558623,-21.182475],[55.558675,-21.182979],[55.559407,-21.184051],[55.562475,-21.192031],[55.563259,-21.194062],[55.563625,-21.194241],[55.563643,-21.194484],[55.563608,-21.194777],[55.564026,-21.195996],[55.564619,-21.197198],[55.56481,-21.197848],[55.565194,-21.198336],[55.565438,-21.198303],[55.56603,-21.198011],[55.566745,-21.198189],[55.567285,-21.198774],[55.567303,-21.199018],[55.567407,-21.199164],[55.567407,-21.199392],[55.567826,-21.200156],[55.568244,-21.200741],[55.568976,-21.200546],[55.570022,-21.199847],[55.570492,-21.199246],[55.570928,-21.199002],[55.571451,-21.198856],[55.572148,-21.201699],[55.573595,-21.203129],[55.574466,-21.201862],[55.574693,-21.201829],[55.575582,-21.201277],[55.575982,-21.201407],[55.576488,-21.201358],[55.577377,-21.201423],[55.578126,-21.201179],[55.578527,-21.201196],[55.58095,-21.201553],[55.581769,-21.201147],[55.584488,-21.199977],[55.585743,-21.199506],[55.586597,-21.199408],[55.586897,-21.199568],[55.587168,-21.199465],[55.587304,-21.199292],[55.588105,-21.199476],[55.58898,-21.199361],[55.589263,-21.199143],[55.589867,-21.19904],[55.59026,-21.199446],[55.590428,-21.199829],[55.590708,-21.199951],[55.595285,-21.199689],[55.595397,-21.200247],[55.601972,-21.199115],[55.601823,-21.197861],[55.601244,-21.195475],[55.601841,-21.19537],[55.602234,-21.195065],[55.602532,-21.195074],[55.602701,-21.194961],[55.602943,-21.195074],[55.603074,-21.194996],[55.60313,-21.194752],[55.603317,-21.194978],[55.603289,-21.195318],[55.603775,-21.195048],[55.604204,-21.195388],[55.604513,-21.195475],[55.604877,-21.195536],[55.605185,-21.195771],[55.605353,-21.195788],[55.605764,-21.196119],[55.606138,-21.196685],[55.606334,-21.197321],[55.606409,-21.198026],[55.606409,-21.198705],[55.606521,-21.198932],[55.606894,-21.199263],[55.606876,-21.199559],[55.606978,-21.199933],[55.606848,-21.200255],[55.606904,-21.200473],[55.607286,-21.20063],[55.607576,-21.200917],[55.607669,-21.200691],[55.608286,-21.200334],[55.608669,-21.200247],[55.608734,-21.200194],[55.6088,-21.200203],[55.609108,-21.200525],[55.609332,-21.200438],[55.609575,-21.200569],[55.609031,-21.201522],[55.608738,-21.202098],[55.60869,-21.202719],[55.608771,-21.203326],[55.608934,-21.203872],[55.60908,-21.203943],[55.609186,-21.204056],[55.609353,-21.204141],[55.609414,-21.204459],[55.609634,-21.204474],[55.609694,-21.204764],[55.609945,-21.20482],[55.610119,-21.204813],[55.61021,-21.20499],[55.610332,-21.205054],[55.610529,-21.205004],[55.610832,-21.205209],[55.611401,-21.205308],[55.611515,-21.205428],[55.612061,-21.205718],[55.612274,-21.205669],[55.612418,-21.205824],[55.61257,-21.205817],[55.612737,-21.205718],[55.612896,-21.20552],[55.613397,-21.205174],[55.613298,-21.205004],[55.613722,-21.204949],[55.614021,-21.204714],[55.614198,-21.204453],[55.614404,-21.204444],[55.614469,-21.20427],[55.614758,-21.204087],[55.614889,-21.204096],[55.615506,-21.203651],[55.615506,-21.203486],[55.61559,-21.203434],[55.615758,-21.203451],[55.615889,-21.203242],[55.616346,-21.20292],[55.616552,-21.202824],[55.616608,-21.20245],[55.61686,-21.202223],[55.616617,-21.202075],[55.616701,-21.201919],[55.616776,-21.201579],[55.617252,-21.201657],[55.617343,-21.20158],[55.617526,-21.201639],[55.617802,-21.201639],[55.617923,-21.201714],[55.618337,-21.201365],[55.619194,-21.202454],[55.619177,-21.202813],[55.619284,-21.202818],[55.619413,-21.203168],[55.619702,-21.203108],[55.619826,-21.203233],[55.620024,-21.203148],[55.620303,-21.203293],[55.620282,-21.203588],[55.620437,-21.203863],[55.62063,-21.204038],[55.620673,-21.204193],[55.620888,-21.204348],[55.621022,-21.204393],[55.621607,-21.204808],[55.621982,-21.204968],[55.622481,-21.204653],[55.622845,-21.204387],[55.62281,-21.204176],[55.623603,-21.203232],[55.624006,-21.202902],[55.624254,-21.202744],[55.624516,-21.20242],[55.625174,-21.20213],[55.625464,-21.201721],[55.625726,-21.201582],[55.625917,-21.201292],[55.626151,-21.201199],[55.626399,-21.200955],[55.626753,-21.200823],[55.627121,-21.200817],[55.627361,-21.200744],[55.627489,-21.200592],[55.627538,-21.200143],[55.627694,-21.199978],[55.627864,-21.19988],[55.627991,-21.199556],[55.62797,-21.199411],[55.628147,-21.19914],[55.628175,-21.198857],[55.628281,-21.198758],[55.628458,-21.198705],[55.628586,-21.198414],[55.628742,-21.198243],[55.628926,-21.198164],[55.629039,-21.198051],[55.629245,-21.198009],[55.629483,-21.197719],[55.629978,-21.197257],[55.630143,-21.197239],[55.630176,-21.197073],[55.630507,-21.196617],[55.630916,-21.196494],[55.631101,-21.196248],[55.631365,-21.196137],[55.631656,-21.196124],[55.631781,-21.196001],[55.631761,-21.195841],[55.631927,-21.195478],[55.632085,-21.195422],[55.63227,-21.195564],[55.632382,-21.195478],[55.632541,-21.195472],[55.632633,-21.195398],[55.632864,-21.195459],[55.633089,-21.195065],[55.633045,-21.194778],[55.632911,-21.194659],[55.632981,-21.194541],[55.632713,-21.194448],[55.632649,-21.194349],[55.632684,-21.194197],[55.6325,-21.194112],[55.632408,-21.193986],[55.632231,-21.193986],[55.631948,-21.193821],[55.631991,-21.193557],[55.632068,-21.193353],[55.632061,-21.193155],[55.631948,-21.192996],[55.631899,-21.192699],[55.632026,-21.192211],[55.631913,-21.192079],[55.631933,-21.191956],[55.632376,-21.191759],[55.632541,-21.191765],[55.632778,-21.191605],[55.633023,-21.191525],[55.633214,-21.191346],[55.63336,-21.19126],[55.633492,-21.191112],[55.633796,-21.191094],[55.633842,-21.190958],[55.633954,-21.190884],[55.63408,-21.190989],[55.63433,-21.191014],[55.634542,-21.191007],[55.634793,-21.191069],[55.635077,-21.191026],[55.635493,-21.1911],[55.636383,-21.191556],[55.636737,-21.191516],[55.637552,-21.191671],[55.638051,-21.191991],[55.638239,-21.192221],[55.638303,-21.192431],[55.638459,-21.192581],[55.638888,-21.192736],[55.639263,-21.192801],[55.639483,-21.192936],[55.640063,-21.193151],[55.640191,-21.193096],[55.640545,-21.193306],[55.640824,-21.193631],[55.640964,-21.193861],[55.641232,-21.193986],[55.641436,-21.194021],[55.641768,-21.194201],[55.642058,-21.194251],[55.642482,-21.194311],[55.642691,-21.194426],[55.642815,-21.194642],[55.643045,-21.194752],[55.643153,-21.194912],[55.643308,-21.195097],[55.643464,-21.195132],[55.64371,-21.195302],[55.643898,-21.195167],[55.644091,-21.195212],[55.644118,-21.195362],[55.644526,-21.195682],[55.644461,-21.195912],[55.644869,-21.196292],[55.645261,-21.197037],[55.645298,-21.197387],[55.645481,-21.197362],[55.646081,-21.198243],[55.646119,-21.198543],[55.646221,-21.198798],[55.646339,-21.198938],[55.646355,-21.199093],[55.646629,-21.199253],[55.646763,-21.199253],[55.647219,-21.199503],[55.647417,-21.199748],[55.647578,-21.199953],[55.647836,-21.200673],[55.647921,-21.201173],[55.648222,-21.201193],[55.649123,-21.201834],[55.65026,-21.202294],[55.650754,-21.202734],[55.650668,-21.203154],[55.650926,-21.203274],[55.651333,-21.203914],[55.651827,-21.204554],[55.65202,-21.205314],[55.652449,-21.206415],[55.653136,-21.208255],[55.653222,-21.208855],[55.653629,-21.209755],[55.653951,-21.209895],[55.65393,-21.210156],[55.654117,-21.210476],[55.654268,-21.210546],[55.654364,-21.210686],[55.654461,-21.210761],[55.654477,-21.210876],[55.654316,-21.211226],[55.654386,-21.211431],[55.654504,-21.211576],[55.654509,-21.212121],[55.654761,-21.212381],[55.654745,-21.212501],[55.654799,-21.212646],[55.654831,-21.213161],[55.654965,-21.213291],[55.655056,-21.213526],[55.655147,-21.213626],[55.655196,-21.213791],[55.655453,-21.213986],[55.655646,-21.214371],[55.65599,-21.214681],[55.656118,-21.216822],[55.655914,-21.216872],[55.655737,-21.216812],[55.655598,-21.216877],[55.655491,-21.217082],[55.655539,-21.217177],[55.655464,-21.217252],[55.655523,-21.217527],[55.655727,-21.217132],[55.655904,-21.217672],[55.65592,-21.217437],[55.656006,-21.217242],[55.656081,-21.217687],[55.656226,-21.217837],[55.656231,-21.217982],[55.656124,-21.218102],[55.656059,-21.218237],[55.655829,-21.218387],[55.655791,-21.218637],[55.655711,-21.218857],[55.655748,-21.219197],[55.655963,-21.218902],[55.656065,-21.219207],[55.656472,-21.218537],[55.656531,-21.218827],[55.656639,-21.218757],[55.657159,-21.219117],[55.657406,-21.219147],[55.661976,-21.220377],[55.662341,-21.220597],[55.662856,-21.220577],[55.66335,-21.220497],[55.663671,-21.220537],[55.663843,-21.220677],[55.664122,-21.220697],[55.669551,-21.223998],[55.670023,-21.224058],[55.670592,-21.224268],[55.670892,-21.224278],[55.671203,-21.224478],[55.671793,-21.224468],[55.672458,-21.224808],[55.672684,-21.224798],[55.673102,-21.224878],[55.673381,-21.224818],[55.673692,-21.224868],[55.673982,-21.224758],[55.674014,-21.225128],[55.67381,-21.225308],[55.673917,-21.226178],[55.673917,-21.226458],[55.674121,-21.227078],[55.67395,-21.227238],[55.67396,-21.227408],[55.673864,-21.227618],[55.673746,-21.228358],[55.673467,-21.229228],[55.672887,-21.230338],[55.672855,-21.230848],[55.672748,-21.231028],[55.672394,-21.231858],[55.672727,-21.231998],[55.673242,-21.232398],[55.673349,-21.233018],[55.673477,-21.233466],[55.673781,-21.233856],[55.674001,-21.2341],[55.674192,-21.23476],[55.674305,-21.234911],[55.6744,-21.235479],[55.67498,-21.236999],[55.675409,-21.237819],[55.675473,-21.238039],[55.675511,-21.238189],[55.675484,-21.238394],[55.675532,-21.238534],[55.67557,-21.238664],[55.675709,-21.238834],[55.675741,-21.239129],[55.675741,-21.239129],[55.67579,-21.239679],[55.67609,-21.240179],[55.675983,-21.240439],[55.676026,-21.240639],[55.676004,-21.240899],[55.676069,-21.241299],[55.676004,-21.242119],[55.67609,-21.242459],[55.67609,-21.243099],[55.67594,-21.243299],[55.676219,-21.243779],[55.675983,-21.244219],[55.676219,-21.245359],[55.676584,-21.245719],[55.676755,-21.246059],[55.677016,-21.246292],[55.676866,-21.246562],[55.677292,-21.247539],[55.677699,-21.247838],[55.678129,-21.248658],[55.678922,-21.249738],[55.679116,-21.250598],[55.679158,-21.251498],[55.67933,-21.251998],[55.67933,-21.252398],[55.679416,-21.252818],[55.679502,-21.253258],[55.679695,-21.254018],[55.679845,-21.254318],[55.679867,-21.254658],[55.679974,-21.255078],[55.680146,-21.255418],[55.680081,-21.255618],[55.68006,-21.256238],[55.680081,-21.256438],[55.679824,-21.256878],[55.680103,-21.256998],[55.680188,-21.257598],[55.68036,-21.257938],[55.680403,-21.258278],[55.681111,-21.260777],[55.681047,-21.262137],[55.681562,-21.263417],[55.682184,-21.264717],[55.682592,-21.265057],[55.682999,-21.266376],[55.683107,-21.266756],[55.683343,-21.267136],[55.683493,-21.267516],[55.683793,-21.267836],[55.684201,-21.268576],[55.684695,-21.269136],[55.684931,-21.269796],[55.685145,-21.269876],[55.685403,-21.270276],[55.685918,-21.270956],[55.686089,-21.271215],[55.686433,-21.271515],[55.687012,-21.271735],[55.687162,-21.272015],[55.687806,-21.272315],[55.688321,-21.272855],[55.688578,-21.273275],[55.688943,-21.273335],[55.689287,-21.273735],[55.689995,-21.274195],[55.691346,-21.274475],[55.691711,-21.274675],[55.692076,-21.274555],[55.692484,-21.274795],[55.692891,-21.274855],[55.693621,-21.275135],[55.694114,-21.275455],[55.694737,-21.275415],[55.696217,-21.275754],[55.696582,-21.276014],[55.69684,-21.276014],[55.697161,-21.276554],[55.697419,-21.276814],[55.69699,-21.277074],[55.69699,-21.277914],[55.697548,-21.278234],[55.697634,-21.278464],[55.697891,-21.278704],[55.69802,-21.279044],[55.697912,-21.279184],[55.698063,-21.279254],[55.698138,-21.279484],[55.698706,-21.279773],[55.698717,-21.280173],[55.698835,-21.280313],[55.698814,-21.280453],[55.698942,-21.280933],[55.698975,-21.281173],[55.699243,-21.281473],[55.699307,-21.281693],[55.699597,-21.282173],[55.699897,-21.282603],[55.70008,-21.283093],[55.700005,-21.283252],[55.700166,-21.283412],[55.700176,-21.283712],[55.700294,-21.283982],[55.700284,-21.284422],[55.70053,-21.284912],[55.700917,-21.285192],[55.70111,-21.285282],[55.701625,-21.285992],[55.701625,-21.286222],[55.701753,-21.286781],[55.701882,-21.286931],[55.702011,-21.287011],[55.702011,-21.287171],[55.701893,-21.287231],[55.701914,-21.287461],[55.702107,-21.287641],[55.702268,-21.287701],[55.702311,-21.287811],[55.702526,-21.287941],[55.702569,-21.288151],[55.702665,-21.288341],[55.702891,-21.288531],[55.702977,-21.288991],[55.702923,-21.289171],[55.702977,-21.289511],[55.703202,-21.28967],[55.703202,-21.28979],[55.703041,-21.28988],[55.703062,-21.29006],[55.703266,-21.2903],[55.703191,-21.29047],[55.70317,-21.29065],[55.703223,-21.2909],[55.703137,-21.2916],[55.70318,-21.29186],[55.703588,-21.29208],[55.703717,-21.29233],[55.703781,-21.292609],[55.703931,-21.292709],[55.704114,-21.293009],[55.704232,-21.293099],[55.704189,-21.293349],[55.704489,-21.293609],[55.70538,-21.293599],[55.705594,-21.293819],[55.705712,-21.294049],[55.705712,-21.294569],[55.705423,-21.294949],[55.704951,-21.295199],[55.704886,-21.295498],[55.70479,-21.295528],[55.704897,-21.295978],[55.705015,-21.296018],[55.705079,-21.296208],[55.705305,-21.296488],[55.705369,-21.296748],[55.705498,-21.297068],[55.705648,-21.297128],[55.705659,-21.297298],[55.705852,-21.297458],[55.705895,-21.297748],[55.705884,-21.297888],[55.705981,-21.298077],[55.706131,-21.298087],[55.706302,-21.298237],[55.706174,-21.298407],[55.706367,-21.298547],[55.706528,-21.298577],[55.706571,-21.298747],[55.706474,-21.298977],[55.706581,-21.299087],[55.70641,-21.299317],[55.706367,-21.299647],[55.706184,-21.299727],[55.706142,-21.299907],[55.70627,-21.300077],[55.70612,-21.300137],[55.706013,-21.300257],[55.705787,-21.300377],[55.705659,-21.300606],[55.705734,-21.300736],[55.705659,-21.300976],[55.705423,-21.301016],[55.705176,-21.301226],[55.70494,-21.301346],[55.705004,-21.301466],[55.704822,-21.301556],[55.705047,-21.301696],[55.705101,-21.301876],[55.705562,-21.302436],[55.70553,-21.302865],[55.705659,-21.303085],[55.705712,-21.303455],[55.705927,-21.303705],[55.706002,-21.303935],[55.706045,-21.304185],[55.706249,-21.304785],[55.706442,-21.305324],[55.706442,-21.305614],[55.706356,-21.305794],[55.706538,-21.306114],[55.706635,-21.306184],[55.706796,-21.306554],[55.706914,-21.306944],[55.707,-21.306944],[55.707107,-21.307074],[55.707193,-21.307164],[55.707461,-21.307743],[55.70745,-21.308093],[55.708019,-21.309003],[55.708083,-21.309393],[55.708609,-21.309982],[55.708716,-21.310152],[55.708856,-21.310272],[55.708877,-21.310562],[55.709049,-21.310852],[55.708899,-21.311052],[55.708995,-21.311302],[55.708856,-21.311552],[55.708684,-21.311652],[55.708641,-21.311741],[55.708437,-21.311791],[55.708255,-21.311911],[55.707901,-21.312471],[55.707944,-21.312641],[55.70788,-21.312701],[55.707901,-21.312881],[55.70774,-21.312961],[55.707665,-21.313281],[55.707558,-21.313371],[55.707526,-21.313521],[55.70744,-21.313561],[55.707247,-21.31401],[55.70685,-21.31445],[55.70685,-21.31445],[55.706769,-21.314518],[55.706694,-21.314513],[55.706614,-21.314703],[55.70642,-21.314872],[55.706356,-21.315012],[55.706351,-21.315157],[55.706238,-21.315217],[55.706174,-21.315467],[55.706179,-21.315652],[55.706136,-21.315732],[55.706168,-21.316557],[55.706222,-21.316617],[55.706131,-21.316856],[55.706179,-21.316971],[55.706099,-21.317146],[55.706158,-21.317231],[55.706083,-21.317726],[55.706109,-21.317891],[55.706249,-21.318061],[55.706453,-21.318196],[55.706581,-21.31885],[55.706485,-21.319135],[55.706506,-21.31939],[55.706367,-21.31946],[55.706163,-21.31995],[55.70605,-21.320055],[55.70604,-21.320265],[55.705745,-21.320529],[55.705503,-21.321039],[55.705315,-21.321149],[55.705337,-21.321249],[55.705256,-21.321334],[55.705256,-21.321739],[55.705079,-21.322508],[55.704988,-21.322533],[55.704951,-21.322743],[55.704859,-21.322793],[55.704827,-21.322933],[55.704843,-21.323058],[55.704661,-21.323133],[55.704591,-21.323323],[55.704656,-21.323473],[55.70458,-21.324087],[55.704468,-21.324592],[55.704468,-21.325192],[55.704328,-21.325502],[55.704205,-21.325627],[55.704023,-21.325891],[55.703722,-21.326091],[55.703084,-21.327086],[55.702955,-21.327476],[55.703137,-21.327905],[55.703036,-21.328685],[55.703132,-21.32893],[55.703304,-21.329095],[55.703438,-21.329714],[55.703599,-21.330009],[55.704049,-21.330429],[55.704157,-21.330774],[55.70443,-21.331188],[55.704586,-21.331583],[55.70479,-21.332233],[55.705219,-21.332752],[55.705423,-21.333117],[55.705498,-21.333537],[55.705535,-21.333927],[55.705594,-21.334076],[55.705745,-21.334286],[55.706201,-21.335341],[55.706335,-21.33586],[55.706442,-21.335975],[55.706378,-21.336105],[55.706431,-21.33662],[55.706587,-21.336875],[55.706673,-21.337449],[55.706581,-21.337639],[55.706276,-21.337804],[55.706056,-21.338683],[55.706206,-21.339203],[55.706142,-21.339258],[55.706329,-21.339663],[55.706093,-21.339688],[55.705875,-21.339594],[55.705777,-21.339665],[55.705511,-21.339467],[55.705013,-21.339319],[55.704589,-21.339099],[55.703731,-21.338445],[55.703596,-21.33844],[55.703532,-21.33861],[55.703414,-21.33889],[55.702899,-21.339489],[55.702427,-21.339894],[55.702202,-21.340024],[55.702137,-21.340239],[55.70195,-21.340074],[55.701901,-21.339824],[55.701751,-21.339744],[55.701392,-21.339729],[55.701386,-21.339884],[55.701193,-21.340154],[55.700936,-21.340324],[55.700784,-21.340699],[55.700658,-21.341203],[55.700652,-21.342022],[55.700692,-21.342445],[55.700824,-21.342691],[55.701049,-21.343382],[55.7011,-21.343746],[55.70125,-21.343966],[55.701497,-21.344062],[55.701543,-21.344753],[55.701664,-21.344892],[55.701716,-21.345016],[55.701934,-21.345289],[55.701957,-21.345423],[55.70225,-21.345755],[55.702234,-21.3459],[55.702314,-21.34612],[55.702679,-21.346195],[55.702947,-21.346719],[55.703006,-21.346749],[55.703071,-21.346864],[55.703044,-21.348143],[55.702996,-21.348853],[55.703049,-21.348967],[55.702969,-21.349047],[55.702963,-21.349902],[55.703033,-21.350047],[55.703001,-21.350122],[55.703049,-21.350302],[55.702937,-21.350312],[55.702878,-21.350711],[55.702915,-21.350876],[55.702808,-21.351061],[55.70284,-21.351121],[55.702717,-21.351206],[55.702786,-21.351621],[55.702803,-21.352025],[55.702942,-21.35226],[55.703183,-21.35252],[55.703151,-21.35277],[55.70291,-21.353129],[55.70291,-21.353239],[55.70314,-21.353439],[55.703178,-21.353559],[55.703323,-21.353649],[55.703473,-21.353649],[55.703548,-21.353744],[55.70358,-21.353859],[55.703666,-21.353849],[55.703838,-21.353884],[55.703724,-21.35429],[55.703838,-21.354562],[55.703773,-21.354752],[55.704033,-21.355244],[55.704049,-21.35538],[55.704196,-21.355471],[55.704204,-21.355797],[55.703912,-21.355979],[55.703781,-21.356458],[55.703676,-21.35662],[55.70365,-21.356993],[55.703389,-21.357464],[55.703432,-21.357724],[55.703354,-21.357943],[55.702962,-21.358049],[55.70277,-21.358211],[55.702814,-21.3583],[55.703153,-21.358243],[55.703371,-21.358381],[55.703711,-21.358398],[55.703851,-21.358308],[55.703886,-21.358154],[55.704103,-21.358097],[55.704304,-21.358122],[55.704426,-21.358186],[55.704975,-21.35804],[55.705811,-21.357724],[55.705911,-21.357864],[55.706334,-21.358758],[55.706586,-21.359068],[55.706643,-21.359204],[55.706724,-21.359326],[55.706732,-21.359469],[55.707082,-21.359931],[55.707415,-21.360166],[55.707594,-21.360431],[55.70818,-21.360325],[55.708269,-21.360424],[55.709318,-21.36053],[55.709497,-21.361014],[55.709717,-21.361029],[55.709879,-21.360999],[55.710139,-21.361188],[55.710765,-21.361113],[55.711066,-21.361234],[55.71131,-21.361067],[55.711335,-21.360969],[55.711701,-21.360689],[55.712384,-21.360666],[55.712839,-21.36053],[55.712912,-21.361007],[55.713359,-21.362847],[55.714753,-21.368437],[55.714509,-21.36868],[55.715746,-21.369582],[55.71619,-21.369731],[55.716683,-21.370374],[55.717632,-21.37073],[55.717878,-21.370799]]],"type":"MultiLineString"},"properties":{"geo_point":{"lon":55.50512397100148,"lat":-21.10858368737773},"name":"GRR2 De St Denis à Le Baril (St Philippe) (Ile de la Réunion) (2020)","code_gr":"GRR2"}}]}